t_ms,ax,ay,az,gx,gy,gz,temp,ang_deg
12,-8.939585,-4.211368,3.732205,0.253509,-0.094226,0.397062,30.92,69.309392018824
22,-8.967103,-4.171288,3.836293,0.249691,-0.130572,0.335518,30.92,68.7985706460339
32,-8.899506,-4.080361,3.903292,0.244041,-0.163712,0.210596,30.94,68.2633976293403
42,-8.815757,-4.025924,3.97747,0.22037,-0.207541,0.15516,30.93,67.6864063820669
52,-8.703893,-3.985246,4.055834,0.20296,-0.214414,0.108581,30.93,67.0386069646718
62,-8.595617,-3.957131,4.135396,0.18326,-0.207847,0.072693,30.94,66.393772134994
72,-8.461619,-3.897908,4.217948,0.160658,-0.186467,0.049327,30.94,65.6412999967471
82,-8.3348,-3.859025,4.283751,0.137597,-0.156534,0.039095,30.93,64.9959116829251
92,-8.209774,-3.817749,4.325027,0.115148,-0.119882,0.040012,30.93,64.4666408498325
102,-8.093124,-3.789633,4.364508,0.096669,-0.077122,0.052382,30.92,63.969374028908
112,-7.986644,-3.759125,4.385446,0.08094,-0.030696,0.076664,30.92,63.5810426681825
122,-7.899306,-3.725625,4.389633,0.071013,0.017104,0.11133,30.92,63.3157742364928
132,-7.816754,-3.683152,4.386642,0.067806,0.064752,0.155618,30.92,63.0852279399092
142,-7.750352,-3.651447,4.370491,0.07086,0.11301,0.207389,30.95,62.9725977401489
152,-7.697112,-3.614957,4.344768,0.07926,0.158978,0.264963,30.95,62.9363801998193
162,-7.676175,-3.580261,4.313661,0.093921,0.201891,0.326966,30.98,63.0110132994097
172,-7.692327,-3.535396,4.290929,0.114843,0.240986,0.389427,30.98,63.1218083088389
182,-7.715058,-3.501298,4.246064,0.139125,0.275348,0.452651,30.92,63.3815517327028
192,-7.759326,-3.461218,4.221537,0.166919,0.305585,0.513738,30.92,63.5787118114149
202,-7.941778,-3.375077,4.151547,0.196393,0.329104,0.567494,30.92,64.3075665131627
212,-8.070992,-3.332005,4.122834,0.252593,0.359036,0.651488,30.92,64.7248777468584
222,-8.207382,-3.293122,4.088138,0.276875,0.364687,0.677908,30.9,65.1897911817715
232,-8.344969,-3.25364,4.059424,0.29856,0.36545,0.691194,30.96,65.6189487176113
242,-8.48136,-3.202195,4.031906,0.313985,0.359494,0.690125,30.96,66.0233096275378
252,-8.628518,-3.171088,4.00738,0.323759,0.348957,0.675006,30.92,66.4463079795872
262,-8.764312,-3.118446,3.987041,0.328187,0.332311,0.644157,30.92,66.8002446371509
272,-8.891729,-3.093322,3.980461,0.324675,0.313068,0.600022,30.91,67.0811513112755
282,-8.995218,-3.059224,3.971487,0.314901,0.290466,0.542907,30.91,67.3151470481021
292,-9.123833,-3.03051,3.972086,0.297491,0.265115,0.470824,30.92,67.5516439627486
302,-9.214162,-3.013162,3.971487,0.274126,0.23839,0.387747,30.92,67.7224930448652
312,-9.311669,-2.991627,3.969693,0.242972,0.210749,0.293979,30.86,67.9087105650269
322,-9.374481,-2.976671,3.973282,0.20632,0.180205,0.189521,30.86,68.0030468081352
332,-9.410373,-2.955734,3.970291,0.164323,0.151189,0.078343,30.94,68.0743445947615
342,-9.430713,-2.944368,3.972684,0.119119,0.121257,-0.036499,30.94,68.0945744029418
352,-9.429516,-2.951547,3.962514,0.069944,0.092699,-0.154549,30.92,68.1473655344274
362,-9.391232,-2.949154,3.965506,0.020617,0.063377,-0.270308,30.92,68.0575198929645
372,-9.342177,-2.968297,3.931407,-0.030238,0.035736,-0.381791,30.9,68.1459701843471
382,-9.171092,-2.99043,3.914658,-0.081398,-0.015882,-0.577268,30.9,67.9117728388737
392,-9.049655,-3.02393,3.899105,-0.175776,-0.037568,-0.656375,30.92,67.772789842242
402,-8.916854,-3.044867,3.858427,-0.216857,-0.057269,-0.718072,30.92,67.7311251091746
412,-8.775677,-3.090331,3.841677,-0.253356,-0.075289,-0.764651,30.92,67.5637722447344
422,-8.657831,-3.132803,3.811767,-0.283289,-0.090255,-0.794583,30.9,67.5105136420309
432,-8.509476,-3.180061,3.781258,-0.306043,-0.103542,-0.807564,30.9,67.4008537918367
442,-8.374879,-3.227319,3.75733,-0.322231,-0.112552,-0.805273,30.89,67.2841199083474
452,-8.260024,-3.276373,3.732804,-0.331547,-0.119424,-0.785725,30.89,67.2140552868737
462,-8.132008,-3.326622,3.720241,-0.333838,-0.125533,-0.75396,30.92,67.0511154531861
472,-8.029117,-3.374478,3.707679,-0.328493,-0.127213,-0.708451,30.92,66.9400822314704
482,-7.945966,-3.434897,3.702893,-0.317955,-0.125227,-0.653473,30.93,66.8410250383353
492,-7.884351,-3.478566,3.702893,-0.301767,-0.118813,-0.588721,30.93,66.7473603002325
502,-7.843673,-3.530011,3.687938,-0.280082,-0.112246,-0.517556,30.91,66.7922868120206
512,-7.82453,-3.589832,3.690929,-0.253356,-0.104458,-0.441197,30.91,66.7931164094535
522,-7.828718,-3.638885,3.696313,-0.222508,-0.096669,-0.362854,30.91,66.8215097661856
532,-7.849056,-3.681956,3.7005,-0.188299,-0.090255,-0.286038,30.91,66.8857973653047
542,-7.905886,-3.71725,3.699304,-0.151036,-0.085674,-0.210749,30.95,67.0499651177042
552,-8.054241,-3.801597,3.702893,-0.112705,-0.083536,-0.076816,30.95,67.4244566189892
562,-8.140981,-3.827918,3.707679,-0.03207,-0.08995,-0.023366,30.92,67.6011778949203
572,-8.233703,-3.862614,3.722634,0.006872,-0.099266,0.021075,30.9,67.739789691014
582,-8.330612,-3.88056,3.741776,0.044288,-0.111636,0.055131,30.9,67.8461496067871
592,-8.425129,-3.910471,3.77408,0.07926,-0.127213,0.07758,30.93,67.8870415681983
602,-8.506484,-3.93739,3.803392,0.109498,-0.145844,0.089339,30.93,67.9147420234631
612,-8.58126,-3.958925,3.854837,0.134085,-0.162032,0.091019,30.96,67.8094724402318
622,-8.632108,-3.972086,3.896712,0.153022,-0.176845,0.083994,30.96,67.7020728873054
632,-8.679366,-3.993023,3.944568,0.166766,-0.189063,0.067501,30.96,67.5653328884178
642,-8.700304,-3.99721,4.007978,0.173638,-0.196393,0.044746,30.96,67.2855589400998
652,-8.722438,-4.008576,4.049852,0.175166,-0.198989,0.015119,30.91,67.1259275084814
662,-8.71466,-4.010969,4.095316,0.171653,-0.197768,-0.016799,30.91,66.8828847079735
672,-8.706285,-4.027121,4.144967,0.161574,-0.191812,-0.051771,30.9,66.6307054484668
682,-8.673384,-4.028915,4.180261,0.147982,-0.182038,-0.085979,30.9,66.3894936704467
692,-8.645268,-4.033103,4.216752,0.130267,-0.169057,-0.120951,30.92,66.1536251138772
702,-8.593822,-4.038486,4.247859,0.109039,-0.152564,-0.152716,30.92,65.8982454672769
712,-8.526823,-4.059424,4.279563,0.085674,-0.13271,-0.180511,30.92,65.621847583253
722,-8.406584,-4.070191,4.301099,0.061239,-0.110719,-0.203113,30.92,65.2739711256695
732,-8.334201,-4.075575,4.31067,0.012065,-0.057421,-0.22938,30.94,65.0783196358969
742,-8.263015,-4.085146,4.320241,-0.01069,-0.028253,-0.231823,30.91,64.8879774279574
752,-8.199007,-4.096512,4.303492,-0.031765,0.001527,-0.228616,30.91,64.8482946089932
762,-8.138588,-4.106084,4.295715,-0.050244,0.032223,-0.215941,30.93,64.7682174584483
772,-8.085946,-4.113262,4.281956,-0.065973,0.063377,-0.197462,30.93,64.7328694562516
782,-8.031509,-4.111467,4.253242,-0.07758,0.095295,-0.171195,30.93,64.7611402649714
792,-7.989037,-4.110869,4.234099,-0.085368,0.125533,-0.141568,30.93,64.767413617821
802,-7.977072,-4.110869,4.207779,-0.087659,0.154549,-0.104153,30.89,64.8788312786703
812,-7.954341,-4.104887,4.175476,-0.085216,0.182191,-0.064599,30.89,64.991988093273
822,-7.93819,-4.101896,4.142574,-0.078343,0.208458,-0.022297,30.94,65.1267824127226
832,-7.941778,-4.092325,4.119842,-0.067348,0.231365,0.023824,30.94,65.243947717629
842,-7.960323,-4.071986,4.098905,-0.052687,0.251676,0.070097,30.9,65.3722815750717
852,-7.970493,-4.070191,4.070191,-0.034667,0.269392,0.115606,30.9,65.5444041863305
862,-7.999804,-4.025326,4.053442,-0.013286,0.284969,0.160505,30.93,65.6474060670938
872,-8.044072,-4.014558,4.028915,0.009468,0.298255,0.203418,30.93,65.8607017543829
882,-8.093722,-3.976273,4.005585,0.032834,0.307112,0.242361,30.92,66.0496400820428
892,-8.215756,-3.923033,3.969095,0.056352,0.313068,0.277486,30.92,66.4448771444149
902,-8.28156,-3.887738,3.949354,0.07926,0.315206,0.330631,30.94,66.6508843322777
912,-8.355139,-3.856034,3.924229,0.120493,0.310472,0.347277,30.91,66.9040521468621
922,-8.425727,-3.818347,3.885346,0.137903,0.301767,0.357814,30.91,67.2169856858076
932,-8.490931,-3.786642,3.847061,0.154549,0.288328,0.361479,30.92,67.5204679804475
942,-8.559127,-3.745964,3.800999,0.169973,0.269239,0.358883,30.92,67.8620198224393
952,-8.624928,-3.70409,3.759125,0.184023,0.245262,0.350789,30.91,68.1751518274325
962,-8.679964,-3.689135,3.719045,0.196851,0.215788,0.336281,30.91,68.4794200224312
972,-8.723633,-3.641876,3.662813,0.208763,0.180053,0.316581,30.91,68.8204626404821
982,-8.766705,-3.619742,3.633501,0.220828,0.140499,0.29291,30.91,69.0384244089754
992,-8.783454,-3.578466,3.610171,0.23106,0.096211,0.265726,30.89,69.1610882195323
1002,-8.788837,-3.539583,3.586243,0.239917,0.051465,0.237779,30.89,69.2682301721052
1012,-8.770293,-3.519244,3.568895,0.247553,0.004887,0.209374,30.93,69.3104779108562
1022,-8.755338,-3.486941,3.565904,0.253051,-0.04047,0.182649,30.93,69.2744015565555
1032,-8.71825,-3.444468,3.571886,0.255189,-0.083536,0.157451,30.91,69.1411069593159
1042,-8.684152,-3.424129,3.589234,0.254884,-0.123547,0.134696,30.91,68.9683032888982
1052,-8.639286,-3.392424,3.61735,0.250607,-0.157603,0.117133,30.92,68.7072152164532
1062,-8.604589,-3.359523,3.709473,0.24175,-0.185856,0.103847,30.92,68.1205416914045
1072,-8.532208,-3.309274,3.741776,0.230143,-0.207847,0.085674,30.96,67.7617978764697
1082,-8.501699,-3.288934,3.796213,0.19563,-0.232587,0.080481,30.92,67.3908204140231
1092,-8.486146,-3.260819,3.842275,0.175166,-0.235794,0.077122,30.92,67.0890090486805
1102,-8.444869,-3.250051,3.898506,0.151189,-0.234267,0.074373,30.9,66.6918395157933
1112,-8.426325,-3.227918,3.949952,0.125686,-0.226784,0.071929,30.9,66.358906303352
1122,-8.42453,-3.218945,4.004987,0.099571,-0.214566,0.07086,30.94,66.05480358784
1132,-8.41137,-3.204588,4.05404,0.073609,-0.198073,0.067653,30.94,65.7535884587984
1142,-8.407183,-3.202793,4.099504,0.048106,-0.177304,0.063988,30.94,65.5025191531482
1152,-8.389835,-3.198606,4.14078,0.023518,-0.154702,0.057574,30.94,65.2423358802552
1162,-8.389835,-3.187838,4.165905,0.00168,-0.12874,0.052382,30.89,65.1009328267213
1172,-8.39821,-3.190829,4.198806,-0.019242,-0.102014,0.043677,30.89,64.9501378747876
1182,-8.400601,-3.198008,4.217948,-0.035736,-0.073762,0.033903,30.95,64.8617649166634
1192,-8.409575,-3.190231,4.233501,-0.049786,-0.045204,0.02306,30.95,64.7943880559992
1202,-8.410173,-3.20698,4.245465,-0.061087,-0.016952,0.010537,30.92,64.748035412152
1212,-8.432307,-3.215954,4.249055,-0.068264,0.012217,-0.005192,30.92,64.7878969712584
1222,-8.455039,-3.231507,4.249055,-0.072846,0.040012,-0.020617,30.91,64.8532725076299
1232,-8.476574,-3.242275,4.233501,-0.074373,0.066279,-0.038026,30.91,64.9920818191993
1242,-8.497512,-3.275774,4.216154,-0.073457,0.090408,-0.076205,30.93,65.1579943644561
1252,-8.508877,-3.311667,4.197011,-0.063225,0.1321,-0.095753,30.89,65.3134812705576
1262,-8.52443,-3.313461,4.173083,-0.056352,0.148898,-0.116064,30.89,65.473446577303
1272,-8.550154,-3.346961,4.141378,-0.048258,0.162337,-0.136681,30.93,65.7228557980493
1282,-8.560921,-3.385246,4.111467,-0.03879,0.172722,-0.156229,30.93,65.9339632886954
1292,-8.579466,-3.400201,4.083352,-0.029932,0.178984,-0.174249,30.92,66.1323780832935
1302,-8.600404,-3.431308,4.071388,-0.020006,0.180053,-0.192881,30.92,66.2652869457668
1312,-8.618947,-3.470789,4.038486,-0.011759,0.177609,-0.211818,30.93,66.5082380487838
1322,-8.633304,-3.485744,4.018147,-0.00504,0.172722,-0.230296,30.93,66.6562183193038
1332,-8.645866,-3.509673,4.009174,-0.000611,0.164017,-0.24908,30.91,66.748800440684
1342,-8.663813,-3.552145,3.997808,0.000916,0.153938,-0.267864,30.91,66.8801240413614
1352,-8.675179,-3.565904,3.994817,-0.000611,0.141721,-0.287107,30.89,66.9303177692671
1362,-8.688937,-3.602993,4.006183,-0.004581,0.129045,-0.306807,30.89,66.9307220461824
1372,-8.684152,-3.629912,3.988237,-0.012828,0.11637,-0.325744,30.91,67.0362859604672
1382,-8.665009,-3.65384,3.993621,-0.022907,0.105069,-0.34407,30.91,66.9901325683549
1392,-8.642278,-3.690331,3.996014,-0.035736,0.095295,-0.359952,30.91,66.9631436484541
1402,-8.618947,-3.725027,3.979264,-0.049786,0.086437,-0.374002,30.91,67.0327264112723
1412,-8.547761,-3.767499,3.969095,-0.065363,0.079565,-0.384082,30.93,66.9792912989348
1422,-8.498708,-3.796811,3.949354,-0.0956,0.069791,-0.395077,30.93,67.0092343526851
1432,-8.459825,-3.829114,3.931407,-0.108734,0.067042,-0.393397,30.9,67.0538081872311
1442,-8.42453,-3.854239,3.91406,-0.120951,0.064599,-0.388052,30.87,67.0965753356932
1452,-8.391031,-3.884748,3.886542,-0.131031,0.062461,-0.376751,30.87,67.2020787483648
1462,-8.349755,-3.903292,3.860221,-0.138514,0.059559,-0.362396,30.95,67.2754377983083
1472,-8.328817,-3.934997,3.822534,-0.142484,0.056505,-0.341474,30.95,67.4630141078425
1482,-8.286943,-3.960122,3.798008,-0.143401,0.05284,-0.317344,30.93,67.5338621690576
1492,-8.256434,-3.991827,3.777071,-0.140499,0.0478,-0.290008,30.93,67.6152526589648
1502,-8.233105,-3.993621,3.745365,-0.134238,0.041844,-0.259618,30.9,67.7405291737815
1512,-8.213962,-4.023531,3.725027,-0.124464,0.034514,-0.225562,30.9,67.8407138307729
1522,-8.204989,-4.044468,3.69392,-0.109803,0.026878,-0.189979,30.91,68.0106187329686
1532,-8.186445,-4.041477,3.67059,-0.092852,0.018479,-0.151342,30.91,68.0974379895266
1542,-8.182258,-4.046861,3.657429,-0.071777,0.010843,-0.111025,30.93,68.1656101009424
1552,-8.195418,-4.04746,3.641278,-0.049022,0.000916,-0.07086,30.93,68.2790428168321
1562,-8.190632,-4.057629,3.624528,-0.023366,-0.009468,-0.029932,30.96,68.3701847566263
1572,-8.202596,-4.048058,3.613162,0.003512,-0.021991,0.008705,30.96,68.4456587292613
1582,-8.209774,-4.026522,3.602993,0.032223,-0.034819,0.047953,30.93,68.4942280509163
1592,-8.263614,-4.010969,3.603591,0.060628,-0.066126,0.118661,30.93,68.5794829593912
1602,-8.277969,-3.989433,3.620341,0.118966,-0.082314,0.150426,30.93,68.4965382173531
1612,-8.309675,-3.970889,3.628716,0.146455,-0.099266,0.178831,30.93,68.4950621422368
1622,-8.333005,-3.946362,3.66042,0.171042,-0.116064,0.203724,30.93,68.3469951144824
1632,-8.35155,-3.921836,3.68734,0.193797,-0.130878,0.224188,30.91,68.2161470144508
1642,-8.376674,-3.899105,3.716054,0.212276,-0.14615,0.239459,30.91,68.09078421534
1652,-8.414959,-3.872783,3.745964,0.226936,-0.158672,0.251524,30.91,67.9823465158918
1662,-8.432905,-3.832105,3.795615,0.238543,-0.168293,0.258854,30.91,67.7176026405016
1672,-8.455039,-3.804588,3.847659,0.244804,-0.176235,0.262061,30.92,67.4618408255223
1682,-8.472985,-3.77049,3.899703,0.246942,-0.180205,0.261603,30.92,67.1934382091065
1692,-8.48136,-3.74058,3.945167,0.245721,-0.181274,0.257938,30.92,66.9452548054889
1702,-8.496913,-3.711268,3.989433,0.240375,-0.178831,0.252135,30.92,66.7195271908856
1712,-8.508279,-3.675974,4.044468,0.231976,-0.172264,0.243277,30.9,66.4249466500649
1722,-8.496913,-3.646064,4.098307,0.219606,-0.163101,0.231823,30.9,66.0949410809482
1732,-8.505887,-3.627519,4.142574,0.204793,-0.149051,0.218995,30.93,65.8682934120508
1742,-8.502296,-3.598805,4.185047,0.187841,-0.132405,0.206167,30.93,65.6156203471499
1752,-8.495717,-3.582056,4.253242,0.169362,-0.112246,0.192881,30.96,65.2358283769886
1762,-8.459825,-3.540779,4.28734,0.150884,-0.088575,0.167224,30.96,64.944242493499
1772,-8.432905,-3.52702,4.292724,0.112857,-0.034056,0.157298,30.92,64.8441390041724
1782,-8.413164,-3.506083,4.308876,0.096059,-0.003207,0.149051,30.95,64.6975551435276
1792,-8.377273,-3.502494,4.318447,0.080787,0.028711,0.142179,30.95,64.5642132481618
1802,-8.364112,-3.480361,4.321437,0.067042,0.062156,0.13943,30.89,64.4981301037467
1812,-8.338388,-3.474378,4.308876,0.0562,0.096364,0.136528,30.89,64.4988326986263
1822,-8.344371,-3.463012,4.293322,0.048717,0.129198,0.136834,30.91,64.582108082493
1832,-8.32463,-3.458227,4.268795,0.043677,0.161268,0.138208,30.91,64.6598875062949
1842,-8.327621,-3.444468,4.24726,0.040623,0.191354,0.139735,30.91,64.7656536722474
1852,-8.35454,-3.440281,4.220341,0.04047,0.219148,0.141873,30.91,64.9625964707972
1862,-8.35454,-3.437888,4.194618,0.041081,0.24343,0.142179,30.92,65.0944408606592
1872,-8.386844,-3.416353,4.162913,0.04444,0.264505,0.141873,30.92,65.3123698513429
1882,-8.418548,-3.424727,4.121039,0.047953,0.280234,0.137445,30.94,65.6088066413838
1892,-8.46461,-3.401397,4.1007,0.052382,0.291994,0.131489,30.94,65.7952572732446
1902,-8.504092,-3.393621,4.057629,0.056658,0.298408,0.121562,30.89,66.0991960453834
1912,-8.542974,-3.397808,4.021138,0.059407,0.30024,0.107818,30.89,66.3768276572549
1922,-8.576474,-3.393621,3.979264,0.061392,0.297033,0.090408,30.91,66.6632969457407
1932,-8.657232,-3.391228,3.930809,0.06185,0.28955,0.071013,30.91,67.0828134644701
1942,-8.688937,-3.382255,3.888935,0.056658,0.262214,0.02138,30.88,67.3595696586548
1952,-8.711669,-3.377469,3.869792,0.050396,0.242208,-0.008858,30.89,67.5020985223892
1962,-8.749954,-3.382255,3.837489,0.042761,0.218384,-0.040012,30.89,67.7517778885248
1972,-8.773883,-3.368496,3.811168,0.033903,0.192117,-0.072998,30.93,67.9265931866151
1982,-8.785847,-3.375674,3.775276,0.02306,0.162185,-0.106291,30.93,68.143695147117
1992,-8.782258,-3.387639,3.771089,0.01069,0.130878,-0.139735,30.92,68.1676494140303
2002,-8.784651,-3.386442,3.738786,-0.003054,0.096517,-0.17318,30.92,68.3410433432882
2012,-8.772686,-3.395415,3.73041,-0.016188,0.062766,-0.203113,30.95,68.3685517918094
2022,-8.749356,-3.396013,3.713661,-0.031307,0.026878,-0.231671,30.95,68.4118649597911
2032,-8.720044,-3.397808,3.717848,-0.045662,-0.007178,-0.257022,30.96,68.3338853967182
2042,-8.698509,-3.407978,3.71067,-0.059254,-0.041386,-0.27886,30.96,68.3374869581989
2052,-8.665607,-3.418745,3.702893,-0.072998,-0.073915,-0.296117,30.94,68.3225051861291
2062,-8.629116,-3.42054,3.711268,-0.084452,-0.104153,-0.30864,30.94,68.2074554242193
2072,-8.589635,-3.448057,3.715455,-0.094531,-0.133627,-0.316734,30.95,68.1286571867062
2082,-8.544769,-3.464807,3.717848,-0.101862,-0.161268,-0.320093,30.95,68.0399869483219
2092,-8.511868,-3.482754,3.720839,-0.107207,-0.184023,-0.318872,30.94,67.9727816737143
2102,-8.472985,-3.515056,3.760919,-0.109956,-0.205251,-0.31261,30.94,67.7068078117356
2112,-8.391629,-3.539583,3.774678,-0.109956,-0.236252,-0.289245,30.91,67.4882240945177
2122,-8.361719,-3.551547,3.783651,-0.098807,-0.245262,-0.27153,30.93,67.3889593379832
2132,-8.323434,-3.580859,3.817749,-0.089644,-0.251371,-0.252898,30.93,67.1524780208236
2142,-8.303095,-3.604787,3.853043,-0.077885,-0.253356,-0.229991,30.91,66.9422972815962
2152,-8.268997,-3.622734,3.86381,-0.063377,-0.252593,-0.20632,30.91,66.8294655226333
2162,-8.239684,-3.638287,3.886542,-0.046884,-0.247706,-0.1799,30.89,66.6601334360417
2172,-8.24148,-3.662813,3.918247,-0.028863,-0.240528,-0.151953,30.89,66.5172344942445
2182,-8.218149,-3.683152,3.945765,-0.010079,-0.230754,-0.123089,30.93,66.3399339988196
2192,-8.212168,-3.696313,3.964309,0.009468,-0.216857,-0.095753,30.93,66.2408804848745
2202,-8.217552,-3.715455,3.988835,0.028558,-0.200975,-0.068875,30.9,66.140371104695
2212,-8.209774,-3.724428,4.017549,0.047189,-0.182496,-0.041233,30.9,65.9799818291113
2222,-8.227122,-3.736392,4.046263,0.066279,-0.16249,-0.017868,30.88,65.8770598788692
2232,-8.238488,-3.748955,4.067799,0.082161,-0.140346,0.00504,30.88,65.8002590666128
2242,-8.247462,-3.768098,4.080959,0.096211,-0.117744,0.02474,30.93,65.7691384946687
2252,-8.279764,-3.769892,4.105485,0.10965,-0.094379,0.041997,30.93,65.7117463558087
2262,-8.292925,-3.768098,4.127619,0.12034,-0.071471,0.054978,30.91,65.6226397126991
2272,-8.318049,-3.780062,4.142574,0.12706,-0.048258,0.063988,30.91,65.6104286746843
2282,-8.359326,-3.786044,4.159923,0.131336,-0.025962,0.077274,30.89,65.6146478906651
2292,-8.374879,-3.780062,4.178466,0.133321,0.014508,0.078649,30.87,65.5462195544209
2302,-8.39821,-3.792026,4.173083,0.129503,0.033445,0.078954,30.87,65.6353763010315
2312,-8.400601,-3.777669,4.190431,0.124158,0.05116,0.076205,30.94,65.5372142222249
2322,-8.422735,-3.778267,4.191029,0.114995,0.068875,0.071777,30.94,65.5819643028956
2332,-8.438289,-3.774678,4.192225,0.105527,0.085521,0.064904,30.9,65.6055169534673
2342,-8.443074,-3.776472,4.198207,0.093004,0.101709,0.057574,30.9,65.5866689141986
2352,-8.461619,-3.769294,4.198806,0.080023,0.116981,0.048411,30.9,65.6162147610543
2362,-8.484351,-3.768696,4.204788,0.06521,0.131947,0.037415,30.9,65.6332266473
2372,-8.483154,-3.760321,4.20718,0.049175,0.146608,0.025962,30.89,65.610553403778
2382,-8.490931,-3.760919,4.205984,0.032529,0.160658,0.012065,30.89,65.6337388594355
2392,-8.495717,-3.743571,4.215555,0.016188,0.174249,-0.000916,30.94,65.5786434126687
2402,-8.501101,-3.744169,4.201797,-0.000458,0.188452,-0.014355,30.94,65.6610520689826
2412,-8.507681,-3.743571,4.200002,-0.016646,0.202044,-0.027642,30.93,65.6836234763752
2422,-8.492725,-3.734598,4.181458,-0.031612,0.216246,-0.039248,30.93,65.7386535392591
2432,-8.499306,-3.747759,4.178466,-0.04444,0.230296,-0.051465,30.91,65.7801788537782
2442,-8.484949,-3.726223,4.165905,-0.056963,0.24511,-0.061087,30.91,65.7943101160368
2452,-8.468199,-3.722036,4.119244,-0.067042,0.259618,-0.06918,30.91,65.9956379546816
2462,-8.457432,-3.722036,4.088138,-0.077427,0.288176,-0.077885,30.93,66.1340342575561
2472,-8.444869,-3.711268,4.057031,-0.079412,0.299477,-0.079412,30.93,66.2593498142605
2482,-8.442476,-3.717848,4.00379,-0.078038,0.310014,-0.076816,30.9,66.5380768077857
2492,-8.413763,-3.707081,3.961916,-0.072846,0.317344,-0.071624,30.9,66.6881462275022
2502,-8.41137,-3.699902,3.918247,-0.063835,0.32101,-0.063072,30.92,66.9066277444398
2512,-8.402995,-3.7005,3.869792,-0.052076,0.321315,-0.051313,30.92,67.1461875975217
2522,-8.402995,-3.687938,3.812365,-0.037568,0.317955,-0.036957,30.91,67.4399907026568
2532,-8.385648,-3.680161,3.75733,-0.020769,0.309556,-0.018631,30.91,67.6919602026522
2542,-8.395219,-3.678965,3.712464,-0.002291,0.297033,0.001222,30.97,67.9506689438027
2552,-8.392825,-3.672983,3.651447,0.018326,0.279624,0.023824,30.97,68.2692133309621
2562,-8.393424,-3.645465,3.608377,0.040012,0.257174,0.047037,30.95,68.4797237334236
2572,-8.404191,-3.642474,3.559922,0.06185,0.230907,0.071013,30.95,68.7611221341267
2582,-8.425129,-3.625725,3.515655,0.082925,0.199447,0.094837,30.9,69.0283749233195
2592,-8.447262,-3.609573,3.492325,0.103694,0.163865,0.11637,30.9,69.1845433943852
2602,-8.462217,-3.604189,3.460021,0.124006,0.124769,0.13775,30.94,69.384718870813
2612,-8.492725,-3.584448,3.442075,0.142942,0.083689,0.157298,30.94,69.5243103776869
2622,-8.548359,-3.552743,3.431308,0.158367,0.039706,0.173486,30.94,69.6621586534124
2632,-8.579466,-3.525226,3.43729,0.172111,-0.053909,0.194408,30.94,69.666388193734
2642,-8.602796,-3.503092,3.454039,0.191048,-0.100945,0.199447,30.93,69.6021332155058
2652,-8.622537,-3.487539,3.482754,0.195171,-0.147524,0.198531,30.91,69.4718855608183
2662,-8.652448,-3.464807,3.525226,0.19563,-0.19227,0.194255,30.91,69.2820213709635
2672,-8.682955,-3.442674,3.567699,0.191506,-0.233351,0.184329,30.96,69.0952188956562
2682,-8.690134,-3.430111,3.614957,0.183412,-0.270613,0.170279,30.96,68.8469093632125
2692,-8.717052,-3.407978,3.672385,0.171348,-0.303905,0.152869,30.92,68.5765767323832
2702,-8.714063,-3.384049,3.736991,0.156992,-0.332311,0.130725,30.92,68.210441631231
2712,-8.722438,-3.376273,3.792624,0.138361,-0.355982,0.104763,30.95,67.9277128806144
2722,-8.707481,-3.365505,3.857828,0.117133,-0.374613,0.076664,30.95,67.5469456540127
2732,-8.709875,-3.351148,3.918247,0.09499,-0.386525,0.046426,30.93,67.2245126458227
2742,-8.699106,-3.348157,3.979264,0.071013,-0.392023,0.014966,30.93,66.8821165888322
2752,-8.676972,-3.335595,4.048058,0.046426,-0.391259,-0.018021,30.9,66.4687390693104
2762,-8.649456,-3.354139,4.099504,0.021686,-0.384387,-0.049633,30.9,66.1594514486078
2772,-8.623135,-3.348755,4.150949,-0.002443,-0.370795,-0.079718,30.92,65.8330474800207
2782,-8.572886,-3.360719,4.186243,-0.025045,-0.352469,-0.107512,30.92,65.552175723971
2792,-8.533404,-3.355336,4.261617,-0.045815,-0.33002,-0.132863,30.93,65.0725575026772
2802,-8.450253,-3.396013,4.282554,-0.063377,-0.302989,-0.172111,30.93,64.8151067734377
2812,-8.39462,-3.39721,4.296911,-0.089339,-0.238696,-0.184787,30.9,64.6164303644188
2822,-8.364112,-3.410371,4.310072,-0.097586,-0.201433,-0.192423,30.93,64.4911498068493
2832,-8.312068,-3.440281,4.314259,-0.10064,-0.162643,-0.19563,30.93,64.3784992525141
2842,-8.270791,-3.455236,4.314857,-0.100793,-0.122937,-0.19395,30.91,64.2947711887465
2852,-8.251051,-3.476173,4.303492,-0.096975,-0.08262,-0.188299,30.91,64.3285588470142
2862,-8.213365,-3.491128,4.286742,-0.089797,-0.041844,-0.178067,30.94,64.3435262608435
2872,-8.180463,-3.511467,4.267599,-0.07926,-0.000764,-0.164017,30.94,64.3877167676843
2882,-8.172686,-3.533601,4.261019,-0.066279,0.03879,-0.147524,30.93,64.4262097405947
2892,-8.169096,-3.554538,4.25085,-0.052076,0.076664,-0.129351,30.93,64.4920747325154
2902,-8.176873,-3.575475,4.235895,-0.036805,0.113163,-0.10965,30.89,64.6090703193714
2912,-8.185846,-3.595216,4.201199,-0.021228,0.147677,-0.091019,30.89,64.831017320905
2922,-8.206185,-3.613162,4.191029,-0.005498,0.178525,-0.072846,30.96,64.9479237707798
2932,-8.239087,-3.6341,4.176074,0.008399,0.206014,-0.055436,30.96,65.1203536940612
2942,-8.293524,-3.739383,4.15394,0.022449,0.230449,-0.039859,30.93,65.4585822229041
2952,-8.38804,-4.808975,4.065406,-0.036041,0.161116,0.016646,30.93,67.1948539333426
2962,-8.470592,-3.676572,4.100101,-0.130267,0.029627,0.10965,30.93,66.0578852077124
2972,-8.444869,-3.705286,4.14078,-0.124158,0.04444,0.114079,30.93,65.8193511417162
2982,-8.412566,-3.695116,4.161119,-0.114843,0.085216,0.118508,30.92,65.6356211164046
2992,-8.363514,-3.583252,4.085146,-0.111636,0.100945,0.11469,30.89,65.8210345610918
3002,-8.490931,-3.711268,4.121637,-0.111177,0.113621,0.104305,30.89,66.0212023687751
3012,-8.53161,-3.67059,4.094718,-0.113774,0.120951,0.098502,30.93,66.2085280775769
3022,-8.453244,-3.641278,4.063013,-0.117133,0.126144,0.085827,30.93,66.1817503562173
3032,-8.58126,-3.685545,4.058825,-0.121257,0.127976,0.070402,30.91,66.5102625003976
3042,-8.57827,-3.678965,4.042674,-0.127976,0.126144,0.057574,30.91,66.5817040119874
3052,-8.543573,-3.622135,3.995416,-0.135307,0.122478,0.042302,30.95,66.7054509195681
3062,-8.604589,-3.668795,3.993621,-0.144164,0.115301,0.023824,30.95,66.8805000387878
3072,-8.61835,-3.66042,3.970889,-0.154091,0.10568,0.009621,30.9,67.0190290098268
3082,-8.57827,-3.64068,3.937988,-0.16417,0.093768,-0.006414,30.9,67.0919406299591
3092,-8.609376,-3.654438,3.935595,-0.175013,0.078954,-0.021533,30.94,67.1791354846033
3102,-8.59442,-3.635296,3.906881,-0.184939,0.063072,-0.032376,30.94,67.2823760898274
3112,-8.555537,-3.638287,3.881158,-0.194713,0.044746,-0.041844,30.89,67.3412615377713
3122,-8.572288,-3.649653,3.875176,-0.20296,0.026114,-0.048106,30.89,67.4160573529228
3132,-8.52443,-3.632903,3.841677,-0.210138,0.005956,-0.051465,30.93,67.4817448142497
3142,-8.472386,-3.623332,3.805784,-0.214872,-0.012675,-0.049633,30.93,67.5586754166474
3152,-8.435897,-3.619742,3.789035,-0.217926,-0.048411,-0.033903,30.89,67.5710053076271
3162,-8.386844,-3.61376,3.783053,-0.216094,-0.065057,-0.020922,30.95,67.4981707500754
3172,-8.367103,-3.610171,3.781258,-0.212276,-0.080023,-0.004734,30.95,67.464353373585
3182,-8.338987,-3.606582,3.769294,-0.205403,-0.092393,0.015424,30.93,67.4679229286358
3192,-8.324032,-3.600002,3.763312,-0.196393,-0.104916,0.038179,30.93,67.4636313854118
3202,-8.31147,-3.586243,3.766901,-0.184634,-0.114537,0.062461,30.94,67.4062106087829
3212,-8.295319,-3.598207,3.764508,-0.17089,-0.123395,0.087354,30.94,67.3964962873906
3222,-8.28455,-3.579663,3.777071,-0.155312,-0.131641,0.113621,30.92,67.2897443295111
3232,-8.282756,-3.579065,3.781258,-0.138972,-0.138361,0.137903,30.92,67.2628643371411
3242,-8.292327,-3.571288,3.791427,-0.121868,-0.144011,0.162185,30.91,67.2208965161225
3252,-8.292327,-3.562913,3.807579,-0.104916,-0.149815,0.184023,30.91,67.1262955571989
3262,-8.321639,-3.550949,3.829114,-0.086896,-0.154396,0.204487,30.94,67.0609883173471
3272,-8.352745,-3.53061,3.855436,-0.071471,-0.157909,0.22098,30.94,66.9669068313375
3282,-8.391031,-3.526422,3.876971,-0.05681,-0.161727,0.233656,30.89,66.9283898357252
3292,-8.409575,-3.521038,3.902694,-0.043982,-0.164323,0.241903,30.89,66.8256645327911
3302,-8.438289,-3.51386,3.936791,-0.033598,-0.166461,0.24511,30.94,66.6989712643681
3313,-8.510672,-3.485744,3.995416,-0.021228,-0.167072,0.239765,30.94,66.5182659805687
3322,-8.532208,-3.47737,4.032505,-0.021228,-0.166155,0.228769,30.91,66.3625374180334
3332,-8.557332,-3.471387,4.066602,-0.021686,-0.16249,0.216704,30.95,66.2330256564786
3342,-8.573483,-3.471387,4.083352,-0.027031,-0.15852,0.200975,30.95,66.1803420725201
3352,-8.581859,-3.475575,4.118048,-0.035277,-0.152869,0.181885,30.93,66.0221933621501
3362,-8.603992,-3.47737,4.149154,-0.046578,-0.146608,0.16081,30.93,65.9105369208314
3372,-8.614162,-3.470191,4.170092,-0.059865,-0.139277,0.139125,30.9,65.8184514764065
3382,-8.606385,-3.464807,4.175476,-0.074678,-0.130267,0.115301,30.9,65.7695099619321
3392,-8.598608,-3.47737,4.197011,-0.092241,-0.120493,0.091019,30.91,65.6531885513324
3402,-8.592029,-3.485146,4.208975,-0.109956,-0.110261,0.069028,30.91,65.5844820351037
3412,-8.59143,-3.489932,4.213761,-0.12874,-0.097586,0.046884,30.9,65.5628626911746
3422,-8.577671,-3.491727,4.217948,-0.147829,-0.084452,0.025962,30.9,65.5132887182016
3432,-8.546564,-3.505485,4.222135,-0.166003,-0.069944,0.007789,30.88,65.4366320296981
3442,-8.516654,-3.521637,4.22094,-0.184023,-0.054978,-0.007789,30.88,65.3922437039058
3452,-8.501699,-3.525226,4.21077,-0.199142,-0.039248,-0.021533,30.93,65.4152530892118
3462,-8.48136,-3.534797,4.189234,-0.214108,-0.023366,-0.03207,30.93,65.4907061883113
3472,-8.458031,-3.547958,4.19402,-0.225867,-0.006109,-0.039706,30.91,65.4272071845009
3482,-8.419745,-3.554538,4.149154,-0.237016,0.011454,-0.04444,30.91,65.5824152138976
3492,-8.407183,-3.585046,4.134798,-0.244957,0.028253,-0.048717,30.9,65.6579084111026
3502,-8.391629,-3.602395,4.112664,-0.253967,0.060781,-0.048258,30.95,65.7556463653408
3512,-8.387442,-3.616751,4.096512,-0.255647,0.076511,-0.046578,30.95,65.8442347136999
3522,-8.398808,-3.625126,4.076771,-0.255342,0.090408,-0.044593,30.96,65.9794823245435
3532,-8.377273,-3.626921,4.054638,-0.252287,0.103694,-0.04215,30.96,66.0509523992804
3542,-8.386245,-3.634698,4.016353,-0.248469,0.11637,-0.038637,30.91,66.2781356718614
3552,-8.383853,-3.641876,4.000201,-0.242361,0.125686,-0.035888,30.91,66.3645816031611
3562,-8.400003,-3.648456,3.958327,-0.235641,0.133169,-0.032834,30.95,66.6250255699738
3572,-8.423933,-3.665804,3.939184,-0.228616,0.138514,-0.02978,30.95,66.7913834879804
3582,-8.434101,-3.669394,3.906881,-0.220217,0.139125,-0.027642,30.87,66.9859089246049
3592,-8.451449,-3.662215,3.881757,-0.211818,0.136681,-0.025504,30.87,67.1477175218886
3602,-8.476574,-3.688536,3.844069,-0.203265,0.130114,-0.024587,30.92,67.4209933715989
3612,-8.490333,-3.678965,3.812963,-0.194561,0.118508,-0.023518,30.92,67.6047886881989
3622,-8.505887,-3.677768,3.788436,-0.186008,0.103236,-0.023366,30.94,67.764658438783
3632,-8.533404,-3.67059,3.764508,-0.177456,0.084452,-0.021686,30.94,67.9397759507107
3642,-8.544769,-3.671786,3.736392,-0.170584,0.06185,-0.020769,30.93,68.1121676231151
3652,-8.558528,-3.667599,3.722036,-0.163559,0.03543,-0.019548,30.93,68.2116973687084
3662,-8.563912,-3.675974,3.694518,-0.157756,0.00672,-0.018173,30.89,68.3752336308536
3672,-8.556136,-3.674777,3.684947,-0.14676,-0.057574,-0.011606,30.89,68.4100769486724
3682,-8.53819,-3.667001,3.68375,-0.142942,-0.090713,-0.005956,30.91,68.3752060242323
3692,-8.526823,-3.662215,3.686144,-0.139125,-0.123242,0.001527,30.94,68.3363562132186
3702,-8.505887,-3.657429,3.697509,-0.136528,-0.155771,0.010996,30.94,68.230839874834
3712,-8.492725,-3.650251,3.7005,-0.13271,-0.184939,0.02306,30.91,68.1830012824497
3722,-8.465208,-3.64726,3.721437,-0.129503,-0.212734,0.038637,30.91,68.0142880510132
3732,-8.445468,-3.635894,3.731009,-0.127213,-0.237932,0.053451,30.97,67.9141287792311
3742,-8.418548,-3.63051,3.762115,-0.124311,-0.25916,0.072388,30.97,67.6891045848587
3752,-8.400003,-3.625126,3.78066,-0.121257,-0.277791,0.091324,30.9,67.547702107593
3762,-8.376674,-3.598207,3.82074,-0.118355,-0.292146,0.110567,30.9,67.2620004188239
3772,-8.368897,-3.611966,3.845266,-0.114843,-0.303295,0.130725,30.95,67.1271863391099
3782,-8.37129,-3.598207,3.877569,-0.111483,-0.310472,0.148135,30.95,66.9476812958606
3792,-8.35155,-3.602993,3.920042,-0.107818,-0.312763,0.167224,30.91,66.6848171204425
3802,-8.343175,-3.599404,3.953541,-0.104611,-0.311236,0.18326,30.91,66.4860904315379
3812,-8.352745,-3.588636,3.985246,-0.101556,-0.306196,0.197309,30.93,66.3287159209383
3822,-8.34796,-3.581457,4.014558,-0.096822,-0.296575,0.209221,30.93,66.1570930819521
3832,-8.346764,-3.563511,4.088138,-0.094531,-0.284358,0.220064,30.93,65.7507122395967
3842,-8.356933,-3.5671,4.10728,-0.091324,-0.250607,0.231671,30.93,65.67582463726
3852,-8.366504,-3.54736,4.134798,-0.084147,-0.230296,0.233351,30.93,65.5344747105287
3862,-8.377273,-3.553342,4.156931,-0.081856,-0.208458,0.232282,30.94,65.4481524392683
3872,-8.398808,-3.548556,4.171288,-0.079718,-0.185703,0.228311,30.94,65.416186093213
3882,-8.407183,-3.541976,4.187439,-0.078343,-0.162643,0.221439,30.98,65.3446038736861
3892,-8.42453,-3.540181,4.201797,-0.07758,-0.138972,0.212581,30.98,65.306611115207
3902,-8.429914,-3.528217,4.217948,-0.077885,-0.11469,0.201586,30.89,65.2238810053645
3912,-8.434101,-3.532404,4.22393,-0.07926,-0.090561,0.188605,30.89,65.2060467950725
3922,-8.441879,-3.526422,4.237689,-0.081092,-0.06689,0.17486,30.93,65.1466654724272
3932,-8.457432,-3.523431,4.241278,-0.085521,-0.043982,0.159741,30.93,65.1596746950069
3942,-8.465208,-3.517449,4.235895,-0.090866,-0.021686,0.144011,30.9,65.199026242589
3952,-8.462815,-3.516851,4.232305,-0.097586,0.000611,0.127671,30.9,65.211715876579
3962,-8.489736,-3.509673,4.235895,-0.10568,0.021686,0.110872,30.89,65.2457856340812
3972,-8.481958,-3.515655,4.228716,-0.116064,0.041081,0.094684,30.89,65.2711108988699
3982,-8.47119,-3.512664,4.228716,-0.126907,0.059254,0.077733,30.95,65.2447836560924
3992,-8.480762,-3.508476,4.213761,-0.138972,0.076358,0.062156,30.95,65.3390354899895
4002,-8.499905,-3.511467,4.17727,-0.152105,0.091935,0.046273,30.9,65.5717212532037
4012,-8.496913,-3.509074,4.166502,-0.164934,0.106443,0.018173,30.9,65.61873928535
4022,-8.505887,-3.526422,4.143172,-0.191048,0.130878,0.004581,30.91,65.7742799996838
4032,-8.497512,-3.535994,4.129414,-0.20296,0.140346,-0.007483,30.91,65.8360717554266
4042,-8.504092,-3.533002,4.101896,-0.214108,0.148135,-0.016341,30.91,65.9902301127092
4052,-8.510075,-3.540779,4.085745,-0.22434,0.155771,-0.025045,30.95,66.0937502079678
4062,-8.504092,-3.538985,4.053442,-0.232587,0.161268,-0.033903,30.95,66.2475518609928
4072,-8.509476,-3.549154,4.020541,-0.240223,0.165544,-0.041233,30.92,66.4394663257233
4082,-8.514261,-3.559922,3.996612,-0.246331,0.166155,-0.0478,30.92,66.5839356840497
4092,-8.514261,-3.576073,3.974478,-0.249997,0.165544,-0.05284,30.92,66.7138255612575
4102,-8.514859,-3.581457,3.942175,-0.251218,0.163406,-0.05681,30.92,66.88904493799
4112,-8.522038,-3.588636,3.912863,-0.251676,0.158825,-0.061697,30.93,67.0639457138662
4122,-8.519646,-3.595216,3.879364,-0.250149,0.150884,-0.063377,30.93,67.2409977673736
4132,-8.525029,-3.595814,3.853641,-0.246942,0.140041,-0.064752,30.95,67.3880778202948
4142,-8.523833,-3.608377,3.818945,-0.242361,0.126602,-0.065821,30.95,67.5796864944835
4152,-8.532208,-3.610171,3.778267,-0.234878,0.111636,-0.064599,30.9,67.8133944139544
4162,-8.514261,-3.61077,3.753741,-0.226631,0.092699,-0.063835,30.9,67.9084444438222
4172,-8.522038,-3.617948,3.732205,-0.216552,0.071929,-0.061239,30.93,68.0444885497951
4182,-8.504092,-3.6341,3.684947,-0.205556,0.048564,-0.056505,30.93,68.2748426966728
4192,-8.489137,-3.629314,3.671188,-0.181885,-0.002443,-0.041539,30.92,68.3151825007754
4202,-8.485548,-3.637091,3.667599,-0.169057,-0.030696,-0.032529,30.93,68.3339085087486
4212,-8.486146,-3.632903,3.66401,-0.155465,-0.059865,-0.021533,30.93,68.3508091888425
4222,-8.467602,-3.640081,3.655036,-0.14279,-0.089797,-0.008552,30.93,68.3687101394741
4232,-8.465208,-3.636492,3.652644,-0.130572,-0.119271,0.006109,30.93,68.3738575083967
4242,-8.453843,-3.6341,3.649055,-0.119577,-0.148746,0.020159,30.95,68.3688799532255
4252,-8.430512,-3.644269,3.663411,-0.108429,-0.177304,0.036194,30.95,68.2543880427326
4262,-8.445468,-3.63051,3.689733,-0.09896,-0.204945,0.054672,30.91,68.1307311605129
4272,-8.431709,-3.621537,3.705884,-0.091783,-0.230449,0.071166,30.91,68.0090543081226
4282,-8.426923,-3.617948,3.718446,-0.084605,-0.253967,0.08827,30.91,67.9290094325346
4292,-8.430512,-3.618546,3.77049,-0.079718,-0.273515,0.10568,30.91,67.6580800393137
4302,-8.432905,-3.608377,3.796811,-0.07758,-0.290925,0.122478,30.91,67.5136076136614
4312,-8.42812,-3.598805,3.841079,-0.076511,-0.305433,0.13607,30.91,67.2597613883346
4322,-8.433504,-3.610171,3.872185,-0.078343,-0.316581,0.146608,30.94,67.115638323764
4332,-8.443074,-3.592225,3.909872,-0.080481,-0.323148,0.158825,30.94,66.9201071571426
4342,-8.434101,-3.58744,3.952345,-0.085979,-0.326507,0.165697,30.91,66.6730153498814
4352,-8.445468,-3.585046,4.036094,-0.09331,-0.325286,0.169973,30.91,66.2549772784957
4362,-8.458628,-3.573082,4.086343,-0.110872,-0.314596,0.171959,30.93,66.0098772312477
4372,-8.446664,-3.573681,4.118048,-0.120951,-0.303142,0.170126,30.97,65.8198049886293
4382,-8.445468,-3.569493,4.144369,-0.130725,-0.288787,0.16585,30.97,65.676701607948
4392,-8.446067,-3.571288,4.157529,-0.14111,-0.27153,0.158978,30.93,65.6113922743757
4402,-8.446067,-3.567699,4.191627,-0.151036,-0.252593,0.151189,30.93,65.4316158516613
4412,-8.445468,-3.57069,4.200002,-0.159436,-0.231518,0.142942,30.93,65.3897914588271
4422,-8.44427,-3.559922,4.218546,-0.167072,-0.208305,0.133016,30.93,65.2815236679157
4432,-8.435298,-3.565306,4.231109,-0.173791,-0.184023,0.122937,30.96,65.202050495375
4442,-8.425727,-3.577868,4.225725,-0.178373,-0.158978,0.113621,30.96,65.22050038561
4452,-8.419147,-3.568895,4.246064,-0.180969,-0.133627,0.104,30.92,65.0927818213099
4462,-8.414959,-3.582056,4.238885,-0.182801,-0.107054,0.09499,30.92,65.1328822846659
4472,-8.411968,-3.591029,4.225127,-0.181274,-0.079412,0.087812,30.95,65.2057028449787
4482,-8.395817,-3.592823,4.211967,-0.179136,-0.054214,0.08094,30.95,65.2399688405246
4492,-8.400003,-3.594618,4.205386,-0.175624,-0.028711,0.074373,30.93,65.2848771832939
4502,-8.396414,-3.59043,4.192225,-0.169668,-0.003665,0.06857,30.93,65.3412544868442
4512,-8.391031,-3.602993,4.191029,-0.164628,0.020159,0.065821,30.92,65.3474531622609
4522,-8.382656,-3.60718,4.150351,-0.158672,0.043371,0.062766,30.92,65.5443437369169
4532,-8.373683,-3.602395,4.135396,-0.151647,0.083689,0.060018,30.93,65.5982521166713
4542,-8.379665,-3.622734,4.128217,-0.138972,0.102931,0.060323,30.91,65.6676444982944
4552,-8.389236,-3.608975,4.106682,-0.133932,0.119119,0.06017,30.91,65.7877941970142
4562,-8.397013,-3.605984,4.093522,-0.129198,0.134238,0.061239,30.92,65.8704650700519
4572,-8.405987,-3.613162,4.079762,-0.126296,0.146608,0.060934,30.92,65.9681888612067
4582,-8.413763,-3.602993,4.058227,-0.125227,0.157756,0.062614,30.89,66.0880541570761
4592,-8.427522,-3.601198,4.042076,-0.125686,0.165697,0.061545,30.89,66.2002040928865
4602,-8.447262,-3.607778,4.010969,-0.127365,0.171042,0.061239,30.91,66.4107428240776
4612,-8.454441,-3.614957,4.001996,-0.13042,0.173791,0.059712,30.91,66.4792706404431
4622,-8.474181,-3.620341,3.98405,-0.133627,0.174402,0.058185,30.89,66.6193408582448
4632,-8.497512,-3.595814,3.951746,-0.138666,0.171195,0.054825,30.89,66.8154910464502
4642,-8.516654,-3.596412,3.932604,-0.144775,0.164628,0.050549,30.92,66.9559522083484
4652,-8.529815,-3.595814,3.907479,-0.151342,0.156687,0.04612,30.92,67.1143400008845
4662,-8.550154,-3.599404,3.896712,-0.15913,0.14615,0.040317,30.92,67.215417088769
4672,-8.554939,-3.593421,3.878766,-0.16585,0.131794,0.033903,30.92,67.3142936063157
4682,-8.583653,-3.588636,3.847061,-0.172875,0.115301,0.025962,30.94,67.5348385151404
4692,-8.581859,-3.591627,3.805784,-0.180205,0.097128,0.018631,30.94,67.7511812788753
4702,-8.596813,-3.584448,3.794419,-0.186161,0.078038,0.00504,30.94,67.8349006294841
4712,-8.584252,-3.579065,3.784249,-0.197157,0.032681,-0.002138,30.9,67.8592256837097
4722,-8.584252,-3.584448,3.753741,-0.200211,0.007636,-0.008094,30.9,68.0250902723777
4732,-8.595617,-3.578466,3.744169,-0.202044,-0.017868,-0.012217,30.91,68.0932626852206
4742,-8.57827,-3.580261,3.736991,-0.201891,-0.04383,-0.014813,30.91,68.098658401958
4752,-8.566306,-3.575475,3.738786,-0.201891,-0.069944,-0.01741,30.9,68.0616065032057
4762,-8.558528,-3.577868,3.732205,-0.198837,-0.095142,-0.015882,30.9,68.0831958140622
4772,-8.536395,-3.563511,3.742374,-0.195477,-0.121409,-0.014203,30.91,67.9733968381427
4782,-8.522038,-3.565306,3.742973,-0.189826,-0.145539,-0.01069,30.91,67.943138799393
4792,-8.505887,-3.569493,3.74058,-0.184481,-0.167072,-0.004276,30.96,67.927203647116
4802,-8.484351,-3.558726,3.754937,-0.177456,-0.188299,0.003971,30.96,67.7984377422784
4812,-8.472386,-3.562315,3.777669,-0.169821,-0.206472,0.013897,30.89,67.6560758247796
4822,-8.443673,-3.552145,3.793222,-0.161879,-0.223577,0.023518,30.89,67.5061366333796
4832,-8.420941,-3.554538,3.805784,-0.153633,-0.237627,0.037415,30.94,67.3946522873522
4842,-8.415558,-3.547958,3.823731,-0.14447,-0.248775,0.051007,30.94,67.2820534408307
4852,-8.391031,-3.549752,3.845266,-0.135459,-0.257174,0.065057,30.94,67.1179695993545
4862,-8.36471,-3.540779,3.876373,-0.127518,-0.263588,0.079718,30.94,66.8891287196202
4872,-8.362316,-3.544369,3.929015,-0.12034,-0.265879,0.093921,30.89,66.606969768101
4882,-8.361719,-3.541976,3.955934,-0.107207,-0.262977,0.121409,30.89,66.4606516049623
4892,-8.343773,-3.538387,3.981657,-0.101709,-0.257938,0.133321,30.89,66.2827241138465
4902,-8.340781,-3.545565,4.006782,-0.097586,-0.249844,0.14447,30.94,66.1498392449408
4912,-8.353344,-3.543771,4.027121,-0.094073,-0.239765,0.153327,30.94,66.0678267089529
4922,-8.350353,-3.549154,4.052245,-0.092546,-0.227853,0.161727,30.95,65.933901252583
4932,-8.353942,-3.547958,4.073183,-0.091783,-0.215025,0.166461,30.95,65.8304528003741
4942,-8.379066,-3.552145,4.088736,-0.090866,-0.199753,0.169973,30.91,65.8071923770026
4952,-8.379066,-3.550351,4.103093,-0.091935,-0.184939,0.17089,30.91,65.7303788846421
4962,-8.4012,-3.564708,4.113262,-0.09331,-0.168293,0.169973,30.86,65.7384452264696
4972,-8.416155,-3.552145,4.130012,-0.095448,-0.1518,0.166155,30.86,65.672016695579
4982,-8.423334,-3.55394,4.140181,-0.099724,-0.136223,0.161727,30.94,65.6363144685853
4992,-8.434101,-3.568297,4.148556,-0.103694,-0.11973,0.155007,30.94,65.6292896270826
5002,-8.453244,-3.573082,4.15394,-0.108734,-0.104458,0.14676,30.93,65.6471496637534
5012,-8.470592,-3.580859,4.169494,-0.114537,-0.090103,0.136528,30.93,65.6112177285227
5022,-8.491529,-3.584448,4.165905,-0.121562,-0.076205,0.124769,30.94,65.6781129059526
5032,-8.510672,-3.589234,4.178466,-0.128587,-0.061545,0.112246,30.94,65.6588081504002
5042,-8.523234,-3.605984,4.192225,-0.13607,-0.047953,0.09896,30.93,65.6301604083388
5052,-8.53161,-3.604787,4.185047,-0.144622,-0.022449,0.069639,30.93,65.6838814472171
5062,-8.530412,-3.605984,4.18086,-0.160963,-0.010079,0.055131,30.89,65.7039158816869
5072,-8.541779,-3.622734,4.181458,-0.170431,0.002596,0.039706,30.89,65.7402231191807
5082,-8.530412,-3.62393,4.17069,-0.178831,0.015272,0.024893,30.89,65.7724127194105
5092,-8.535797,-3.624528,4.167699,-0.186772,0.0281,0.010843,30.89,65.7997868131792
5102,-8.535198,-3.636492,4.1671,-0.194561,0.040164,-0.003054,30.89,65.8124059910419
5112,-8.519047,-3.638885,4.143172,-0.200669,0.05284,-0.015424,30.87,65.9034499590933
5122,-8.518449,-3.643671,4.141378,-0.207083,0.064446,-0.028405,30.87,65.9157643541971
5132,-8.504689,-3.6341,4.107878,-0.211665,0.075595,-0.038179,30.89,66.0509962292967
5142,-8.501101,-3.639483,4.088736,-0.215635,0.085979,-0.048411,30.89,66.1474102144903
5152,-8.487941,-3.646662,4.064209,-0.218232,0.095295,-0.056352,30.93,66.2534877414753
5162,-8.470592,-3.646662,4.04746,-0.220064,0.102778,-0.063225,30.93,66.3041941670003
5172,-8.466404,-3.662215,4.018745,-0.221133,0.109192,-0.067959,30.92,66.459223929294
5182,-8.455637,-3.661617,3.994817,-0.219759,0.11301,-0.071166,30.92,66.5613157359145
5192,-8.444869,-3.651447,3.954738,-0.217315,0.114537,-0.071929,30.93,66.7400186779644
5202,-8.42812,-3.656831,3.92722,-0.214719,0.114232,-0.071013,30.93,66.8550359199756
5212,-8.422137,-3.659224,3.867998,-0.211207,0.110567,-0.069028,30.9,67.1579174837937
5222,-8.407183,-3.648456,3.830909,-0.205709,0.105832,-0.055741,30.9,67.3147577645272
5232,-8.380861,-3.652644,3.807579,-0.191506,0.087506,-0.045662,30.89,67.38915846959
5242,-8.377871,-3.646662,3.784249,-0.18387,0.074678,-0.03375,30.93,67.5025041769636
5252,-8.365308,-3.640081,3.765705,-0.175318,0.060323,-0.019853,30.93,67.5705422724882
5262,-8.368897,-3.634698,3.741179,-0.16585,0.044288,-0.002749,30.9,67.7048009344865
5272,-8.371889,-3.632903,3.732205,-0.156534,0.025809,0.01573,30.9,67.7575254227011
5282,-8.377871,-3.638287,3.720839,-0.147219,0.006567,0.034819,30.91,67.8354231069619
5292,-8.364112,-3.628117,3.711866,-0.137292,-0.014508,0.053603,30.91,67.8471843984699
5302,-8.380263,-3.614359,3.714857,-0.127671,-0.035125,0.075595,30.94,67.8516035900275
5314,-8.38445,-3.597609,3.716652,-0.118508,-0.057269,0.094837,30.94,67.8358544772461
5322,-8.39821,-3.595814,3.728018,-0.10965,-0.079871,0.114843,30.92,67.8008881638604
5332,-8.413164,-3.581457,3.732205,-0.102625,-0.101862,0.134085,30.92,67.7961875231013
5342,-8.437093,-3.579663,3.756732,-0.096364,-0.1237,0.150578,30.91,67.7114397341782
5352,-8.442476,-3.568895,3.775276,-0.089492,-0.143401,0.167072,30.91,67.6139254444055
5362,-8.475378,-3.562913,3.80399,-0.085521,-0.162185,0.180663,30.89,67.5224308756771
5372,-8.474181,-3.546163,3.820141,-0.081551,-0.180053,0.192575,30.89,67.4197884098686
5382,-8.489137,-3.543771,3.858427,-0.079412,-0.196393,0.20128,30.92,67.2451431026958
5392,-8.52144,-3.540181,3.915854,-0.078496,-0.209069,0.207694,30.92,67.0053238503781
5402,-8.522038,-3.521637,3.94397,-0.080634,-0.228769,0.211207,30.94,66.8428518990007
5412,-8.660224,-3.49053,3.921836,-0.081551,-0.236558,0.205403,30.93,67.2164855864445
5422,-8.814561,-3.442674,3.844668,-0.072235,-0.252898,0.176082,30.93,67.8888800338335
5432,-8.563314,-3.504887,4.0008,-0.055436,-0.268933,0.131336,30.91,66.6169551916736
5442,-8.483154,-3.531806,4.065406,-0.053603,-0.268628,0.113926,30.91,66.1343774266066
5452,-8.438888,-3.52702,4.115057,-0.058032,-0.25977,0.110108,30.93,65.7762945757638
5462,-8.440084,-3.531806,4.125825,-0.06521,-0.246637,0.106749,30.93,65.7271449954964
5472,-8.44427,-3.528815,4.150351,-0.070402,-0.230449,0.101098,30.95,65.6060163315856
5482,-8.421539,-3.531208,4.171886,-0.076358,-0.213345,0.094531,30.95,65.4468457959125
5492,-8.419745,-3.547958,4.186243,-0.082772,-0.193492,0.088117,30.91,65.383855941898
5502,-8.426325,-3.544369,4.188038,-0.089186,-0.172722,0.079107,30.91,65.3856459036355
5512,-8.417352,-3.544966,4.19402,-0.094684,-0.1518,0.069791,30.95,65.3355541879379
5522,-8.410173,-3.553342,4.214957,-0.100335,-0.128434,0.059712,30.95,65.2191584099598
5532,-8.405388,-3.559324,4.219144,-0.104763,-0.105832,0.051465,30.9,65.1925393688215
5542,-8.404191,-3.574279,4.202394,-0.109956,-0.083078,0.040775,30.9,65.2905287080583
5552,-8.415558,-3.583252,4.204189,-0.114537,-0.06017,0.030238,30.89,65.314492045783
5562,-8.405388,-3.584448,4.186243,-0.118202,-0.039248,0.02138,30.89,65.3862860855382
5572,-8.399406,-3.58744,4.179663,-0.121409,0.000458,0.004123,30.89,65.4101284270277
5582,-8.417352,-3.6006,4.156931,-0.127976,0.017868,-0.003818,30.93,65.5793119660559
5592,-8.442476,-3.586243,4.089334,-0.128587,0.035583,-0.011454,30.93,65.9716963405387
5602,-8.589037,-3.519244,3.893123,-0.118202,0.057879,-0.027336,30.91,67.2456309910815
5612,-8.502296,-3.540181,3.960122,-0.086743,0.090103,-0.06017,30.91,66.7329624106908
5622,-8.407781,-3.610171,4.070789,-0.068417,0.115759,-0.078038,30.94,66.0161644957714
5632,-8.416754,-3.611966,4.079165,-0.066584,0.129351,-0.079107,30.94,65.9932297180768
5642,-8.41436,-3.63051,4.060022,-0.067348,0.139888,-0.078191,30.92,66.1051229545564
5652,-8.436494,-3.63051,4.045067,-0.06857,0.148135,-0.076816,30.92,66.2301925964113
5662,-8.455637,-3.620939,4.030112,-0.068875,0.152564,-0.075442,30.9,66.3400482145062
5672,-8.465807,-3.631108,4.001996,-0.068875,0.154702,-0.075442,30.9,66.5175332330836
5682,-8.502296,-3.631108,3.972684,-0.067042,0.156382,-0.077274,30.91,66.7467220178286
5692,-8.486743,-3.626921,3.951746,-0.06521,0.155618,-0.080023,30.91,66.8205764309615
5702,-8.505887,-3.627519,3.93739,-0.062766,0.153327,-0.081551,30.89,66.93584524874
5712,-8.495717,-3.655635,3.934398,-0.060323,0.149204,-0.082772,30.89,66.9553857142285
5722,-8.510075,-3.662813,3.925426,-0.058338,0.143706,-0.083078,30.93,67.0381189730949
5732,-8.49452,-3.672983,3.90389,-0.057269,0.135765,-0.083536,30.93,67.1284138906911
5742,-8.498111,-3.68375,3.894319,-0.056352,0.126144,-0.080787,30.95,67.1954858570507
5752,-8.516654,-3.684947,3.882355,-0.055589,0.103694,-0.080176,30.91,67.2969208486022
5762,-8.496913,-3.686741,3.874578,-0.054672,0.090408,-0.078649,30.91,67.2995378120133
5772,-8.484351,-3.681956,3.865007,-0.052229,0.076511,-0.076664,30.91,67.3203854718121
5782,-8.479566,-3.686741,3.851846,-0.049633,0.063377,-0.073915,30.91,67.3843713798739
5792,-8.482555,-3.683152,3.849453,-0.04612,0.048717,-0.068264,30.89,67.3998907315471
5802,-8.460423,-3.684349,3.841079,-0.04215,0.034056,-0.062156,30.89,67.4005478635838
5812,-8.451449,-3.671188,3.827918,-0.037568,0.020006,-0.055131,30.92,67.4405763371361
5822,-8.444869,-3.677768,3.811168,-0.032681,0.004429,-0.046426,30.92,67.5219669478238
5832,-8.436494,-3.673581,3.809374,-0.027642,-0.010079,-0.036346,30.92,67.5109371816596
5842,-8.408379,-3.654438,3.809374,-0.021686,-0.023824,-0.024587,30.92,67.4371686876094
5852,-8.392226,-3.651447,3.814758,-0.014661,-0.037568,-0.010385,30.9,67.3729509823339
5862,-8.39462,-3.648456,3.824329,-0.008399,-0.050855,0.00504,30.9,67.3241539041487
5872,-8.367103,-3.649055,3.828516,-0.001985,-0.063683,0.02138,30.92,67.246025735973
5882,-8.36112,-3.638287,3.831507,0.004429,-0.0759,0.037721,30.92,67.2081224183108
5892,-8.355139,-3.620939,3.843472,0.009774,-0.08659,0.054367,30.93,67.116341495666
5902,-8.352147,-3.623332,3.874578,0.014813,-0.095142,0.072693,30.93,66.9463538801429
5912,-8.35813,-3.597011,3.893721,0.019395,-0.103542,0.090255,30.89,66.833168745472
5922,-8.365308,-3.585046,3.901497,0.025809,-0.115759,0.121715,30.91,66.7960692806153
5932,-8.374879,-3.577868,3.933203,0.027642,-0.118966,0.135918,30.91,66.6413567669113
5942,-8.383853,-3.556333,3.958327,0.027489,-0.120951,0.147524,30.9,66.5078658750666
5952,-8.399406,-3.559922,3.982255,0.02642,-0.121257,0.156687,30.9,66.417620055684
5962,-8.429317,-3.546163,3.99721,0.023824,-0.120493,0.163712,30.92,66.3899293643052
5972,-8.425129,-3.539583,4.015755,0.020311,-0.118202,0.16921,30.92,66.2776538865627
5982,-8.445468,-3.531806,4.031906,0.015119,-0.114232,0.171042,30.89,66.229255719294
5992,-8.467003,-3.530011,4.057629,0.009774,-0.110108,0.170737,30.89,66.1389512033912
6002,-8.493324,-3.521637,4.069593,0.002749,-0.104611,0.16753,30.91,66.1252156445402
6012,-8.491529,-3.52702,4.08754,-0.004887,-0.09728,0.163101,30.91,66.0327040275981
6022,-8.509476,-3.503092,4.095316,-0.012065,-0.090408,0.156229,30.93,66.0094799562557
6032,-8.517252,-3.504887,4.10728,-0.020159,-0.08262,0.147066,30.93,65.9655670116212
6042,-8.529815,-3.510271,4.111467,-0.028558,-0.074373,0.136528,30.93,65.9754517258278
6052,-8.529815,-3.515056,4.11386,-0.035277,-0.065821,0.124922,30.93,65.9672618717432
6062,-8.532208,-3.501298,4.125825,-0.043219,-0.058796,0.112552,30.95,65.8983182421756
6072,-8.533404,-3.515056,4.119842,-0.049175,-0.049786,0.099418,30.95,65.9439508709194
6082,-8.531011,-3.518646,4.103691,-0.055131,-0.041233,0.08491,30.91,66.0256672512809
6092,-8.532805,-3.516253,4.111467,-0.065057,-0.024587,0.055131,30.91,65.9870941626559
6102,-8.510672,-3.524628,4.102495,-0.069028,-0.016646,0.039706,30.94,65.9937550888681
6112,-8.517851,-3.528815,4.099504,-0.071929,-0.008094,0.025809,30.93,66.0282937330381
6122,-8.510075,-3.536592,4.089334,-0.073915,-0.000458,0.012217,30.93,66.0714020446334
6132,-8.489137,-3.540181,4.076771,-0.075747,0.007789,0.000305,30.9,66.0953353928052
6142,-8.496913,-3.538985,4.079165,-0.076816,0.015882,-0.01237,30.9,66.098370936602
6152,-8.484949,-3.551547,4.067799,-0.077427,0.023824,-0.024893,30.95,66.1432568550283
6162,-8.474181,-3.557529,4.065406,-0.078343,0.031154,-0.034819,30.95,66.1381677142653
6172,-8.465208,-3.556931,4.060022,-0.078954,0.039401,-0.044288,30.91,66.1466336009755
6182,-8.466404,-3.566502,4.049852,-0.07926,0.046731,-0.052993,30.91,66.2108237163403
6192,-8.465208,-3.574279,4.036094,-0.081092,0.052993,-0.060934,30.94,66.2871152791054
6202,-8.466404,-3.574279,4.03071,-0.081551,0.058643,-0.067653,30.94,66.3177901877737
6212,-8.451449,-3.583252,4.019942,-0.083536,0.063683,-0.073304,30.87,66.3505701198649
6222,-8.449057,-3.583252,4.002594,-0.085521,0.067501,-0.079107,30.87,66.436451802261
6232,-8.475378,-3.588636,3.988835,-0.088728,0.06857,-0.083841,30.93,66.5686232687034
6242,-8.469995,-3.591029,3.981657,-0.092241,0.069028,-0.086896,30.93,66.597123346299
6252,-8.467003,-3.592225,3.960122,-0.095295,0.067806,-0.088728,30.9,66.7050044023449
6262,-8.475977,-3.600002,3.930809,-0.100182,0.058643,-0.091935,30.9,66.8846398054907
6272,-8.490333,-3.601198,3.9338,-0.109192,0.052229,-0.093157,30.89,66.8996148321647
6282,-8.487941,-3.600002,3.918845,-0.113774,0.043982,-0.092393,30.91,66.972298612595
6292,-8.498111,-3.611368,3.903292,-0.118508,0.033903,-0.092241,30.91,67.0849674186805
6302,-8.499306,-3.617948,3.882953,-0.122478,0.022755,-0.091172,30.89,67.2002701936468
6312,-8.498708,-3.619742,3.886542,-0.126449,0.01069,-0.087812,30.89,67.1816927551338
6322,-8.489137,-3.620341,3.879962,-0.129962,-0.001374,-0.083689,30.94,67.1973830295438
6332,-8.490333,-3.620939,3.869194,-0.132863,-0.015424,-0.078802,30.94,67.2571710204634
6342,-8.484351,-3.621537,3.859025,-0.134696,-0.027642,-0.072846,30.94,67.2992392150816
6352,-8.469396,-3.615555,3.866203,-0.134238,-0.041386,-0.065668,30.94,67.2256006583209
6362,-8.459227,-3.629314,3.863212,-0.134696,-0.054367,-0.057879,30.89,67.2326855631098
6372,-8.445468,-3.631706,3.86381,-0.133016,-0.066126,-0.048258,30.89,67.2035069740677
6382,-8.428718,-3.625126,3.862614,-0.130114,-0.076816,-0.037263,30.9,67.1697421117216
6392,-8.42812,-3.626323,3.859025,-0.126296,-0.086896,-0.025962,30.9,67.1886123687032
6402,-8.415558,-3.617948,3.844069,-0.120646,-0.096211,-0.014813,30.91,67.2349218827952
6412,-8.4012,-3.625725,3.859025,-0.112399,-0.101404,-0.002596,30.91,67.1327826159903
6422,-8.389236,-3.616153,3.891328,-0.102778,-0.106901,0.008552,30.96,66.9279045296073
6432,-8.36112,-3.629912,3.906881,-0.094531,-0.109345,0.036041,30.96,66.7991771880474
6442,-8.355738,-3.634698,3.918247,-0.078343,-0.11469,0.051313,30.93,66.7319390713562
6452,-8.350951,-3.634698,3.942773,-0.070708,-0.114995,0.065821,30.93,66.5918512752044
6462,-8.34138,-3.635894,3.943372,-0.062308,-0.113621,0.081092,30.93,66.569631149719
6472,-8.353942,-3.631108,3.954738,-0.054672,-0.11133,0.094226,30.96,66.5315030267156
6482,-8.34138,-3.633501,3.976273,-0.047189,-0.107818,0.107054,30.96,66.3932414028121
6492,-8.341978,-3.628716,3.988835,-0.040164,-0.10232,0.117744,30.91,66.3237006766204
6502,-8.349156,-3.62393,4.011567,-0.034208,-0.095448,0.128434,30.91,66.2145942671407
6512,-8.352147,-3.621537,4.030112,-0.028863,-0.086437,0.136528,30.95,66.121089775815
6522,-8.367103,-3.61735,4.042674,-0.025656,-0.078038,0.143248,30.95,66.0831429307335
6532,-8.365907,-3.60718,4.051049,-0.022144,-0.06857,0.148593,30.89,66.0271985813834
6542,-8.383254,-3.614957,4.064807,-0.021991,-0.057879,0.152564,30.89,65.9994035853611
6552,-8.408379,-3.614359,4.073781,-0.021838,-0.047189,0.155465,30.92,66.005650324802
6562,-8.41436,-3.603591,4.08395,-0.022602,-0.035888,0.155923,30.92,65.9554517878203
6572,-8.417352,-3.608377,4.086941,-0.026267,-0.025198,0.154549,30.95,65.9506361357148
6582,-8.443074,-3.604189,4.098905,-0.029932,-0.015272,0.152564,30.95,65.9394707471587
6592,-8.754739,-3.523431,3.968496,-0.032834,-0.008247,0.143553,30.9,67.1923719692867
6602,-8.460423,-3.6006,4.1007,-0.022907,-0.011606,0.103542,30.9,65.9639082712124
6612,-8.457432,-3.597011,4.089334,-0.032376,0.002902,0.090866,30.91,66.013388436825
6622,-8.478967,-3.595216,4.088736,-0.040164,0.009774,0.089186,30.95,66.0606915804565
6632,-8.599206,-3.580261,4.015755,-0.045662,0.016035,0.082925,30.95,66.6782689230299
6642,-8.569296,-3.586243,4.024727,-0.042302,0.017104,0.059712,30.97,66.5749602197046
6652,-8.490931,-3.605386,4.049254,-0.043371,0.019853,0.043982,30.97,66.3005068445969
6662,-8.520842,-3.610171,4.038486,-0.048564,0.022144,0.038485,30.91,66.4235256549272
6672,-8.556733,-3.585046,3.956532,-0.050549,0.025504,0.029474,30.91,66.9032207162085
6682,-8.53161,-3.589234,3.997808,-0.045357,0.034819,0.014966,30.87,66.6394331020608
6692,-8.52144,-3.596412,4.004987,-0.044593,0.042913,0.005345,30.87,66.5871265333158
6702,-8.538787,-3.574279,3.986442,-0.045051,0.046884,-0.002291,30.93,66.7006242576168
6712,-8.536395,-3.579663,3.979264,-0.044746,0.050855,-0.012065,30.93,66.7378310041224
6722,-8.544769,-3.599404,3.97388,-0.044288,0.052534,-0.020922,30.9,66.8003998732147
6732,-8.53819,-3.591627,3.976273,-0.045815,0.052229,-0.028711,30.9,66.7675646856801
6742,-8.53819,-3.602993,3.964309,-0.046273,0.05116,-0.038179,30.94,66.8399527328816
6752,-8.547162,-3.596412,3.967898,-0.046884,0.04948,-0.047037,30.94,66.8339708233158
6762,-8.548359,-3.58744,3.952345,-0.0478,0.045968,-0.057116,30.93,66.9099583148037
6772,-8.542974,-3.602395,3.954738,-0.047953,0.041539,-0.068111,30.93,66.8993074694766
6782,-8.526226,-3.608377,3.934398,-0.047953,0.032223,-0.083841,30.94,66.9765929784104
6792,-8.507083,-3.610171,3.937988,-0.048258,0.026725,-0.091019,30.89,66.9199915078487
6802,-8.497512,-3.606582,3.926024,-0.048717,0.021075,-0.098044,30.89,66.9599896782858
6812,-8.489137,-3.608975,3.926024,-0.048869,0.015119,-0.101404,30.95,66.9448404163994
6822,-8.474181,-3.619742,3.926024,-0.048258,0.009621,-0.104611,30.95,66.9234743533316
6832,-8.455637,-3.602395,3.912265,-0.047495,0.002902,-0.105374,30.92,66.9424285773909
6842,-8.434101,-3.591627,3.905685,-0.045968,-0.003207,-0.104153,30.92,66.9231174098273
6852,-8.429914,-3.598207,3.901497,-0.04444,-0.009774,-0.101709,30.94,66.9424126071053
6862,-8.420342,-3.591029,3.888935,-0.041997,-0.015424,-0.0956,30.94,66.9827780446415
6872,-8.397612,-3.598207,3.890131,-0.039859,-0.021838,-0.087812,30.91,66.9356372765114
6882,-8.391031,-3.592823,3.886542,-0.037568,-0.027947,-0.078191,30.91,66.9362245192163
6892,-8.364112,-3.586841,3.881158,-0.035736,-0.034056,-0.067195,30.9,66.9034319520289
6902,-8.374879,-3.580859,3.882953,-0.032529,-0.039401,-0.053145,30.9,66.9110001140364
6912,-8.356335,-3.580859,3.894917,-0.028558,-0.045204,-0.036805,30.89,66.8085146638974
6922,-8.332406,-3.576672,3.891926,-0.025198,-0.05116,-0.020617,30.89,66.7704179253449
6932,-8.347363,-3.570091,3.89073,-0.021838,-0.056505,-0.002443,30.93,66.8023177167089
6942,-8.356933,-3.574279,3.904488,-0.018631,-0.06185,0.013744,30.93,66.7529068458778
6952,-8.348558,-3.56411,3.91406,-0.01573,-0.067042,0.047342,30.96,66.6751726800716
6962,-8.367103,-3.558726,3.917051,-0.009927,-0.076053,0.063988,30.91,66.6935346624703
6972,-8.363514,-3.562913,3.9338,-0.007636,-0.07926,0.07926,30.91,66.600754530083
6982,-8.395817,-3.559324,3.955336,-0.006261,-0.081551,0.09163,30.94,66.5516691264593
6992,-8.395817,-3.557529,3.976871,-0.004429,-0.082467,0.102625,30.94,66.4362740314509
7002,-8.404191,-3.559324,3.994817,-0.004123,-0.082467,0.112246,30.93,66.3610100435264
7012,-8.421539,-3.56052,4.007978,-0.005192,-0.081856,0.118813,30.93,66.329652914053
7022,-8.42812,-3.556931,4.027121,-0.006109,-0.078954,0.123395,30.88,66.2398879120644
7032,-8.441879,-3.549752,4.044468,-0.007636,-0.074678,0.125075,30.88,66.1718348119928
7042,-8.456833,-3.552743,4.063013,-0.010996,-0.07086,0.125075,30.94,66.1094316719663
7052,-8.461619,-3.562315,4.078567,-0.01573,-0.064141,0.121562,30.94,66.0470842539439
7062,-8.478967,-3.554538,4.102495,-0.020769,-0.055894,0.116675,30.93,65.9526302572102
7072,-8.490333,-3.556333,4.095914,-0.025351,-0.045968,0.10965,30.93,66.012706777247
7082,-8.491529,-3.565904,4.110869,-0.031918,-0.036194,0.10064,30.9,65.946182427189
7092,-8.503493,-3.552743,4.128217,-0.038332,-0.025045,0.091783,30.9,65.8700606743794
7102,-8.491529,-3.561118,4.135396,-0.044288,-0.012065,0.082467,30.89,65.8147665397748
7112,-8.487941,-3.574279,4.131807,-0.051771,0,0.070402,30.89,65.8375149330244
7122,-8.487941,-3.579663,4.122834,-0.058338,0.012981,0.058032,30.91,65.8888513244304
7132,-8.495118,-3.579065,4.119842,-0.071624,0.039095,0.036499,30.93,65.9191403950101
7142,-8.484949,-3.580859,4.110271,-0.07758,0.049786,0.025504,30.93,65.9486781287233
7152,-8.476574,-3.58744,4.1007,-0.08323,0.061087,0.01573,30.91,65.9864341023485
7162,-8.479566,-3.597609,4.088138,-0.087812,0.070555,0.005956,30.91,66.0672268091815
7172,-8.478967,-3.591627,4.070191,-0.091477,0.078802,-0.002291,30.91,66.1539188459813
7182,-8.484351,-3.603591,4.04387,-0.094837,0.085368,-0.00901,30.91,66.3131066897394
7192,-8.480165,-3.606582,4.029513,-0.097433,0.090561,-0.014203,30.95,66.3818647679195
7202,-8.479566,-3.611368,4.010969,-0.099418,0.094073,-0.018784,30.95,66.4817368391705
7212,-8.474181,-3.614957,3.983452,-0.100945,0.09499,-0.022602,30.94,66.6176856293993
7222,-8.474181,-3.619742,3.965506,-0.100793,0.093615,-0.025198,30.94,66.7160222378748
7232,-8.492725,-3.620341,3.940381,-0.100487,0.090408,-0.026267,30.95,66.8867680993751
7242,-8.474181,-3.615555,3.921238,-0.100335,0.085827,-0.027489,30.95,66.9449820969379
7252,-8.502895,-3.625725,3.898506,-0.099113,0.078649,-0.027489,30.93,67.1324375736303
7262,-8.502296,-3.620939,3.893721,-0.096975,0.069791,-0.027336,30.93,67.152238875711
7272,-8.500502,-3.626323,3.872783,-0.096211,0.059865,-0.02642,30.93,67.2635908783115
7282,-8.522038,-3.628716,3.865605,-0.09499,0.047037,-0.02474,30.93,67.3471644884557
7292,-8.523833,-3.635296,3.850052,-0.093004,0.034361,-0.023824,30.93,67.438422429598
7302,-8.827123,-3.36371,3.531208,-0.091477,0.004581,-0.025198,30.93,69.5032997854672
7315,-8.697312,-3.457031,3.721437,-0.043371,0.009163,-0.075747,30.91,68.3160369060685
7322,-8.430512,-3.65384,3.827918,-0.02138,0.002902,-0.096975,30.89,67.3829123919189
7332,-8.493324,-3.644269,3.848257,-0.020769,-0.010996,-0.08659,30.89,67.3940652344814
7342,-8.457432,-3.622734,3.851846,-0.021228,-0.025045,-0.078649,30.93,67.2834571278058
7352,-8.495717,-3.635296,3.853043,-0.021533,-0.038943,-0.072998,30.93,67.3658449007032
7362,-8.481958,-3.655036,3.858427,-0.021991,-0.053756,-0.06521,30.94,67.3267070717478
7372,-8.471789,-3.636492,3.858427,-0.022602,-0.067042,-0.05849,30.94,67.2898717127315
7382,-8.479566,-3.641278,3.866203,-0.022449,-0.080634,-0.051924,30.94,67.2687683679985
7392,-8.469396,-3.646064,3.874578,-0.022755,-0.092852,-0.04612,30.94,67.2080217787371
7402,-8.47119,-3.629314,3.899105,-0.023213,-0.104,-0.039248,30.91,67.0675486641703
7412,-8.460423,-3.635296,3.896712,-0.024893,-0.113621,-0.035736,30.91,67.0633512466097
7422,-8.462815,-3.620341,3.918845,-0.025198,-0.12202,-0.028711,30.93,66.9383673256087
7432,-8.430512,-3.629314,3.927818,-0.026573,-0.129198,-0.023671,30.93,66.8322079688809
7442,-8.449057,-3.628716,3.952943,-0.027642,-0.132558,-0.017715,30.93,66.7378173777931
7452,-8.425727,-3.620939,3.958327,-0.027184,-0.135001,-0.011912,30.93,66.6539299409419
7462,-8.423933,-3.61077,3.994219,-0.027336,-0.136223,-0.006109,30.89,66.4522243562989
7472,-8.417951,-3.61735,4.003192,-0.026878,-0.135001,0.00672,30.89,66.3984437514216
7482,-8.387442,-3.616153,4.013362,-0.026725,-0.127671,0.012981,30.91,66.2793992416756
7492,-8.382656,-3.609573,4.022335,-0.025351,-0.12202,0.019853,30.9,66.2160331707628
7502,-8.375478,-3.59402,4.0337,-0.024587,-0.114537,0.026573,30.9,66.1267194462638
7512,-8.349156,-3.601198,4.028915,-0.022907,-0.105832,0.034208,30.89,66.1021653608944
7522,-8.350951,-3.586841,4.048656,-0.021838,-0.0956,0.041081,30.89,65.9888360491449
7532,-8.341978,-3.589234,4.054638,-0.020006,-0.085216,0.050244,30.89,65.9402463744271
7542,-8.330612,-3.583252,4.061816,-0.018937,-0.07422,0.05849,30.89,65.8723518523383
7552,-8.332406,-3.575475,4.058825,-0.016952,-0.061697,0.067348,30.91,65.8847442040602
7562,-8.333604,-3.578466,4.069593,-0.016341,-0.049633,0.074984,30.91,65.8334670467115
7572,-8.340183,-3.571288,4.065406,-0.014355,-0.037721,0.083078,30.92,65.8630740666972
7582,-8.340183,-3.576073,4.057031,-0.013134,-0.025351,0.089644,30.92,65.9115697454153
7592,-8.360522,-3.569493,4.077968,-0.012981,-0.013592,0.097433,30.94,65.8394677570633
7602,-8.359925,-3.563511,4.074977,-0.012981,-0.002443,0.102778,30.94,65.8483473830666
7612,-8.374281,-3.574877,4.063013,-0.011912,0.009163,0.10797,30.93,65.9526106922403
7622,-8.376674,-3.566502,4.069593,-0.01237,0.019853,0.112094,30.93,65.9155512200349
7632,-8.385648,-3.552145,4.067799,-0.012981,0.030085,0.116064,30.91,65.93116690541
7642,-8.418548,-3.552145,4.076173,-0.014813,0.038026,0.117286,30.91,65.9581546782625
7652,-8.446664,-3.555735,4.070191,-0.018479,0.056352,0.118813,30.95,66.0529253048906
7662,-8.455637,-3.547958,4.063013,-0.021075,0.063988,0.115301,30.89,66.1025948590085
7672,-8.469995,-3.551547,4.071388,-0.023976,0.070402,0.112399,30.89,66.0927229822085
7682,-8.487342,-3.557529,4.056432,-0.027336,0.077427,0.107818,30.94,66.212893055277
7692,-8.510672,-3.559324,4.056432,-0.030849,0.082314,0.102014,30.94,66.2638323401115
7702,-8.508877,-3.558726,4.055834,-0.034819,0.087048,0.095295,30.91,66.2626265081901
7712,-8.526226,-3.562315,4.051049,-0.039554,0.090713,0.084605,30.91,66.3272555843535
7722,-8.53819,-3.552743,4.042674,-0.043219,0.094226,0.074373,30.95,66.3875719716047
7732,-8.566903,-3.56052,4.037888,-0.048869,0.096364,0.062614,30.95,66.4793127828693
7742,-8.557332,-3.564708,4.031906,-0.053451,0.097738,0.05116,30.93,66.4940522610487
7752,-8.574679,-3.56411,4.015755,-0.059712,0.097891,0.037568,30.93,66.6135872790535
7762,-8.587242,-3.56411,4.012166,-0.064599,0.097128,0.024129,30.91,66.6582829383541
7772,-8.586046,-3.576073,3.995416,-0.069791,0.094837,0.009316,30.91,66.7531527849007
7782,-8.583653,-3.583252,3.99063,-0.075136,0.092088,-0.004429,30.92,66.7792841694301
7792,-8.583653,-3.582056,3.976871,-0.080634,0.088117,-0.018173,30.92,66.8498745714242
7802,-8.586046,-3.578466,3.954139,-0.085216,0.082925,-0.030238,30.92,66.9702011522304
7812,-8.569296,-3.580261,3.936193,-0.090103,0.0759,-0.04383,30.92,67.0312000717952
7822,-8.574679,-3.588636,3.918247,-0.098655,0.05849,-0.067653,30.93,67.1432196460907
7832,-8.574679,-3.597011,3.89731,-0.102473,0.048717,-0.076664,30.94,67.260002434685
7842,-8.556733,-3.588037,3.89073,-0.105985,0.037263,-0.084605,30.94,67.2504906218972
7852,-8.545966,-3.579663,3.869792,-0.109039,0.025962,-0.090408,30.91,67.3316173794502
7862,-8.541779,-3.582056,3.853641,-0.111025,0.012828,-0.095142,30.91,67.4102701569183
7872,-8.528021,-3.593421,3.848257,-0.112705,-0.00168,-0.098655,30.94,67.4205075591309
7882,-8.511868,-3.59402,3.838088,-0.113774,-0.01741,-0.100335,30.94,67.4420645819707
7892,-8.505887,-3.591029,3.824927,-0.114537,-0.032376,-0.098502,30.91,67.4970686256282
7902,-8.492128,-3.591627,3.82732,-0.113926,-0.048258,-0.0956,30.91,67.4570524003431
7912,-8.467003,-3.59402,3.812365,-0.113468,-0.063835,-0.092088,30.93,67.4875572177818
7922,-8.476574,-3.58744,3.828516,-0.112399,-0.079718,-0.085368,30.93,67.4155454665931
7932,-8.46102,-3.598207,3.821338,-0.111025,-0.094837,-0.077885,30.9,67.4313324029286
7942,-8.449057,-3.596412,3.819543,-0.109345,-0.10965,-0.068875,30.9,67.414988450469
7952,-8.437093,-3.582056,3.829713,-0.106749,-0.123242,-0.057116,30.89,67.323999020493
7962,-8.432905,-3.601198,3.835097,-0.104611,-0.137139,-0.045204,30.89,67.303464312143
7972,-8.423334,-3.586841,3.84048,-0.10064,-0.149051,-0.032529,30.91,67.2426596662015
7982,-8.404191,-3.589234,3.869194,-0.097738,-0.159283,-0.01909,30.91,67.0525541568609
7992,-8.389835,-3.594618,3.890131,-0.09331,-0.176235,0.008399,30.93,66.916267409293
8002,-8.509476,-3.491727,3.77049,-0.084147,-0.181122,0.021075,30.93,67.7100665887699
8012,-8.427522,-3.533601,3.902694,-0.064446,-0.173028,0.013744,30.93,66.8742405506626
8022,-8.36112,-3.601198,3.942175,-0.055283,-0.171806,0.018173,30.91,66.5858917660982
8032,-8.361719,-3.601796,3.958327,-0.051618,-0.169973,0.033139,30.91,66.5021538688118
8042,-8.352147,-3.589234,3.979862,-0.0478,-0.167072,0.047342,30.95,66.3564593495798
8052,-8.36112,-3.604189,3.999603,-0.043677,-0.162337,0.058643,30.95,66.2849743192784
8062,-8.363514,-3.605984,4.012166,-0.040775,-0.155312,0.069486,30.92,66.2254918139566
8072,-8.362915,-3.602993,4.038486,-0.037568,-0.145844,0.07926,30.92,66.0829309536518
8082,-8.374879,-3.606582,4.053442,-0.034514,-0.135765,0.086132,30.93,66.0333137639677
8092,-8.357532,-3.614957,4.079762,-0.032376,-0.124158,0.092241,30.93,65.8658003004131
8102,-8.376674,-3.611368,4.092923,-0.030696,-0.110872,0.096975,30.93,65.8348146495989
8112,-8.370093,-3.619144,4.097709,-0.029474,-0.095753,0.098807,30.93,65.8028457915794
8122,-8.38445,-3.614957,4.113262,-0.029016,-0.079871,0.100029,30.95,65.7486968743333
8132,-8.383853,-3.616153,4.11745,-0.029016,-0.063225,0.09896,30.95,65.7266784620313
8142,-8.391031,-3.612564,4.123432,-0.029322,-0.045968,0.097433,30.89,65.7076593016713
8152,-8.383254,-3.61376,4.134798,-0.031001,-0.028863,0.094684,30.89,65.6327455428855
8162,-8.401799,-3.622734,4.13719,-0.033445,-0.01069,0.087506,30.89,65.6687677045401
8172,-8.413763,-3.619144,4.141378,-0.038332,0.023976,0.084452,30.93,65.6694872145914
8182,-8.423334,-3.614957,4.126423,-0.042608,0.039401,0.079412,30.93,65.763925878899
8192,-8.429317,-3.614359,4.121039,-0.0478,0.054367,0.07422,30.88,65.8042118221857
8202,-8.437692,-3.619144,4.112664,-0.051771,0.068111,0.069028,30.88,65.8700890254742
8212,-8.453843,-3.616751,4.101896,-0.055741,0.080329,0.064446,30.93,65.9583568752648
8222,-8.449656,-3.616751,4.09053,-0.059865,0.090561,0.059865,30.93,66.0085418723389
8232,-8.455637,-3.615555,4.082156,-0.065057,0.099876,0.0562,30.96,66.0637512459784
8242,-8.475977,-3.605984,4.055236,-0.07025,0.10736,0.052076,30.96,66.2383669895881
8252,-8.477173,-3.619144,4.049852,-0.074526,0.112705,0.047953,30.93,66.2807638284079
8262,-8.508877,-3.618546,4.029513,-0.078802,0.114995,0.043982,30.93,66.4526536656769
8272,-8.511271,-3.622135,4.005585,-0.081856,0.116828,0.041539,30.9,66.5855306448927
8282,-8.518449,-3.61376,3.988237,-0.085979,0.115606,0.037263,30.9,66.683580268338
8292,-8.519646,-3.619144,3.972086,-0.08995,0.112399,0.033903,30.93,66.7751651347861
8302,-8.522038,-3.619742,3.961318,-0.092699,0.107665,0.030696,30.93,66.836927359462
8312,-8.872587,-3.332604,3.641278,-0.089644,0.105374,0.021838,30.92,68.9837513738769
8322,-8.583055,-3.525824,3.872185,-0.054672,0.128587,-0.030849,30.92,67.3489665249849
8332,-8.508877,-3.628716,3.888337,-0.043524,0.129045,-0.045509,30.91,67.2007518218645
8342,-8.523234,-3.620341,3.896114,-0.046426,0.109192,-0.039554,30.91,67.1818104150762
8352,-8.544769,-3.627519,3.875176,-0.047342,0.097128,-0.040317,30.95,67.3417179411117
8362,-8.540583,-3.62393,3.856034,-0.047189,0.08323,-0.039095,30.94,67.4309088441023
8372,-8.505288,-3.626323,3.848855,-0.047189,0.069028,-0.040317,30.94,67.3995771896163
8382,-8.548957,-3.627519,3.841677,-0.04612,0.053603,-0.040623,30.92,67.5264256786835
8392,-8.520243,-3.619144,3.829114,-0.045204,0.037263,-0.041233,30.92,67.5278813980911
8402,-8.547162,-3.61735,3.831507,-0.043524,0.020464,-0.041997,30.95,67.5677912048434
8412,-8.512466,-3.62393,3.830909,-0.043219,0.003665,-0.044746,30.95,67.5068343628519
8422,-8.529815,-3.615555,3.82732,-0.041997,-0.012523,-0.04444,30.94,67.5535458618314
8432,-8.52144,-3.608377,3.823731,-0.04047,-0.02978,-0.047342,30.94,67.5495606118517
8442,-8.514261,-3.605386,3.827918,-0.039401,-0.044288,-0.047189,30.94,67.5104009090847
8452,-8.502895,-3.604787,3.839284,-0.037415,-0.059865,-0.047953,30.94,67.4267966264341
8462,-8.491529,-3.593421,3.853043,-0.03543,-0.072846,-0.047647,30.91,67.3211630671644
8472,-8.488539,-3.604189,3.848855,-0.034667,-0.086285,-0.046426,30.91,67.3465233322433
8482,-8.472985,-3.602993,3.854239,-0.032681,-0.098044,-0.043524,30.93,67.2853183677932
8492,-8.461619,-3.591029,3.872185,-0.031154,-0.107818,-0.040164,30.93,67.1566465482221
8502,-8.444869,-3.576672,3.892524,-0.029474,-0.117133,-0.035888,30.95,67.0019123366964
8512,-8.420941,-3.57727,3.896114,-0.027489,-0.130267,-0.023518,30.95,66.9338099842103
8522,-8.406584,-3.582056,3.915854,-0.023671,-0.13439,-0.014508,30.95,66.8035393336178
8532,-8.405987,-3.562315,3.915256,-0.021533,-0.137292,-0.005651,30.95,66.7879213713341
8542,-8.385049,-3.562913,3.939184,-0.020006,-0.137597,0.005345,30.95,66.6176587848882
8552,-8.378469,-3.566502,3.942175,-0.018631,-0.138056,0.014966,30.91,66.5911493236754
8562,-8.382057,-3.571886,3.962514,-0.016493,-0.137139,0.025656,30.91,66.4959113823245
8572,-8.367103,-3.558127,3.985246,-0.014508,-0.135765,0.036194,30.91,66.3315224559795
8582,-8.382656,-3.56052,3.988835,-0.012828,-0.132252,0.046273,30.91,66.3478587283605
8592,-8.380263,-3.561717,4.010371,-0.013439,-0.127976,0.0562,30.93,66.2302541709598
8602,-8.385648,-3.547958,4.015755,-0.012828,-0.123853,0.065515,30.93,66.2009249331583
8612,-8.387442,-3.554538,4.028915,-0.012217,-0.118202,0.073609,30.9,66.1414533972324
8622,-8.392825,-3.546762,4.046263,-0.014203,-0.111177,0.081092,30.9,66.0547515025392
8632,-8.395219,-3.556931,4.056432,-0.01405,-0.104611,0.086285,30.92,66.0157632807481
8642,-8.408977,-3.540779,4.071388,-0.015882,-0.095753,0.089034,30.92,65.9522951290468
8652,-8.420342,-3.553342,4.083352,-0.018631,-0.08659,0.091477,30.91,65.9255677822707
8662,-8.412566,-3.56052,4.08754,-0.021228,-0.076205,0.091935,30.91,65.8934747588956
8672,-8.432307,-3.549752,4.116253,-0.025504,-0.064752,0.090713,30.94,65.7764490158133
8682,-8.440084,-3.558127,4.119842,-0.029016,-0.053145,0.085521,30.94,65.7821633447127
8692,-8.434101,-3.571288,4.128816,-0.038026,-0.026878,0.079871,30.96,65.7345786731128
8702,-8.440681,-3.568297,4.118646,-0.042913,-0.013897,0.074831,30.92,65.7989231861366
8712,-8.451449,-3.575475,4.118646,-0.047953,-0.000611,0.068417,30.92,65.8286105658576
8722,-8.463414,-3.574877,4.116851,-0.053603,0.012523,0.060781,30.92,65.8630696181825
8732,-8.459227,-3.585046,4.127619,-0.057574,0.025045,0.052076,30.92,65.8074182772011
8742,-8.455039,-3.582654,4.110271,-0.06185,0.037721,0.044288,30.99,65.8863607765986
8752,-8.466404,-3.581457,4.106084,-0.065973,0.050091,0.037415,30.99,65.9313563713721
8762,-8.452048,-3.586243,4.091727,-0.069791,0.061392,0.029474,30.89,65.9796879585495
8772,-8.464012,-3.598805,4.071986,-0.071777,0.072235,0.021228,30.89,66.1193215407339
8782,-8.455637,-3.60718,4.071986,-0.073457,0.081092,0.015577,30.93,66.109116284028
8792,-8.467003,-3.601796,4.039085,-0.075289,0.089034,0.008399,30.93,66.2999117437295
8802,-8.474779,-3.61077,4.032505,-0.076358,0.09499,0.002443,30.91,66.358676959722
8812,-8.468199,-3.604787,4.015755,-0.076664,0.100029,-0.004123,30.91,66.4270138537227
8822,-8.466404,-3.617948,4.001398,-0.076816,0.104305,-0.008552,30.93,66.5101327528644
8832,-8.485548,-3.620341,3.991228,-0.078191,0.105527,-0.013286,30.93,66.6054328211135
8842,-8.485548,-3.627519,3.981059,-0.078496,0.106596,-0.017868,30.89,66.6650199404549
8852,-8.500502,-3.623332,3.954139,-0.07758,0.106138,-0.021686,30.89,66.8332693498745
8862,-8.513663,-3.628716,3.933203,-0.079107,0.098044,-0.028863,30.9,66.9748094179087
8872,-8.528618,-3.624528,3.914658,-0.079565,0.091783,-0.031612,30.94,67.0990195993577
8882,-8.519047,-3.629912,3.913461,-0.078954,0.084147,-0.033903,30.94,67.0904475962102
8892,-8.531011,-3.633501,3.896114,-0.080176,0.074067,-0.036499,30.94,67.2089999772328
8902,-8.525627,-3.628716,3.885346,-0.08094,0.062156,-0.038637,30.94,67.2505274221976
8912,-8.534599,-3.626921,3.874578,-0.081703,0.04948,-0.039248,30.92,67.3237927120915
8922,-8.539985,-3.61735,3.867998,-0.082314,0.036194,-0.040164,30.92,67.3610919635431
8932,-8.726027,-3.337988,3.677768,-0.079871,0.024129,-0.04215,30.94,68.5128083724306
8942,-8.683554,-3.391826,3.774678,-0.05681,0.02642,-0.074526,30.94,67.9569394922105
8952,-8.457432,-3.628716,3.841677,-0.044746,0.021991,-0.090103,30.95,67.3425782203599
8962,-8.516654,-3.633501,3.853043,-0.045357,0.008552,-0.081551,30.95,67.4066247933385
8972,-8.46102,-3.625126,3.85723,-0.046426,-0.004887,-0.074984,30.93,67.2643461501661
8982,-8.493324,-3.635296,3.853043,-0.047189,-0.018631,-0.068417,30.93,67.360998680988
8992,-8.484949,-3.631108,3.858427,-0.047037,-0.03146,-0.06017,30.89,67.3119288949415
9002,-8.464012,-3.624528,3.855436,-0.047189,-0.04444,-0.052687,30.89,67.2794222200826
9012,-8.453244,-3.625725,3.85723,-0.046884,-0.0562,-0.044899,30.91,67.2490028787039
9022,-8.449057,-3.620939,3.879962,-0.046578,-0.067959,-0.035736,30.91,67.1158875657033
9032,-8.438888,-3.61735,3.884149,-0.045051,-0.087659,-0.020006,30.93,67.0696689676565
9042,-8.443673,-3.620939,3.89073,-0.04383,-0.095753,-0.010996,30.93,67.0478668838462
9052,-8.416754,-3.620939,3.894319,-0.041386,-0.101098,-0.001069,30.93,66.9733387186601
9062,-8.42453,-3.625126,3.923033,-0.03879,-0.106749,0.006872,30.93,66.8413176265127
9072,-8.408977,-3.631706,3.929613,-0.036805,-0.110108,0.015119,30.93,66.7801401306849
9082,-8.429914,-3.611966,3.943372,-0.034056,-0.112705,0.022907,30.9,66.73343818839
9092,-8.412566,-3.616153,3.959523,-0.03146,-0.112552,0.029474,30.9,66.6158026707592
9102,-8.417951,-3.609573,3.966104,-0.029169,-0.11133,0.036957,30.89,66.5864872397956
9112,-8.399406,-3.606582,3.981657,-0.026267,-0.109039,0.043677,30.89,66.4628618160409
9122,-8.395219,-3.612564,3.987041,-0.023976,-0.104763,0.048717,30.93,66.4310928634199
9132,-8.395817,-3.602395,3.996612,-0.020311,-0.099418,0.055741,30.93,66.3727273049808
9142,-8.389835,-3.599404,4.010969,-0.018173,-0.093462,0.060628,30.91,66.2817732099733
9152,-8.4012,-3.61077,4.022335,-0.016493,-0.085674,0.064294,30.91,66.2565287560503
9162,-8.401799,-3.598207,4.027121,-0.014355,-0.077122,0.068417,30.89,66.2212276570384
9172,-8.403594,-3.579065,4.036692,-0.013134,-0.068875,0.072846,30.89,66.1574021900782
9182,-8.408977,-3.591029,4.042076,-0.012217,-0.059865,0.074678,30.91,66.1515229510291
9192,-8.408977,-3.596412,4.059424,-0.010996,-0.049633,0.078191,30.91,66.0655667363469
9202,-8.407183,-3.580261,4.057031,-0.011301,-0.039859,0.081398,30.91,66.0595259862498
9212,-8.42453,-3.583252,4.052245,-0.011301,-0.022755,0.082161,30.91,66.1243467884573
9222,-8.431709,-3.582654,4.052843,-0.010996,-0.013744,0.08323,30.91,66.1359720723295
9232,-8.42453,-3.578466,4.041477,-0.011606,-0.005345,0.083078,30.92,66.1763925305178
9242,-8.432307,-3.574877,4.046861,-0.013286,0.002138,0.08323,30.92,66.1615158958114
9252,-8.435298,-3.564708,4.034299,-0.015272,0.008858,0.083383,30.93,66.2245069314377
9262,-8.435897,-3.565904,4.03729,-0.016646,0.014813,0.082467,30.93,66.2111861123224
9272,-8.453244,-3.566502,4.0337,-0.018937,0.019853,0.08094,30.95,66.267352412263
9282,-8.455637,-3.573681,4.031906,-0.02138,0.024129,0.078802,30.95,66.2882307807968
9292,-8.468798,-3.577868,4.026522,-0.023671,0.028558,0.077274,30.92,66.3479432067172
9302,-8.471789,-3.5671,4.020541,-0.02642,0.031918,0.074526,30.92,66.3759568694438
9316,-8.483154,-3.571288,4.010371,-0.031918,0.036346,0.066737,30.93,66.4568012713741
9322,-8.483154,-3.571288,4.010371,-0.031918,0.036346,0.066737,30.93,66.4568012713741
9332,-8.511868,-3.578466,4.015156,-0.035277,0.038179,0.062766,30.97,66.4983259130816
9342,-8.497512,-3.573082,4.007978,-0.038179,0.038943,0.056963,30.97,66.5010225250076
9352,-8.507083,-3.565904,4.00379,-0.041233,0.04047,0.050702,30.91,66.5366427875504
9362,-8.516056,-3.571288,3.988835,-0.044288,0.040164,0.042761,30.91,66.638268965359
9372,-8.532208,-3.573681,3.983452,-0.049633,0.039401,0.027642,30.91,66.7020721185495
9382,-8.539985,-3.571288,3.997808,-0.057116,0.038179,0.01909,30.91,66.6411944751791
9392,-8.535198,-3.568297,3.981657,-0.062003,0.036346,0.009621,30.91,66.712980802919
9402,-8.539386,-3.570091,3.981657,-0.066279,0.033598,0.000153,30.9,66.7232228812717
9412,-8.547761,-3.565904,3.97747,-0.07086,0.030696,-0.010232,30.9,66.7588208824245
9422,-8.548957,-3.570091,3.964907,-0.074984,0.027031,-0.020617,30.92,66.8305482056682
9432,-8.553144,-3.569493,3.951746,-0.07926,0.022907,-0.030085,30.92,66.9074840376209
9442,-8.547162,-3.579065,3.951746,-0.083841,0.01741,-0.039554,30.92,66.9034076899102
9452,-8.532805,-3.578466,3.940381,-0.088575,0.012523,-0.049938,30.92,66.9328556747769
9462,-8.545966,-3.571886,3.937988,-0.091477,0.00672,-0.058185,30.93,66.9667989424374
9472,-8.540583,-3.578466,3.932006,-0.094531,0.000916,-0.065363,30.93,66.9927470278895
9482,-8.525627,-3.573681,3.920042,-0.098197,-0.006567,-0.072082,30.91,67.0206969389775
9492,-8.520243,-3.5671,3.91406,-0.100793,-0.013439,-0.077122,30.91,67.0354090669642
9502,-8.505887,-3.583252,3.908676,-0.102625,-0.021228,-0.081551,30.95,67.048174405213
9512,-8.486146,-3.576073,3.900899,-0.103847,-0.028405,-0.083078,30.95,67.0423317960583
9522,-8.480762,-3.579663,3.894319,-0.104153,-0.036194,-0.083536,30.96,67.0690903560704
9532,-8.47119,-3.573681,3.893721,-0.104,-0.043524,-0.080634,30.96,67.0473335672899
9542,-8.436494,-3.579663,3.88714,-0.102473,-0.05116,-0.078343,30.93,67.0157232365464
9552,-8.432905,-3.58385,3.884149,-0.096669,-0.065821,-0.06689,30.93,67.0278284840133
9562,-8.41137,-3.569493,3.886542,-0.093768,-0.072998,-0.059101,30.95,66.9578387545832
9572,-8.417352,-3.583252,3.896712,-0.089339,-0.078343,-0.04948,30.92,66.9284684737042
9582,-8.397612,-3.580261,3.900301,-0.084299,-0.082467,-0.03879,30.92,66.8656846836303
9592,-8.390432,-3.57727,3.91406,-0.07926,-0.086285,-0.027794,30.88,66.7750068563748
9602,-8.373085,-3.578466,3.92064,-0.074067,-0.089186,-0.015119,30.88,66.7047701557261
9612,-8.379066,-3.589832,3.923033,-0.069486,-0.090255,-0.003054,30.94,66.7148445646673
9622,-8.369495,-3.580859,3.945167,-0.064599,-0.090866,0.009316,30.94,66.5692851226382
9632,-8.369495,-3.588037,3.949952,-0.058796,-0.089797,0.02138,30.89,66.5504284244858
9642,-8.373683,-3.58385,3.954139,-0.05452,-0.087506,0.033903,30.89,66.5333181439132
9652,-8.371889,-3.595216,3.978666,-0.05116,-0.08323,0.045815,30.92,66.4101538271959
9662,-8.373683,-3.589832,3.996014,-0.047495,-0.078954,0.055741,30.92,66.3174990198371
9672,-8.370093,-3.59043,4.012166,-0.044593,-0.073609,0.064446,30.91,66.2252570386452
9682,-8.38445,-3.595814,4.017549,-0.041844,-0.066432,0.073457,30.91,66.2324340384339
9692,-8.375478,-3.600002,4.022335,-0.041539,-0.058796,0.079718,30.9,66.1919715411743
9702,-8.39462,-3.606582,4.03729,-0.041233,-0.049022,0.085368,30.9,66.160226836138
9712,-8.39821,-3.60718,4.04746,-0.040775,-0.04047,0.090103,30.89,66.1150966788761
9722,-8.42812,-3.603591,4.064807,-0.041081,-0.022297,0.094531,30.89,66.0847985719803
9732,-8.426923,-3.611966,4.072584,-0.043982,-0.011759,0.094379,30.91,66.04927919886
9742,-8.438289,-3.6006,4.061816,-0.045815,-0.002138,0.092546,30.88,66.1193414281212
9752,-8.447262,-3.608377,4.065406,-0.048411,0.007636,0.090866,30.88,66.1267243218139
9762,-8.456235,-3.628117,4.057629,-0.051313,0.017104,0.088117,30.89,66.2041750628115
9772,-8.465807,-3.615555,4.051049,-0.053298,0.024893,0.083994,30.89,66.2473372959702
9782,-8.478967,-3.615555,4.050451,-0.05681,0.032834,0.079412,30.93,66.2781961040816
9792,-8.48136,-3.617948,4.051049,-0.059254,0.038943,0.074067,30.93,66.2822677651132
9802,-8.475378,-3.621537,4.035496,-0.062308,0.043677,0.067195,30.91,66.3539813572893
9812,-8.488539,-3.622734,4.013362,-0.06521,0.048258,0.061697,30.91,66.4981230191971
9822,-8.514261,-3.613162,4.001996,-0.067806,0.050702,0.056047,30.9,66.6025432601415
9832,-8.513064,-3.625725,3.997808,-0.07025,0.051771,0.04948,30.9,66.6329998341949
9842,-8.505887,-3.632305,3.989433,-0.072693,0.051313,0.042761,30.9,66.6676610464073
9852,-8.512466,-3.631706,3.975675,-0.074984,0.049175,0.03711,30.9,66.7526229284112
9862,-8.529815,-3.622135,3.949952,-0.076358,0.04612,0.031612,30.94,66.9144694126924
9872,-8.538787,-3.619742,3.939782,-0.077733,0.041233,0.025351,30.94,66.9839969392384
9882,-8.541181,-3.629314,3.927818,-0.079718,0.034819,0.01909,30.91,67.0598173390446
9892,-8.544172,-3.625725,3.917051,-0.08094,0.027794,0.010079,30.91,67.119202864131
9902,-8.809774,-3.315854,3.625725,-0.078038,0.016341,0.003054,30.92,68.9344412919135
9912,-8.547761,-3.526422,3.872783,-0.046273,0.045662,-0.039859,30.9,67.2744773892817
9922,-8.490333,-3.628716,3.891328,-0.035583,0.048258,-0.051924,30.9,67.1471939705361
9932,-8.504092,-3.631108,3.882953,-0.035736,0.039554,-0.048258,30.91,67.221442596122
9942,-8.492128,-3.611368,3.88714,-0.035736,0.02978,-0.044593,30.91,67.1578271006095
9952,-8.514859,-3.625725,3.881158,-0.036346,0.018479,-0.042608,30.94,67.2481173232625
9962,-8.510075,-3.626921,3.877569,-0.037415,0.007636,-0.040317,30.94,67.258335537989
9972,-8.483753,-3.620341,3.877569,-0.037263,-0.00336,-0.037568,30.92,67.1990248183436
9982,-8.501699,-3.62393,3.872185,-0.036957,-0.015119,-0.034514,30.92,67.2671034335228
9992,-8.470592,-3.634698,3.873382,-0.036652,-0.026267,-0.032223,30.92,67.206816340288
10002,-8.497512,-3.621537,3.88056,-0.036346,-0.037568,-0.029016,30.92,67.2123447422991
10012,-8.491529,-3.62393,3.876373,-0.035277,-0.048411,-0.027336,30.93,67.2243164407484
10022,-8.492725,-3.607778,3.88056,-0.034667,-0.059101,-0.025656,30.93,67.1906367970685
10032,-8.544769,-3.456432,3.863212,-0.034208,-0.068417,-0.023671,30.91,67.2603308917025
10042,-8.474779,-3.59043,3.889533,-0.031154,-0.077274,-0.027947,30.91,67.0914228475809
10052,-8.478967,-3.619144,3.903292,-0.030085,-0.084452,-0.02642,30.9,67.0525085538989
10062,-8.46461,-3.6006,3.927818,-0.029627,-0.090866,-0.02306,30.9,66.8773980150805
10072,-8.447262,-3.602395,3.938586,-0.028253,-0.100487,-0.018784,30.88,66.7862589718571
10082,-8.439486,-3.596412,3.951149,-0.027489,-0.102473,-0.016188,30.89,66.698551849089
10092,-8.410771,-3.592823,3.959523,-0.02642,-0.104305,-0.013286,30.89,66.5910711928027
10102,-8.439486,-3.600002,3.973282,-0.025504,-0.104153,-0.010385,30.91,66.5852575249562
10112,-8.413164,-3.597609,3.980461,-0.025198,-0.102014,-0.008399,30.91,66.4900514145066
10122,-8.413763,-3.592823,3.995416,-0.024282,-0.09896,-0.005498,30.9,66.4083010555548
10132,-8.395817,-3.586841,3.999005,-0.023671,-0.094684,-0.002596,30.9,66.3460206703343
10142,-8.39821,-3.575475,4.006782,-0.02306,-0.08995,0.00168,30.92,66.2998695558402
10152,-8.402397,-3.585645,4.019942,-0.020922,-0.083078,0.005956,30.92,66.2487838620099
10162,-8.391629,-3.575475,4.028915,-0.019242,-0.075289,0.008858,30.91,66.1694392591526
10172,-8.377871,-3.579065,4.030112,-0.018479,-0.066737,0.01405,30.91,66.1370092295395
10182,-8.383853,-3.582056,4.030112,-0.017257,-0.057116,0.018784,30.92,66.152533385181
10192,-8.373683,-3.58385,4.038486,-0.016646,-0.048258,0.02138,30.92,66.0883889087172
10202,-8.378469,-3.570091,4.054638,-0.017104,-0.038485,0.025656,30.93,66.0011914196288
10212,-8.382656,-3.571886,4.04746,-0.016341,-0.029016,0.030391,30.93,66.0495219044368
10222,-8.375478,-3.570091,4.056432,-0.016035,-0.018326,0.035125,30.92,65.9853374498021
10232,-8.395219,-3.562315,4.067201,-0.016035,-0.008094,0.04047,30.92,65.9642095357588
10242,-8.383254,-3.571288,4.058825,-0.014966,0.010996,0.049633,30.89,65.9906010320299
10252,-8.398808,-3.564708,4.050451,-0.016799,0.020311,0.05284,30.88,66.0619197968433
10262,-8.412566,-3.569493,4.048058,-0.018326,0.028711,0.056352,30.88,66.1082629929956
10272,-8.42453,-3.571886,4.057629,-0.019395,0.037415,0.059865,30.91,66.0858731987654
10282,-8.427522,-3.561717,4.053442,-0.020769,0.045509,0.063988,30.91,66.1049827290344
10292,-8.432307,-3.573082,4.044468,-0.022602,0.052687,0.065821,30.92,66.1724225554638
10302,-8.44427,-3.577868,4.032505,-0.025045,0.059712,0.066279,30.92,66.2647715908436
10312,-8.455637,-3.564708,4.038486,-0.026573,0.065515,0.066584,30.85,66.2457819350877
10322,-8.456235,-3.573681,4.033103,-0.028711,0.070708,0.066279,30.85,66.2832341972213
10332,-8.480762,-3.588636,4.019942,-0.031918,0.074831,0.063683,30.94,66.4171136022475
10342,-8.474181,-3.583252,4.015755,-0.034208,0.078191,0.061392,30.94,66.4203855504225
10352,-8.489137,-3.580859,4.0008,-0.036805,0.080329,0.057879,30.94,66.5278815521657
10362,-8.508279,-3.592225,3.991827,-0.039248,0.081551,0.053756,30.94,66.624777147612
10372,-8.517252,-3.599404,3.988835,-0.040928,0.081398,0.047495,30.92,66.6653680132729
10382,-8.513064,-3.59402,3.979862,-0.043371,0.080481,0.041081,30.92,66.6988593035966
10392,-8.52144,-3.597609,3.971487,-0.044899,0.078649,0.034208,30.94,66.7631569581016
10402,-8.53161,-3.597609,3.958327,-0.046731,0.076511,0.027031,30.94,66.8529964948512
10412,-8.528021,-3.596412,3.948158,-0.048717,0.072846,0.012065,30.9,66.8977956222742
10422,-8.53161,-3.602993,3.926622,-0.051313,0.063835,0.004276,30.92,67.0237327097435
10432,-8.530412,-3.608975,3.914658,-0.051771,0.057421,-0.003207,30.92,67.0892194088317
10442,-8.541181,-3.60718,3.911667,-0.053145,0.049786,-0.01069,30.95,67.125343067422
10452,-8.534599,-3.61077,3.901497,-0.053298,0.042455,-0.017257,30.95,67.1684049619224
10462,-8.537591,-3.611368,3.893123,-0.05452,0.032376,-0.023671,30.9,67.2189947589344
10472,-8.542377,-3.60718,3.887738,-0.054214,0.02306,-0.029322,30.9,67.253416485548
10482,-8.545368,-3.62393,3.874578,-0.055894,0.013134,-0.034667,30.91,67.3429952138508
10492,-8.541779,-3.611966,3.876373,-0.056505,0.001833,-0.038332,30.91,67.3160521759577
10502,-8.534599,-3.610171,3.879364,-0.056047,-0.009927,-0.040928,30.91,67.2842302456979
10512,-8.534599,-3.609573,3.874578,-0.056658,-0.022297,-0.042913,30.91,67.3089011252764
10522,-8.534002,-3.613162,3.869792,-0.057574,-0.034667,-0.045509,30.92,67.3359605309902
10532,-8.527422,-3.598805,3.878167,-0.05849,-0.046426,-0.045968,30.92,67.2662054904506
10542,-8.528618,-3.598207,3.872783,-0.059101,-0.058643,-0.045662,30.91,67.2964788719617
10552,-8.523234,-3.60718,3.881158,-0.060018,-0.07086,-0.045662,30.91,67.2491383721462
10562,-8.510672,-3.601198,3.885346,-0.061239,-0.081703,-0.043982,30.92,67.1963412932265
10572,-8.498111,-3.602993,3.896712,-0.062156,-0.091477,-0.042302,30.92,67.1123401062842
10582,-8.495717,-3.601796,3.902096,-0.063377,-0.101404,-0.039095,30.94,67.0780325531407
10592,-8.477173,-3.595216,3.907479,-0.065057,-0.117439,-0.033903,30.88,67.0058156830621
10602,-8.469396,-3.591029,3.921836,-0.066279,-0.124006,-0.029169,30.88,66.910411702295
10612,-8.448458,-3.58744,3.927818,-0.065821,-0.128282,-0.022907,30.93,66.8322959893376
10622,-8.438888,-3.585046,3.939782,-0.066279,-0.131489,-0.01909,30.93,66.7471350003032
10632,-8.440681,-3.593421,3.954139,-0.065668,-0.133016,-0.01405,30.93,66.682636569015
10642,-8.428718,-3.595216,3.964907,-0.065363,-0.132558,-0.007483,30.93,66.6024914681727
10652,-8.418548,-3.598207,3.976273,-0.064446,-0.131489,-0.002291,30.96,66.5239700648502
10662,-8.405987,-3.583252,3.988237,-0.063072,-0.12874,0.004887,30.96,66.4210205768745
10672,-8.397612,-3.573681,3.996014,-0.061697,-0.124158,0.010079,30.93,66.353676676964
10682,-8.377273,-3.588636,4.006782,-0.059254,-0.118355,0.016188,30.93,66.2672848793651
10692,-8.38146,-3.574877,4.018147,-0.057727,-0.111636,0.020617,30.95,66.2038197812979
10702,-8.362316,-3.577868,4.022933,-0.055131,-0.102167,0.027184,30.95,66.1404011560063
10712,-8.353344,-3.57727,4.036094,-0.051771,-0.09331,0.032376,30.92,66.0512701260144
10722,-8.362316,-3.585046,4.046263,-0.04948,-0.082467,0.037874,30.92,66.0242100172054
10732,-8.355738,-3.585645,4.048058,-0.046884,-0.070555,0.042608,30.96,66.0011793266475
10742,-8.363514,-3.589234,4.066004,-0.045051,-0.057727,0.047189,30.96,65.9269585727512
10752,-8.360522,-3.585645,4.068995,-0.042455,-0.044593,0.051007,30.95,65.9014909023138
10762,-8.365308,-3.582056,4.073781,-0.040164,-0.01741,0.057574,30.95,65.8833892619881
10772,-8.35813,-3.588636,4.080361,-0.03711,-0.003512,0.059865,30.95,65.8394704447988
10782,-8.377273,-3.582056,4.071388,-0.036957,0.009621,0.061239,30.9,65.9217352942832
10792,-8.379665,-3.589234,4.064807,-0.036194,0.023366,0.062919,30.9,65.9679899841917
10802,-8.389835,-3.589234,4.071986,-0.035583,0.036805,0.064141,30.93,65.9522266898209
10812,-8.443074,-3.57069,4.057031,-0.034972,0.047953,0.064446,30.93,66.1274801032689
10822,-8.463414,-3.563511,4.051647,-0.03375,0.058338,0.053756,30.89,66.1924295902978
10832,-8.402397,-3.589234,4.052843,-0.03375,0.068417,0.04612,30.89,66.0794154737758
10842,-8.416155,-3.596412,4.052245,-0.034361,0.078343,0.047495,30.94,66.1184547810348
10852,-8.432905,-3.595216,4.03071,-0.03543,0.08491,0.048258,30.94,66.2657124352228
10862,-8.44427,-3.591029,4.026522,-0.03711,0.091324,0.048717,30.9,66.3079225515038
10872,-8.519646,-3.567699,3.989433,-0.037874,0.095295,0.04612,30.9,66.6394871462402
10882,-8.462815,-3.604189,3.995416,-0.037263,0.099418,0.03543,30.92,66.5216651268265
10892,-8.490333,-3.594618,3.97747,-0.038943,0.100793,0.034056,30.92,66.6646642071815
10902,-8.526823,-3.59043,3.965506,-0.039859,0.101251,0.029932,30.91,66.7993149906351
10912,-8.490333,-3.603591,3.968496,-0.040164,0.102167,0.022449,30.91,66.7195987920458
10922,-8.553144,-3.620939,3.923631,-0.040317,0.099724,0.019395,30.91,67.0988787512461
10932,-8.545966,-3.607778,3.910471,-0.040012,0.094073,0.005498,30.91,67.1418819954347
10942,-8.539985,-3.616153,3.89731,-0.037568,0.090408,-0.00168,30.95,67.2059827474282
10952,-8.534599,-3.611966,3.888337,-0.036194,0.085827,-0.008247,30.91,67.2385829569701
10962,-8.553743,-3.59043,3.878766,-0.034056,0.081092,-0.012981,30.91,67.3093253190885
10972,-8.541779,-3.604189,3.878766,-0.031612,0.074678,-0.01573,30.92,67.2968110163062
10982,-8.548359,-3.606582,3.874578,-0.032529,0.064599,-0.018326,30.92,67.3342067146191
10992,-8.552546,-3.599404,3.873382,-0.032223,0.05284,-0.020769,30.9,67.3428474027168
11002,-8.544769,-3.611966,3.863212,-0.031612,0.040928,-0.023213,30.9,67.3913419072701
11012,-8.541779,-3.611966,3.865007,-0.031612,0.028253,-0.028253,30.92,67.3758547354027
11022,-8.547162,-3.598805,3.864408,-0.03146,0.015424,-0.031307,30.92,67.378663555625
11032,-8.548359,-3.604787,3.861418,-0.030849,0.002138,-0.03375,30.93,67.4019135630888
11042,-8.538787,-3.611368,3.866203,-0.031001,-0.011148,-0.035736,30.93,67.3630000384144
11052,-8.541181,-3.62393,3.856632,-0.031001,-0.024587,-0.036652,30.92,67.4289647808059
11062,-8.542377,-3.627519,3.867998,-0.030849,-0.037263,-0.038943,30.92,67.3746315459463
11072,-8.542974,-3.624528,3.862016,-0.030849,-0.050091,-0.043066,30.92,67.404748100392
11082,-8.536993,-3.620939,3.870989,-0.031154,-0.062156,-0.045204,30.92,67.342379852927
11092,-8.525627,-3.628117,3.879364,-0.03207,-0.073151,-0.048717,30.95,67.2814768430191
11102,-8.500502,-3.619144,3.889533,-0.03146,-0.083994,-0.051007,30.95,67.1690742970341
11112,-8.484351,-3.632903,3.896114,-0.030543,-0.102625,-0.052382,30.94,67.1134119954422
11122,-8.475378,-3.619742,3.912863,-0.029932,-0.109956,-0.050702,30.96,66.9952317011856
11132,-8.467602,-3.614957,3.919443,-0.028711,-0.115912,-0.050244,30.96,66.9403445058143
11142,-8.463414,-3.626921,3.92064,-0.028253,-0.120799,-0.048717,30.95,66.9359552006855
11152,-8.434101,-3.614957,3.93739,-0.026878,-0.124464,-0.044746,30.95,66.7763650888145
11162,-8.413164,-3.622734,3.948158,-0.024587,-0.126144,-0.041233,30.94,66.6829046618545
11172,-8.413763,-3.619144,3.958327,-0.022297,-0.125991,-0.034208,30.94,66.6273053304561
11182,-8.402995,-3.607778,3.966702,-0.020311,-0.124311,-0.027642,30.95,66.5503239855816
11192,-8.388638,-3.611966,3.988835,-0.018173,-0.121562,-0.020769,30.95,66.4072007000061
11202,-8.382656,-3.609573,3.993621,-0.014508,-0.11805,-0.012523,30.93,66.3671503309643
11212,-8.368897,-3.612564,4.00379,-0.011759,-0.111788,-0.003818,30.93,66.2871192508263
11222,-8.363514,-3.595814,4.016353,-0.010385,-0.104153,0.005345,30.95,66.1940924436164
11232,-8.355139,-3.588037,4.020541,-0.007178,-0.095753,0.014661,30.95,66.1469701120092
11242,-8.344969,-3.588636,4.028317,-0.003971,-0.086132,0.024587,30.93,66.0847288541173
11252,-8.341978,-3.578466,4.042076,-0.002138,-0.076053,0.033598,30.93,65.9963966497093
11262,-8.347363,-3.582654,4.048656,0.000153,-0.064446,0.043524,30.96,65.9772344114147
11272,-8.349156,-3.565306,4.069593,0.001985,-0.051465,0.051771,30.96,65.8549597714946
11282,-8.350951,-3.574877,4.064209,0.004123,-0.026878,0.068111,30.95,65.8959938308686
11292,-8.356933,-3.575475,4.082156,0.004123,-0.013439,0.074067,30.94,65.8152616214024
11302,-8.373683,-3.565306,4.070191,0.003971,-0.000916,0.079871,30.94,65.9048609870969
11312,-8.370691,-3.578466,4.094718,0.003818,0.012065,0.083383,30.91,65.7819974239005
11322,-8.386844,-3.561717,4.08395,0.003054,0.025045,0.087354,30.91,65.8578719138456
11332,-8.402397,-3.565306,4.082754,0.001985,0.037568,0.089186,30.93,65.9009650511242
11342,-8.416754,-3.561118,4.070191,0.000458,0.048564,0.088423,30.93,65.9937342315877
11352,-8.423933,-3.556333,4.064807,-0.002138,0.058796,0.087048,30.96,66.0329599452241
11362,-8.4347,-3.558726,4.067201,-0.00504,0.06857,0.085063,30.96,66.0456567044623
11372,-8.432905,-3.572484,4.055834,-0.007483,0.078496,0.082161,30.93,66.1136811206123
11382,-8.453244,-3.565306,4.052245,-0.010385,0.086743,0.077885,30.93,66.1692995792785
11392,-8.460423,-3.558726,4.050451,-0.01405,0.094073,0.072082,30.92,66.1880444354869
11402,-8.475378,-3.568297,4.039683,-0.016646,0.10064,0.066126,30.92,66.2845369831579
11412,-8.489736,-3.563511,4.033103,-0.020159,0.104763,0.059407,30.94,66.3449676167615
11422,-8.499306,-3.562315,4.017549,-0.023518,0.108276,0.052076,30.94,66.4452872829383
11432,-8.515458,-3.567699,4.006782,-0.027489,0.110261,0.04383,30.95,66.5400989005973
11442,-8.52144,-3.555136,3.985246,-0.030849,0.111025,0.034972,30.95,66.6541806845381
11452,-8.53161,-3.574279,3.97747,-0.033903,0.107665,0.018631,30.96,66.7326147785735
11462,-8.541779,-3.578466,3.960122,-0.039554,0.104611,0.009927,30.95,66.8479841273472
11472,-8.547162,-3.576672,3.945765,-0.041997,0.098807,0.00168,30.95,66.9326464119083
11482,-8.556733,-3.580261,3.923631,-0.04444,0.091477,-0.007483,30.93,67.0712680041398
11492,-8.560921,-3.574877,3.924827,-0.046426,0.083994,-0.015119,30.93,67.0689640115861
11502,-8.572886,-3.576073,3.910471,-0.048106,0.074526,-0.022755,30.91,67.1696065438421
11512,-8.56451,-3.579663,3.899105,-0.050244,0.063988,-0.031001,30.91,67.2152084544575
11522,-8.569296,-3.576672,3.890131,-0.051924,0.052382,-0.03711,30.95,67.2694873539997
11532,-8.574082,-3.582654,3.88056,-0.053756,0.04047,-0.043219,30.95,67.3344905570301
11542,-8.568698,-3.588037,3.88056,-0.056047,0.027336,-0.048258,30.98,67.328153170238
11552,-8.560921,-3.582056,3.864408,-0.056658,0.013592,-0.053145,30.98,67.3922655849154
11562,-8.559725,-3.58744,3.863212,-0.058185,-0.000153,-0.057574,30.93,67.4006976140373
11572,-8.541779,-3.594618,3.867399,-0.059559,-0.014355,-0.060476,30.93,67.3484575149877
11582,-8.544769,-3.592823,3.869194,-0.059254,-0.027184,-0.063072,30.95,67.3435339616933
11592,-8.528618,-3.595216,3.858427,-0.06017,-0.041539,-0.064446,30.95,67.3695881204985
11602,-8.535198,-3.597609,3.873382,-0.061239,-0.054367,-0.06521,30.93,67.3061681219579
11612,-8.510672,-3.595814,3.881757,-0.062156,-0.067195,-0.064752,30.93,67.2106107399863
11622,-8.49452,-3.608377,3.88056,-0.063072,-0.078802,-0.060781,30.9,67.1948216720636
11632,-8.480165,-3.605386,3.881757,-0.062614,-0.098502,-0.056963,30.94,67.1565579517912
11642,-8.584252,-3.425924,3.834498,-0.060781,-0.106443,-0.054214,30.94,67.4678768025715
11652,-8.488539,-3.526422,3.889533,-0.054062,-0.108123,-0.064599,30.95,67.0644417052489
11662,-8.420342,-3.61376,3.908676,-0.049938,-0.111636,-0.063835,30.95,66.8983839616399
11672,-8.419147,-3.614359,3.924827,-0.048564,-0.114843,-0.05452,30.95,66.8110442702483
11682,-8.41137,-3.611368,3.935595,-0.046426,-0.118202,-0.046731,30.95,66.7352752214293
11692,-8.403594,-3.628716,3.945765,-0.044288,-0.11805,-0.037721,30.95,66.6809314657281
11702,-8.402397,-3.621537,3.958327,-0.042455,-0.117286,-0.029627,30.95,66.605661090499
11712,-8.385648,-3.619144,3.969095,-0.039859,-0.115759,-0.022297,30.95,66.5115016742008
11722,-8.385648,-3.619144,3.981059,-0.037721,-0.112246,-0.014203,30.95,66.4484009606665
11732,-8.37129,-3.611966,4.002594,-0.035888,-0.107818,-0.007789,30.96,66.2979562421133
11742,-8.392825,-3.611966,4.007978,-0.032987,-0.100487,-0.000916,30.96,66.3152992280815
11752,-8.380263,-3.628117,4.010969,-0.031154,-0.092852,0.003971,30.92,66.2877203740604
11762,-8.398808,-3.624528,4.019344,-0.028558,-0.08491,0.008399,30.92,66.2797210546517
11772,-8.386245,-3.631108,4.03729,-0.027336,-0.075747,0.012065,30.96,66.1649161789444
11782,-8.391629,-3.622734,4.045665,-0.025351,-0.065363,0.016341,30.96,66.1247535597122
11792,-8.396414,-3.625126,4.052843,-0.023366,-0.055283,0.019853,30.93,66.0995406898524
11802,-8.390432,-3.631108,4.057629,-0.02138,-0.034514,0.02474,30.93,66.0672415205398
11812,-8.395817,-3.626323,4.064209,-0.020006,-0.023366,0.026267,30.93,66.0398788437894
11822,-8.39821,-3.628117,4.062415,-0.018937,-0.011454,0.027794,30.94,66.0560229114254
11832,-8.4012,-3.614359,4.070789,-0.018479,0,0.029932,30.94,66.0059456390027
11842,-8.402397,-3.613162,4.057031,-0.018021,0.010843,0.03207,30.94,66.0793794196107
11852,-8.407781,-3.619742,4.063013,-0.01741,0.020464,0.034056,30.94,66.0656010696739
11862,-8.423334,-3.626323,4.053442,-0.016799,0.030391,0.037721,30.9,66.1547404571158
11872,-8.397013,-3.614359,4.051647,-0.016493,0.039095,0.040164,30.9,66.0971880644696
11882,-8.405388,-3.608975,4.04746,-0.016188,0.0478,0.043524,30.94,66.1320360910938
11892,-8.41137,-3.62393,4.032505,-0.016341,0.054672,0.046884,30.94,66.2367570014494
11902,-8.415558,-3.612564,4.03071,-0.016341,0.062461,0.05116,30.94,66.2446802718889
11912,-8.427522,-3.61077,4.027121,-0.01573,0.067806,0.055283,30.94,66.2871885326845
11922,-8.432307,-3.610171,4.009174,-0.016341,0.072693,0.059101,30.93,66.3908183018578
11932,-8.438888,-3.605984,3.999603,-0.01741,0.075442,0.061697,30.93,66.4511075520744
11942,-8.458628,-3.61376,3.991827,-0.018021,0.077122,0.064141,30.94,66.5402565411471
11952,-8.455039,-3.608377,3.978068,-0.019395,0.079565,0.06689,30.94,66.600123331984
11962,-8.456833,-3.607778,3.963113,-0.019853,0.079412,0.068722,30.91,66.6818835778106
11972,-8.480165,-3.600002,3.960122,-0.019548,0.076969,0.071777,30.91,66.7392466426314
11982,-8.487941,-3.597011,3.945765,-0.021838,0.074526,0.069944,30.95,66.8281299742269
11992,-8.504689,-3.589832,3.949354,-0.02306,0.071777,0.06857,30.95,66.8376584759525
12002,-8.512466,-3.592823,3.9338,-0.025045,0.066584,0.064904,30.95,66.9379385283569
12012,-8.518449,-3.580859,3.928416,-0.026267,0.061087,0.061392,30.95,66.9681495067475
12022,-8.758926,-3.484548,3.853641,-0.027184,0.055283,0.054367,30.95,67.7650198771777
12032,-8.612367,-3.518646,3.914658,-0.020464,0.050549,0.013286,30.94,67.1798121219333
12042,-8.481958,-3.602993,3.907479,-0.01909,0.043219,-0.005498,30.94,67.0224588623035
12052,-8.512466,-3.591029,3.916452,-0.019242,0.036041,-0.006414,30.91,67.0275149674895
12062,-8.498111,-3.59043,3.89731,-0.019853,0.0281,-0.00901,30.91,67.0982929842896
12072,-8.520842,-3.597011,3.892524,-0.020617,0.020311,-0.012065,30.93,67.1756832345113
12082,-8.518449,-3.592225,3.888935,-0.020769,0.011148,-0.015119,30.93,67.1855720623971
12092,-8.558528,-3.492325,3.892524,-0.020922,0.001985,-0.018784,30.93,67.1638799761054
12102,-8.566903,-3.517449,3.90389,-0.021533,-0.01069,-0.029016,30.93,67.1423677391639
12112,-8.498111,-3.600002,3.892524,-0.022449,-0.023518,-0.035888,30.93,67.1318135811135
12122,-8.525627,-3.58744,3.901497,-0.022297,-0.032987,-0.038179,30.93,67.1300130404876
12132,-8.504689,-3.598805,3.902694,-0.022755,-0.042302,-0.041539,30.93,67.090677189244
12142,-8.513663,-3.59402,3.919443,-0.023518,-0.050702,-0.048106,30.93,67.0168440460356
12152,-8.534002,-3.546163,3.915256,-0.025809,-0.066584,-0.050244,30.94,67.0394548826596
12162,-8.505887,-3.565306,3.930809,-0.027031,-0.075747,-0.056352,30.94,66.9162054845929
12172,-8.489137,-3.592225,3.922434,-0.028558,-0.082009,-0.059865,30.94,66.9490838327673
12182,-8.501699,-3.59402,3.943372,-0.030238,-0.087659,-0.060781,30.95,66.8665279733723
12192,-8.468798,-3.577868,3.953541,-0.031612,-0.09163,-0.060781,30.95,66.7306800887633
12202,-8.470592,-3.595216,3.954139,-0.032987,-0.095142,-0.061392,30.91,66.7465586600794
12212,-8.449656,-3.586243,3.980461,-0.035125,-0.097586,-0.059407,30.91,66.5565682042018
12222,-8.458628,-3.59043,3.982255,-0.035888,-0.09728,-0.056505,30.93,66.5696731626079
12232,-8.438888,-3.588037,3.972684,-0.037874,-0.096517,-0.053909,30.93,66.5764691724989
12242,-8.432307,-3.591627,3.990032,-0.037874,-0.09499,-0.049938,30.92,66.4746343596599
12252,-8.413763,-3.592225,3.999603,-0.037568,-0.092241,-0.045051,30.92,66.3857431566508
12262,-8.413164,-3.59043,4.006782,-0.038179,-0.087965,-0.039706,30.93,66.3451175304511
12272,-8.394022,-3.598207,4.011567,-0.037568,-0.082925,-0.033292,30.93,66.2864292450975
12282,-8.387442,-3.594618,4.014558,-0.035125,-0.076664,-0.025656,30.93,66.2534440995835
12292,-8.392226,-3.597011,4.018745,-0.034056,-0.068875,-0.018784,30.93,66.2437825046729
12302,-8.377871,-3.593421,4.035496,-0.031612,-0.060934,-0.011912,30.96,66.1218464567316
12312,-8.362316,-3.592823,4.037888,-0.029627,-0.051465,-0.004276,30.96,66.0754163491188
12322,-8.358727,-3.594618,4.04746,-0.025351,-0.03146,0.010537,30.94,66.0190366218748
12332,-8.363514,-3.601198,4.043272,-0.021533,-0.020617,0.017257,30.95,66.0573983480335
12342,-8.360522,-3.60718,4.037888,-0.019548,-0.008705,0.024587,30.95,66.0848166321097
12352,-8.363514,-3.594618,4.055236,-0.017562,0.001527,0.029932,30.93,65.9884653839342
12362,-8.359326,-3.608975,4.054638,-0.01405,0.013744,0.034056,30.93,65.9958945993041
12372,-8.379066,-3.601796,4.050451,-0.012981,0.025656,0.039095,30.92,66.0535642576784
12382,-8.36471,-3.611966,4.068397,-0.010996,0.037874,0.04383,30.92,65.9380380666322
12392,-8.380861,-3.612564,4.060022,-0.009774,0.048717,0.047342,30.91,66.0171403126244
12402,-8.391031,-3.600002,4.051647,-0.008094,0.060476,0.04948,30.91,66.0712414084054
12412,-8.405388,-3.608975,4.049852,-0.007789,0.069639,0.050702,30.94,66.1195077945629
12422,-8.414959,-3.607778,4.042076,-0.007789,0.077885,0.051771,30.94,66.17950387941
12432,-8.425727,-3.605386,4.029513,-0.007789,0.087201,0.052382,30.94,66.265979597756
12442,-8.433504,-3.608975,4.024727,-0.008552,0.093462,0.050855,30.94,66.3107489991223
12452,-8.455039,-3.617948,4.009772,-0.009927,0.098807,0.050244,30.93,66.4424863133811
12462,-8.455637,-3.605386,3.993023,-0.011606,0.102931,0.048717,30.93,66.5202416898114
12472,-8.476574,-3.605984,3.993621,-0.012981,0.105222,0.047037,30.88,66.5614417606917
12482,-8.509476,-3.609573,3.974478,-0.014661,0.105527,0.043982,30.88,66.7332280026665
12492,-8.498708,-3.605984,3.952345,-0.018326,0.103236,0.040317,30.94,66.8237353535261
12502,-8.517851,-3.604189,3.949354,-0.021075,0.098807,0.036652,30.95,66.8773509327306
12512,-8.528021,-3.60718,3.940979,-0.023671,0.093615,0.034056,30.95,66.9447509835121
12522,-8.537591,-3.607778,3.923631,-0.025656,0.086132,0.030696,30.92,67.0557893212754
12532,-8.532208,-3.617948,3.913461,-0.027336,0.078343,0.027031,30.92,67.1069250624815
12542,-8.540583,-3.605386,3.917051,-0.029016,0.069333,0.024129,30.89,67.0943381768884
12552,-8.548957,-3.597609,3.896712,-0.031154,0.058643,0.020617,30.89,67.2114479582891
12562,-8.56152,-3.597609,3.88714,-0.032376,0.047495,0.017715,30.93,67.2872004552205
12572,-8.551949,-3.605386,3.869194,-0.034208,0.035583,0.014661,30.93,67.3687592047145
12582,-8.563314,-3.589234,3.876971,-0.035736,0.022449,0.012217,30.94,67.3371265298219
12592,-8.550752,-3.597609,3.873382,-0.036805,0.009468,0.009927,30.94,67.337688472603
12602,-8.546564,-3.595814,3.877569,-0.038332,-0.003207,0.00672,30.96,67.3056535394684
12612,-8.543573,-3.599404,3.876971,-0.038637,-0.016341,0.00336,30.96,67.3057994636655
12622,-8.556136,-3.604189,3.864408,-0.039554,-0.02978,0.000458,30.91,67.4013674460117
12632,-8.538787,-3.580859,3.869792,-0.039859,-0.042608,-0.00168,30.91,67.3180659317732
12642,-8.544769,-3.594618,3.865007,-0.040164,-0.055436,-0.005192,30.94,67.3671056935387
12652,-8.545966,-3.588037,3.882355,-0.041233,-0.067501,-0.006872,30.94,67.2726366080499
12662,-8.518449,-3.580261,3.884748,-0.040775,-0.089797,-0.012523,30.91,67.1973439029725
12672,-8.522038,-3.583252,3.894319,-0.040623,-0.099113,-0.014966,30.93,67.1568400640013
12682,-8.502296,-3.581457,3.900301,-0.040775,-0.107512,-0.017104,30.93,67.0833520905861
12692,-8.504092,-3.579663,3.909274,-0.041692,-0.114079,-0.019395,30.92,67.0382317465023
12702,-8.498708,-3.579065,3.921836,-0.041539,-0.120035,-0.021686,30.92,66.9605121160011
12712,-8.472386,-3.573681,3.934398,-0.041997,-0.125686,-0.024435,30.93,66.8352193286331
12722,-8.71825,-3.232105,3.900301,-0.040775,-0.128129,-0.031765,30.93,67.2432381674289
12732,-8.407781,-3.555735,3.952943,-0.036652,-0.128129,-0.057269,30.94,66.5863562268176
12742,-8.454441,-3.580859,3.974478,-0.035583,-0.12706,-0.056047,30.94,66.5932521836584
12752,-8.397013,-3.577868,3.984648,-0.036041,-0.125533,-0.054367,30.92,66.4160883458596
12762,-8.410173,-3.572484,3.999005,-0.035277,-0.121104,-0.051007,30.92,66.363492085714
12772,-8.388638,-3.585046,4.014558,-0.035125,-0.115301,-0.0478,30.93,66.2472711516904
12782,-8.386245,-3.576672,4.009772,-0.034514,-0.109345,-0.043524,30.93,66.2597529019922
12792,-8.366504,-3.577868,4.023531,-0.034972,-0.101709,-0.039554,30.93,66.1462211569563
12802,-8.393424,-3.583252,4.041477,-0.033292,-0.092699,-0.034972,30.93,66.1143816087304
12812,-8.360522,-3.583252,4.044468,-0.033598,-0.083383,-0.031154,30.9,66.0281404500325
12822,-8.371889,-3.591627,4.061218,-0.033139,-0.072235,-0.026573,30.9,65.9723055853363
12832,-8.368299,-3.585645,4.064807,-0.032834,-0.060781,-0.016493,30.9,65.9402319111654
12842,-8.362915,-3.595216,4.070789,-0.032223,-0.036652,-0.011912,30.93,65.9060993143395
12852,-8.368299,-3.589832,4.074977,-0.031918,-0.02306,-0.007025,30.93,65.8907597271265
12862,-8.379665,-3.598207,4.071986,-0.030543,-0.010385,-0.001985,30.95,65.9386379199954
12872,-8.356933,-3.593421,4.073183,-0.030085,0.002443,0.003665,30.95,65.87897576468
12882,-8.377273,-3.596412,4.067799,-0.030238,0.015119,0.007941,30.93,65.9537800974232
12892,-8.366504,-3.597011,4.069593,-0.028711,0.026878,0.012828,30.93,65.9217646406369
12902,-8.380263,-3.604787,4.066004,-0.027642,0.039248,0.017715,30.89,65.9773342022321
12912,-8.38445,-3.586243,4.055236,-0.027794,0.050702,0.021838,30.89,66.025706557426
12922,-8.393424,-3.607778,4.04746,-0.027184,0.060934,0.025809,30.97,66.1054357222059
12932,-8.402397,-3.614359,4.052843,-0.026878,0.07086,0.031001,30.97,66.1024022830159
12942,-8.419147,-3.616153,4.033103,-0.025504,0.079565,0.034819,30.96,66.2430128626868
12952,-8.413763,-3.61376,4.038486,-0.02474,0.088423,0.038179,30.96,66.2012189306244
12962,-8.420342,-3.621537,4.021737,-0.024435,0.095295,0.041539,30.89,66.3099940877964
12972,-8.442476,-3.618546,4.007978,-0.023671,0.100487,0.043677,30.89,66.4260378025075
12982,-8.443673,-3.626323,4.001996,-0.023824,0.105374,0.046426,30.89,66.466904540045
12992,-8.467602,-3.621537,3.999603,-0.023976,0.10797,0.046731,30.89,66.5252414092353
13002,-8.474181,-3.622734,3.964309,-0.024282,0.110108,0.048106,30.89,66.7249557134888
13012,-8.487342,-3.619144,3.952345,-0.024282,0.108734,0.047953,30.89,66.8118108666317
13022,-8.496913,-3.626921,3.948158,-0.025198,0.104916,0.046578,30.93,66.8603804100926
13032,-8.501699,-3.622734,3.932006,-0.025656,0.100793,0.045357,30.91,66.951301464911
13042,-8.511868,-3.625725,3.921836,-0.025809,0.095753,0.043066,30.91,67.0281603357334
13052,-8.515458,-3.639483,3.911667,-0.027031,0.090103,0.040317,30.95,67.1008767653395
13062,-8.520243,-3.625126,3.907479,-0.026878,0.082009,0.036957,30.95,67.1201421558541
13072,-8.52443,-3.619742,3.892524,-0.027489,0.073151,0.032987,30.94,67.2026001783262
13082,-8.541779,-3.634698,3.89073,-0.028253,0.06353,0.029932,30.94,67.2601356629695
13092,-8.544769,-3.622135,3.878766,-0.028405,0.052534,0.025809,30.92,67.3182332611573
13102,-8.550154,-3.621537,3.878766,-0.029627,0.040928,0.021686,30.92,67.3286070738264
13112,-8.541181,-3.632903,3.872185,-0.030849,0.028405,0.016952,30.93,67.3548165990653
13122,-8.545368,-3.608377,3.862614,-0.031001,0.015882,0.012828,30.93,67.3926374616703
13132,-8.55135,-3.602993,3.870989,-0.031918,0.003512,0.008399,30.93,67.3560695836287
13142,-8.557332,-3.612564,3.865605,-0.032681,-0.010232,0.003818,30.93,67.4046072409441
13152,-8.547761,-3.603591,3.866203,-0.034056,-0.02306,-0.000153,30.91,67.3745026282593
13162,-8.544769,-3.605984,3.872185,-0.034667,-0.036194,-0.003818,30.91,67.339018217009
13172,-8.548359,-3.585645,3.871587,-0.034514,-0.0478,-0.007178,30.9,67.3321047242833
13182,-8.542974,-3.598805,3.882355,-0.036041,-0.071624,-0.012981,30.9,67.2757562495924
13192,-8.523833,-3.584448,3.888337,-0.038179,-0.082009,-0.014355,30.91,67.1930253271961
13202,-8.527422,-3.59043,3.896114,-0.038485,-0.092088,-0.01573,30.93,67.1645619261175
13212,-8.511868,-3.580859,3.90389,-0.039095,-0.101251,-0.016646,30.93,67.0835761664228
13222,-8.504689,-3.578466,3.906881,-0.040012,-0.109192,-0.016341,30.95,67.0510228654914
13232,-8.484351,-3.579663,3.913461,-0.041081,-0.116064,-0.016035,30.95,66.9755164244406
13242,-8.671589,-3.273979,3.878167,-0.039554,-0.121715,-0.018326,30.93,67.2955968438095
13252,-8.513663,-3.488736,3.938586,-0.034667,-0.120951,-0.039554,30.93,66.8255674889712
13262,-8.429317,-3.581457,3.936791,-0.032681,-0.122326,-0.043677,30.91,66.7397570688222
13272,-8.422137,-3.578466,3.948158,-0.032834,-0.123395,-0.036346,30.91,66.6620614553637
13282,-8.411968,-3.565904,3.975077,-0.031612,-0.123089,-0.030849,30.94,66.487427508226
13292,-8.404789,-3.582056,3.97747,-0.031307,-0.120646,-0.025962,30.94,66.4741482067588
13302,-8.399406,-3.568895,3.984648,-0.030085,-0.117897,-0.018631,30.93,66.4130699867396
13312,-8.377871,-3.573681,4.001996,-0.029016,-0.113163,-0.013744,30.93,66.2801665931694
13322,-8.406584,-3.58385,4.010969,-0.028253,-0.108276,-0.009163,30.92,66.3032116831107
13332,-8.37129,-3.573681,4.012764,-0.027184,-0.100945,-0.00336,30.92,66.2093595193441
13342,-8.392825,-3.573082,4.046861,-0.026114,-0.092852,0.000764,30.95,66.075563343256
13352,-8.394022,-3.579663,4.057031,-0.025809,-0.083689,0.008552,30.95,66.0307928801533
13362,-8.382656,-3.569493,4.053442,-0.024587,-0.062919,0.008705,30.93,66.0159233784174
13372,-8.396414,-3.58744,4.060022,-0.024893,-0.051618,0.011301,30.94,66.0273582363389
13382,-8.38445,-3.582654,4.067799,-0.02474,-0.039706,0.012065,30.94,65.9565410085781
13392,-8.402397,-3.582056,4.071388,-0.023976,-0.027031,0.012981,30.94,65.9757455921825
13402,-8.403594,-3.594618,4.083352,-0.02474,-0.014355,0.01237,30.94,65.9272629119436
13412,-8.402995,-3.58385,4.079165,-0.024435,-0.000916,0.012065,30.93,65.9379889319642
13422,-8.4012,-3.589832,4.074977,-0.023976,0.012217,0.011148,30.93,65.9615208681956
13432,-8.402397,-3.59402,4.073183,-0.024587,0.025504,0.010232,30.95,65.9773109506495
13442,-8.408977,-3.59043,4.077968,-0.025656,0.037568,0.009774,30.95,65.9631084984539
13452,-8.41137,-3.595814,4.06062,-0.025504,0.050549,0.008705,30.93,66.0638728020398
13462,-8.416754,-3.604189,4.063013,-0.026267,0.062003,0.008399,30.93,66.0704946463416
13472,-8.423933,-3.59402,4.052843,-0.027031,0.07254,0.00733,30.92,66.1297184796908
13482,-8.426325,-3.601796,4.050451,-0.027031,0.082009,0.007789,30.92,66.1543853591062
13492,-8.437093,-3.60718,4.042076,-0.0281,0.090103,0.005192,30.93,66.2259199953339
13502,-8.442476,-3.593421,4.028915,-0.027947,0.096975,0.005192,30.93,66.2937523429013
13512,-8.435298,-3.607778,4.021138,-0.028253,0.103542,0.006261,30.98,66.3322563124592
13522,-8.460423,-3.613162,3.99063,-0.028405,0.107665,0.006872,30.98,66.5497508779322
13532,-8.46461,-3.611966,3.968496,-0.0281,0.110414,0.009163,30.87,66.6735295332305
13542,-8.471789,-3.610171,3.966702,-0.029016,0.111177,0.009774,30.94,66.6962915269033
13552,-8.471789,-3.617948,3.954139,-0.029169,0.108581,0.011454,30.94,66.7691365637346
13562,-8.487342,-3.622734,3.938586,-0.029016,0.105832,0.013592,30.92,66.8872011598092
13572,-8.488539,-3.62393,3.919443,-0.028558,0.101251,0.015577,30.92,66.9913248727854
13582,-8.491529,-3.612564,3.913461,-0.029322,0.094684,0.017715,30.92,67.0189878620593
13592,-8.501101,-3.620341,3.906283,-0.029169,0.087201,0.019242,30.92,67.0831626975873
13602,-8.508279,-3.61735,3.886542,-0.029169,0.077733,0.019853,30.93,67.1991295953375
13612,-8.516056,-3.629912,3.88056,-0.028863,0.068264,0.021075,30.93,67.2573187210627
13622,-8.515458,-3.614359,3.878167,-0.028863,0.058796,0.021686,30.94,67.2552668925479
13632,-8.534002,-3.616751,3.866203,-0.028711,0.047342,0.021991,30.94,67.35793263854
13642,-8.52144,-3.61735,3.866203,-0.028405,0.035736,0.022602,30.91,67.333020405138
13652,-8.525627,-3.61376,3.873382,-0.028405,0.023518,0.022449,30.91,67.3006014758259
13662,-8.536993,-3.617948,3.858427,-0.027336,0.010537,0.021228,30.92,67.4059512543414
13672,-8.531011,-3.618546,3.866203,-0.027794,-0.00168,0.018937,30.92,67.3534226229482
13682,-8.545368,-3.620939,3.859025,-0.0281,-0.014661,0.017104,30.95,67.4222481191869
13692,-8.537591,-3.612564,3.870989,-0.028863,-0.026267,0.015272,30.95,67.3364120764066
13702,-8.528618,-3.61077,3.878167,-0.029016,-0.050091,0.008705,30.95,67.2789078951117
13712,-8.529815,-3.608975,3.87398,-0.029474,-0.060628,0.00504,30.91,67.3018367303869
13722,-8.520243,-3.610171,3.88714,-0.030085,-0.071319,0.000611,30.91,67.2141411722905
13732,-8.522635,-3.597011,3.89731,-0.030696,-0.080787,-0.001222,30.93,67.1541619239361
13742,-8.507083,-3.591627,3.89073,-0.03146,-0.088728,-0.004123,30.93,67.1523784255199
13752,-8.510075,-3.59402,3.905685,-0.03207,-0.095142,-0.00733,30.93,67.0818271214301
13762,-8.505288,-3.591029,3.92064,-0.032376,-0.102778,-0.010232,30.93,66.9907455816702
13772,-8.491529,-3.597011,3.934997,-0.032834,-0.107207,-0.012675,30.95,66.8921283173566
13782,-8.480762,-3.58744,3.934398,-0.034056,-0.112399,-0.014203,30.95,66.8646369031378
13792,-8.48136,-3.582056,3.942175,-0.033139,-0.114995,-0.015577,30.91,66.8202503556899
13802,-8.462217,-3.585645,3.949952,-0.033903,-0.115912,-0.017257,30.91,66.7427073513635
13812,-8.469396,-3.579663,3.96072,-0.034056,-0.117744,-0.016952,30.91,66.6957620257289
13822,-8.450253,-3.573082,3.974478,-0.034208,-0.116523,-0.016035,30.91,66.577572498563
13832,-8.447262,-3.571886,3.983452,-0.033903,-0.11469,-0.015882,30.94,66.5230521609823
13842,-8.438289,-3.568895,3.993621,-0.033903,-0.111941,-0.014203,30.94,66.448047150092
13852,-8.435298,-3.576073,3.999603,-0.032834,-0.108123,-0.012217,30.92,66.4167205943993
13862,-8.598608,-3.273979,4.010371,-0.03207,-0.102778,-0.013592,30.92,66.4489959062354
13872,-8.416155,-3.558726,4.031308,-0.030849,-0.096975,-0.02306,30.92,66.194042151748
13882,-8.370093,-3.565904,4.027121,-0.029016,-0.081398,-0.017562,30.92,66.1240627883573
13893,-8.389835,-3.561118,4.042076,-0.027489,-0.07254,-0.012217,30.92,66.083378096778
13902,-8.368897,-3.574279,4.042674,-0.026878,-0.062461,-0.008399,30.92,66.0473216505547
13912,-8.377273,-3.568297,4.052245,-0.02474,-0.051465,-0.000305,30.92,66.009542365274
13922,-8.358727,-3.578466,4.048656,-0.02474,-0.040623,0.00336,30.94,65.9978450302186
13932,-8.396414,-3.581457,4.060022,-0.023671,-0.028711,0.00733,30.94,66.0218846036955
13942,-8.35155,-3.582654,4.062415,-0.023518,-0.01573,0.011301,30.93,65.9139145484285
13952,-8.382057,-3.576073,4.067201,-0.023213,-0.003971,0.014508,30.93,65.9484834466003
13962,-8.382057,-3.588037,4.076771,-0.023213,0.008705,0.016493,30.91,65.9093421360579
13972,-8.383853,-3.581457,4.068995,-0.02306,0.022144,0.019242,30.91,65.9478894080275
13982,-8.397612,-3.58744,4.068995,-0.022755,0.033445,0.020922,30.95,65.9829341977655
13992,-8.391629,-3.585645,4.066004,-0.023366,0.045051,0.021686,30.95,65.9841139014132
14002,-8.401799,-3.592823,4.058825,-0.024129,0.056505,0.023518,30.93,66.0500803703027
14012,-8.401799,-3.597011,4.049852,-0.024587,0.066584,0.023366,30.93,66.1009149399731
14022,-8.417951,-3.597011,4.036094,-0.025656,0.077122,0.022755,30.94,66.2074071601185
14032,-8.420941,-3.6006,4.022933,-0.02642,0.085674,0.02138,30.94,66.2859973427254
14042,-8.447861,-3.605984,4.016353,-0.027031,0.093004,0.020311,30.91,66.3821917489382
14052,-8.452048,-3.609573,4.00738,-0.028711,0.104611,0.018631,30.95,66.4412162356498
14062,-8.449057,-3.612564,3.993621,-0.028558,0.108429,0.016799,30.95,66.5097395226423
14072,-8.467602,-3.614957,3.985844,-0.029169,0.109803,0.015119,30.95,66.5914325899562
14082,-8.474779,-3.625126,3.967898,-0.030085,0.110261,0.013134,30.95,66.7094945013561
14092,-8.485548,-3.61735,3.961318,-0.031001,0.109192,0.011759,30.92,66.7594464367128
14102,-8.491529,-3.625725,3.94397,-0.031307,0.106749,0.01069,30.92,66.8701996390428
14112,-8.493923,-3.626323,3.938586,-0.031765,0.101862,0.009163,30.95,66.9039156861294
14122,-8.514261,-3.62393,3.923631,-0.032223,0.096059,0.007483,30.95,67.0220731883314
14132,-8.526823,-3.615555,3.909872,-0.032529,0.089034,0.005345,30.96,67.1127057261514
14142,-8.531011,-3.621537,3.896114,-0.033139,0.080481,0.00504,30.96,67.1986645863043
14152,-8.532208,-3.620341,3.893721,-0.033139,0.070402,0.003207,30.89,67.2126388006525
14162,-8.531011,-3.619144,3.887738,-0.033903,0.059407,0.000916,30.89,67.240622160028
14172,-8.539386,-3.626323,3.875176,-0.033903,0.047495,-0.000458,30.93,67.3298143016321
14182,-8.541779,-3.620939,3.876373,-0.03375,0.035583,-0.001374,30.93,67.3237400666409
14192,-8.548957,-3.617948,3.872185,-0.034667,0.022449,-0.002596,30.95,67.3577059032615
14202,-8.544172,-3.622734,3.854239,-0.034361,0.00901,-0.004429,30.95,67.4465677531207
14212,-8.542377,-3.621537,3.858427,-0.034361,-0.005192,-0.005803,30.93,67.4198787603218
14222,-8.535797,-3.620939,3.865605,-0.034361,-0.03207,-0.006261,30.93,67.368298794163
14232,-8.533404,-3.621537,3.873382,-0.034056,-0.045815,-0.007789,30.95,67.3230407559983
14242,-8.527422,-3.616153,3.859623,-0.034056,-0.057574,-0.008094,30.95,67.3787783967695
14252,-8.525627,-3.61376,3.881158,-0.034208,-0.068417,-0.008399,30.95,67.2596645187369
14262,-8.517851,-3.60718,3.878167,-0.032987,-0.079871,-0.009316,30.91,67.2539439059253
14272,-8.516056,-3.608377,3.894917,-0.033292,-0.08995,-0.009621,30.91,67.1631336515553
14282,-8.501101,-3.611966,3.897908,-0.032376,-0.097586,-0.008094,30.94,67.1199530411599
14292,-8.495118,-3.591627,3.905685,-0.031001,-0.104611,-0.00733,30.94,67.0490613135471
14302,-8.483753,-3.602395,3.910471,-0.030543,-0.110261,-0.006872,30.94,67.0098639072745
14312,-8.596216,-3.314059,3.917051,-0.029627,-0.115301,-0.005345,30.94,66.9662936565564
14322,-8.480762,-3.498307,3.940381,-0.029016,-0.11973,-0.018937,30.91,66.7555979341766
14332,-8.422735,-3.592225,3.936791,-0.028558,-0.121409,-0.020617,30.91,66.7355833377029
14342,-8.425129,-3.605984,3.964309,-0.026878,-0.121257,-0.016341,30.91,66.607761017136
14352,-8.410771,-3.586243,3.981657,-0.024893,-0.11973,-0.012828,30.91,66.4684773817372
14362,-8.413164,-3.591029,3.979264,-0.024893,-0.115759,-0.010079,30.92,66.4904328905888
14372,-8.392825,-3.598805,4.00738,-0.023518,-0.111636,-0.005956,30.92,66.3064565733793
14382,-8.386245,-3.592823,4.011567,-0.022297,-0.105069,-0.002902,30.93,66.2649993999309
14392,-8.386245,-3.582654,4.028317,-0.021533,-0.088575,0.002596,30.93,66.1676256146688
14402,-8.389835,-3.586841,4.038486,-0.021075,-0.080176,0.005956,30.92,66.12568999741
14412,-8.392825,-3.58744,4.039683,-0.020617,-0.069333,0.008094,30.93,66.1263412558909
14422,-8.392226,-3.582654,4.058227,-0.021228,-0.058796,0.010232,30.93,66.0234085735821
14432,-8.386844,-3.588636,4.057031,-0.021686,-0.048258,0.011301,30.94,66.0236213258164
14442,-8.380861,-3.579065,4.064209,-0.022602,-0.036499,0.013439,30.94,65.9643466291838
14452,-8.388638,-3.585645,4.061218,-0.022297,-0.024282,0.014966,30.93,66.0027744958155
14462,-8.404789,-3.584448,4.073781,-0.022449,-0.011606,0.016646,30.93,65.9705457193801
14472,-8.393424,-3.578466,4.072584,-0.023213,0.000153,0.016952,30.93,65.9469254834118
14482,-8.406584,-3.58385,4.066004,-0.024282,0.012065,0.018326,30.93,66.0145377883081
14492,-8.402995,-3.575475,4.064209,-0.023824,0.02306,0.019395,30.89,66.0085975509564
14502,-8.422137,-3.588037,4.059424,-0.024282,0.034819,0.020006,30.89,66.0860287694327
14512,-8.419147,-3.589832,4.06062,-0.02474,0.045051,0.020159,30.88,66.0750247642878
14522,-8.414959,-3.583252,4.046263,-0.025198,0.053909,0.022144,30.88,66.1352636514863
14532,-8.431709,-3.59043,4.03729,-0.025656,0.062461,0.022449,30.92,66.2243954577376
14542,-8.421539,-3.585046,4.028915,-0.025198,0.070708,0.023366,30.92,66.2418214916079
14552,-8.441879,-3.588636,4.00738,-0.025198,0.077122,0.024129,30.92,66.4010386503481
14562,-8.450851,-3.595216,4.005585,-0.024282,0.082467,0.025962,30.92,66.4352415522793
14572,-8.456833,-3.59402,3.996612,-0.023824,0.090561,0.027336,30.94,66.493784316002
14582,-8.459227,-3.586243,3.981059,-0.023671,0.093462,0.027642,30.93,66.5734866668259
14592,-8.477771,-3.591627,3.964907,-0.023824,0.093615,0.027184,30.93,66.7017656592891
14602,-8.487941,-3.591029,3.961916,-0.023824,0.092852,0.026573,30.92,66.7380846336704
14612,-8.485548,-3.595216,3.954738,-0.02306,0.090713,0.025351,30.92,66.774472175657
14622,-8.487342,-3.601198,3.954139,-0.024435,0.087506,0.023671,30.92,66.7865954055527
14632,-8.502296,-3.596412,3.936791,-0.024129,0.084147,0.022907,30.92,66.9044008841732
14642,-8.500502,-3.598207,3.923033,-0.024282,0.080634,0.021838,30.89,66.9745606690823
14652,-8.502296,-3.605386,3.915256,-0.024587,0.073609,0.0197,30.89,67.0253912245671
14662,-8.516056,-3.604787,3.909274,-0.025198,0.06689,0.016035,30.91,67.0845227816053
14672,-8.520243,-3.603591,3.898506,-0.026114,0.059101,0.013286,30.91,67.1486634398592
14682,-8.534002,-3.601198,3.894917,-0.026878,0.049938,0.010079,30.94,67.1935251526522
14692,-8.532208,-3.594618,3.891328,-0.027489,0.040928,0.007025,30.94,67.2030908970483
14702,-8.541181,-3.602993,3.895515,-0.0281,0.031307,0.00336,30.92,67.2065343900416
14712,-8.541181,-3.6006,3.88714,-0.029627,0.021228,-0.000611,30.92,67.248493685817
14722,-8.534599,-3.60718,3.888935,-0.030696,0.010537,-0.004581,30.96,67.2313261473056
14732,-8.525627,-3.602993,3.883551,-0.03146,0,-0.008552,30.96,67.2378065744236
14742,-8.528618,-3.600002,3.872783,-0.03375,-0.020769,-0.014661,30.91,67.2980168635803
14752,-8.528021,-3.605386,3.884748,-0.035277,-0.031612,-0.017562,30.92,67.2384335191824
14762,-8.519047,-3.601796,3.884748,-0.036194,-0.041386,-0.020464,30.92,67.2170796792721
14772,-8.511868,-3.606582,3.893721,-0.037263,-0.051924,-0.022144,30.93,67.1593287444626
14782,-8.517252,-3.593421,3.886542,-0.037568,-0.060628,-0.023824,30.93,67.1967613156903
14792,-8.512466,-3.597609,3.887738,-0.038485,-0.068875,-0.025198,30.96,67.1843036285708
14802,-8.492725,-3.591029,3.90389,-0.039248,-0.077427,-0.025962,30.96,67.0530818143934
14812,-8.493324,-3.598805,3.911667,-0.039248,-0.084452,-0.026267,30.95,67.0201161982571
14822,-8.502296,-3.589234,3.926622,-0.039248,-0.089034,-0.025656,30.95,66.9515766640771
14832,-8.647661,-3.326622,3.917051,-0.038485,-0.094379,-0.027947,30.88,67.0833456635452
14842,-8.483154,-3.539583,3.938586,-0.039095,-0.096669,-0.045968,30.88,66.8058080226247
14852,-8.448458,-3.602993,3.929613,-0.037415,-0.098502,-0.047647,30.93,66.8365729313615
14862,-8.435298,-3.607778,3.94397,-0.036041,-0.099876,-0.042608,30.93,66.7377683332434
14872,-8.434101,-3.601198,3.960122,-0.034819,-0.099266,-0.036957,30.94,66.6443052042403
14882,-8.436494,-3.597011,3.963711,-0.033292,-0.098349,-0.031918,30.94,66.626678315299
14892,-8.417352,-3.597609,3.981657,-0.031154,-0.097128,-0.025809,30.95,66.4925735342267
14902,-8.407781,-3.604189,3.996612,-0.029016,-0.093768,-0.022144,30.95,66.3996468855078
14912,-8.39462,-3.611966,4.006782,-0.026267,-0.084452,-0.011606,30.91,66.3253912294293
14922,-8.404789,-3.61735,4.018147,-0.023671,-0.07758,-0.005651,30.96,66.2921197374829
14932,-8.387442,-3.597011,4.028317,-0.022144,-0.071166,-0.001833,30.96,66.1832903981872
14942,-8.395219,-3.60718,4.029513,-0.021075,-0.063225,0.002138,30.9,66.202863075024
14952,-8.407781,-3.598805,4.03729,-0.018937,-0.05452,0.005651,30.9,66.1811459461561
14962,-8.404191,-3.612564,4.039085,-0.017715,-0.045051,0.008858,30.95,66.1766532911636
14972,-8.395817,-3.608377,4.040879,-0.016188,-0.035277,0.012675,30.95,66.1455940040113
14982,-8.382656,-3.614957,4.045665,-0.015577,-0.024893,0.015272,30.91,66.098463683531
14992,-8.399406,-3.606582,4.051647,-0.014661,-0.014813,0.018326,30.91,66.0951607629435
15002,-8.388638,-3.606582,4.050451,-0.013439,-0.003512,0.020311,30.9,66.0784374138601
15012,-8.406584,-3.608975,4.051049,-0.012523,0.007941,0.020464,30.9,66.1157877177552
15022,-8.402397,-3.61376,4.051647,-0.012217,0.018784,0.021991,30.89,66.1081158928912
15032,-8.409575,-3.609573,4.051647,-0.011912,0.029016,0.023213,30.89,66.1195749557331
15042,-8.409575,-3.618546,4.046861,-0.012217,0.039248,0.023213,30.93,66.1528350194398
15052,-8.408977,-3.612564,4.048656,-0.011454,0.048717,0.02306,30.93,66.1366948335042
15062,-8.417951,-3.600002,4.040879,-0.012065,0.057574,0.023671,30.88,66.1850555302245
15072,-8.425727,-3.61735,4.027719,-0.011759,0.066126,0.024587,30.88,66.2862279014755
15082,-8.435897,-3.614359,4.016951,-0.012523,0.073304,0.022144,30.95,66.3613985752869
15092,-8.450253,-3.61735,4.009772,-0.013439,0.085979,0.021838,30.93,66.4319020250633
15102,-8.453843,-3.61735,3.997808,-0.014508,0.08995,0.021533,30.93,66.5021061429974
15112,-8.471789,-3.614957,3.984648,-0.015119,0.092852,0.021075,30.95,66.6064332547929
15122,-8.465807,-3.60718,3.981059,-0.015882,0.094379,0.019853,30.95,66.6058506817255
15132,-8.477173,-3.607778,3.965506,-0.016188,0.094531,0.01909,30.93,66.7116414653941
15142,-8.484351,-3.591627,3.951746,-0.018021,0.093004,0.019242,30.93,66.7845477947983
15152,-8.481958,-3.595216,3.95055,-0.018479,0.090866,0.018631,30.98,66.7890199266448
15162,-8.484949,-3.595814,3.940381,-0.01909,0.087048,0.01909,30.98,66.8491782005388
15172,-8.502895,-3.595814,3.928416,-0.019548,0.08262,0.019242,30.93,66.9491089105739
15182,-8.510672,-3.602993,3.91406,-0.020617,0.0759,0.018937,30.93,67.0467818478206
15192,-8.516654,-3.59043,3.912265,-0.020769,0.069028,0.018631,30.95,67.0576011993792
15202,-8.523833,-3.592225,3.894319,-0.020464,0.060934,0.018784,30.95,67.168222115305
15212,-8.526823,-3.601198,3.893123,-0.021075,0.051465,0.018937,30.91,67.1883333848521
15222,-8.523833,-3.598207,3.878766,-0.020769,0.041692,0.01741,30.91,67.2552393618341
15232,-8.52144,-3.601796,3.882953,-0.021228,0.030696,0.016188,30.92,67.2314046839539
15242,-8.530412,-3.59402,3.881757,-0.02138,0.01909,0.01573,30.92,67.2492816183118
15252,-8.534002,-3.579065,3.872185,-0.021991,0.007789,0.014661,30.91,67.2942084825002
15262,-8.53819,-3.592225,3.874578,-0.021533,-0.014203,0.011606,30.93,67.3013421907695
15272,-8.535198,-3.59402,3.881757,-0.022602,-0.025504,0.009774,30.93,67.2590141573443
15282,-8.533404,-3.583252,3.878167,-0.022602,-0.036499,0.00733,30.93,67.2650558465848
15292,-8.528618,-3.588636,3.885944,-0.022755,-0.046884,0.004581,30.93,67.2189738095583
15302,-8.510672,-3.585046,3.886542,-0.023824,-0.057116,0.001069,30.89,67.1761130155606
15312,-8.526226,-3.591627,3.899703,-0.02474,-0.066737,-0.002443,30.89,67.1442737064273
15322,-8.522038,-3.585046,3.899105,-0.025656,-0.074984,-0.004887,30.9,67.1331962914864
15332,-8.542974,-3.524628,3.906881,-0.025962,-0.082161,-0.008705,30.9,67.0836052403673
15342,-8.65125,-3.379264,3.935595,-0.027489,-0.089339,-0.020617,30.93,67.035812943737
15352,-8.442476,-3.583252,3.912265,-0.028711,-0.096364,-0.036957,30.93,66.8983120961053
15362,-8.484351,-3.588636,3.934997,-0.029169,-0.100029,-0.03711,30.92,66.8699617239474
15372,-8.4347,-3.583252,3.943372,-0.028863,-0.102473,-0.035583,30.92,66.7178626511775
15382,-8.454441,-3.586243,3.942175,-0.028558,-0.104458,-0.035583,30.92,66.7679919425866
15392,-8.446067,-3.592225,3.958925,-0.027947,-0.104611,-0.035125,30.92,66.6676255634193
15402,-8.432307,-3.589234,3.970291,-0.026878,-0.103542,-0.033903,30.9,66.576324277652
15412,-8.413164,-3.586243,3.97388,-0.02642,-0.10064,-0.032987,30.9,66.5144967868877
15422,-8.407183,-3.589832,4.00738,-0.026573,-0.098197,-0.031001,30.93,66.3287633542517
15432,-8.41137,-3.598207,4.012764,-0.02642,-0.087506,-0.027336,30.93,66.3169268669977
15442,-8.410771,-3.592225,4.028915,-0.024435,-0.08094,-0.025656,30.93,66.2254470675821
15452,-8.407781,-3.592225,4.036692,-0.02474,-0.073762,-0.02306,30.94,66.1782923106416
15462,-8.416754,-3.599404,4.042674,-0.024587,-0.065363,-0.02138,30.94,66.1725652057728
15472,-8.406584,-3.598805,4.062415,-0.024893,-0.05681,-0.020006,30.95,66.0469891124143
15482,-8.411968,-3.595814,4.058227,-0.024587,-0.046578,-0.018479,30.95,66.0776716831138
15492,-8.401799,-3.602993,4.058227,-0.024129,-0.035277,-0.016493,30.96,66.0625205848965
15502,-8.413763,-3.6006,4.062415,-0.024129,-0.025198,-0.013744,30.96,66.0639623134329
15512,-8.402397,-3.592225,4.067201,-0.024435,-0.014508,-0.012523,30.89,66.0069634847436
15522,-8.407781,-3.597609,4.061816,-0.024129,-0.003054,-0.010079,30.89,66.0515876632332
15532,-8.402397,-3.595216,4.070789,-0.024282,0.008399,-0.007178,30.94,65.9909301238525
15542,-8.409575,-3.604787,4.070191,-0.023976,0.018631,-0.004276,30.94,66.0181880652389
15552,-8.403594,-3.611966,4.058825,-0.023671,0.02978,-0.001985,30.91,66.0714463556798
15562,-8.405388,-3.604787,4.045665,-0.022907,0.040775,0.000153,30.91,66.1376120231961
15572,-8.407183,-3.618546,4.046861,-0.02306,0.051313,0.002902,30.91,66.1477492038771
15582,-8.405987,-3.61376,4.049254,-0.022297,0.060476,0.006261,30.91,66.12829340702
15592,-8.410173,-3.610171,4.025924,-0.022602,0.069028,0.008094,30.91,66.2561805531126
15602,-8.422137,-3.616751,4.010371,-0.021533,0.076816,0.012675,30.91,66.3690465310387
15612,-8.422735,-3.617948,4.004987,-0.020311,0.089492,0.016188,30.93,66.3996436819678
15622,-8.426325,-3.62393,3.995416,-0.020159,0.094226,0.0197,30.93,66.4628477673555
15632,-8.422735,-3.626921,3.98405,-0.018784,0.097128,0.020311,30.93,66.5177204426012
15642,-8.442476,-3.616751,3.970889,-0.018021,0.099876,0.022907,30.94,66.6190679283472
15652,-8.448458,-3.621537,3.953541,-0.017562,0.100793,0.025656,30.94,66.7270251195079
15662,-8.448458,-3.620939,3.946362,-0.016188,0.100029,0.027642,30.92,66.7642661485624
15672,-8.468199,-3.618546,3.946362,-0.016188,0.097433,0.027794,30.92,66.8030885874466
15682,-8.472386,-3.620939,3.92064,-0.015577,0.093615,0.028558,30.91,66.9491693557356
15692,-8.481958,-3.614359,3.917051,-0.014508,0.089797,0.029474,30.91,66.9819900869601
15702,-8.496315,-3.625725,3.911667,-0.014355,0.084147,0.029932,30.91,67.0497433260828
15712,-8.510672,-3.614359,3.900301,-0.013897,0.07758,0.02978,30.91,67.1289971907052
15722,-8.525029,-3.607778,3.881158,-0.012981,0.069028,0.027794,30.88,67.2533018906287
15732,-8.526226,-3.613162,3.887738,-0.012523,0.059559,0.027184,30.88,67.2257457159806
15742,-8.539985,-3.605386,3.878766,-0.011912,0.049938,0.026114,30.88,67.2941980144711
15752,-8.535198,-3.612564,3.873382,-0.012675,0.039248,0.023366,30.88,67.3189731647229
15762,-8.536395,-3.601198,3.86381,-0.01237,0.0281,0.019548,30.95,67.362072121907
15772,-8.532208,-3.568895,3.870989,-0.012217,0.01741,0.012217,30.95,67.2881968279013
15782,-8.520842,-3.615555,3.868596,-0.013439,-0.002902,-0.020159,30.93,67.3176539795379
15792,-8.514261,-3.617948,3.868596,-0.013744,-0.015119,-0.020311,30.92,67.306367581788
15802,-8.522038,-3.595814,3.874578,-0.013897,-0.025962,-0.0197,30.92,67.2715979374457
15812,-8.52443,-3.610171,3.87398,-0.013744,-0.03711,-0.021228,30.95,67.2919385271863
15822,-8.518449,-3.611966,3.885944,-0.013439,-0.048564,-0.019853,30.95,67.2183333017121
15832,-8.499905,-3.600002,3.88714,-0.012981,-0.058948,-0.019395,30.93,67.1638641883403
15842,-8.529217,-3.602993,3.889533,-0.013592,-0.068264,-0.019395,30.93,67.2136358515251
15852,-8.499306,-3.608975,3.900301,-0.013744,-0.077427,-0.019242,30.91,67.1010804031309
15862,-8.502296,-3.592823,3.91406,-0.013744,-0.084452,-0.019242,30.91,67.0207598763035
15872,-8.489137,-3.610171,3.914658,-0.014355,-0.090866,-0.018479,30.96,67.0056828031961
15882,-8.493324,-3.592823,3.925426,-0.013744,-0.096669,-0.018326,30.96,66.9424980986936
15892,-8.474779,-3.595814,3.9338,-0.013439,-0.100945,-0.017104,30.89,66.8627417470748
15902,-8.465208,-3.600002,3.942175,-0.013134,-0.103694,-0.016188,30.89,66.8025182442251
15912,-8.458628,-3.598207,3.955336,-0.013439,-0.106443,-0.016035,30.95,66.7180156974927
15922,-8.454441,-3.595216,3.961916,-0.013439,-0.105985,-0.014661,30.95,66.6720311982294
15932,-8.445468,-3.594618,3.970889,-0.013286,-0.105527,-0.013592,30.93,66.6055625524099
15942,-8.435897,-3.592225,3.997808,-0.012828,-0.102931,-0.011148,30.93,66.4418822625984
15952,-8.420941,-3.589832,4.009174,-0.012828,-0.095448,-0.008247,30.95,66.3484715031855
15962,-8.41436,-3.589234,4.011567,-0.011912,-0.089644,-0.00672,30.94,66.3214284660933
15972,-8.407183,-3.588037,4.031308,-0.011148,-0.082009,-0.004887,30.94,66.2014561117853
15982,-8.398808,-3.592823,4.033103,-0.011454,-0.074067,-0.00336,30.94,66.1785551955645
15992,-8.402397,-3.592225,4.040879,-0.011606,-0.06521,-0.001222,30.94,66.1448616240935
16002,-8.4012,-3.588636,4.034897,-0.011148,-0.055741,0.000153,30.95,66.1704227543934
16012,-8.392226,-3.58385,4.059424,-0.011148,-0.044899,0.001985,30.95,66.0182291059414
16022,-8.397612,-3.58744,4.054638,-0.011148,-0.034208,0.003512,30.92,66.0581361500985
16032,-8.38804,-3.588636,4.064807,-0.011454,-0.022144,0.004734,30.92,65.9854267802738
16042,-8.392226,-3.58385,4.073183,-0.010385,-0.01069,0.00672,30.9,65.9461521836905
16052,-8.395219,-3.588037,4.065406,-0.010232,0.00168,0.007636,30.9,65.9971412159503
16062,-8.420941,-3.575475,4.067799,-0.011759,0.013897,0.00672,30.93,66.0282578704079
16072,-8.435897,-3.565904,4.077968,-0.013744,0.021991,0.002596,30.93,65.9984612548695
16082,-8.38445,-3.595216,4.065406,-0.016188,0.030543,-0.000458,30.89,65.9806317809691
16092,-8.402397,-3.589234,4.053442,-0.016493,0.040775,0.000764,30.89,66.076276876851
16102,-8.39821,-3.58744,4.044468,-0.016646,0.051618,0.001527,30.9,66.1127372142802
16112,-8.41137,-3.586243,4.035496,-0.016493,0.06185,0.002443,30.9,66.186770149642
16122,-8.426325,-3.586841,4.021737,-0.015882,0.078802,0.004581,30.96,66.2912403242412
16132,-8.432905,-3.591627,4.027719,-0.014813,0.086132,0.005192,30.93,66.2781409348635
16142,-8.429914,-3.59043,4.000201,-0.014966,0.091172,0.005803,30.93,66.4150921427145
16152,-8.437093,-3.592823,4.004389,-0.015272,0.095142,0.004429,30.96,66.4103950893135
16162,-8.452048,-3.597609,3.988237,-0.014966,0.098197,0.006261,30.96,66.530882083674
16172,-8.462217,-3.598207,3.98405,-0.014813,0.100487,0.006414,30.92,66.574679651052
16182,-8.467602,-3.602395,3.958925,-0.014813,0.101251,0.005651,30.92,66.7215344295279
16192,-8.465807,-3.594618,3.948756,-0.015272,0.100335,0.00672,30.93,66.7643873912567
16202,-8.480762,-3.594618,3.948158,-0.01573,0.099266,0.007025,30.93,66.7985815631798
16212,-8.496315,-3.598805,3.943372,-0.016035,0.095448,0.00672,30.96,66.8595880868846
16222,-8.492128,-3.602395,3.923631,-0.015577,0.090866,0.007483,30.96,66.9578307371004
16232,-8.504092,-3.596412,3.92064,-0.016493,0.085979,0.007025,30.95,66.9929638235575
16242,-8.502296,-3.593421,3.919443,-0.016493,0.078496,0.005803,30.95,66.9929639420948
16252,-8.571091,-3.566502,3.896712,-0.016493,0.071624,0.003054,30.94,67.2299858416187
16262,-8.531011,-3.604787,3.884748,-0.015882,0.066584,-0.004581,30.94,67.2439977691932
16272,-8.523833,-3.610171,3.885346,-0.015577,0.058643,-0.007178,30.93,67.2308874199819
16282,-8.509476,-3.61735,3.883551,-0.016035,0.048717,-0.006109,30.93,67.2173210274019
16292,-8.536395,-3.559324,3.884149,-0.016035,0.038179,-0.00901,30.95,67.2192453064215
16302,-8.500502,-3.60718,3.87398,-0.016341,0.015272,-0.011148,30.95,67.2407007909283
16312,-8.525029,-3.606582,3.875176,-0.016493,0.003971,-0.010537,30.95,67.2837714444969
16322,-8.534599,-3.578466,3.872783,-0.016952,-0.007941,-0.011759,30.93,67.2917609030561
16332,-8.514261,-3.609573,3.878167,-0.017715,-0.019853,-0.014355,30.93,67.2487040364487
16342,-8.511868,-3.60718,3.882953,-0.017715,-0.031154,-0.014508,30.96,67.2165514659968
16352,-8.522635,-3.582056,3.872783,-0.018479,-0.041539,-0.015424,30.96,67.2704841487893
16362,-8.518449,-3.599404,3.882355,-0.018937,-0.052534,-0.017562,30.92,67.2264049238286
16372,-8.507681,-3.607778,3.893123,-0.018631,-0.061697,-0.0197,30.92,67.1549628950091
16382,-8.514261,-3.59402,3.894319,-0.018784,-0.070097,-0.019395,30.92,67.1502166848886
16392,-8.509476,-3.578466,3.915854,-0.018784,-0.078954,-0.021228,30.92,67.0136408776877
16402,-8.492128,-3.606582,3.918247,-0.01909,-0.086743,-0.021991,30.95,66.9898102691042
16412,-8.498111,-3.618546,3.915256,-0.01909,-0.093768,-0.022297,30.95,67.0282780534477
16422,-8.480165,-3.61376,3.922434,-0.019242,-0.097433,-0.022449,30.93,66.9494400191412
16432,-8.469995,-3.618546,3.945167,-0.01909,-0.100945,-0.021228,30.93,66.8130892902065
16442,-8.485548,-3.59043,3.961916,-0.01741,-0.103847,-0.020769,30.96,66.7325858376996
16452,-8.483753,-3.592823,3.966104,-0.018326,-0.106749,-0.022602,30.96,66.7089841061996
16462,-8.446067,-3.614957,3.975675,-0.017868,-0.10736,-0.021838,30.9,66.5998182155189
16472,-8.437692,-3.618546,3.999005,-0.015882,-0.103847,-0.018479,30.9,66.4630315536394
16482,-8.428718,-3.605386,4.003192,-0.015272,-0.10064,-0.017104,30.91,66.4103259402322
16492,-8.432307,-3.621537,4.009772,-0.014813,-0.09499,-0.015272,30.93,66.3979469267217
16502,-8.421539,-3.609573,4.017549,-0.014203,-0.089339,-0.01237,30.93,66.3236272756241
16512,-8.433504,-3.609573,4.025924,-0.013134,-0.082772,-0.009316,30.93,66.3050205460796
16522,-8.4012,-3.619742,4.037888,-0.01237,-0.074526,-0.006414,30.93,66.1831361831585
16532,-8.402995,-3.60718,4.04387,-0.011759,-0.065363,-0.002902,30.93,66.1441081381265
16542,-8.405987,-3.616153,4.039085,-0.01069,-0.055741,-0.000305,30.93,66.183751051328
16552,-8.395817,-3.615555,4.06062,-0.009621,-0.046426,0.001833,30.94,66.0487458909017
16562,-8.388638,-3.599404,4.064209,-0.009468,-0.034819,0.006261,30.94,65.9997378525334
16572,-8.38804,-3.601796,4.068995,-0.008858,-0.023213,0.008705,30.92,65.9755916054416
16582,-8.391031,-3.604787,4.066602,-0.007636,-0.01069,0.011759,30.92,65.9972852193834
16592,-8.39462,-3.595814,4.065406,-0.007025,0.000916,0.014355,30.92,66.002990023178
16602,-8.383254,-3.592823,4.068995,-0.006414,0.012828,0.017257,30.92,65.9570561606743
16612,-8.392226,-3.588636,4.062415,-0.005651,0.025198,0.020769,30.91,66.0069402879322
16622,-8.396414,-3.602395,4.057629,-0.005498,0.036346,0.02306,30.91,66.0535966622609
16632,-8.386844,-3.591029,4.048058,-0.005956,0.047647,0.023671,30.9,66.0728824349081
16642,-8.408379,-3.586841,4.04746,-0.006414,0.067501,0.027642,30.9,66.1182175499856
16652,-8.410771,-3.598207,4.038486,-0.006261,0.077427,0.028253,30.91,66.1806932294505
16662,-8.42453,-3.591029,4.034299,-0.006261,0.085827,0.027794,30.91,66.225363851534
16672,-8.422735,-3.586243,4.02413,-0.00672,0.09331,0.027336,30.91,66.2705369832166
16682,-8.451449,-3.59402,4.001398,-0.008094,0.099113,0.028253,30.97,66.4573797001996
16692,-8.478967,-3.562913,4.007978,-0.009163,0.103389,0.02642,30.97,66.4531187037509
16702,-8.456833,-3.580859,3.985844,-0.010537,0.107512,0.018937,30.93,66.5385644564038
16712,-8.459227,-3.58385,3.970291,-0.011454,0.109498,0.016493,30.93,66.6279250749919
16722,-8.467602,-3.579065,3.95055,-0.011606,0.11133,0.017104,30.91,66.7449759390435
16732,-8.469995,-3.58385,3.958925,-0.012981,0.109498,0.016646,30.91,66.7101361406565
16742,-8.516654,-3.568895,3.949952,-0.014203,0.107054,0.012828,30.95,66.8410570355539
16752,-8.503493,-3.580859,3.9338,-0.014508,0.104916,0.007941,30.95,66.9090370262484
16762,-8.505288,-3.589234,3.922434,-0.014813,0.100487,0.005345,30.94,66.9797545331538
16772,-8.52144,-3.579065,3.906283,-0.01573,0.094684,0.00504,30.94,67.0890645799409
16782,-8.520243,-3.585046,3.906881,-0.015424,0.088423,0.001222,30.95,67.0886189030319
16792,-8.508279,-3.577868,3.881158,-0.015882,0.079871,-0.002291,30.95,67.1934330859263
16802,-8.530412,-3.580859,3.881158,-0.016035,0.071929,-0.002596,30.93,67.2411682873717
16812,-8.531011,-3.58385,3.867399,-0.015424,0.061545,-0.008705,30.93,67.3174342697181
16822,-8.527422,-3.582056,3.87398,-0.015882,0.037721,-0.011301,30.92,67.273918977283
16832,-8.532208,-3.580261,3.871587,-0.016493,0.024282,-0.012217,30.95,67.2947321429088
16842,-8.526823,-3.582654,3.866203,-0.017104,0.010232,-0.012981,30.95,67.3142102322652
16852,-8.526823,-3.579065,3.867998,-0.016493,-0.001833,-0.013897,30.95,67.3016804303748
16862,-8.539985,-3.586841,3.870391,-0.016493,-0.015272,-0.015119,30.95,67.3224377194549
16872,-8.541779,-3.588636,3.878766,-0.016646,-0.028863,-0.015119,30.91,67.2835234614614
16882,-8.539985,-3.594618,3.862614,-0.017104,-0.041692,-0.016035,30.91,67.3700269735824
16892,-8.53161,-3.591627,3.874578,-0.016952,-0.054214,-0.017562,30.94,67.2874688436631
16902,-8.510672,-3.585046,3.875774,-0.017562,-0.065515,-0.019548,30.94,67.2328916846324
16912,-8.534599,-3.589832,3.898506,-0.017562,-0.075442,-0.020311,30.89,67.1661171105205
16922,-8.519646,-3.588037,3.906283,-0.017562,-0.085521,-0.021075,30.89,67.0931199086198
16932,-8.513663,-3.592823,3.898506,-0.018021,-0.094837,-0.023366,30.91,67.1259196300233
16942,-8.495717,-3.601796,3.921836,-0.018021,-0.102014,-0.02306,30.91,66.9741370327247
16952,-8.501699,-3.602395,3.932604,-0.018021,-0.107665,-0.024435,30.96,66.9303811593588
16962,-8.486743,-3.591029,3.93739,-0.018479,-0.111636,-0.025656,30.96,66.864421363702
16972,-8.482555,-3.589234,3.952943,-0.019242,-0.114843,-0.025351,30.96,66.7724307047569
16982,-8.467003,-3.586841,3.97747,-0.019242,-0.117439,-0.026267,30.96,66.6091287622334
16992,-8.453244,-3.589832,3.990032,-0.018631,-0.116981,-0.025809,30.9,66.5170347889943
17002,-8.43111,-3.611368,3.99063,-0.019242,-0.114537,-0.025809,30.94,66.4867064375649
17012,-8.426923,-3.602395,4.003192,-0.020617,-0.110414,-0.024587,30.94,66.4038457699084
17022,-8.426923,-3.585645,4.025924,-0.020159,-0.105222,-0.022755,30.93,66.2694724338379
17032,-8.410771,-3.606582,4.027719,-0.020159,-0.098502,-0.022297,30.93,66.2447681181253
17042,-8.408379,-3.61376,4.042674,-0.020311,-0.091477,-0.020922,30.89,66.16784400943
17052,-8.411968,-3.589832,4.051049,-0.020006,-0.081703,-0.018784,30.89,66.1097971820239
17062,-8.405388,-3.586841,4.058825,-0.020311,-0.072082,-0.016952,30.94,66.0522912631661
17072,-8.397013,-3.609573,4.054638,-0.020769,-0.061697,-0.01573,30.94,66.0771281619084
17082,-8.391031,-3.615555,4.063612,-0.020464,-0.050549,-0.013134,30.93,66.0228545361607
17092,-8.382057,-3.607778,4.074379,-0.020311,-0.037415,-0.010232,30.93,65.9400832840364
17102,-8.389236,-3.589234,4.073183,-0.019242,-0.024282,-0.007941,30.89,65.9446722686369
17112,-8.382057,-3.592225,4.073183,-0.01909,-0.011148,-0.007025,30.89,65.9319934721395
17122,-8.38146,-3.611966,4.062415,-0.018937,0.001985,-0.004887,30.93,66.0053310744275
17132,-8.377871,-3.602993,4.069593,-0.01909,0.014508,-0.001374,30.93,65.9517388128991
17142,-8.382057,-3.600002,4.053442,-0.018631,0.026725,0.001985,30.94,66.0426266918269
17152,-8.407781,-3.608377,4.052245,-0.019242,0.038943,0.004581,30.94,66.111529295158
17162,-8.403594,-3.605386,4.04387,-0.018173,0.060018,0.009316,30.95,66.1437441709136
17172,-8.394022,-3.610171,4.045067,-0.017257,0.069944,0.012065,30.92,66.1214517112764
17182,-8.401799,-3.602395,4.0337,-0.016799,0.078496,0.014813,30.92,66.190518661433
17192,-8.426923,-3.604787,4.016951,-0.016188,0.087048,0.017868,30.93,66.3338109945329
17202,-8.432905,-3.605386,4.013362,-0.015272,0.094684,0.018784,30.93,66.3658013880832
17212,-8.419745,-3.614359,4.00379,-0.014355,0.100182,0.019395,30.96,66.3963775874759
17222,-8.439486,-3.604787,3.993621,-0.013592,0.104153,0.022602,30.96,66.4826832641753
17232,-8.438888,-3.610171,3.980461,-0.012217,0.106749,0.026114,30.91,66.5553692812947
17242,-8.446067,-3.604787,3.968496,-0.011301,0.108123,0.028863,30.91,66.6284614275369
17252,-8.46461,-3.596412,3.955934,-0.010537,0.10797,0.030391,30.91,66.7257362602531
17262,-8.506484,-3.57727,3.952345,-0.008705,0.106901,0.02978,30.91,66.8147277283133
17272,-8.476574,-3.595814,3.93739,-0.008247,0.105374,0.025504,30.93,66.8475688668225
17282,-8.483154,-3.601198,3.930212,-0.007789,0.102778,0.026267,30.93,66.9036605786342
17292,-8.502895,-3.602395,3.910471,-0.006567,0.096822,0.027336,30.91,67.0491880267462
17302,-8.53161,-3.586841,3.905685,-0.006414,0.091324,0.02474,30.91,67.1197140182389
17312,-8.491529,-3.598805,3.897908,-0.006261,0.085368,0.020006,30.95,67.0889101528835
17322,-8.514261,-3.591029,3.88714,-0.006261,0.077427,0.019548,30.95,67.185446864328
17332,-8.519047,-3.600002,3.879364,-0.005803,0.058032,0.011759,30.93,67.2438930762946
17342,-8.520243,-3.59402,3.875774,-0.007025,0.047342,0.009621,30.95,67.2601032771536
17352,-8.548359,-3.586841,3.885346,-0.008094,0.035888,0.00672,30.95,67.2607512246341
17362,-8.534599,-3.585046,3.875176,-0.009621,0.023824,0.001374,30.92,67.2847696247713
17372,-8.533404,-3.588037,3.881757,-0.010537,0.011148,-0.001527,30.92,67.2502455511742
17382,-8.542377,-3.586841,3.881158,-0.012065,-0.002443,-0.004429,30.9,67.2706213946532
17392,-8.527422,-3.579663,3.870391,-0.013744,-0.015424,-0.005956,30.9,67.2907920922772
17402,-8.519047,-3.589832,3.879364,-0.014813,-0.028405,-0.00733,30.9,67.2351523694278
17412,-8.526823,-3.585046,3.871587,-0.014966,-0.039859,-0.009621,30.9,67.2878689914295
17422,-8.536993,-3.570091,3.888935,-0.016799,-0.05116,-0.010232,30.93,67.2044465328562
17432,-8.520842,-3.58385,3.892524,-0.017104,-0.060934,-0.011148,30.93,67.1643589025771
17442,-8.522038,-3.579663,3.89731,-0.018326,-0.070708,-0.012675,30.88,67.1380131163791
17452,-8.52144,-3.58385,3.905685,-0.019853,-0.079107,-0.015272,30.88,67.096330065804
17462,-8.516056,-3.59402,3.912863,-0.019853,-0.087354,-0.016188,30.93,67.0563362298629
17472,-8.505887,-3.59043,3.919443,-0.020769,-0.093921,-0.018173,30.93,66.9977512940172
17482,-8.500502,-3.589234,3.925426,-0.020769,-0.09896,-0.0197,30.95,66.9541677183147
17492,-8.485548,-3.58744,3.948158,-0.022297,-0.103084,-0.019853,30.95,66.802205604543
17502,-8.465208,-3.589234,3.960122,-0.022297,-0.106443,-0.020464,30.91,66.6986210136428
17512,-8.469995,-3.586841,3.980461,-0.022449,-0.108581,-0.020617,30.93,66.5996880100481
17522,-8.455039,-3.597609,3.990032,-0.022297,-0.106749,-0.020159,30.93,66.5277337246672
17532,-8.459227,-3.591029,3.991827,-0.022755,-0.104611,-0.020311,30.92,66.5212352782915
17542,-8.452048,-3.592823,4.014558,-0.022297,-0.101709,-0.01909,30.92,66.3886030480835
17552,-8.4347,-3.591627,4.006183,-0.022755,-0.09728,-0.018173,30.97,66.3948598272007
17562,-8.410173,-3.611368,4.015156,-0.021838,-0.090408,-0.015577,30.97,66.3137742203071
17572,-8.417951,-3.595216,4.03071,-0.021228,-0.083994,-0.014508,30.93,66.2339989877946
17582,-8.413164,-3.591627,4.0337,-0.021228,-0.0759,-0.013592,30.93,66.204893577203
17592,-8.400601,-3.604189,4.036692,-0.019853,-0.067501,-0.010996,30.91,66.1739117307051
17602,-8.395817,-3.601796,4.044468,-0.0197,-0.057879,-0.009316,30.91,66.120748274949
17612,-8.38804,-3.598207,4.051647,-0.019242,-0.047342,-0.007483,30.9,66.0631977893333
17622,-8.395219,-3.591029,4.056432,-0.019548,-0.036499,-0.005498,30.9,66.0468960436853
17632,-8.397013,-3.602395,4.055236,-0.018937,-0.026573,-0.003665,30.95,66.0674122358988
17642,-8.39462,-3.588636,4.049852,-0.018021,-0.014966,-0.001374,30.95,66.0779189734962
17652,-8.408379,-3.589234,4.046263,-0.017562,-0.000458,-0.001833,30.91,66.1266691488719
17662,-8.400003,-3.589832,4.053442,-0.015882,0.012981,-0.001833,30.91,66.0717049494151
17672,-8.396414,-3.601198,4.057629,-0.016035,0.02474,-0.000153,30.92,66.0524988970173
17682,-8.405987,-3.596412,4.05404,-0.015424,0.045509,0.00336,30.92,66.0873689063091
17692,-8.410173,-3.586243,4.04746,-0.014661,0.055283,0.003512,30.96,66.121501595206
17702,-8.410173,-3.58744,4.034299,-0.014966,0.06521,0.002138,30.91,66.1915866732206
17712,-8.410173,-3.599404,4.021737,-0.014966,0.073762,0.003054,30.91,66.2683624088228
17722,-8.435298,-3.589234,4.01396,-0.014203,0.081551,0.003512,30.98,66.3531723764093
17732,-8.436494,-3.593421,4.009772,-0.014508,0.088117,0.003054,30.98,66.3814276871626
17742,-8.438888,-3.591029,4.00379,-0.013897,0.094379,0.002443,30.95,66.4157123370283
17752,-8.438888,-3.59402,3.991228,-0.014661,0.09896,0.003512,30.95,66.4843399188859
17762,-8.46102,-3.602993,3.983452,-0.013439,0.101251,0.003971,30.91,66.5795724737758
17772,-8.470592,-3.596412,3.966702,-0.012981,0.103236,0.003971,30.91,66.681618452174
17782,-8.449057,-3.60718,3.955336,-0.013286,0.104611,0.002138,30.93,66.7060450748666
17792,-8.47119,-3.602395,3.944568,-0.013592,0.103847,0.003054,30.93,66.804450477854
17802,-8.491529,-3.592225,3.936791,-0.012675,0.101709,0.002291,30.91,66.8785133741451
17812,-8.483154,-3.605386,3.92722,-0.011301,0.098807,0.001527,30.91,66.9230720059616
17822,-8.501699,-3.593421,3.923033,-0.011606,0.094531,0.000305,30.95,66.9728578611393
17832,-8.498111,-3.602993,3.904488,-0.011454,0.088881,0.001833,30.95,67.0713855295825
17842,-8.515458,-3.604787,3.899703,-0.011148,0.081398,0.003512,30.93,67.1336289403076
17852,-8.502895,-3.610171,3.884748,-0.01069,0.065821,-0.000611,30.93,67.1913857901683
17862,-8.522038,-3.604787,3.885944,-0.010843,0.056352,0.001222,30.94,67.2194501501856
17872,-8.540583,-3.599404,3.878766,-0.010385,0.045968,0,30.95,67.2902931305178
17882,-8.517252,-3.598207,3.878766,-0.01069,0.03543,-0.001374,30.95,67.2418453066529
17892,-8.52144,-3.616751,3.876373,-0.010537,0.023366,-0.001222,30.94,67.2789294971366
17902,-8.522038,-3.607778,3.88056,-0.011148,0.010537,-0.003207,30.94,67.2503698332518
17912,-8.520842,-3.595814,3.870989,-0.010996,-0.002138,-0.003054,30.96,67.2880825317682
17922,-8.529815,-3.591627,3.869792,-0.012675,-0.015424,-0.00336,30.96,67.3090361966701
17932,-8.525029,-3.58744,3.878766,-0.011759,-0.027642,-0.003054,30.93,67.2484373624317
17942,-8.516056,-3.605386,3.875176,-0.011454,-0.039706,-0.002291,30.93,67.264508438153
17952,-8.522038,-3.597011,3.870391,-0.011759,-0.051007,-0.001527,30.9,67.2946923822576
17962,-8.505887,-3.603591,3.884748,-0.012523,-0.062156,-0.002138,30.9,67.1917965122513
17972,-8.515458,-3.594618,3.889533,-0.012523,-0.072082,-0.003054,30.95,67.1783783917621
17982,-8.500502,-3.609573,3.905087,-0.012523,-0.081551,-0.003207,30.95,67.0788546613016
17992,-8.502895,-3.598805,3.906283,-0.012065,-0.090408,-0.00336,30.9,67.0681082797289
18002,-8.503493,-3.59043,3.919443,-0.01237,-0.09728,-0.003665,30.9,66.9928271358445
18012,-8.476574,-3.597609,3.930212,-0.013286,-0.104305,-0.004581,30.95,66.8869154691725
18022,-8.472386,-3.597011,3.951149,-0.012828,-0.109192,-0.004887,30.95,66.7675856868896
18032,-8.463414,-3.592823,3.963711,-0.013744,-0.113926,-0.005651,30.95,66.6791927794744
18042,-8.456833,-3.597609,3.9673,-0.014203,-0.114843,-0.007025,30.95,66.6508453274045
18052,-8.469396,-3.611966,3.993023,-0.013744,-0.11469,-0.007636,30.95,66.5549008572518
18062,-8.452645,-3.597011,3.998407,-0.013744,-0.111636,-0.008399,30.97,66.4782497934366
18072,-8.444869,-3.588636,4.015156,-0.014661,-0.106749,-0.009316,30.97,66.3665775947202
18082,-8.429317,-3.596412,4.022335,-0.015577,-0.101556,-0.01069,30.94,66.3030789563835
18092,-8.436494,-3.589832,4.03071,-0.016188,-0.0956,-0.01069,30.94,66.2684575843776
18102,-8.413763,-3.59043,4.048058,-0.015882,-0.087354,-0.010079,30.93,66.1298346428452
18112,-8.41436,-3.595814,4.045665,-0.016493,-0.078954,-0.010537,30.93,66.148538968574
18122,-8.41137,-3.592225,4.058227,-0.016493,-0.069486,-0.010232,30.89,66.0731206823463
18132,-8.407781,-3.596412,4.070789,-0.01741,-0.05849,-0.009468,30.89,66.0035542237819
18142,-8.403594,-3.58744,4.064807,-0.017257,-0.047342,-0.008094,30.96,66.0176791353168
18152,-8.395817,-3.589234,4.064209,-0.018021,-0.035736,-0.008247,30.96,66.0057893163057
18162,-8.394022,-3.604787,4.065406,-0.018326,-0.023213,-0.006109,30.93,66.0099515918045
18172,-8.392825,-3.586841,4.067201,-0.018631,-0.011454,-0.004887,30.93,65.9815078114634
18182,-8.39462,-3.591627,4.068397,-0.018937,0.000916,-0.002138,30.9,65.9834867670666
18192,-8.400003,-3.585046,4.068397,-0.019395,0.013134,-0.000764,30.9,65.9890004858878
18202,-8.391629,-3.586243,4.058227,-0.018326,0.036499,0.003971,30.93,66.0254151429566
18212,-8.400601,-3.584448,4.057629,-0.018326,0.047495,0.007025,30.96,66.0461264752035
18222,-8.403594,-3.591029,4.050451,-0.017715,0.057574,0.009468,30.96,66.0961455889666
18232,-8.4012,-3.591029,4.036692,-0.017104,0.067806,0.012523,30.89,66.1631832178185
18242,-8.397013,-3.583252,4.030112,-0.017257,0.076664,0.013897,30.89,66.1817171425447
18252,-8.419745,-3.585046,4.027121,-0.017104,0.085216,0.015272,30.94,66.2474201363428
18262,-8.418548,-3.599404,4.020541,-0.017257,0.090866,0.017257,30.94,66.2923919533304
18272,-8.422137,-3.579663,4.001398,-0.016493,0.096669,0.018173,30.89,66.3826986913835
18282,-8.43111,-3.588636,3.994817,-0.016188,0.101709,0.019548,30.89,66.4442865112846
18292,-8.440084,-3.586841,3.978666,-0.016493,0.105222,0.020006,30.9,66.5464501750599
18302,-8.455637,-3.586243,3.966702,-0.016188,0.106596,0.020617,30.9,66.6414049974702
18312,-8.460423,-3.586243,3.951746,-0.017257,0.107054,0.020464,30.93,66.7300582353303
18322,-8.467003,-3.586841,3.945167,-0.016799,0.107207,0.020769,30.93,66.7788993362694
18332,-8.505288,-3.576672,3.954139,-0.016493,0.105069,0.019242,30.93,66.8023167124104
18342,-8.529815,-3.574279,3.923631,-0.017257,0.103694,0.012217,30.93,67.0109670628117
18352,-8.476574,-3.59402,3.920042,-0.017257,0.101709,0.006109,30.95,66.9373214680143
18362,-8.499306,-3.597609,3.899703,-0.016799,0.096364,0.004276,30.95,67.0943591246162
18372,-8.498708,-3.592823,3.900301,-0.016952,0.081551,0.002596,30.96,67.0858315737874
18382,-8.511868,-3.596412,3.88714,-0.017104,0.072388,0.000916,30.95,67.1852006149255
18392,-8.560324,-3.563511,3.876373,-0.016952,0.063835,-0.002902,30.95,67.3124330954091
18402,-8.529217,-3.589832,3.875176,-0.016188,0.05681,-0.01069,30.94,67.2779194843515
18412,-8.533404,-3.598207,3.875176,-0.015424,0.047037,-0.01237,30.94,67.2935935093863
18422,-8.526226,-3.599404,3.858427,-0.015882,0.035736,-0.013286,30.94,67.3683213895127
18432,-8.530412,-3.579663,3.86381,-0.016188,0.022907,-0.014966,30.94,67.3315695753813
18442,-8.544769,-3.571886,3.86381,-0.016035,0.009468,-0.016188,30.95,67.3540981890302
18452,-8.536395,-3.594618,3.861418,-0.016646,-0.003512,-0.016188,30.95,67.3690608701486
18462,-8.522038,-3.597011,3.868596,-0.016188,-0.016952,-0.016035,30.95,67.3041549165551
18472,-8.525029,-3.594618,3.870391,-0.015882,-0.029474,-0.015882,30.95,67.2987183429482
18482,-8.526823,-3.568895,3.871587,-0.015272,-0.041997,-0.01573,30.92,67.2740774154034
18492,-8.52144,-3.595216,3.872185,-0.015882,-0.054367,-0.016035,30.92,67.2824808040452
18502,-8.510075,-3.599404,3.876373,-0.016035,-0.065363,-0.015424,30.96,67.2408715518036
18512,-8.520243,-3.583252,3.893721,-0.014966,-0.075136,-0.014966,30.96,67.1563187673886
18522,-8.502296,-3.589832,3.902096,-0.015119,-0.085368,-0.015272,30.96,67.0811443883997
18532,-8.486743,-3.602395,3.922434,-0.015272,-0.093768,-0.013744,30.96,66.9530341935163
18542,-8.48136,-3.59402,3.92064,-0.014813,-0.101098,-0.012981,30.97,66.9440518851779
18552,-8.478967,-3.591029,3.946362,-0.01405,-0.111636,-0.011912,30.91,66.8011438505615
18562,-8.473583,-3.597609,3.957131,-0.014966,-0.114385,-0.013134,30.91,66.7391662053255
18572,-8.468798,-3.608975,3.971487,-0.015577,-0.116828,-0.012828,30.94,66.6638962397193
18582,-8.447861,-3.597011,3.971487,-0.015272,-0.116675,-0.011454,30.94,66.6095577910433
18592,-8.46102,-3.6006,3.987041,-0.014966,-0.11469,-0.011454,30.95,66.5586156911978
18602,-8.459227,-3.597609,3.991827,-0.015272,-0.111941,-0.012981,30.95,66.5270963741722
18612,-8.440681,-3.59402,4.012764,-0.016646,-0.107512,-0.012981,30.96,66.3751108022894
18622,-8.435298,-3.591029,4.019344,-0.017257,-0.102014,-0.012217,30.96,66.3265571863841
18632,-8.415558,-3.604787,4.028317,-0.017562,-0.0956,-0.012675,30.92,66.2501542197933
18642,-8.413164,-3.592823,4.03729,-0.017715,-0.087354,-0.013439,30.92,66.1871576319428
18652,-8.393424,-3.594618,4.045067,-0.017715,-0.078038,-0.012217,30.91,66.105929850353
18662,-8.4012,-3.596412,4.042674,-0.018326,-0.069028,-0.012065,30.91,66.1367157571065
18672,-8.407183,-3.598207,4.061218,-0.018937,-0.057421,-0.010996,30.94,66.0539860870937
18682,-8.396414,-3.595216,4.069593,-0.018631,-0.046273,-0.010079,30.94,65.9843667332653
18692,-8.394022,-3.592823,4.058227,-0.018326,-0.033903,-0.008552,30.9,66.0365705103587
18702,-8.386245,-3.598207,4.059424,-0.018173,-0.021991,-0.008094,30.9,66.0185818008894
18712,-8.389835,-3.595216,4.046861,-0.017104,-0.008094,-0.006414,30.91,66.0893967343499
18722,-8.38445,-3.602395,4.056432,-0.013134,0.019853,-0.003207,30.92,66.0342727316714
18732,-8.387442,-3.604189,4.05404,-0.012065,0.032376,-0.00168,30.92,66.0548655274628
18742,-8.401799,-3.599404,4.044468,-0.012217,0.043677,-0.000153,30.93,66.1313195070282
18752,-8.408379,-3.591627,4.039085,-0.011148,0.055131,0.000305,30.93,66.1664734117995
18762,-8.41137,-3.601198,4.030112,-0.010537,0.065973,0.000611,30.89,66.2285925033521
18772,-8.409575,-3.59043,4.026522,-0.010079,0.074831,0.002443,30.89,66.2338329251122
18782,-8.407183,-3.596412,4.021737,-0.009468,0.082314,0.004887,30.92,66.259300098708
18792,-8.435298,-3.596412,4.004389,-0.008705,0.088117,0.006261,30.92,66.4098348765389
18802,-8.446067,-3.597011,3.998407,-0.007941,0.093921,0.007025,30.9,66.4644281495512
18812,-8.436494,-3.603591,3.994219,-0.00733,0.098807,0.00733,30.9,66.4721828434667
18822,-8.440084,-3.605386,3.978068,-0.006414,0.101404,0.00901,30.93,66.566164391985
18832,-8.446664,-3.598207,3.971487,-0.005956,0.102931,0.01069,30.93,66.6081192345046
18842,-8.467602,-3.598207,3.971487,-0.005192,0.103694,0.012828,30.94,66.6518542179976
18852,-8.479566,-3.586841,3.960122,-0.004429,0.103389,0.012828,30.94,66.7264085003332
18862,-8.481958,-3.586841,3.938586,-0.003971,0.101709,0.012828,30.93,66.8445578839398
18872,-8.483753,-3.594618,3.939184,-0.003818,0.099418,0.013897,30.93,66.8519467911149
18882,-8.49452,-3.596412,3.906881,-0.004581,0.094684,0.012675,30.94,67.0456922784915
18892,-8.498708,-3.585645,3.916452,-0.004276,0.08323,0.013286,30.94,66.9945586090765
18902,-8.517851,-3.588037,3.904488,-0.002902,0.076053,0.012065,30.96,67.0988848523241
18912,-8.511868,-3.591029,3.893123,-0.003665,0.068264,0.010232,30.91,67.1490418782755
18922,-8.505887,-3.600002,3.892524,-0.004429,0.059254,0.008247,30.91,67.1477204258849
18932,-8.525627,-3.596412,3.89731,-0.004581,0.050396,0.008399,30.94,67.159753569293
18942,-8.53819,-3.588037,3.884748,-0.004887,0.039248,0.005803,30.94,67.2442431857246
18952,-8.523833,-3.595216,3.881158,-0.005956,0.027642,0.002749,30.91,67.2400729393746
18962,-8.534002,-3.585046,3.882355,-0.00733,0.016035,0.001069,30.91,67.2457565310855
18972,-8.534599,-3.582056,3.885944,-0.007636,0.00336,-0.000764,30.95,67.225525839362
18982,-8.517252,-3.586841,3.884149,-0.009468,-0.009468,-0.001985,30.95,67.2037080028312
18992,-8.510672,-3.57727,3.88056,-0.010537,-0.022144,-0.002138,30.93,67.2009652267414
19002,-8.514261,-3.577868,3.890131,-0.010385,-0.034208,-0.003665,30.93,67.1583631200073
19012,-8.505887,-3.584448,3.89731,-0.011148,-0.045051,-0.004123,30.91,67.1090610001327
19022,-8.511868,-3.562315,3.890131,-0.012065,-0.054672,-0.003054,30.91,67.1401020243624
19032,-8.518449,-3.584448,3.895515,-0.012981,-0.064752,-0.004429,30.93,67.144234852635
19042,-8.505288,-3.583252,3.911069,-0.013592,-0.072235,-0.00504,30.93,67.0343484861125
19052,-8.498111,-3.58744,3.915256,-0.014203,-0.080481,-0.006109,30.92,67.0011835789008
19062,-8.493923,-3.598207,3.931407,-0.015272,-0.091019,-0.010232,30.92,66.9169848300323
19072,-8.484351,-3.597011,3.941577,-0.015882,-0.094379,-0.011606,30.92,66.8427043208654
19082,-8.483154,-3.591627,3.953541,-0.017257,-0.097128,-0.013744,30.95,66.7726357885741
19092,-8.467003,-3.585645,3.969095,-0.017715,-0.098655,-0.014203,30.95,66.6520449528899
19102,-8.464012,-3.592225,3.972684,-0.018021,-0.099418,-0.015577,30.92,66.6327756072136
19112,-8.462815,-3.600002,3.984648,-0.018937,-0.098197,-0.016341,30.92,66.5743901007472
19122,-8.454441,-3.592225,3.991228,-0.019853,-0.096669,-0.018784,30.96,66.5154036859934
19132,-8.443074,-3.585645,3.996612,-0.020006,-0.093157,-0.019548,30.96,66.4573825197579
19142,-8.440084,-3.589234,4.00379,-0.020769,-0.089034,-0.019853,30.95,66.4166238184944
19152,-8.425727,-3.592225,4.011567,-0.020159,-0.083994,-0.0197,30.95,66.3481890151281
19162,-8.432307,-3.589832,4.024727,-0.0197,-0.077274,-0.018173,30.96,66.2909341679788
19172,-8.423334,-3.592225,4.0337,-0.020006,-0.07025,-0.018326,30.96,66.227045809054
19182,-8.417352,-3.586841,4.036692,-0.020159,-0.061697,-0.01741,30.95,66.1937732650304
19192,-8.410173,-3.585645,4.039683,-0.019395,-0.053145,-0.01573,30.95,66.161721285535
19202,-8.420941,-3.593421,4.049852,-0.018784,-0.043677,-0.015577,30.92,66.1384542614051
19212,-8.406584,-3.595216,4.04387,-0.019242,-0.034056,-0.013592,30.92,66.1408330844375
19222,-8.408379,-3.597011,4.05404,-0.018479,-0.023366,-0.012065,30.92,66.0930214948398
19232,-8.409575,-3.601198,4.051049,-0.016952,-0.013592,-0.007025,30.92,66.1150556961759
19242,-8.393424,-3.591627,4.057031,-0.016188,0.008705,-0.005651,30.96,66.040461741072
19252,-8.408379,-3.58385,4.040281,-0.015424,0.019395,-0.005192,30.93,66.1531301505449
19262,-8.413164,-3.599404,4.051647,-0.014508,0.030696,-0.00336,30.93,66.1179373905264
19272,-8.406584,-3.607778,4.045067,-0.013592,0.040775,-0.001833,30.93,66.1460242592012
19282,-8.413164,-3.6006,4.045067,-0.012981,0.05116,-0.000916,30.93,66.153482295461
19292,-8.432307,-3.591029,4.034897,-0.011912,0.060323,0.000153,30.9,66.238735674327
19302,-8.425129,-3.602395,4.020541,-0.012217,0.069028,-0.000153,30.9,66.3090302576489
19312,-8.429914,-3.603591,4.018745,-0.011759,0.076053,0,30.93,66.3296441813269
19323,-8.434101,-3.602993,4.006782,-0.011454,0.083078,0.000458,30.93,66.4006762713747
19332,-8.438289,-3.597609,4.002594,-0.011759,0.088423,0,30.89,66.4266310007141
19342,-8.447861,-3.594618,3.991827,-0.011912,0.093004,-0.000764,30.89,66.5005845158846
19352,-8.450851,-3.604787,3.983452,-0.011606,0.097433,-0.000916,30.95,66.5598974629172
19362,-8.449057,-3.603591,3.978068,-0.011759,0.099876,-0.000305,30.95,66.583346222241
19372,-8.482555,-3.59402,3.963711,-0.011301,0.101098,-0.001222,30.9,66.7201039988149
19382,-8.460423,-3.605386,3.948158,-0.011606,0.100793,-0.003512,30.9,66.7658631328609
19392,-8.472985,-3.603591,3.945167,-0.011301,0.099266,-0.002902,30.93,66.806077093339
19402,-8.490333,-3.594618,3.912265,-0.011301,0.09728,-0.002443,30.93,67.007168635998
19412,-8.477173,-3.605386,3.905685,-0.009621,0.08995,-0.004276,30.92,67.0241652904426
19422,-8.502296,-3.601796,3.900301,-0.008399,0.083841,-0.004581,30.93,67.100968237258
19432,-8.511271,-3.608377,3.887738,-0.008705,0.076511,-0.005192,30.93,67.191164556687
19442,-8.492725,-3.60718,3.887738,-0.008247,0.068264,-0.005956,30.94,67.1522551677174
19452,-8.505887,-3.602993,3.875176,-0.008094,0.058643,-0.005651,30.94,67.2417466094715
19462,-8.516056,-3.60718,3.877569,-0.00733,0.048258,-0.004887,30.93,67.2534435059204
19472,-8.510672,-3.606582,3.875774,-0.006872,0.03711,-0.005956,30.93,67.251433470995
19482,-8.516654,-3.614957,3.879962,-0.006414,0.025198,-0.006261,30.94,67.2487597223334
19492,-8.513663,-3.598207,3.867998,-0.006109,0.012981,-0.003971,30.94,67.2913140021806
19502,-8.522038,-3.598805,3.876971,-0.006109,0.000153,-0.004581,30.92,67.2615571159959
19512,-8.517851,-3.603591,3.871587,-0.006567,-0.013286,-0.004429,30.92,67.2855298755382
19522,-8.525029,-3.597011,3.877569,-0.005651,-0.025962,-0.004734,30.92,67.2629500758067
19532,-8.522038,-3.598805,3.888935,-0.005498,-0.039095,-0.004123,30.92,67.1985563332295
19542,-8.516654,-3.599404,3.885346,-0.00672,-0.052229,-0.002749,30.93,67.2069933590856
19552,-8.517252,-3.597011,3.893123,-0.006261,-0.064446,-0.001374,30.93,67.1652027954548
19562,-8.509476,-3.595216,3.908078,-0.006872,-0.074831,-0.001833,30.89,67.0690446827899
19572,-8.496315,-3.600002,3.914658,-0.007025,-0.085368,-0.00168,30.89,67.0115640747095
19582,-8.493923,-3.602993,3.928416,-0.007178,-0.100335,0.000611,30.95,66.9368902195729
19592,-8.491529,-3.6006,3.929613,-0.007483,-0.106291,0.000305,30.91,66.9235701070007
19602,-8.477771,-3.59043,3.952943,-0.007941,-0.111177,-0.000611,30.91,66.7635465714514
19612,-8.474181,-3.597011,3.955934,-0.008094,-0.114385,-0.000458,30.93,66.7461698361155
19622,-8.465807,-3.601796,3.970291,-0.007483,-0.11469,0.000764,30.93,66.6575719948132
19632,-8.458031,-3.593421,3.981657,-0.007941,-0.113774,0.000611,30.9,66.5742216467201
19642,-8.449057,-3.602993,3.994817,-0.008858,-0.112399,-0.000764,30.9,66.4948954191971
19652,-8.438888,-3.593421,4.004987,-0.009621,-0.109039,-0.001069,30.96,66.411578014165
19662,-8.439486,-3.597011,4.024727,-0.010232,-0.104611,-0.002749,30.96,66.3125927864727
19672,-8.44128,-3.597011,4.032505,-0.010385,-0.09896,-0.003971,30.92,66.2756654410641
19682,-8.423933,-3.584448,4.040879,-0.01069,-0.090255,-0.00336,30.92,66.1836667968016
19692,-8.431709,-3.584448,4.04746,-0.011759,-0.082772,-0.003971,30.89,66.1657560106348
19702,-8.409575,-3.597609,4.050451,-0.013439,-0.073609,-0.005651,30.89,66.1149123833343
19712,-8.404789,-3.585046,4.049852,-0.013592,-0.063072,-0.004581,30.91,66.096380889386
19722,-8.41436,-3.591627,4.058825,-0.013592,-0.052229,-0.00504,30.91,66.0758307712087
19732,-8.412566,-3.58744,4.068995,-0.014813,-0.040164,-0.005956,30.93,66.0149758025981
19742,-8.39821,-3.595216,4.067201,-0.014966,-0.027794,-0.005192,30.93,66.0007356803177
19752,-8.404789,-3.589832,4.068995,-0.016188,-0.015272,-0.005956,30.95,66.0005093125253
19762,-8.395219,-3.595814,4.070789,-0.016493,0.009621,-0.005956,30.94,65.9760939599663
19772,-8.39462,-3.596412,4.074379,-0.016952,0.022907,-0.00504,30.94,65.9565718968783
19782,-8.403594,-3.585645,4.063612,-0.016493,0.034819,-0.004581,30.95,66.0222942544548
19792,-8.410173,-3.59043,4.06062,-0.016952,0.047037,-0.003665,30.95,66.0564012737126
19802,-8.409575,-3.585645,4.057031,-0.016799,0.057269,-0.00336,30.93,66.069547456358
19812,-8.416155,-3.592225,4.055834,-0.016952,0.067806,-0.00168,30.93,66.0958583206048
19822,-8.425727,-3.59043,4.043272,-0.01741,0.076816,-0.000764,30.92,66.1803684346622
19832,-8.422137,-3.592225,4.029513,-0.016646,0.085521,0.000611,30.92,66.2464498515901
19842,-8.425129,-3.588037,4.024727,-0.01741,0.093157,0.00168,30.96,66.2741037572933
19852,-8.434101,-3.594618,4.003192,-0.017562,0.098655,0.002596,30.96,66.4119813083804
19862,-8.450253,-3.586243,4.001996,-0.016646,0.103389,0.003665,30.97,66.4447780769974
19872,-8.438289,-3.598207,3.982853,-0.016952,0.107512,0.005498,30.97,66.5308293348947
19882,-8.453843,-3.583252,3.981657,-0.016646,0.10965,0.006567,30.94,66.5564057107718
19892,-8.472386,-3.595216,3.963113,-0.016341,0.110872,0.007025,30.94,66.7031433711361
19902,-8.472386,-3.58385,3.951149,-0.015424,0.110872,0.007483,30.94,66.7559931647095
19912,-8.48136,-3.597011,3.95055,-0.014661,0.110414,0.007178,30.94,66.7893581103838
19922,-8.486743,-3.59043,3.915256,-0.013897,0.108276,0.006872,30.9,66.9803733628822
19932,-8.49452,-3.591627,3.910471,-0.013134,0.098655,0.005803,30.9,67.0226257144966
19942,-8.495118,-3.582654,3.90389,-0.013286,0.093157,0.004887,30.95,67.0507312316674
19952,-8.505288,-3.596412,3.891926,-0.013134,0.086132,0.005498,30.95,67.1465404540544
19962,-8.517252,-3.586841,3.892524,-0.01237,0.077885,0.003665,30.95,67.1595945042924
19972,-8.510075,-3.59043,3.876971,-0.010996,0.068722,0.002291,30.93,67.2299903608454
19982,-8.520243,-3.594618,3.871587,-0.010537,0.059712,0.000764,30.93,67.2826861127305
19992,-8.527422,-3.588636,3.864408,-0.009468,0.049327,-0.000305,30.95,67.3300015328659
20002,-8.532805,-3.59043,3.862016,-0.009316,0.03879,-0.001527,30.95,67.355064219596
20012,-8.536993,-3.58385,3.860819,-0.009621,0.027031,-0.004429,30.95,67.3642577668905
20022,-8.529217,-3.580859,3.865007,-0.009163,0.015424,-0.006872,30.95,67.323849669777
20032,-8.517851,-3.589234,3.868596,-0.009927,0.003054,-0.008552,30.94,67.2889758496817
20042,-8.528618,-3.589234,3.864408,-0.009774,-0.010079,-0.010537,30.94,67.3329400001116
20052,-8.528021,-3.602395,3.872185,-0.01069,-0.024129,-0.011759,30.9,67.3020060870624
20062,-8.512466,-3.597609,3.865605,-0.010996,-0.036041,-0.012981,30.9,67.30099151607
20072,-8.537591,-3.577868,3.88714,-0.01069,-0.047495,-0.01237,30.96,67.2217498387227
20082,-8.520243,-3.595814,3.875774,-0.010843,-0.059254,-0.012828,30.96,67.2616436525287
20092,-8.523833,-3.588636,3.894917,-0.011148,-0.069333,-0.012217,30.91,67.1619887649893
20102,-8.517851,-3.591029,3.900301,-0.010843,-0.086896,-0.012675,30.91,67.1234930172271
20112,-8.501699,-3.602395,3.92064,-0.01069,-0.093462,-0.012675,30.95,66.993251002203
20122,-8.502296,-3.592225,3.929613,-0.011759,-0.100029,-0.012981,30.95,66.9384593514646
20132,-8.486146,-3.597609,3.937988,-0.011606,-0.104763,-0.013592,30.95,66.8658068714938
20142,-8.492128,-3.59402,3.942773,-0.012523,-0.108276,-0.01405,30.9,66.8498897529833
20152,-8.478369,-3.600002,3.951746,-0.01237,-0.110719,-0.014966,30.9,66.7795038127622
20162,-8.466404,-3.594618,3.958327,-0.012217,-0.111941,-0.014355,30.91,66.7153057243359
20172,-8.46102,-3.595814,3.979264,-0.01237,-0.110567,-0.013897,30.91,66.5951634537936
20182,-8.442476,-3.595814,3.993023,-0.013286,-0.109345,-0.014813,30.93,66.4840632977151
20192,-8.447861,-3.59043,4.00738,-0.013134,-0.106596,-0.015119,30.93,66.4152535968059
20202,-8.455039,-3.604787,4.0008,-0.012675,-0.102014,-0.015119,30.91,66.4776839887252
20212,-8.432905,-3.598207,4.014558,-0.013286,-0.096822,-0.013897,30.91,66.3530579044239
20222,-8.419745,-3.601796,4.02413,-0.013134,-0.089644,-0.012675,30.91,66.278270183425
20232,-8.416155,-3.596412,4.0337,-0.012981,-0.082467,-0.012217,30.91,66.2155949981086
20242,-8.422735,-3.575475,4.046263,-0.013286,-0.073762,-0.011301,30.92,66.1447936237114
20252,-8.407781,-3.606582,4.04746,-0.012828,-0.063225,-0.010537,30.92,66.1349451645591
20262,-8.401799,-3.604787,4.045665,-0.013592,-0.053603,-0.009621,30.88,66.1299651083316
20272,-8.408379,-3.597609,4.049254,-0.012981,-0.042302,-0.008399,30.88,66.118631618845
20282,-8.395817,-3.608377,4.048058,-0.011759,-0.0197,-0.006872,30.9,66.1079556659007
20292,-8.396414,-3.606582,4.043272,-0.010537,-0.007941,-0.005345,30.92,66.1326740608632
20302,-8.4012,-3.598207,4.046263,-0.010537,0.005192,-0.004581,30.92,66.1195393116459
20312,-8.403594,-3.597011,4.046263,-0.009316,0.018326,-0.003665,30.9,66.1235534535559
20322,-8.389835,-3.60718,4.048058,-0.008094,0.031001,-0.003512,30.9,66.094090736818
20332,-8.391629,-3.595216,4.049254,-0.00733,0.041997,-0.002902,30.9,66.0806806776441
20342,-8.409575,-3.608377,4.045067,-0.007789,0.053756,-0.003512,30.9,66.1529367621871
20352,-8.413164,-3.600002,4.0337,-0.007025,0.06353,-0.003207,30.93,66.2125020034014
20362,-8.425727,-3.603591,4.033103,-0.007025,0.072998,-0.003054,30.93,66.2455469388255
20372,-8.432307,-3.591029,4.023531,-0.00672,0.081398,-0.003054,30.92,66.2982818176727
20382,-8.416754,-3.606582,4.01396,-0.007178,0.088881,-0.003665,30.92,66.329630910121
20392,-8.438289,-3.593421,4.008576,-0.006567,0.095295,-0.002443,30.94,66.3914878740601
20402,-8.439486,-3.592823,3.99721,-0.006872,0.099724,-0.001374,30.94,66.4531151113558
20412,-8.437093,-3.600002,3.987041,-0.006567,0.104153,-0.001833,30.92,66.5079203701807
20422,-8.443673,-3.602993,3.97388,-0.006109,0.106596,-0.001222,30.92,66.5935513621944
20432,-8.46461,-3.597609,3.965506,-0.005651,0.108123,-0.000916,30.95,66.6764936866169
20442,-8.474779,-3.597609,3.942773,-0.005651,0.108429,-0.000305,30.95,66.8171149432003
20452,-8.470592,-3.595814,3.934398,-0.004887,0.104,0.000458,30.9,66.8509232264477
20462,-8.483154,-3.605386,3.928416,-0.004123,0.100335,0.001374,30.96,66.9167801970024
20472,-8.485548,-3.603591,3.91406,-0.003665,0.0956,0.002443,30.96,66.9956991737861
20482,-8.502296,-3.600002,3.906283,-0.002749,0.089339,0.003512,30.9,67.0679190601382
20492,-8.501699,-3.600002,3.891328,-0.002443,0.082161,0.003512,30.9,67.1454579499319
20502,-8.502895,-3.605984,3.892524,-0.002749,0.073762,0.002902,30.89,67.1467849002298
20512,-8.507083,-3.597011,3.88714,-0.002443,0.06521,0.004887,30.89,67.1759461555855
20522,-8.520243,-3.589832,3.882953,-0.001069,0.055131,0.004429,30.93,67.2186802910418
20532,-8.531011,-3.59043,3.879962,-0.001069,0.045204,0.003665,30.93,67.2568747469009
20542,-8.513663,-3.597609,3.882953,-0.000611,0.033903,0.003207,30.93,67.2119548199638
20552,-8.514859,-3.601796,3.88714,-0.000611,0.022907,0.003665,30.93,67.1959474071128
20562,-8.529217,-3.586243,3.890131,0,0.011454,0.003207,30.9,67.1961066941757
20572,-8.526823,-3.592225,3.875774,-0.000611,0.000458,0.002443,30.9,67.2719502912376
20582,-8.529217,-3.595216,3.879962,-0.001222,-0.012065,0.001374,30.93,67.2573259447095
20592,-8.527422,-3.601796,3.881757,-0.001985,-0.023824,0.000458,30.93,67.2498720261058
20602,-8.518449,-3.59043,3.893123,-0.002138,-0.036041,-0.000611,30.93,67.1619767088675
20612,-8.499905,-3.589234,3.896114,-0.003512,-0.0478,-0.000611,30.93,67.1072387273163
20622,-8.509476,-3.59402,3.902694,-0.004887,-0.069791,-0.003818,30.9,67.0963398126907
20632,-8.496315,-3.591627,3.915854,-0.006567,-0.078496,-0.00336,30.93,66.9979801633445
20642,-8.492128,-3.583252,3.916452,-0.006567,-0.085979,-0.004429,30.93,66.9789233395575
20653,-8.487941,-3.596412,3.924827,-0.00733,-0.093157,-0.005345,30.94,66.9376813204384
20662,-8.489736,-3.584448,3.940979,-0.006872,-0.097586,-0.005651,30.94,66.8459919166049
20672,-8.477771,-3.591029,3.944568,-0.007636,-0.100182,-0.007025,30.91,66.8080945910621
20682,-8.468798,-3.59043,3.963113,-0.007789,-0.103084,-0.008399,30.91,66.6914421275631
20692,-8.472985,-3.580859,3.972086,-0.00901,-0.104611,-0.00901,30.95,66.644601340194
20702,-8.469995,-3.592225,3.979862,-0.009621,-0.104,-0.011148,30.95,66.6075991143539
20712,-8.455637,-3.59043,3.987041,-0.010232,-0.102473,-0.011148,30.93,66.5382848022738
20722,-8.459227,-3.584448,4.002594,-0.009621,-0.09896,-0.011606,30.93,66.4589198162866
20732,-8.453244,-3.588636,4.010969,-0.011301,-0.095142,-0.013744,30.93,66.4061771289036
20742,-8.442476,-3.584448,4.022933,-0.011912,-0.089644,-0.015424,30.93,66.3170123048254
20752,-8.438289,-3.598805,4.021737,-0.01237,-0.08323,-0.015882,30.91,66.3273415620222
20762,-8.429317,-3.591029,4.036094,-0.012217,-0.0759,-0.015119,30.91,66.2261231642714
20772,-8.423334,-3.58744,4.040281,-0.012828,-0.067959,-0.016188,30.95,66.1882342566766
20782,-8.421539,-3.588037,4.045067,-0.013286,-0.058948,-0.016035,30.95,66.1598903578583
20792,-8.410771,-3.591029,4.055834,-0.013286,-0.039706,-0.016799,30.94,66.0832774020566
20802,-8.408379,-3.593421,4.057629,-0.012828,-0.028405,-0.015882,30.93,66.0709537273913
20812,-8.397612,-3.591029,4.055236,-0.012981,-0.018021,-0.014966,30.93,66.0582844452347
20822,-8.401799,-3.59402,4.052843,-0.01405,-0.007025,-0.014203,30.94,66.0825094133805
20832,-8.406584,-3.592823,4.059424,-0.013897,0.003512,-0.012523,30.94,66.0571751004148
20842,-8.400003,-3.58385,4.053442,-0.013592,0.015424,-0.012217,30.93,66.0662413088028
20852,-8.402397,-3.59402,4.044468,-0.013592,0.027031,-0.01069,30.93,66.1276795511734
20862,-8.41436,-3.6006,4.04387,-0.012828,0.038332,-0.009468,30.94,66.1622968831697
20872,-8.404191,-3.598207,4.052245,-0.011606,0.048869,-0.007789,30.94,66.0945764104758
20882,-8.417951,-3.588037,4.042076,-0.01069,0.058796,-0.006261,30.93,66.1679183470484
20892,-8.42453,-3.597011,4.033103,-0.010385,0.068264,-0.006109,30.93,66.2370464621116
20902,-8.435298,-3.604787,4.022933,-0.009774,0.076969,-0.005192,30.92,66.3201525617822
20912,-8.42812,-3.602395,4.020541,-0.009468,0.083994,-0.004276,30.92,66.3153561926036
20922,-8.421539,-3.598207,4.000201,-0.00901,0.091019,-0.004276,30.93,66.4044211678353
20932,-8.43111,-3.600002,4.000201,-0.009774,0.096975,-0.004276,30.93,66.4262193910236
20942,-8.449057,-3.6006,3.99721,-0.009621,0.100945,-0.004123,30.9,66.4802019233396
20952,-8.454441,-3.599404,3.9673,-0.009316,0.103847,-0.003665,30.9,66.6474464011882
20962,-8.466404,-3.597011,3.956532,-0.008858,0.106291,-0.00336,30.94,66.7268556705706
20972,-8.472386,-3.6006,3.946961,-0.008552,0.106138,-0.004276,30.93,66.7927659204321
20982,-8.490333,-3.59043,3.936791,-0.008247,0.10568,-0.005192,30.93,66.8744714263021
20992,-8.496913,-3.606582,3.924229,-0.008247,0.102014,-0.007025,30.9,66.9681926914171
21002,-8.487941,-3.607778,3.919443,-0.007941,0.097738,-0.007025,30.9,66.9759489064009
21012,-8.49452,-3.604189,3.914658,-0.007789,0.091935,-0.007178,30.94,67.0115235999209
21022,-8.500502,-3.600002,3.897908,-0.008094,0.085521,-0.007789,30.94,67.1083406360223
21032,-8.503493,-3.600002,3.899703,-0.006872,0.077427,-0.008399,30.94,67.1050125257309
21042,-8.512466,-3.602395,3.88714,-0.006567,0.067653,-0.009316,30.94,67.191583631283
21052,-8.513064,-3.601796,3.88714,-0.007178,0.057116,-0.009927,30.95,67.1922864350414
21062,-8.508279,-3.60718,3.875176,-0.007025,0.045051,-0.009927,30.95,67.2502313723741
21072,-8.508877,-3.613162,3.866203,-0.006567,0.03375,-0.008705,30.92,67.3039316712036
21082,-8.510672,-3.605984,3.874578,-0.006872,0.020922,-0.008858,30.92,67.2572231449502
21092,-8.520842,-3.601796,3.866802,-0.005956,0.007636,-0.009621,30.95,67.3152887976247
21102,-8.510672,-3.603591,3.869194,-0.006567,-0.005345,-0.008094,30.95,67.2835543961525
21112,-8.506484,-3.607778,3.875774,-0.006567,-0.017562,-0.006872,30.94,67.2439398711852
21122,-8.511271,-3.609573,3.878766,-0.005956,-0.029932,-0.006109,30.94,67.2394632527256
21132,-8.498708,-3.599404,3.893721,-0.005803,-0.041692,-0.005803,30.94,67.1262086604038
21142,-8.497512,-3.596412,3.886542,-0.00504,-0.064599,-0.004734,30.94,67.1590154986577
21152,-8.493923,-3.59402,3.905087,-0.004581,-0.074678,-0.004429,30.94,67.0518357499511
21162,-8.496913,-3.601796,3.911667,-0.004581,-0.083078,-0.002749,30.96,67.0300951056802
21172,-8.495717,-3.604787,3.915256,-0.00504,-0.090866,-0.002291,30.96,67.0113582060173
21182,-8.487342,-3.598805,3.929015,-0.004581,-0.0956,-0.001833,30.94,66.9165066034248
21192,-8.484949,-3.591029,3.936791,-0.004887,-0.101251,-0.001222,30.94,66.8638591320306
21202,-8.457432,-3.6006,3.956532,-0.004734,-0.104458,-0.001374,30.92,66.7113558482125
21212,-8.464012,-3.602395,3.966104,-0.005345,-0.106901,-0.00168,30.92,66.6763485437472
21222,-8.465807,-3.592823,3.9673,-0.00504,-0.107512,-0.00168,30.94,66.6653277154168
21232,-8.455637,-3.601198,3.982853,-0.004429,-0.106443,-0.000305,30.94,66.5698571740612
21242,-8.459227,-3.59043,3.996612,-0.004276,-0.104,0.000153,30.96,66.4956089088657
21252,-8.443074,-3.6006,4.005585,-0.004887,-0.100793,0.000153,30.96,66.4237021336771
21262,-8.440681,-3.593421,4.010371,-0.004887,-0.095448,0.000153,30.91,66.3871193239026
21272,-8.436494,-3.583252,4.018745,-0.005345,-0.089492,-0.000153,30.91,66.3252323543407
21282,-8.422137,-3.592225,4.02413,-0.006109,-0.081245,-0.000458,30.94,66.2746751640279
21292,-8.418548,-3.588037,4.044468,-0.006567,-0.072998,-0.001069,30.94,66.1566590530173
21302,-8.419745,-3.583252,4.049254,-0.006261,-0.063835,-0.000764,30.91,66.1298029846017
21312,-8.405987,-3.594618,4.048058,-0.006261,-0.042761,-0.003818,30.91,66.117067408457
21324,-8.407183,-3.59402,4.054638,-0.007789,-0.032529,-0.003054,30.91,66.0846067007549
21332,-8.402995,-3.588037,4.064807,-0.008094,-0.020006,-0.003512,30.94,66.0169421448113
21342,-8.398808,-3.591029,4.055834,-0.007789,-0.007636,-0.003971,30.94,66.0577095136622
21352,-8.400601,-3.600002,4.058825,-0.008399,0.004887,-0.004887,30.94,66.0540898106105
21362,-8.409575,-3.596412,4.055834,-0.00901,0.016799,-0.005192,30.94,66.0856346990473
21372,-8.412566,-3.597011,4.052245,-0.009163,0.028863,-0.005498,30.94,66.1113504896963
21382,-8.419147,-3.583252,4.052245,-0.009774,0.040623,-0.00672,30.94,66.1128679384519
21392,-8.419147,-3.588037,4.045665,-0.009927,0.051924,-0.007025,30.94,66.151665430131
21402,-8.431709,-3.579663,4.040281,-0.009316,0.062614,-0.006261,30.94,66.1990104743469
21412,-8.425727,-3.586841,4.028915,-0.009621,0.07254,-0.007025,30.91,66.2523344710541
21422,-8.429317,-3.593421,4.019344,-0.008705,0.080023,-0.006872,30.91,66.3160614548365
21432,-8.428718,-3.591029,4.019942,-0.008552,0.08827,-0.007025,30.95,66.3095003860939
21442,-8.429914,-3.597011,4.00738,-0.008858,0.094531,-0.007025,30.95,66.383321407068
21452,-8.438888,-3.594618,4.0008,-0.008552,0.099571,-0.006414,30.93,66.4346222097737
21462,-8.440681,-3.595216,3.987639,-0.007789,0.103236,-0.006872,30.93,66.5080296493778
21472,-8.461619,-3.595216,3.970889,-0.007636,0.10568,-0.005803,30.96,66.6398576024195
21482,-8.464012,-3.592823,3.962514,-0.007178,0.107054,-0.005651,30.96,66.6867299448483
21492,-8.459825,-3.596412,3.948158,-0.00672,0.106596,-0.00504,30.92,66.7566799209349
21502,-8.486146,-3.588636,3.932006,-0.006567,0.104,-0.005345,30.92,66.8894078727927
21512,-8.489137,-3.598207,3.923631,-0.005192,0.100029,-0.004581,30.92,66.9480088177332
21522,-8.498111,-3.601198,3.917649,-0.004581,0.096059,-0.004887,30.93,67.000561733538
21532,-8.492128,-3.600002,3.908078,-0.003818,0.090408,-0.005192,30.93,67.0375988980571
21542,-8.500502,-3.594618,3.898506,-0.003512,0.082772,-0.004276,30.91,67.1005224089568
21552,-8.504689,-3.59043,3.89073,-0.003207,0.075136,-0.004123,30.91,67.1464467626324
21562,-8.507083,-3.604189,3.889533,-0.001833,0.065973,-0.003971,30.98,67.1695426139142
21572,-8.515458,-3.586243,3.88056,-0.002596,0.056505,-0.004429,30.98,67.2184476924912
21582,-8.519646,-3.592823,3.885346,-0.002138,0.046273,-0.005345,30.9,67.2074290613406
21592,-8.506484,-3.58744,3.865007,-0.001527,0.035125,-0.005803,30.9,67.2832378918465
21602,-8.510075,-3.588037,3.871587,-0.000764,0.024587,-0.005803,30.92,67.2563346376836
21612,-8.518449,-3.594618,3.879364,-0.00168,0.012523,-0.006261,30.92,67.2380458759339
21622,-8.520842,-3.59402,3.871587,-0.00168,0.000458,-0.006261,30.94,67.2833912117062
21632,-8.523234,-3.597609,3.876971,-0.002138,-0.010996,-0.006261,30.94,67.2629626924566
21642,-8.515458,-3.604189,3.87398,-0.001985,-0.022297,-0.006261,30.93,67.2685655312542
21652,-8.52443,-3.58385,3.896712,-0.002291,-0.033903,-0.006567,30.93,67.1496495639891
21662,-8.510075,-3.589832,3.887738,-0.003054,-0.057269,-0.008399,30.94,67.1727132768853
21672,-8.505288,-3.59402,3.907479,-0.004276,-0.067042,-0.00901,30.95,67.0625713469346
21682,-8.499905,-3.593421,3.900301,-0.00504,-0.076053,-0.009163,30.95,67.0888050200147
21692,-8.488539,-3.597609,3.905087,-0.004887,-0.083383,-0.008399,30.91,67.0438966190988
21702,-8.48136,-3.583252,3.923631,-0.00504,-0.090408,-0.009468,30.91,66.9188894063022
21712,-8.493324,-3.589832,3.934997,-0.005192,-0.096669,-0.009927,30.95,66.8895613935827
21722,-8.476574,-3.592823,3.946362,-0.005956,-0.10064,-0.010385,30.95,66.7977560386548
21732,-8.487342,-3.58744,3.951746,-0.005345,-0.102625,-0.010537,30.87,66.7870786987774
21742,-8.479566,-3.597609,3.968496,-0.005956,-0.103847,-0.011148,30.87,66.6919445456719
21752,-8.468798,-3.595216,3.963711,-0.005498,-0.104763,-0.010843,30.93,66.6925311143352
21762,-8.462217,-3.604189,3.988237,-0.005651,-0.103542,-0.011454,30.93,66.5580447460776
21772,-8.456833,-3.591627,3.987639,-0.00672,-0.101404,-0.011759,30.93,66.5387195947514
21782,-8.446664,-3.597011,4.008576,-0.007178,-0.098197,-0.012217,30.93,66.4123594961798
21792,-8.449656,-3.597011,4.016353,-0.007636,-0.092852,-0.01237,30.95,66.3779151961411
21802,-8.434101,-3.600002,4.025326,-0.007789,-0.086896,-0.011759,30.95,66.3007669875795
21812,-8.436494,-3.599404,4.03729,-0.007025,-0.079718,-0.01237,30.94,66.2426520543569
21822,-8.42812,-3.598805,4.045067,-0.007636,-0.072388,-0.012675,30.94,66.1836510265448
21832,-8.418548,-3.591029,4.055834,-0.008094,-0.055436,-0.013134,30.93,66.0998742249059
21842,-8.407183,-3.594618,4.046861,-0.008247,-0.044593,-0.012217,30.9,66.125890364347
21852,-8.405987,-3.60718,4.043272,-0.008705,-0.033903,-0.012523,30.9,66.1536119361881
21862,-8.417951,-3.604787,4.066602,-0.007941,-0.022755,-0.011606,30.91,66.0548337949719
21872,-8.398808,-3.591029,4.055834,-0.008247,-0.012065,-0.010232,30.91,66.0577095136622
21882,-8.39821,-3.596412,4.054638,-0.008399,-0.001222,-0.010232,30.89,66.0676227648347
21892,-8.395219,-3.601198,4.057031,-0.007789,0.010843,-0.009163,30.89,66.0530764137868
21902,-8.406584,-3.592225,4.059424,-0.007789,0.021686,-0.009163,30.89,66.0566288364825
21912,-8.400601,-3.59043,4.06062,-0.00733,0.033445,-0.007483,30.89,66.0359277816795
21922,-8.420941,-3.597011,4.048058,-0.00672,0.044746,-0.006872,30.94,66.1511066898795
21932,-8.416155,-3.595814,4.040281,-0.00672,0.055436,-0.005803,30.94,66.1805630797286
21942,-8.420941,-3.601198,4.030112,-0.005192,0.065821,-0.005345,30.9,66.2489022850612
21952,-8.413164,-3.598207,4.034299,-0.005498,0.075595,-0.005498,30.9,66.2077300691996
21962,-8.42453,-3.59043,4.023531,-0.005345,0.084758,-0.004276,30.93,66.2812670938686
21972,-8.430512,-3.588037,4.018745,-0.005956,0.091477,-0.005498,30.93,66.3168783922393
21982,-8.438289,-3.604189,4.0008,-0.00504,0.097433,-0.006567,30.93,66.4419543805629
21992,-8.437093,-3.59402,3.988835,-0.00504,0.103084,-0.007178,30.93,66.4931362289306
22002,-8.452048,-3.588636,3.97388,-0.005498,0.107054,-0.00733,30.93,66.5982901678864
22012,-8.446067,-3.594618,3.97388,-0.004276,0.110872,-0.00672,30.93,66.5910915953834
22022,-8.465208,-3.596412,3.969095,-0.005345,0.110872,-0.00672,30.93,66.6578295653186
22032,-8.477771,-3.594618,3.944568,-0.005498,0.109039,-0.006567,30.92,66.8112489092157
22042,-8.480165,-3.598207,3.932006,-0.005345,0.10736,-0.00733,30.92,66.8854243410021
22052,-8.484949,-3.598207,3.93739,-0.004734,0.103236,-0.006414,30.9,66.8669997289934
22062,-8.488539,-3.59043,3.909274,-0.004887,0.097433,-0.006261,30.9,67.0155842349954
22072,-8.484949,-3.601198,3.906881,-0.004276,0.091477,-0.00672,30.93,67.0301931804756
22082,-8.496315,-3.595814,3.903292,-0.004123,0.083994,-0.005803,30.93,67.0677613102777
22092,-8.49452,-3.589234,3.889533,-0.002902,0.075595,-0.004276,30.93,67.1308988119423
22102,-8.506484,-3.597609,3.884149,-0.002138,0.066126,-0.005345,30.93,67.1910036671444
22112,-8.492725,-3.594618,3.872185,-0.001527,0.056047,-0.004734,30.94,67.2234515560986
22122,-8.515458,-3.597011,3.876971,-0.001069,0.045357,-0.003818,30.94,67.246623253524
22132,-8.516654,-3.613162,3.874578,-0.000611,0.034819,-0.002596,30.93,67.2755734502287
22142,-8.512466,-3.598805,3.872185,0.000153,0.023824,-0.001833,30.93,67.2673090840365
22152,-8.516056,-3.600002,3.871587,0.001374,0.011606,-0.001374,30.93,67.2787953428466
22162,-8.517851,-3.598207,3.879364,0.000916,0,-0.001374,30.93,67.2399140744209
22172,-8.516056,-3.591627,3.876373,0.001833,-0.01069,-0.001374,30.95,67.2463648872693
22182,-8.52144,-3.611966,3.88714,0.001374,-0.033598,-0.000611,30.93,67.2181256293225
22192,-8.519047,-3.586841,3.881158,0.002291,-0.043982,-0.001374,30.93,67.2231302907608
22202,-8.505887,-3.600002,3.891926,0.001985,-0.05452,-0.001374,30.92,67.1508705880629
22212,-8.502895,-3.597609,3.895515,0.002443,-0.063225,-0.001222,30.92,67.1237719596924
22222,-8.506484,-3.592823,3.925426,0.001985,-0.071471,-0.001374,30.9,66.9696075013656
22232,-8.497512,-3.597609,3.92064,0.001985,-0.079412,-0.001833,30.9,66.9804707324358
22242,-8.495118,-3.597011,3.922434,0.000764,-0.08659,-0.002902,30.93,66.9655851454251
22252,-8.486146,-3.601796,3.928416,0.000153,-0.092852,-0.003818,30.93,66.9198075862496
22262,-8.486743,-3.586841,3.95055,0.000458,-0.097586,-0.005192,30.89,66.7915926890159
22272,-8.481958,-3.580859,3.961916,-0.001222,-0.101404,-0.005498,30.89,66.7167050635293
22282,-8.458628,-3.594618,3.958925,-0.001527,-0.103084,-0.006414,30.91,66.6959621947619
22292,-8.467003,-3.598805,3.976273,-0.001985,-0.102778,-0.006414,30.91,66.6260155973299
22302,-8.450851,-3.591627,3.987639,-0.002138,-0.102778,-0.007483,30.9,66.5261741045685
22312,-8.446067,-3.597011,3.997808,-0.00336,-0.099418,-0.008094,30.9,66.4675706296826
22322,-8.451449,-3.584448,4.001398,-0.003512,-0.095753,-0.00901,30.92,66.4488288490485
22332,-8.44427,-3.589832,4.01396,-0.003512,-0.09163,-0.009316,30.92,66.3726545527154
22342,-8.435298,-3.592823,4.031308,-0.004887,-0.085827,-0.01069,30.95,66.2654897368221
22352,-8.428718,-3.592225,4.03729,-0.005498,-0.070555,-0.010843,30.95,66.2196701157611
22362,-8.420342,-3.585645,4.03729,-0.005192,-0.062003,-0.011606,30.91,66.1959157266197
22372,-8.416155,-3.585645,4.04746,-0.005956,-0.052534,-0.011759,30.92,66.1337166642301
22382,-8.41137,-3.582654,4.048058,-0.006414,-0.04215,-0.012675,30.92,66.1176585497105
22392,-8.41137,-3.582654,4.057031,-0.00672,-0.030849,-0.01237,30.93,66.0706597787855
22402,-8.410771,-3.578466,4.053442,-0.006872,-0.020464,-0.012675,30.93,66.0843643090911
22412,-8.412566,-3.589234,4.053442,-0.006872,-0.008094,-0.011759,30.92,66.0979976554035
22422,-8.39821,-3.584448,4.052245,-0.007941,0.00336,-0.012828,30.92,66.0692252676557
22432,-8.407183,-3.579065,4.052843,-0.006872,0.015882,-0.011759,30.92,66.0803764880756
22442,-8.401799,-3.586243,4.057629,-0.00733,0.027031,-0.011759,30.92,66.0503303696892
22452,-8.414959,-3.599404,4.053442,-0.00733,0.038026,-0.012217,30.89,66.1123670595994
22462,-8.41436,-3.579663,4.045067,-0.007483,0.048564,-0.011301,30.89,66.1369947931534
22472,-8.417951,-3.588037,4.039683,-0.006872,0.058338,-0.011912,30.91,66.1804567050825
22482,-8.416754,-3.596412,4.036094,-0.006567,0.068875,-0.01069,30.91,66.2043198550225
22492,-8.417951,-3.589832,4.022335,-0.005651,0.076816,-0.010232,30.94,66.2730493503291
22502,-8.436494,-3.591029,4.021737,-0.006109,0.084452,-0.010537,30.94,66.3165439540428
22512,-8.44427,-3.59402,3.996014,-0.006261,0.090866,-0.010385,30.93,66.4705291671753
22522,-8.450851,-3.596412,3.985844,-0.005345,0.099724,-0.01069,30.93,66.5398652097326
22532,-8.455637,-3.589832,3.973282,-0.004734,0.103084,-0.00901,30.96,66.610005991074
22542,-8.451449,-3.592823,3.974478,-0.004581,0.104458,-0.009316,30.91,66.5976173079613
22552,-8.475977,-3.602395,3.964907,-0.004734,0.104611,-0.009316,30.91,66.7075394735064
22562,-8.483753,-3.589832,3.940979,-0.004887,0.103389,-0.008399,30.94,66.8383137683338
22572,-8.483154,-3.601796,3.939782,-0.004123,0.101098,-0.009316,30.94,66.8538628157284
22582,-8.481958,-3.607778,3.936791,-0.004734,0.097738,-0.010843,30.96,66.8723684353905
22592,-8.489137,-3.596412,3.926622,-0.004734,0.093004,-0.009927,30.96,66.9307049308594
22602,-8.496315,-3.598805,3.913461,-0.003818,0.087506,-0.010385,30.89,67.0168209738291
22612,-8.501101,-3.601796,3.912265,-0.004581,0.079107,-0.010996,30.89,67.0355474737704
22622,-8.500502,-3.593421,3.905685,-0.004734,0.071013,-0.009927,30.91,67.0616748029635
22632,-8.501101,-3.599404,3.902694,-0.004581,0.062308,-0.009468,30.91,67.0838439196947
22642,-8.512466,-3.6006,3.878167,-0.004276,0.051618,-0.010079,30.95,67.2373150624036
22652,-8.498708,-3.59402,3.888337,-0.003971,0.041844,-0.009468,30.95,67.1499263328708
22662,-8.495717,-3.604189,3.877569,-0.004429,0.031154,-0.008858,30.9,67.2094169988355
22672,-8.512466,-3.589234,3.879364,-0.004429,0.020311,-0.008399,30.9,67.2212199696132
22682,-8.510672,-3.595814,3.888935,-0.004581,0.009163,-0.008552,30.96,67.1727860606566
22692,-8.511868,-3.596412,3.881757,-0.004276,-0.002749,-0.008247,30.96,67.2135655929193
22702,-8.499306,-3.604787,3.891926,-0.00336,-0.023976,-0.008552,30.94,67.1415598055654
22712,-8.505288,-3.598207,3.882355,-0.003207,-0.034972,-0.008552,30.95,67.1985360564607
22722,-8.499905,-3.600002,3.889533,-0.003665,-0.044899,-0.008552,30.95,67.1512492165673
22732,-8.489137,-3.607778,3.896114,-0.003054,-0.054062,-0.00733,30.89,67.1012697014881
22742,-8.496913,-3.59402,3.911069,-0.004581,-0.062766,-0.007025,30.89,67.0264776747028
22752,-8.492725,-3.595814,3.912265,-0.00336,-0.070402,-0.007178,30.97,67.0131312629533
22762,-8.490333,-3.60718,3.921238,-0.003665,-0.077122,-0.00672,30.97,66.9709047536775
22772,-8.483154,-3.61077,3.928416,-0.003054,-0.08262,-0.00672,30.91,66.921503659281
22782,-8.491529,-3.595814,3.940979,-0.003512,-0.087048,-0.00504,30.91,66.8596461720037
22792,-8.472386,-3.600002,3.951149,-0.00336,-0.090713,-0.00504,30.92,66.770223726113
22802,-8.476574,-3.593421,3.951149,-0.003512,-0.09331,-0.005192,30.92,66.773120050319
22812,-8.468199,-3.592225,3.970889,-0.00336,-0.093615,-0.004276,30.93,66.6509409951628
22822,-8.458031,-3.6006,3.972684,-0.003665,-0.093004,-0.004123,30.93,66.6277192260735
22832,-8.449057,-3.602395,3.985844,-0.003512,-0.091783,-0.003971,30.95,66.5414467141183
22842,-8.44128,-3.591029,3.99721,-0.003818,-0.089034,-0.00336,30.95,66.4552842119366
22852,-8.441879,-3.592225,4.004987,-0.003207,-0.084452,-0.003818,30.91,66.4168083486516
22862,-8.430512,-3.589832,4.016951,-0.003207,-0.078649,-0.003971,30.91,66.3279043876711
22872,-8.432307,-3.593421,4.037888,-0.003512,-0.064752,-0.003818,30.94,66.2252371132476
22882,-8.419745,-3.595814,4.036692,-0.00336,-0.057421,-0.003665,30.97,66.2069987726128
22892,-8.426923,-3.593421,4.033103,-0.00336,-0.047953,-0.00336,30.97,66.2388734127731
22902,-8.408977,-3.595216,4.046861,-0.00336,-0.038485,-0.003818,30.89,66.130260412821
22912,-8.41137,-3.58385,4.043272,-0.003512,-0.027947,-0.004123,30.89,66.143827180046
22922,-8.415558,-3.589234,4.048058,-0.003665,-0.017104,-0.004276,30.94,66.1325732930825
22932,-8.416754,-3.591029,4.052843,-0.003665,-0.00672,-0.004123,30.94,66.1117018899552
22942,-8.405987,-3.599404,4.052245,-0.002902,0.00504,-0.003818,30.91,66.0995027294695
22952,-8.408379,-3.596412,4.049852,-0.003818,0.015424,-0.005192,30.91,66.1144073908693
22962,-8.408977,-3.589234,4.046861,-0.00336,0.026573,-0.005498,30.91,66.124811080781
22972,-8.410173,-3.581457,4.04746,-0.003512,0.03711,-0.006261,30.91,66.1171487157765
22982,-8.412566,-3.592823,4.039085,-0.004123,0.047495,-0.007789,30.91,66.1764760399548
22992,-8.42453,-3.591627,4.0337,-0.003512,0.0562,-0.007636,30.91,66.2290436524143
23002,-8.422735,-3.586841,4.034299,-0.00336,0.064294,-0.008247,30.95,66.2177609908062
23012,-8.425129,-3.592823,4.017549,-0.003818,0.073151,-0.008399,30.95,66.3160735537035
23022,-8.432905,-3.59043,4.01396,-0.004123,0.079718,-0.009316,30.96,66.3491910123893
23032,-8.438888,-3.59402,3.993621,-0.004123,0.086285,-0.009316,30.96,66.4717727901791
23042,-8.449656,-3.597609,3.991228,-0.003971,0.094073,-0.010996,30.91,66.5101684582703
23052,-8.464012,-3.59402,3.990032,-0.003512,0.097128,-0.011148,30.91,66.5433381561175
23062,-8.463414,-3.582654,3.975675,-0.003054,0.098807,-0.011301,30.91,66.6073392685268
23072,-8.468798,-3.588037,3.955336,-0.002596,0.098807,-0.01237,30.92,66.7302011492164
23082,-8.470592,-3.598207,3.945765,-0.002596,0.097433,-0.01237,30.92,66.793222688743
23092,-8.490931,-3.597011,3.940979,-0.002596,0.095142,-0.012217,30.94,66.85945799382
23102,-8.484949,-3.609573,3.934997,-0.003054,0.091477,-0.012828,30.94,66.8895529297433
23112,-8.478967,-3.593421,3.931407,-0.00168,0.087048,-0.011606,30.9,66.8819019564118
23122,-8.484949,-3.606582,3.921238,-0.002443,0.082009,-0.010996,30.9,66.9592959844278
23132,-8.493923,-3.598805,3.908078,-0.001833,0.075442,-0.011454,30.96,67.0402441688257
23142,-8.498111,-3.602993,3.899105,-0.001222,0.068264,-0.010079,30.96,67.0997340370917
23152,-8.499905,-3.604787,3.900301,-0.000611,0.060323,-0.010232,30.93,67.098667869738
23162,-8.499306,-3.598207,3.893123,-0.000916,0.05116,-0.009774,30.93,67.1295467384714
23172,-8.511868,-3.60718,3.888337,-0.000305,0.04215,-0.00901,30.93,67.1881928525107
23182,-8.505887,-3.60718,3.888337,0.000153,0.031765,-0.008094,30.93,67.1759898315625
23192,-8.520842,-3.602395,3.884748,0.000764,0.021838,-0.008247,30.91,67.2212514353963
23202,-8.508279,-3.594618,3.885944,0.000764,0.010843,-0.00672,30.91,67.1826262890928
23212,-8.506484,-3.597011,3.882355,0.001527,0.000611,-0.006261,30.96,67.1999448163072
23222,-8.512466,-3.59402,3.896712,0.00168,-0.020464,-0.005498,30.91,67.1339482647708
23232,-8.504092,-3.595216,3.888337,0.001069,-0.031001,-0.005651,30.91,67.1619739277446
23242,-8.516654,-3.595216,3.898506,0.001833,-0.040317,-0.005651,30.95,67.1341022773702
23252,-8.499905,-3.594618,3.899105,0.001527,-0.050702,-0.006109,30.95,67.0961431411733
23262,-8.499905,-3.593421,3.915854,0.000611,-0.058643,-0.006109,30.93,67.0069253696321
23272,-8.490931,-3.591029,3.921238,0.000305,-0.067348,-0.005651,30.93,66.9580341201259
23282,-8.478967,-3.591627,3.926024,-0.000305,-0.073915,-0.005803,30.94,66.9086655105598
23292,-8.48136,-3.583252,3.929015,-0.00168,-0.080634,-0.006567,30.94,66.8905405153875
23302,-8.481958,-3.599404,3.939184,-0.000764,-0.085674,-0.006567,30.95,66.8524318853424
23312,-8.475977,-3.588636,3.945167,-0.000764,-0.089492,-0.005651,30.95,66.7991196235682
23325,-8.477173,-3.592225,3.951746,-0.001985,-0.091477,-0.005956,30.92,66.7701739478096
23332,-8.454441,-3.594618,3.963113,-0.00168,-0.09331,-0.005956,30.92,66.6652062063225
23342,-8.458031,-3.589832,3.9673,-0.001985,-0.093615,-0.006261,30.91,66.6464462344962
23352,-8.473583,-3.592225,3.984648,-0.002291,-0.092699,-0.006872,30.91,66.5899968108682
23362,-8.446067,-3.595814,3.98405,-0.001985,-0.090713,-0.007483,30.93,66.5387203589871
23372,-8.449057,-3.58744,4.00379,-0.002443,-0.087354,-0.008552,30.93,66.4339214102122
23382,-8.427522,-3.593421,4.015755,-0.003207,-0.083536,-0.008705,30.95,66.3310880395033
23392,-8.436494,-3.586841,4.02413,-0.004276,-0.070555,-0.007941,30.92,66.3002337618355
23402,-8.422137,-3.601198,4.039683,-0.003971,-0.06353,-0.00901,30.92,66.2012990822253
23412,-8.426923,-3.602395,4.035496,-0.005192,-0.055436,-0.009468,30.92,66.2344657105785
23422,-8.425129,-3.595814,4.046861,-0.004887,-0.046578,-0.00901,30.92,66.1651928060092
23432,-8.432905,-3.596412,4.051647,-0.005803,-0.03711,-0.010385,30.96,66.1572313682331
23442,-8.409575,-3.593421,4.053442,-0.005803,-0.027336,-0.010232,30.96,66.0954295356465
23452,-8.408977,-3.593421,4.053442,-0.005803,-0.016799,-0.010079,30.97,66.0941531765791
23462,-8.413164,-3.600002,4.052245,-0.005498,-0.005956,-0.008858,30.97,66.115352217517
23472,-8.419745,-3.591627,4.049852,-0.006414,0.004887,-0.01069,30.93,66.1342768651285
23482,-8.417352,-3.602395,4.045067,-0.006261,0.016035,-0.00901,30.93,66.1640267884114
23492,-8.414959,-3.597011,4.059424,-0.006414,0.026573,-0.008858,30.91,66.078884031153
23502,-8.416754,-3.586841,4.052245,-0.005651,0.038026,-0.008552,30.91,66.1110237332599
23512,-8.429317,-3.599404,4.048058,-0.005651,0.0478,-0.008247,30.97,66.1710892040765
23522,-8.413763,-3.591627,4.039683,-0.005651,0.056352,-0.00901,30.97,66.1748025765642
23532,-8.421539,-3.598207,4.03729,-0.00504,0.066126,-0.008399,30.92,66.2098476587361
23542,-8.432307,-3.610171,4.024727,-0.004581,0.074678,-0.007941,30.92,66.309301617097
23552,-8.427522,-3.589832,4.015755,-0.004887,0.081856,-0.008247,30.91,66.3278520985846
23562,-8.442476,-3.588037,4.001996,-0.00504,0.094379,-0.008247,30.91,66.4300057168656
23572,-8.447262,-3.602395,4.000201,-0.004123,0.098807,-0.009163,30.92,66.4623523862049
23582,-8.455039,-3.601796,3.985246,-0.003818,0.101862,-0.009316,30.95,66.5565800152032
23592,-8.456235,-3.592225,3.972684,-0.003971,0.104611,-0.009163,30.95,66.6165239889242
23602,-8.459227,-3.585046,3.964309,-0.003818,0.104916,-0.008399,30.87,66.6604271302023
23612,-8.472985,-3.594618,3.955336,-0.003512,0.104305,-0.009774,30.87,66.7447153399656
23622,-8.48136,-3.601198,3.946362,-0.002749,0.102625,-0.009621,30.95,66.8150437433932
23632,-8.48136,-3.601198,3.935595,-0.002902,0.099571,-0.010537,30.95,66.8716413857281
23642,-8.486146,-3.591627,3.929015,-0.003818,0.094531,-0.010996,30.9,66.9077583301306
23652,-8.490931,-3.592823,3.91406,-0.002902,0.090255,-0.010232,30.9,66.997383594529
23662,-8.486146,-3.59402,3.906881,-0.002138,0.083689,-0.010385,30.89,67.0263962499258
23672,-8.504689,-3.594618,3.899703,-0.002902,0.075136,-0.011148,30.89,67.1027973866589
23682,-8.503493,-3.593421,3.893123,-0.002291,0.067042,-0.011148,30.98,67.133973773295
23692,-8.496913,-3.596412,3.879364,-0.001527,0.058338,-0.010537,30.98,67.1956574374276
23702,-8.514859,-3.601198,3.884748,-0.001527,0.048258,-0.010996,30.94,67.2080300441688
23712,-8.515458,-3.598805,3.879962,-0.002138,0.037263,-0.011148,30.94,67.2324038203962
23722,-8.511868,-3.605386,3.878766,-0.001527,0.027794,-0.010232,30.9,67.2370658259997
23732,-8.510672,-3.600002,3.865605,-0.001222,0.016646,-0.01069,30.9,67.2994012550225
23742,-8.512466,-3.605386,3.882953,0.000153,-0.006414,-0.009316,30.92,67.2162212870545
23752,-8.510075,-3.600002,3.878167,0.000458,-0.01741,-0.010079,30.92,67.2319282149774
23762,-8.501699,-3.586243,3.89073,0.000611,-0.028558,-0.009316,30.92,67.1367078456503
23772,-8.522038,-3.593421,3.891328,0.001222,-0.039401,-0.007789,30.9,67.1813276044513
23782,-8.495717,-3.602395,3.893123,0.001527,-0.048869,-0.007636,30.9,67.1258319545762
23792,-8.513064,-3.59043,3.89731,0.002138,-0.058338,-0.007789,30.91,67.1289242852428
23802,-8.499905,-3.604189,3.910471,0.002749,-0.066279,-0.006109,30.91,67.044613698206
23812,-8.501699,-3.596412,3.910471,0.003207,-0.073304,-0.005345,30.91,67.041535451008
23822,-8.502895,-3.595216,3.924827,0.004123,-0.079871,-0.005192,30.91,66.9674504322966
23832,-8.504689,-3.601198,3.932006,0.003054,-0.086285,-0.006109,30.93,66.9386352720613
23842,-8.486743,-3.601796,3.940381,0.003054,-0.091324,-0.005803,30.93,66.858136294651
23852,-8.478967,-3.606582,3.955336,0.003665,-0.094837,-0.005498,30.96,66.7676900830461
23862,-8.471789,-3.595814,3.955336,0.002902,-0.096669,-0.005192,30.96,66.7432840704646
23872,-8.471789,-3.601198,3.969693,0.003054,-0.097738,-0.004581,30.94,66.6726462842677
23882,-8.462217,-3.599404,3.982255,0.00336,-0.098349,-0.005651,30.94,66.5851614774049
23892,-8.449057,-3.592225,3.994817,0.002749,-0.096975,-0.004734,30.92,66.485267545744
23902,-8.443074,-3.591029,4.013362,0.001374,-0.094531,-0.005192,30.92,66.3743393912028
23912,-8.431709,-3.585645,4.016353,0.000458,-0.085979,-0.005192,30.9,66.3298039021169
23922,-8.43111,-3.600002,4.025326,0,-0.079565,-0.006261,30.92,66.2944398943969
23932,-8.440084,-3.592225,4.03071,0.000305,-0.072082,-0.007025,30.92,66.2782165567812
23942,-8.420342,-3.598805,4.04387,-0.000305,-0.063988,-0.006414,30.94,66.1733872060134
23952,-8.417951,-3.593421,4.045067,-0.000916,-0.05452,-0.007178,30.94,66.157140228118
23962,-8.417352,-3.591029,4.048656,-0.000764,-0.045204,-0.008094,30.93,66.1348966852121
23972,-8.402995,-3.588636,4.061218,-0.000916,-0.034819,-0.007636,30.93,66.0362798440691
23982,-8.412566,-3.591627,4.058227,-0.00168,-0.024587,-0.008247,30.92,66.0751295184826
23992,-8.416754,-3.588037,4.065406,-0.002138,-0.012523,-0.009316,30.92,66.0432471978251
24002,-8.416155,-3.591627,4.062415,-0.00168,-0.000611,-0.009316,30.93,66.0608822771063
24012,-8.417352,-3.588636,4.05404,-0.002749,0.010537,-0.009774,30.93,66.104535085728
24022,-8.412566,-3.589832,4.066602,-0.003207,0.022297,-0.010385,30.92,66.0296743645883
24032,-8.416754,-3.592823,4.055834,-0.003971,0.032681,-0.01069,30.92,66.0976805727442
24042,-8.417352,-3.596412,4.04746,-0.003818,0.044135,-0.010843,30.92,66.1460536564731
24052,-8.425129,-3.585645,4.042674,-0.003818,0.054672,-0.011301,30.92,66.177893842916
24062,-8.425727,-3.59043,4.037888,-0.003818,0.063683,-0.011912,30.91,66.2085623136211
24072,-8.432905,-3.598805,4.02413,-0.004581,0.072846,-0.012065,30.91,66.3034229395466
24082,-8.43111,-3.591029,4.023531,-0.003971,0.086437,-0.012675,30.95,66.2957475315262
24092,-8.427522,-3.58744,4.008576,-0.004123,0.092241,-0.012523,30.9,66.3633747440973
24102,-8.431709,-3.591029,3.996014,-0.004581,0.096975,-0.012981,30.9,66.4414075423611
24112,-8.451449,-3.608975,3.996612,-0.003665,0.101098,-0.011606,30.95,66.4958547707363
24122,-8.453843,-3.605984,3.979862,-0.004276,0.102931,-0.012065,30.95,66.5860715574318
24132,-8.456235,-3.6006,3.966702,-0.004429,0.104153,-0.012675,30.99,66.6553966400207
24142,-8.462815,-3.595216,3.964907,-0.004123,0.103236,-0.01237,30.99,66.6737783001026
24152,-8.478967,-3.606582,3.956532,-0.004276,0.101709,-0.011606,30.93,66.7614105469841
24162,-8.483753,-3.594618,3.943372,-0.003971,0.099418,-0.011912,30.93,66.8299321286374
24172,-8.486146,-3.602993,3.926024,-0.00336,0.0956,-0.012065,30.92,66.9334384024988
24182,-8.485548,-3.595814,3.924229,-0.003971,0.089644,-0.011912,30.92,66.9353686356565
24192,-8.493923,-3.593421,3.914658,-0.002902,0.084605,-0.010537,30.93,67.0009141807759
24202,-8.493923,-3.612564,3.913461,-0.002902,0.077274,-0.009774,30.93,67.0239032905943
24212,-8.500502,-3.595216,3.90389,-0.00336,0.069791,-0.009927,30.93,67.0726838465836
24222,-8.501699,-3.608975,3.893721,-0.002902,0.060476,-0.010537,30.93,67.1406289087174
24232,-8.502895,-3.595216,3.893721,-0.002749,0.051618,-0.010079,30.91,67.1311518278457
24242,-8.507681,-3.602993,3.89073,-0.002291,0.041692,-0.009468,30.91,67.1634239717843
24252,-8.511868,-3.597011,3.887738,-0.001985,0.020922,-0.008552,30.89,67.1825670085486
24262,-8.506484,-3.592823,3.884149,-0.001833,0.010385,-0.008399,30.98,67.1868725919111
24272,-8.514261,-3.602993,3.888935,-0.001527,-0.000611,-0.007483,30.98,67.1863082147199
24282,-8.513064,-3.600002,3.884748,-0.00168,-0.011301,-0.00672,30.95,67.2033388662286
24292,-8.517851,-3.593421,3.888935,-0.001374,-0.02138,-0.007178,30.95,67.1853811370007
24302,-8.513064,-3.592225,3.888337,-0.00168,-0.03146,-0.00672,30.91,67.1777268190762
24312,-8.493923,-3.6006,3.898506,-0.000458,-0.040623,-0.006414,30.91,67.0922280234311
24322,-8.501101,-3.593421,3.903292,-0.000764,-0.049175,-0.006261,30.91,67.0755047236047
24332,-8.496315,-3.598805,3.912863,-0.000458,-0.057421,-0.006414,30.91,67.0199682193278
24342,-8.489736,-3.598805,3.905685,-0.000611,-0.06521,-0.00672,30.94,67.0442470221838
24352,-8.486146,-3.597011,3.923033,-0.000305,-0.071777,-0.006872,30.94,66.9439430906057
24362,-8.488539,-3.600002,3.926024,-0.000916,-0.076969,-0.006872,30.95,66.9357557806945
24372,-8.493324,-3.598805,3.93739,-0.000611,-0.081551,-0.007025,30.95,66.8848292542235
24382,-8.478967,-3.598207,3.945765,-0.000458,-0.084605,-0.005651,30.93,66.8105920160001
24392,-8.470592,-3.597011,3.961318,-0.000764,-0.086896,-0.006109,30.93,66.7104228940449
24402,-8.463414,-3.601198,3.965506,-0.001222,-0.087506,-0.00733,30.91,66.6771820019713
24412,-8.465208,-3.600002,3.988237,-0.000611,-0.087506,-0.005651,30.91,66.5605738298271
24422,-8.443074,-3.594618,3.990032,-0.000153,-0.085674,-0.005956,30.9,66.4999536859016
24432,-8.443074,-3.601796,4.001398,-0.001222,-0.080023,-0.00672,30.98,66.4467336911566
24442,-8.433504,-3.595814,4.00738,-0.001069,-0.075595,-0.006109,30.98,66.3898194249722
24452,-8.432905,-3.593421,4.016353,0,-0.07025,-0.005345,30.89,66.3393335591282
24462,-8.430512,-3.592225,4.027121,-0.000458,-0.063683,-0.005803,30.89,66.2767447422014
24472,-8.430512,-3.597011,4.034897,-0.000458,-0.057421,-0.006414,30.98,66.240336566034
24482,-8.426923,-3.585645,4.032505,-0.000916,-0.048258,-0.006872,30.98,66.2349767987822
24492,-8.426325,-3.586243,4.039085,-0.000458,-0.039248,-0.006872,30.92,66.1997744987411
24502,-8.420342,-3.586841,4.036692,-0.000611,-0.030238,-0.006414,30.92,66.2001329759887
24512,-8.426325,-3.58744,4.04387,-0.000764,-0.020922,-0.006567,30.94,66.1758009937067
24522,-8.41436,-3.598207,4.041477,-0.00168,-0.011759,-0.007636,30.94,66.1726545538274
24532,-8.417352,-3.579065,4.051049,-0.000611,-0.00168,-0.007483,30.96,66.1114990719827
24542,-8.417352,-3.586243,4.039683,-0.000305,0.008399,-0.008552,30.96,66.1775546712756
24552,-8.423334,-3.598805,4.038486,-0.001374,0.018021,-0.008399,30.92,66.2079374779685
24562,-8.414959,-3.598207,4.04387,-0.000611,0.0281,-0.008399,30.92,66.1613933829999
24572,-8.425727,-3.602395,4.046861,-0.000916,0.036805,-0.008552,30.91,66.1724391424611
24582,-8.438289,-3.585645,4.038486,-0.001222,0.045509,-0.010232,30.91,66.2277781264069
24592,-8.437093,-3.605984,4.021737,-0.00168,0.053756,-0.010385,30.93,66.3312887368307
24602,-8.4347,-3.582654,4.011567,-0.00168,0.068722,-0.011148,30.93,66.3585491707565
24612,-8.438888,-3.594618,4.013362,-0.001985,0.075136,-0.011759,30.97,66.3687296972496
24622,-8.444869,-3.588636,4.00738,-0.001833,0.079107,-0.012981,30.93,66.4073424978677
24632,-8.438888,-3.591029,3.99063,-0.001985,0.083689,-0.011759,30.93,66.4848032763108
24642,-8.455637,-3.592823,3.989433,-0.001833,0.087048,-0.01237,30.95,66.5278636000482
24652,-8.456833,-3.595216,3.978068,-0.00168,0.089339,-0.013439,30.95,66.5921538763952
24662,-8.462815,-3.592225,3.969693,-0.001833,0.090103,-0.014966,30.91,66.6459846651407
24672,-8.459227,-3.598805,3.961318,-0.002291,0.090103,-0.014813,30.91,66.6883406560728
24682,-8.465208,-3.605386,3.955934,-0.001833,0.089034,-0.013897,30.92,66.734920792325
24692,-8.477173,-3.603591,3.944568,-0.001985,0.087201,-0.014508,30.92,66.8179045746949
24702,-8.482555,-3.591627,3.944568,-0.002138,0.083994,-0.014355,30.96,66.8185391141765
24712,-8.478369,-3.603591,3.921836,-0.00168,0.07926,-0.013897,30.96,66.9399637254362
24722,-8.485548,-3.597609,3.926024,-0.001527,0.074067,-0.013286,30.88,66.9274927657678
24732,-8.496913,-3.604787,3.918845,-0.002596,0.067806,-0.013744,30.88,66.9949365882227
24742,-8.495118,-3.593421,3.903292,-0.002596,0.061392,-0.013592,30.95,67.0632256749347
24752,-8.491529,-3.597011,3.899703,-0.00168,0.053451,-0.012828,30.95,67.0778896596355
24762,-8.498111,-3.591029,3.902694,-0.001833,0.045204,-0.012828,30.94,67.0704443089227
24772,-8.505288,-3.593421,3.894917,-0.001985,0.0281,-0.010843,30.94,67.1281961030147
24782,-8.499306,-3.594618,3.893721,-0.001069,0.018021,-0.010537,30.95,67.1232854381761
24792,-8.502895,-3.591029,3.888935,-0.001374,0.008094,-0.009163,30.94,67.1527548185804
24802,-8.508279,-3.598207,3.899105,-0.00168,-0.00168,-0.008247,30.94,67.1164038639083
24812,-8.508877,-3.606582,3.895515,-0.000611,-0.010537,-0.007483,30.95,67.1437763392576
24822,-8.504092,-3.595216,3.895515,-0.000305,-0.020922,-0.00733,30.95,67.1241505101928
24832,-8.501699,-3.601796,3.905087,-0.001069,-0.029627,-0.00672,30.95,67.074548170073
24842,-8.499905,-3.595814,3.908676,-0.000764,-0.038332,-0.006414,30.95,67.0467801426866
24852,-8.493324,-3.602993,3.926622,-0.000458,-0.046426,-0.005498,30.93,66.9450878555203
24862,-8.496315,-3.606582,3.912863,0,-0.053298,-0.005345,30.93,67.0267423522605
24872,-8.501101,-3.59402,3.922434,-0.000458,-0.06017,-0.004123,30.97,66.9752976863564
24882,-8.477771,-3.593421,3.930212,-0.000458,-0.065973,-0.003665,30.97,66.8857173645906
24892,-8.489137,-3.593421,3.949354,-0.000305,-0.070555,-0.003512,30.95,66.8086078311363
24902,-8.46461,-3.588037,3.944568,0,-0.07422,-0.00336,30.95,66.7781303521079
24912,-8.466404,-3.599404,3.955934,0,-0.077122,-0.003207,30.9,66.7321146231031
24922,-8.467602,-3.597609,3.956532,0.000764,-0.078954,-0.003665,30.9,66.7298766937178
24932,-8.455637,-3.597011,3.97388,0.000305,-0.078954,-0.002749,30.93,66.6132442282069
24942,-8.454441,-3.596412,3.981059,-0.000916,-0.078954,-0.004276,30.93,66.5725075811484
24952,-8.451449,-3.599404,3.983452,-0.000764,-0.075289,-0.004123,30.9,66.5563451890186
24962,-8.437093,-3.593421,4.004389,-0.000764,-0.071777,-0.004429,30.93,66.4109319748733
24972,-8.443673,-3.589832,4.004987,-0.000916,-0.067195,-0.004581,30.93,66.4184437861672
24982,-8.430512,-3.599404,4.015755,-0.001069,-0.06185,-0.005651,30.98,66.3428053216812
24992,-8.431709,-3.58385,4.030112,-0.001527,-0.054978,-0.006109,30.98,66.256053407027
25002,-8.44128,-3.580859,4.024727,-0.001374,-0.0478,-0.006414,30.95,66.3018594040162
25012,-8.423933,-3.591029,4.031308,-0.001222,-0.041233,-0.007025,30.95,66.2397703163261
25022,-8.418548,-3.58385,4.033103,-0.001985,-0.033292,-0.008552,30.91,66.2124229997433
25032,-8.413164,-3.585046,4.039683,-0.001833,-0.024282,-0.008399,30.91,66.1675502493654
25042,-8.421539,-3.58744,4.042076,-0.002291,-0.014203,-0.00901,30.97,66.1750136054448
25052,-8.421539,-3.589832,4.039085,-0.002902,-0.005803,-0.009621,30.97,66.1928496586248
25062,-8.422735,-3.58744,4.043272,-0.002291,0.003665,-0.011148,30.92,66.1712946151917
25072,-8.428718,-3.601796,4.049254,-0.002291,0.012981,-0.01069,30.92,66.1657317968971
25082,-8.422137,-3.596412,4.040879,-0.001985,0.022602,-0.011301,30.97,66.190691590982
25092,-8.430512,-3.58385,4.044468,-0.002749,0.03207,-0.011301,30.97,66.1783274855798
25102,-8.437093,-3.595814,4.035496,-0.00168,0.040317,-0.011454,30.95,66.2500665364992
25112,-8.431709,-3.597609,4.024727,-0.002443,0.048717,-0.012217,30.95,66.296684780751
25122,-8.437692,-3.592225,4.018745,-0.002749,0.063377,-0.013134,30.93,66.3358340511653
25132,-8.440681,-3.588037,4.015755,-0.002291,0.070402,-0.013744,30.96,66.3540576476938
25142,-8.442476,-3.591029,3.998407,-0.00168,0.075747,-0.012981,30.96,66.4515187783002
25152,-8.450851,-3.596412,3.991228,-0.00168,0.079718,-0.012828,30.96,66.5116068139539
25162,-8.454441,-3.591627,3.985246,-0.002138,0.083383,-0.013744,30.96,66.5462650570902
25172,-8.466404,-3.606582,3.975675,-0.001833,0.086132,-0.014203,30.94,66.6348077808805
25182,-8.455637,-3.601198,3.975675,-0.001527,0.087812,-0.013897,30.94,66.6075416966535
25192,-8.46461,-3.598207,3.973282,-0.000764,0.088423,-0.013134,30.92,66.6361890959728
25202,-8.467003,-3.602993,3.953541,-0.000916,0.08827,-0.012828,30.92,66.7491117389915
25212,-8.477771,-3.602395,3.949952,-0.001527,0.086285,-0.013439,30.92,66.7897968719614
25222,-8.478369,-3.588037,3.935595,-0.000153,0.083383,-0.013134,30.92,66.853905741519
25232,-8.486743,-3.595216,3.927818,-0.000611,0.079412,-0.012828,30.93,66.9184271287695
25242,-8.487342,-3.604787,3.92064,-0.000458,0.075442,-0.013439,30.93,66.9658007355964
25252,-8.489736,-3.595814,3.920042,0,0.069486,-0.012981,30.91,66.9660396303147
25262,-8.499306,-3.595814,3.917649,0.000153,0.063225,-0.012217,30.91,66.9983314170409
25272,-8.49452,-3.592225,3.906283,0.000458,0.0562,-0.011454,30.95,67.0452021846049
25282,-8.504092,-3.597609,3.904488,0.000916,0.048258,-0.011606,30.95,67.0789730449227
25292,-8.496913,-3.602993,3.895515,0.000611,0.030696,-0.011148,30.95,67.1161938409724
25302,-8.507083,-3.598805,3.890131,0.001374,0.021991,-0.01069,30.93,67.1617362273304
25312,-8.502895,-3.589234,3.894319,0.001222,0.012065,-0.010079,30.93,67.1228256964797
25326,-8.510672,-3.603591,3.893721,0.001374,0.001833,-0.010079,30.93,67.1542994825249
25332,-8.513663,-3.604787,3.902096,0.001222,-0.007941,-0.009163,30.93,67.1173724259461
25342,-8.499306,-3.591627,3.89731,0.001527,-0.016646,-0.009316,30.91,67.1017804349334
25352,-8.499306,-3.607778,3.899105,0.001985,-0.026114,-0.00901,30.91,67.1063380730409
25362,-8.502296,-3.594618,3.901497,0.001833,-0.035277,-0.008094,30.92,67.0884457880024
25372,-8.490333,-3.604189,3.902096,0.002138,-0.043677,-0.007941,30.92,67.0690711186258
25382,-8.505288,-3.604189,3.913461,0.002138,-0.051771,-0.007483,30.94,67.0399290274293
25392,-8.493923,-3.604189,3.918247,0.002138,-0.058948,-0.006872,30.94,66.991412630236
25402,-8.477173,-3.588636,3.934997,0.00168,-0.065057,-0.006567,30.95,66.8551001880258
25412,-8.481958,-3.594618,3.943372,0.001527,-0.070555,-0.006109,30.95,66.8262139592778
25422,-8.484351,-3.597609,3.945167,0.000764,-0.075289,-0.006109,30.95,66.8243633944298
25432,-8.464012,-3.597011,3.955934,0.001374,-0.078343,-0.005651,30.95,66.7250214092547
25442,-8.465807,-3.589234,3.967898,0.00168,-0.080176,-0.005192,30.91,66.6590103241012
25452,-8.465208,-3.588037,3.969693,0.001527,-0.081092,-0.004887,30.91,66.6472720640054
25462,-8.460423,-3.598207,3.996612,0.00168,-0.08094,-0.003971,30.93,66.5050498537528
25472,-8.452048,-3.592823,3.981059,0.00168,-0.078496,-0.00504,30.92,66.5642996099119
25482,-8.449057,-3.580261,3.999603,0.00168,-0.075747,-0.004429,30.92,66.4494730056934
25492,-8.445468,-3.595814,4.006782,0.000458,-0.071471,-0.004429,30.9,66.4181725092621
25502,-8.441879,-3.596412,4.015755,0.000305,-0.067042,-0.004734,30.9,66.3641107405769
25512,-8.432307,-3.581457,4.030112,0.000458,-0.060628,-0.003512,30.88,66.255165028088
25522,-8.429317,-3.580261,4.027121,0.000458,-0.053298,-0.004581,30.88,66.2634198627679
25532,-8.420941,-3.57727,4.032505,0.000153,-0.046426,-0.005956,30.93,66.2146968278662
25542,-8.415558,-3.594618,4.040281,-0.000458,-0.038485,-0.005498,30.93,66.178206323194
25552,-8.425727,-3.583252,4.045067,-0.000611,-0.02978,-0.005956,30.94,66.1644696649707
25562,-8.417951,-3.579065,4.037888,-0.000916,-0.0197,-0.005956,30.94,66.1817337345829
25572,-8.417352,-3.591029,4.040281,-0.001527,-0.01069,-0.006567,30.94,66.1787635866846
25582,-8.425129,-3.59402,4.038486,-0.001833,-0.000764,-0.006261,30.94,66.2074113010097
25592,-8.422137,-3.582056,4.045665,-0.001527,0.009163,-0.007483,30.93,66.1526103567334
25602,-8.419147,-3.59043,4.042674,-0.001833,0.018326,-0.008552,30.93,66.169503022152
25612,-8.416754,-3.59043,4.036692,-0.002291,0.028558,-0.009468,30.93,66.1957561335718
25622,-8.426923,-3.602395,4.041477,-0.002596,0.037874,-0.010079,30.93,66.2031536598656
25632,-8.423933,-3.59043,4.026522,-0.003207,0.046426,-0.011912,30.93,66.2643173926321
25642,-8.421539,-3.591627,4.023531,-0.00336,0.062919,-0.011606,30.9,66.2760081630226
25652,-8.436494,-3.58744,4.017549,-0.003665,0.06918,-0.012981,30.9,66.3352675342334
25662,-8.440084,-3.593421,4.004987,-0.004276,0.074678,-0.014813,30.95,66.4140986237981
25672,-8.429317,-3.582654,4.008576,-0.003512,0.080481,-0.014203,30.95,66.3628657436433
25682,-8.453244,-3.594618,3.99721,-0.002749,0.085368,-0.014966,30.95,66.4836470500446
25692,-8.440681,-3.584448,3.98405,-0.003054,0.087659,-0.015272,30.95,66.5172650676569
25702,-8.452048,-3.593421,3.97747,-0.003665,0.089492,-0.015272,30.92,66.5836833834102
25712,-8.459825,-3.596412,3.976273,-0.002902,0.091019,-0.015424,30.92,66.608898461686
25722,-8.465208,-3.595814,3.9673,-0.002291,0.090866,-0.015424,30.92,66.6667269868636
25732,-8.468798,-3.593421,3.945765,-0.002596,0.090255,-0.016952,30.92,66.7852797060284
25742,-8.486146,-3.591627,3.951149,-0.001985,0.088117,-0.016341,30.93,66.7914067756639
25752,-8.484949,-3.601198,3.933203,-0.002138,0.085674,-0.016188,30.93,66.8916367382757
25762,-8.482555,-3.601796,3.930809,-0.001985,0.080634,-0.015272,30.96,66.8998074786566
25772,-8.486743,-3.588037,3.923631,-0.001222,0.0759,-0.016035,30.96,66.9341884886008
25782,-8.492725,-3.601796,3.92064,-0.001374,0.07025,-0.015424,30.95,66.9742700098724
25792,-8.485548,-3.595814,3.905087,-0.001222,0.063683,-0.014661,30.95,67.0361844259104
25802,-8.498708,-3.602993,3.898506,-0.000305,0.056658,-0.014508,30.95,67.1041120853341
25812,-8.508877,-3.604787,3.90389,-0.000305,0.039859,-0.012523,30.95,67.0981450127194
25822,-8.498708,-3.600002,3.891926,0.000611,0.031307,-0.011606,30.97,67.1361872258015
25832,-8.501699,-3.599404,3.893721,0.001527,0.021838,-0.010996,30.96,67.1323305446043
25842,-8.507083,-3.597011,3.89073,0.001222,0.012675,-0.01069,30.96,67.1570297351766
25852,-8.502895,-3.588636,3.887738,0.002138,0.002596,-0.010232,30.92,67.1569982565142
25862,-8.501699,-3.605984,3.902694,0.001985,-0.00672,-0.008705,30.92,67.0907824727455
25872,-8.515458,-3.59043,3.897908,0.002596,-0.016188,-0.007941,30.92,67.1306743251118
25882,-8.503493,-3.602395,3.902694,0.003207,-0.025045,-0.008399,30.92,67.0913409108102
25892,-8.500502,-3.59402,3.902096,0.002291,-0.033903,-0.00733,30.93,67.081094075953
25902,-8.505288,-3.604189,3.898506,0.002291,-0.041997,-0.006872,30.93,67.1186189501214
25912,-8.492725,-3.592225,3.909274,0.002749,-0.049633,-0.006261,30.95,67.0257582261232
25922,-8.493923,-3.599404,3.911667,0.002749,-0.056505,-0.005956,30.95,67.0218691310058
25932,-8.495717,-3.588636,3.925426,0.00336,-0.062156,-0.004581,30.96,66.9437830426067
25942,-8.474779,-3.596412,3.934997,0.003665,-0.067653,-0.004887,30.96,66.8569679078624
25952,-8.475378,-3.595814,3.942773,0.002443,-0.071471,-0.004887,30.93,66.8167774917471
25962,-8.476574,-3.600002,3.944568,0.001985,-0.075136,-0.005192,30.93,66.8135037176777
25972,-8.472985,-3.595216,3.974478,0.001985,-0.077427,-0.004581,30.91,66.6447350814304
25982,-8.46102,-3.595814,3.964309,0.002749,-0.079718,-0.005956,30.91,66.6737071478439
25992,-8.465807,-3.59043,3.975675,0.002596,-0.078496,-0.004887,30.91,66.6192308110806
26002,-8.455039,-3.596412,3.987041,0.002291,-0.076816,-0.004429,30.93,66.5423601897161
26012,-8.437093,-3.581457,4.004389,0.002138,-0.074678,-0.005345,30.93,66.4002006896059
26022,-8.44128,-3.593421,4.004389,0.001833,-0.071319,-0.006414,30.93,66.4197557177729
26032,-8.437692,-3.592823,4.00738,0.002138,-0.066737,-0.005498,30.93,66.3959653147521
26042,-8.433504,-3.591029,4.012764,0.000764,-0.061392,-0.006109,30.91,66.3572692141576
26052,-8.426325,-3.592225,4.019942,0.000611,-0.054825,-0.00672,30.91,66.3055132616139
26062,-8.426923,-3.591029,4.021737,0.001527,-0.0478,-0.00733,30.9,66.2962863654451
26072,-8.420941,-3.588037,4.034299,0.000916,-0.040775,-0.007025,30.9,66.2150312844184
26082,-8.437093,-3.584448,4.041477,0.001069,-0.032529,-0.007636,30.95,66.2085068070687
26092,-8.42812,-3.586243,4.0337,0.00168,-0.024893,-0.007789,30.95,66.2317969122811
26102,-8.428718,-3.59402,4.039683,-0.000305,-0.01573,-0.008705,30.93,66.2087648048287
26112,-8.423933,-3.602395,4.039085,-0.000305,-0.006872,-0.009163,30.93,66.2093299193682
26122,-8.418548,-3.586841,4.037888,0.000153,0.002138,-0.008705,30.95,66.1900491532784
26132,-8.426923,-3.591029,4.04387,0,0.012523,-0.009316,30.95,66.1803233674247
26142,-8.420342,-3.585046,4.042076,-0.000458,0.022144,-0.009468,30.93,66.1702959662763
26152,-8.419745,-3.595216,4.039683,-0.000153,0.030238,-0.011454,30.93,66.1907863352022
26162,-8.43111,-3.592823,4.036094,-0.000153,0.047189,-0.011148,30.92,66.2315497331532
26172,-8.431709,-3.597609,4.028317,-0.000458,0.05452,-0.011606,30.95,66.2778756228581
26182,-8.432307,-3.592823,4.024727,-0.000764,0.062308,-0.010996,30.95,66.2936314104966
26192,-8.432307,-3.588636,4.017549,-0.000764,0.068417,-0.012828,30.93,66.3274883501201
26202,-8.446067,-3.594618,4.016951,-0.001374,0.074526,-0.012065,30.93,66.3650679507036
26212,-8.446067,-3.586841,4.0008,-0.001527,0.079107,-0.012675,30.93,66.4427741608483
26222,-8.435298,-3.58744,3.987639,-0.001985,0.083536,-0.012981,30.93,66.4897553333673
26232,-8.455039,-3.586841,3.993023,-0.001985,0.086437,-0.012675,30.93,66.5024429833121
26242,-8.462217,-3.591627,3.973282,-0.000916,0.087965,-0.013744,30.93,66.6253554744865
26252,-8.46102,-3.595814,3.963711,-0.001222,0.089186,-0.013897,30.95,66.6768497791431
26262,-8.466404,-3.596412,3.964309,-0.00168,0.088423,-0.013897,30.95,66.685460439714
26272,-8.474181,-3.600002,3.956532,-0.001833,0.087965,-0.013897,30.95,66.7456674686426
26282,-8.475378,-3.597011,3.944568,-0.002138,0.085674,-0.014203,30.95,66.8083918586012
26292,-8.477771,-3.595814,3.942773,-0.001527,0.082925,-0.014508,30.94,66.8217378668134
26302,-8.484351,-3.59402,3.93739,-0.00168,0.079107,-0.014661,30.94,66.86209241856
26312,-8.49452,-3.589234,3.926024,-0.001069,0.07422,-0.014661,30.91,66.9386899655649
26322,-8.502296,-3.6006,3.915256,-0.000916,0.068111,-0.014203,30.91,67.0212271163944
26332,-8.49452,-3.612564,3.908676,0,0.054062,-0.015272,30.95,67.0503090588362
26342,-8.502895,-3.594618,3.906881,-0.000764,0.046273,-0.014355,30.93,67.0613276707587
26352,-8.493923,-3.601796,3.894917,-0.000458,0.036957,-0.012981,30.93,67.112181953062
26362,-8.502895,-3.599404,3.89731,0.000153,0.028711,-0.013134,30.94,67.1158720148419
26372,-8.500502,-3.597609,3.893721,0.000611,0.019242,-0.012828,30.94,67.1283255189093
26382,-8.502895,-3.602993,3.883551,0.000611,0.010079,-0.013134,30.95,67.1914821252288
26392,-8.518449,-3.603591,3.901497,0.000611,0.000458,-0.011301,30.95,67.1292695944156
26402,-8.500502,-3.602993,3.892524,0.001069,-0.008705,-0.010537,30.91,67.1392991162755
26412,-8.506484,-3.6006,3.893123,0.000916,-0.017562,-0.010385,30.91,67.1463031755979
26422,-8.501101,-3.593421,3.902096,0.001527,-0.026573,-0.009927,30.93,67.0818032474187
26432,-8.49452,-3.598207,3.912265,0.001833,-0.035583,-0.009774,30.93,67.0189058347221
26442,-8.496315,-3.59402,3.912265,0.002138,-0.043371,-0.00901,30.95,67.018952380951
26452,-8.48136,-3.605386,3.920042,0.002291,-0.050549,-0.007636,30.95,66.957149090621
26462,-8.490931,-3.607778,3.923631,0.002138,-0.056963,-0.007636,30.93,66.9600717317102
26472,-8.477771,-3.605386,3.922434,0.003207,-0.062766,-0.00733,30.93,66.9371559146754
26482,-8.487941,-3.598805,3.940381,0.002749,-0.067653,-0.007178,30.96,66.857989968827
26492,-8.483753,-3.601796,3.951746,0.003054,-0.072388,-0.005803,30.96,66.7922470010048
26502,-8.466404,-3.591627,3.961318,0.003665,-0.076816,-0.005192,30.95,66.6969427523802
26512,-8.455637,-3.597011,3.954738,0.002902,-0.078496,-0.004734,30.95,66.7138712670794
26522,-8.457432,-3.599404,3.970291,0.002749,-0.077885,-0.004581,30.95,66.6379750242821
26532,-8.455039,-3.603591,3.990032,0.003512,-0.076969,-0.004734,30.91,66.5330720019821
26542,-8.451449,-3.592225,3.985246,0.003818,-0.075136,-0.004887,30.91,66.5405249091347
26552,-8.447861,-3.595216,3.993023,0.00336,-0.071777,-0.005192,30.93,66.4948419936659
26562,-8.438888,-3.589234,4.003192,0.003207,-0.067653,-0.004887,30.93,66.4172406443642
26572,-8.434101,-3.604189,4.015156,0.002902,-0.063225,-0.005956,30.94,66.3578398949941
26582,-8.435897,-3.59402,4.019942,0.002596,-0.057116,-0.005192,30.94,66.3273822062318
26592,-8.437093,-3.598805,4.017549,0.002749,-0.051007,-0.006261,30.92,66.3467602779857
26602,-8.423933,-3.595814,4.035496,0.002443,-0.043524,-0.006872,30.92,66.2221585046788
26612,-8.427522,-3.588037,4.039085,0.002749,-0.035125,-0.007636,30.94,66.2039412880971
26622,-8.423933,-3.597609,4.036692,0.002138,-0.027184,-0.008247,30.94,66.2175205158154
26632,-8.419147,-3.588037,4.031906,0.001222,-0.017868,-0.008247,30.93,66.223763404356
26642,-8.422137,-3.589832,4.039085,0.002138,-0.009468,-0.00901,30.93,66.1941211026369
26652,-8.404789,-3.59402,4.037888,0.002138,0.000153,-0.008858,30.95,66.1672818718246
26662,-8.42812,-3.595216,4.040879,0.001833,0.009163,-0.009774,30.95,66.2023168893846
26672,-8.4347,-3.58744,4.040879,0.001069,0.018326,-0.011301,30.95,66.2092557684283
26682,-8.426325,-3.583252,4.0337,0.000764,0.036346,-0.011454,30.93,66.225282673275
26692,-8.442476,-3.58744,4.035496,0.000305,0.044288,-0.012217,30.93,66.2539213029429
26702,-8.419745,-3.58744,4.030112,0,0.052229,-0.013134,30.93,66.2338998672919
26712,-8.440084,-3.591627,4.021737,0.000153,0.059712,-0.012523,30.93,66.3246727695337
26722,-8.432905,-3.596412,4.009772,-0.000305,0.065973,-0.013134,30.89,66.3765437608447
26732,-8.437093,-3.592823,4.009772,0,0.071777,-0.013897,30.89,66.3821542595627
26742,-8.448458,-3.591029,3.999005,0,0.076664,-0.013439,30.91,66.4609669513355
26752,-8.447861,-3.6006,3.992425,0.000611,0.08094,-0.014203,30.91,66.5027941077863
26762,-8.451449,-3.599404,3.994219,0.000611,0.083994,-0.014661,30.91,66.4998422269971
26772,-8.465807,-3.592823,3.97388,0.000305,0.086285,-0.013897,30.91,66.6307746051647
26782,-8.462217,-3.593421,3.966104,0.000153,0.086285,-0.01405,30.94,66.6646512977726
26792,-8.469396,-3.600002,3.963113,-0.000458,0.08659,-0.013897,30.94,66.7011505173697
26802,-8.474181,-3.588037,3.952943,0.000305,0.085674,-0.012981,30.96,66.7539794557929
26812,-8.480762,-3.59402,3.952345,-0.000305,0.083536,-0.012981,30.96,66.7760571391395
26822,-8.478967,-3.596412,3.947559,0.000764,0.080329,-0.012523,30.95,66.7995844526336
26832,-8.485548,-3.597011,3.932006,0.000305,0.0759,-0.012217,30.95,66.8955004673961
26842,-8.492128,-3.601796,3.930212,0.000153,0.071319,-0.012065,30.95,66.9227021238167
26852,-8.49452,-3.59402,3.915854,0.001374,0.058948,-0.011454,30.95,66.9963688971687
26862,-8.491529,-3.595216,3.909274,0.00168,0.05116,-0.011454,30.95,67.0259016310684
26872,-8.499905,-3.594618,3.901497,0.001527,0.043371,-0.01069,30.92,67.0835431459951
26882,-8.491529,-3.592225,3.896712,0.002138,0.034972,-0.010385,30.92,67.0894988598706
26892,-8.511271,-3.598805,3.902694,0.001985,0.026725,-0.010537,30.91,67.104155705081
26902,-8.513663,-3.611368,3.902694,0.00168,0.018021,-0.009774,30.91,67.1199272715316
26912,-8.505887,-3.600002,3.901497,0.002902,0.008858,-0.010079,30.92,67.1004697232813
26922,-8.495717,-3.589234,3.893123,0.001985,-0.000305,-0.009621,30.92,67.1144194494966
26932,-8.496913,-3.595216,3.905685,0.002138,-0.009316,-0.010079,30.96,67.0558656797161
26942,-8.505288,-3.586841,3.904488,0.002749,-0.017868,-0.009621,30.96,67.0720976922245
26952,-8.503493,-3.585645,3.912265,0.001985,-0.026114,-0.008705,30.93,67.0264376884519
26962,-8.495118,-3.595216,3.911069,0.00168,-0.034514,-0.008705,30.93,67.0238281281324
26972,-8.486146,-3.600002,3.911069,0.001833,-0.041844,-0.009774,30.9,67.0095474943715
26982,-8.491529,-3.594618,3.932006,0.002902,-0.048564,-0.008247,30.9,66.90575904313
26992,-8.480762,-3.595814,3.924229,0.002902,-0.054672,-0.008705,30.98,66.9254900020659
27002,-8.482555,-3.595216,3.939782,0.002291,-0.060628,-0.009621,30.98,66.8468476671658
27012,-8.468199,-3.586243,3.948158,0.001985,-0.065363,-0.009468,30.93,66.7651224172215
27022,-8.469995,-3.597609,3.963113,0.002596,-0.07086,-0.009468,30.88,66.7002808045465
27032,-8.467003,-3.594618,3.968496,0.002138,-0.07254,-0.008858,30.88,66.6631298513651
27042,-8.462217,-3.592823,3.962514,0.002138,-0.073915,-0.009621,30.96,66.6829874617377
27052,-8.455039,-3.585645,3.979862,0.002443,-0.073151,-0.008858,30.96,66.5704676405489
27062,-8.460423,-3.588037,3.979264,0.001985,-0.072235,-0.009774,30.95,66.5870076387768
27072,-8.443074,-3.593421,3.997808,0.001069,-0.069944,-0.008399,30.95,66.4580624438482
27082,-8.438888,-3.592823,3.999005,0.001527,-0.067195,-0.009316,30.88,66.442433617463
27092,-8.449656,-3.588037,4.016951,0.001222,-0.062461,-0.00901,30.88,66.3667373351917
27102,-8.430512,-3.588636,4.01396,0.001222,-0.058032,-0.009163,30.93,66.3425172024305
27112,-8.44128,-3.596412,4.022335,0.00168,-0.052076,-0.009316,30.93,66.3283726727301
27122,-8.42812,-3.597011,4.025924,0.001527,-0.045357,-0.009621,30.94,66.282274199535
27132,-8.423334,-3.596412,4.03071,0.001069,-0.03879,-0.009316,30.94,66.2465061101467
27142,-8.426923,-3.594618,4.035496,0.000916,-0.031307,-0.00901,30.94,66.2274214053683
27152,-8.425129,-3.588636,4.030112,0.000916,-0.022907,-0.009163,30.94,66.2464130677115
27162,-8.418548,-3.595216,4.035496,0.001374,-0.014355,-0.009774,30.9,66.2101801953656
27172,-8.419745,-3.594618,4.032505,0.000916,-0.005956,-0.010079,30.9,66.2278562038544
27182,-8.431709,-3.592225,4.042076,0.001069,0.002138,-0.009774,30.92,66.2009650851243
27192,-8.425129,-3.602395,4.037888,0.001374,0.020769,-0.01069,30.92,66.2181354825434
27202,-8.421539,-3.58744,4.032505,0.000611,0.028863,-0.01069,30.93,66.2251649993311
27212,-8.436494,-3.6006,4.0337,0.001069,0.036957,-0.01069,30.97,66.2625210623935
27222,-8.434101,-3.594618,4.028915,0.001527,0.045204,-0.011759,30.97,66.2771072754729
27232,-8.435298,-3.589234,4.021737,0.000916,0.052534,-0.011759,30.9,66.3123978653718
27242,-8.4347,-3.599404,4.024727,0.001374,0.059559,-0.010843,30.9,66.3046319715073
27252,-8.44128,-3.595814,4.00379,0.000916,0.065668,-0.011148,30.93,66.4250443819318
27262,-8.447262,-3.599404,4.012764,0.000764,0.070708,-0.011301,30.93,66.3938187269387
27272,-8.456235,-3.591627,4.001398,0.000764,0.075136,-0.011759,30.88,66.4653015598327
27282,-8.463414,-3.598207,3.991228,0.001222,0.078496,-0.011912,30.88,66.5395404734782
27292,-8.463414,-3.598805,3.984648,0.000916,0.081703,-0.012523,30.95,66.574578134327
27302,-8.447861,-3.598207,3.978666,0.001222,0.082925,-0.012523,30.95,66.5728975355329
27312,-8.462217,-3.588636,3.961916,0.000764,0.083689,-0.012981,30.95,66.6824253311274
27322,-8.468798,-3.591029,3.958327,0.000916,0.083994,-0.012523,30.95,66.7171195401061
27332,-8.485548,-3.604189,3.951149,0.000305,0.082314,-0.012675,30.93,66.801205906395
27342,-8.480165,-3.591627,3.94397,0.000611,0.080023,-0.013134,30.93,66.8167283818949
27352,-8.478369,-3.602395,3.930809,0.001069,0.077274,-0.013286,30.98,66.8916855392094
27362,-8.480762,-3.601796,3.924827,0.001985,0.073609,-0.012828,30.98,66.9275820915689
27372,-8.493923,-3.597011,3.923631,0.002138,0.063225,-0.012217,30.94,66.9568276540035
27382,-8.496315,-3.599404,3.911069,0.002443,0.056658,-0.012675,30.92,67.0299321200832
27392,-8.490931,-3.593421,3.916452,0.002291,0.04948,-0.012217,30.92,66.985310908917
27402,-8.49452,-3.602993,3.906283,0.002749,0.041997,-0.011912,30.93,67.0545673665029
27412,-8.488539,-3.599404,3.902694,0.002902,0.033292,-0.011606,30.93,67.058070113218
27422,-8.49452,-3.598207,3.908078,0.00336,0.025351,-0.011148,30.95,67.0409500833771
27432,-8.500502,-3.601198,3.894917,0.003054,0.016493,-0.010385,30.95,67.1251344219062
27442,-8.502895,-3.589832,3.896114,0.002596,0.008399,-0.009927,30.95,67.113884463209
27452,-8.502895,-3.586841,3.892524,0.00336,-0.000611,-0.009621,30.95,67.1302173402637
27462,-8.498111,-3.591627,3.905685,0.003665,-0.010079,-0.009468,30.95,67.0552091847154
27472,-8.501699,-3.586841,3.908676,0.003207,-0.018326,-0.009316,30.95,67.0426787934797
27482,-8.501699,-3.595216,3.919443,0.002902,-0.026725,-0.009468,30.94,66.9932968505572
27492,-8.495717,-3.594618,3.918247,0.003054,-0.034208,-0.008399,30.94,66.9867600046533
27502,-8.501101,-3.6006,3.912265,0.003207,-0.041233,-0.008247,30.96,67.0345074061524
27512,-8.490333,-3.601796,3.924827,0.003818,-0.048258,-0.007483,30.96,66.9473187627682
27522,-8.498708,-3.59402,3.924827,0.004429,-0.054367,-0.00733,30.89,66.9577877737957
27532,-8.483753,-3.601796,3.945765,0.004276,-0.060018,-0.007483,30.89,66.823661706924
27542,-8.465208,-3.598207,3.954139,0.003512,-0.067195,-0.006872,30.95,66.7380044952316
27552,-8.465807,-3.598805,3.954738,0.003971,-0.070708,-0.007636,30.93,66.7366300334461
27562,-8.472985,-3.597011,3.966104,0.00336,-0.072082,-0.00733,30.93,66.6902716363377
27572,-8.459825,-3.595216,3.97388,0.00336,-0.072846,-0.00733,30.99,66.6204018971886
27582,-8.462217,-3.595814,3.985844,0.002596,-0.071777,-0.00672,30.99,66.563140214244
27592,-8.455637,-3.59402,3.98405,0.003665,-0.07025,-0.007483,30.96,66.5571801511594
27602,-8.454441,-3.591029,3.988237,0.002443,-0.06918,-0.009163,30.96,66.530033199809
27612,-8.447262,-3.589234,4.000201,0.00336,-0.065821,-0.008399,30.92,66.4505718629789
27622,-8.440681,-3.594618,4.006183,0.003512,-0.061392,-0.008705,30.92,66.4101570881276
27632,-8.428718,-3.583252,4.009174,0.002902,-0.05681,-0.010232,30.89,66.3589970941237
27642,-8.440681,-3.582654,4.018147,0.002291,-0.051313,-0.009316,30.89,66.3366864557121
27652,-8.43111,-3.58744,4.027719,0.002138,-0.044899,-0.010843,30.95,66.270560539356
27662,-8.416754,-3.597609,4.0337,0.002138,-0.03711,-0.01069,30.95,66.2179540905627
27672,-8.429914,-3.58744,4.039683,0.00168,-0.02978,-0.010537,30.92,66.2053519974667
27682,-8.421539,-3.59043,4.029513,0.001374,-0.021838,-0.011759,30.92,66.2435560874216
27692,-8.423334,-3.604787,4.035496,0.000916,-0.013134,-0.012523,30.93,66.2290247553241
27702,-8.425727,-3.602993,4.034299,0.000764,-0.003665,-0.011301,30.93,66.2387407238199
27712,-8.410771,-3.588037,4.042076,0.001374,0.013744,-0.013439,30.91,66.1526246168854
27722,-8.422137,-3.59043,4.040281,0.000458,0.021991,-0.013744,30.93,66.1883980870113
27732,-8.416754,-3.597011,4.034299,0.000611,0.030543,-0.013744,30.93,66.2142715154243
27742,-8.435897,-3.59043,4.027719,-0.000611,0.038637,-0.014203,30.9,66.2833981704675
27752,-8.428718,-3.57727,4.015156,-0.000458,0.046426,-0.013744,30.9,66.3222187068569
27762,-8.438888,-3.584448,4.015156,-0.000305,0.053603,-0.014203,30.89,66.3501873711175
27772,-8.439486,-3.595216,4.009772,0.000305,0.060934,-0.013592,30.89,66.3893522676983
27782,-8.443074,-3.601796,4.013362,0,0.066432,-0.013592,30.93,66.3840103928436
27792,-8.447262,-3.598207,4.014558,0.000153,0.072235,-0.013286,30.93,66.383345540223
27802,-8.442476,-3.603591,4.00379,0.000458,0.076511,-0.013592,30.93,66.4345417917939
27812,-8.439486,-3.592225,3.983452,0,0.080329,-0.013592,30.93,66.5248439635006
27822,-8.443673,-3.602993,3.98405,0.000458,0.082314,-0.013439,30.93,66.5401165885626
27832,-8.466404,-3.589832,3.978666,0.000153,0.083689,-0.013744,30.93,66.6042493579619
27842,-8.465208,-3.594618,3.958327,0.000458,0.085063,-0.013592,30.95,66.7128154580758
27852,-8.459825,-3.602993,3.966702,0.001069,0.08491,-0.012981,30.95,66.6650107327662
27862,-8.462815,-3.595216,3.949354,0.001222,0.08323,-0.013286,30.97,66.755548774083
27872,-8.471789,-3.598207,3.942175,0.001222,0.081245,-0.013439,30.97,66.8145873696266
27882,-8.477173,-3.596412,3.933203,0.001222,0.078343,-0.012523,30.97,66.8713631609661
27892,-8.492128,-3.608377,3.921238,0.001374,0.068722,-0.012523,30.92,66.9756447262153
27902,-8.477173,-3.595216,3.915256,0.002443,0.063225,-0.011454,30.92,66.9648212333072
27912,-8.497512,-3.598207,3.914658,0.002902,0.05681,-0.010996,30.94,67.0124616746184
27922,-8.496913,-3.602993,3.911667,0.002443,0.049938,-0.010843,30.94,67.0311373090062
27932,-8.496913,-3.611966,3.902694,0.003207,0.041692,-0.011301,30.91,67.0861826024584
27942,-8.491529,-3.598207,3.901497,0.00336,0.034056,-0.009927,30.91,67.0694751818337
27952,-8.505887,-3.605386,3.898506,0.003512,0.025198,-0.009774,30.95,67.1208820070515
27962,-8.502895,-3.604189,3.909274,0.003971,0.017104,-0.010232,30.95,67.0570449071783
27972,-8.489736,-3.6006,3.895515,0.00336,0.00733,-0.01069,30.95,67.0994088122052
27982,-8.493923,-3.601198,3.903292,0.003971,-0.000764,-0.009927,30.95,67.0675328041134
27992,-8.510075,-3.592225,3.899105,0.004123,-0.010079,-0.009621,30.93,67.1149066184636
28002,-8.495118,-3.598805,3.902096,0.004429,-0.01909,-0.009163,30.93,67.0742040155841
28012,-8.507681,-3.595814,3.917051,0.004429,-0.027031,-0.00901,30.98,67.0186888687004
28022,-8.486146,-3.59043,3.913461,0.004887,-0.034514,-0.008247,30.98,66.9885980357881
28032,-8.492725,-3.593421,3.918845,0.004887,-0.041692,-0.008705,30.97,66.9764099505839
28042,-8.484351,-3.595216,3.929613,0.005651,-0.048106,-0.007025,30.97,66.9040438501846
28052,-8.480762,-3.6006,3.937988,0.005498,-0.05452,-0.008399,30.93,66.8572960684543
28062,-8.486146,-3.597609,3.940979,0.005956,-0.064904,-0.008858,30.93,66.8500861244845
28072,-8.475378,-3.595216,3.946961,0.005345,-0.068875,-0.007941,30.93,66.7942307214317
28082,-8.472985,-3.58744,3.952345,0.005192,-0.071013,-0.007789,30.97,66.7541105067909
28092,-8.468199,-3.595216,3.957729,0.004887,-0.07254,-0.007636,30.97,66.7227133578481
28102,-8.462815,-3.595814,3.97747,0.00504,-0.073915,-0.007178,30.93,66.6083321929117
28112,-8.450851,-3.593421,3.979264,0.005345,-0.073151,-0.00733,30.93,66.5717526123154
28122,-8.450851,-3.59043,3.988237,0.004887,-0.072082,-0.007178,30.95,66.5219674719817
28132,-8.446664,-3.591627,3.990032,0.00504,-0.07025,-0.006567,30.95,66.5048214590173
28142,-8.444869,-3.591029,3.996014,0.004123,-0.067501,-0.006872,30.94,66.4691129642159
28152,-8.450253,-3.591029,4.007978,0.003818,-0.063225,-0.008247,30.94,66.4176927947392
28162,-8.439486,-3.58744,4.009174,0.004887,-0.059254,-0.007941,30.92,66.385507797962
28172,-8.4347,-3.59043,4.021737,0.003971,-0.052993,-0.008247,30.92,66.3122095650478
28182,-8.440681,-3.588636,4.024727,0.003971,-0.046731,-0.008552,30.95,66.3075811015125
28192,-8.420342,-3.59043,4.033103,0.004123,-0.040164,-0.008399,30.95,66.2221946407372
28202,-8.433504,-3.581457,4.030112,0.00336,-0.032834,-0.008858,30.91,66.2577044376991
28212,-8.419147,-3.591627,4.036094,0.00336,-0.023976,-0.009774,30.91,66.2050638396548
28222,-8.42453,-3.582056,4.042076,0.002902,-0.015424,-0.008858,30.92,66.1765024735542
28232,-8.420342,-3.58744,4.036094,0.002596,0.001527,-0.01069,30.92,66.2038095612578
28242,-8.419745,-3.589832,4.040879,0.002749,0.010843,-0.010996,30.94,66.1796357514962
28252,-8.416155,-3.588636,4.036692,0.001833,0.0197,-0.012217,30.93,66.1928545064027
28262,-8.41436,-3.59043,4.031906,0.000611,0.027489,-0.012981,30.93,66.2157581052608
28272,-8.422137,-3.59402,4.036692,0.000916,0.035888,-0.013286,30.95,66.2104532719553
28282,-8.436494,-3.586243,4.027121,0.000611,0.04383,-0.012675,30.95,66.284023584415
28292,-8.429914,-3.589832,4.024727,0.000458,0.051465,-0.013744,30.95,66.2858655445807
28302,-8.429914,-3.585645,4.022335,0.000305,0.057574,-0.015119,30.95,66.2946308969189
28312,-8.426923,-3.586243,4.00379,0.000153,0.063072,-0.015272,30.93,66.3861639084129
28322,-8.431709,-3.591627,4.008576,0,0.06918,-0.015272,30.93,66.3759885258805
28332,-8.44427,-3.597011,4.006782,0.000458,0.07422,-0.016188,30.91,66.4167232602926
28342,-8.445468,-3.6006,3.995416,0.000916,0.078038,-0.01573,30.91,66.482075457517
28352,-8.452048,-3.593421,3.988835,0.000458,0.081398,-0.015272,30.95,66.524007335461
28362,-8.464012,-3.591029,3.978068,0.000458,0.083383,-0.016341,30.95,66.6034487272144
28372,-8.468199,-3.595216,3.974478,0.000305,0.082772,-0.016341,30.95,66.6347498430384
28382,-8.464012,-3.600002,3.968496,0.000305,0.08323,-0.015119,30.95,66.6616636078513
28392,-8.470592,-3.60718,3.952943,0.000611,0.082772,-0.015882,30.93,66.7634102835886
28402,-8.475378,-3.602993,3.940381,0.000764,0.081092,-0.015272,30.93,66.8356735870281
28412,-8.465208,-3.597609,3.937988,0.000611,0.074067,-0.015424,30.92,66.8224445049096
28422,-8.486146,-3.588037,3.929015,0.001069,0.069639,-0.015272,30.91,66.9046203626731
28432,-8.489137,-3.599404,3.920042,0.001833,0.063835,-0.014508,30.91,66.9679398232872
28442,-8.486743,-3.595216,3.921836,0.001222,0.057727,-0.014203,30.93,66.949905641352
28452,-8.489736,-3.601796,3.91406,0.001527,0.05116,-0.013897,30.93,67.0027478131567
28462,-8.500502,-3.605984,3.910471,0.002138,0.044593,-0.013439,30.94,67.0474003287552
28472,-8.487342,-3.59402,3.908078,0.002749,0.036346,-0.01237,30.94,67.0225491038411
28482,-8.492725,-3.595216,3.911069,0.002749,0.028558,-0.011301,30.97,67.0189079985677
28492,-8.493923,-3.60718,3.908078,0.002902,0.019853,-0.011148,30.97,67.0475380287559
28502,-8.487941,-3.602993,3.896712,0.003512,0.011301,-0.009927,30.88,67.0914992006177
28512,-8.492128,-3.605386,3.89731,0.002749,0.003054,-0.009774,30.88,67.099013074594
28522,-8.496315,-3.609573,3.898506,0.003207,-0.00504,-0.009163,31,67.1049301714027
28532,-8.49452,-3.601198,3.908078,0.003971,-0.013744,-0.008705,31,67.0435531516793
28542,-8.490333,-3.603591,3.91406,0.004429,-0.022297,-0.008552,30.97,67.0055421086244
28552,-8.493923,-3.6006,3.911069,0.004429,-0.029322,-0.008399,30.97,67.0260589350224
28562,-8.490931,-3.597609,3.926024,0.004123,-0.037263,-0.008552,30.94,66.938596357358
28572,-8.488539,-3.602395,3.925426,0.00504,-0.043066,-0.008247,30.94,66.9409944456784
28582,-8.48136,-3.602993,3.931407,0.005651,-0.055131,-0.007025,30.91,66.8952437077384
28592,-8.477173,-3.59402,3.935595,0.005192,-0.058338,-0.006109,30.94,66.856677361954
28602,-8.480165,-3.598207,3.948158,0.004276,-0.061545,-0.005956,30.94,66.8004995790872
28612,-8.462217,-3.592823,3.956532,0.00504,-0.064294,-0.005803,30.92,66.7144355986532
28622,-8.464012,-3.595814,3.957729,0.004734,-0.066737,-0.006567,30.92,66.7145262051376
28632,-8.47119,-3.598805,3.963711,0.005345,-0.068111,-0.006414,30.95,66.7006854473753
28642,-8.449057,-3.591029,3.980461,0.005498,-0.067959,-0.006872,30.95,66.5595743779815
28652,-8.450851,-3.599404,3.985844,0.005192,-0.066432,-0.00733,30.95,66.5425351558424
28662,-8.447262,-3.591627,3.988237,0.005345,-0.064752,-0.006109,30.95,66.5155017928548
28672,-8.453843,-3.604787,3.995416,0.004276,-0.062156,-0.00672,30.92,66.5033983175119
28682,-8.438888,-3.585046,3.998407,0.004581,-0.057879,-0.00733,30.92,66.4386056657869
28692,-8.435897,-3.59043,4.005585,0.005345,-0.052993,-0.006872,30.97,66.3994482520281
28702,-8.441879,-3.581457,4.015755,0.003665,-0.048258,-0.008399,30.97,66.3506847788263
28712,-8.4347,-3.586841,4.019942,0.003971,-0.042608,-0.008094,30.97,66.318388081612
28722,-8.439486,-3.578466,4.022933,0.003512,-0.036041,-0.008705,30.97,66.3053128467255
28732,-8.429914,-3.585645,4.024727,0.003207,-0.02978,-0.00901,30.93,66.2820895622797
28742,-8.429914,-3.593421,4.024727,0.003665,-0.022144,-0.009774,30.93,66.2891042958062
28752,-8.429317,-3.58385,4.028317,0.00336,-0.006414,-0.010232,30.94,66.2603862061963
28762,-8.435298,-3.580261,4.032505,0.00336,0.001374,-0.009774,30.93,66.2478966306307
28772,-8.422137,-3.592225,4.032505,0.003054,0.00901,-0.011301,30.93,66.2307668375923
28782,-8.419147,-3.586243,4.02413,0.003512,0.017104,-0.011148,30.93,66.2629232445083
28792,-8.429317,-3.593421,4.031906,0.002902,0.025045,-0.01237,30.93,66.2502217048207
28802,-8.429317,-3.588037,4.033103,0.002291,0.032681,-0.012675,30.94,66.2390860028873
28812,-8.421539,-3.599404,4.019344,0.002596,0.039554,-0.012675,30.94,66.305005102314
28822,-8.429914,-3.593421,4.018147,0.001985,0.04612,-0.011759,30.96,66.323601492639
28832,-8.434101,-3.591029,4.020541,0.002596,0.052229,-0.013134,30.96,66.317750868009
28842,-8.440681,-3.588037,4.012764,0.002596,0.057574,-0.014508,30.95,66.369738655504
28852,-8.428718,-3.588037,4.010371,0.002443,0.062308,-0.013744,30.95,66.357018049123
28862,-8.436494,-3.588636,3.996014,0.002443,0.066584,-0.013897,30.95,66.4493430614585
28872,-8.447262,-3.593421,3.99063,0.001985,0.07025,-0.014203,30.95,66.5045403296375
28882,-8.460423,-3.602395,3.996612,0.003054,0.071777,-0.014508,30.94,66.5087858011588
28892,-8.466404,-3.589234,3.979862,0.002291,0.073457,-0.015272,30.94,66.5974427759606
28902,-8.458031,-3.589234,3.969095,0.001833,0.074373,-0.014966,30.95,66.636482286913
28912,-8.461619,-3.591627,3.966702,0.00336,0.074526,-0.014813,30.95,66.6586718425861
28922,-8.469995,-3.598805,3.963711,0.002291,0.072693,-0.014813,30.93,66.6981979237878
28932,-8.469995,-3.591029,3.940381,0.002443,0.069639,-0.015577,30.91,66.813986095285
28942,-8.476574,-3.604787,3.94397,0.001833,0.066737,-0.015119,30.91,66.8208604705207
28952,-8.484351,-3.601198,3.9338,0.002138,0.062003,-0.01573,30.93,66.8872621367428
28962,-8.479566,-3.599404,3.929015,0.002443,0.057421,-0.016188,30.93,66.900974357851
28972,-8.486743,-3.583252,3.928416,0.002291,0.051465,-0.015272,30.94,66.9048273970409
28982,-8.487941,-3.601796,3.921238,0.002596,0.045051,-0.015272,30.94,66.9612723069438
28992,-8.490931,-3.61376,3.924229,0.003054,0.039401,-0.014355,30.96,66.9621623479649
29002,-8.496913,-3.598207,3.916452,0.00336,0.031765,-0.015424,30.96,67.0017905974886
29012,-8.492128,-3.602993,3.924229,0.003054,0.024893,-0.014508,30.91,66.9552080774901
29022,-8.493923,-3.597609,3.921238,0.003054,0.017257,-0.013897,30.91,66.9699370792312
29032,-8.487342,-3.594618,3.918845,0.003207,0.009316,-0.013134,30.9,66.9663629452572
29042,-8.49452,-3.598207,3.920042,0.003207,0.001833,-0.013439,30.9,66.9779795846898
29052,-8.499905,-3.58744,3.916452,0.00336,-0.006414,-0.012675,30.92,66.998581598902
29062,-8.490931,-3.585046,3.921238,0.00336,-0.013439,-0.011759,30.92,66.9528199048368
29072,-8.501101,-3.598207,3.92064,0.003665,-0.020922,-0.010996,30.96,66.9883749351802
29082,-8.488539,-3.59402,3.926024,0.004429,-0.027947,-0.010385,30.96,66.9305269544935
29092,-8.486146,-3.601796,3.929613,0.004276,-0.034208,-0.009621,30.96,66.9135117449842
29102,-8.478369,-3.611966,3.936791,0.004276,-0.045662,-0.008858,30.96,66.8686362967155
29112,-8.480165,-3.595216,3.941577,0.004276,-0.050244,-0.008552,30.96,66.8324611234943
29122,-8.477771,-3.596412,3.947559,0.004276,-0.053909,-0.00733,30.94,66.7971040671596
29132,-8.487941,-3.596412,3.951746,0.003665,-0.058032,-0.00733,30.94,66.7961939302634
29142,-8.482555,-3.598207,3.958327,0.004123,-0.060323,-0.007789,30.91,66.7520504702849
29152,-8.468199,-3.599404,3.964309,0.004581,-0.062003,-0.007178,30.91,66.6918478745918
29162,-8.458628,-3.59402,3.975675,0.003665,-0.062461,-0.005498,30.95,66.6074110980002
29172,-8.460423,-3.594618,3.981657,0.004276,-0.062003,-0.00504,30.95,66.5802919034881
29182,-8.465807,-3.594618,3.99063,0.003818,-0.061087,-0.006109,30.92,66.5444932890774
29192,-8.450253,-3.598207,3.990032,0.004123,-0.058948,-0.006414,30.92,66.5182315394785
29202,-8.453843,-3.588037,4.006183,0.004123,-0.055283,-0.005956,30.96,66.4319839208643
29212,-8.448458,-3.58744,4.004987,0.004429,-0.051924,-0.005956,30.96,66.4263828648084
29222,-8.438289,-3.59402,4.001398,0.004123,-0.0478,-0.006109,30.93,66.4296857837999
29232,-8.432905,-3.588037,4.013362,0.004276,-0.042761,-0.006109,30.93,66.350175000153
29242,-8.432905,-3.589832,4.026522,0.004123,-0.036652,-0.007178,30.96,66.2827938998619
29252,-8.434101,-3.595814,4.020541,0.002749,-0.031154,-0.007636,30.96,66.3220622773779
29262,-8.426325,-3.589234,4.034897,0.00336,-0.023976,-0.00672,30.92,66.2244181061478
29272,-8.425129,-3.588636,4.026522,0.002749,-0.009621,-0.008399,30.92,66.2652327996616
29282,-8.432307,-3.592225,4.027121,0.002596,-0.00168,-0.00901,30.95,66.2805470567714
29292,-8.422137,-3.589234,4.02413,0.002596,0.006109,-0.009927,30.96,66.2719710748147
29302,-8.420342,-3.59402,4.032505,0.002443,0.01405,-0.009927,30.96,66.228581795471
29312,-8.430512,-3.592823,4.031906,0.002443,0.021838,-0.010232,30.98,66.2522149670736
29322,-8.429914,-3.59043,4.027719,0.001985,0.029322,-0.01069,30.98,66.2707234636507
29332,-8.4347,-3.588037,4.019344,0.00168,0.036652,-0.012065,30.91,66.3225994450209
29342,-8.449057,-3.591627,4.017549,0.002291,0.043371,-0.012523,30.91,66.365559036664
29352,-8.436494,-3.583252,4.019942,0.001527,0.049327,-0.013439,30.98,66.3189567070714
29362,-8.440681,-3.584448,4.011567,0.001374,0.055436,-0.012523,30.98,66.3727958731084
29372,-8.44427,-3.579663,4.003192,0.001985,0.06017,-0.013134,30.98,66.4200194555762
29382,-8.447262,-3.592225,4.004389,0.001985,0.064599,-0.013897,30.98,66.4312818505926
29392,-8.456833,-3.597011,3.994219,0.00168,0.069028,-0.015272,30.91,66.5090005961608
29402,-8.448458,-3.595216,3.996014,0.001985,0.071929,-0.015119,30.91,66.4804015745593
29412,-8.456833,-3.598805,3.978666,0.002138,0.074067,-0.01405,30.96,66.5922069945608
29422,-8.464012,-3.598207,3.968496,0.002443,0.075595,-0.014661,30.96,66.6600719221018
29432,-8.453843,-3.595216,3.966702,0.002138,0.0759,-0.014813,30.91,66.6456193685324
29442,-8.468798,-3.609573,3.956532,0.002138,0.073304,-0.01573,30.91,66.7429454622509
29452,-8.47119,-3.600002,3.949354,0.002749,0.071929,-0.014355,30.92,66.7771759755819
29462,-8.48136,-3.595216,3.945765,0.003054,0.067806,-0.015119,30.92,66.812922510096
29472,-8.481958,-3.59043,3.940979,0.003818,0.064599,-0.015272,30.92,66.8351195502312
29482,-8.489137,-3.601796,3.93739,0.003054,0.060018,-0.014661,30.96,66.878801096398
29492,-8.489137,-3.595814,3.926622,0.003512,0.053603,-0.013897,30.96,66.9301823289178
29502,-8.489137,-3.596412,3.924229,0.003512,0.047953,-0.014203,30.91,66.9432942708625
29512,-8.495717,-3.602395,3.918845,0.00336,0.041386,-0.01405,30.91,66.9903913306733
29522,-8.492725,-3.591029,3.914658,0.004276,0.034514,-0.013897,30.93,66.9963660914549
29532,-8.487941,-3.598805,3.91406,0.004429,0.026725,-0.013439,30.93,66.9964444620209
29542,-8.493923,-3.589832,3.925426,0.004429,0.019548,-0.012828,30.91,66.9411252850954
29552,-8.492128,-3.591627,3.921238,0.004734,0.011606,-0.012523,30.91,66.961022998327
29562,-8.499306,-3.596412,3.917051,0.00504,0.003207,-0.011912,30.97,67.0019975522466
29572,-8.498111,-3.607778,3.914658,0.00504,-0.004276,-0.011759,30.97,67.0220287208248
29582,-8.489736,-3.601198,3.915256,0.004429,-0.011759,-0.011912,30.96,66.9959298092258
29592,-8.484351,-3.595216,3.910471,0.005651,-0.019242,-0.011148,30.96,67.0048273709458
29602,-8.495717,-3.589234,3.918247,0.006261,-0.026725,-0.010232,30.96,66.982073338187
29612,-8.486743,-3.596412,3.930212,0.004734,-0.033598,-0.010843,30.96,66.9068800245055
29622,-8.487342,-3.601198,3.940381,0.005803,-0.04612,-0.010843,30.91,66.8588500342593
29632,-8.486146,-3.602395,3.936791,0.005498,-0.049633,-0.010232,30.94,66.8762954603398
29642,-8.453843,-3.593421,3.945765,0.005192,-0.055131,-0.010232,30.94,66.7541837008434
29652,-8.477771,-3.591627,3.958327,0.00504,-0.058338,-0.009621,30.91,66.7363160668856
29662,-8.465208,-3.597609,3.96072,0.005345,-0.061087,-0.009774,30.91,66.7028849011404
29672,-8.468199,-3.605386,3.959523,0.005498,-0.063072,-0.009468,30.96,66.7222816375795
29682,-8.468199,-3.598805,3.976871,0.00504,-0.063988,-0.008858,30.96,66.625374048977
29692,-8.462815,-3.59402,3.974478,0.004581,-0.064141,-0.008552,30.96,66.6224471759343
29702,-8.453244,-3.589832,3.979264,0.004734,-0.06353,-0.008247,30.96,66.5735706238118
29712,-8.457432,-3.600002,3.991228,0.004276,-0.061545,-0.008094,30.96,66.5286098642751
29722,-8.445468,-3.601198,4.001398,0.00504,-0.058948,-0.007789,30.96,66.4512314560993
29732,-8.437692,-3.595216,4.001398,0.004276,-0.055589,-0.007636,30.96,66.429501472604
29742,-8.438289,-3.601198,4.00379,0.003971,-0.051313,-0.008094,30.96,66.4235800168363
29752,-8.440084,-3.602993,4.020541,0.003207,-0.046578,-0.007941,30.94,66.3411703474057
29762,-8.44427,-3.589832,4.015755,0.00336,-0.041233,-0.008094,30.94,66.3632470888984
29772,-8.441879,-3.586243,4.020541,0.003512,-0.034819,-0.008247,30.93,66.3298947030708
29782,-8.427522,-3.591627,4.0337,0.00336,-0.028405,-0.008094,30.93,66.2353941054101
29792,-8.437093,-3.592823,4.028317,0.002749,-0.013744,-0.008247,30.94,66.284954841841
29802,-8.437093,-3.591627,4.034897,0.002749,-0.00672,-0.008247,30.95,66.2494228685424
29812,-8.435298,-3.581457,4.034299,0.002749,0.001069,-0.009316,30.95,66.2395776135778
29822,-8.429317,-3.592225,4.039683,0.001985,0.009621,-0.009163,30.97,66.2084119725843
29832,-8.432905,-3.586243,4.036094,0.001374,0.016952,-0.009316,30.97,66.2294147994083
29842,-8.431709,-3.597609,4.027121,0.002138,0.024129,-0.010843,30.93,66.2841412467355
29852,-8.427522,-3.595216,4.029513,0.001985,0.032376,-0.010843,30.93,66.2605765911294
29862,-8.432307,-3.599404,4.029513,0.001222,0.039554,-0.011148,30.96,66.2744988598516
29872,-8.435897,-3.596412,4.033103,0.00168,0.045357,-0.011301,30.96,66.2605993667611
29882,-8.419147,-3.585645,4.023531,0.001833,0.052076,-0.012675,30.93,66.2655253970806
29892,-8.435298,-3.592823,4.012764,0.001833,0.058032,-0.012981,30.93,66.3626724502164
29902,-8.441879,-3.588037,4.013362,0.001527,0.062614,-0.012523,30.94,66.369132486479
29912,-8.438289,-3.59402,4.000201,0.00168,0.066584,-0.012828,30.94,66.4359680283835
29922,-8.453244,-3.585046,3.996612,0.000916,0.07025,-0.014203,30.95,66.4782426617162
29932,-8.444869,-3.588037,3.981657,0.000458,0.072846,-0.014813,30.95,66.5418391219193
29942,-8.443673,-3.603591,3.980461,0.001374,0.075136,-0.014661,30.95,66.559503463151
29952,-8.47119,-3.582056,3.962514,0.001374,0.075747,-0.014355,30.95,66.6921846217688
29962,-8.466404,-3.600002,3.963113,0.002291,0.076053,-0.014813,30.89,66.694921311659
29972,-8.483753,-3.591627,3.954139,0.002138,0.074678,-0.014661,30.94,66.7707384535616
29982,-8.472985,-3.602395,3.951746,0.002596,0.071777,-0.014966,30.94,66.7704412250004
29992,-8.484351,-3.603591,3.946362,0.002596,0.069028,-0.015577,30.96,66.8233413168267
30002,-8.478967,-3.598805,3.93739,0.001833,0.065057,-0.015882,30.96,66.855150199486
30012,-8.478967,-3.603591,3.929613,0.00336,0.06017,-0.015882,30.96,66.9002640003646
30022,-8.49452,-3.598805,3.930809,0.003512,0.054367,-0.015272,30.96,66.9218819654254
30032,-8.486146,-3.593421,3.924229,0.003054,0.048258,-0.015272,30.95,66.934510879079
30042,-8.488539,-3.601198,3.908078,0.004123,0.042608,-0.014203,30.95,67.0312663841674
30052,-8.487941,-3.595216,3.929015,0.004276,0.036041,-0.013897,30.98,66.9146034832984
30062,-8.495717,-3.608975,3.908078,0.004581,0.028711,-0.013897,30.98,67.052782919686
30072,-8.498708,-3.597609,3.912265,0.004276,0.020922,-0.013439,30.93,67.0269918772796
30082,-8.498708,-3.602395,3.916452,0.004429,0.012675,-0.013897,30.93,67.0091278023503
30092,-8.485548,-3.604787,3.915854,0.004123,0.004734,-0.013744,30.96,66.9872986405709
30102,-8.487342,-3.604787,3.919443,0.004429,-0.002596,-0.012523,30.96,66.9720999193175
30112,-8.489137,-3.605984,3.913461,0.005192,-0.009621,-0.012065,30.96,67.0083254236571
30122,-8.488539,-3.592225,3.917649,0.005651,-0.017257,-0.011759,30.96,66.9730386181511
30132,-8.492128,-3.601198,3.924827,0.005803,-0.023824,-0.009927,30.93,66.9504946368255
30142,-8.479566,-3.601198,3.926622,0.005803,-0.037874,-0.009316,30.95,66.9151415001107
30152,-8.480165,-3.605984,3.921238,0.006414,-0.043066,-0.008247,30.95,66.9489136972413
30162,-8.473583,-3.594618,3.941577,0.006414,-0.048869,-0.008705,30.94,66.8182939721062
30172,-8.474181,-3.595216,3.938586,0.006109,-0.053756,-0.007789,30.94,66.8357940489908
30182,-8.480762,-3.595216,3.961916,0.006109,-0.057421,-0.007636,30.95,66.7268513920045
30192,-8.470592,-3.598207,3.949952,0.006261,-0.060781,-0.007941,30.95,66.7712070003123
30202,-8.477771,-3.596412,3.969693,0.007025,-0.06185,-0.00672,30.94,66.6808712034439
30212,-8.466404,-3.589832,3.971487,0.006261,-0.063835,-0.006567,30.94,66.6419363047565
30222,-8.456235,-3.59402,3.978666,0.005803,-0.064446,-0.007483,30.93,66.5866988458932
30232,-8.456235,-3.588636,3.987639,0.005345,-0.063835,-0.007636,30.93,66.5348033568687
30242,-8.455637,-3.594618,3.992425,0.005345,-0.062461,-0.007941,30.93,66.513766749869
30252,-8.453843,-3.583252,3.996612,0.005345,-0.060934,-0.008399,30.93,66.4779028788386
30262,-8.455637,-3.591627,4.00738,0.004887,-0.057421,-0.008247,30.94,66.4326933393506
30272,-8.434101,-3.597609,4.00379,0.004887,-0.053603,-0.007178,30.94,66.4115311724545
30282,-8.440681,-3.607778,4.015156,0.00504,-0.048869,-0.007789,31,66.3749503668369
30292,-8.448458,-3.6006,4.030112,0.004734,-0.043982,-0.007636,31,66.3065934545265
30302,-8.420941,-3.582056,4.019942,0.004429,-0.03879,-0.008247,30.92,66.2849242769641
30312,-8.422735,-3.585046,4.034897,0.004429,-0.025045,-0.009316,30.94,66.213002821653
30322,-8.420342,-3.577868,4.032505,0.004123,-0.018173,-0.010079,30.94,66.2139630851455
30332,-8.425727,-3.597609,4.041477,0.003512,-0.01069,-0.010385,30.95,66.1962732407716
30342,-8.433504,-3.586841,4.03729,0.003207,-0.003512,-0.011454,30.95,66.2249634957659
30352,-8.420342,-3.596412,4.035496,0.002902,0.004429,-0.011454,30.95,66.2150760173192
30362,-8.423334,-3.58744,4.036692,0.002902,0.012981,-0.012065,30.95,66.2070362734099
30372,-8.426923,-3.586841,4.0337,0.002443,0.020464,-0.012523,30.94,66.2297957485925
30382,-8.413763,-3.592225,4.036692,0.002291,0.027642,-0.012828,30.94,66.1910235461544
30392,-8.434101,-3.588037,4.03729,0.002749,0.034972,-0.013744,30.96,66.2273101912285
30402,-8.432307,-3.592823,4.02413,0.002138,0.041386,-0.013134,30.96,66.2967601169039
30412,-8.443074,-3.586243,4.027121,0.002138,0.048258,-0.014661,30.92,66.2979538866417
30422,-8.450253,-3.588037,4.021737,0.002291,0.054214,-0.015119,30.92,66.342931710847
30432,-8.434101,-3.597011,4.012166,0.001985,0.060018,-0.014661,30.96,66.3670500793758
30442,-8.438289,-3.596412,4.006782,0.00168,0.064752,-0.015882,30.96,66.403584695844
30452,-8.446067,-3.589832,4.009772,0.001374,0.06857,-0.014661,30.91,66.3983974396326
30462,-8.439486,-3.591627,3.998407,0.001833,0.072082,-0.014508,30.91,66.445759827983
30472,-8.463414,-3.598805,3.980461,0.001222,0.07422,-0.014966,30.93,66.5965439920705
30482,-8.455039,-3.596412,3.964907,0.002443,0.076969,-0.014966,30.93,66.6586150719631
30492,-8.457432,-3.59043,3.9673,0.002596,0.076816,-0.015119,30.91,66.645725187575
30502,-8.468199,-3.59402,3.956532,0.002443,0.075136,-0.014661,30.95,66.7279479310037
30512,-8.465807,-3.592823,3.949952,0.002291,0.073762,-0.015424,30.95,66.7565122965252
30522,-8.474779,-3.594618,3.951746,0.002443,0.071471,-0.013897,30.97,66.7673089438187
30532,-8.473583,-3.600002,3.936193,0.001985,0.067653,-0.013897,30.97,66.8513545227921
30542,-8.484949,-3.605984,3.926024,0.002138,0.063683,-0.013897,30.91,66.9335899879532
30552,-8.486146,-3.594618,3.924229,0.001985,0.05849,-0.013286,30.91,66.9355569970536
30562,-8.484949,-3.601796,3.927818,0.003971,0.05284,-0.013134,30.96,66.9204834222004
30572,-8.489137,-3.598207,3.917649,0.004123,0.046884,-0.012523,30.96,66.979489650751
30582,-8.498111,-3.594618,3.921836,0.003971,0.040164,-0.012675,30.92,66.9728079920206
30592,-8.483753,-3.598805,3.913461,0.004276,0.033292,-0.012981,30.92,66.990977251612
30602,-8.493923,-3.597011,3.91406,0.003971,0.025809,-0.012523,30.94,67.007188056127
30612,-8.492725,-3.588037,3.913461,0.004581,0.018479,-0.012065,30.94,67.0000650749331
30622,-8.483753,-3.591627,3.917649,0.004429,0.010996,-0.012065,30.96,66.9626497294033
30632,-8.488539,-3.601198,3.909274,0.004887,0.002596,-0.012217,30.96,67.0249667371485
30642,-8.487941,-3.595216,3.913461,0.005192,-0.004123,-0.010843,30.95,66.9964679986383
30652,-8.496913,-3.592823,3.92064,0.004887,-0.019548,-0.010843,30.95,66.9750692146889
30662,-8.497512,-3.595216,3.917649,0.005345,-0.02642,-0.011454,30.93,66.9941207605579
30672,-8.480762,-3.6006,3.925426,0.006261,-0.032376,-0.009621,30.96,66.9233811955721
30682,-8.483154,-3.598207,3.935595,0.005803,-0.03879,-0.008552,30.96,66.8727261945245
30692,-8.493923,-3.595216,3.929613,0.005498,-0.043982,-0.008399,30.93,66.9238033626247
30702,-8.489736,-3.591627,3.938586,0.005651,-0.048717,-0.008858,30.93,66.8648486929916
30712,-8.473583,-3.597011,3.946961,0.005651,-0.052687,-0.00901,30.94,66.7920866556099
30722,-8.472386,-3.585645,3.949354,0.006261,-0.056352,-0.008705,30.94,66.7670115828447
30732,-8.484949,-3.595814,3.955934,0.005651,-0.05849,-0.008399,30.93,66.7674759754883
30742,-8.472985,-3.592823,3.961916,0.005956,-0.060323,-0.008858,30.93,66.7085637745206
30752,-8.465208,-3.602993,3.969693,0.006414,-0.061392,-0.008399,30.93,66.6605247221452
30762,-8.463414,-3.6006,3.987639,0.00672,-0.06185,-0.008705,30.93,66.5604885561151
30772,-8.461619,-3.59043,3.982853,0.006261,-0.06185,-0.008399,30.92,66.5727966691866
30782,-8.450851,-3.597609,3.993023,0.005498,-0.059712,-0.008705,30.92,66.5032576029258
30792,-8.449057,-3.58744,4.001398,0.005498,-0.058338,-0.008094,30.95,66.4464667789136
30802,-8.46102,-3.591029,4.004389,0.005651,-0.055131,-0.007636,30.95,66.4591478867707
30812,-8.44427,-3.585046,4.016353,0.005651,-0.050549,-0.008858,30.95,66.3558200273673
30822,-8.44128,-3.591627,4.007978,0.005651,-0.045815,-0.009621,30.95,66.3993214312793
30832,-8.442476,-3.581457,4.030112,0.005345,-0.035888,-0.009774,30.93,66.2767238104423
30842,-8.44427,-3.597011,4.020541,0.004734,-0.029322,-0.010385,30.96,66.3446214423421
30852,-8.4347,-3.592823,4.033103,0.004887,-0.022297,-0.010537,30.96,66.2548232052451
30862,-8.428718,-3.592225,4.033103,0.00504,-0.015424,-0.010996,30.96,66.2415997116586
30872,-8.42812,-3.594618,4.03729,0.004429,-0.007483,-0.01069,30.96,66.2205663550372
30882,-8.420342,-3.592225,4.03071,0.003818,-0.000611,-0.012217,30.95,66.2363647298082
30892,-8.434101,-3.593421,4.036692,0.004123,0.00733,-0.011454,30.95,66.2353031727551
30902,-8.42812,-3.586243,4.02413,0.003665,0.014661,-0.012981,30.96,66.2819562578213
30912,-8.431709,-3.59402,4.025924,0.002749,0.021838,-0.013286,30.96,66.28717265001
30922,-8.423334,-3.585645,4.031906,0.00336,0.028711,-0.013439,30.97,66.2304942944181
30932,-8.429914,-3.59402,4.03729,0.003665,0.036041,-0.013897,30.97,66.223832336893
30942,-8.425129,-3.591627,4.022335,0.003512,0.043066,-0.014355,30.94,66.2898898677026
30952,-8.440084,-3.597011,4.028317,0.002902,0.04948,-0.014203,30.94,66.2950579333456
30962,-8.448458,-3.592823,4.005585,0.002291,0.054367,-0.015272,30.95,66.4280638099885
30972,-8.437093,-3.59043,4.018147,0.002749,0.06017,-0.014813,30.95,66.3360877766521
30982,-8.443673,-3.597011,4.001398,0.002596,0.064294,-0.01573,30.95,66.443702769794
30992,-8.453843,-3.601796,3.994219,0.002902,0.067959,-0.015424,30.95,66.5070018415068
31002,-8.461619,-3.6006,3.991827,0.00168,0.072846,-0.016493,30.92,66.5347726899847
31012,-8.463414,-3.597609,3.979264,0.002443,0.074526,-0.016035,30.97,66.6017625204531
31022,-8.462815,-3.593421,3.967898,0.002138,0.074067,-0.01573,30.97,66.6564737406687
31032,-8.462815,-3.597609,3.969693,0.001985,0.073609,-0.014966,30.92,66.6507580851112
31042,-8.463414,-3.593421,3.958925,0.002138,0.072388,-0.016035,30.92,66.7048767057663
31052,-8.470592,-3.593421,3.953541,0.002138,0.07025,-0.014813,30.95,66.7481182876475
31062,-8.487941,-3.59402,3.951746,0.002443,0.067501,-0.015424,30.95,66.7940939208998
31072,-8.48136,-3.598207,3.936193,0.002749,0.06353,-0.015424,30.93,66.8658713769197
31082,-8.489137,-3.594618,3.941577,0.003054,0.059101,-0.014966,30.93,66.8505097390921
31092,-8.487941,-3.607778,3.935595,0.002596,0.053298,-0.013744,30.95,66.8910100379637
31102,-8.484949,-3.589234,3.922434,0.003054,0.047037,-0.014203,30.95,66.9378312162192
31112,-8.487941,-3.602993,3.922434,0.002902,0.041233,-0.013744,30.96,66.9560256924408
31122,-8.487342,-3.595814,3.921238,0.003512,0.034514,-0.012523,30.96,66.9548106377057
31132,-8.489736,-3.591627,3.917649,0.003971,0.027642,-0.011912,30.95,66.9749838806725
31142,-8.491529,-3.602395,3.92064,0.004429,0.020464,-0.010996,30.95,66.9723310722824
31152,-8.493324,-3.597609,3.917051,0.004276,0.012523,-0.010537,30.94,66.9907346082388
31162,-8.486146,-3.593421,3.91406,0.004734,0.005498,-0.009468,30.94,66.9880510589328
31172,-8.495717,-3.589832,3.923033,0.004734,-0.009927,-0.009163,30.95,66.9574122059863
31182,-8.492128,-3.597609,3.92064,0.00504,-0.016188,-0.008399,30.95,66.9693866733962
31192,-8.487941,-3.600002,3.932006,0.005345,-0.022449,-0.008552,30.95,66.9030614378655
31202,-8.478369,-3.595216,3.927818,0.005803,-0.029627,-0.007025,30.93,66.9011289211537
31212,-8.482555,-3.579065,3.9338,0.005498,-0.035583,-0.007636,30.93,66.8641691758459
31222,-8.474181,-3.595216,3.930212,0.005345,-0.040623,-0.007789,30.95,66.8798649916568
31232,-8.479566,-3.602993,3.939184,0.005498,-0.045509,-0.007636,30.95,66.8506360114717
31242,-8.474779,-3.599404,3.952943,0.006261,-0.049327,-0.005803,30.94,66.7652371549452
31252,-8.472386,-3.588636,3.940381,0.006261,-0.051924,-0.006567,30.94,66.8168433442658
31262,-8.469396,-3.597011,3.968496,0.005956,-0.054214,-0.006872,30.93,66.6702371959119
31272,-8.462815,-3.598207,3.959523,0.005345,-0.056047,-0.007789,30.93,66.7047214258796
31282,-8.46461,-3.596412,3.975077,0.006109,-0.056963,-0.007178,30.92,66.6251737448318
31292,-8.467602,-3.594618,3.973282,0.006414,-0.057574,-0.007178,30.92,66.6392515900265
31302,-8.468199,-3.591627,3.976273,0.005956,-0.05681,-0.008247,30.94,66.6221494407877
31312,-8.456235,-3.59402,3.984648,0.006109,-0.054825,-0.007483,30.94,66.555294009534
31322,-8.458628,-3.59043,3.996014,0.004734,-0.052534,-0.008094,30.91,66.4974871361281
31332,-8.456833,-3.58744,4.009174,0.005498,-0.04948,-0.008705,30.91,66.4220704703235
31342,-8.438289,-3.589234,4.011567,0.005345,-0.045968,-0.009774,30.91,66.3720401431318
31352,-8.429914,-3.591627,4.018147,0.00504,-0.035888,-0.009774,30.92,66.3219841226885
31362,-8.438888,-3.593421,4.02413,0.004734,-0.030849,-0.010996,30.92,66.3112222321038
31372,-8.435298,-3.595814,4.028317,0.004429,-0.025351,-0.011301,30.94,66.2838527782435
31382,-8.439486,-3.596412,4.026522,0.005192,-0.018937,-0.01069,30.94,66.3026525633888
31392,-8.438888,-3.589234,4.019942,0.003818,-0.012523,-0.011912,30.95,66.3293982918867
31402,-8.436494,-3.582654,4.028317,0.004887,-0.005956,-0.01237,30.95,66.2745267715633
31412,-8.425129,-3.589832,4.025326,0.004123,0.001985,-0.011759,30.95,66.2725841131726
31422,-8.429914,-3.591029,4.0337,0.004123,0.00901,-0.012675,30.95,66.2399285943671
31432,-8.435298,-3.593421,4.027121,0.003665,0.015577,-0.013286,30.95,66.2879589291674
31442,-8.429317,-3.58385,4.027121,0.00336,0.022449,-0.014203,30.95,66.2666553412703
31452,-8.438289,-3.598805,4.026522,0.003971,0.028863,-0.01405,30.91,66.3022786700566
31462,-8.438289,-3.591627,4.023531,0.003818,0.034819,-0.014203,30.91,66.3114783683857
31472,-8.451449,-3.598207,4.019344,0.002749,0.041233,-0.014355,30.93,66.3671056293043
31482,-8.440681,-3.588037,4.018147,0.002902,0.046731,-0.014813,30.93,66.3415197395024
31492,-8.442476,-3.585046,4.009174,0.002596,0.051771,-0.015272,30.94,66.389671147396
31502,-8.444869,-3.589234,4.006782,0.002902,0.0562,-0.015272,30.94,66.411014116966
31512,-8.452048,-3.6006,3.994817,0.002596,0.059865,-0.016188,30.98,66.499031440334
31522,-8.453843,-3.600002,3.990032,0.003207,0.065668,-0.016035,30.98,66.5273619280122
31532,-8.451449,-3.592823,3.988237,0.002291,0.066279,-0.016035,30.98,66.5253561662568
31542,-8.457432,-3.593421,3.97388,0.003207,0.068111,-0.016188,30.93,66.6138060535848
31552,-8.46461,-3.60718,3.965506,0.003971,0.067959,-0.016646,30.93,66.6849794141067
31562,-8.465208,-3.59402,3.964309,0.003054,0.06689,-0.016188,30.97,66.6808506000757
31572,-8.458031,-3.601198,3.957131,0.003818,0.065363,-0.01573,30.97,66.7099836903742
31582,-8.460423,-3.595216,3.96072,0.003665,0.06353,-0.016493,30.97,66.6907963177185
31592,-8.480762,-3.593421,3.942175,0.002902,0.059407,-0.016493,30.97,66.8289777717577
31602,-8.486146,-3.592823,3.932006,0.003971,0.0562,-0.01573,30.95,66.8930701386407
31612,-8.479566,-3.591627,3.944568,0.004123,0.051771,-0.014813,30.95,66.8123426032472
31622,-8.475378,-3.608975,3.937988,0.004276,0.047495,-0.015272,30.96,66.8535250397675
31632,-8.469995,-3.598805,3.932604,0.004276,0.041386,-0.014661,30.96,66.8617617832113
31642,-8.488539,-3.602993,3.929015,0.004276,0.034972,-0.013592,30.96,66.9226417193177
31652,-8.492725,-3.608377,3.928416,0.003971,0.028711,-0.013592,30.96,66.9391309493318
31662,-8.481958,-3.602993,3.92064,0.00504,0.022449,-0.013592,30.95,66.9531375378534
31672,-8.491529,-3.598805,3.924827,0.004734,0.015272,-0.012523,30.95,66.9471698996439
31682,-8.486146,-3.602993,3.926622,0.004887,0.008552,-0.011759,30.89,66.9302925599795
31692,-8.501101,-3.597011,3.918247,0.005345,-0.004734,-0.011148,30.89,66.9999185016415
31702,-8.495118,-3.604787,3.923631,0.005498,-0.012065,-0.010843,30.92,66.966075777672
31712,-8.492725,-3.60718,3.92064,0.005498,-0.01741,-0.010537,30.93,66.9789721142806
31722,-8.487342,-3.61077,3.931407,0.005803,-0.023824,-0.009774,30.93,66.9144117134809
31732,-8.485548,-3.596412,3.929613,0.006261,-0.029932,-0.009163,30.94,66.9075630994048
31742,-8.476574,-3.602993,3.939184,0.005345,-0.035736,-0.008858,30.94,66.8444443624072
31752,-8.469396,-3.593421,3.939184,0.005651,-0.040775,-0.00901,30.95,66.821147639947
31762,-8.473583,-3.595814,3.936193,0.006261,-0.044135,-0.007636,30.95,66.8476719365431
31772,-8.489137,-3.595216,3.949354,0.006414,-0.048411,-0.007483,30.99,66.8101823197358
31782,-8.470592,-3.596412,3.954738,0.006414,-0.05116,-0.006872,30.99,66.7444659778676
31792,-8.462815,-3.596412,3.965506,0.006261,-0.053298,-0.006872,30.9,66.6716907991186
31802,-8.456833,-3.6006,3.9673,0.005803,-0.055436,-0.007025,30.9,66.6535021198683
31812,-8.455637,-3.59043,3.976871,0.005345,-0.055741,-0.006261,30.95,66.5916826697462
31822,-8.451449,-3.595216,3.99063,0.005498,-0.055741,-0.006872,30.95,66.5149318635994
31832,-8.461619,-3.594618,3.993023,0.005651,-0.054214,-0.006261,30.94,66.5231737294612
31842,-8.453244,-3.594618,3.994817,0.005192,-0.052382,-0.00672,30.94,66.4961980482482
31852,-8.444869,-3.601796,4.004389,0.005803,-0.04948,-0.006109,30.96,66.4348237131741
31862,-8.438888,-3.595216,4.015755,0.005498,-0.046426,-0.006872,30.96,66.3567228215647
31872,-8.454441,-3.59043,4.018745,0.004734,-0.03879,-0.007789,30.94,66.3695778098005
31882,-8.446664,-3.585645,4.016951,0.004581,-0.032681,-0.008399,30.94,66.3582787838221
31892,-8.437093,-3.586841,4.022933,0.004429,-0.026267,-0.007636,30.94,66.3077743623895
31902,-8.44427,-3.586243,4.022335,0.004581,-0.021228,-0.008094,30.96,66.325550266974
31912,-8.432307,-3.591627,4.028915,0.004581,-0.013744,-0.00901,30.96,66.2706080633472
31922,-8.437692,-3.595814,4.025924,0.004123,-0.007178,-0.009621,30.96,66.3014516629844
31932,-8.438289,-3.58385,4.038486,0.002902,-0.001222,-0.010537,30.96,66.2261600390715
31942,-8.43111,-3.589234,4.029513,0.002596,0.006109,-0.01069,30.93,66.2627784658791
31952,-8.438289,-3.596412,4.029513,0.003818,0.013134,-0.011301,30.93,66.284458821521
31962,-8.443074,-3.600002,4.031906,0.003665,0.020617,-0.011454,30.96,66.2852912843933
31972,-8.442476,-3.586243,4.021737,0.003512,0.026878,-0.012828,30.96,66.324890329757
31982,-8.44427,-3.586841,4.031906,0.002902,0.033139,-0.013592,30.98,66.2759711965165
31992,-8.438289,-3.586243,4.015755,0.002443,0.040164,-0.013744,30.98,66.3473924612874
32002,-8.428718,-3.589234,4.01396,0.002138,0.045357,-0.015272,30.95,66.3392614381961
32012,-8.452048,-3.600002,4.014558,0.002596,0.050855,-0.014813,30.95,66.3950370664366
32022,-8.446664,-3.591029,4.008576,0.003207,0.055283,-0.014508,30.91,66.4069980459533
32032,-8.452048,-3.595814,4.005585,0.002443,0.059559,-0.015882,30.91,66.4382945280878
32042,-8.453244,-3.592823,3.995416,0.002138,0.065057,-0.016188,30.91,66.4914538579379
32052,-8.460423,-3.59402,3.978068,0.002443,0.068111,-0.015424,30.93,66.5985994672774
32062,-8.46461,-3.60718,3.979862,0.001985,0.068875,-0.015577,30.93,66.6096305895364
32072,-8.462217,-3.601198,3.970889,0.002902,0.069639,-0.016341,30.95,66.6464145044727
32082,-8.471789,-3.589832,3.968496,0.003207,0.06857,-0.01573,30.95,66.668876989003
32092,-8.459227,-3.595216,3.957729,0.002902,0.067653,-0.01573,30.95,66.7040295135454
32102,-8.470592,-3.595216,3.954738,0.00336,0.065973,-0.016188,30.95,66.7434104117563
32112,-8.474779,-3.601796,3.945167,0.002596,0.062766,-0.016341,30.94,66.8082139965435
32122,-8.476574,-3.591029,3.943372,0.002749,0.058643,-0.016493,30.94,66.8119008023888
32132,-8.484949,-3.602993,3.946362,0.002749,0.055894,-0.015882,30.97,66.8240534361843
32142,-8.478967,-3.600002,3.942773,0.00336,0.050396,-0.015577,30.97,66.8278978475997
32152,-8.490333,-3.600002,3.93739,0.003971,0.045357,-0.013897,30.93,66.8796997989842
32162,-8.495118,-3.597011,3.936791,0.004734,0.039859,-0.01405,30.93,66.8901116544837
32172,-8.483154,-3.599404,3.931407,0.004887,0.03375,-0.01405,30.92,66.8958019948521
32182,-8.480762,-3.605386,3.912863,0.004734,0.027336,-0.013897,30.92,66.9937231200391
32192,-8.483753,-3.598207,3.923033,0.004581,0.020464,-0.013897,30.95,66.9400531433577
32202,-8.491529,-3.59043,3.926622,0.004581,0.01405,-0.012217,30.95,66.9304164819872
32212,-8.483753,-3.59402,3.924827,0.00504,0.000611,-0.011759,30.93,66.9269477282449
32222,-8.490333,-3.602993,3.919443,0.005192,-0.005956,-0.011301,30.95,66.9766894148569
32232,-8.479566,-3.595216,3.924827,0.006261,-0.013592,-0.010537,30.95,66.9193481455499
32242,-8.480762,-3.598805,3.923631,0.005956,-0.020159,-0.010996,30.95,66.931257180669
32252,-8.477173,-3.597609,3.928416,0.005956,-0.026267,-0.010232,30.95,66.8976072690649
32262,-8.472985,-3.589234,3.935595,0.006414,-0.031765,-0.010537,30.96,66.84379904829
32272,-8.480165,-3.595216,3.936193,0.006414,-0.037415,-0.00901,30.96,66.8607745191544
32282,-8.474181,-3.598207,3.945167,0.006414,-0.041692,-0.008705,30.98,66.8038129427919
32292,-8.469995,-3.591627,3.947559,0.006414,-0.04612,-0.009163,30.98,66.776749189634
32302,-8.479566,-3.594618,3.951149,0.007178,-0.04948,-0.00901,30.93,66.7803843826913
32312,-8.472985,-3.597609,3.957131,0.006567,-0.05284,-0.008552,30.93,66.7379231585137
32322,-8.465208,-3.588037,3.968496,0.00672,-0.054214,-0.007789,30.96,66.6535596683107
32332,-8.467003,-3.59402,3.9673,0.006414,-0.055741,-0.008094,30.96,66.6688815033786
32342,-8.459825,-3.589234,3.979862,0.006414,-0.056047,-0.008552,30.95,66.5836791236731
32352,-8.451449,-3.594618,3.984648,0.006414,-0.056047,-0.007941,30.95,66.5457977878858
32362,-8.441879,-3.600002,3.987041,0.006261,-0.05452,-0.006872,30.94,66.5179686406434
32372,-8.448458,-3.593421,4.00379,0.006567,-0.052534,-0.007483,30.94,66.4380106176679
32382,-8.44427,-3.588037,4.010969,0.005803,-0.047342,-0.007636,30.95,66.3867240299134
32392,-8.434101,-3.598207,4.031906,0.006261,-0.042761,-0.007483,30.91,66.2646841040097
32402,-8.435298,-3.58385,4.015156,0.005803,-0.038637,-0.007789,30.91,66.3420604477665
32412,-8.430512,-3.584448,4.016353,0.005498,-0.032987,-0.008552,30.96,66.3261935664811
32422,-8.435897,-3.589832,4.022933,0.004887,-0.027336,-0.008399,30.96,66.3079355616222
32432,-8.42812,-3.585645,4.03071,0.004276,-0.021075,-0.008858,30.96,66.2469243423069
32442,-8.437692,-3.59043,4.028317,0.004887,-0.014813,-0.009621,30.96,66.2840664605306
32452,-8.433504,-3.597609,4.028317,0.004123,-0.008399,-0.009621,30.98,66.2816756749171
32462,-8.44128,-3.59402,4.029513,0.004581,-0.001985,-0.009774,30.98,66.2886311718342
32472,-8.432307,-3.59402,4.03071,0.004276,0.005345,-0.009927,30.97,66.2633653985233
32482,-8.430512,-3.596412,4.024727,0.003971,0.012675,-0.010996,30.97,66.2930707030202
32492,-8.431709,-3.588636,4.028915,0.003818,0.018631,-0.010385,30.97,66.2666419322308
32502,-8.423933,-3.586243,4.020541,0.00336,0.025656,-0.011759,30.97,66.2919046067759
32512,-8.421539,-3.592823,4.030112,0.003054,0.032529,-0.011912,30.91,66.2425820380177
32522,-8.42812,-3.592225,4.016353,0.002749,0.037874,-0.012065,30.91,66.328137471327
32532,-8.434101,-3.598805,4.013362,0.00336,0.04444,-0.012217,30.89,66.3623935129103
32542,-8.446067,-3.591029,4.016353,0.003054,0.049633,-0.013439,30.89,66.3649799453877
32552,-8.443074,-3.597609,4.00379,0.002443,0.054367,-0.01405,30.9,66.4304317126598
32562,-8.447262,-3.588037,3.998407,0.002291,0.06185,-0.014661,31,66.4589141669389
32572,-8.450851,-3.584448,3.993023,0.002902,0.064141,-0.014203,31,66.4915120535879
32582,-8.455039,-3.588037,3.988835,0.002138,0.066432,-0.014508,30.96,66.5254844796554
32592,-8.456235,-3.592225,3.983452,0.001833,0.067501,-0.016341,30.96,66.559974119479
32602,-8.447262,-3.601796,3.980461,0.002138,0.068111,-0.016188,30.98,66.5654171503837
32612,-8.455039,-3.595216,3.970889,0.003207,0.067959,-0.015882,30.98,66.6261125960885
32622,-8.474181,-3.6006,3.963711,0.003207,0.066279,-0.01573,30.94,66.7084957622773
32632,-8.474181,-3.601796,3.96072,0.003207,0.064904,-0.016035,30.94,66.7252565714828
32642,-8.472985,-3.595814,3.957131,0.002749,0.062766,-0.015577,30.92,66.7363390534836
32652,-8.474779,-3.596412,3.952345,0.002749,0.059101,-0.015272,30.92,66.7657417857131
32662,-8.469396,-3.6006,3.940381,0.003512,0.055589,-0.016341,30.97,66.8211717393783
32672,-8.484949,-3.607778,3.942773,0.003818,0.05116,-0.015119,30.97,66.8471130268286
32682,-8.478967,-3.600002,3.934398,0.003512,0.045968,-0.015272,30.95,66.8719388263986
32692,-8.47119,-3.59402,3.933203,0.003207,0.04047,-0.015577,30.95,66.8568757020459
32702,-8.490333,-3.584448,3.933203,0.003818,0.034972,-0.014661,30.93,66.888110470118
32712,-8.489137,-3.592823,3.9338,0.003818,0.028253,-0.014661,30.93,66.8898166223406
32722,-8.493324,-3.609573,3.924229,0.004123,0.021991,-0.014508,30.88,66.9634221556278
32732,-8.497512,-3.598207,3.920042,0.004734,0.008247,-0.012981,30.88,66.9841370400755
32742,-8.478369,-3.601796,3.92064,0.004734,0.00168,-0.012981,30.92,66.9446879292859
32752,-8.496913,-3.61376,3.921836,0.004581,-0.004123,-0.012675,30.94,66.987042826789
32762,-8.480762,-3.599404,3.924229,0.00504,-0.01069,-0.011148,30.94,66.9286338814106
32772,-8.490333,-3.604787,3.917649,0.005803,-0.017104,-0.010843,30.95,66.9876967514096
32782,-8.484351,-3.598207,3.9338,0.005651,-0.024435,-0.01069,30.95,66.8846400328524
32792,-8.476574,-3.598805,3.928416,0.005651,-0.029932,-0.010537,30.94,66.897418491041
32802,-8.492725,-3.594618,3.933203,0.005345,-0.034514,-0.010079,30.94,66.9019355089714
32812,-8.484949,-3.599404,3.941577,0.005803,-0.039095,-0.008858,30.96,66.8460418303719
32822,-8.475378,-3.595216,3.946362,0.005956,-0.043371,-0.007941,30.96,66.7973798600208
32832,-8.476574,-3.600002,3.953541,0.005956,-0.046731,-0.008399,30.95,66.7663490978979
32842,-8.46102,-3.595814,3.96072,0.005803,-0.050091,-0.007941,30.95,66.6925704216984
32852,-8.454441,-3.604787,3.969095,0.005651,-0.051313,-0.007789,30.96,66.6428015190427
32862,-8.480762,-3.591029,3.972684,0.005498,-0.052534,-0.007789,30.96,66.6666582721245
32872,-8.464012,-3.598805,3.972684,0.005803,-0.053603,-0.007178,30.98,66.6386111004797
32882,-8.450851,-3.59402,3.979264,0.006109,-0.05284,-0.006414,30.98,66.5722861678505
32892,-8.458628,-3.59402,3.994219,0.005498,-0.051618,-0.006414,30.89,66.510098544157
32902,-8.453843,-3.594618,3.996612,0.004429,-0.047495,-0.007483,30.89,66.4880410455092
32912,-8.438888,-3.597011,4.005585,0.005803,-0.044135,-0.006872,30.91,66.4116640280233
32922,-8.444869,-3.597609,4.012166,0.005345,-0.040012,-0.007941,30.96,66.3902991331624
32932,-8.42812,-3.592823,4.010969,0.005192,-0.036499,-0.008399,30.96,66.3569251382289
32942,-8.4347,-3.589234,4.016353,0.004887,-0.031918,-0.008247,30.92,66.3393590717289
32952,-8.437093,-3.59402,4.017549,0.004429,-0.026114,-0.009316,30.92,66.3424523969527
32962,-8.4347,-3.584448,4.028915,0.004429,-0.020311,-0.00901,30.95,66.2692065736273
32972,-8.425727,-3.58744,4.019942,0.003971,-0.014355,-0.009621,30.95,66.299928887533
32982,-8.433504,-3.593421,4.018147,0.003971,-0.008705,-0.010537,30.96,66.3311932649737
32992,-8.435897,-3.600002,4.027121,0.004123,-0.002291,-0.01069,30.96,66.2951633624908
33002,-8.428718,-3.597609,4.028317,0.004429,0.004734,-0.011454,30.97,66.2715413419215
33012,-8.44128,-3.595814,4.030112,0.004123,0.010996,-0.011454,30.97,66.2871116825328
33022,-8.443074,-3.594618,4.027719,0.003818,0.017868,-0.012217,30.98,66.3023557142891
33032,-8.442476,-3.595216,4.024727,0.003512,0.024282,-0.012523,30.98,66.3172957953356
33042,-8.44427,-3.588037,4.02413,0.003512,0.02978,-0.013286,30.95,66.3177594802895
33052,-8.42812,-3.586841,4.014558,0.00336,0.036499,-0.013744,30.95,66.3327032407635
33062,-8.425129,-3.596412,4.014558,0.003818,0.041844,-0.013439,30.94,66.3350056876241
33072,-8.443074,-3.588636,4.01396,0.003512,0.046578,-0.013744,30.94,66.3690575594745
33082,-8.443673,-3.595216,4.000201,0.002902,0.055131,-0.015119,30.95,66.448373811388
33092,-8.446067,-3.589832,4.001996,0.00336,0.058796,-0.015272,30.93,66.4391751517568
33102,-8.453843,-3.595216,3.990032,0.003054,0.061087,-0.014661,30.93,66.5230916652789
33112,-8.447262,-3.595216,3.989433,0.003665,0.063377,-0.015577,30.96,66.5124276086379
33122,-8.459227,-3.589832,3.986442,0.003512,0.063988,-0.015119,30.96,66.5484212532179
33132,-8.452645,-3.602993,3.98405,0.003207,0.064599,-0.015272,30.98,66.558912785136
33142,-8.457432,-3.596412,3.972684,0.003054,0.064752,-0.015272,30.98,66.622745702656
33152,-8.469995,-3.597011,3.9673,0.004123,0.06353,-0.014661,30.95,66.6777647769167
33162,-8.469995,-3.604189,3.96072,0.003971,0.061697,-0.014661,30.95,66.7186694444348
33172,-8.474181,-3.598805,3.957131,0.00336,0.059101,-0.015119,30.96,66.7414645411102
33182,-8.482555,-3.600002,3.949354,0.003971,0.055894,-0.015119,30.96,66.8007489171555
33192,-8.487342,-3.593421,3.952943,0.004276,0.052687,-0.014813,30.96,66.7860409562659
33202,-8.474779,-3.602395,3.943372,0.003818,0.047953,-0.013897,30.96,66.8181788110908
33212,-8.477173,-3.597609,3.931407,0.003054,0.043219,-0.014203,30.97,66.8818649615667
33222,-8.480762,-3.598805,3.935595,0.004734,0.037415,-0.013439,30.97,66.868304318387
33232,-8.48136,-3.60718,3.934997,0.004276,0.032376,-0.013439,30.94,66.8800396067123
33242,-8.496315,-3.6006,3.921836,0.004887,0.026725,-0.012828,30.94,66.9743244122884
33252,-8.490333,-3.589832,3.932006,0.005498,0.013592,-0.013134,30.95,66.8991070832544
33262,-8.478967,-3.597011,3.923033,0.004429,0.007789,-0.012675,30.94,66.9291289518994
33272,-8.484351,-3.59402,3.929613,0.004581,0.001069,-0.012523,30.94,66.9029970047908
33282,-8.480165,-3.597609,3.935595,0.004734,-0.004429,-0.011148,30.93,66.8660197734885
33292,-8.484351,-3.602395,3.939184,0.005498,-0.01069,-0.010996,30.93,66.8600072914206
33302,-8.476574,-3.604189,3.9338,0.004429,-0.017257,-0.01069,30.96,66.873814996437
33312,-8.477173,-3.597609,3.925426,0.005498,-0.022144,-0.009774,30.96,66.9133480025549
33322,-8.476574,-3.592225,3.928416,0.005651,-0.027489,-0.009316,30.95,66.8916473935869
33332,-8.480762,-3.599404,3.936791,0.005498,-0.031765,-0.009316,30.95,66.8625402357839
33342,-8.474181,-3.604189,3.954139,0.005498,-0.036346,-0.008858,30.92,66.7619341527765
33352,-8.473583,-3.602993,3.95055,0.006109,-0.040928,-0.008247,30.92,66.7784949962296
33362,-8.464012,-3.597011,3.959523,0.005803,-0.04383,-0.008705,30.94,66.7061555425073
33372,-8.46102,-3.59043,3.963711,0.005345,-0.045357,-0.007941,30.94,66.6720803976362
33382,-8.461619,-3.595216,3.966104,0.005651,-0.047495,-0.007789,30.98,66.6649943871421
33392,-8.461619,-3.609573,3.968496,0.005192,-0.048717,-0.008247,30.98,66.6651732882328
33402,-8.461619,-3.586841,3.981657,0.004581,-0.049633,-0.008094,30.95,66.5758872943061
33412,-8.459227,-3.586841,3.989433,0.004734,-0.049022,-0.008552,30.95,66.5300674642252
33422,-8.441879,-3.591627,3.994817,0.005498,-0.045968,-0.007789,30.94,66.469642124379
33432,-8.453843,-3.592823,4.002594,0.004581,-0.043219,-0.007941,30.93,66.4550724407192
33442,-8.453244,-3.596412,4.002594,0.004429,-0.04047,-0.007941,30.93,66.4570211838889
33452,-8.452048,-3.598805,4.013362,0.004429,-0.036805,-0.00901,30.95,66.4002274101116
33462,-8.436494,-3.591627,4.015156,0.004123,-0.032223,-0.008705,30.95,66.3515794229812
33472,-8.450253,-3.595216,4.021737,0.004734,-0.0281,-0.009163,30.95,66.3493715800984
33482,-8.435298,-3.591029,4.018745,0.003818,-0.022755,-0.009621,30.95,66.3296972558875
33492,-8.443074,-3.592225,4.021138,0.003512,-0.016646,-0.008552,30.97,66.3346666701852
33502,-8.432905,-3.592823,4.020541,0.00336,-0.011912,-0.008858,30.97,66.316837219093
33512,-8.4347,-3.596412,4.029513,0.004276,-0.006109,-0.010079,30.96,66.2768626960777
33522,-8.437093,-3.585645,4.028915,0.00336,0,-0.010996,30.96,66.2753559363802
33532,-8.430512,-3.596412,4.024727,0.002596,0.006109,-0.011606,30.91,66.2930707030202
33542,-8.420941,-3.601796,4.024727,0.003207,0.012828,-0.011606,30.91,66.2776734906625
33552,-8.438888,-3.592823,4.027719,0.003054,0.018479,-0.012675,30.93,66.2918855514316
33562,-8.435897,-3.592225,4.018745,0.003665,0.025198,-0.012675,30.93,66.3320401605421
33572,-8.435298,-3.589832,4.02413,0.002902,0.030849,-0.012981,30.96,66.3003951992502
33582,-8.432905,-3.591029,4.006782,0.00336,0.036346,-0.013744,30.96,66.3873907846935
33592,-8.453244,-3.589832,4.009174,0.003512,0.040623,-0.013897,30.94,66.4166520758358
33602,-8.435298,-3.591627,4.001996,0.003512,0.049327,-0.014661,30.97,66.418096463118
33612,-8.440681,-3.601796,3.999603,0.002902,0.053298,-0.015119,30.97,66.4511173801222
33622,-8.453843,-3.600002,3.996612,0.002902,0.056658,-0.01573,30.89,66.4928500355843
33632,-8.430512,-3.588037,3.98405,0.002596,0.058796,-0.016646,30.89,66.4990885802722
33642,-8.453244,-3.589234,3.988835,0.003665,0.061239,-0.016035,30.94,66.5227842433282
33652,-8.454441,-3.583252,3.975077,0.002902,0.06185,-0.016035,30.94,66.5922280688742
33662,-8.451449,-3.602993,3.974478,0.003512,0.062614,-0.015882,30.94,66.6066734626504
33672,-8.455637,-3.591029,3.9673,0.003818,0.062461,-0.01573,30.94,66.6425063699523
33682,-8.47119,-3.59043,3.963711,0.003054,0.060628,-0.017257,30.97,66.6932849534531
33692,-8.465807,-3.596412,3.959523,0.004123,0.058643,-0.016799,30.97,66.7093634191514
33702,-8.465208,-3.595216,3.951149,0.004429,0.056505,-0.01573,30.96,66.7510837737285
33712,-8.471789,-3.602395,3.955934,0.003971,0.053145,-0.015577,30.96,66.7459524195295
33722,-8.48136,-3.606582,3.948158,0.004581,0.050091,-0.015119,30.91,66.8103464785245
33732,-8.482555,-3.601198,3.942773,0.004429,0.04612,-0.014813,30.91,66.836377856656
33742,-8.489736,-3.597011,3.939184,0.004734,0.041539,-0.014661,30.91,66.8664191052082
33752,-8.486146,-3.600002,3.9338,0.004429,0.035888,-0.014355,30.91,66.8899218038415
33762,-8.474181,-3.605984,3.933203,0.00504,0.030391,-0.013286,30.92,66.8735867121784
33772,-8.479566,-3.601198,3.925426,0.00504,0.017715,-0.013286,30.91,66.9214365295375
33782,-8.483154,-3.591029,3.940979,0.005192,0.012217,-0.012065,30.91,66.8381223836576
33792,-8.472985,-3.59402,3.924827,0.006109,0.006261,-0.011301,30.93,66.9046988381496
33802,-8.475977,-3.608975,3.93739,0.005498,-0.000305,-0.011148,30.93,66.8579086502935
33812,-8.493923,-3.606582,3.936193,0.00504,-0.005345,-0.01069,30.95,66.8991617997514
33822,-8.478369,-3.6006,3.933203,0.005803,-0.011454,-0.010232,30.95,66.8775138140095
33832,-8.483753,-3.607778,3.939782,0.006261,-0.016799,-0.008705,30.93,66.8603566100515
33842,-8.475378,-3.598805,3.936193,0.007178,-0.022602,-0.007941,30.93,66.8540181374208
33852,-8.469396,-3.598207,3.934398,0.006567,-0.027794,-0.007789,30.93,66.8505508594855
33862,-8.477173,-3.600002,3.945167,0.007483,-0.032529,-0.007636,30.93,66.8115963545434
33872,-8.472386,-3.602993,3.939782,0.006872,-0.036346,-0.00672,30.93,66.832627424743
33882,-8.470592,-3.599404,3.953541,0.007025,-0.039554,-0.00672,30.93,66.7533981832293
33892,-8.467602,-3.595216,3.960122,0.00672,-0.042455,-0.00672,30.96,66.7088955517907
33902,-8.46102,-3.593421,3.964907,0.005956,-0.045051,-0.007178,30.96,66.6684438824003
33912,-8.459825,-3.595216,3.961318,0.005651,-0.047342,-0.006414,30.95,66.6864059967371
33922,-8.462217,-3.598805,3.976871,0.006567,-0.048717,-0.006109,30.95,66.6128833871785
33932,-8.450851,-3.596412,3.982853,0.006109,-0.049022,-0.006109,30.92,66.5555689647753
33942,-8.459227,-3.588636,3.987639,0.006261,-0.0478,-0.007178,30.92,66.5410766671351
33952,-8.447262,-3.586243,3.99721,0.006261,-0.045662,-0.00672,30.91,66.4635924311954
33962,-8.44128,-3.591029,4.002594,0.006261,-0.042913,-0.006109,30.97,66.4270285190444
33972,-8.442476,-3.582056,4.000201,0.005651,-0.039859,-0.006109,30.97,66.4340741111225
33982,-8.443074,-3.594618,4.021138,0.005803,-0.036652,-0.007789,30.91,66.3368178515587
33992,-8.44427,-3.582056,4.012166,0.005651,-0.033598,-0.008094,30.91,66.3750893076123
34002,-8.438888,-3.592225,4.011567,0.00504,-0.0281,-0.008399,30.98,66.3759909831727
34012,-8.443074,-3.591627,4.019344,0.004887,-0.023366,-0.009163,30.98,66.3435276780816
34022,-8.435298,-3.593421,4.017549,0.005651,-0.017868,-0.008858,30.94,66.3381204142857
34032,-8.429914,-3.593421,4.022933,0.00504,-0.013439,-0.009927,30.94,66.2985079549066
34042,-8.432905,-3.59043,4.031906,0.005192,-0.007025,-0.010385,30.95,66.2551271744758
34052,-8.428718,-3.592225,4.016353,0.004429,-0.001374,-0.011148,30.95,66.3294024772849
34062,-8.436494,-3.591627,4.028317,0.004429,0.004887,-0.011606,30.96,66.2826087153886
34072,-8.433504,-3.580859,4.022335,0.003971,0.01069,-0.011759,30.96,66.2979276882719
34082,-8.43111,-3.588636,4.029513,0.003512,0.016952,-0.012523,31,66.2622388024654
34092,-8.422735,-3.585046,4.025326,0.003818,0.021838,-0.012523,31,66.2631826498256
34102,-8.429914,-3.585645,4.020541,0.00336,0.027794,-0.01405,30.95,66.3040384802391
34112,-8.438888,-3.589234,4.015156,0.003207,0.038026,-0.014355,30.95,66.354485580576
34122,-8.439486,-3.591029,4.020541,0.003512,0.043066,-0.015272,30.89,66.3291375459215
34132,-8.444869,-3.596412,4.011567,0.00336,0.046884,-0.015577,30.95,66.3923639488463
34142,-8.441879,-3.593421,4.007978,0.004276,0.050855,-0.016799,30.95,66.402193753954
34152,-8.437692,-3.591627,4.005585,0.003207,0.054672,-0.016646,30.95,66.4043088300676
34162,-8.429914,-3.589234,3.999603,0.003207,0.05681,-0.017104,30.95,66.4171585957488
34172,-8.46461,-3.592225,3.988237,0.002902,0.058338,-0.017868,30.93,66.5524077617367
34182,-8.455039,-3.586841,3.987041,0.002749,0.059865,-0.016646,30.93,66.5338360365782
34192,-8.464012,-3.594618,3.975077,0.002749,0.061087,-0.017104,30.94,66.6223333011511
34202,-8.465208,-3.596412,3.976871,0.002749,0.061239,-0.017104,30.94,66.6170063056494
34212,-8.466404,-3.598805,3.973282,0.00336,0.060781,-0.017562,30.9,66.6404631236684
34222,-8.452048,-3.600002,3.96072,0.002902,0.059101,-0.017715,30.9,66.6775777717235
34232,-8.47119,-3.601796,3.955934,0.002749,0.05681,-0.017104,30.95,66.7441786624554
34242,-8.468798,-3.60718,3.96072,0.003054,0.05452,-0.016188,30.95,66.7188282203053
34252,-8.472386,-3.592823,3.952345,0.002596,0.051924,-0.016493,30.94,66.7576070936772
34262,-8.482555,-3.594618,3.940381,0.003054,0.047953,-0.016188,30.94,66.843173766412
34272,-8.481958,-3.597609,3.941577,0.002749,0.043677,-0.015424,30.95,66.8382756786412
34282,-8.484351,-3.609573,3.934997,0.003665,0.039706,-0.014966,30.95,66.8883184923889
34292,-8.484351,-3.593421,3.936193,0.003971,0.028253,-0.014508,30.93,66.8678618125939
34302,-8.483154,-3.605386,3.937988,0.003818,0.022907,-0.013286,30.94,66.8664459044291
34312,-8.487342,-3.597609,3.924229,0.003818,0.017257,-0.012981,30.94,66.940638661919
34322,-8.483154,-3.593421,3.929613,0.004276,0.011148,-0.01237,30.99,66.8999992953073
34332,-8.471789,-3.602395,3.930212,0.004734,0.005651,-0.011912,30.99,66.8812245531471
34342,-8.482555,-3.598805,3.926622,0.00504,-0.000305,-0.010996,30.94,66.9192154464269
34352,-8.477173,-3.591029,3.922434,0.004734,-0.005956,-0.010843,30.94,66.923340005035
34362,-8.480165,-3.59402,3.936193,0.004429,-0.011759,-0.010232,30.94,66.8597252807177
34372,-8.487342,-3.60718,3.929015,0.00504,-0.017562,-0.009621,30.94,66.9238405345763
34382,-8.478369,-3.596412,3.939782,0.005192,-0.022755,-0.00901,30.94,66.8392302944485
34392,-8.475378,-3.600002,3.939782,0.005651,-0.027642,-0.008247,30.94,66.8361916646793
34402,-8.472985,-3.600002,3.953541,0.005651,-0.03146,-0.007941,30.93,66.7588971145434
34412,-8.474181,-3.607778,3.952943,0.00504,-0.03543,-0.007789,30.93,66.7713861815135
34422,-8.48136,-3.601198,3.966104,0.005345,-0.038485,-0.00672,30.93,66.7113925941303
34432,-8.462217,-3.603591,3.959523,0.005345,-0.041539,-0.006109,30.93,66.7082463817446
34442,-8.468199,-3.591627,3.966104,0.006414,-0.043524,-0.006261,30.93,66.6755397879202
34452,-8.447262,-3.592225,3.969693,0.006567,-0.044899,-0.004581,30.93,66.6134753731951
34462,-8.458628,-3.591029,3.981059,0.005803,-0.045662,-0.006109,30.98,66.5764840003622
34472,-8.459227,-3.600002,3.987639,0.00672,-0.045357,-0.005498,30.89,66.5511936066605
34482,-8.46102,-3.595814,3.988835,0.006109,-0.04444,-0.005498,30.89,66.5449453883658
34492,-8.452048,-3.583252,3.996014,0.006109,-0.04215,-0.005345,30.96,66.477266157175
34502,-8.438289,-3.588037,3.998407,0.006567,-0.040012,-0.006414,30.96,66.4400221243681
34512,-8.447262,-3.59043,4.006183,0.005803,-0.037263,-0.006414,30.93,66.4202678269452
34522,-8.449656,-3.595216,4.006782,0.005651,-0.034056,-0.00672,30.93,66.4264529231139
34532,-8.449057,-3.584448,4.017549,0.005498,-0.029474,-0.007789,30.96,66.3591254490459
34542,-8.44128,-3.584448,4.014558,0.005192,-0.024282,-0.008705,30.96,66.3583772066972
34552,-8.431709,-3.582056,4.020541,0.00504,-0.019548,-0.008705,30.94,66.3046090127676
34562,-8.423933,-3.585046,4.020541,0.004581,-0.014203,-0.009774,30.94,66.2908245056389
34572,-8.432307,-3.591627,4.020541,0.004887,-0.008705,-0.009621,30.92,66.3144942666008
34582,-8.430512,-3.595814,4.021138,0.005192,-0.002902,-0.01069,30.92,66.3113425996082
34592,-8.440084,-3.589832,4.022933,0.004734,0.002291,-0.011606,30.95,66.3167922348741
34602,-8.425727,-3.589234,4.028317,0.004887,0.008094,-0.012065,30.95,66.2576312356595
34612,-8.44427,-3.595814,4.02413,0.004887,0.014203,-0.012065,31.01,66.3247501560408
34622,-8.440681,-3.576073,4.023531,0.004581,0.020159,-0.012828,31.01,66.3025616182584
34632,-8.431709,-3.592823,4.012764,0.004276,0.029627,-0.014203,30.93,66.3550912117629
34642,-8.437093,-3.589832,4.004389,0.003665,0.03375,-0.015882,30.91,66.4077105534897
34652,-8.44427,-3.599404,4.010371,0.004123,0.038485,-0.016035,30.91,66.400056300329
34662,-8.440084,-3.58744,4.004987,0.003971,0.042302,-0.016341,30.91,66.4087350103859
34672,-8.446067,-3.586841,4.001996,0.003971,0.045509,-0.016799,30.91,66.4364994883162
34682,-8.443673,-3.593421,4.00379,0.003818,0.048564,-0.016341,30.91,66.4279380870886
34692,-8.442476,-3.579065,3.992425,0.004276,0.050855,-0.016952,30.91,66.4722317568434
34702,-8.446067,-3.592823,3.993621,0.003971,0.052382,-0.017562,30.94,66.4857955385963
34712,-8.452645,-3.597011,3.985844,0.003818,0.053603,-0.017715,30.94,66.5441597325029
34722,-8.459227,-3.59402,3.978666,0.003971,0.054672,-0.016646,30.93,66.5929586541186
34732,-8.458628,-3.603591,3.978666,0.003971,0.054367,-0.016188,30.93,66.6002193741869
34742,-8.452048,-3.589234,3.971487,0.003971,0.053603,-0.016799,30.94,66.6113990511976
34752,-8.466404,-3.595216,3.970889,0.003665,0.052229,-0.016646,30.94,66.6498444668337
34762,-8.468199,-3.598207,3.965506,0.003818,0.049938,-0.017562,30.93,66.6845019383159
34772,-8.474779,-3.594618,3.960122,0.004276,0.048411,-0.016188,30.93,66.7233031322996
34783,-8.471789,-3.598207,3.956532,0.00336,0.044135,-0.01573,30.9,66.739111862715
34792,-8.473583,-3.602395,3.948158,0.003818,0.041386,-0.015119,30.9,66.790539203415
34802,-8.478369,-3.604787,3.949952,0.003971,0.036805,-0.01405,30.91,66.7931444398259
34812,-8.488539,-3.59402,3.934997,0.003818,0.028863,-0.013592,30.97,66.8833343919991
34822,-8.47119,-3.603591,3.935595,0.004276,0.024587,-0.013134,30.97,66.8527056967016
34832,-8.468199,-3.593421,3.935595,0.004276,0.01909,-0.012523,30.93,66.8375570439973
34842,-8.48136,-3.603591,3.939782,0.004734,0.013744,-0.012675,30.93,66.8517290634551
34852,-8.466404,-3.608377,3.939782,0.004581,0.00901,-0.012217,30.93,66.8249831696771
34862,-8.479566,-3.601796,3.937988,0.004276,0.003512,-0.011454,30.93,66.8558725597269
34872,-8.478369,-3.6006,3.93739,0.004429,-0.001985,-0.010843,30.95,66.8554897473717
34882,-8.467003,-3.603591,3.941577,0.004581,-0.006109,-0.010079,30.95,66.812555660405
34892,-8.482555,-3.601796,3.948158,0.004276,-0.01069,-0.009468,30.94,66.8086094256604
34902,-8.464012,-3.600002,3.949354,0.003971,-0.015882,-0.009774,30.94,66.7622667507601
34912,-8.465208,-3.595814,3.94397,0.004581,-0.0197,-0.00901,30.95,66.7893774530031
34922,-8.473583,-3.591627,3.947559,0.004123,-0.02306,-0.008858,30.95,66.7842018076656
34932,-8.471789,-3.594618,3.952943,0.004887,-0.02642,-0.007483,30.93,66.7548055431776
34942,-8.473583,-3.602395,3.972086,0.004734,-0.029627,-0.007178,30.93,66.6648860465601
34952,-8.467602,-3.591627,3.964907,0.004581,-0.031765,-0.007178,30.93,66.6805827259159
34962,-8.463414,-3.592823,3.964907,0.004734,-0.034056,-0.007178,30.93,66.6729081508033
34972,-8.470592,-3.595216,3.969693,0.004123,-0.035125,-0.006872,30.93,66.6648575378009
34982,-8.46102,-3.591627,3.97747,0.004734,-0.036805,-0.007025,30.92,66.6008624208647
34992,-8.450253,-3.59402,3.982255,0.004429,-0.036805,-0.007178,30.92,66.5553235868972
35002,-8.469396,-3.595216,3.983452,0.004429,-0.036499,-0.008399,30.92,66.5901694136907
35012,-8.447262,-3.588636,3.988835,0.004276,-0.034972,-0.007636,30.92,66.5096923349504
35022,-8.46461,-3.588636,3.987639,0.004581,-0.032987,-0.007178,30.93,66.55235605981
35032,-8.443074,-3.597011,3.993621,0.004276,-0.031001,-0.00733,30.93,66.4832524447962
35042,-8.443074,-3.58744,3.99721,0.004429,-0.028558,-0.008399,30.93,66.4558485754477
35052,-8.449656,-3.591029,4.009174,0.004276,-0.025045,-0.007941,30.93,66.4101668133536
35062,-8.44427,-3.595814,4.009174,0.004887,-0.021533,-0.008247,30.91,66.4031086249117
35072,-8.443673,-3.578466,4.006782,0.004123,-0.017562,-0.008094,30.91,66.3988536887872
35082,-8.433504,-3.601198,4.020541,0.00336,-0.01405,-0.009163,30.91,66.325655973217
35092,-8.442476,-3.598207,4.015156,0.004276,-0.008705,-0.008858,30.91,66.3701225119611
35102,-8.437692,-3.589832,4.022933,0.003971,-0.004429,-0.009774,30.95,66.3117331692841
35112,-8.437093,-3.595814,4.022335,0.003818,0.000153,-0.010079,30.95,66.3189863600292
35122,-8.443673,-3.586243,4.016353,0.004123,0.004734,-0.010843,30.95,66.3556326753449
35132,-8.443074,-3.592823,4.015156,0.003971,0.01069,-0.010843,30.95,66.3665469673215
35142,-8.435897,-3.598805,4.012764,0.003665,0.015272,-0.011759,30.98,66.369319729272
35152,-8.436494,-3.596412,4.019942,0.003971,0.025351,-0.012523,30.98,66.3307984120071
35162,-8.432307,-3.585046,4.012166,0.003818,0.029322,-0.013592,30.91,66.3524960341398
35172,-8.446067,-3.595216,4.01396,0.004581,0.033139,-0.013592,30.93,66.3812753447552
35182,-8.451449,-3.603591,4.011567,0.004276,0.036957,-0.014355,30.93,66.4126597527517
35192,-8.452048,-3.595814,4.006183,0.003665,0.04047,-0.014813,30.96,66.4351604096684
35202,-8.443074,-3.586243,3.991827,0.003971,0.043677,-0.015882,30.96,66.4830411015999
35212,-8.450851,-3.581457,3.993023,0.004123,0.046578,-0.01405,30.97,66.4888462779803
35222,-8.453843,-3.583252,3.987041,0.003818,0.048106,-0.015882,30.97,66.5281328753774
35232,-8.456833,-3.597011,3.982255,0.004276,0.050549,-0.015882,30.95,66.5717694091809
35242,-8.458031,-3.6006,3.984648,0.004734,0.051465,-0.015424,30.95,66.564914415478
35252,-8.46102,-3.591627,3.969095,0.004276,0.050855,-0.01573,30.92,66.6448480960016
35262,-8.467602,-3.59043,3.970291,0.004276,0.050549,-0.016799,30.92,66.651246578463
35272,-8.455637,-3.596412,3.971487,0.004429,0.050091,-0.016493,30.94,66.6252831635205
35282,-8.463414,-3.591627,3.958925,0.004429,0.048258,-0.016646,30.94,66.7032899985713
35292,-8.457432,-3.598805,3.964309,0.004429,0.046273,-0.016188,30.93,66.6688764060562
35302,-8.472386,-3.601796,3.960122,0.004734,0.044746,-0.016035,30.93,66.7246653273045
35312,-8.470592,-3.605984,3.952345,0.004734,0.041233,-0.015577,30.95,66.7654956355833
35322,-8.47119,-3.588636,3.951149,0.004581,0.037263,-0.015119,30.95,66.7577192723278
35333,-8.474181,-3.597011,3.949354,0.005651,0.029474,-0.014661,30.92,66.7807477949192
35342,-8.482555,-3.604189,3.944568,0.005651,0.02474,-0.013744,30.93,66.8295746754145
35352,-8.474779,-3.597609,3.942773,0.004887,0.020617,-0.01405,30.93,66.8171149432003
35362,-8.472985,-3.605984,3.946961,0.004887,0.014355,-0.013286,30.95,66.7987566544673
35372,-8.484949,-3.60718,3.948158,0.005192,0.00901,-0.012523,30.95,66.8183025899295
35382,-8.481958,-3.597609,3.945167,0.00504,0.003971,-0.011606,30.94,66.8194068819214
35392,-8.477173,-3.591029,3.940979,0.005498,-0.00168,-0.011454,30.94,66.8257284065105
35402,-8.489137,-3.596412,3.951149,0.005498,-0.006109,-0.010385,30.94,66.8018066845809
35412,-8.475378,-3.59402,3.940381,0.004887,-0.011912,-0.009927,30.94,66.8277807043855
35422,-8.473583,-3.599404,3.948756,0.005192,-0.016952,-0.009163,30.97,66.7847589159468
35432,-8.470592,-3.598805,3.949952,0.005192,-0.020769,-0.008094,30.97,66.7717345760839
35442,-8.467003,-3.586841,3.946961,0.005192,-0.026114,-0.008247,30.97,66.76945948788
35452,-8.472985,-3.597609,3.961916,0.005956,-0.029627,-0.007483,30.97,66.7127899408929
35462,-8.472985,-3.603591,3.966104,0.005192,-0.033292,-0.007636,30.92,66.696091018884
35472,-8.476574,-3.604189,3.962514,0.005651,-0.036652,-0.007483,30.92,66.7229259933398
35482,-8.467602,-3.593421,3.966104,0.004887,-0.039095,-0.007025,30.93,66.6758819224774
35492,-8.452048,-3.58744,3.976871,0.00504,-0.040775,-0.00672,30.93,66.5815093858081
35502,-8.459227,-3.592823,3.987041,0.005651,-0.041997,-0.006109,30.91,66.5479388272328
35512,-8.459227,-3.597609,3.979862,0.004123,-0.04215,-0.007483,30.95,66.5898709922979
35522,-8.455039,-3.591627,3.991228,0.004429,-0.041844,-0.00733,30.95,66.5161253299296
35532,-8.457432,-3.597609,4.000201,0.004429,-0.040012,-0.007025,30.96,66.4794300538003
35542,-8.440681,-3.594618,4.005585,0.004429,-0.03879,-0.007636,30.96,66.4132937447519
35552,-8.443673,-3.58385,4.004389,0.004734,-0.036346,-0.007483,30.92,66.4162249067542
35562,-8.447262,-3.580261,4.013362,0.004123,-0.033292,-0.008858,30.92,66.3735291923705
35572,-8.438289,-3.600002,4.012764,0.003054,-0.030391,-0.008399,30.94,66.3754432530588
35582,-8.434101,-3.59043,4.010969,0.003054,-0.025962,-0.008094,30.94,66.3674077946327
35592,-8.442476,-3.589832,4.022933,0.00336,-0.021228,-0.008858,30.97,66.3218494839491
35602,-8.425727,-3.586243,4.015755,0.002443,-0.016188,-0.008858,30.97,66.3208176847198
35612,-8.435897,-3.592225,4.030112,0.002596,-0.010843,-0.009316,30.97,66.2724824584828
35622,-8.438289,-3.585645,4.019344,0.002138,-0.005345,-0.010843,30.97,66.3280397833345
35632,-8.443673,-3.582056,4.019942,0.001374,0.000916,-0.011454,30.95,66.3330684329822
35642,-8.431709,-3.595216,4.035496,0.00168,0.006567,-0.011148,30.95,66.23811479499
35652,-8.429914,-3.589234,4.03071,0.002138,0.011301,-0.011912,30.95,66.2539708357438
35662,-8.441879,-3.583252,4.026522,0.001527,0.016646,-0.011301,30.95,66.2958739388779
35672,-8.440681,-3.592225,4.006782,0.001069,0.028711,-0.013286,30.94,66.4048679906257
35682,-8.441879,-3.593421,4.01396,0.000916,0.034056,-0.012981,30.95,66.3708309264614
35692,-8.438289,-3.59402,4.022335,0.001833,0.039095,-0.013897,30.95,66.3198988555691
35702,-8.444869,-3.598207,4.007978,0.001374,0.04383,-0.013744,30.92,66.4127872074903
35712,-8.446664,-3.593421,4.003192,0.001374,0.047342,-0.014508,30.92,66.4373711426297
35722,-8.448458,-3.589234,4.004987,0.00168,0.050549,-0.014813,30.97,66.4279875105309
35732,-8.444869,-3.589832,3.994817,0.002138,0.053756,-0.015424,30.97,66.4743254262072
35742,-8.449057,-3.599404,3.991228,0.002443,0.0562,-0.014661,30.95,66.5105156672473
35752,-8.459227,-3.595814,3.99063,0.001527,0.058185,-0.015119,30.95,66.5317745882847
35762,-8.448458,-3.598207,3.991228,0.001527,0.058948,-0.015119,30.95,66.5081888387704
35772,-8.458628,-3.599404,3.972684,0.001985,0.059712,-0.015424,30.95,66.6279029289804
35782,-8.461619,-3.600002,3.964309,0.001833,0.059559,-0.015577,30.95,66.6786689412905
35792,-8.464012,-3.601796,3.957131,0.002443,0.058338,-0.01573,30.95,66.7229635627786
35802,-8.469396,-3.600002,3.966702,0.002902,0.057421,-0.015424,30.95,66.6823039674258
35812,-8.468199,-3.600002,3.955934,0.002291,0.055741,-0.014966,30.95,66.7363762356238
35822,-8.47119,-3.603591,3.953541,0.002749,0.052687,-0.015424,30.96,66.7583380851155
35832,-8.476574,-3.60718,3.946362,0.003512,0.049175,-0.014508,30.96,66.8103970742561
35842,-8.474181,-3.59402,3.940381,0.003971,0.040164,-0.013897,30.98,66.8252993391868
35852,-8.487941,-3.602395,3.927818,0.004429,0.036652,-0.015424,30.97,66.92718001155
35862,-8.478967,-3.598207,3.931407,0.004734,0.030543,-0.013744,30.97,66.8860993098244
35872,-8.480762,-3.598207,3.936791,0.004581,0.025351,-0.013897,30.93,66.8614894572053
35882,-8.478369,-3.58744,3.934997,0.00504,0.0197,-0.013134,30.93,66.8565291507234
35892,-8.473583,-3.601796,3.938586,0.005956,0.013439,-0.012828,30.92,66.8403437057638
35902,-8.484351,-3.60718,3.938586,0.00504,0.007178,-0.011912,30.92,66.8673523463629
35912,-8.478967,-3.608975,3.929015,0.005803,0.001374,-0.012065,30.91,66.908138512089
35922,-8.480762,-3.605386,3.932604,0.006414,-0.004887,-0.011301,30.91,66.8898129466741
35932,-8.484949,-3.598805,3.940979,0.006414,-0.010843,-0.010079,30.93,66.8486589323108
35942,-8.468798,-3.597609,3.945167,0.006261,-0.017868,-0.010996,30.93,66.7921171580746
35952,-8.485548,-3.604787,3.941577,0.006414,-0.02306,-0.010537,30.95,66.8520069502786
35962,-8.472985,-3.613162,3.949952,0.007025,-0.027642,-0.009468,30.95,66.7893766120103
35972,-8.471789,-3.600002,3.948158,0.007025,-0.032376,-0.009163,30.95,66.7847068132418
35982,-8.476574,-3.588037,3.946961,0.007025,-0.036652,-0.009468,30.95,66.7903991378849
35992,-8.472386,-3.589832,3.952943,0.00672,-0.040164,-0.008247,30.93,66.7518280674159
36002,-8.467602,-3.601796,3.97388,0.00733,-0.043677,-0.008094,30.93,66.6424764590321
36012,-8.465807,-3.595814,3.975077,0.007178,-0.04612,-0.007941,30.93,66.6271426867611
36022,-8.452048,-3.592823,3.972684,0.005651,-0.049633,-0.008858,30.93,66.6082982981358
36032,-8.447262,-3.600002,3.985844,0.005956,-0.049327,-0.00733,30.93,66.5355461726613
36042,-8.462217,-3.602395,3.991228,0.006872,-0.048869,-0.006872,30.97,66.5407645613345
36052,-8.450851,-3.589234,3.996612,0.005651,-0.048717,-0.006872,30.97,66.4769486964919
36062,-8.457432,-3.591029,3.997808,0.005498,-0.047189,-0.00733,30.96,66.4861034719256
36072,-8.453843,-3.583252,4.010371,0.005345,-0.044593,-0.007636,30.96,66.4057607740993
36082,-8.453843,-3.576672,4.007978,0.005651,-0.042302,-0.008094,30.94,66.4124303794656
36092,-8.455039,-3.586841,4.007978,0.005803,-0.039859,-0.008399,30.94,66.4240257708078
36102,-8.435298,-3.593421,4.017549,0.004887,-0.03543,-0.007636,30.99,66.3381204142857
36112,-8.433504,-3.589234,4.02413,0.004887,-0.030849,-0.008552,30.99,66.2960586963862
36122,-8.4347,-3.584448,4.025924,0.004276,-0.026114,-0.007483,30.95,66.2848790294411
36132,-8.445468,-3.584448,4.012166,0.004429,-0.020464,-0.008858,30.95,66.3797605016449
36142,-8.429914,-3.58744,4.033103,0.003818,-0.015424,-0.008858,30.95,66.23981368116
36152,-8.43111,-3.596412,4.030112,0.003054,-0.00901,-0.009468,30.95,66.2661226049159
36162,-8.427522,-3.592823,4.027719,0.002596,-0.002902,-0.009621,30.9,66.2678148806635
36172,-8.439486,-3.598805,4.03071,0.002749,0.002749,-0.010537,30.9,66.2828830012177
36182,-8.434101,-3.595216,4.027121,0.001833,0.009468,-0.012217,30.95,66.2870443158876
36192,-8.425727,-3.59402,4.035496,0.00168,0.022449,-0.01237,30.95,66.2243416788792
36202,-8.435298,-3.589832,4.017549,0.001069,0.028863,-0.012675,30.98,66.3348902526774
36212,-8.441879,-3.593421,4.022335,0.000458,0.034514,-0.012523,30.97,66.3269471460738
36222,-8.443673,-3.585645,4.032505,-0.000611,0.039859,-0.013744,30.97,66.2704960690336
36232,-8.446664,-3.588037,4.019942,-0.000458,0.044746,-0.014355,30.9,66.3447537867744
36242,-8.444869,-3.589832,4.007978,-0.000305,0.049633,-0.013592,30.9,66.4052781404362
36252,-8.442476,-3.598207,4.010969,-0.000153,0.053909,-0.013897,30.96,66.3920667800357
36262,-8.453244,-3.602993,4.002594,0.000305,0.057727,-0.015424,30.96,66.4629085780475
36272,-8.455039,-3.595814,4.009174,0.000458,0.060323,-0.015577,30.94,66.4257799027348
36282,-8.449656,-3.583252,3.999005,0.000458,0.062766,-0.015272,30.94,66.456540802322
36292,-8.465208,-3.597609,3.994817,0.000458,0.063835,-0.015272,30.97,66.5239530212207
36302,-8.461619,-3.593421,3.981059,-0.000153,0.064904,-0.016341,30.97,66.5848688068267
36312,-8.462217,-3.594618,3.982853,0.000153,0.065515,-0.015882,30.92,66.5777690345884
36322,-8.459227,-3.594618,3.969693,0.000153,0.06521,-0.015119,30.92,66.640614841084
36332,-8.471789,-3.595216,3.964309,0.000916,0.064141,-0.015272,30.95,66.6956196791583
36342,-8.468798,-3.604189,3.956532,0.000611,0.063072,-0.015424,30.95,66.7381812673939
36352,-8.477771,-3.598805,3.948158,0.001527,0.06017,-0.014813,30.96,66.7960619995709
36362,-8.459227,-3.58744,3.940979,0.001222,0.053451,-0.014966,30.96,66.7853067082574
36372,-8.477771,-3.586841,3.940381,0.001527,0.048869,-0.014355,30.96,66.8264376058324
36382,-8.480165,-3.597609,3.934997,0.002596,0.043524,-0.014355,30.96,66.869165203023
36392,-8.475977,-3.602395,3.932604,0.002902,0.038485,-0.013592,30.96,66.8772961882691
36402,-8.493324,-3.605386,3.932006,0.003207,0.032834,-0.012523,30.96,66.9188791092164
36412,-8.490931,-3.598805,3.930212,0.003207,0.026725,-0.012523,30.96,66.9176175632759
36422,-8.487342,-3.597011,3.933203,0.003665,0.020464,-0.012217,30.96,66.8929117029939
36432,-8.485548,-3.6006,3.9338,0.003971,0.014203,-0.011759,30.96,66.8892106282318
36442,-8.490333,-3.602395,3.926024,0.003971,0.007941,-0.010537,30.97,66.9415467436326
36452,-8.480762,-3.604787,3.926024,0.004581,0.001527,-0.010385,30.97,66.9239047172553
36462,-8.481958,-3.591029,3.937988,0.004887,-0.005192,-0.010537,30.93,66.8513732187932
36472,-8.479566,-3.602993,3.924827,0.005345,-0.011759,-0.010385,30.93,66.9261632953616
36482,-8.483154,-3.602395,3.921836,0.005803,-0.016952,-0.010079,30.95,66.9487837450724
36492,-8.482555,-3.598207,3.936193,0.005651,-0.022602,-0.009316,30.95,66.8683429139374
36502,-8.477771,-3.591627,3.941577,0.00672,-0.028253,-0.009621,30.98,66.8243481918674
36512,-8.469396,-3.591029,3.936193,0.006567,-0.03207,-0.008399,30.98,66.8347869893638
36522,-8.472386,-3.591029,3.949952,0.00672,-0.036194,-0.007941,30.89,66.7686066487722
36532,-8.469396,-3.596412,3.951149,0.006567,-0.040317,-0.008399,30.89,66.7608456739471
36542,-8.467003,-3.595216,3.966702,0.006872,-0.045662,-0.007789,30.92,66.6730808379886
36552,-8.468798,-3.58744,3.970889,0.00672,-0.047953,-0.00733,30.92,66.647957890832
36562,-8.461619,-3.597609,3.969693,0.007025,-0.049022,-0.007636,30.92,66.6482624139657
36572,-8.464012,-3.59402,3.972086,0.00672,-0.050091,-0.007941,31,66.6375069521775
36582,-8.451449,-3.591627,3.975077,0.007025,-0.049633,-0.007636,31,66.5934056336902
36592,-8.459227,-3.59043,3.987041,0.00672,-0.048411,-0.007025,30.95,66.5458099634377
36602,-8.449656,-3.599404,3.988835,0.006109,-0.048106,-0.008094,30.95,66.5243307040614
36612,-8.456833,-3.596412,4.001996,0.006261,-0.046578,-0.008705,30.98,66.4676957546921
36622,-8.450253,-3.595216,3.997808,0.007178,-0.043982,-0.009316,30.98,66.474762050009
36632,-8.432905,-3.585645,4.007978,0.006567,-0.041081,-0.008552,30.96,66.3762758837374
36642,-8.452645,-3.585645,4.013362,0.006109,-0.038026,-0.009163,30.96,66.3897022118934
36652,-8.439486,-3.597609,4.011567,0.006261,-0.034208,-0.008705,30.95,66.3820908835296
36662,-8.4347,-3.595814,4.02413,0.006109,-0.029932,-0.009163,30.95,66.3045212374902
36672,-8.439486,-3.595814,4.029513,0.005803,-0.024893,-0.010843,30.93,66.2864522805678
36682,-8.427522,-3.593421,4.030112,0.005345,-0.020159,-0.009927,30.93,66.2558149097677
36692,-8.4347,-3.589832,4.027719,0.005956,-0.014966,-0.009927,30.97,66.2803242056083
36702,-8.439486,-3.585645,4.023531,0.005956,-0.009468,-0.010537,30.97,66.3086291237519
36712,-8.43111,-3.592225,4.028915,0.004123,0.002902,-0.011606,30.96,66.268611531524
36722,-8.433504,-3.595814,4.031308,0.004887,0.00901,-0.011606,30.95,66.2643895158356
36732,-8.429914,-3.580859,4.029513,0.004734,0.014813,-0.012065,30.95,66.2526871848356
36742,-8.432307,-3.597011,4.032505,0.003207,0.019853,-0.012981,30.92,66.2566666875952
36752,-8.42453,-3.591029,4.022335,0.003971,0.026573,-0.013134,30.92,66.2880805186241
36762,-8.440084,-3.597609,4.021138,0.003512,0.032376,-0.013439,30.96,66.3331940392126
36772,-8.44128,-3.59043,4.010371,0.002291,0.037263,-0.014355,30.96,66.3856981050921
36782,-8.441879,-3.58744,4.014558,0.002291,0.04215,-0.014661,30.95,66.362326793674
36792,-8.437093,-3.582056,4.015755,0.001527,0.046731,-0.014661,30.95,66.3411037087266
36802,-8.448458,-3.584448,4.013362,0.002138,0.050855,-0.013897,30.98,66.3798006862758
36812,-8.446664,-3.593421,4.00738,0.001985,0.054062,-0.014355,30.98,66.4154112020641
36822,-8.44128,-3.597011,4.001996,0.001833,0.056505,-0.014813,30.97,66.435529492003
36832,-8.445468,-3.591029,4.004987,0.000916,0.058185,-0.014508,30.97,66.423297357173
36842,-8.453843,-3.592225,3.993023,0.001374,0.060781,-0.014813,30.93,66.5047311845783
36852,-8.452048,-3.594618,3.982255,0.001374,0.060628,-0.014966,30.93,66.5596179144705
36862,-8.453244,-3.599404,3.987639,0.000916,0.060628,-0.014661,30.95,66.5381289265147
36872,-8.459825,-3.591627,3.969095,0.000764,0.059865,-0.015272,30.95,66.6423523899736
36882,-8.475977,-3.593421,3.958327,0.000916,0.056963,-0.015577,30.93,66.7341668177704
36892,-8.458031,-3.595216,3.945765,0.001069,0.054367,-0.014966,30.95,66.7644856345435
36902,-8.469995,-3.592225,3.949354,0.001069,0.05116,-0.014508,30.95,66.7678361655015
36912,-8.479566,-3.591029,3.952943,0.000611,0.047189,-0.013439,30.92,66.7678018807119
36922,-8.469396,-3.594618,3.947559,0.001527,0.042302,-0.014203,30.92,66.7781407971693
36932,-8.478369,-3.592225,3.945765,0.001527,0.038637,-0.014355,30.98,66.8040927111003
36942,-8.481958,-3.600002,3.951149,0.001833,0.033139,-0.01237,30.98,66.790083002172
36952,-8.477173,-3.602395,3.946961,0.002138,0.027642,-0.011912,30.98,66.8042740365619
36962,-8.476574,-3.591029,3.934997,0.002596,0.022297,-0.011759,30.98,66.8559585625232
36972,-8.487941,-3.593421,3.921238,0.002443,0.016799,-0.012217,30.93,66.9539560708223
36982,-8.475378,-3.605984,3.934398,0.002902,0.010232,-0.011148,30.93,66.8697746978308
36992,-8.484351,-3.602395,3.935595,0.003207,0.004429,-0.011301,30.95,66.878873926933
37002,-8.477173,-3.593421,3.926622,0.003665,-0.002138,-0.011606,30.95,66.9033798649561
37012,-8.484949,-3.598805,3.926024,0.003054,-0.007941,-0.011606,30.9,66.9273032720647
37022,-8.479566,-3.602993,3.9338,0.003512,-0.013439,-0.010079,30.9,66.8789494412927
37032,-8.473583,-3.598207,3.945167,0.003512,-0.018631,-0.010079,30.92,66.8025726827377
37042,-8.477771,-3.594618,3.954139,0.00336,-0.024129,-0.009316,30.92,66.7609491125805
37052,-8.466404,-3.602395,3.945765,0.003512,-0.031918,-0.008552,30.94,66.7882260925474
37062,-8.465807,-3.592823,3.956532,0.004581,-0.035583,-0.008247,30.92,66.72191178649
37072,-8.472985,-3.59402,3.965506,0.004887,-0.039095,-0.007789,30.92,66.6907682228398
37082,-8.467602,-3.601796,3.963113,0.00504,-0.041539,-0.007483,30.95,66.6990040798457
37092,-8.469995,-3.599404,3.972086,0.004734,-0.042761,-0.008399,30.95,66.6547604317885
37102,-8.455637,-3.601796,3.969095,0.005498,-0.044288,-0.007025,30.97,66.6426372911641
37112,-8.448458,-3.598805,3.976273,0.004734,-0.04444,-0.007483,30.97,66.587253248514
37122,-8.455637,-3.582654,3.99063,0.003818,-0.043524,-0.006872,30.97,66.5125281260242
37132,-8.458628,-3.588636,3.981657,0.004887,-0.043066,-0.007483,30.97,66.5712181198761
37142,-8.451449,-3.588636,4.004987,0.005192,-0.040775,-0.007636,30.98,66.4337497381944
37152,-8.444869,-3.593421,4.00379,0.004581,-0.03879,-0.008705,30.98,66.4304563725759
37162,-8.450253,-3.595216,3.996612,0.005192,-0.03543,-0.007483,30.97,66.4810355010404
37172,-8.44128,-3.593421,4.005585,0.004581,-0.032529,-0.007636,30.97,66.4134819928851
37182,-8.442476,-3.588037,4.006183,0.005192,-0.028711,-0.007636,30.96,66.4080392195592
37192,-8.43111,-3.592225,4.012764,0.00504,-0.023976,-0.008705,30.96,66.35328705315
37202,-8.443673,-3.586841,4.018745,0.004887,-0.020006,-0.009316,30.97,66.3436339299709
37212,-8.434101,-3.583252,4.025326,0.004734,-0.014661,-0.009316,30.97,66.285667097889
37222,-8.430512,-3.597609,4.02413,0.004581,-0.009316,-0.009927,30.96,66.2972803211706
37232,-8.429317,-3.591029,4.019344,0.004123,0.001069,-0.010996,30.95,66.3139042859687
37242,-8.445468,-3.589832,4.012166,0.003818,0.006414,-0.01069,30.95,66.3845850171196
37252,-8.443074,-3.586841,4.019344,0.003971,0.011759,-0.010996,30.96,66.3392295732871
37262,-8.432905,-3.581457,4.016951,0.003818,0.018173,-0.012065,30.96,66.3254315991655
37272,-8.445468,-3.589832,4.025924,0.003207,0.022907,-0.012523,30.95,66.3125103948453
37282,-8.456833,-3.595814,4.028915,0.003818,0.027794,-0.013592,30.95,66.3262328707539
37292,-8.439486,-3.589832,4.000201,0.003512,0.03207,-0.013897,30.95,66.4347345818532
37302,-8.450253,-3.591029,4.014558,0.003512,0.036499,-0.014661,30.95,66.3832128376167
37312,-8.449057,-3.597609,3.997808,0.003512,0.039859,-0.014203,30.96,66.4743891777293
37322,-8.447262,-3.58744,4.002594,0.00336,0.04215,-0.014813,30.96,66.4364146567325
37334,-8.440681,-3.589234,4.003192,0.002902,0.044593,-0.014508,30.98,66.4210199401243
37342,-8.44427,-3.59043,3.999005,0.002443,0.046731,-0.014813,30.98,66.4516202323803
37352,-8.455039,-3.58744,3.994219,0.003207,0.049175,-0.015119,30.93,66.4967020094092
37362,-8.444869,-3.595216,3.983452,0.00336,0.050549,-0.015272,30.93,66.5388146142121
37372,-8.459227,-3.580859,3.99063,0.00336,0.049938,-0.014966,30.94,66.5184693356849
37382,-8.457432,-3.597011,3.97747,0.003207,0.049327,-0.015272,30.94,66.5981431336569
37392,-8.466404,-3.595814,3.97388,0.003054,0.048106,-0.015882,30.95,66.6346721053901
37402,-8.461619,-3.592225,3.968496,0.003971,0.045968,-0.013592,30.95,66.6497758457765
37412,-8.468199,-3.589832,3.9673,0.00336,0.042761,-0.01405,30.93,66.6676708105011
37422,-8.474181,-3.591029,3.958327,0.003512,0.040164,-0.013744,30.93,66.7283228014018
37432,-8.462217,-3.599404,3.963711,0.003818,0.036957,-0.013134,30.93,66.6825271837946
37442,-8.468798,-3.586841,3.956532,0.003818,0.03375,-0.012523,30.93,66.7228588596844
37452,-8.475378,-3.598207,3.937988,0.003512,0.029932,-0.012065,30.93,66.8440493318079
37462,-8.474779,-3.588037,3.954139,0.003207,0.025504,-0.012675,30.95,66.7489367943477
37472,-8.475378,-3.59043,3.945167,0.003665,0.021686,-0.012065,30.95,66.7994533162057
37482,-8.477771,-3.601198,3.958327,0.003971,0.016646,-0.011606,30.94,66.7447530482825
37492,-8.475378,-3.597609,3.94397,0.003207,0.012523,-0.011301,30.94,66.8120624102201
37502,-8.462217,-3.600002,3.949354,0.003512,0.007178,-0.010385,30.92,66.7585358821481
37512,-8.469396,-3.601796,3.956532,0.003665,0.002902,-0.01069,30.92,66.7373081982061
37522,-8.465807,-3.596412,3.945167,0.004276,-0.001069,-0.010232,30.91,66.7848509437187
37532,-8.471789,-3.598207,3.952345,0.003971,-0.005651,-0.010537,30.91,66.7611143289183
37542,-8.475977,-3.608377,3.953541,0.003818,-0.010385,-0.009621,30.95,66.7724993001867
37552,-8.47119,-3.592823,3.951746,0.004123,-0.013592,-0.009774,30.95,66.7582700850075
37562,-8.467602,-3.594618,3.960122,0.003665,-0.018173,-0.008399,30.98,66.7083669275217
37572,-8.470592,-3.594618,3.958925,0.003665,-0.024129,-0.008247,30.98,66.720880271278
37582,-8.462815,-3.595814,3.959523,0.003512,-0.027642,-0.008552,30.97,66.7026028134956
37592,-8.47119,-3.589234,3.978068,0.003665,-0.029627,-0.008858,30.95,66.6168587730224
37602,-8.467602,-3.6006,3.972684,0.003512,-0.030849,-0.008399,30.95,66.6476925404669
37612,-8.467003,-3.585046,3.963113,0.002902,-0.032681,-0.008094,31.01,66.682943929778
37622,-8.456833,-3.592823,3.985246,0.003207,-0.033445,-0.007636,31.01,66.5523426129369
37632,-8.465208,-3.596412,3.98405,0.003207,-0.033598,-0.006567,30.93,66.5793395556835
37642,-8.455039,-3.594618,3.994817,0.003207,-0.033292,-0.007483,30.93,66.4999656995696
37652,-8.445468,-3.592225,3.994219,0.003512,-0.032376,-0.007789,30.93,66.4808631780647
37662,-8.460423,-3.586841,3.989433,0.002902,-0.031612,-0.007636,30.93,66.5325756036824
37672,-8.453244,-3.589832,3.99721,0.002902,-0.029474,-0.007941,30.96,66.4793746328498
37682,-8.449656,-3.598207,4.00738,0.002596,-0.027336,-0.008094,30.96,66.4259977486832
37692,-8.450851,-3.595814,4.009174,0.002443,-0.024282,-0.008552,30.98,66.4169675341875
37702,-8.446664,-3.586243,4.00738,0.002596,-0.021075,-0.008858,30.98,66.4089835457038
37712,-8.438888,-3.597011,4.01396,0.003054,-0.017868,-0.00901,30.96,66.3677464456322
37722,-8.4347,-3.59402,4.014558,0.002443,-0.015119,-0.008399,30.96,66.353078376894
37732,-8.440681,-3.597609,4.013362,0.003054,-0.010996,-0.009468,30.97,66.3752013173138
37742,-8.440681,-3.595216,4.01396,0.002138,-0.00672,-0.010079,30.97,66.3699158724063
37752,-8.438289,-3.591627,4.026522,0.002902,0.002443,-0.010843,30.94,66.2958099700594
37762,-8.443673,-3.591029,4.012764,0.002902,0.006109,-0.010996,30.96,66.3787377467973
37772,-8.438888,-3.600002,4.007978,0.002749,0.010537,-0.011912,30.96,66.401800426782
37782,-8.435298,-3.589832,4.022933,0.002443,0.015577,-0.012217,30.96,66.3066680541837
37792,-8.438289,-3.59043,4.016951,0.002291,0.020159,-0.01237,30.96,66.3448847914483
37802,-8.458628,-3.591627,4.003192,0.002902,0.023824,-0.012981,30.98,66.4609272948614
37812,-8.441879,-3.584448,4.007978,0.002902,0.027336,-0.014203,30.98,66.3941487674832
37822,-8.432307,-3.588037,4.004987,0.003054,0.030849,-0.01405,30.94,66.3928616455179
37832,-8.452645,-3.604189,4.010969,0.001833,0.034514,-0.013897,30.94,66.4188436191899
37842,-8.451449,-3.601198,3.999603,0.002138,0.037415,-0.014813,30.96,66.4732113115915
37852,-8.454441,-3.597011,4.000201,0.002749,0.040012,-0.014508,30.96,66.4726157341167
37862,-8.451449,-3.588636,3.996612,0.003054,0.041386,-0.014966,30.95,66.4776718592532
37872,-8.452048,-3.59402,3.996014,0.003512,0.043371,-0.014813,30.95,66.4868741067581
37882,-8.450851,-3.593421,3.987639,0.002902,0.043982,-0.016188,31,66.5277740821854
37892,-8.461619,-3.595216,3.992425,0.002749,0.045815,-0.016035,31,66.5268416238312
37902,-8.46102,-3.580261,3.97388,0.00336,0.046578,-0.01573,30.96,66.6096393020864
37912,-8.473583,-3.593421,3.978666,0.003054,0.045357,-0.015577,30.96,66.622424566421
37922,-8.457432,-3.588037,3.966104,0.003512,0.043066,-0.01573,30.98,66.6498902535493
37932,-8.456833,-3.598207,3.969095,0.003207,0.041386,-0.015882,30.95,66.6419443279486
37942,-8.48136,-3.593421,3.963113,0.00336,0.038943,-0.015272,30.95,66.7202302067658
37952,-8.46461,-3.600002,3.959523,0.003207,0.036499,-0.015119,30.97,66.7100482887904
37962,-8.477771,-3.605386,3.960122,0.004123,0.033903,-0.013897,30.97,66.7390257766974
37972,-8.47119,-3.594618,3.956532,0.003665,0.030696,-0.014203,30.99,66.7346982441368
37982,-8.470592,-3.597609,3.942773,0.00336,0.026878,-0.013744,30.99,66.8084325233451
37992,-8.477771,-3.597609,3.947559,0.004276,0.023824,-0.013286,30.96,66.7981573662654
38002,-8.473583,-3.596412,3.947559,0.004429,0.01909,-0.013744,30.96,66.7884150408736
38012,-8.486146,-3.599404,3.948158,0.004123,0.015119,-0.011912,30.97,66.8139447370044
38022,-8.471789,-3.601796,3.945765,0.004581,0.010996,-0.011301,30.97,66.798870329714
38032,-8.48136,-3.592225,3.947559,0.004429,0.006414,-0.010385,30.98,66.8008667860157
38042,-8.47119,-3.598207,3.940979,0.004276,0.001833,-0.009927,30.98,66.8196367811345
38052,-8.470592,-3.599404,3.946961,0.00504,-0.002443,-0.009316,30.96,66.7879887883082
38062,-8.465807,-3.598207,3.954139,0.004581,-0.006872,-0.010079,30.96,66.7392503479475
38072,-8.467003,-3.595814,3.955336,0.004276,-0.011606,-0.009621,30.95,66.7333307715535
38082,-8.473583,-3.585645,3.946961,0.004581,-0.015577,-0.008094,30.95,66.7820842679882
38092,-8.47119,-3.603591,3.953541,0.004734,-0.022755,-0.00733,30.95,66.7583380851155
38102,-8.474779,-3.6006,3.957131,0.005345,-0.025962,-0.007178,30.96,66.7442913114918
38112,-8.469396,-3.589832,3.961916,0.004734,-0.029016,-0.006414,30.96,66.6984487816101
38122,-8.469396,-3.589234,3.968496,0.004123,-0.03146,-0.00672,30.95,66.6633577956031
38132,-8.467602,-3.597011,3.963711,0.005192,-0.033292,-0.005651,30.95,66.6916276470034
38142,-8.460423,-3.594618,3.966702,0.004429,-0.034667,-0.005651,30.95,66.6588266622355
38152,-8.44128,-3.601198,3.975675,0.004123,-0.036194,-0.006567,30.95,66.5775024309409
38162,-8.452048,-3.591029,3.982853,0.004429,-0.036652,-0.006567,30.94,66.5532805084994
38172,-8.454441,-3.597011,3.987639,0.002749,-0.036346,-0.006261,30.94,66.5385029290005
38182,-8.457432,-3.591029,3.99721,0.004123,-0.035277,-0.007636,30.97,66.4892389664558
38192,-8.455039,-3.586243,4.006782,0.003971,-0.035277,-0.007025,30.97,66.4297596683477
38202,-8.450851,-3.588037,4.004389,0.003054,-0.033139,-0.007483,30.95,66.4350909014106
38212,-8.446067,-3.59402,4.006183,0.002596,-0.030238,-0.007483,30.95,66.4209665199961
38222,-8.441879,-3.585645,4.001996,0.002749,-0.027489,-0.008399,30.95,66.4266061940719
38232,-8.442476,-3.591029,4.012764,0.002902,-0.024587,-0.008399,30.95,66.3762123739843
38242,-8.435298,-3.58385,4.01396,0.003512,-0.020617,-0.008552,30.95,66.3483336621572
38252,-8.435298,-3.592823,4.016353,0.002749,-0.016646,-0.008399,30.95,66.3438524536088
38262,-8.440084,-3.586243,4.012764,0.003054,-0.012065,-0.009468,30.95,66.366868127847
38272,-8.439486,-3.583252,4.012166,0.001985,-0.003512,-0.010232,30.93,66.3660577610864
38282,-8.449656,-3.593421,4.021737,0.003207,0.001374,-0.009468,30.93,66.3465008910108
38292,-8.437093,-3.591627,4.019344,0.001985,0.006414,-0.010385,31,66.3308904079737
38302,-8.429317,-3.597011,4.009772,0.001374,0.011148,-0.01237,31,66.369508580324
38312,-8.435897,-3.591627,4.024727,0.002138,0.016799,-0.01237,30.97,66.3001517349276
38322,-8.44128,-3.582056,4.021138,0.001833,0.021228,-0.012523,30.97,66.321740060026
38332,-8.443074,-3.586243,4.021737,0.001527,0.026114,-0.012981,30.96,66.3261546215661
38342,-8.44128,-3.586841,4.017549,0.001069,0.030391,-0.014355,30.96,66.3448456326691
38352,-8.437692,-3.588037,4.00738,0.001222,0.034667,-0.013897,30.98,66.3916688435151
38362,-8.446664,-3.595216,4.014558,0.00168,0.037568,-0.014813,30.98,66.3794006711439
38372,-8.446067,-3.586243,4.0008,0.001527,0.041386,-0.014355,30.95,66.4422394737651
38382,-8.44427,-3.588636,4.006782,0.002291,0.044746,-0.014966,30.95,66.4092159802902
38392,-8.435897,-3.595814,3.998407,0.001527,0.046578,-0.015272,30.97,66.4419576073463
38402,-8.453843,-3.595216,3.995416,0.001374,0.048411,-0.015577,30.97,66.4948474808126
38412,-8.451449,-3.596412,3.979264,0.001374,0.04948,-0.015272,30.97,66.575669500502
38422,-8.447861,-3.595814,3.975077,0.001222,0.050702,-0.016341,30.97,66.5896221891431
38432,-8.457432,-3.591627,3.981059,0.001985,0.051007,-0.015577,30.98,66.5745116572239
38442,-8.471789,-3.593421,3.972086,0.001374,0.049327,-0.015119,30.96,66.6532046323237
38452,-8.463414,-3.594618,3.964309,0.001374,0.048411,-0.015577,30.96,66.6776397771757
38462,-8.478369,-3.595814,3.96072,0.00168,0.046273,-0.015119,30.98,66.7286827631603
38472,-8.464012,-3.601796,3.957729,0.002291,0.043982,-0.015424,30.98,66.719820493666
38482,-8.462815,-3.605984,3.949354,0.002443,0.040928,-0.01405,30.95,66.7650708211269
38492,-8.476574,-3.598207,3.951149,0.002596,0.037874,-0.013744,30.95,66.7773346553842
38502,-8.474181,-3.595216,3.954139,0.002291,0.034514,-0.013439,30.97,66.7540181832262
38512,-8.467003,-3.595814,3.948158,0.002596,0.030238,-0.01405,30.97,66.7710738666886
38522,-8.47119,-3.602395,3.948756,0.003207,0.025504,-0.014508,30.97,66.7824310666326
38532,-8.470592,-3.604189,3.952943,0.002902,0.021991,-0.013286,30.97,66.7607670496685
38542,-8.474181,-3.597609,3.940979,0.003818,0.017257,-0.012217,30.91,66.8253105415858
38552,-8.470592,-3.592225,3.945765,0.003818,0.012675,-0.012523,30.91,66.7879518643397
38562,-8.477771,-3.603591,3.945167,0.003665,0.007178,-0.011759,30.94,66.8159949802413
38572,-8.483753,-3.599404,3.939184,0.00336,0.002291,-0.01237,30.94,66.8561453003429
38582,-8.474181,-3.592225,3.948756,0.004581,-0.002749,-0.011148,30.97,66.7796764479306
38592,-8.470592,-3.58744,3.936791,0.003665,-0.00733,-0.010232,30.97,66.8309650240998
38602,-8.48136,-3.595216,3.95055,0.004276,-0.012523,-0.010079,30.93,66.7877795328823
38612,-8.459825,-3.588037,3.945167,0.004887,-0.020922,-0.009316,30.93,66.7650245601644
38622,-8.461619,-3.601796,3.954738,0.005498,-0.024282,-0.008247,30.96,66.7305649127671
38632,-8.474181,-3.589832,3.952943,0.004581,-0.027489,-0.007789,30.98,66.755559876864
38642,-8.472985,-3.606582,3.964907,0.004581,-0.030543,-0.007789,30.98,66.7050209731838
38652,-8.473583,-3.598805,3.9673,0.004429,-0.033139,-0.007025,30.95,66.6868244940559
38662,-8.460423,-3.59402,3.966104,0.004581,-0.034972,-0.00672,30.95,66.6614387940739
38672,-8.458628,-3.591029,3.971487,0.004276,-0.036652,-0.006567,30.98,66.6267535483445
38682,-8.452645,-3.58744,3.985844,0.004276,-0.037568,-0.006414,30.98,66.5356310018885
38692,-8.458628,-3.594618,3.97747,0.005192,-0.038026,-0.006261,30.93,66.5985167298045
38702,-8.440084,-3.597609,3.982255,0.004887,-0.038179,-0.005651,30.93,66.5372036537561
38712,-8.453244,-3.596412,3.991228,0.004581,-0.036805,-0.006109,30.97,66.5166271222991
38722,-8.444869,-3.585046,3.988835,0.003971,-0.036041,-0.00672,30.97,66.5014605363729
38732,-8.446067,-3.594618,3.999005,0.003818,-0.034361,-0.006414,30.95,66.4591488179492
38742,-8.456833,-3.598207,4.002594,0.003665,-0.031765,-0.005956,30.95,66.4661654575953
38752,-8.449057,-3.589832,3.990032,0.004429,-0.029016,-0.006872,30.95,66.5082448264393
38762,-8.44128,-3.601198,4.004987,0.003971,-0.025809,-0.00672,30.95,66.4235986214019
38772,-8.449656,-3.591627,4.00379,0.00336,-0.021838,-0.007178,30.94,66.4389263934686
38782,-8.4347,-3.588037,4.009772,0.003665,-0.013592,-0.008858,30.94,66.3728020992749
38792,-8.436494,-3.589234,4.012166,0.00336,-0.00901,-0.009468,30.93,66.3651081084886
38802,-8.426923,-3.585645,4.014558,0.001374,-0.004581,-0.009927,30.99,66.3290926270261
38812,-8.4347,-3.588636,4.01396,0.002902,0.000458,-0.010079,30.99,66.3513709651358
38822,-8.446067,-3.588037,4.014558,0.002138,0.004581,-0.010843,30.96,66.3717026903299
38832,-8.422137,-3.586243,4.010371,0.001985,0.009927,-0.011301,30.96,66.3414805612352
38842,-8.432307,-3.597011,4.015156,0.003207,0.014966,-0.011454,30.96,66.347581171349
38852,-8.431709,-3.586841,4.016951,0.002596,0.019548,-0.012523,30.96,66.3277436172748
38862,-8.443074,-3.588037,4.021737,0.002291,0.024129,-0.01237,30.95,66.3277658322778
38872,-8.440681,-3.592823,4.016353,0.00168,0.029169,-0.012523,30.95,66.3552224886762
38882,-8.448458,-3.59043,4.009772,0.002443,0.032681,-0.013134,30.99,66.4039722925092
38892,-8.438888,-3.585046,4.015156,0.001374,0.036652,-0.01405,30.99,66.3507242376855
38902,-8.44427,-3.592225,4.015755,0.00168,0.038943,-0.01405,30.97,66.3653947830365
38912,-8.443074,-3.586841,4.001398,0.00168,0.041081,-0.015272,30.97,66.4333328256321
38922,-8.449656,-3.586243,4.00379,0.002138,0.04383,-0.014661,30.97,66.4341127232723
38932,-8.444869,-3.589234,3.99063,0.001985,0.04612,-0.014813,30.97,66.4957729323361
38942,-8.450851,-3.585046,3.987041,0.00168,0.047495,-0.014813,30.95,66.5234488727536
38952,-8.453843,-3.582654,3.987041,0.002596,0.047342,-0.015577,30.95,66.5276008716652
38962,-8.458628,-3.600002,3.97747,0.001222,0.048258,-0.014966,30.94,66.6033038142967
38972,-8.454441,-3.592823,3.976871,0.00168,0.046578,-0.015424,30.98,66.5913070373116
38983,-8.466404,-3.595216,3.971487,0.001985,0.046273,-0.015424,30.98,66.6467047258959
38992,-8.460423,-3.595216,3.963711,0.002291,0.043982,-0.014661,30.97,66.6750747553015
39002,-8.472985,-3.600002,3.9673,0.002596,0.041539,-0.014966,30.97,66.686638118459
39012,-8.462217,-3.588636,3.959523,0.002443,0.03879,-0.014966,30.98,66.6950059849746
39022,-8.465807,-3.593421,3.953541,0.002596,0.036194,-0.013897,30.98,66.7381656615974
39032,-8.475977,-3.595814,3.954139,0.002902,0.032834,-0.014203,30.95,66.758276485195
39042,-8.47119,-3.59043,3.94397,0.002749,0.028558,-0.013592,30.95,66.7970556072292
39052,-8.466404,-3.599404,3.954139,0.002596,0.024282,-0.012828,30.98,66.7415499759729
39062,-8.487941,-3.59043,3.942773,0.002291,0.020159,-0.013439,30.98,66.8380812188933
39072,-8.475977,-3.603591,3.935595,0.002902,0.016646,-0.011759,30.94,66.8626117121465
39082,-8.480762,-3.598805,3.94397,0.002749,0.012217,-0.011912,30.94,66.8242713887699
39092,-8.477173,-3.596412,3.934997,0.002902,0.00672,-0.011301,30.97,66.8619237044241
39102,-8.469396,-3.600002,3.942175,0.003512,0.001833,-0.011301,30.97,66.8112065116792
39112,-8.476574,-3.593421,3.954738,0.002902,-0.002596,-0.011301,30.98,66.7542613980297
39122,-8.48136,-3.598207,3.941577,0.00336,-0.00672,-0.009774,30.98,66.8375627966372
39132,-8.471789,-3.6006,3.954738,0.004887,-0.014661,-0.008705,30.96,66.7506509268401
39142,-8.466404,-3.59043,3.949354,0.004276,-0.018479,-0.007941,30.93,66.7587880791459
39152,-8.467602,-3.588636,3.964309,0.003818,-0.022602,-0.008858,30.93,66.6810803249806
39162,-8.475977,-3.592225,3.958925,0.003818,-0.025045,-0.007941,30.98,66.7299715735141
39172,-8.463414,-3.58744,3.970291,0.00336,-0.0281,-0.007789,30.98,66.6398556660869
39182,-8.465807,-3.597609,3.972086,0.003512,-0.030849,-0.007941,30.99,66.6444353183036
39192,-8.46102,-3.595216,3.967898,0.002902,-0.032681,-0.007789,30.99,66.654318901943
39202,-8.451449,-3.591029,3.970889,0.003665,-0.034208,-0.008705,30.98,66.6148844667832
39212,-8.452048,-3.595814,3.975675,0.00336,-0.034514,-0.008858,30.98,66.5952434715391
39222,-8.465807,-3.582654,3.981657,0.003971,-0.034972,-0.007789,30.99,66.5809425164482
39232,-8.449656,-3.59043,3.986442,0.003665,-0.034819,-0.007941,30.99,66.5288838784332
39242,-8.446664,-3.604787,3.988237,0.004123,-0.033292,-0.007178,30.92,66.5260083264598
39252,-8.449057,-3.59402,3.996612,0.003971,-0.033139,-0.008247,30.92,66.4774536704533
39262,-8.446664,-3.598805,3.991827,0.003512,-0.031612,-0.008399,30.93,66.5018143557145
39272,-8.437093,-3.597609,3.997808,0.003665,-0.029932,-0.008705,30.93,66.4492310551389
39282,-8.44128,-3.592225,4.00738,0.003818,-0.02642,-0.007941,30.96,66.4029942304903
39292,-8.439486,-3.589832,4.008576,0.003512,-0.024282,-0.007941,30.96,66.3907907177732
39302,-8.435897,-3.595814,4.008576,0.002902,-0.016493,-0.008858,30.95,66.3885929552891
39312,-8.442476,-3.588636,4.001996,0.002291,-0.012523,-0.009621,30.94,66.4305420828272
39322,-8.432905,-3.599404,4.021138,0.002443,-0.00901,-0.010843,30.94,66.3196425061863
39335,-8.437692,-3.597609,4.017549,0.003207,-0.003971,-0.010079,30.98,66.3469481073193
39342,-8.435298,-3.591627,4.028317,0.002749,-0.000611,-0.010537,30.98,66.2800762743153
39352,-8.435897,-3.595216,4.01396,0.002902,0.004123,-0.010232,30.98,66.3598183562997
39362,-8.4347,-3.589832,4.011567,0.002138,0.008552,-0.010079,30.98,66.3649983010046
39372,-8.453843,-3.589832,4.019344,0.002291,0.013592,-0.011148,31,66.3646451803975
39382,-8.448458,-3.589832,4.013362,0.002138,0.018021,-0.010996,31,66.3846223029345
39392,-8.436494,-3.597011,4.014558,0.002443,0.022144,-0.010996,30.96,66.3595588196945
39402,-8.441879,-3.591029,4.011567,0.002138,0.02642,-0.011759,30.96,66.3812282278706
39412,-8.447861,-3.593421,4.000201,0.001527,0.029474,-0.011759,30.95,66.4555767835037
39422,-8.443673,-3.588636,4.002594,0.002443,0.032987,-0.012981,30.95,66.4299260771582
39432,-8.452048,-3.595216,4.006183,0.001833,0.036346,-0.012981,30.99,66.4346253044467
39442,-8.452645,-3.594618,3.995416,0.002443,0.040012,-0.012981,30.99,66.4917985026123
39452,-8.443673,-3.591627,4.0008,0.001527,0.041539,-0.012981,30.95,66.4420165405724
39462,-8.445468,-3.580859,4.000201,0.001527,0.042913,-0.01405,30.95,66.4393092224221
39472,-8.449656,-3.595216,3.988237,0.002138,0.045204,-0.01405,30.96,66.5237297647168
39482,-8.456235,-3.586243,3.99063,0.002138,0.047189,-0.014355,30.96,66.5169773932734
39492,-8.448458,-3.597609,3.982853,0.002443,0.046884,-0.014355,30.96,66.5516221865423
39502,-8.456235,-3.588037,3.969693,0.003054,0.047037,-0.013286,30.96,66.6285235672788
39512,-8.461619,-3.586243,3.971487,0.001833,0.045662,-0.013897,30.96,66.6287618734782
39522,-8.468199,-3.595814,3.966104,0.001985,0.043982,-0.015119,31,66.6792435592517
39532,-8.462217,-3.605984,3.955934,0.003054,0.042455,-0.013439,31,66.7292312687444
39542,-8.459227,-3.592823,3.955336,0.002291,0.040164,-0.012981,30.95,66.7144964232747
39552,-8.459227,-3.591627,3.957729,0.002749,0.036805,-0.013286,30.95,66.7008518285471
39562,-8.473583,-3.59402,3.954139,0.002902,0.034056,-0.013744,30.98,66.7517211555053
39572,-8.470592,-3.592225,3.957131,0.002596,0.029932,-0.014355,30.98,66.7281946797647
39582,-8.478967,-3.599404,3.948756,0.003054,0.025656,-0.013134,30.92,66.7959268487303
39592,-8.46461,-3.606582,3.946961,0.003054,0.021228,-0.012675,30.92,66.7819122882676
39602,-8.474779,-3.598207,3.948756,0.002443,0.016952,-0.012675,30.96,66.7861858633467
39612,-8.478967,-3.595216,3.954738,0.003665,0.011912,-0.011606,30.96,66.7608128843951
39622,-8.470592,-3.594618,3.949354,0.003971,0.00672,-0.010843,30.94,66.7711859819364
39632,-8.469396,-3.591029,3.94397,0.004123,0.001985,-0.011148,30.94,66.7938576866109
39642,-8.471789,-3.596412,3.948158,0.004581,-0.002443,-0.010385,30.95,66.7815417594343
39652,-8.469995,-3.604189,3.952345,0.004276,-0.012828,-0.010079,30.97,66.7626700998936
39662,-8.477771,-3.601796,3.951149,0.004581,-0.017868,-0.009621,30.97,66.7829802760639
39672,-8.473583,-3.591029,3.952943,0.004123,-0.021686,-0.00901,30.93,66.7553710824369
39682,-8.469396,-3.598805,3.958327,0.003665,-0.024893,-0.008552,30.93,66.7252329910132
39692,-8.465208,-3.604189,3.959523,0.004123,-0.029322,-0.008399,30.93,66.7150006867774
39702,-8.47119,-3.605386,3.9673,0.004887,-0.031918,-0.007941,30.93,66.687667440194
39712,-8.470592,-3.594618,3.974478,0.004429,-0.034056,-0.007789,30.95,66.6392138485868
39722,-8.458031,-3.59402,3.965506,0.004581,-0.035888,-0.007789,30.95,66.6595892471689
39732,-8.455039,-3.594618,3.975077,0.004429,-0.037874,-0.00733,30.95,66.6035780977039
39742,-8.462217,-3.592823,3.982255,0.004581,-0.03879,-0.007178,30.95,66.5793120779077
39752,-8.453244,-3.59402,3.983452,0.003971,-0.038485,-0.007025,30.96,66.5553059989361
39762,-8.445468,-3.601796,3.989433,0.003818,-0.037874,-0.007025,30.96,66.5145458031793
39772,-8.457432,-3.605984,3.997808,0.003665,-0.036805,-0.00733,30.95,66.4994537424388
39782,-8.436494,-3.591627,3.991228,0.003665,-0.035583,-0.007483,30.95,66.4771614030066
39792,-8.447262,-3.592225,4.005585,0.003665,-0.034056,-0.008247,30.95,66.4250104665672
39802,-8.453843,-3.593421,4.003192,0.003512,-0.031307,-0.008247,30.95,66.4524720520875
39812,-8.440681,-3.586243,4.019942,0.003054,-0.0281,-0.008094,30.96,66.3305008860135
39822,-8.456235,-3.589832,4.017549,0.002596,-0.021533,-0.008552,30.96,66.3790860504353
39832,-8.438888,-3.586243,4.017549,0.001833,-0.017257,-0.009163,30.99,66.3392530944234
39842,-8.452048,-3.593421,4.020541,0.002291,-0.012523,-0.010079,30.93,66.3578088288286
39852,-8.438289,-3.595814,4.021138,0.002749,-0.007636,-0.009621,30.93,66.3277857604186
39862,-8.446664,-3.589832,4.018745,0.002749,-0.002291,-0.009774,30.93,66.3526344456175
39872,-8.430512,-3.588636,4.022933,0.002138,0.001985,-0.010537,30.93,66.2954582348413
39882,-8.433504,-3.58385,4.025326,0.00168,0.006872,-0.011148,30.96,66.2849404823798
39892,-8.440084,-3.584448,4.031308,0.001374,0.011759,-0.011606,30.96,66.2680830126343
39902,-8.447861,-3.593421,4.025326,0.001374,0.016952,-0.011912,31,66.3239223265902
39912,-8.426325,-3.594618,4.007978,0.000764,0.022144,-0.011912,31,66.3704485943693
39922,-8.439486,-3.588037,4.018745,0,0.026573,-0.01237,30.95,66.3358599386648
39932,-8.446067,-3.589234,4.016951,0,0.030849,-0.012828,30.95,66.3602365073199
39942,-8.438888,-3.592225,4.01396,0,0.034514,-0.012523,30.92,66.3634436153085
39952,-8.433504,-3.59043,4.011567,0.000611,0.039248,-0.013439,30.92,66.3630095932954
39962,-8.449057,-3.592225,4.00738,0.000458,0.042302,-0.013592,30.97,66.4193794163804
39972,-8.446067,-3.58385,4.0008,0.000305,0.044899,-0.013897,30.97,66.4401003583413
39982,-8.446067,-3.6006,3.990032,0.000458,0.047647,-0.013134,30.96,66.5115883613188
39992,-8.457432,-3.597609,3.991827,0.000611,0.049022,-0.013897,30.96,66.5233343033464
40002,-8.457432,-3.592225,3.987639,0.001069,0.051007,-0.014203,30.95,66.5405075303741
40012,-8.46102,-3.599404,3.985246,0.000764,0.051465,-0.013744,30.97,66.566966389595
40022,-8.460423,-3.597609,3.9673,0.001069,0.051313,-0.013744,30.97,66.6583374665762
40032,-8.467602,-3.607778,3.974478,0.001069,0.050396,-0.013439,30.97,66.6446480475066
40042,-8.469995,-3.583252,3.965506,0.000611,0.048564,-0.014508,30.97,66.6750280125631
40052,-8.459227,-3.59402,3.967898,0.001069,0.046884,-0.013744,30.95,66.6495154306057
40062,-8.473583,-3.597011,3.961916,0.001985,0.044288,-0.013592,30.95,66.7135058746989
40072,-8.46461,-3.595216,3.957131,0.001527,0.041692,-0.013897,31.01,66.7183859824632
40082,-8.470592,-3.602993,3.959523,0.001527,0.03879,-0.012828,31.01,66.7251397963585
40092,-8.48136,-3.591627,3.955934,0.002443,0.034208,-0.011912,30.96,66.7563425547332
40102,-8.467003,-3.602395,3.948756,0.00336,0.02978,-0.013134,30.96,66.773739612329
40112,-8.478967,-3.596412,3.944568,0.002902,0.026267,-0.011759,30.97,66.8153054148959
40122,-8.468199,-3.592225,3.944568,0.00336,0.021228,-0.011148,30.97,66.7892789030501
40132,-8.460423,-3.59043,3.937988,0.002596,0.016035,-0.011148,30.91,66.8061825684827
40142,-8.485548,-3.594618,3.941577,0.003818,0.011912,-0.010079,30.91,66.8430828421292
40152,-8.478967,-3.599404,3.942175,0.004276,0.007178,-0.009927,30.92,66.8305157680172
40162,-8.482555,-3.596412,3.949354,0.004276,0.001069,-0.009927,30.92,66.7975923510914
40172,-8.469396,-3.595814,3.949354,0.004581,-0.008705,-0.009163,30.96,66.769755984753
40182,-8.469396,-3.597011,3.945167,0.004581,-0.013286,-0.008705,30.95,66.792831197325
40192,-8.472985,-3.599404,3.949952,0.005192,-0.017868,-0.008094,30.95,66.7772312388097
40202,-8.465208,-3.586841,3.961318,0.00504,-0.022449,-0.008858,30.95,66.6902199281308
40212,-8.467602,-3.6006,3.958327,0.005498,-0.026573,-0.007636,30.95,66.7230883993513
40222,-8.475977,-3.597011,3.967898,0.005345,-0.030391,-0.008552,30.98,66.6870843636385
40232,-8.461619,-3.595216,3.962514,0.005192,-0.033445,-0.00733,30.98,66.6838597920326
40242,-8.460423,-3.59402,3.971487,0.005192,-0.036346,-0.007941,30.96,66.6331579284094
40252,-8.460423,-3.582056,3.970889,0.005803,-0.03879,-0.007789,30.96,66.6256948390401
40262,-8.465807,-3.598805,3.972086,0.005651,-0.040012,-0.008094,30.95,66.6454958414012
40272,-8.454441,-3.583252,3.989433,0.006109,-0.040623,-0.008094,30.95,66.5168313811343
40282,-8.455039,-3.589832,3.98405,0.005803,-0.041081,-0.007178,30.99,66.5521992158799
40292,-8.457432,-3.589234,3.981059,0.00504,-0.041386,-0.007483,30.99,66.5723843689613
40302,-8.447861,-3.595216,3.992425,0.004887,-0.040775,-0.007483,30.97,66.4979803533939
40312,-8.449057,-3.588636,3.999603,0.004887,-0.039095,-0.007636,30.97,66.4569511837093
40322,-8.439486,-3.586243,4.0008,0.00504,-0.037874,-0.007789,30.96,66.4283751428789
40332,-8.437692,-3.588037,4.006782,0.005345,-0.035736,-0.007636,30.96,66.3948064379334
40342,-8.447861,-3.58744,4.010969,0.003971,-0.028863,-0.007483,30.98,66.3937624684411
40352,-8.447861,-3.591029,4.016951,0.003665,-0.02474,-0.008552,30.95,66.365632175178
40362,-8.432307,-3.59402,4.017549,0.003207,-0.020922,-0.009163,30.95,66.332337701774
40372,-8.440681,-3.584448,4.021737,0.003818,-0.016799,-0.00901,31,66.3194819890039
40382,-8.439486,-3.593421,4.022933,0.003207,-0.011759,-0.009774,31,66.3187570971268
40392,-8.428718,-3.582056,4.022933,0.003054,-0.00672,-0.010385,30.97,66.2857262720953
40402,-8.437692,-3.585046,4.023531,0.002902,-0.001833,-0.010079,30.97,66.3042937064371
40412,-8.442476,-3.586243,4.034299,0.001833,0.003665,-0.010843,30.96,66.2591083838595
40422,-8.430512,-3.592225,4.022335,0.001374,0.008858,-0.011301,30.96,66.301829689336
40432,-8.441879,-3.58744,4.025924,0.000458,0.013592,-0.011912,30.98,66.302770298794
40442,-8.430512,-3.584448,4.012764,0.001374,0.019395,-0.01237,30.98,66.345024263684
40452,-8.438888,-3.592823,4.026522,0.001222,0.024435,-0.012675,30.94,66.2981545283576
40462,-8.434101,-3.586841,4.025326,0.000305,0.029627,-0.01237,30.94,66.2888990362989
40472,-8.438289,-3.59043,4.019344,0.000305,0.034056,-0.012981,30.97,66.3323416718788
40482,-8.443074,-3.593421,4.012764,-0.000153,0.038179,-0.012981,30.97,66.3796208847005
40492,-8.443673,-3.59043,4.010371,0.000305,0.041692,-0.012828,30.92,66.3907454954998
40502,-8.435897,-3.591627,4.004987,0,0.044593,-0.013592,30.92,66.4036612182851
40512,-8.448458,-3.59043,4.0008,-0.000916,0.050396,-0.01573,30.95,66.4510156467749
40522,-8.459825,-3.585046,3.988835,0,0.051924,-0.014966,30.96,66.5328634321237
40532,-8.448458,-3.602395,3.982853,0.000153,0.053451,-0.014203,30.96,66.5558950474967
40542,-8.463414,-3.59043,3.987041,-0.000916,0.054062,-0.014355,30.96,66.5545813867225
40552,-8.462217,-3.592225,3.971487,-0.000458,0.054062,-0.015424,30.96,66.6353129209269
40562,-8.459825,-3.6006,3.970889,0.000153,0.052687,-0.015272,30.9,66.6408920415285
40572,-8.459825,-3.593421,3.969693,-0.000153,0.051313,-0.01573,30.9,66.6408016595402
40582,-8.46102,-3.600002,3.970291,0,0.050549,-0.014661,30.94,66.6459955573896
40592,-8.462217,-3.594618,3.962514,-0.000153,0.048869,-0.014203,30.94,66.6845768655499
40602,-8.465807,-3.597609,3.959523,0.000305,0.046273,-0.013897,30.96,66.7104223156961
40612,-8.472985,-3.597011,3.955336,0,0.042913,-0.014203,30.96,66.7468262160838
40622,-8.473583,-3.592823,3.954738,0.000916,0.039706,-0.013286,30.9,66.7475182604573
40632,-8.461619,-3.599404,3.954139,0.00168,0.036041,-0.012523,30.9,66.7315968300161
40642,-8.470592,-3.59402,3.943372,0.000611,0.031307,-0.013439,30.98,66.8021203700615
40652,-8.490931,-3.601198,3.936791,0.001069,0.026878,-0.012523,30.98,66.8851300165251
40662,-8.473583,-3.594618,3.941577,0.001222,0.022297,-0.011148,30.95,66.8182939721062
40672,-8.479566,-3.597011,3.94397,0.001833,0.01741,-0.011301,30.95,66.8202167976553
40682,-8.47119,-3.6006,3.942773,0.002596,0.012523,-0.010079,30.99,66.8123081967611
40692,-8.472985,-3.593421,3.931407,0.003054,0.002138,-0.009927,30.98,66.8695222607017
40702,-8.472985,-3.591029,3.941577,0.003512,-0.003054,-0.00901,30.98,66.8138971410537
40712,-8.477173,-3.592823,3.943372,0.003512,-0.008094,-0.008705,30.97,66.8147196134746
40722,-8.477173,-3.598805,3.945765,0.003818,-0.012981,-0.008094,30.97,66.8073994559386
40732,-8.47119,-3.597011,3.940381,0.004581,-0.017715,-0.007789,30.97,66.8217297111548
40742,-8.468199,-3.608377,3.940979,0.004276,-0.021228,-0.007941,30.97,66.8224050655825
40752,-8.465208,-3.603591,3.95055,0.003665,-0.025962,-0.008247,30.96,66.7616353512645
40762,-8.467602,-3.58744,3.943372,0.00504,-0.029627,-0.007025,30.96,66.7901178665977
40772,-8.474779,-3.595216,3.957729,0.004887,-0.032681,-0.006109,30.95,66.73639989255
40782,-8.461619,-3.59402,3.958327,0.004581,-0.035125,-0.00672,30.95,66.7048106209656
40792,-8.461619,-3.594618,3.969693,0.005498,-0.03711,-0.006109,30.92,66.6456092392963
40802,-8.467602,-3.591627,3.978666,0.005498,-0.039554,-0.006567,30.92,66.608344245743
40812,-8.462217,-3.593421,3.970291,0.005498,-0.04047,-0.00672,30.96,66.6426551854983
40822,-8.452048,-3.594618,3.978068,0.005956,-0.040317,-0.007178,30.96,66.5816077345617
40832,-8.457432,-3.595216,3.990032,0.005803,-0.04047,-0.00672,30.92,66.5306165036297
40842,-8.452048,-3.591627,3.992425,0.005192,-0.040012,-0.00672,30.92,66.503567175839
40852,-8.447262,-3.585046,3.999603,0.006109,-0.039248,-0.006567,30.93,66.4499660995697
40862,-8.447861,-3.591627,4.008576,0.004887,-0.034819,-0.008705,30.93,66.41005559746
40872,-8.440084,-3.599404,4.006183,0.005651,-0.032223,-0.008552,30.97,66.4131964458804
40882,-8.454441,-3.589234,4.006183,0.005498,-0.028558,-0.009316,30.95,66.4343116892353
40892,-8.422735,-3.591627,4.009174,0.005192,-0.025656,-0.008705,30.95,66.3538851810395
40902,-8.447262,-3.594618,4.023531,0.004429,-0.022144,-0.008705,30.99,66.3331298409397
40912,-8.44128,-3.602395,4.015156,0.004581,-0.017715,-0.009468,30.99,66.3713668888683
40922,-8.431709,-3.58744,4.018147,0.004429,-0.013897,-0.010079,30.97,66.3220102065314
40932,-8.4347,-3.596412,4.035496,0.00336,-0.008552,-0.010232,30.97,66.2455361835877
40942,-8.441879,-3.591029,4.021138,0.003512,-0.003512,-0.010079,30.95,66.3310668980064
40952,-8.436494,-3.591029,4.021737,0.003512,0.001069,-0.011606,30.95,66.3165439540428
40962,-8.442476,-3.598207,4.023531,0.003207,0.005345,-0.012217,30.93,66.3262507972238
40972,-8.4347,-3.585046,4.02413,0.001985,0.010079,-0.011606,30.93,66.2948194513844
40982,-8.428718,-3.588037,4.031308,0.002749,0.014966,-0.012217,30.95,66.2472196069906
40992,-8.442476,-3.591627,4.030112,0.002443,0.0197,-0.012981,30.95,66.2858710346831
41002,-8.442476,-3.598207,4.025924,0.001833,0.024587,-0.013134,30.95,66.3137206792895
41012,-8.443673,-3.593421,4.019344,0.001222,0.0281,-0.013744,30.95,66.3464044090327
41022,-8.443074,-3.579065,4.012166,0.001833,0.03207,-0.013439,30.93,66.3698849372332
41032,-8.448458,-3.59043,4.015755,0.00168,0.039401,-0.013744,30.93,66.3726200561315
41042,-8.44128,-3.592225,4.011567,0.000764,0.041997,-0.014508,30.93,66.3810380645904
41052,-8.444869,-3.591029,3.995416,0.000305,0.04444,-0.013897,30.98,66.4722515991999
41062,-8.444869,-3.599404,4.000201,0.000611,0.046273,-0.014355,30.98,66.4546420892899
41072,-8.449057,-3.589234,3.99063,0.000916,0.047342,-0.014966,30.96,66.5045720395873
41082,-8.44128,-3.595814,3.994219,0.000916,0.047953,-0.014508,30.96,66.4752704245767
41092,-8.456235,-3.600002,3.994817,-0.000153,0.048717,-0.013897,30.96,66.5072799328006
41102,-8.465208,-3.602395,3.982853,0,0.048717,-0.014355,30.96,66.590935499523
41112,-8.467602,-3.597609,3.976871,-0.000458,0.048869,-0.014966,30.98,66.6230671066367
41122,-8.465208,-3.592823,3.970889,-0.000305,0.0478,-0.013439,30.98,66.6452285672694
41132,-8.455039,-3.602993,3.9673,-0.000305,0.046578,-0.013439,30.96,66.6518854723892
41142,-8.459825,-3.595814,3.969095,0,0.044899,-0.012523,30.96,66.6460664306351
41152,-8.467003,-3.589234,3.959523,-0.000305,0.042913,-0.013134,30.99,66.7055100269579
41162,-8.472386,-3.595216,3.963113,-0.000458,0.039248,-0.012523,30.99,66.7031433711361
41172,-8.473583,-3.59402,3.96072,-0.000305,0.036194,-0.011912,30.93,66.7171465377201
41182,-8.469995,-3.593421,3.958327,-0.000153,0.032834,-0.011912,30.93,66.7217231041932
41192,-8.468798,-3.597011,3.946961,0.000458,0.028253,-0.01237,30.93,66.7821539998004
41202,-8.477771,-3.588636,3.942773,0,0.024587,-0.010537,30.93,66.8154318325454
41212,-8.475977,-3.600002,3.943372,0.000764,0.015882,-0.009927,30.95,66.8185543147919
41222,-8.464012,-3.598207,3.957131,0.001222,0.011912,-0.009468,30.97,66.7197868751727
41232,-8.48136,-3.588636,3.941577,0.001527,0.006414,-0.010232,30.97,66.8291626794515
41242,-8.467003,-3.598207,3.949354,0.000458,0.001527,-0.010385,30.93,66.7668961071406
41252,-8.467602,-3.600002,3.951746,0.001374,-0.00336,-0.008552,30.93,66.7571488055405
41262,-8.480762,-3.595216,3.948756,0.002138,-0.006872,-0.008247,30.98,66.7959649533413
41272,-8.465807,-3.598207,3.945765,0.001833,-0.011148,-0.008705,30.98,66.7832889815022
41282,-8.485548,-3.594618,3.957131,0.002138,-0.016035,-0.008094,30.93,66.7613835640652
41292,-8.465807,-3.591029,3.958925,0.002749,-0.019548,-0.008552,30.93,66.7077472736245
41302,-8.468798,-3.598805,3.958925,0.003971,-0.021838,-0.007178,31,66.7208470576901
41312,-8.461619,-3.586841,3.961916,0.00336,-0.025045,-0.007636,31,66.6795899066342
41322,-8.469396,-3.598805,3.965506,0.002596,-0.028405,-0.00733,30.97,66.6875244184692
41336,-8.468798,-3.595814,3.9673,0.003665,-0.031765,-0.007025,30.96,66.67421121214
41342,-8.468798,-3.595814,3.9673,0.003665,-0.031765,-0.007025,30.96,66.67421121214
41352,-8.455637,-3.598207,3.975077,0.003818,-0.032987,-0.00733,30.96,66.6080206907698
41362,-8.456833,-3.600002,3.979862,0.003971,-0.034208,-0.008094,30.97,66.5869936741201
41372,-8.452645,-3.599404,3.992425,0.004429,-0.03375,-0.007636,30.97,66.5117621634803
41382,-8.452645,-3.602993,3.998407,0.004581,-0.032834,-0.007941,30.98,66.4835986271297
41392,-8.447262,-3.59043,3.993621,0.004123,-0.03146,-0.007789,30.96,66.4861685064888
41402,-8.440084,-3.589234,3.998407,0.00504,-0.030543,-0.008399,30.96,66.4448753410086
41412,-8.457432,-3.58744,4.002594,0.004581,-0.0281,-0.009163,31,66.4578127838174
41422,-8.448458,-3.581457,4.001398,0.004429,-0.025504,-0.008858,31,66.4398612181424
41432,-8.44128,-3.592225,4.00738,0.004734,-0.022144,-0.008858,31,66.4029942304903
41442,-8.444869,-3.602395,4.012166,0.004123,-0.019242,-0.008705,31,66.3945975369026
41452,-8.449656,-3.602395,4.012166,0.003818,-0.015272,-0.010079,30.96,66.4046764396129
41462,-8.451449,-3.592225,4.016353,0.004887,-0.011454,-0.010537,30.96,66.3774033709945
41472,-8.44427,-3.59402,4.016951,0.004581,-0.006567,-0.010232,30.97,66.3607396932068
41482,-8.437093,-3.58385,4.022933,0.004276,-0.00336,-0.010996,30.97,66.3050840458078
41492,-8.435298,-3.597609,4.018745,0.004123,0.00168,-0.011148,31,66.3356231771788
41502,-8.448458,-3.6006,4.020541,0.00336,0.005803,-0.011454,31,66.3566824670415
41512,-8.443673,-3.584448,4.012166,0.003665,0.009774,-0.011606,30.99,66.3759718858802
41522,-8.449656,-3.593421,4.014558,0.00336,0.013897,-0.011912,30.99,66.3840979159575
41532,-8.450851,-3.588037,4.013362,0.003665,0.017868,-0.011606,30.94,66.3880602042876
41542,-8.443673,-3.586243,4.006782,0.003207,0.021533,-0.012523,30.94,66.4058140466167
41552,-8.44128,-3.588636,4.008576,0.003512,0.027336,-0.013592,30.98,66.393502336768
41562,-8.459825,-3.603591,4.004987,0.003054,0.030849,-0.014813,30.96,66.4647220367258
41572,-8.448458,-3.591627,4.004389,0.002749,0.032987,-0.014661,30.96,66.4332642350346
41582,-8.447262,-3.594618,3.988835,0.001833,0.035277,-0.014203,30.97,66.5150328349267
41592,-8.447861,-3.602395,3.996014,0.001985,0.036957,-0.014203,30.97,66.4855707036348
41602,-8.452048,-3.588037,3.984648,0.002291,0.038485,-0.013744,30.99,66.5411901240839
41612,-8.452645,-3.593421,3.989433,0.002138,0.039095,-0.01405,30.99,66.5221212552757
41622,-8.454441,-3.604189,3.993023,0.001985,0.039095,-0.013897,30.99,66.5166658774264
41632,-8.454441,-3.598207,3.99063,0.002138,0.038943,-0.013592,30.99,66.5238763350564
41642,-8.459227,-3.592823,3.98405,0.001833,0.038943,-0.013134,30.94,66.5636337279667
41652,-8.462815,-3.595814,3.974478,0.001069,0.037415,-0.013439,30.94,66.6240390389123
41662,-8.452645,-3.594618,3.973282,0.001222,0.036346,-0.012675,30.98,66.6080012188653
41672,-8.464012,-3.595216,3.970889,0.001374,0.034819,-0.012675,30.98,66.6448529781363
41682,-8.461619,-3.594618,3.974478,0.001069,0.033292,-0.012828,30.96,66.6204791585953
41692,-8.470592,-3.598805,3.963711,0.001069,0.030391,-0.012065,30.96,66.6994407007592
41702,-8.458031,-3.595814,3.969693,0.001527,0.027489,-0.012523,30.94,66.639178749719
41712,-8.465208,-3.601198,3.955336,0.001985,0.024282,-0.012217,30.94,66.7343572019641
41722,-8.472985,-3.600002,3.963113,0.001527,0.021533,-0.010996,30.98,66.7086189464102
41732,-8.467602,-3.589832,3.96072,0.00168,0.013744,-0.010537,30.99,66.7009953854529
41742,-8.465807,-3.586841,3.964309,0.001833,0.011148,-0.010079,30.99,66.6757501143564
41752,-8.456235,-3.594618,3.963113,0.00168,0.006567,-0.009163,30.98,66.6689506141048
41762,-8.470592,-3.599404,3.947559,0.001527,0.002596,-0.010537,30.98,66.7848444031639
41772,-8.46102,-3.602993,3.958327,0.001833,-0.000153,-0.009163,30.98,66.7115107378714
41782,-8.47119,-3.602395,3.956532,0.001833,-0.003818,-0.008705,30.98,66.7415661378194
41792,-8.472386,-3.588636,3.957131,0.002291,-0.007025,-0.009163,30.95,66.7287625501796
41802,-8.466404,-3.597609,3.973282,0.001527,-0.009621,-0.008247,30.95,66.6394025517792
41812,-8.469396,-3.59043,3.969693,0.001985,-0.012065,-0.008094,30.93,66.6581298261554
41822,-8.474181,-3.602395,3.97388,0.001833,-0.014508,-0.008552,30.93,66.6567206330321
41832,-8.456235,-3.597609,3.958327,0.002291,-0.016952,-0.00901,30.98,66.6967696740435
41842,-8.451449,-3.593421,3.969095,0.001985,-0.018937,-0.007789,30.98,66.6264414757097
41852,-8.470592,-3.591627,3.971487,0.001527,-0.020922,-0.008552,30.95,66.6522650317836
41862,-8.467003,-3.59402,3.982853,0.001374,-0.021838,-0.008094,30.95,66.5872476335245
41872,-8.457432,-3.593421,3.971487,0.002138,-0.022602,-0.007789,30.92,66.626377173993
41882,-8.452645,-3.594618,3.992425,0.002443,-0.023213,-0.007636,30.92,66.507489196071
41892,-8.446664,-3.585645,3.986442,0.002291,-0.023366,-0.007025,30.95,66.5183358090544
41902,-8.453244,-3.586841,3.992425,0.002443,-0.023213,-0.007636,30.95,66.5018111092765
41912,-8.450851,-3.589832,4.0008,0.002291,-0.020922,-0.008094,30.95,66.45551509267
41922,-8.450851,-3.584448,4.000201,0.00168,-0.020006,-0.008094,30.93,66.453848834482
41932,-8.446067,-3.593421,3.998407,0.002291,-0.018631,-0.007941,30.93,66.4612149730286
41942,-8.446664,-3.595814,4.002594,0.002443,-0.016035,-0.008858,30.97,66.4426501701835
41952,-8.448458,-3.58744,4.007978,0.002443,-0.013744,-0.009163,30.97,66.410700139148
41962,-8.438888,-3.592823,4.003192,0.001833,-0.011759,-0.010079,30.96,66.4204595412834
41972,-8.440681,-3.592823,4.01396,0.001985,-0.00901,-0.009163,30.96,66.3677657040086
41982,-8.437692,-3.586841,3.99721,0.002138,-0.005803,-0.009468,30.95,66.4439780816761
41992,-8.447262,-3.595814,4.010371,0.002291,-0.002138,-0.010385,30.95,66.4031375914957
42002,-8.455039,-3.58744,4.015156,0.001374,0.000916,-0.01069,30.96,66.3869564752098
42012,-8.453244,-3.589832,4.010371,0.002291,0.004887,-0.01069,30.96,66.4103799693574
42022,-8.435897,-3.589832,4.016951,0.002138,0.008705,-0.011301,30.94,66.3392918701749
42032,-8.451449,-3.59043,4.010371,0.001527,0.011912,-0.011606,30.94,66.4071343512088
42042,-8.446067,-3.589234,4.009174,0.001985,0.015119,-0.012217,30.94,66.4009967691809
42052,-8.452645,-3.600002,4.00738,0.001222,0.018326,-0.012065,30.94,66.4338924720887
42062,-8.437093,-3.588636,4.001398,0.000916,0.021228,-0.013592,30.92,66.4223363134259
42072,-8.449656,-3.597011,4.006183,0.002138,0.027031,-0.013592,30.92,66.4312000990479
42082,-8.445468,-3.589234,4.001398,0.002291,0.029322,-0.013744,30.97,66.4405160810844
42092,-8.454441,-3.597609,3.997808,0.00168,0.031154,-0.013744,30.96,66.4856960022498
42102,-8.455637,-3.597011,3.987041,0.002138,0.032834,-0.014203,30.96,66.5441470658765
42112,-8.453843,-3.591029,3.987041,0.002443,0.033445,-0.014355,30.95,66.5350563696525
42122,-8.463414,-3.601796,4.001996,0.002443,0.034819,-0.014203,30.95,66.4863131982296
42132,-8.462217,-3.59043,3.991228,0.002291,0.035888,-0.013439,30.96,66.5301128019173
42142,-8.455637,-3.591627,3.984648,0.002443,0.03543,-0.013439,30.96,66.5519107964596
42152,-8.459227,-3.595216,3.979862,0.002902,0.034819,-0.013439,30.97,66.5877430799477
42162,-8.445468,-3.598207,3.969693,0.002749,0.033139,-0.013134,30.97,66.6150492700692
42172,-8.467003,-3.59402,3.972086,0.002749,0.032376,-0.012981,30.95,66.643750260299
42182,-8.481958,-3.6006,3.976273,0.002902,0.030696,-0.013134,30.95,66.6587818170568
42192,-8.460423,-3.59402,3.975675,0.002138,0.02978,-0.013439,30.98,66.6111636172946
42202,-8.464012,-3.592823,3.965506,0.002749,0.026725,-0.013744,30.98,66.6710081382152
42212,-8.463414,-3.591029,3.955934,0.002902,0.023976,-0.013592,30.95,66.7184873986897
42222,-8.462815,-3.597609,3.964309,0.003207,0.021991,-0.01237,30.95,66.6790406134021
42232,-8.480165,-3.583252,3.969693,0.002749,0.018631,-0.01237,30.96,66.6742512276142
42242,-8.464012,-3.595814,3.954139,0.00336,0.01237,-0.010996,30.96,66.7334006629786
42252,-8.47119,-3.6006,3.965506,0.002902,0.008399,-0.01069,30.93,66.6928481086868
42262,-8.473583,-3.594618,3.9673,0.002902,0.005345,-0.010537,30.97,66.6831234963226
42272,-8.467003,-3.594618,3.955934,0.003665,0.001069,-0.010232,30.97,66.7291306524178
42282,-8.455039,-3.6006,3.966702,0.003512,-0.001527,-0.010079,30.97,66.6529006393286
42292,-8.459227,-3.598805,3.955336,0.003512,-0.005345,-0.009774,30.97,66.719792734116
42302,-8.452645,-3.598805,3.951149,0.003207,-0.008247,-0.008552,30.94,66.7281143990619
42312,-8.463414,-3.59043,3.966702,0.003665,-0.010996,-0.008247,30.94,66.6613580330167
42322,-8.458628,-3.602993,3.959523,0.003207,-0.01405,-0.008552,30.97,66.7002429803596
42332,-8.456235,-3.589234,3.962514,0.002902,-0.017104,-0.007483,30.97,66.6673263453007
42342,-8.473583,-3.584448,3.966104,0.002749,-0.019548,-0.007636,30.96,66.6804251538965
42352,-8.462815,-3.595216,3.966104,0.003665,-0.021533,-0.007789,30.96,66.667489192234
42362,-8.449057,-3.589234,3.976871,0.002902,-0.02306,-0.007025,30.97,66.5768388180953
42372,-8.453244,-3.58744,3.978666,0.002443,-0.024282,-0.007636,30.97,66.5745844625209
42382,-8.449057,-3.592225,3.975077,0.002291,-0.024893,-0.006414,30.95,66.5889295983624
42392,-8.454441,-3.588636,3.982255,0.002596,-0.025809,-0.007178,30.95,66.5593064432426
42402,-8.452048,-3.584448,3.982853,0.002138,-0.026114,-0.00672,30.95,66.5474225563946
42412,-8.449656,-3.588037,3.998407,0.001833,-0.025504,-0.007025,30.95,66.4639502618372
42422,-8.446664,-3.584448,3.993621,0.001985,-0.023671,-0.007789,30.95,66.4795695699909
42432,-8.449057,-3.589234,4.001398,0.001222,-0.021686,-0.006567,30.97,66.4480701879461
42442,-8.447861,-3.595216,4.00738,0.001374,-0.020311,-0.007483,30.97,66.419540025222
42452,-8.450253,-3.59402,4.005585,0.000764,-0.017715,-0.008094,30.93,66.4329130116335
42462,-8.44427,-3.59402,4.010371,0.001222,-0.015577,-0.007025,30.93,66.3952241125583
42472,-8.443673,-3.586243,4.009174,0.001069,-0.012675,-0.007178,30.93,66.3932690335344
42482,-8.434101,-3.595216,4.004987,0.001069,-0.00901,-0.007941,30.93,66.4030980464239
42492,-8.435897,-3.586841,4.016951,0.000916,-0.005651,-0.007178,30.93,66.3366020769315
42502,-8.435897,-3.595216,4.000201,0.000611,-0.002749,-0.009316,30.93,66.4320030551295
42512,-8.451449,-3.588037,4.002594,0.000153,0.001222,-0.009468,30.97,66.4457615422934
42522,-8.446067,-3.586841,4.019344,0.000458,0.004887,-0.009927,30.97,66.3455526855191
42532,-8.447262,-3.589234,4.019344,0.000611,0.008247,-0.010232,31.01,66.3502227023536
42542,-8.437093,-3.585046,4.01396,0.000153,0.011759,-0.010385,31.01,66.3532024440439
42552,-8.443074,-3.58744,4.012166,0.000458,0.015577,-0.010996,30.93,66.3773896596169
42562,-8.443673,-3.592823,4.013362,0.000305,0.01909,-0.011301,30.93,66.3772131451606
42572,-8.447262,-3.58744,4.007978,-0.000153,0.022144,-0.011912,30.98,66.4081797007296
42582,-8.446664,-3.583252,4.006183,0,0.025351,-0.011912,30.98,66.4125850616974
42592,-8.443074,-3.573681,4.001996,-0.000611,0.030543,-0.013592,30.96,66.4184285616961
42602,-8.449656,-3.592225,4.002594,0.000305,0.032681,-0.013286,30.93,66.4457325687246
42612,-8.438888,-3.596412,4.004389,-0.000305,0.03543,-0.013286,30.93,66.41740028216
42622,-8.450851,-3.600002,3.994219,0,0.036957,-0.013286,30.97,66.4991218473806
42632,-8.461619,-3.588037,3.993023,0.000764,0.038026,-0.013134,30.97,66.5173171887732
42642,-8.453244,-3.589234,3.976273,0,0.03879,-0.013592,30.96,66.5887513445604
42652,-8.459227,-3.592225,3.981657,-0.000305,0.038026,-0.014508,30.96,66.5756618020249
42662,-8.455637,-3.597011,3.981657,0.000916,0.039401,-0.013897,30.95,66.5724051220534
42672,-8.465208,-3.597609,3.970291,0.000916,0.038485,-0.013744,30.95,66.6526100878279
42682,-8.457432,-3.595216,3.974478,0.000458,0.038026,-0.013286,30.96,66.6122598596671
42692,-8.466404,-3.59043,3.974478,0.000458,0.036499,-0.014203,30.96,66.6267618110824
42702,-8.467003,-3.595814,3.964309,0.000916,0.034819,-0.013286,30.97,66.6861793279503
42712,-8.463414,-3.603591,3.958327,0.001374,0.032223,-0.014355,30.97,66.7170231391348
42722,-8.459825,-3.59043,3.9673,0.001527,0.029932,-0.014508,30.97,66.6507233499819
42732,-8.463414,-3.6006,3.966702,0.001833,0.027489,-0.013134,30.97,66.6703694590578
42742,-8.476574,-3.598805,3.964309,0.002443,0.02474,-0.012828,30.97,66.7087482810381
42752,-8.465807,-3.607778,3.954738,0.001985,0.021075,-0.013439,30.97,66.7445693220848
42762,-8.469995,-3.597609,3.959523,0.002138,0.014203,-0.011606,30.95,66.7191384903892
42772,-8.474181,-3.600002,3.95055,0.001985,0.010996,-0.011454,30.95,66.7770979628396
42782,-8.462815,-3.596412,3.954738,0.002749,0.006261,-0.011606,30.95,66.7282886043496
42792,-8.475378,-3.596412,3.952943,0.003054,0.002443,-0.011606,30.99,66.7638434161684
42802,-8.475378,-3.597011,3.957131,0.001833,-0.001069,-0.01069,30.99,66.7423692981699
42812,-8.468798,-3.600002,3.958925,0.002443,-0.00504,-0.010537,30.97,66.7219054076729
42822,-8.458031,-3.601796,3.963113,0.002749,-0.008705,-0.009927,30.97,66.6790665228204
42832,-8.461619,-3.591627,3.957729,0.002291,-0.012065,-0.009316,31,66.7058375932503
42842,-8.458031,-3.6006,3.958327,0.00336,-0.014966,-0.009316,31,66.7031646635189
42852,-8.468199,-3.605984,3.967898,0.003207,-0.017562,-0.008552,30.93,66.678832185551
42862,-8.463414,-3.592225,3.964309,0.002902,-0.020617,-0.008094,30.93,66.6755209945052
42872,-8.462815,-3.595814,3.975675,0.002596,-0.02306,-0.008094,30.97,66.6177548037248
42882,-8.470592,-3.595814,3.9673,0.003054,-0.024893,-0.007941,30.97,66.6779497232025
42892,-8.46102,-3.608975,3.978666,0.003512,-0.026573,-0.007636,30.99,66.6100088349565
42902,-8.459227,-3.599404,3.981657,0.002902,-0.028253,-0.007178,30.99,66.5820468822025
42912,-8.455637,-3.589234,3.975077,0.003054,-0.029627,-0.007025,30.98,66.6000440774553
42922,-8.446067,-3.601796,3.987041,0.003054,-0.029322,-0.007178,30.98,66.528359538875
42932,-8.454441,-3.597011,3.987041,0.003207,-0.029627,-0.006414,30.98,66.541641057588
42942,-8.442476,-3.598805,3.996612,0.002443,-0.028558,-0.006414,30.94,66.4679041653558
42952,-8.449656,-3.601796,3.994219,0.001985,-0.027031,-0.006872,30.94,66.4982184027098
42962,-8.450851,-3.588037,4.00738,0.001527,-0.025504,-0.00672,30.95,66.4194102566051
42972,-8.443673,-3.6006,4.013362,0.00168,-0.022602,-0.006414,30.95,66.3841977253033
42982,-8.450851,-3.588636,4.009772,0.002291,-0.020311,-0.005956,30.94,66.4074084969795
42992,-8.44427,-3.59402,4.007978,0.00168,-0.017562,-0.007483,30.94,66.4077698316739
43002,-8.438289,-3.579663,4.006782,0.001833,-0.013897,-0.006872,30.96,66.3885586966998
43012,-8.44427,-3.589234,4.018745,0.001985,-0.010843,-0.007483,30.96,66.3470428806005
43022,-8.437692,-3.595216,4.011567,0.00168,-0.00733,-0.007178,30.91,66.376155187128
43032,-8.437093,-3.584448,4.015755,0.000916,-0.00336,-0.008399,30.91,66.3432518996005
43042,-8.437093,-3.58385,4.014558,0.000611,0.000153,-0.00901,30.93,66.3489921634625
43052,-8.43111,-3.59043,4.016353,0,0.003971,-0.00901,30.93,66.3328444202389
43062,-8.44128,-3.58744,4.018745,0,0.008247,-0.008705,30.95,66.3391152744535
43072,-8.44128,-3.595216,4.017549,0,0.012828,-0.009927,30.95,66.3523704311214
43082,-8.432307,-3.598805,4.015755,0,0.016493,-0.010537,30.99,66.3460572048395
43092,-8.44128,-3.583252,4.012764,0,0.019853,-0.010843,30.99,66.3667112590543
43102,-8.440084,-3.59402,4.00379,-0.000611,0.023366,-0.011454,30.96,66.4209157559667
43112,-8.444869,-3.584448,3.996612,-0.000916,0.029627,-0.01237,30.96,66.4600913807205
43122,-8.434101,-3.586243,3.996014,-0.001374,0.032681,-0.012217,30.96,66.4421563793833
43132,-8.445468,-3.585645,4.003192,-0.001069,0.034819,-0.013439,30.96,66.4278937015825
43142,-8.448458,-3.598207,4.000201,0,0.037568,-0.012981,30.96,66.4611149342114
43152,-8.445468,-3.595216,3.996612,-0.000153,0.039095,-0.013439,31,66.470980046953
43162,-8.454441,-3.596412,3.996612,0.000611,0.040623,-0.013592,31,66.4908982870681
43172,-8.449057,-3.601796,3.982255,0,0.040775,-0.013592,30.97,66.5597548259762
43182,-8.448458,-3.588037,3.987639,0.000153,0.041081,-0.014355,30.97,66.5179499403004
43192,-8.466404,-3.59043,3.987041,-0.000153,0.040928,-0.01405,30.95,66.5608418096587
43202,-8.454441,-3.602993,3.970889,-0.000305,0.040623,-0.013744,30.95,66.6317794998772
43212,-8.459227,-3.592225,3.971487,0,0.039859,-0.013134,30.98,66.6290665636857
43222,-8.459227,-3.598207,3.970291,0.000153,0.037721,-0.013134,30.98,66.6406593662132
43232,-8.462217,-3.580261,3.966702,0.001069,0.036041,-0.013744,30.98,66.6498613592617
43242,-8.465807,-3.585645,3.957729,0.000458,0.034667,-0.012828,30.98,66.7092796054909
43252,-8.463414,-3.594618,3.966104,0.000764,0.032987,-0.012981,30.95,66.6682087429125
43262,-8.472985,-3.595814,3.958327,0.001222,0.029627,-0.012981,30.95,66.7300558438245
43272,-8.467003,-3.6006,3.959523,0.001222,0.026573,-0.013286,30.95,66.7155579937999
43282,-8.472985,-3.59402,3.959523,0.001833,0.020006,-0.011301,30.95,66.7221898121204
43292,-8.464012,-3.602993,3.956532,0.001833,0.016952,-0.012217,30.95,66.7271718263076
43302,-8.477173,-3.597609,3.954738,0.00168,0.01237,-0.011606,30.95,66.7591954573358
43312,-8.47119,-3.595814,3.952943,0.00168,0.008247,-0.011912,30.95,66.7546155263016
43322,-8.468798,-3.598805,3.952943,0.002291,0.004123,-0.011301,30.97,66.7522843702173
43332,-8.47119,-3.592225,3.952943,0.002443,-0.000305,-0.01069,30.97,66.7514503762539
43342,-8.470592,-3.600002,3.955934,0.003207,-0.004123,-0.010385,30.98,66.7413510228415
43352,-8.464012,-3.597011,3.95055,0.00336,-0.008858,-0.010385,30.98,66.7533328617659
43362,-8.469995,-3.600002,3.955336,0.002749,-0.012065,-0.010079,30.96,66.7432524781058
43372,-8.462217,-3.603591,3.951746,0.002749,-0.014813,-0.010079,30.96,66.7491307397673
43382,-8.467003,-3.588037,3.955336,0.002596,-0.018173,-0.008399,30.94,66.7264639850108
43392,-8.467003,-3.59402,3.9673,0.003054,-0.021228,-0.008705,30.94,66.6688815033786
43402,-8.458628,-3.589234,3.966104,0.003207,-0.024129,-0.008858,30.95,66.6534493768276
43412,-8.457432,-3.605984,3.958925,0.003054,-0.025198,-0.00733,30.95,66.703550443254
43422,-8.459825,-3.589832,3.971487,0.00336,-0.027794,-0.008705,30.95,66.6281934325928
43432,-8.460423,-3.598805,3.972086,0.003054,-0.028863,-0.007941,30.95,66.6342595599541
43442,-8.456235,-3.58744,3.987041,0.002902,-0.029932,-0.007483,30.95,66.5368776494906
43452,-8.453843,-3.588037,3.993621,0.003054,-0.030696,-0.007941,30.95,66.4978595712977
43462,-8.441879,-3.589832,3.987041,0.002443,-0.031001,-0.008247,30.95,66.5088739918949
43472,-8.452645,-3.592823,3.99063,0.002138,-0.030391,-0.007789,30.95,66.5153062736231
43482,-8.440681,-3.595216,4.0008,0.002596,-0.028405,-0.007483,30.95,66.4389338413605
43492,-8.446664,-3.589832,3.99721,0.00168,-0.02642,-0.007789,30.92,66.4655415051446
43502,-8.443074,-3.578466,4.006183,0.002138,-0.025198,-0.007636,30.92,66.400732181532
43512,-8.442476,-3.585046,4.007978,0.002138,-0.022602,-0.007636,30.95,66.3959440830591
43522,-8.452645,-3.588037,4.011567,0.002138,-0.019548,-0.007941,30.95,66.4012462324866
43532,-8.458628,-3.588037,4.015755,0.002138,-0.016035,-0.007789,30.93,66.3919160270956
43542,-8.447861,-3.588636,4.014558,0.001069,-0.013286,-0.008247,30.93,66.3760245466453
43552,-8.443673,-3.583252,4.01396,0.001069,-0.00901,-0.008247,30.98,66.3654944877777
43562,-8.442476,-3.589234,4.012166,0.001527,-0.005498,-0.008094,30.98,66.3777367661947
43572,-8.446067,-3.588636,4.016353,0.000764,-0.001985,-0.009316,30.94,66.3628334926671
43582,-8.438888,-3.591029,4.019344,0,0.002138,-0.009927,30.94,66.334146432147
43592,-8.436494,-3.59043,4.021737,0.001069,0.006261,-0.009774,30.96,66.3160047157458
43602,-8.438888,-3.591029,4.01396,0.000153,0.010079,-0.009621,30.96,66.3623688841864
43612,-8.449057,-3.59402,4.014558,-0.000458,0.014355,-0.010079,30.96,66.3833723629271
43622,-8.446664,-3.591627,4.011567,-0.000305,0.017715,-0.01069,30.96,66.3918555310024
43632,-8.446664,-3.591627,4.009772,-0.000458,0.025351,-0.011301,31,66.401264124392
43642,-8.440681,-3.591029,4.002594,-0.000458,0.028405,-0.010232,30.94,66.425766557806
43652,-8.443673,-3.58744,3.998407,-0.000916,0.032223,-0.011759,30.94,66.4508268078586
43662,-8.457432,-3.592823,3.999603,-0.000916,0.034208,-0.01237,30.96,66.4782929019829
43672,-8.451449,-3.596412,3.995416,-0.000916,0.036194,-0.012828,30.96,66.4908897207605
43682,-8.443673,-3.6006,3.995416,-0.001222,0.038943,-0.012523,30.97,66.4783045772688
43692,-8.447861,-3.58744,3.991827,0,0.040164,-0.012065,30.97,66.4941746566936
43702,-8.455637,-3.586243,3.988835,-0.001222,0.040775,-0.01237,30.96,66.5251422641573
43712,-8.457432,-3.592225,3.991827,-0.000764,0.041692,-0.013286,30.96,66.5185357534107
43722,-8.456833,-3.592225,3.984648,-0.000153,0.041997,-0.013286,30.98,66.5549490110064
43732,-8.467003,-3.585046,3.976871,-0.000458,0.04215,-0.012217,30.98,66.6106836343404
43742,-8.465208,-3.595814,3.978068,0,0.041386,-0.012981,30.95,66.6101936897936
43752,-8.448458,-3.59402,3.972684,-0.000153,0.040164,-0.013592,30.95,66.6018512577937
43762,-8.465807,-3.583252,3.973282,-0.000153,0.038332,-0.012217,30.95,66.6254396694838
43772,-8.458031,-3.601198,3.966104,0.000153,0.036805,-0.012217,30.95,66.6628172681892
43782,-8.461619,-3.595216,3.959523,0.000611,0.034208,-0.012065,30.95,66.699581549605
43792,-8.465807,-3.592225,3.96072,0.000764,0.031001,-0.011606,30.95,66.6993700865605
43802,-8.459825,-3.59402,3.954738,0.000916,0.025045,-0.011912,30.96,66.7199468370368
43812,-8.458628,-3.596412,3.952943,0.00168,0.02138,-0.011454,30.95,66.7290132513903
43822,-8.472386,-3.592225,3.959523,0.00168,0.016646,-0.010996,30.95,66.7193594608449
43832,-8.477771,-3.586243,3.954139,0.001985,0.013439,-0.010079,30.94,66.753579049546
43842,-8.476574,-3.605386,3.954738,0.001833,0.009468,-0.01069,30.94,66.7648107021353
43852,-8.469995,-3.595814,3.945167,0.002443,0.005345,-0.01069,30.95,66.7930195267664
43862,-8.472985,-3.592823,3.946961,0.002596,0.001374,-0.009927,30.95,66.7871574043352
43872,-8.465208,-3.604787,3.94397,0.003512,-0.002596,-0.009316,30.96,66.797299254185
43882,-8.468798,-3.594618,3.951149,0.002443,-0.006414,-0.009316,30.96,66.7580199207647
43892,-8.477771,-3.605984,3.949354,0.002749,-0.010079,-0.00901,30.92,66.7961016748285
43902,-8.476574,-3.592225,3.957131,0.003054,-0.014203,-0.009621,30.92,66.7406363828407
43912,-8.467003,-3.591029,3.955336,0.003512,-0.016952,-0.008247,30.99,66.7291047654521
43922,-8.461619,-3.601796,3.958925,0.00336,-0.020311,-0.009163,30.99,66.7085535102324
43932,-8.466404,-3.601796,3.969095,0.003207,-0.023366,-0.008858,30.95,66.6650955667531
43942,-8.46461,-3.583252,3.964907,0.00336,-0.025962,-0.00733,30.95,66.6669375463904
43952,-8.467003,-3.592225,3.9673,0.003512,-0.027336,-0.007178,30.97,66.667292983871
43962,-8.460423,-3.589234,3.975077,0.003207,-0.029322,-0.007483,30.97,66.6100560960567
43972,-8.459227,-3.586841,3.984648,0.003818,-0.031918,-0.007025,30.96,66.5551775368668
43982,-8.444869,-3.591627,3.979862,0.003665,-0.032987,-0.007178,30.95,66.5544735368015
43992,-8.451449,-3.601796,3.983452,0.003512,-0.032529,-0.00733,30.95,66.5584794383956
44002,-8.451449,-3.593421,3.992425,0.003207,-0.031765,-0.007483,30.97,66.5039105544914
44012,-8.451449,-3.585046,3.993621,0.003665,-0.03146,-0.007025,30.97,66.4901635581021
44022,-8.443673,-3.583252,3.987041,0.002596,-0.030849,-0.007178,30.94,66.5067697100956
44032,-8.447861,-3.591029,4.012166,0.001985,-0.028558,-0.007483,30.94,66.3907036132074
44042,-8.460423,-3.584448,4.003192,0.002138,-0.02642,-0.008094,30.96,66.4583001729649
44052,-8.447861,-3.58744,4.009174,0.002443,-0.023671,-0.00733,30.96,66.4031718848483
44062,-8.446067,-3.588636,4.011567,0.001985,-0.021228,-0.008858,30.95,66.3879161700816
44072,-8.437093,-3.59402,4.018745,0.002138,-0.017715,-0.00733,30.95,66.3361835994198
44082,-8.439486,-3.586841,4.01396,0.00168,-0.014813,-0.008705,30.97,66.3598704197773
44092,-8.438289,-3.588636,4.022335,0.001527,-0.011301,-0.009316,30.97,66.3150533858164
44102,-8.431709,-3.593421,4.014558,0.001527,-0.00733,-0.010079,30.97,66.34621944968
44112,-8.442476,-3.591627,4.027121,0.000764,-0.003971,-0.010996,30.97,66.3015304672126
44122,-8.447262,-3.59402,4.019344,0.001069,0.000764,-0.010385,30.99,66.3545176641761
44132,-8.441879,-3.59043,4.010969,0.000611,0.004581,-0.011606,30.99,66.3838261239432
44142,-8.42812,-3.595814,4.017549,0.001374,0.009468,-0.012065,30.97,66.3251015866343
44152,-8.434101,-3.582654,4.009174,0.000916,0.017257,-0.011912,30.94,66.3698401726465
44162,-8.440084,-3.589832,4.018147,0.000305,0.021228,-0.013439,30.94,66.3418710347982
44172,-8.443074,-3.593421,4.019942,0.000305,0.024893,-0.012675,30.98,66.3420068617263
44182,-8.433504,-3.583252,4.012166,-0.000305,0.027947,-0.013134,30.98,66.3534147848967
44192,-8.437692,-3.592225,4.005585,-0.000153,0.031154,-0.013592,30.94,66.4048456329066
44202,-8.437093,-3.586841,4.010969,-0.000611,0.033598,-0.013134,30.94,66.3705023495492
44212,-8.448458,-3.600002,4.009174,-0.000916,0.036805,-0.013439,30.96,66.4156842223927
44222,-8.452645,-3.596412,3.996014,0,0.038943,-0.013439,30.96,66.4902641438859
44232,-8.452645,-3.600002,4.000201,-0.001374,0.040012,-0.013897,30.94,66.4715177942845
44242,-8.441879,-3.603591,4.002594,-0.000764,0.04215,-0.01405,30.94,66.4395583367197
44252,-8.456235,-3.595216,3.97747,-0.001833,0.042761,-0.014203,30.95,66.5940431191778
44262,-8.447861,-3.6006,3.980461,-0.00168,0.04383,-0.013286,30.95,66.5656038475601
44272,-8.463414,-3.596412,3.989433,-0.001222,0.044288,-0.012981,30.94,66.5473545473722
44282,-8.459227,-3.586243,3.982853,-0.002138,0.043371,-0.013897,30.94,66.5640683899232
44292,-8.450253,-3.586841,3.978666,-0.00168,0.042761,-0.013439,30.97,66.5677833836506
44302,-8.455039,-3.598207,3.976273,-0.000764,0.041997,-0.012523,30.97,66.6004888891297
44312,-8.459227,-3.591029,3.966702,-0.001985,0.039554,-0.012065,30.91,66.653148211469
44322,-8.46461,-3.602993,3.965506,-0.000458,0.035888,-0.011759,30.91,66.6812655543305
44332,-8.469995,-3.599404,3.954738,-0.000611,0.032529,-0.011301,31,66.7458668076572
44342,-8.465208,-3.601198,3.956532,-0.000611,0.029322,-0.011148,30.96,66.7280707287928
44352,-8.47119,-3.602395,3.948756,-0.000458,0.026114,-0.011301,30.96,66.7824310666326
44362,-8.468798,-3.599404,3.951746,-0.000611,0.022144,-0.01069,30.91,66.7591056966381
44372,-8.467602,-3.59402,3.956532,0.000153,0.018937,-0.010232,30.91,66.7267055754077
44382,-8.477173,-3.596412,3.952943,0.001069,0.013744,-0.010385,30.95,66.7675707437081
44392,-8.461619,-3.603591,3.945167,0.000611,0.00901,-0.009621,30.95,66.7824949594693
44402,-8.467602,-3.59043,3.96072,0.001374,0.005345,-0.009316,30.98,66.7015236491391
44412,-8.470592,-3.593421,3.949952,0.00168,0.001069,-0.008552,30.98,66.7669864912873
44422,-8.469995,-3.608377,3.949354,0.002443,-0.003207,-0.008552,30.95,66.7820909789481
44432,-8.474181,-3.602395,3.955336,0.002443,-0.007483,-0.007636,30.95,66.7540623403152
44442,-8.473583,-3.595216,3.955934,0.002291,-0.012065,-0.007483,30.93,66.7433437098657
44452,-8.46461,-3.603591,3.959523,0.002443,-0.016493,-0.00733,30.93,66.713226717271
44462,-8.465208,-3.588037,3.955934,0.002596,-0.019548,-0.00733,30.94,66.7195812875076
44472,-8.462217,-3.59402,3.960122,0.002902,-0.021533,-0.007178,30.94,66.6966201329996
44482,-8.461619,-3.59402,3.964309,0.003054,-0.025198,-0.007178,30.94,66.6733667520511
44492,-8.477771,-3.584448,3.961318,0.00336,-0.02978,-0.00672,30.94,66.7142856660267
44502,-8.460423,-3.595814,3.978068,0.003054,-0.032223,-0.006261,30.95,66.6001933392308
44512,-8.467602,-3.592823,3.981059,0.004123,-0.033139,-0.006261,30.96,66.5968489894472
44522,-8.452645,-3.588037,3.989433,0.003512,-0.033903,-0.006261,30.96,66.5173217953298
44532,-8.453843,-3.585645,3.993023,0.00336,-0.034208,-0.007636,30.95,66.498865593816
44542,-8.450253,-3.582654,3.996014,0.004429,-0.034056,-0.007636,30.95,66.4729578111904
44552,-8.447861,-3.6006,3.999603,0.003665,-0.033903,-0.007789,31.02,66.4651390674722
44562,-8.449057,-3.594618,4.004389,0.003971,-0.032223,-0.007789,31.02,66.4372017252095
44572,-8.437093,-3.589832,3.996014,0.003665,-0.031154,-0.008552,30.96,66.4516763100464
44582,-8.447262,-3.59043,4.000201,0.003818,-0.028711,-0.007483,30.96,66.4516413633082
44592,-8.43111,-3.586243,3.998407,0.002902,-0.026114,-0.008552,30.95,66.4232788127199
44602,-8.446664,-3.588037,4.003192,0.003054,-0.023366,-0.008094,30.95,66.432552669177
44612,-8.446067,-3.59402,4.01396,0.003818,-0.020159,-0.009316,30.9,66.380202158034
44622,-8.44427,-3.59043,4.015755,0.00336,-0.016341,-0.009468,30.9,66.3637837089422
44632,-8.431709,-3.586841,4.010969,0.002443,-0.012675,-0.010232,30.96,66.3591266358704
44642,-8.42812,-3.59043,4.015156,0.002749,-0.010079,-0.010079,30.96,66.3327989544959
44652,-8.448458,-3.592225,4.024727,0.002291,-0.005803,-0.010843,30.97,66.3272446227216
44662,-8.437093,-3.59043,4.023531,0.002138,-0.00168,-0.010996,30.97,66.307870864168
44672,-8.446664,-3.586841,4.028317,0.00168,0.006567,-0.011454,30.94,66.2998241290507
44682,-8.450851,-3.591029,4.018147,0.001527,0.010996,-0.012065,30.96,66.3656750701531
44692,-8.447861,-3.597011,4.027121,0.001222,0.014966,-0.011606,30.96,66.3177539668636
44702,-8.438289,-3.576073,4.021737,0.000611,0.0197,-0.012523,31.01,66.30689847053
44712,-8.441879,-3.593421,4.016951,0.000458,0.022755,-0.012217,31.01,66.3551551425579
44722,-8.44128,-3.585645,4.015156,-0.000153,0.025962,-0.012981,30.97,66.3563159992276
44732,-8.445468,-3.582654,4.010969,-0.000458,0.027947,-0.013897,30.97,66.3844297100844
44742,-8.447861,-3.592225,4.007978,-0.000611,0.03207,-0.012675,30.99,66.4137259470054
44752,-8.459825,-3.59043,4.008576,-0.00168,0.03375,-0.013592,30.99,66.4341677547556
44762,-8.450253,-3.584448,4.008576,-0.001374,0.036194,-0.013439,30.94,66.4086719074998
44772,-8.447861,-3.594618,4.00379,-0.001527,0.038332,-0.013744,30.94,66.4378259269437
44782,-8.450253,-3.586841,3.990032,-0.001222,0.039095,-0.01405,30.97,66.5080890025398
44792,-8.451449,-3.595814,3.996014,-0.001069,0.040164,-0.013134,30.97,66.4872186686581
44802,-8.459227,-3.602395,3.989433,-0.001222,0.041539,-0.013592,30.99,66.5439170944469
44812,-8.456235,-3.59402,3.982255,-0.001527,0.041081,-0.013439,30.99,66.5678552037368
44822,-8.449057,-3.595216,3.987041,-0.001527,0.040775,-0.013439,30.95,66.5287518244673
44832,-8.471789,-3.589234,3.97388,-0.002138,0.040775,-0.013134,30.95,66.640086016073
44842,-8.460423,-3.595216,3.97388,-0.002138,0.037874,-0.012828,30.95,66.6216513700978
44852,-8.462217,-3.59402,3.966702,-0.001527,0.03711,-0.011606,30.95,66.6620400766075
44862,-8.462217,-3.597011,3.970889,-0.00168,0.034514,-0.011454,30.95,66.642698425841
44872,-8.468199,-3.586243,3.966702,-0.001985,0.031307,-0.011148,30.94,66.6676395471197
44882,-8.470592,-3.596412,3.955934,-0.001985,0.028711,-0.011454,30.94,66.7381806573751
44892,-8.469396,-3.593421,3.957729,-0.001985,0.025656,-0.011606,30.94,66.7236189762241
44902,-8.477173,-3.600002,3.957131,-0.001069,0.022907,-0.010232,30.94,66.7487364822857
44912,-8.465807,-3.599404,3.958327,-0.000458,0.01909,-0.009316,30.96,66.7182956673718
44923,-8.46102,-3.602993,3.964309,-0.000916,0.015424,-0.009774,30.96,66.6800738224861
44932,-8.463414,-3.6006,3.948756,-0.000764,0.011148,-0.008858,30.94,66.7646980141186
44942,-8.469995,-3.591029,3.948158,-0.000611,0.007483,-0.008552,30.94,66.7730719735004
44952,-8.477173,-3.589832,3.955934,-0.000764,0.00336,-0.008399,30.95,66.7460624386639
44962,-8.477173,-3.596412,3.952345,-0.000916,0.000458,-0.007941,30.95,66.7707126466822
44972,-8.474779,-3.597011,3.963711,-0.000916,-0.002596,-0.007178,30.94,66.7065690736974
44982,-8.462815,-3.602993,3.961916,-0.000764,-0.00733,-0.008247,30.94,66.696386277783
44992,-8.480762,-3.604189,3.958925,0.000153,-0.010079,-0.007941,30.96,66.7504617772444
45002,-8.473583,-3.592225,3.961916,0.000458,-0.013286,-0.007941,30.96,66.7092808022689
45012,-8.468199,-3.591029,3.966702,0.000611,-0.018173,-0.006109,30.97,66.6718700864607
45022,-8.458628,-3.599404,3.970889,0.000916,-0.020617,-0.006872,30.97,66.6373308334272
45032,-8.462217,-3.59402,3.978666,0.001374,-0.022297,-0.005956,30.97,66.5992114609199
45042,-8.459825,-3.589832,3.972086,0.000458,-0.024129,-0.006872,30.97,66.6250466764585
45052,-8.464012,-3.58744,3.97747,0.000458,-0.025504,-0.006567,30.97,66.6034054721632
45062,-8.472985,-3.6006,3.983452,0.001069,-0.026267,-0.006109,30.98,66.6024422360941
45072,-8.450851,-3.594618,3.980461,0.002443,-0.026878,-0.00672,30.98,66.5665316627956
45082,-8.450253,-3.589832,3.989433,0.002749,-0.026573,-0.00733,30.99,66.5139005446663
45092,-8.452645,-3.597011,3.992425,0.002443,-0.025504,-0.007025,30.99,66.509625261371
45102,-8.454441,-3.594618,3.981657,0.002902,-0.02474,-0.007178,30.96,66.5677703271899
45112,-8.432905,-3.592225,3.995416,0.002138,-0.024435,-0.00733,30.96,66.448141999605
45122,-8.437692,-3.591627,4.000201,0.002291,-0.02306,-0.007789,30.94,66.4325641962695
45132,-8.449656,-3.583252,4.003192,0.002596,-0.021075,-0.007941,30.94,66.4345767746178
45142,-8.450851,-3.58385,3.999005,0.002443,-0.018021,-0.008247,30.91,66.4595891656511
45152,-8.448458,-3.58744,4.013362,0.002138,-0.015882,-0.008552,30.91,66.3824796304509
45162,-8.435897,-3.59402,4.002594,0.003207,-0.013592,-0.009163,30.98,66.4183687492585
45172,-8.438289,-3.593421,3.999005,0.002291,-0.010996,-0.009163,30.98,66.441708453402
45182,-8.429317,-3.58744,4.008576,0.002443,-0.00733,-0.010537,30.94,66.3671689690977
45192,-8.433504,-3.58385,4.018147,0.00168,-0.001374,-0.011148,30.96,66.3225784092299
45202,-8.437692,-3.582654,4.010969,0.002138,0.001527,-0.010232,30.96,66.368009879572
45212,-8.44427,-3.59043,4.014558,0.001833,0.004887,-0.010996,30.97,66.3700568397674
45222,-8.442476,-3.582654,4.008576,0.001833,0.008094,-0.011454,30.97,66.3906648482885
45232,-8.445468,-3.588636,4.005585,0.001985,0.010996,-0.012065,30.98,66.4180183605485
45242,-8.437093,-3.595814,4.018147,0.001222,0.013897,-0.011606,30.98,66.3409328086776
45252,-8.448458,-3.596412,4.009174,0.001374,0.016493,-0.011454,30.94,66.4124656526914
45262,-8.441879,-3.589832,4.001398,0.000916,0.019548,-0.012217,30.94,66.4334935022036
45272,-8.446664,-3.589832,4.015755,0.000153,0.022297,-0.012523,30.97,66.3682992641755
45282,-8.429914,-3.598207,3.996612,0.001222,0.024587,-0.012675,30.97,66.4409325503208
45292,-8.448458,-3.589234,3.990032,0.000611,0.025962,-0.013439,30.93,66.5064532393946
45302,-8.450253,-3.592823,4.001996,0.000153,0.028405,-0.01237,30.93,66.4506588949327
45312,-8.452048,-3.585046,3.998407,0.000458,0.029627,-0.011759,30.95,66.4663113928929
45322,-8.434101,-3.593421,3.991228,-0.000153,0.030391,-0.012981,30.95,66.4737338573734
45332,-8.452048,-3.582654,3.992425,-0.000153,0.03207,-0.012675,30.94,66.4955677201693
45342,-8.451449,-3.596412,3.981657,0.000153,0.031918,-0.012828,30.94,66.5631020780509
45352,-8.455637,-3.591627,3.988835,-0.000153,0.031612,-0.012828,30.98,66.5299359603301
45362,-8.449656,-3.603591,3.97747,-0.000458,0.031001,-0.011301,30.97,66.5877404591444
45372,-8.444869,-3.59043,3.981657,-0.001069,0.029932,-0.011301,30.97,66.5439734105641
45382,-8.456235,-3.595814,3.979264,-0.000916,0.029016,-0.011301,30.98,66.5851547367015
45392,-8.460423,-3.598207,3.981657,-0.001222,0.027184,-0.011759,30.98,66.583483286218
45402,-8.453244,-3.589234,3.970291,-0.000305,0.025504,-0.011454,30.96,66.6201878944062
45412,-8.456833,-3.591029,3.9673,-0.000916,0.023213,-0.011606,30.96,66.6450051377449
45422,-8.459825,-3.595216,3.966702,-0.000611,0.021075,-0.010385,30.97,66.6581089869465
45432,-8.456833,-3.597609,3.9673,-0.000305,0.018631,-0.010996,30.97,66.6508453274045
45442,-8.466404,-3.597609,3.957729,-0.000611,0.016341,-0.010232,30.97,66.7210930645713
45452,-8.465208,-3.598207,3.963113,-0.001374,0.013286,-0.009316,30.97,66.6908408171065
45462,-8.460423,-3.591627,3.969693,-0.000764,0.010385,-0.008552,30.99,66.6404595384196
45472,-8.46102,-3.605386,3.964309,-0.001222,0.006872,-0.009468,30.99,66.6821977060216
45482,-8.459825,-3.599404,3.963113,-0.001374,0.003971,-0.009621,30.95,66.6806838371031
45492,-8.472386,-3.599404,3.962514,-0.001527,0.001527,-0.008247,30.95,66.7099895179032
45502,-8.46102,-3.591029,3.963113,-0.000764,-0.00168,-0.00901,30.99,66.6757540285219
45512,-8.46102,-3.588636,3.969693,-0.001069,-0.004581,-0.008552,30.99,66.6390554215825
45522,-8.452645,-3.597011,3.962514,-0.000153,-0.006414,-0.00733,30.97,66.6667318193254
45532,-8.463414,-3.59402,3.97747,-0.000458,-0.010996,-0.007483,30.97,66.6079914528682
45542,-8.468798,-3.589832,3.971487,-0.000611,-0.012981,-0.007025,30.97,66.6469337495016
45552,-8.454441,-3.592225,3.970889,-0.000458,-0.014508,-0.007483,30.98,66.6222049466073
45562,-8.469396,-3.593421,3.982255,-0.000611,-0.016035,-0.007636,30.98,66.5948551456665
45572,-8.461619,-3.591029,3.97747,-0.000611,-0.016952,-0.007483,30.98,66.6015842926554
45582,-8.453244,-3.603591,3.97747,-0.000305,-0.017868,-0.007025,30.98,66.5952445402173
45592,-8.456833,-3.59402,3.97388,0.000153,-0.018479,-0.007178,30.99,66.6130858747721
45602,-8.443673,-3.591627,3.984648,-0.000153,-0.018631,-0.006872,30.99,66.5268168527263
45612,-8.458031,-3.593421,3.988237,0.000305,-0.017868,-0.007941,30.95,66.539690047053
45622,-8.452645,-3.594618,3.988237,-0.000153,-0.018021,-0.007025,30.95,66.5294655926729
45632,-8.453244,-3.592225,3.995416,0,-0.016493,-0.007178,30.96,66.4909201660545
45642,-8.449656,-3.605984,4.000201,0.000611,-0.016341,-0.007636,30.96,66.4705966323855
45652,-8.446664,-3.601198,3.991228,0.000305,-0.014661,-0.007025,30.98,66.5070987204739
45662,-8.454441,-3.601198,4.003192,0.000305,-0.012675,-0.008247,30.98,66.4606822906968
45672,-8.453244,-3.585645,3.991228,0.000611,-0.010843,-0.008399,30.97,66.5070272231671
45682,-8.446664,-3.592823,4.004389,0.000611,-0.008705,-0.009163,30.97,66.430558370781
45692,-8.44427,-3.58744,4.009174,0.000153,-0.006414,-0.008094,30.96,66.3956006702113
45702,-8.450851,-3.595216,4.002594,-0.000305,-0.00168,-0.009927,30.96,66.45092118129
45712,-8.437093,-3.598207,4.006183,0.001222,0.001374,-0.008858,30.96,66.4058190080217
45722,-8.449057,-3.596412,4.004389,0.001069,0.004734,-0.009621,30.97,66.438807841362
45732,-8.449057,-3.592823,4.006782,0.000916,0.007025,-0.009621,30.97,66.4230495274643
45742,-8.448458,-3.588636,4.006782,0.000458,0.009163,-0.010232,30.99,66.4180407196266
45752,-8.444869,-3.584448,3.999005,0.000764,0.011912,-0.011148,30.99,66.4475312917462
45762,-8.448458,-3.595814,4.0008,0.000611,0.014813,-0.011148,30.99,66.4558317303374
45772,-8.448458,-3.597609,4.009174,0.000764,0.018021,-0.010232,30.99,66.4135385980628
45782,-8.447262,-3.585645,4.000201,0.000611,0.0197,-0.010843,30.97,66.447363730357
45792,-8.440084,-3.589832,4.004987,0.000611,0.021228,-0.011454,30.97,66.4108794651136
45802,-8.443673,-3.592823,4.0008,0.001222,0.023518,-0.012217,30.98,66.4430876030088
45812,-8.447262,-3.59043,3.996612,0.001222,0.024282,-0.012523,30.98,66.4704716271136
45822,-8.449656,-3.595814,3.981059,0.000764,0.025809,-0.012675,30.95,66.561953331336
45832,-8.460423,-3.58744,3.981059,0.000611,0.027031,-0.012217,30.95,66.5770539834931
45842,-8.467003,-3.589234,3.984648,0.000764,0.027947,-0.012523,30.98,66.5735854951043
45852,-8.456235,-3.592823,3.981059,0.001069,0.027642,-0.013134,30.98,66.5730691170681
45862,-8.458031,-3.595814,3.983452,0.000916,0.027642,-0.012828,30.92,66.5669290450919
45872,-8.459227,-3.596412,3.972684,0.001527,0.026573,-0.011454,30.92,66.6264959385202
45882,-8.46102,-3.597011,3.97747,0.001069,0.025045,-0.012065,30.97,66.6056440845883
45892,-8.464012,-3.601796,3.976273,0.000458,0.023213,-0.012065,30.97,66.6224274915748
45902,-8.466404,-3.597011,3.982255,0.000305,0.021838,-0.011912,30.97,66.5917874782073
45912,-8.457432,-3.602395,3.978666,0.000764,0.019395,-0.011759,30.98,66.5966550234593
45922,-8.468798,-3.606582,3.975675,0.001374,0.01741,-0.01069,30.98,66.6397992842598
45932,-8.46461,-3.604787,3.972684,0.000305,0.015272,-0.011912,30.93,66.6451687739494
45942,-8.462815,-3.598207,3.966702,0.001222,0.012217,-0.01069,30.93,66.6669986987176
45952,-8.461619,-3.593421,3.970291,0.001069,0.009316,-0.010079,30.95,66.6414065676104
45962,-8.461619,-3.598805,3.966702,0.001985,0.007178,-0.010079,30.95,66.66503487919
45972,-8.463414,-3.596412,3.968496,0.001374,0.004887,-0.009774,30.96,66.6572332369261
45982,-8.453244,-3.592823,3.959523,0.000764,0.002138,-0.009163,30.96,66.6799959308342
45992,-8.468199,-3.600002,3.965506,0.000764,-0.000916,-0.00901,30.96,66.6860910117311
46002,-8.463414,-3.588636,3.970291,0.000611,-0.003665,-0.009316,30.96,66.640914773003
46012,-8.460423,-3.591029,3.968496,0.000764,-0.006109,-0.008399,30.95,66.6462184493229
46022,-8.46461,-3.595216,3.966104,0.000916,-0.008705,-0.008552,30.95,66.6712326419241
46032,-8.458031,-3.598207,3.972684,0.000916,-0.011606,-0.008399,30.95,66.6255922184852
46042,-8.458628,-3.601198,3.975675,0.000764,-0.013592,-0.00733,30.95,66.6137916241403
46052,-8.448458,-3.585046,3.969095,0.000305,-0.016341,-0.007789,30.97,66.612740078748
46062,-8.452048,-3.595216,3.988835,0.000764,-0.017562,-0.00672,30.93,66.5256084886468
46072,-8.464012,-3.588037,3.983452,0.000458,-0.018937,-0.007025,30.93,66.5725381335407
46082,-8.46102,-3.576672,3.985246,-0.000153,-0.01909,-0.006567,30.94,66.5467714377333
46092,-8.436494,-3.589234,3.987639,0.000153,-0.019242,-0.006567,30.94,66.4938766511275
46102,-8.457432,-3.584448,3.98405,-0.000305,-0.019548,-0.006261,30.98,66.5524279236399
46112,-8.447861,-3.591029,3.991827,0.000153,-0.018479,-0.006414,30.98,66.4973786420809
46122,-8.465208,-3.598805,3.992425,-0.000611,-0.017715,-0.007178,30.96,66.537554230148
46132,-8.450253,-3.591627,4.004389,-0.000611,-0.015882,-0.005956,30.96,66.4370420401318
46142,-8.447861,-3.591029,3.999603,-0.001374,-0.014661,-0.007025,30.95,66.4565742323361
46152,-8.447262,-3.588037,4.003192,-0.000916,-0.01237,-0.007025,30.95,66.4338119489701
46162,-8.450851,-3.577868,4.001398,-0.001069,-0.010843,-0.007636,30.98,66.4416990680934
46172,-8.434101,-3.582654,4.010969,-0.001374,-0.008858,-0.008094,30.98,66.3604206243666
46182,-8.438289,-3.595814,4.005585,-0.001374,-0.005498,-0.007178,30.95,66.4093267157899
46192,-8.446067,-3.589234,4.004389,-0.002291,-0.00336,-0.007941,30.95,66.4260881711953
46202,-8.442476,-3.594618,4.00738,-0.002291,-0.001222,-0.008399,30.96,66.4076618302576
46212,-8.452048,-3.582056,4.004389,-0.002291,0.001985,-0.008858,30.96,66.4322692638455
46222,-8.443673,-3.591029,4.007978,-0.00168,0.008247,-0.008399,30.93,66.4038299797272
46232,-8.449057,-3.588636,4.011567,-0.00168,0.010385,-0.009774,31.03,66.3942205212146
46242,-8.437093,-3.59402,4.006183,-0.001833,0.014203,-0.009927,31.03,66.4020569254965
46252,-8.448458,-3.586243,4.010969,-0.002291,0.016646,-0.010537,30.98,66.3939496802905
46262,-8.439486,-3.593421,4.009772,-0.002596,0.0197,-0.009927,30.98,66.387739962857
46272,-8.435298,-3.585645,3.99721,-0.001985,0.022144,-0.01069,30.95,66.4378614794962
46282,-8.44128,-3.576672,4.002594,-0.002443,0.023976,-0.011148,30.95,66.4141768083535
46292,-8.452048,-3.595814,3.997808,-0.002443,0.025962,-0.010537,30.95,66.4790674052801
46302,-8.447861,-3.592225,4.000201,-0.00168,0.028711,-0.010843,30.95,66.4545069300869
46312,-8.445468,-3.577868,4.000201,-0.002443,0.029322,-0.01237,30.96,66.4366379003966
46322,-8.456235,-3.591627,3.991827,-0.002443,0.030849,-0.012065,30.96,66.5154920158929
46332,-8.453244,-3.600002,3.988835,-0.002291,0.031918,-0.012828,30.96,66.5323867594071
46342,-8.462815,-3.600002,3.990032,-0.001833,0.031765,-0.012981,30.96,66.5461550842422
46352,-8.448458,-3.595216,3.973282,-0.001222,0.031765,-0.012217,30.99,66.59977306119
46362,-8.463414,-3.588636,3.98405,-0.001069,0.03207,-0.012217,30.99,66.5686800613002
46372,-8.467602,-3.591029,3.975675,-0.001069,0.032223,-0.012828,30.96,66.6235113790393
46382,-8.468199,-3.58385,3.982255,-0.000916,0.031001,-0.012523,30.96,66.5838703489946
46392,-8.459227,-3.583252,3.971487,-0.000458,0.029169,-0.012981,30.94,66.6211104024575
46402,-8.462217,-3.585046,3.966104,0.000153,0.026573,-0.011912,30.99,66.6572364137195
46412,-8.465208,-3.594618,3.972086,0.000458,0.02474,-0.011301,30.99,66.6405337871292
46422,-8.465807,-3.592823,3.961318,0.000305,0.022602,-0.011912,30.96,66.6967561986668
46432,-8.462815,-3.591627,3.968496,0,0.019548,-0.012675,30.96,66.6517427224412
46442,-8.465807,-3.601198,3.957729,0.000611,0.016799,-0.010996,30.99,66.7230257977744
46452,-8.477173,-3.589234,3.956532,0.001527,0.013592,-0.010537,30.99,66.7423943498689
46462,-8.469995,-3.589832,3.961916,0.001374,0.011148,-0.010996,30.97,66.6996967231889
46472,-8.464012,-3.601198,3.957729,0.001985,0.008247,-0.011301,30.97,66.719291008911
46482,-8.459825,-3.59402,3.952943,0.001069,0.004887,-0.01069,30.95,66.7293888427797
46492,-8.455637,-3.598805,3.975077,0.001069,0.001833,-0.010232,30.95,66.6085527040116
46502,-8.468199,-3.603591,3.961318,0.001833,-0.002291,-0.009774,30.96,66.711263788908
46512,-8.464012,-3.597011,3.962514,0.002138,-0.00504,-0.009468,30.96,66.6904371959486
46522,-8.462217,-3.589832,3.973282,0.00168,-0.007636,-0.008858,30.96,66.6237638912461
46532,-8.462815,-3.598805,3.956532,0.001527,-0.010996,-0.008858,30.96,66.7209735175157
46542,-8.465807,-3.59402,3.964907,0.002749,-0.013134,-0.008705,30.97,66.6789576378296
46552,-8.453843,-3.598805,3.975675,0.002749,-0.015882,-0.008247,30.97,66.6016609344114
46562,-8.454441,-3.598207,3.97388,0.001833,-0.018631,-0.007483,31.01,66.6118078739325
46572,-8.455637,-3.591627,3.97747,0.002443,-0.022144,-0.007178,30.98,66.5896004583729
46582,-8.453843,-3.580859,3.981657,0.002138,-0.023671,-0.006414,30.98,66.5542790855819
46592,-8.46102,-3.589832,3.978666,0.001374,-0.025504,-0.007025,30.96,66.5929898138343
46602,-8.460423,-3.598805,3.988835,0.002443,-0.025809,-0.006109,30.96,66.5463582951979
46612,-8.459227,-3.589832,3.985246,0.001985,-0.02642,-0.006414,30.97,66.5546975112313
46622,-8.465208,-3.58744,3.987639,0.002138,-0.026114,-0.006109,30.97,66.5525467686757
46632,-8.447861,-3.585645,3.991228,0.001374,-0.025962,-0.005803,30.98,66.4957177090172
46642,-8.452048,-3.585645,3.986442,0.001374,-0.025351,-0.006109,30.98,66.5296402048681
46652,-8.446067,-3.595814,3.996612,0.000916,-0.024893,-0.006567,30.99,66.4727743072701
46663,-8.440681,-3.583252,3.991827,0.001069,-0.023518,-0.005651,30.99,66.4753334136384
46672,-8.443673,-3.579663,3.996014,0.000458,-0.021533,-0.005498,30.99,66.4564384324017
46682,-8.44427,-3.586841,4.00738,-0.000153,-0.018784,-0.005498,30.99,66.4044720040679
46692,-8.440084,-3.589832,4.002594,-0.000916,-0.016493,-0.00672,30.97,66.4234356929141
46702,-8.440681,-3.586841,4.010371,0.000458,-0.01405,-0.007483,30.97,66.3812143922049
46712,-8.447861,-3.594618,4.012764,-0.000305,-0.010996,-0.007025,30.95,66.3907871215648
46722,-8.437093,-3.585645,4.011567,-0.001222,-0.008552,-0.00672,30.95,66.3662917057398
46732,-8.436494,-3.59402,4.023531,-0.000916,-0.005498,-0.006414,31,66.3098371416759
46742,-8.438289,-3.584448,4.017549,-0.001527,0.001833,-0.007636,31,66.3363742188121
46752,-8.429914,-3.595216,4.012764,-0.002749,0.005345,-0.007941,31,66.3534539657004
46762,-8.440084,-3.595814,4.010371,-0.002749,0.007941,-0.008399,30.97,66.3880095655844
46772,-8.443673,-3.582654,4.015755,-0.003054,0.011454,-0.009163,30.97,66.3555487794597
46782,-8.4347,-3.581457,4.015755,-0.002443,0.01573,-0.009163,30.97,66.3355037217439
46792,-8.441879,-3.593421,4.013362,-0.002902,0.019395,-0.009468,30.97,66.373965485329
46802,-8.452048,-3.589234,4.012764,-0.002749,0.02138,-0.010079,30.96,66.3947876356531
46812,-8.432307,-3.592225,4.008576,-0.002749,0.02474,-0.009774,30.96,66.3777891286522
46822,-8.442476,-3.588037,4.014558,-0.002902,0.027794,-0.009621,30.96,66.3641230459685
46832,-8.439486,-3.594618,4.004389,-0.003207,0.02978,-0.010843,30.96,66.4170498325119
46842,-8.442476,-3.59043,4.00379,-0.002902,0.031612,-0.01069,30.95,66.4227365987412
46852,-8.444869,-3.59043,3.98405,-0.002596,0.032987,-0.011454,30.95,66.5314005239609
46862,-8.455039,-3.593421,4.001398,-0.00336,0.034361,-0.012675,30.99,66.4643900168693
46872,-8.446664,-3.586243,3.995416,-0.003207,0.035736,-0.011912,30.99,66.4717497840763
46882,-8.439486,-3.589832,3.985246,-0.003207,0.036499,-0.013134,30.98,66.5132770519826
46892,-8.444869,-3.592823,3.990032,-0.003054,0.03711,-0.012217,30.98,66.5021196046861
46902,-8.459825,-3.595216,3.981059,-0.002902,0.036652,-0.011912,30.98,66.5827110028512
46912,-8.468798,-3.598207,3.967898,-0.002749,0.035125,-0.01237,30.98,66.6731894298265
46922,-8.456235,-3.596412,3.975077,-0.001527,0.034514,-0.011606,30.96,66.6076744221607
46932,-8.456235,-3.597609,3.970889,-0.001374,0.031918,-0.011912,30.98,66.6307382775034
46942,-8.463414,-3.601796,3.969693,-0.000916,0.030849,-0.011912,30.98,66.6557223176182
46952,-8.472985,-3.592225,3.964907,-0.00168,0.0281,-0.011912,30.98,66.6923280793139
46962,-8.462815,-3.597011,3.961318,-0.001374,0.025809,-0.011912,30.98,66.694228126399
46972,-8.466404,-3.601198,3.967898,-0.00168,0.022144,-0.012675,30.98,66.6708503524675
46982,-8.463414,-3.594618,3.956532,-0.000916,0.018937,-0.011912,30.98,66.7185160490922
46992,-8.472985,-3.597011,3.960122,-0.000764,0.015882,-0.011912,30.97,66.7216837494292
47002,-8.468199,-3.599404,3.958327,-0.000611,0.012828,-0.011606,30.97,66.7232725791135
47012,-8.467602,-3.598207,3.958925,-0.000305,0.009316,-0.012065,30.96,66.7178297967491
47022,-8.474181,-3.601198,3.960122,0.000153,0.005956,-0.011912,30.96,66.7278684433349
47032,-8.471789,-3.593421,3.956532,0.000153,0.002596,-0.009927,30.98,66.7348878746409
47042,-8.452048,-3.603591,3.955336,0.000458,-0.001527,-0.01069,30.98,66.7090862196449
47052,-8.465208,-3.588636,3.962514,0.000611,-0.004581,-0.010537,30.99,66.6855203537326
47062,-8.459227,-3.605984,3.956532,0.000305,-0.00901,-0.009927,30.99,66.7198674970196
47072,-8.456235,-3.600002,3.958327,0.000458,-0.011148,-0.009163,30.96,66.6988922220186
47082,-8.467003,-3.594618,3.960122,0.000153,-0.013744,-0.009163,30.96,66.7071196050551
47092,-8.457432,-3.583252,3.976273,0.000305,-0.019548,-0.008552,30.99,66.5922080038994
47102,-8.454441,-3.59402,3.980461,0.000764,-0.02138,-0.008247,30.98,66.5735178425596
47112,-8.455039,-3.59402,3.973282,0.000764,-0.023824,-0.008094,30.98,66.6124762818031
47122,-8.458031,-3.594618,3.979862,0.001222,-0.025198,-0.007636,30.96,66.5847091996321
47132,-8.459227,-3.601796,3.981059,0.000916,-0.02642,-0.007941,30.96,66.5873141737729
47142,-8.46102,-3.596412,3.978068,0.000764,-0.026878,-0.007789,30.96,66.6019727348246
47152,-8.452048,-3.585645,3.97747,0.000611,-0.0281,-0.008399,30.96,66.5767660812623
47162,-8.458031,-3.586243,3.990032,0.001069,-0.027031,-0.007636,30.95,66.5238839458665
47172,-8.446664,-3.585645,3.986442,0.000764,-0.026573,-0.007483,30.95,66.5183358090544
47182,-8.452645,-3.588636,4.0008,0.001069,-0.025504,-0.007178,30.95,66.4582199474353
47192,-8.446664,-3.591029,3.997808,0.000916,-0.023976,-0.006872,30.95,66.463473830769
47202,-8.435897,-3.589832,4.000201,-0.000153,-0.023671,-0.00733,30.94,66.4271716475963
47212,-8.44427,-3.596412,4.004987,-0.000305,-0.021686,-0.007178,30.94,66.4255984009302
47222,-8.442476,-3.588037,4.0008,0.000305,-0.018479,-0.006872,30.94,66.4362817098393
47232,-8.439486,-3.591627,4.013362,0.000153,-0.015882,-0.007025,30.94,66.3673039934486
47242,-8.443673,-3.595814,4.006782,0,-0.013592,-0.007178,30.93,66.4143922599556
47252,-8.448458,-3.589832,4.011567,-0.000611,-0.010996,-0.007483,30.93,66.3940288856091
47262,-8.452048,-3.591029,4.016951,-0.001374,-0.004429,-0.008858,30.92,66.3744628306893
47272,-8.44427,-3.594618,4.008576,-0.001374,-0.001374,-0.008552,30.94,66.4051708245224
47282,-8.446067,-3.591627,4.012166,-0.001069,0.002138,-0.008247,30.94,66.387457453502
47292,-8.442476,-3.588636,4.005585,-0.001833,0.005498,-0.008247,31.03,66.4117127840612
47302,-8.434101,-3.585645,4.010969,-0.001527,0.009163,-0.008247,31.03,66.3631071473301
47312,-8.444869,-3.593421,4.016353,-0.002138,0.012523,-0.008552,30.98,66.3645989278284
47322,-8.438888,-3.586243,4.011567,-0.002443,0.015577,-0.009468,30.98,66.3706198164191
47332,-8.449057,-3.58744,4.000201,-0.001833,0.018326,-0.009621,30.97,66.4527456072712
47342,-8.443673,-3.594618,4.016353,-0.002138,0.021228,-0.009621,30.97,66.3631503811355
47352,-8.440681,-3.586243,4.001398,-0.002291,0.023366,-0.010079,30.97,66.427755075662
47362,-8.432905,-3.588636,4.004987,-0.002443,0.026114,-0.010232,30.97,66.394662054137
47372,-8.451449,-3.592823,4.002594,-0.002596,0.0281,-0.010232,30.94,66.4500386796787
47382,-8.4347,-3.58744,4.0008,-0.002291,0.030696,-0.009468,30.94,66.4193573462129
47392,-8.440681,-3.582056,4.002594,-0.00168,0.032681,-0.01069,30.97,66.4177294909705
47402,-8.441879,-3.59402,3.993621,-0.002291,0.033903,-0.009927,30.97,66.478062960984
47412,-8.447262,-3.597609,3.991827,-0.002443,0.034056,-0.01069,30.97,66.5020002116051
47422,-8.446664,-3.595814,3.98405,-0.002138,0.03543,-0.010537,30.97,66.5399724310441
47432,-8.450253,-3.585645,3.969693,-0.002443,0.034972,-0.011454,30.98,66.6138853732109
47442,-8.458031,-3.585645,3.978666,-0.002749,0.034361,-0.011912,30.99,66.5830166715665
47452,-8.456235,-3.589234,3.97388,-0.002596,0.033598,-0.011148,30.99,66.6075840269411
47462,-8.470592,-3.588037,3.970889,-0.001985,0.031765,-0.010843,30.95,66.6522299715694
47472,-8.461619,-3.584448,3.97747,-0.001222,0.030238,-0.010996,30.95,66.5957468024893
47482,-8.46461,-3.58744,3.964907,-0.002138,0.028253,-0.010996,30.95,66.6706399061394
47492,-8.472985,-3.601198,3.966104,-0.002291,0.02642,-0.010385,30.95,66.6939739137503
47502,-8.469995,-3.595814,3.96072,-0.001069,0.023824,-0.010079,30.96,66.7112638829013
47512,-8.467003,-3.603591,3.967898,-0.001222,0.021228,-0.010537,30.96,66.6742196992049
47522,-8.467602,-3.595216,3.964907,-0.000458,0.018784,-0.009468,30.99,66.6837572092371
47532,-8.46461,-3.591627,3.956532,-0.000305,0.015119,-0.009316,30.99,66.7183625065809
47542,-8.457432,-3.59402,3.961916,-0.000764,0.011759,-0.00901,30.95,66.6772112582256
47552,-8.470592,-3.597011,3.960122,-0.001069,0.008399,-0.009316,30.95,66.7167054358002
47562,-8.474181,-3.588037,3.954139,-0.000916,0.004887,-0.00901,30.97,66.747693262296
47572,-8.465807,-3.598805,3.960122,-0.000611,0.00168,-0.008399,30.97,66.708332917565
47582,-8.475378,-3.584448,3.966702,0.000153,-0.001985,-0.008552,30.96,66.6810271410617
47592,-8.47119,-3.584448,3.96072,-0.000153,-0.005345,-0.008399,30.96,66.7037201102969
47602,-8.464012,-3.59402,3.968496,0.000153,-0.007789,-0.008247,31.01,66.6563609887315
47612,-8.465807,-3.59402,3.968496,-0.000764,-0.014355,-0.008705,30.94,66.660105823229
47622,-8.456235,-3.592823,3.971487,0.000153,-0.017104,-0.008858,30.94,66.6233442877744
47632,-8.455637,-3.595814,3.960122,0.000916,-0.018784,-0.008247,30.98,66.6844910548052
47642,-8.458031,-3.592823,3.97388,0.000611,-0.020769,-0.007789,30.98,66.6145272311393
47652,-8.464012,-3.591627,3.975077,0.000305,-0.022602,-0.00672,30.94,66.6196806699721
47662,-8.469995,-3.596412,3.972086,-0.000611,-0.024587,-0.008094,30.94,66.6521104639338
47672,-8.463414,-3.586841,3.97747,-0.000458,-0.025198,-0.007178,30.93,66.6016237756665
47682,-8.446067,-3.582654,3.987639,0,-0.02642,-0.007178,30.93,66.5081271527302
47692,-8.446067,-3.595216,3.990032,0.000305,-0.026573,-0.007025,30.98,66.5067742546078
47702,-8.449057,-3.586243,3.985844,-0.000305,-0.026573,-0.007941,30.98,66.5270348151165
47712,-8.465807,-3.589234,3.99721,0.000764,-0.025656,-0.007483,30.99,66.5052160198687
47722,-8.454441,-3.586841,3.988237,-0.000458,-0.024587,-0.00672,30.99,66.5263035562073
47732,-8.451449,-3.586243,3.995416,-0.000458,-0.023518,-0.006872,30.92,66.4818116889269
47742,-8.443673,-3.600002,3.991228,0,-0.022297,-0.007941,30.92,66.4997500243722
47752,-8.455637,-3.589832,3.996612,-0.000458,-0.020769,-0.007789,30.95,66.4875381767741
47762,-8.435897,-3.6006,4.001398,-0.000916,-0.018479,-0.007636,30.95,66.4305566516173
47772,-8.440084,-3.591029,4.006782,-0.000611,-0.016035,-0.007789,30.97,66.4025363266753
47782,-8.44128,-3.592225,4.008576,-0.001069,-0.01069,-0.008094,30.95,66.3967217881497
47792,-8.447262,-3.59043,4.01396,-0.001222,-0.007178,-0.007636,30.95,66.3795025437097
47802,-8.439486,-3.59402,4.009772,-0.001069,-0.004734,-0.007941,31.02,66.3882779439218
47812,-8.449656,-3.586243,4.007978,-0.001069,-0.000764,-0.008552,31.02,66.4121537445244
47822,-8.434101,-3.592823,4.01396,-0.001527,0.002138,-0.008399,30.97,66.3538717199885
47832,-8.442476,-3.595216,4.022933,-0.00168,0.005803,-0.00901,30.97,66.3266909455103
47842,-8.438888,-3.594618,4.023531,-0.002596,0.008399,-0.009621,30.97,66.315437903616
47852,-8.4347,-3.598207,4.017549,-0.002596,0.01069,-0.010385,30.97,66.341167705831
47862,-8.442476,-3.595814,4.016353,-0.001833,0.014661,-0.009927,30.98,66.3616992741656
47872,-8.455039,-3.595814,4.012166,-0.001985,0.01741,-0.010996,30.98,66.4101080103332
47882,-8.44427,-3.597011,4.007978,-0.003054,0.020311,-0.01069,31.04,66.4104526667983
47892,-8.445468,-3.595216,4.011567,-0.002443,0.022602,-0.011148,31.04,66.392553124763
47902,-8.446664,-3.596412,4.010371,-0.002749,0.025198,-0.011301,31,66.4024142093121
47912,-8.446067,-3.594618,3.99721,-0.002902,0.027489,-0.010843,31,66.4685664208907
47922,-8.44427,-3.58744,3.994817,-0.002443,0.029474,-0.01069,30.95,66.4709273033191
47932,-8.445468,-3.589832,4.002594,-0.002749,0.030849,-0.010232,30.95,66.4347770866199
47942,-8.439486,-3.589234,3.993023,-0.003207,0.031765,-0.011454,31.01,66.4718859788201
47952,-8.455039,-3.591029,3.993621,-0.003512,0.033445,-0.010996,31.01,66.5030380278238
47962,-8.458031,-3.606582,3.982255,-0.00336,0.03375,-0.011301,30.96,66.5828011421344
47972,-8.468798,-3.591029,3.985844,-0.003512,0.033903,-0.010996,30.98,66.5726606167793
47982,-8.453843,-3.595216,3.980461,-0.00336,0.032987,-0.010843,30.98,66.5733305034852
47992,-8.464012,-3.599404,3.97747,-0.003207,0.031765,-0.010996,30.95,66.6140208891021
48002,-8.456833,-3.593421,3.979862,-0.002902,0.031154,-0.010079,30.95,66.58113764036
48012,-8.462217,-3.597011,3.972684,-0.003054,0.029627,-0.010232,30.98,66.6332721844158
48022,-8.474181,-3.599404,3.978666,-0.003054,0.027642,-0.009927,30.98,66.6289705433226
48032,-8.471789,-3.592823,3.967898,-0.002596,0.026267,-0.010079,30.96,66.6746598369239
48042,-8.449656,-3.598805,3.958327,-0.002596,0.023671,-0.009468,30.96,66.684111831269
48052,-8.46102,-3.600002,3.961916,-0.001222,0.020769,-0.009927,31,66.6899954892591
48062,-8.464012,-3.596412,3.964907,-0.002138,0.017868,-0.008705,31,66.6773335272547
48072,-8.467003,-3.595814,3.964309,-0.001833,0.015119,-0.009163,31,66.6861793279503
48082,-8.472985,-3.597609,3.961916,-0.002138,0.011759,-0.009316,31,66.7127899408929
48092,-8.458031,-3.58744,3.952943,-0.001985,0.008705,-0.00901,30.99,66.7198324451707
48102,-8.467003,-3.589832,3.962514,-0.001985,0.005651,-0.008705,30.99,66.6903198066324
48112,-8.468199,-3.583252,3.96072,-0.002291,0.002749,-0.00901,31,66.6964309400102
48122,-8.455039,-3.59043,3.963711,-0.000916,-0.000305,-0.007483,31,66.6595947497015
48132,-8.458628,-3.595216,3.96072,-0.000916,-0.00733,-0.007789,30.95,66.6870539960589
48142,-8.467602,-3.594618,3.955336,-0.000611,-0.010385,-0.00733,30.98,66.7335204655312
48152,-8.454441,-3.58744,3.966702,-0.000153,-0.012675,-0.006567,30.98,66.6399663577178
48162,-8.469995,-3.591627,3.968496,-0.000916,-0.014661,-0.007178,30.96,66.6667227746192
48172,-8.465208,-3.589832,3.958925,-0.001069,-0.018021,-0.00672,30.96,66.7054415469318
48182,-8.463414,-3.6006,3.970291,-0.000305,-0.0197,-0.006567,30.98,66.6515208426597
48192,-8.458628,-3.594618,3.979862,0.000305,-0.020922,-0.006414,30.98,66.5859582911854
48202,-8.469396,-3.593421,3.967898,-0.000305,-0.023213,-0.006872,30.91,66.6702004546554
48212,-8.458628,-3.585645,3.978068,0.000305,-0.024282,-0.006261,30.91,66.5874072898059
48222,-8.450851,-3.591029,3.987639,0.000458,-0.025045,-0.006872,30.95,66.5256408833678
48232,-8.445468,-3.591627,3.984648,-0.000611,-0.025351,-0.006872,30.95,66.5305846666421
48242,-8.447262,-3.588636,3.988237,0.000153,-0.026114,-0.006872,30.95,66.5128324712023
48252,-8.448458,-3.589234,3.981059,0.000153,-0.025656,-0.00672,30.95,66.5535775794755
48262,-8.446067,-3.58744,3.99721,-0.000305,-0.02474,-0.007636,30.95,66.4621475767598
48272,-8.451449,-3.596412,3.999603,-0.000458,-0.024282,-0.00733,30.95,66.4689304773566
48282,-8.449057,-3.58744,3.995416,-0.000916,-0.022449,-0.007483,30.94,66.4778511746063
48292,-8.44128,-3.598805,4.000201,-0.000153,-0.021228,-0.007178,30.94,66.4465562281705
48302,-8.439486,-3.592823,4.002594,-0.000916,-0.017562,-0.008399,30.98,66.4248574308068
48312,-8.441879,-3.593421,4.013362,-0.001069,-0.014355,-0.008094,30.96,66.373965485329
48322,-8.459227,-3.592823,4.008576,-0.000916,-0.011454,-0.008247,30.96,66.4350467410379
48332,-8.440084,-3.589832,4.017549,-0.000764,-0.00901,-0.008094,31,66.3450052510863
48342,-8.433504,-3.594618,4.021138,-0.000764,-0.005651,-0.008552,31,66.3165927273032
48352,-8.44427,-3.589234,4.015755,-0.001527,-0.003207,-0.009163,30.99,66.3627105215943
48362,-8.444869,-3.600002,4.009772,-0.00168,0.000611,-0.009163,30.99,66.4049943872361
48372,-8.441879,-3.593421,4.018147,-0.001527,0.003512,-0.009774,30.95,66.3488879761595
48382,-8.446067,-3.599404,4.012166,-0.002291,0.00672,-0.01069,30.95,66.3944347657126
48392,-8.444869,-3.592823,4.008576,-0.002291,0.010385,-0.01069,30.96,66.4048233776664
48402,-8.447861,-3.588037,4.015755,-0.002138,0.013439,-0.010537,30.96,66.3692157826747
48412,-8.453843,-3.583252,4.008576,-0.002291,0.015882,-0.01069,30.98,66.4151679439867
48422,-8.452645,-3.595814,4.008576,-0.002902,0.018784,-0.01069,30.98,66.4238763814663
48432,-8.447262,-3.59402,4.00379,-0.002749,0.022297,-0.011606,30.97,66.4360300039065
48442,-8.4347,-3.592225,4.004987,-0.003665,0.023824,-0.011759,30.97,66.4016735744594
48452,-8.443074,-3.589234,4.007978,-0.004123,0.026267,-0.01237,30.99,66.4009581631821
48462,-8.448458,-3.591627,3.993023,-0.003665,0.028558,-0.011454,30.99,66.4928894082613
48472,-8.458031,-3.588037,3.998407,-0.00336,0.03146,-0.011148,30.94,66.4815539118883
48482,-8.455637,-3.588636,3.993621,-0.003054,0.032529,-0.011759,30.98,66.5021605543668
48492,-8.46102,-3.604787,3.994817,-0.003818,0.032987,-0.011912,30.98,66.5215785378937
48502,-8.450253,-3.591627,3.994219,-0.004734,0.03375,-0.011759,30.98,66.4903840070115
48512,-8.459825,-3.588037,3.982853,-0.004581,0.034056,-0.011301,30.98,66.5669145895723
48522,-8.455637,-3.592225,3.976273,-0.003971,0.033445,-0.011606,30.97,66.5964192087817
48532,-8.459227,-3.597011,3.981059,-0.004123,0.032529,-0.011301,30.97,66.5830562792737
48542,-8.452645,-3.585645,3.978068,-0.003665,0.032376,-0.011301,30.96,66.574875124786
48552,-8.459825,-3.580261,3.976273,-0.003971,0.031001,-0.009774,30.96,66.5945668112348
48562,-8.462815,-3.602395,3.974478,-0.003665,0.029474,-0.009468,30.96,66.6298825374381
48572,-8.468798,-3.606582,3.965506,-0.00336,0.027336,-0.010232,30.96,66.693166682904
48582,-8.473583,-3.589234,3.961916,-0.004276,0.024893,-0.009621,30.98,66.7066420396894
48592,-8.459825,-3.598805,3.9673,-0.003054,0.022907,-0.009621,30.98,66.658151105303
48602,-8.460423,-3.597011,3.962514,-0.003665,0.019853,-0.009163,30.98,66.6829568824363
48612,-8.462815,-3.591627,3.958925,-0.003207,0.016952,-0.009621,30.98,66.7020417209148
48622,-8.469396,-3.592823,3.964309,-0.00336,0.014661,-0.008399,30.98,66.6885202448847
48632,-8.465807,-3.592225,3.955934,-0.002596,0.010996,-0.008094,30.98,66.7245273017071
48642,-8.47119,-3.589832,3.96072,-0.002291,0.004887,-0.007178,30.95,66.7084693218785
48652,-8.461619,-3.598207,3.961318,-0.002138,0.001069,-0.006872,31,66.6927955377636
48662,-8.459825,-3.598207,3.972086,-0.001833,-0.002138,-0.007025,31,66.6324798451566
48672,-8.474779,-3.599404,3.961318,-0.002138,-0.005345,-0.006567,30.96,66.7212468951437
48682,-8.476574,-3.595814,3.964309,-0.00168,-0.008094,-0.006414,30.96,66.7061076916202
48692,-8.464012,-3.589234,3.971487,-0.00168,-0.011148,-0.006261,30.97,66.6364115253223
48702,-8.474779,-3.597011,3.966104,-0.001527,-0.013744,-0.005651,30.97,66.6940065062297
48712,-8.459227,-3.598805,3.972684,-0.001222,-0.01573,-0.005345,30.99,66.6286216383166
48722,-8.453843,-3.585645,3.978068,-0.000916,-0.017715,-0.005498,30.99,66.5773853956192
48732,-8.463414,-3.598207,3.969693,-0.000305,-0.019395,-0.005651,30.93,66.6525381958648
48742,-8.465208,-3.584448,3.969693,-0.001222,-0.021838,-0.005345,30.93,66.6440966587947
48752,-8.462815,-3.592225,3.975675,0.000305,-0.022755,-0.005956,31.01,66.6145700024527
48762,-8.461619,-3.588636,3.978068,0.000305,-0.024129,-0.006567,31.01,66.5963211816856
48772,-8.458628,-3.58744,3.984648,-0.000305,-0.024282,-0.006261,30.97,66.5544545870449
48782,-8.455637,-3.585645,3.987041,-0.000458,-0.02474,-0.005651,30.97,66.5340263688942
48792,-8.457432,-3.583252,3.972684,-0.000611,-0.024282,-0.006414,30.97,66.6110649556903
48802,-8.455637,-3.586841,3.987041,0,-0.024282,-0.005651,30.97,66.5350904402851
48812,-8.437093,-3.580859,3.993621,0.000153,-0.022755,-0.006414,30.96,66.4562131403973
48822,-8.447861,-3.586243,3.999603,0.000153,-0.020159,-0.00733,30.95,66.4522964086019
48832,-8.455637,-3.581457,3.993621,0.000153,-0.01909,-0.006567,30.95,66.4957675276562
48842,-8.440681,-3.586243,4.000201,-0.000916,-0.016341,-0.006872,30.96,66.4340377131554
48852,-8.443074,-3.58385,3.99063,-0.000916,-0.014508,-0.00672,30.96,66.4871903836923
48862,-8.443074,-3.591029,3.997808,-0.001222,-0.011454,-0.008094,30.96,66.4559210648317
48872,-8.44427,-3.586841,4.010371,-0.000764,-0.008858,-0.007636,30.96,66.3887875289909
48882,-8.443673,-3.580859,4.004987,-0.000611,-0.005956,-0.007483,31,66.41041150252
48892,-8.450253,-3.580859,4.007978,-0.000611,-0.003207,-0.008247,31,66.4085995820041
48902,-8.447262,-3.592823,4.004389,-0.000153,-0.000611,-0.008552,30.99,66.4318172182808
48912,-8.447861,-3.589234,4.010969,-0.000764,0.002291,-0.008705,30.99,66.3953690006043
48922,-8.445468,-3.593421,4.012166,-0.001833,0.005803,-0.008705,30.95,66.3878034353046
48932,-8.450253,-3.585046,4.011567,-0.000916,0.008552,-0.008858,30.95,66.3935291447027
48942,-8.452048,-3.583252,4.015755,-0.001069,0.011148,-0.009468,30.98,66.3737659359314
48952,-8.440084,-3.598207,4.007978,-0.001527,0.013744,-0.009774,30.98,66.4027075981396
48962,-8.444869,-3.59043,4.006183,-0.002291,0.016493,-0.01069,30.97,66.4152267390646
48972,-8.44128,-3.585046,3.998407,-0.001833,0.018631,-0.01069,30.97,66.4436456224672
48982,-8.448458,-3.585645,4.004987,-0.002443,0.020769,-0.01069,30.97,66.424777798868
48992,-8.446664,-3.589234,3.991228,-0.003054,0.023518,-0.010843,30.97,66.4964053464121
49002,-8.446664,-3.595216,3.999005,-0.002902,0.025198,-0.010996,30.98,66.4609394387184
49012,-8.459825,-3.598805,3.989433,-0.002749,0.025962,-0.011301,30.98,66.5419697584389
49022,-8.447262,-3.592225,3.984648,-0.003054,0.027031,-0.010232,30.98,66.5348828790263
49032,-8.454441,-3.588037,3.996612,-0.003054,0.027184,-0.011454,30.96,66.4834251713009
49042,-8.44427,-3.586841,3.99063,-0.003665,0.027794,-0.010996,30.96,66.4923764682558
49052,-8.450253,-3.591029,3.987041,-0.003054,0.027184,-0.011606,30.97,66.5275256209948
49062,-8.455039,-3.595216,3.978068,-0.003512,0.026267,-0.010996,30.97,66.5884003865493
49072,-8.458031,-3.585645,3.978666,-0.003512,0.025656,-0.010996,30.97,66.5830166715665
49082,-8.458628,-3.6006,3.97388,-0.003207,0.025198,-0.010843,30.97,66.6226851171494
49092,-8.47119,-3.59043,3.986442,-0.004276,0.023366,-0.010843,30.97,66.5739973366242
49102,-8.462217,-3.597609,3.979862,-0.003512,0.022449,-0.009927,30.97,66.5961225223498
49112,-8.456833,-3.594618,3.981059,-0.003512,0.020617,-0.010537,30.95,66.5759179612085
49122,-8.460423,-3.591029,3.972684,-0.003818,0.018784,-0.009621,30.95,66.6242170077018
49132,-8.460423,-3.595814,3.967898,-0.003665,0.016341,-0.009621,30.95,66.6536033296747
49142,-8.459825,-3.598207,3.97388,-0.00336,0.014508,-0.009468,30.95,66.6230585306041
49152,-8.464012,-3.604189,3.972086,-0.004123,0.012217,-0.009621,31.02,66.6465297312138
49162,-8.456833,-3.6006,3.978666,-0.003665,0.00733,-0.008705,31.02,66.5938047096635
49172,-8.459227,-3.585645,3.972086,-0.003665,0.004276,-0.008094,30.98,66.6200838042906
49182,-8.465807,-3.600002,3.974478,-0.003818,0.002596,-0.008094,30.97,66.6340018138235
49192,-8.478369,-3.603591,3.97388,-0.002902,0.001527,-0.006872,30.97,66.6665008295107
49202,-8.469396,-3.598805,3.963711,-0.002902,-0.001985,-0.00733,30.96,66.696950871058
49212,-8.47119,-3.595814,3.964309,-0.003665,-0.004123,-0.006872,30.96,66.6949008735759
49222,-8.474181,-3.601796,3.97388,-0.003054,-0.005803,-0.006261,30.99,66.6561901764925
49232,-8.462217,-3.592225,3.970291,-0.002749,-0.00733,-0.006261,30.99,66.6415949037356
49242,-8.47119,-3.597609,3.970291,-0.002902,-0.010537,-0.007025,30.96,66.6650826642428
49252,-8.467003,-3.604189,3.982853,-0.002596,-0.011148,-0.005803,30.96,66.5962798987437
49262,-8.466404,-3.598207,3.98405,-0.002749,-0.011912,-0.006872,30.99,66.583434859024
49272,-8.464012,-3.58385,3.985246,-0.002902,-0.013134,-0.006261,30.99,66.5594097879965
49282,-8.458031,-3.591029,3.980461,-0.002749,-0.014203,-0.006261,30.96,66.5783736840165
49292,-8.462217,-3.591029,3.972086,-0.002291,-0.014203,-0.005803,30.96,66.631106498637
49302,-8.461619,-3.597011,3.988835,-0.002902,-0.015577,-0.006567,30.98,66.5472652157368
49312,-8.456833,-3.595814,3.987639,-0.002749,-0.015119,-0.006109,30.98,66.5424484999659
49322,-8.457432,-3.58385,3.99063,-0.002138,-0.014508,-0.006261,30.96,66.5173605539698
49332,-8.449057,-3.588037,3.988237,-0.002443,-0.014813,-0.005956,30.96,66.5160676900502
49342,-8.452048,-3.596412,3.997808,-0.00168,-0.013134,-0.006109,30.99,66.4796018009124
49352,-8.446067,-3.6006,3.993023,-0.001833,-0.012981,-0.006414,30.95,66.4958903541063
49362,-8.448458,-3.593421,3.995416,-0.001985,-0.011454,-0.007025,30.95,66.4819345564138
49372,-8.446664,-3.59402,3.998407,-0.001833,-0.009927,-0.007025,30.95,66.4630063730613
49382,-8.448458,-3.584448,4.0008,-0.00168,-0.008094,-0.006261,30.95,66.4456696361113
49392,-8.439486,-3.59402,3.990032,-0.001374,-0.006872,-0.007025,30.97,66.4918788261344
49402,-8.452048,-3.592823,3.999005,-0.001374,-0.004429,-0.007025,30.97,66.4701175549685
49412,-8.446664,-3.584448,4.001398,-0.001069,-0.002749,-0.00733,30.98,66.4387546245752
49422,-8.44427,-3.589234,4.005585,-0.001222,-0.001222,-0.007483,30.98,66.4160295329233
49432,-8.447262,-3.6006,3.99721,-0.001833,0.001833,-0.007025,30.93,66.4764319229176
49442,-8.438289,-3.580859,3.99721,-0.001222,0.002596,-0.008247,30.93,66.439881632392
49452,-8.449057,-3.589832,3.996612,-0.001069,0.004429,-0.009163,30.95,66.4737114383941
49462,-8.444869,-3.589832,4.003192,-0.00168,0.006414,-0.009468,30.95,66.430378801271
49472,-8.446067,-3.586841,3.99721,-0.001985,0.008552,-0.010385,30.97,66.461612270039
49482,-8.441879,-3.580261,3.992425,-0.001222,0.010079,-0.010232,30.97,66.4720425354424
49492,-8.453244,-3.585645,3.999603,-0.001374,0.012981,-0.009316,30.96,66.4630878218349
49502,-8.448458,-3.59043,3.99721,-0.001833,0.013744,-0.009316,30.96,66.4698487199465
49512,-8.446067,-3.580859,4.000201,-0.001222,0.016952,-0.009927,30.97,66.4405712269695
49522,-8.449057,-3.59402,3.996014,-0.001069,0.018173,-0.010079,30.99,66.4805909854548
49532,-8.457432,-3.601198,3.997808,-0.00168,0.017715,-0.01069,30.99,66.4951777451047
49542,-8.453843,-3.598805,3.99721,-0.001374,0.018173,-0.010385,30.98,66.4886448041534
49552,-8.46102,-3.59402,3.996612,-0.002138,0.019548,-0.011301,30.98,66.5025696735475
49562,-8.451449,-3.586841,3.990032,-0.001985,0.019548,-0.010385,30.92,66.5106007914598
49572,-8.453843,-3.582056,3.984648,-0.00168,0.019548,-0.010385,30.92,66.5396341498394
49582,-8.455039,-3.591627,3.981657,-0.001527,0.019242,-0.010996,30.96,66.5663605243962
49592,-8.451449,-3.579065,3.984648,-0.001374,0.018479,-0.010537,30.96,66.5319491399315
49602,-8.449656,-3.588636,3.978068,-0.002138,0.017868,-0.01069,31.01,66.5712716885496
49612,-8.458031,-3.598805,3.982255,-0.002749,0.016493,-0.010843,31.01,66.5758734727593
49622,-8.46102,-3.605386,3.979264,-0.002291,0.01573,-0.009468,30.97,66.6036759564395
49632,-8.462217,-3.589234,3.979264,-0.002138,0.014508,-0.009468,30.97,66.5918240117688
49642,-8.468798,-3.59402,3.973282,-0.002902,0.012828,-0.009621,30.97,66.6412178034784
49652,-8.454441,-3.59402,3.982255,-0.002138,0.011759,-0.010385,30.97,66.5640981604204
49662,-8.467003,-3.58744,3.980461,-0.003054,0.009927,-0.010079,30.96,66.5939620764985
49672,-8.456833,-3.584448,3.979264,-0.002443,0.007941,-0.010232,30.96,66.5763039969072
49682,-8.456833,-3.596412,3.972684,-0.003207,0.00504,-0.008094,30.96,66.6214940055295
49692,-8.461619,-3.589832,3.970291,-0.003665,0.002749,-0.009163,31.02,66.6382249494387
49702,-8.467003,-3.595814,3.985844,-0.002902,0.001069,-0.008094,31.02,66.5731533235792
49712,-8.469396,-3.593421,3.9673,-0.003512,-0.000611,-0.008552,30.98,66.6733406061225
49722,-8.477771,-3.596412,3.97747,-0.003207,-0.002749,-0.007483,30.98,66.6400797916673
49732,-8.460423,-3.591627,3.979862,-0.002749,-0.003971,-0.006872,30.96,66.5870558794316
49742,-8.477173,-3.597011,3.979862,-0.003207,-0.005651,-0.006872,30.96,66.6268212514481
49752,-8.451449,-3.597011,3.975675,-0.003054,-0.007025,-0.006414,30.96,66.5950558881818
49762,-8.458031,-3.597011,3.966702,-0.002749,-0.007636,-0.005803,30.96,66.6559575092293
49772,-8.455637,-3.595216,3.985844,-0.003512,-0.008552,-0.005956,30.98,66.548829244355
49782,-8.456235,-3.586243,3.98405,-0.003207,-0.009621,-0.005498,30.98,66.5515138716128
49792,-8.456833,-3.583252,3.983452,-0.003512,-0.010843,-0.006414,30.95,66.5532490640255
49802,-8.446664,-3.597609,3.98405,-0.00336,-0.010843,-0.007025,30.95,66.5415752175891
49812,-8.460423,-3.59402,3.997808,-0.004429,-0.010232,-0.005651,30.98,66.4950480447603
49822,-8.452048,-3.589832,3.989433,-0.004581,-0.011148,-0.00733,30.98,66.5176684850127
49832,-8.456833,-3.598805,3.984648,-0.003971,-0.010232,-0.005956,30.94,66.5608078204727
49842,-8.458031,-3.591627,3.994219,-0.004123,-0.010232,-0.005956,30.94,66.5067137063702
49852,-8.447262,-3.597609,3.99721,-0.003971,-0.009468,-0.005803,30.98,66.4737545753568
49862,-8.450253,-3.589832,3.99721,-0.004429,-0.007025,-0.005345,30.97,66.4730883541011
49872,-8.447262,-3.59043,3.996014,-0.003971,-0.005803,-0.006872,30.97,66.4736096539632
49882,-8.449057,-3.59043,4.014558,-0.004429,-0.004887,-0.007025,30.97,66.3801545316691
49892,-8.442476,-3.585645,3.995416,-0.004429,-0.003665,-0.00672,30.97,66.4624026402158
49902,-8.450253,-3.594618,3.992425,-0.003971,-0.001527,-0.007483,30.95,66.5024684774724
49912,-8.447262,-3.604189,4.003192,-0.004123,0.000458,-0.006872,30.95,66.4482778023936
49922,-8.444869,-3.593421,3.995416,-0.004123,0.001833,-0.007941,30.99,66.4743910727021
49932,-8.447861,-3.59043,4.002594,-0.003818,0.003665,-0.00901,30.99,66.4403499008589
49942,-8.445468,-3.592823,4.008576,-0.004429,0.006261,-0.008247,30.97,66.4060855668836
49952,-8.451449,-3.596412,3.991827,-0.004123,0.008094,-0.008552,30.97,66.5097185087687
49962,-8.453843,-3.589832,4.0008,-0.004123,0.009774,-0.008552,30.95,66.4618067532004
49972,-8.449057,-3.594618,3.99721,-0.003971,0.010996,-0.00901,30.95,66.4748511185692
49982,-8.450851,-3.585645,3.999005,-0.003818,0.012523,-0.009163,30.96,66.4611910945365
49992,-8.457432,-3.59402,4.001398,-0.003512,0.014355,-0.009621,30.96,66.4699522276227
50002,-8.459825,-3.602395,3.999005,-0.003818,0.015272,-0.009774,30.98,66.4949917403681
50012,-8.449656,-3.60718,4.005585,-0.003512,0.016799,-0.009621,30.98,66.4434488138925
50022,-8.450253,-3.588636,3.990032,-0.003207,0.017868,-0.009621,30.97,66.5096895261735
50032,-8.449057,-3.599404,3.990032,-0.003665,0.019395,-0.009774,30.96,66.5167921552749
50042,-8.459227,-3.588636,3.995416,-0.002749,0.019853,-0.010843,30.96,66.5002822662111
50052,-8.455637,-3.600002,3.983452,-0.001985,0.020617,-0.010537,30.97,66.5656474680667
50062,-8.459825,-3.59402,3.991228,-0.002749,0.019853,-0.010232,30.97,66.5282937688886
50072,-8.468199,-3.601796,3.986442,-0.002443,0.0197,-0.010385,30.96,66.5778334604895
50082,-8.447861,-3.586841,3.978666,-0.001833,0.019395,-0.010843,30.96,66.562768227721
50092,-8.458031,-3.597609,3.979862,-0.00168,0.019242,-0.009774,30.98,66.5873695924756
50102,-8.455637,-3.6006,3.978068,-0.002443,0.018173,-0.010843,30.98,66.5944435588475
50112,-8.465807,-3.595814,3.975675,-0.002138,0.016341,-0.011301,31,66.6240039126512
50122,-8.459825,-3.592225,3.976273,-0.001222,0.01573,-0.01069,31,66.6051794552915
50132,-8.465807,-3.598207,3.972684,-0.00168,0.014203,-0.010079,31.01,66.6418262554465
50142,-8.453843,-3.58385,3.9673,-0.00168,0.01237,-0.009468,31.01,66.6323876019557
50152,-8.466404,-3.600002,3.9673,-0.001527,0.01069,-0.009621,30.98,66.6729305455832
50162,-8.468199,-3.595814,3.975675,-0.001374,0.007941,-0.009621,30.98,66.6289978332664
50172,-8.458628,-3.597609,3.969095,-0.000916,0.006872,-0.009316,30.96,66.6451608247695
50182,-8.459227,-3.589832,3.972086,-0.000916,0.003971,-0.00901,30.96,66.6237967092089
50192,-8.46461,-3.586243,3.978666,-0.001069,0.002443,-0.008705,30.96,66.5973168118031
50202,-8.458031,-3.591627,3.982255,-0.001222,-0.00168,-0.008552,30.96,66.5694872001537
50212,-8.457432,-3.601198,3.968496,-0.000764,-0.003207,-0.007941,30.98,66.6489994166348
50222,-8.455039,-3.589234,3.973282,-0.001222,-0.005345,-0.007941,30.97,66.6082238239823
50232,-8.441879,-3.604189,3.981059,-0.001985,-0.007941,-0.00733,30.97,66.5531377272774
50242,-8.455637,-3.595814,3.981657,-0.002138,-0.009163,-0.007178,30.99,66.5713393650878
50252,-8.443673,-3.6006,3.982853,-0.001527,-0.010843,-0.006261,30.99,66.5442637641273
50262,-8.46461,-3.595216,3.975077,-0.001374,-0.012828,-0.006872,31.02,66.6241127491115
50272,-8.458031,-3.591029,3.978068,-0.000611,-0.014355,-0.007178,31.02,66.5909386028192
50282,-8.453843,-3.593421,3.982255,-0.001222,-0.014203,-0.006261,30.97,66.5623121867429
50292,-8.454441,-3.600002,3.982853,-0.001374,-0.015424,-0.005498,30.97,66.5662880065222
50302,-8.460423,-3.59402,3.982853,-0.002138,-0.015577,-0.005498,30.99,66.5734835683108
50312,-8.449057,-3.589832,3.988835,-0.001985,-0.016341,-0.005803,30.99,66.5145289104868
50322,-8.453244,-3.589832,3.987041,-0.002596,-0.016493,-0.006872,31.01,66.5327337481955
50332,-8.440681,-3.596412,3.990032,-0.003054,-0.015882,-0.006109,31.01,66.4965314891815
50342,-8.455637,-3.601198,3.993621,-0.002749,-0.015272,-0.005345,31,66.5133654073952
50352,-8.447262,-3.588636,3.991827,-0.002902,-0.014508,-0.005651,31,66.4939833982363
50362,-8.446664,-3.588037,3.998407,-0.003512,-0.013134,-0.006567,30.99,66.4576559118066
50372,-8.438888,-3.597609,4.010969,-0.003207,-0.011148,-0.005651,30.99,66.3839651373925
50382,-8.446067,-3.59043,3.999005,-0.004429,-0.009621,-0.006109,30.98,66.4554016822337
50392,-8.453843,-3.597011,4.012166,-0.004276,-0.006872,-0.006109,30.99,66.4086625158537
50402,-8.438888,-3.588037,4.009174,-0.003971,-0.005192,-0.006414,30.99,66.3847813688317
50412,-8.444869,-3.591029,4.003192,-0.004734,-0.002902,-0.007025,30.99,66.4314505348554
50422,-8.443673,-3.588636,4.000201,-0.005345,-0.000916,-0.006567,30.99,66.4424820670843
50432,-8.44427,-3.595216,4.002594,-0.005345,0.001069,-0.006567,31.01,66.4370767997367
50442,-8.449057,-3.582056,4.013362,-0.00504,0.003207,-0.007483,31.01,66.3789239979262
50452,-8.449656,-3.59043,4.000201,-0.00504,0.005803,-0.007483,30.99,66.4566776201872
50462,-8.444869,-3.582654,4.004987,-0.004429,0.008399,-0.008552,30.99,66.4145392641579
50472,-8.440681,-3.594618,4.006782,-0.004429,0.010079,-0.008247,31.02,66.4070153365967
50482,-8.447262,-3.589234,4.001398,-0.00504,0.012065,-0.007789,31.02,66.4442925918851
50492,-8.44427,-3.591627,4.004987,-0.005192,0.014508,-0.008094,31,66.4213096320344
50502,-8.452048,-3.586243,4.002594,-0.005498,0.015577,-0.008705,31,66.4454197613455
50512,-8.446664,-3.588636,3.99721,-0.005498,0.017104,-0.009621,30.97,66.4644724826067
50522,-8.436494,-3.59043,4.000201,-0.004581,0.019548,-0.009163,30.97,66.4289662884151
50532,-8.450851,-3.58385,3.99063,-0.004887,0.020922,-0.009468,30.97,66.5035401353891
50542,-8.454441,-3.58744,3.991228,-0.005192,0.022144,-0.01069,30.97,66.5111395709154
50552,-8.444869,-3.595814,3.993621,-0.004429,0.023824,-0.010996,30.98,66.4859530220887
50562,-8.453843,-3.602395,3.990032,-0.004887,0.02474,-0.010385,30.98,66.529498312525
50572,-8.451449,-3.612564,3.990032,-0.004887,0.024587,-0.011606,30.98,66.533574476234
50582,-8.450253,-3.598207,3.982853,-0.004276,0.025045,-0.010996,30.98,66.5559169970948
50592,-8.454441,-3.594618,3.991827,-0.004581,0.02474,-0.011454,30.98,66.5143948983481
50602,-8.458628,-3.594618,3.992425,-0.003512,0.024587,-0.01069,30.99,66.5200393825965
50612,-8.453244,-3.588037,3.970889,-0.003665,0.023976,-0.010843,30.99,66.6159815080745
50622,-8.456235,-3.598207,3.976273,-0.00336,0.023213,-0.011454,31,66.6029896999795
50632,-8.465208,-3.599404,3.981059,-0.003207,0.021686,-0.01069,31,66.5976876014887
50642,-8.463414,-3.59043,3.973282,-0.003971,0.020617,-0.009927,30.99,66.6267952008277
50652,-8.452645,-3.597609,3.969095,-0.00336,0.018784,-0.010843,30.99,66.6326651170537
50662,-8.454441,-3.603591,3.978068,-0.002749,0.01741,-0.010537,30.97,66.5946071788657
50672,-8.448458,-3.58744,3.96072,-0.002596,0.016493,-0.009774,30.97,66.6589258052159
50682,-8.462217,-3.599404,3.972086,-0.001985,0.013592,-0.008858,31.01,66.6385363467733
50692,-8.47119,-3.602993,3.956532,-0.002902,0.011148,-0.009163,31.01,66.7420945953132
50702,-8.456833,-3.599404,3.962514,-0.002902,0.00901,-0.009468,31,66.677593975301
50712,-8.454441,-3.596412,3.972086,-0.002443,0.006414,-0.008399,31,66.619636361217
50722,-8.451449,-3.595216,3.969693,-0.00168,0.002291,-0.008094,30.94,66.6248940501167
50732,-8.462815,-3.595814,3.969693,-0.002138,-0.001222,-0.00901,30.96,66.649166181393
50742,-8.455637,-3.588636,3.969095,-0.001985,-0.004123,-0.007941,30.96,66.6309478162237
50752,-8.468199,-3.591029,3.965506,-0.001985,-0.005651,-0.00733,30.98,66.6781520859613
50762,-8.459227,-3.589832,3.979264,-0.00168,-0.007789,-0.007178,30.98,66.5860982464643
50772,-8.466404,-3.58744,3.970889,-0.001527,-0.009468,-0.006872,31.04,66.6429595998445
50782,-8.458628,-3.597609,3.972086,-0.00168,-0.011148,-0.005956,31.04,66.6294488406606
50792,-8.463414,-3.589832,3.974478,-0.001527,-0.012828,-0.006109,30.98,66.6199847751001
50802,-8.461619,-3.586243,3.976273,-0.001527,-0.014966,-0.006109,30.98,66.6036239857477
50812,-8.452048,-3.595216,3.987639,-0.001833,-0.01573,-0.005651,31.01,66.5318856533722
50822,-8.456235,-3.603591,3.978666,-0.001374,-0.016952,-0.005956,31.01,66.5952180339768
50832,-8.455039,-3.59402,3.979264,-0.001833,-0.018326,-0.005345,30.97,66.5810554450187
50842,-8.449656,-3.594618,3.976871,-0.001833,-0.019548,-0.005192,30.97,66.5828878381922
50852,-8.465807,-3.589832,3.988237,-0.002138,-0.020617,-0.005651,31,66.5527885827592
50862,-8.446664,-3.59043,3.985844,-0.001985,-0.020006,-0.004429,31,66.5257447935496
50872,-8.448458,-3.597011,3.991827,-0.002138,-0.0197,-0.005345,30.96,66.5039763403331
50882,-8.44427,-3.588037,3.998407,-0.002443,-0.018784,-0.005345,30.96,66.4526175488817
50892,-8.451449,-3.599404,3.999005,-0.001985,-0.018784,-0.004887,30.96,66.4747418416254
50902,-8.433504,-3.588636,3.99721,-0.002138,-0.017868,-0.005651,30.96,66.4367613139066
50912,-8.440681,-3.586841,4.010969,-0.002443,-0.016188,-0.006567,30.96,66.3780782293208
50922,-8.440084,-3.585645,4.002594,-0.002596,-0.014661,-0.006567,30.98,66.419684079179
50932,-8.440084,-3.583252,4.001398,-0.002902,-0.01237,-0.006414,30.98,66.4238186649994
50942,-8.440084,-3.592225,4.00738,-0.003207,-0.010079,-0.006261,30.98,66.4004727056009
50952,-8.448458,-3.586841,4.008576,-0.00336,-0.008705,-0.006414,30.98,66.407029095054
50962,-8.452048,-3.6006,4.015156,-0.003207,-0.006414,-0.006567,30.96,66.3924419122272
50972,-8.449057,-3.601198,4.012764,-0.003512,-0.004734,-0.00672,30.96,66.3992088788746
50982,-8.440681,-3.580261,4.012166,-0.003971,-0.001527,-0.006872,30.95,66.3659007768209
50992,-8.44128,-3.59402,4.008576,-0.004581,0.001833,-0.006567,30.95,66.3983326736919
51002,-8.450253,-3.589832,4.012166,-0.004429,0.003971,-0.00672,31.01,66.3946732808076
51012,-8.446664,-3.58385,4.00738,-0.004276,0.006872,-0.006414,31.01,66.4068423820408
51022,-8.450253,-3.600002,4.010371,-0.004734,0.009774,-0.007941,30.96,66.4131899435617
51032,-8.454441,-3.575475,4.015755,-0.004734,0.012217,-0.009163,30.96,66.3718665327035
51042,-8.454441,-3.59043,4.009174,-0.004429,0.014813,-0.008399,30.96,66.4197067376873
51052,-8.443074,-3.595814,4.007978,-0.004123,0.016799,-0.007941,30.96,66.4068592235933
51062,-8.446664,-3.58744,3.999603,-0.004581,0.019395,-0.008705,30.99,66.4508468101504
51072,-8.44128,-3.588037,4.00379,-0.00504,0.022907,-0.009316,30.99,66.4180721091344
51082,-8.435298,-3.588037,4.001996,-0.005498,0.024435,-0.010079,30.99,66.4148748464374
51092,-8.452048,-3.597011,3.996612,-0.005345,0.026725,-0.009621,31,66.4864094977474
51102,-8.450851,-3.59043,4.000201,-0.004734,0.027489,-0.009621,31,66.4591908627926
51112,-8.453843,-3.594618,4.0008,-0.005345,0.027947,-0.010843,30.98,66.4660810963603
51122,-8.467003,-3.592225,3.996014,-0.005345,0.028253,-0.01069,30.98,66.5166509812654
51132,-8.453244,-3.601198,3.997808,-0.004734,0.028558,-0.010537,30.94,66.4863909627003
51142,-8.449057,-3.58744,3.993621,-0.004581,0.027947,-0.010079,30.94,66.4872715127691
51152,-8.456833,-3.589234,3.986442,-0.005345,0.027642,-0.010843,31.02,66.5428716079747
51162,-8.457432,-3.597011,3.98405,-0.004887,0.027642,-0.010537,31.02,66.5636022444962
51172,-8.452645,-3.597011,3.978666,-0.005803,0.026878,-0.010232,30.97,66.5818476282877
51182,-8.468798,-3.596412,3.968496,-0.005345,0.025351,-0.01069,30.97,66.6684605631283
51192,-8.469995,-3.592225,3.970291,-0.004276,0.02474,-0.00901,30.96,66.6578272570489
51202,-8.454441,-3.589234,3.965506,-0.004276,0.022449,-0.009774,30.96,66.6478462196052
51212,-8.458031,-3.584448,3.968496,-0.004734,0.019853,-0.009621,31.01,66.635388042503
51222,-8.458628,-3.604787,3.970889,-0.004276,0.018173,-0.008705,31.01,66.6421153426586
51232,-8.459227,-3.598805,3.964309,-0.003665,0.015882,-0.009468,30.95,66.6726201937465
51242,-8.464012,-3.598805,3.963711,-0.004581,0.010996,-0.00901,30.97,66.6857369160697
51252,-8.472985,-3.592823,3.964907,-0.003971,0.008247,-0.009316,30.97,66.6928561697327
51262,-8.466404,-3.604189,3.969095,-0.003818,0.005192,-0.008399,31.01,66.6672177228084
51272,-8.463414,-3.598207,3.959523,-0.003818,0.002596,-0.008094,31.01,66.7059688948866
51282,-8.465807,-3.601198,3.974478,-0.003971,0.000153,-0.008552,31,66.6350631901485
51292,-8.467602,-3.596412,3.981059,-0.003054,-0.002902,-0.007483,31,66.6000329580499
51302,-8.456235,-3.602993,3.965506,-0.00336,-0.005803,-0.007941,30.98,66.6638082763905
51312,-8.466404,-3.597011,3.970291,-0.003207,-0.008399,-0.007789,30.98,66.6545747336051
51322,-8.462217,-3.600002,3.968496,-0.002902,-0.010996,-0.007483,30.97,66.6579203193767
51332,-8.458031,-3.592823,3.974478,-0.002749,-0.012828,-0.006872,30.97,66.6113862111512
51343,-8.46102,-3.595814,3.97388,-0.002902,-0.014966,-0.007636,30.99,66.6234295157223
51352,-8.466404,-3.593421,3.965506,-0.002596,-0.017104,-0.007178,30.99,66.6765254782433
51362,-8.46461,-3.598207,3.972086,-0.002443,-0.018173,-0.006261,30.96,66.6424680598405
51372,-8.459825,-3.599404,3.978666,-0.002443,-0.019395,-0.006109,30.96,66.5989955017952
51382,-8.455039,-3.59402,3.985844,-0.002749,-0.020617,-0.005956,30.97,66.5465108066822
51392,-8.464012,-3.59043,3.985246,-0.002902,-0.021533,-0.006261,30.97,66.565249859386
51402,-8.458628,-3.585046,3.982853,-0.002291,-0.022297,-0.006261,30.95,66.5617501476513
51412,-8.457432,-3.584448,3.993023,-0.002138,-0.022297,-0.005498,30.95,66.5053371820218
51422,-8.450851,-3.596412,4.001398,-0.001985,-0.021533,-0.005651,31.02,66.4582617195863
51432,-8.450253,-3.596412,3.996612,-0.002291,-0.021228,-0.005803,30.99,66.4821045374614
51442,-8.434101,-3.585046,3.996014,-0.002138,-0.020006,-0.006109,30.99,66.4410836928536
51452,-8.445468,-3.589832,3.998407,-0.001985,-0.018631,-0.005956,31,66.4567442537273
51462,-8.44128,-3.592225,3.995416,-0.002749,-0.017104,-0.006109,31,66.4657726409083
51472,-8.449057,-3.595814,4.00379,-0.002443,-0.015119,-0.005498,30.96,66.4414128661525
51482,-8.456235,-3.588037,3.999005,-0.00168,-0.012828,-0.005956,30.96,66.4746449930065
51492,-8.440681,-3.591029,4.011567,-0.002291,-0.010843,-0.006261,31,66.3787005757507
51502,-8.447861,-3.576073,4.006183,-0.002291,-0.00901,-0.006109,31,66.4086938571937
51512,-8.437692,-3.582654,4.00738,-0.002596,-0.00504,-0.006109,30.98,66.3868404725554
51522,-8.437692,-3.58385,4.005585,-0.002902,-0.003207,-0.006109,30.98,66.3973324988903
51532,-8.450851,-3.591627,4.011567,-0.002902,-0.000305,-0.007483,31,66.4006791321153
51542,-8.442476,-3.596412,4.00379,-0.004429,0.001985,-0.007941,31,66.4280992010017
51552,-8.453244,-3.600002,4.012764,-0.004276,0.005192,-0.006872,31.03,66.4069495027909
51562,-8.44128,-3.601796,4.016951,-0.00336,0.007789,-0.007789,31.03,66.3614227237322
51572,-8.446067,-3.6006,4.010969,-0.003207,0.011606,-0.008552,30.98,66.4017808878761
51582,-8.443074,-3.596412,4.006782,-0.003512,0.013439,-0.008858,30.98,66.4136670496595
51592,-8.435897,-3.59402,3.999005,-0.004734,0.018631,-0.008858,30.94,66.4372080611696
51602,-8.455637,-3.589234,4.003192,-0.004887,0.020769,-0.008399,30.98,66.452504608775
51612,-8.453843,-3.589832,4.009174,-0.005345,0.022449,-0.008552,30.98,66.4179132360049
51622,-8.445468,-3.58744,3.992425,-0.004734,0.024435,-0.00901,30.97,66.4860048780112
51632,-8.438289,-3.592823,4.0008,-0.005192,0.026267,-0.009163,30.97,66.4317504855778
51642,-8.450253,-3.588636,3.993621,-0.005192,0.026573,-0.009621,30.99,66.4908522510719
51652,-8.453244,-3.586243,3.99721,-0.004887,0.027336,-0.009621,30.99,66.4761729711514
51662,-8.455637,-3.586841,3.993621,-0.005345,0.0281,-0.009163,30.99,66.500561365462
51672,-8.459227,-3.592823,3.98405,-0.005956,0.028253,-0.009316,30.99,66.5636337279667
51682,-8.452645,-3.59043,3.991228,-0.005192,0.027489,-0.009163,30.99,66.5100341112459
51692,-8.455637,-3.595814,3.980461,-0.005498,0.027642,-0.008858,30.99,66.5776184598002
51702,-8.450851,-3.589832,3.990032,-0.005498,0.026725,-0.009163,30.94,66.5120117319614
51712,-8.463414,-3.593421,3.97747,-0.005803,0.025656,-0.009468,30.94,66.6074598604909
51722,-8.456833,-3.591029,3.979264,-0.004887,0.024587,-0.00901,30.92,66.5821508094788
51732,-8.457432,-3.598805,3.966702,-0.005345,0.02306,-0.009163,30.92,66.6563001125498
51742,-8.465208,-3.595814,3.964309,-0.005345,0.02138,-0.009468,30.98,66.6824386464589
51752,-8.459825,-3.593421,3.961318,-0.004887,0.018784,-0.007789,30.98,66.6848157436187
51762,-8.457432,-3.602993,3.968496,-0.004429,0.015272,-0.00733,30.95,66.6505946991342
51772,-8.46102,-3.592225,3.965506,-0.004887,0.012675,-0.007941,31.01,66.664236327714
51782,-8.458628,-3.58744,3.969095,-0.003818,0.010232,-0.007941,31.01,66.636139373197
51792,-8.467602,-3.599404,3.966702,-0.004734,0.007636,-0.007178,30.98,66.6780373142926
51802,-8.459825,-3.592823,3.9673,-0.003665,0.004429,-0.007941,30.98,66.6528446516496
51812,-8.460423,-3.589234,3.969095,-0.004276,0.001833,-0.008094,30.96,66.6414801417883
51822,-8.462217,-3.593421,3.96072,-0.004429,-0.000305,-0.007483,30.96,66.6929464770772
51832,-8.454441,-3.585046,3.96072,-0.004429,-0.002596,-0.006414,30.98,66.669304865839
51842,-8.467003,-3.591627,3.973282,-0.004123,-0.005345,-0.007025,30.98,66.6353517446009
51852,-8.456235,-3.594618,3.973282,-0.003512,-0.007025,-0.007178,30.95,66.6155084002749
51862,-8.461619,-3.594618,3.972684,-0.002596,-0.009621,-0.006414,30.95,66.6298998533593
51872,-8.471789,-3.59043,3.975077,-0.002749,-0.011454,-0.006567,30.97,66.634862057923
51882,-8.465208,-3.59043,3.9673,-0.002749,-0.013286,-0.006414,30.97,66.661960014047
51892,-8.458628,-3.588636,3.970291,-0.00336,-0.015424,-0.006109,30.99,66.6309148421602
51902,-8.456235,-3.6006,3.97747,-0.003054,-0.016646,-0.006109,30.99,66.5988337524082
51912,-8.456833,-3.595216,3.978068,-0.002749,-0.018479,-0.006414,31,66.5921538763952
51922,-8.461619,-3.6006,3.983452,-0.003207,-0.018784,-0.006109,31,66.5786950276868
51932,-8.464012,-3.585046,3.97388,-0.002749,-0.0197,-0.006414,31,66.6201347505243
51942,-8.443074,-3.601198,3.982853,-0.002902,-0.020006,-0.005803,30.97,66.5435426145969
51952,-8.46102,-3.586243,3.994817,-0.002596,-0.0197,-0.005803,30.97,66.5050568677808
51962,-8.459825,-3.59043,3.985844,-0.003207,-0.020006,-0.007178,31,66.5533439039556
51972,-8.448458,-3.597609,3.996014,-0.00336,-0.019548,-0.007789,31,66.4825415645461
51982,-8.458031,-3.591627,3.996014,-0.002902,-0.018021,-0.006261,31.01,66.4973007351708
51992,-8.450851,-3.601198,3.99721,-0.002596,-0.016035,-0.005192,31.01,66.4845037392698
52002,-8.446664,-3.593421,4.001398,-0.002749,-0.014355,-0.006261,30.95,66.4467802980983
52012,-8.442476,-3.586841,3.994219,-0.003207,-0.013286,-0.007178,30.95,66.4697567744947
52022,-8.444869,-3.598805,4.002594,-0.003818,-0.010843,-0.00733,30.98,66.4415540268479
52032,-8.460423,-3.59043,4.005585,-0.003512,-0.008552,-0.007483,30.98,66.4510931866181
52042,-8.442476,-3.59043,3.993621,-0.002749,-0.006109,-0.006414,30.99,66.4761060504809
52052,-8.4347,-3.59402,4.007978,-0.002596,-0.003665,-0.007025,30.99,66.3875918829397
52062,-8.442476,-3.586841,4.00738,-0.002443,-0.001069,-0.007636,31,66.4006889194297
52072,-8.442476,-3.602395,4.004987,-0.00336,0.00168,-0.007636,31,66.4271908295885
52082,-8.449057,-3.593421,4.00379,-0.003818,0.004276,-0.007941,30.99,66.4392710157816
52092,-8.449057,-3.589234,4.003192,-0.004123,0.00672,-0.008858,30.99,66.4386614260116
52102,-8.442476,-3.597609,4.011567,-0.004429,0.011606,-0.008858,30.97,66.3883950005473
52112,-8.450253,-3.597011,4.002594,-0.003971,0.014355,-0.008705,30.96,66.4512699029298
52122,-8.455039,-3.58744,4.006782,-0.004429,0.017257,-0.008705,30.96,66.4308284975566
52132,-8.441879,-3.58744,4.004389,-0.004734,0.019853,-0.009316,30.96,66.4156571232662
52142,-8.439486,-3.591029,3.990032,-0.004276,0.02138,-0.009163,30.96,66.4892020437371
52152,-8.446664,-3.597011,3.995416,-0.00504,0.023213,-0.009316,31,66.4813753981057
52162,-8.452645,-3.602395,3.999005,-0.005803,0.023976,-0.009468,31,66.4799285020811
52172,-8.450253,-3.591029,3.990032,-0.005192,0.025656,-0.008858,31.01,66.5118239952982
52182,-8.445468,-3.591029,3.987041,-0.005498,0.025962,-0.009774,31.01,66.5174817881499
52192,-8.457432,-3.588636,3.985844,-0.005192,0.027031,-0.009163,30.98,66.5467338869177
52202,-8.464012,-3.591029,3.987041,-0.00504,0.026878,-0.009621,30.98,66.5563658167042
52212,-8.457432,-3.591627,3.980461,-0.005345,0.026725,-0.009774,31.01,66.5776512757445
52222,-8.458031,-3.598805,3.993621,-0.004887,0.027031,-0.009163,31.01,66.5162486320467
52232,-8.457432,-3.601796,3.973282,-0.004734,0.026114,-0.00901,30.96,66.6243911588725
52242,-8.453244,-3.598207,3.982853,-0.00504,0.024893,-0.008858,30.96,66.5621818583965
52252,-8.474181,-3.600002,3.968496,-0.004581,0.023976,-0.008858,30.99,66.6828509226543
52262,-8.458628,-3.596412,3.973282,-0.004887,0.02306,-0.009163,30.99,66.6221037192678
52272,-8.467003,-3.585046,3.968496,-0.004429,0.020769,-0.00901,30.97,66.6546617592077
52282,-8.463414,-3.596412,3.968496,-0.003971,0.016799,-0.007636,30.98,66.6572332369261
52292,-8.470592,-3.594618,3.972684,-0.004123,0.013439,-0.007941,30.98,66.6486287466592
52302,-8.461619,-3.602395,3.964907,-0.003971,0.011759,-0.008094,30.99,66.6776496979837
52312,-8.448458,-3.589234,3.97747,-0.004276,0.00901,-0.007636,30.99,66.5724356861468
52322,-8.466404,-3.595216,3.964907,-0.003971,0.006872,-0.007483,30.96,66.6812605516958
52332,-8.459825,-3.592823,3.971487,-0.003665,0.004123,-0.008247,30.96,66.6308466258313
52342,-8.46461,-3.591029,3.978666,-0.003665,0.001069,-0.007178,30.98,66.6015601857888
52352,-8.461619,-3.59043,3.9673,-0.003665,-0.001833,-0.00733,30.98,66.6544692223792
52362,-8.46102,-3.595216,3.967898,-0.003512,-0.003971,-0.006872,31.02,66.654318901943
52372,-8.468798,-3.593421,3.970291,-0.003054,-0.006261,-0.006567,31.02,66.6563888155379
52382,-8.467003,-3.588636,3.968496,-0.003207,-0.009621,-0.006414,30.99,66.6578361726431
52392,-8.453843,-3.59043,3.969693,-0.003054,-0.011454,-0.007025,30.99,66.6256461159134
52402,-8.469995,-3.59402,3.973282,-0.003207,-0.013592,-0.006567,30.95,66.6437154311558
52412,-8.472386,-3.601198,3.975675,-0.002443,-0.015272,-0.005345,30.95,66.6425038365284
52422,-8.46461,-3.600002,3.975675,-0.002443,-0.016646,-0.005651,31,66.6252211062322
52432,-8.46102,-3.583252,3.973282,-0.002291,-0.018326,-0.005651,31,66.6154299555375
52442,-8.460423,-3.59043,3.982255,-0.002291,-0.018479,-0.005345,30.98,66.5734314707057
52452,-8.467602,-3.588636,3.993023,-0.002596,-0.021075,-0.006261,30.98,66.5303930757051
52462,-8.453843,-3.585046,3.99063,-0.002443,-0.021533,-0.005498,31,66.5108901026732
52472,-8.467602,-3.588037,4.00379,-0.002443,-0.021228,-0.006109,31,66.473444837562
52482,-8.455039,-3.591627,3.996014,-0.002138,-0.020769,-0.006109,31,66.4910194496596
52492,-8.451449,-3.586841,4.001398,-0.002749,-0.020311,-0.006872,30.97,66.4509652992487
52502,-8.450253,-3.599404,3.993023,-0.003054,-0.019395,-0.006261,30.97,66.5036067275686
52512,-8.44427,-3.58744,3.997808,-0.003054,-0.018173,-0.006414,30.95,66.4552273497538
52522,-8.44427,-3.591627,4.00379,-0.003207,-0.016341,-0.006414,30.95,66.4275879494827
52532,-8.440681,-3.59402,4.0008,-0.00336,-0.014508,-0.006414,30.97,66.4378614967283
52542,-8.448458,-3.582654,4.011567,-0.003971,-0.013286,-0.00733,30.97,66.3876035630156
52552,-8.437692,-3.594618,4.00379,-0.003512,-0.011148,-0.00733,31,66.4164123033406
52562,-8.46102,-3.595216,4.00738,-0.003207,-0.008399,-0.006414,31,66.4472163772461
52572,-8.449656,-3.597609,3.998407,-0.003971,-0.00672,-0.006567,31,66.4725059215793
52582,-8.435897,-3.597609,4.01396,-0.004276,-0.003818,-0.00733,31,66.3619721334568
52592,-8.445468,-3.605386,4.003192,-0.004123,-0.000611,-0.008247,30.96,66.4455806765914
52602,-8.447861,-3.579065,4.00738,-0.004581,0.002138,-0.007789,30.96,66.4050884117039
52612,-8.446067,-3.594618,4.004987,-0.004734,0.004581,-0.008552,30.99,66.4277735406511
52622,-8.444869,-3.598805,4.012764,-0.004581,0.009927,-0.008247,30.99,66.3882392383613
52632,-8.447262,-3.589234,4.009174,-0.005345,0.012217,-0.00901,31.01,66.4035155477774
52642,-8.450851,-3.597011,4.001398,-0.00504,0.014813,-0.009468,30.96,66.4587975610091
52652,-8.447262,-3.595216,3.995416,-0.004734,0.016493,-0.009621,30.96,66.4810262326978
52662,-8.438289,-3.589832,4.000201,-0.004429,0.018937,-0.009468,30.97,66.4322126527868
52672,-8.452048,-3.592225,4.006183,-0.005345,0.020617,-0.009163,30.97,66.4319496710471
52682,-8.446664,-3.595216,3.997808,-0.005651,0.022755,-0.00901,30.99,66.4672190747032
52692,-8.449656,-3.579663,4.0008,-0.006414,0.023671,-0.009927,30.99,66.4439205174739
52702,-8.446067,-3.597609,3.99721,-0.005345,0.024435,-0.01069,30.97,66.4712433187029
52712,-8.443673,-3.589234,3.992425,-0.005498,0.025351,-0.010079,30.97,66.4838335209863
52722,-8.449057,-3.589832,3.993621,-0.004734,0.025351,-0.009621,30.96,66.4894066652258
52732,-8.453843,-3.597609,3.982853,-0.005345,0.026114,-0.009163,30.96,66.5629032375789
52742,-8.447262,-3.591029,3.981657,-0.005498,0.026878,-0.009468,31.02,66.5495274726743
52752,-8.456833,-3.59402,3.98405,-0.005803,0.026725,-0.009316,31.02,66.5596852800963
52762,-8.453843,-3.589234,3.985844,-0.005192,0.026267,-0.009927,30.96,66.5397412107453
52772,-8.459825,-3.598207,3.985844,-0.004887,0.024893,-0.009316,30.96,66.5602630144042
52782,-8.464012,-3.592823,3.981059,-0.005345,0.023976,-0.009316,30.99,66.5893430721856
52792,-8.454441,-3.598207,3.974478,-0.005498,0.021991,-0.010385,30.99,66.6086665737026
52802,-8.462217,-3.596412,3.971487,-0.005192,0.018937,-0.009468,30.96,66.63902647117
52812,-8.474181,-3.601796,3.972086,-0.005192,0.016341,-0.009163,30.95,66.6656012345397
52822,-8.461619,-3.586243,3.971487,-0.004734,0.013897,-0.008552,30.95,66.6287618734782
52832,-8.468798,-3.591627,3.967898,-0.004734,0.012828,-0.008247,31,66.6673668260426
52842,-8.476574,-3.595216,3.969095,-0.004581,0.009621,-0.007941,31,66.6804601122953
52852,-8.475378,-3.598207,3.971487,-0.004429,0.008094,-0.00733,30.96,66.6680615265416
52862,-8.46461,-3.597011,3.964309,-0.004276,0.005345,-0.007483,30.96,66.6822522354766
52872,-8.472985,-3.598805,3.965506,-0.003665,0.002291,-0.006872,31,66.6949969665684
52882,-8.471789,-3.595216,3.970889,-0.00336,0.000764,-0.006261,31,66.6610749960635
52892,-8.461619,-3.595216,3.960122,-0.003971,-0.002443,-0.006872,30.94,66.6964326953347
52902,-8.462217,-3.594618,3.968496,-0.003665,-0.005345,-0.005956,30.94,66.6531452476054
52912,-8.46102,-3.591029,3.976273,-0.003512,-0.00672,-0.00504,31,66.606616573155
52922,-8.457432,-3.6006,3.974478,-0.003512,-0.008247,-0.006109,31,66.6170464848169
52932,-8.456235,-3.612564,3.978666,-0.004276,-0.010843,-0.005956,30.97,66.6032170220414
52942,-8.462217,-3.591029,3.969693,-0.003971,-0.012828,-0.004581,30.97,66.6436761542101
52952,-8.455039,-3.592823,3.97747,-0.003054,-0.014355,-0.00504,30.96,66.5894123391492
52962,-8.454441,-3.58744,3.979264,-0.003665,-0.015577,-0.005956,30.96,66.5739510631862
52972,-8.446067,-3.595814,3.985246,-0.003512,-0.018021,-0.006109,31.01,66.5324389407095
52982,-8.46461,-3.592225,3.991228,-0.003054,-0.018631,-0.005498,30.98,66.5367235843197
52992,-8.453244,-3.586243,3.985246,-0.002749,-0.018173,-0.005956,30.98,66.5389618961237
53002,-8.462815,-3.591627,3.989433,-0.002749,-0.018173,-0.00504,30.98,66.5418442204884
53012,-8.446067,-3.59402,3.988237,-0.002749,-0.018479,-0.005956,30.98,66.5151299309128
53022,-8.447861,-3.589832,3.989433,-0.003512,-0.018479,-0.005651,31,66.5088778401315
53032,-8.450851,-3.591029,3.990032,-0.003818,-0.018173,-0.005956,31,66.5130793457562
53042,-8.455637,-3.591627,3.999603,-0.00336,-0.017562,-0.005956,30.96,66.4734553511515
53052,-8.445468,-3.597011,4.00738,-0.003971,-0.015577,-0.004887,30.96,66.4161106601996
53062,-8.447262,-3.582654,4.001398,-0.00336,-0.014508,-0.005956,30.99,66.4384111175752
53072,-8.445468,-3.586243,3.995416,-0.003818,-0.012828,-0.005651,30.99,66.4692337010016
53082,-8.452645,-3.586243,3.998407,-0.003665,-0.011912,-0.006567,30.96,66.4686347391403
53092,-8.450253,-3.591627,4.005585,-0.00336,-0.009621,-0.006414,30.96,66.4307718263338
53102,-8.455039,-3.583252,4.002594,-0.003512,-0.006872,-0.005956,30.95,66.4490447702807
53112,-8.44427,-3.586841,3.994219,-0.003665,-0.004734,-0.007025,30.95,66.4735314012543
53122,-8.449656,-3.585046,3.998407,-0.004276,-0.003207,-0.007636,30.98,66.4612796000484
53132,-8.449656,-3.585645,4.01396,-0.003971,-0.001374,-0.007789,30.98,66.3802656990867
53142,-8.446664,-3.584448,4.010969,-0.004123,0.004429,-0.008094,30.98,66.3885592663498
53152,-8.439486,-3.57727,4.006782,-0.004734,0.005803,-0.009163,30.98,66.3889436261084
53162,-8.441879,-3.598207,4.005585,-0.004581,0.008247,-0.008552,30.98,66.4190382557267
53172,-8.450253,-3.59043,4.005585,-0.004276,0.010385,-0.00901,30.99,66.429701101939
53182,-8.44427,-3.60718,4.009174,-0.004123,0.012217,-0.009316,30.99,66.4133156155912
53192,-8.44427,-3.591029,4.011567,-0.004123,0.014661,-0.00901,30.98,66.3862716225801
53202,-8.441879,-3.589832,4.0008,-0.005345,0.016188,-0.009468,30.98,66.4366315380841
53212,-8.443673,-3.595216,3.99721,-0.004429,0.017257,-0.009927,30.99,66.4640678618257
53222,-8.437692,-3.59402,4.004389,-0.004734,0.019395,-0.009163,30.99,66.4127324058439
53232,-8.446664,-3.591029,3.999005,-0.005345,0.020464,-0.009316,30.99,66.4571934311247
53242,-8.440681,-3.591029,3.996014,-0.005651,0.021075,-0.010385,30.99,66.4603020226498
53252,-8.443673,-3.59402,3.999005,-0.005498,0.021838,-0.010079,30.96,66.4535777278937
53262,-8.446664,-3.589832,3.996612,-0.005651,0.022144,-0.010079,30.96,66.4686795649792
53272,-8.452048,-3.588636,3.994219,-0.005956,0.022755,-0.010232,30.97,66.4914856414027
53282,-8.456235,-3.591627,3.985844,-0.005651,0.022602,-0.009468,30.97,66.5468863738322
53292,-8.461619,-3.589234,3.980461,-0.005803,0.021686,-0.010232,30.96,66.5842892946909
53302,-8.456235,-3.592225,3.986442,-0.00504,0.02138,-0.009927,30.96,66.5442802334767
53312,-8.454441,-3.591029,3.987639,-0.005345,0.021838,-0.011148,30.96,66.5331717251432
53322,-8.453244,-3.6006,3.985246,-0.005345,0.018479,-0.009774,30.98,66.5517545719928
53332,-8.465208,-3.598207,3.978666,-0.005498,0.017562,-0.009468,30.98,66.6091797968759
53344,-8.459227,-3.597011,3.979264,-0.005498,0.016188,-0.009774,30.94,66.5924781969557
53352,-8.465807,-3.600002,3.975675,-0.005956,0.014203,-0.009621,30.94,66.6277196345007
53362,-8.459825,-3.594618,3.961916,-0.005345,0.01237,-0.007636,30.96,66.6827325615302
53372,-8.459825,-3.598207,3.972684,-0.005498,0.010385,-0.007636,30.96,66.6293392581968
53382,-8.459227,-3.592225,3.979862,-0.005498,0.008094,-0.008705,30.96,66.585084585329
53392,-8.463414,-3.586243,3.974478,-0.004887,0.006567,-0.008705,30.96,66.6168042726764
53402,-8.453843,-3.592823,3.966702,-0.004734,0.004429,-0.007789,31,66.643494035756
53412,-8.453843,-3.607778,3.979264,-0.00504,0.00336,-0.00672,31,66.5908110762301
53422,-8.450253,-3.595814,3.974478,-0.005803,0.001222,-0.00733,30.96,66.5977766369229
53432,-8.451449,-3.596412,3.970889,-0.006109,-0.000916,-0.007636,30.96,66.6196716610113
53442,-8.466404,-3.586841,3.979862,-0.005498,-0.002138,-0.005956,31.01,66.59532188458
53452,-8.465208,-3.59043,3.967898,-0.005192,-0.004123,-0.005803,31.01,66.6588186854393
53462,-8.456235,-3.605984,3.972684,-0.005498,-0.005803,-0.005498,30.97,66.6287589169461
53472,-8.454441,-3.593421,3.978666,-0.006109,-0.007483,-0.005956,30.97,66.5824111327961
53482,-8.456235,-3.596412,3.984648,-0.005956,-0.008399,-0.005956,30.95,66.5574240763249
53492,-8.474181,-3.601796,3.985844,-0.005498,-0.01069,-0.005651,30.97,66.5934629311318
53502,-8.464012,-3.592225,3.981059,-0.005192,-0.011301,-0.006109,30.97,66.5888122291795
53512,-8.455637,-3.591029,3.983452,-0.005192,-0.011759,-0.004734,30.99,66.5576570110995
53522,-8.461619,-3.591029,3.984648,-0.005345,-0.011759,-0.004887,30.99,66.5639094182949
53532,-8.455637,-3.591627,3.986442,-0.004429,-0.011606,-0.005651,30.95,66.5424943631921
53542,-8.457432,-3.592823,3.990032,-0.004429,-0.011301,-0.005345,30.95,66.5284846841681
53552,-8.463414,-3.58744,3.991228,-0.005651,-0.012675,-0.005498,30.98,66.5299639479348
53562,-8.458031,-3.594618,3.99063,-0.004581,-0.011454,-0.006109,30.98,66.5282024395849
53572,-8.458031,-3.600002,3.992425,-0.004887,-0.010385,-0.005498,30.97,66.523587748475
53582,-8.453244,-3.594618,3.988835,-0.004887,-0.009316,-0.005803,30.97,66.5275833828615
53592,-8.454441,-3.59043,3.999005,-0.003971,-0.008399,-0.00504,30.98,66.4730097225373
53602,-8.454441,-3.59043,3.993621,-0.004581,-0.007178,-0.00504,30.98,66.5012486073949
53612,-8.440681,-3.589234,3.991228,-0.005498,-0.00672,-0.005345,31.02,66.4838273783454
53622,-8.458628,-3.593421,4.00379,-0.004429,-0.00504,-0.005803,31.02,66.4593946483969
53632,-8.447861,-3.591029,4.00379,-0.00504,-0.00336,-0.007178,30.97,66.4346135118461
53642,-8.452048,-3.596412,3.993621,-0.004734,-0.002443,-0.00672,30.97,66.5015632862736
53652,-8.449057,-3.588037,3.991228,-0.003818,-0.000611,-0.006567,30.97,66.5003649096962
53662,-8.450253,-3.605984,4.004987,-0.003665,0.002596,-0.006872,30.97,66.4467643565028
53672,-8.452048,-3.592225,3.99721,-0.004429,0.003207,-0.007789,30.99,66.4789977769336
53682,-8.446067,-3.592225,3.996612,-0.00504,0.005498,-0.007025,30.98,66.4695636374831
53692,-8.449057,-3.586841,4.004389,-0.004581,0.007025,-0.007483,30.98,66.4302446681699
53702,-8.455039,-3.589234,4.00379,-0.004123,0.008094,-0.007025,30.99,66.4481124107908
53712,-8.453244,-3.582056,4.001398,-0.004734,0.009316,-0.007789,30.99,66.4504724433142
53722,-8.453843,-3.59043,3.998407,-0.004429,0.01069,-0.008705,30.99,66.4748890594465
53732,-8.450253,-3.599404,3.996612,-0.004581,0.011759,-0.008705,30.99,66.4847798328457
53742,-8.452645,-3.58385,3.986442,-0.003512,0.012981,-0.008247,30.96,66.5292953933034
53752,-8.453843,-3.580261,3.987041,-0.00336,0.013286,-0.00901,30.96,66.5254724929808
53762,-8.453843,-3.595814,3.982853,-0.004429,0.01405,-0.009316,30.95,66.5613038698442
53772,-8.451449,-3.601796,3.994219,-0.004276,0.014355,-0.007941,30.95,66.5019804132457
53782,-8.467602,-3.599404,3.985246,-0.003665,0.014966,-0.008552,30.99,66.5807305955713
53792,-8.455637,-3.594618,3.985844,-0.003818,0.014813,-0.008552,30.99,66.5482965589296
53802,-8.460423,-3.597609,3.975675,-0.003971,0.014355,-0.009163,31.01,66.6143514050168
53812,-8.467602,-3.59043,3.979264,-0.004123,0.014661,-0.008858,31.01,66.6041454070747
53822,-8.460423,-3.603591,3.978068,-0.003818,0.014203,-0.009163,30.95,66.6071081975131
53832,-8.465807,-3.59043,3.986442,-0.003818,0.012217,-0.008399,30.95,66.5627337269306
53842,-8.457432,-3.597609,3.972684,-0.003512,0.011148,-0.008705,30.97,66.6238094058413
53852,-8.454441,-3.585046,3.984648,-0.004123,0.010843,-0.008399,31.02,66.5435477126886
53862,-8.462217,-3.593421,3.969095,-0.003818,0.010385,-0.007483,31.02,66.6489375442666
53872,-8.459825,-3.596412,3.981059,-0.003818,0.008858,-0.007941,30.97,66.5837744580505
53882,-8.458628,-3.59043,3.975077,-0.004734,0.007789,-0.008705,30.97,66.6073635727714
53892,-8.467602,-3.581457,3.980461,-0.004734,0.006261,-0.007178,30.96,66.5899164424843
53902,-8.454441,-3.585645,3.981657,-0.004276,0.004887,-0.00733,30.96,66.5597868190582
53912,-8.46102,-3.589832,3.984648,-0.004734,0.003512,-0.007178,31.01,66.5615914445637
53922,-8.457432,-3.58744,3.971487,-0.00504,0.001833,-0.007483,31.01,66.6210690412782
53932,-8.457432,-3.608975,3.976273,-0.005192,0.000305,-0.007483,31.02,66.615077250931
53942,-8.462815,-3.598805,3.97747,-0.004887,-0.001222,-0.006872,31.02,66.6109885948451
53952,-8.458031,-3.591029,3.975675,-0.00504,-0.003207,-0.007483,30.96,66.6035059079123
53962,-8.462815,-3.599404,3.979862,-0.004581,-0.004581,-0.007178,30.96,66.598967656164
53972,-8.462815,-3.592823,3.984648,-0.005192,-0.004887,-0.006567,30.98,66.5680072705526
53982,-8.452645,-3.582056,3.976273,-0.004887,-0.006567,-0.006872,30.98,66.5811181369855
53992,-8.450851,-3.59402,3.988237,-0.00504,-0.007483,-0.006109,30.96,66.52516938149
54002,-8.453843,-3.601198,3.978666,-0.00504,-0.008552,-0.005498,30.96,66.5880843452571
54012,-8.462217,-3.591627,3.984648,-0.005345,-0.010232,-0.005498,31,66.5656927894653
54022,-8.459227,-3.595216,3.982853,-0.005192,-0.010843,-0.005498,30.96,66.57204405246
54032,-8.449057,-3.588037,3.980461,-0.006261,-0.010843,-0.005192,30.96,66.5569092697411
54042,-8.443074,-3.595814,3.996612,-0.005956,-0.010537,-0.00504,30.98,66.4664819760057
54052,-8.453244,-3.595216,3.990032,-0.005651,-0.010843,-0.005498,30.98,66.521835382705
54062,-8.464012,-3.6006,3.991827,-0.006109,-0.010843,-0.006109,30.95,66.5397829931461
54072,-8.443673,-3.597011,3.993023,-0.005803,-0.009468,-0.005956,30.95,66.4876501082393
54082,-8.447861,-3.581457,3.996612,-0.006872,-0.008552,-0.006414,30.98,66.4637185319612
54092,-8.443074,-3.595814,4.002594,-0.005651,-0.007789,-0.005192,30.98,66.4350953860478
54102,-8.458031,-3.58744,3.994817,-0.005956,-0.006261,-0.005651,30.98,66.4998479311368
54112,-8.446067,-3.59402,3.993023,-0.005651,-0.005498,-0.005345,30.98,66.4900044113508
54122,-8.437692,-3.592225,4.001398,-0.006567,-0.004123,-0.006109,30.98,66.4268176801724
54132,-8.456833,-3.57727,3.999603,-0.006109,-0.00168,-0.006414,30.98,66.4631750055283
54142,-8.44427,-3.589832,3.991228,-0.006414,-0.001222,-0.006567,30.95,66.49190817332
54152,-8.456235,-3.588037,3.993023,-0.007025,0.000305,-0.007178,30.95,66.5060194453705
54162,-8.455039,-3.586243,3.994219,-0.006872,0.002596,-0.008552,30.97,66.4956354637385
54172,-8.447861,-3.588636,3.996612,-0.006567,0.004123,-0.007483,30.97,66.4701282098979
54182,-8.443074,-3.59402,4.004389,-0.007178,0.007941,-0.00672,31.02,66.4240716917173
54192,-8.441879,-3.59402,3.990032,-0.006567,0.008247,-0.007789,30.97,66.4969080739717
54202,-8.459227,-3.59043,3.994817,-0.006414,0.010232,-0.007483,30.97,66.5050209898088
54212,-8.449656,-3.592823,4.001996,-0.006414,0.011912,-0.007636,30.98,66.4494032284064
54222,-8.455637,-3.592823,4.002594,-0.00672,0.013134,-0.008399,30.98,66.4588434203835
54232,-8.455637,-3.579065,3.99721,-0.006414,0.013897,-0.008858,30.98,66.4748089103553
54242,-8.459825,-3.59402,3.993023,-0.005651,0.015119,-0.008399,30.98,66.5188803658951
54252,-8.447861,-3.585046,3.995416,-0.006567,0.016035,-0.00901,31,66.4731989036474
54262,-8.452645,-3.594618,3.997808,-0.006567,0.016646,-0.009316,31,66.4792528341413
54272,-8.453244,-3.593421,3.989433,-0.006567,0.017257,-0.009621,30.93,66.5233777800414
54282,-8.459825,-3.592823,3.985246,-0.005956,0.017868,-0.00901,30.93,66.5586097913559
54292,-8.458628,-3.59043,3.986442,-0.005956,0.018631,-0.008858,31,66.547697881985
54302,-8.459825,-3.599404,3.986442,-0.005192,0.018173,-0.008858,31,66.5581917025304
54312,-8.449656,-3.595216,3.985246,-0.005192,0.017715,-0.008399,30.99,66.5394323621516
54322,-8.468199,-3.600002,3.985844,-0.005345,0.018021,-0.007941,30.99,66.5793742642665
54332,-8.456833,-3.588636,3.980461,-0.005192,0.016952,-0.008705,31,66.5737383038512
54342,-8.445468,-3.59043,3.973282,-0.00504,0.01573,-0.008858,31,66.5892496830976
54352,-8.468798,-3.610171,3.978666,-0.004429,0.014355,-0.008094,31.02,66.6272993373159
54362,-8.458628,-3.601198,3.981657,-0.004581,0.012828,-0.008094,30.99,66.582391049754
54372,-8.462217,-3.589234,3.972684,-0.004276,0.01237,-0.007941,30.99,66.6263745073534
54382,-8.462815,-3.58385,3.980461,-0.003665,0.009927,-0.007941,30.98,66.5820162879606
54392,-8.453244,-3.586841,3.974478,-0.004123,0.008399,-0.008094,30.98,66.5960564043716
54402,-8.459825,-3.594618,3.972684,-0.004581,0.007025,-0.007636,30.97,66.6261522892271
54412,-8.462815,-3.597011,3.975077,-0.003971,0.005651,-0.00672,30.97,66.6219567212484
54422,-8.47119,-3.582654,3.972684,-0.00504,0.003818,-0.00733,31.02,66.6392981338737
54432,-8.461619,-3.589832,3.975077,-0.004734,0.001833,-0.007636,31.02,66.6130873040939
54442,-8.460423,-3.596412,3.971487,-0.003971,0.000153,-0.006414,31,66.6352807862538
54452,-8.46102,-3.58744,3.969095,-0.004123,-0.001527,-0.005651,31,66.6411378012999
54462,-8.468798,-3.608975,3.97747,-0.004123,-0.002749,-0.005956,30.97,66.6325090104674
54472,-8.467602,-3.601796,3.973282,-0.003054,-0.004123,-0.005803,30.97,66.6456147455502
54482,-8.457432,-3.592225,3.973282,-0.003207,-0.005803,-0.006567,30.99,66.615885101855
54492,-8.451449,-3.599404,3.981059,-0.003971,-0.007636,-0.005803,30.99,66.5689097232694
54502,-8.462815,-3.59043,3.974478,-0.004123,-0.00901,-0.005651,30.97,66.6192630825716
54512,-8.445468,-3.588037,3.984648,-0.004429,-0.010385,-0.005192,30.97,66.5273813468899
54522,-8.46461,-3.600002,3.980461,-0.004276,-0.010996,-0.005803,31.03,66.6001067750263
54532,-8.456235,-3.588636,3.98405,-0.004581,-0.012675,-0.004887,30.98,66.5536418901021
54542,-8.453244,-3.600002,3.981657,-0.004429,-0.013439,-0.004276,30.98,66.5700608707578
54552,-8.459227,-3.577868,3.985844,-0.004276,-0.014508,-0.004734,30.97,66.5409316872109
54562,-8.454441,-3.592823,3.990032,-0.004429,-0.014203,-0.005498,30.97,66.5222122041172
54572,-8.451449,-3.594618,3.985844,-0.004123,-0.01405,-0.00504,30.96,66.5395187630766
54582,-8.47119,-3.593421,3.989433,-0.004887,-0.013897,-0.004734,30.96,66.5609707046733
54592,-8.456235,-3.601198,3.997808,-0.004429,-0.013744,-0.00504,30.97,66.4926669007612
54602,-8.451449,-3.592225,3.999603,-0.004429,-0.013592,-0.004734,30.97,66.4651881683118
54612,-8.461619,-3.580261,3.99063,-0.004429,-0.012675,-0.005192,30.99,66.5229586007778
54622,-8.447861,-3.589832,3.990032,-0.004887,-0.011606,-0.00504,30.99,66.505732990796
54632,-8.449057,-3.586243,3.994817,-0.004887,-0.010079,-0.00504,30.96,66.4799262647478
54642,-8.455637,-3.580859,3.99063,-0.005345,-0.008552,-0.005192,30.96,66.5109313308185
54652,-8.441879,-3.597609,4.0008,-0.005192,-0.006872,-0.005803,30.99,66.4436011970906
54662,-8.444869,-3.583252,4.00738,-0.005345,-0.00504,-0.005956,30.99,66.402522065697
54672,-8.449057,-3.591029,4.0008,-0.006109,-0.00336,-0.006261,30.98,66.452811354293
54682,-8.447262,-3.588636,3.996612,-0.005498,-0.001527,-0.005498,30.98,66.4688684357175
54692,-8.446664,-3.593421,4.000201,-0.005956,0,-0.006567,30.97,66.4530590626102
54702,-8.438888,-3.589832,4.010371,-0.006261,0.003818,-0.00672,30.97,66.3801141018903
54712,-8.458628,-3.599404,4.009174,-0.006109,0.006414,-0.007789,30.97,66.4365369317301
54722,-8.443074,-3.595216,4.013362,-0.005956,0.007941,-0.006872,31,66.3780981612755
54732,-8.445468,-3.591627,3.996014,-0.005956,0.008858,-0.007636,31,66.4709074771968
54742,-8.46102,-3.592823,4.001398,-0.006567,0.010996,-0.007941,30.97,66.4764192482626
54752,-8.443074,-3.599404,3.993621,-0.006109,0.013286,-0.007789,30.97,66.4853952875365
54762,-8.447861,-3.598207,4.001398,-0.006261,0.014661,-0.007941,30.95,66.4535827060346
54772,-8.443074,-3.585645,3.993023,-0.00672,0.015272,-0.008552,30.95,66.4762261838856
54782,-8.447262,-3.597011,3.997808,-0.006872,0.017104,-0.008552,30.98,66.4700823141448
54792,-8.443074,-3.598805,4.0008,-0.006872,0.017868,-0.00901,30.98,66.4471878558643
54802,-8.461619,-3.595216,3.990032,-0.006109,0.018021,-0.010079,30.98,66.5393899997305
54812,-8.46102,-3.58385,3.996014,-0.005651,0.018631,-0.00901,30.98,66.4966514597717
54822,-8.452645,-3.59043,3.979862,-0.006109,0.018784,-0.010232,31.02,66.5697068115085
54832,-8.446664,-3.601198,3.991827,-0.007025,0.018784,-0.010079,31.02,66.5039551033185
54842,-8.457432,-3.593421,3.978068,-0.006261,0.019548,-0.00901,30.94,66.5918110196387
54852,-8.459227,-3.58744,3.969095,-0.00672,0.018326,-0.009316,30.94,66.6373912391544
54862,-8.467003,-3.596412,3.979862,-0.006567,0.018173,-0.010079,31,66.6050610153516
54872,-8.446664,-3.592225,3.974478,-0.006414,0.01741,-0.009621,31,66.5870662554325
54882,-8.456833,-3.592225,3.971487,-0.006414,0.016341,-0.009774,30.96,66.624063270043
54892,-8.465208,-3.586841,3.976273,-0.006261,0.015119,-0.010079,31,66.6116596816986
54902,-8.466404,-3.58744,3.972086,-0.006109,0.014508,-0.009163,31,66.6366735935829
54912,-8.459825,-3.605984,3.976273,-0.005345,0.013286,-0.008399,30.96,66.6174101462027
54922,-8.472386,-3.586243,3.983452,-0.005498,0.011759,-0.007941,30.96,66.588468614109
54932,-8.472985,-3.592823,3.976871,-0.004734,0.009927,-0.008094,30.99,66.6300628561007
54942,-8.462815,-3.599404,3.982255,-0.004734,0.007789,-0.00901,30.99,66.5864117037781
54952,-8.466404,-3.595216,3.974478,-0.005803,0.006872,-0.008705,30.98,66.6310030008716
54962,-8.453843,-3.601198,3.97388,-0.005345,0.004734,-0.008399,30.98,66.6132199133288
54972,-8.457432,-3.601198,3.969693,-0.005651,0.003207,-0.008094,30.97,66.642710869104
54982,-8.466404,-3.589832,3.975675,-0.005192,0.001527,-0.007789,30.97,66.6199483356565
54992,-8.455039,-3.591627,3.976871,-0.005803,-0.000764,-0.007941,30.98,66.5914950788793
55002,-8.459825,-3.596412,3.963113,-0.005803,-0.002596,-0.007178,30.98,66.6780307363817
55012,-8.458031,-3.596412,3.970889,-0.00504,-0.003971,-0.007483,30.96,66.6334264007856
55022,-8.457432,-3.596412,3.978666,-0.005192,-0.005956,-0.007483,30.96,66.5913307210238
55032,-8.453244,-3.601198,3.985246,-0.005345,-0.006567,-0.007483,30.97,66.5522880672209
55042,-8.462815,-3.601796,3.979862,-0.00504,-0.007636,-0.006567,30.97,66.6010940863633
55052,-8.460423,-3.591627,3.979264,-0.004276,-0.010537,-0.004581,30.99,66.5901951528066
55062,-8.447262,-3.59402,3.980461,-0.004887,-0.011606,-0.005192,30.99,66.5584778598808
55072,-8.451449,-3.59402,3.976273,-0.00504,-0.011912,-0.004734,30.99,66.5892510819531
55082,-8.458031,-3.595814,3.989433,-0.00504,-0.012981,-0.004887,30.97,66.5355468884801
55092,-8.456833,-3.594618,3.980461,-0.004887,-0.013744,-0.005345,30.97,66.579057435245
55102,-8.455039,-3.603591,3.995416,-0.004581,-0.013897,-0.004276,30.95,66.5048370048825
55112,-8.450851,-3.593421,3.985844,-0.004581,-0.013744,-0.003665,30.95,66.5371974624134
55122,-8.457432,-3.589234,3.994817,-0.004734,-0.013744,-0.003971,30.96,66.5001883080757
55132,-8.447262,-3.596412,3.994219,-0.004734,-0.013286,-0.004581,30.96,66.4883768687383
55142,-8.449057,-3.596412,3.982853,-0.005345,-0.012217,-0.003971,31,66.5518095177048
55152,-8.44427,-3.593421,3.992425,-0.005498,-0.011454,-0.004429,31,66.4888318987611
55162,-8.449057,-3.584448,3.985844,-0.00504,-0.01069,-0.003512,30.98,66.5254355537145
55172,-8.444869,-3.593421,3.99063,-0.005192,-0.009163,-0.004429,30.98,66.499514296011
55182,-8.452645,-3.598207,3.99721,-0.004887,-0.008094,-0.004734,30.99,66.4855956105073
55192,-8.455637,-3.599404,3.996612,-0.005192,-0.00672,-0.004429,30.99,66.4960800004778
55202,-8.455039,-3.589832,3.996612,-0.00504,-0.005498,-0.005192,30.99,66.486282148025
55212,-8.456833,-3.598207,3.994817,-0.004887,-0.003054,-0.00504,30.99,66.5069319066172
55222,-8.456235,-3.582056,4.001398,-0.005498,0.000458,-0.004276,30.98,66.4567659539495
55232,-8.456833,-3.585046,4.00379,-0.004734,0.002291,-0.005498,30.98,66.4481489786361
55242,-8.440084,-3.592823,4.000201,-0.005498,0.004581,-0.006109,30.98,66.4386747924172
55252,-8.440681,-3.598207,4.004987,-0.005192,0.005192,-0.00672,31.01,66.4196517176799
55262,-8.443673,-3.591627,4.000201,-0.005192,0.007483,-0.00672,31.01,66.4451594256485
55272,-8.449656,-3.596412,3.992425,-0.005498,0.009927,-0.00733,30.91,66.5028177027393
55282,-8.450253,-3.592225,3.992425,-0.005192,0.010996,-0.008094,30.91,66.5003318767283
55292,-8.453244,-3.591029,3.998407,-0.005651,0.012675,-0.007483,30.98,66.474164990797
55302,-8.456833,-3.589234,4.001398,-0.005956,0.013744,-0.00733,30.98,66.4644230864175
55312,-8.449656,-3.595814,3.988835,-0.005803,0.014661,-0.008399,30.97,66.5211246115977
55322,-8.443673,-3.588037,4.001996,-0.006109,0.015882,-0.007483,30.97,66.4325273445867
55332,-8.450851,-3.59402,3.991228,-0.006109,0.017104,-0.008247,30.95,66.5094712580333
55345,-8.449656,-3.591627,3.984648,-0.006261,0.018479,-0.008399,30.95,66.5393715733535
55352,-8.449656,-3.591627,3.984648,-0.005651,0.018479,-0.008399,30.96,66.5393715733535
55362,-8.454441,-3.586243,3.981657,-0.005803,0.018021,-0.008858,30.96,66.5603185086232
55372,-8.443074,-3.588636,3.985246,-0.005803,0.018479,-0.008552,30.97,66.5197466647896
55382,-8.453244,-3.59043,3.987041,-0.005651,0.018173,-0.008705,30.97,66.5332664670988
55392,-8.451449,-3.580859,3.988835,-0.004734,0.01741,-0.008552,31.01,66.5115567250868
55402,-8.456235,-3.588636,3.980461,-0.005651,0.015882,-0.008705,31,66.5724857975428
55412,-8.453843,-3.591627,3.979264,-0.005192,0.014661,-0.007636,31,66.5764221757728
55422,-8.464012,-3.586243,3.984648,-0.005192,0.013744,-0.007941,31,66.5646706108015
55432,-8.455039,-3.589832,3.978666,-0.005651,0.012675,-0.007636,31,66.5804710510448
55442,-8.466404,-3.595216,3.971487,-0.005498,0.01069,-0.008858,30.94,66.6467047258959
55452,-8.459227,-3.600002,3.966702,-0.005803,0.00901,-0.008399,30.94,66.6611079586232
55462,-8.466404,-3.59402,3.978068,-0.005956,0.007483,-0.007025,31.02,66.6111008175398
55472,-8.458031,-3.600002,3.981059,-0.005192,0.005498,-0.006872,31.02,66.5832161765051
55482,-8.46102,-3.597011,3.969693,-0.005498,0.002902,-0.008094,30.99,66.6464816757942
55492,-8.456235,-3.595216,3.966104,-0.005651,0.001374,-0.007025,30.99,66.6537580211112
55502,-8.455637,-3.589234,3.963113,-0.005192,-0.001069,-0.007636,30.96,66.6629277282149
55512,-8.461619,-3.597609,3.976871,-0.005498,-0.003512,-0.007178,30.96,66.6105715267203
55522,-8.464012,-3.597011,3.976273,-0.005498,-0.004581,-0.006872,31.02,66.6181785677671
55532,-8.465208,-3.59402,3.974478,-0.005192,-0.006872,-0.007025,31.02,66.6274454276894
55542,-8.456833,-3.607778,3.968496,-0.005192,-0.007941,-0.00672,30.97,66.6536004190323
55552,-8.465208,-3.591627,3.982853,-0.005192,-0.009468,-0.00733,30.97,66.581369862495
55562,-8.460423,-3.589832,3.980461,-0.005498,-0.011759,-0.006261,31,66.5823171854206
55572,-8.453244,-3.594618,3.987639,-0.004581,-0.013134,-0.005956,30.97,66.5338601432757
55582,-8.459825,-3.596412,3.985844,-0.005498,-0.014203,-0.006414,30.97,66.5586652394708
55592,-8.452048,-3.591627,3.978666,-0.005192,-0.014508,-0.007178,30.98,66.5758038119586
55602,-8.457432,-3.601796,3.987041,-0.005345,-0.014355,-0.005956,30.98,66.5521716513103
55612,-8.458628,-3.588037,3.986442,-0.005651,-0.014355,-0.006567,30.94,66.5455697315376
55622,-8.442476,-3.6006,3.986442,-0.005651,-0.01405,-0.006109,30.94,66.5229024673828
55632,-8.455039,-3.593421,3.99063,-0.005803,-0.01405,-0.006567,30.99,66.5208619213271
55642,-8.450851,-3.591627,3.983452,-0.006414,-0.013592,-0.006261,30.99,66.5481582308677
55652,-8.453843,-3.601198,3.993621,-0.006261,-0.012675,-0.005651,30.97,66.5096037930687
55662,-8.451449,-3.591627,4.00379,-0.006261,-0.011759,-0.005803,30.97,66.4426989263288
55672,-8.445468,-3.591029,3.995416,-0.006261,-0.009927,-0.006109,30.95,66.4735112256676
55682,-8.450253,-3.595216,4.001398,-0.006567,-0.009621,-0.005803,30.95,66.4559347979762
55692,-8.451449,-3.58744,3.995416,-0.006567,-0.008094,-0.006567,30.97,66.4828794825494
55702,-8.449656,-3.596412,3.998407,-0.006414,-0.006567,-0.00672,30.97,66.4714352825302
55712,-8.451449,-3.598805,4.003192,-0.006261,-0.004429,-0.006414,30.98,66.4522546575281
55722,-8.449057,-3.588636,3.993621,-0.006414,-0.002138,-0.005345,30.98,66.4883389840106
55732,-8.432905,-3.594618,4.006782,-0.006567,0,-0.006109,30.97,66.3906177779815
55742,-8.454441,-3.581457,4.002594,-0.007178,0.003971,-0.006414,30.99,66.4461856756898
55752,-8.455039,-3.583252,3.999603,-0.00672,0.005498,-0.006567,30.99,66.4647290952908
55762,-8.44427,-3.592823,4.006782,-0.006872,0.007941,-0.006414,30.98,66.4129678831458
55772,-8.446067,-3.589234,3.995416,-0.00672,0.009774,-0.006414,30.98,66.4731663074927
55782,-8.451449,-3.591029,3.999603,-0.007025,0.011301,-0.007178,30.99,66.4641196645012
55792,-8.44427,-3.58744,4.004987,-0.00733,0.01237,-0.007025,30.99,66.417559608767
55802,-8.447262,-3.597011,3.986442,-0.007636,0.014661,-0.007178,30.96,66.5297343122775
55812,-8.44128,-3.585046,3.999603,-0.007483,0.016188,-0.006567,30.96,66.4373673721655
55822,-8.446664,-3.582056,3.994817,-0.00733,0.017562,-0.00672,30.97,66.471156052552
55832,-8.449656,-3.583252,3.993621,-0.007941,0.018631,-0.00733,30.97,66.4847948002062
55842,-8.445468,-3.592225,3.990032,-0.007789,0.019548,-0.008399,30.97,66.5028434985499
55852,-8.456833,-3.58744,3.987041,-0.006872,0.020311,-0.007789,30.97,66.5381317415379
55862,-8.457432,-3.588037,3.998407,-0.00733,0.021228,-0.00733,30.99,66.4802955932166
55872,-8.455637,-3.579065,3.991827,-0.007483,0.021075,-0.007636,30.99,66.5030535784731
55882,-8.465807,-3.593421,3.978666,-0.00733,0.021686,-0.007789,30.97,66.6061839330773
55892,-8.452645,-3.585046,3.979862,-0.007025,0.021533,-0.008094,30.97,66.5649175758203
55912,-8.463414,-3.597011,3.988237,-0.005956,0.020617,-0.007178,30.99,66.5541591558552
55922,-8.454441,-3.602993,3.97747,-0.006261,0.019853,-0.00672,30.95,66.5972142714245
55932,-8.46102,-3.59402,3.9673,-0.006109,0.018479,-0.007025,30.96,66.6564003085114
55942,-8.46102,-3.592225,3.971487,-0.005498,0.016646,-0.00733,30.96,66.6328126268345
55952,-8.453843,-3.588037,3.965506,-0.005498,0.01573,-0.007025,30.97,66.6455346205536
55962,-8.453244,-3.595814,3.963711,-0.005498,0.013897,-0.00733,30.97,66.660624765966
55972,-8.469396,-3.59043,3.974478,-0.005192,0.012523,-0.007025,30.98,66.6330100898344
55982,-8.460423,-3.600002,3.963711,-0.004734,0.010079,-0.007941,30.98,66.679318201762
55992,-8.475977,-3.608975,3.966702,-0.00504,0.008705,-0.007789,31.04,66.7039395860753
56002,-8.457432,-3.597609,3.97388,-0.005192,0.006872,-0.007636,31.04,66.6175275376799
56012,-8.449057,-3.604787,3.9673,-0.004581,0.004429,-0.00733,30.96,66.6409948026809
56022,-8.456833,-3.588636,3.968496,-0.004734,0.00168,-0.007025,30.96,66.6365963008823
56032,-8.467602,-3.594618,3.963113,-0.003971,0.000153,-0.006872,30.99,66.6926521056299
56042,-8.459825,-3.585046,3.964907,-0.003971,-0.002749,-0.007178,30.99,66.6585323728597
56052,-8.47119,-3.588636,3.967898,-0.004123,-0.005498,-0.007025,31,66.6697112412682
56062,-8.467602,-3.597609,3.979264,-0.003512,-0.007483,-0.006261,31,66.6105116394911
56072,-8.457432,-3.593421,3.976871,-0.003512,-0.008705,-0.006109,30.95,66.5980968201069
56082,-8.458628,-3.588037,3.975077,-0.004123,-0.013134,-0.006567,30.95,66.6052395738273
56092,-8.454441,-3.591627,3.96072,-0.004734,-0.014355,-0.005956,30.96,66.6751373215099
56102,-8.455039,-3.58744,3.979862,-0.004429,-0.016035,-0.005803,30.97,66.5720630070573
56112,-8.456833,-3.591029,3.974478,-0.004123,-0.016952,-0.006261,30.97,66.6072874852419
56122,-8.452048,-3.600002,3.985246,-0.003818,-0.016799,-0.004429,30.99,66.5487158467157
56132,-8.453843,-3.58744,3.987639,-0.004581,-0.018326,-0.005345,30.99,66.5287210211554
56142,-8.437692,-3.59402,3.987041,-0.003971,-0.019548,-0.005803,31,66.5038210340113
56152,-8.459227,-3.589832,3.992425,-0.00336,-0.01909,-0.005192,31,66.517033176136
56162,-8.458628,-3.59402,3.994817,-0.004429,-0.019395,-0.005651,30.99,66.5069628314158
56172,-8.440084,-3.593421,3.988835,-0.00504,-0.018479,-0.004734,30.99,66.498886976797
56182,-8.454441,-3.588037,4.001996,-0.00504,-0.018021,-0.005498,31,66.4551910570561
56192,-8.449656,-3.586243,4.001996,-0.004887,-0.017562,-0.005345,31,66.4435214668821
56202,-8.443673,-3.592823,3.984648,-0.004581,-0.016188,-0.005345,31,66.5278849659065
56212,-8.440681,-3.579663,4.00379,-0.00504,-0.015119,-0.005498,31,66.4093107155164
56222,-8.459227,-3.596412,3.996014,-0.005192,-0.013286,-0.005345,30.98,66.5040758300205
56232,-8.453244,-3.589832,3.996612,-0.005803,-0.01237,-0.006261,30.98,66.4825112826307
56242,-8.447262,-3.595216,3.999603,-0.005651,-0.010385,-0.00504,30.95,66.459059947632
56252,-8.446664,-3.589832,4.000201,-0.005803,-0.007789,-0.006261,30.95,66.4498482054348
56262,-8.444869,-3.58744,4.003192,-0.006567,-0.003665,-0.00672,31,66.4282377562895
56272,-8.443074,-3.588636,4.00379,-0.005956,-0.001069,-0.006261,30.99,66.4223894965746
56282,-8.440681,-3.589832,3.994817,-0.006567,0.00168,-0.006567,30.99,66.4655150764849
56292,-8.450851,-3.577868,4.004389,-0.007025,0.004276,-0.006872,30.99,66.4260100631655
56302,-8.456833,-3.601198,4.00379,-0.007636,0.006872,-0.007483,30.99,66.4625720857367
56312,-8.44128,-3.591029,4.013362,-0.007483,0.00901,-0.007178,30.99,66.3705536033054
56322,-8.449656,-3.583252,4.008576,-0.007789,0.011912,-0.007636,30.99,66.406344355022
56332,-8.436494,-3.597609,4.007978,-0.007636,0.01405,-0.007636,30.96,66.3946027814936
56342,-8.450851,-3.591627,4.0008,-0.007636,0.015882,-0.008552,30.96,66.4571190898509
56352,-8.440084,-3.58385,3.995416,-0.007789,0.018326,-0.007636,30.98,66.4557609091583
56362,-8.453244,-3.580261,3.989433,-0.008094,0.020769,-0.008247,30.98,66.5116559526717
56372,-8.449057,-3.58385,3.996014,-0.008094,0.022144,-0.008552,30.98,66.4715088662575
56382,-8.438888,-3.588636,3.979862,-0.007941,0.023518,-0.008247,30.98,66.5392527607321
56392,-8.445468,-3.591029,3.989433,-0.008399,0.024587,-0.008858,30.95,66.5049202762645
56402,-8.456235,-3.595814,3.989433,-0.008705,0.025656,-0.008858,30.95,66.5317828144182
56412,-8.452645,-3.593421,3.982853,-0.008858,0.026725,-0.009468,30.98,66.5566623031375
56422,-8.457432,-3.59043,3.986442,-0.007941,0.026573,-0.008705,30.98,66.54519137538
56432,-8.457432,-3.591029,3.980461,-0.007636,0.025962,-0.009163,31.04,66.5771196521264
56442,-8.447861,-3.593421,3.983452,-0.007636,0.026114,-0.008858,30.98,66.5434879630457
56452,-8.455039,-3.601796,3.972086,-0.007483,0.025198,-0.008094,30.98,66.6256749571155
56462,-8.462217,-3.595814,3.983452,-0.00672,0.024282,-0.008399,30.99,66.5756891713966
56472,-8.448458,-3.591627,3.975675,-0.006414,0.022449,-0.008552,30.99,66.5839998418466
56482,-8.470592,-3.600002,3.973282,-0.00672,0.021228,-0.008552,30.99,66.6502585761665
56492,-8.459825,-3.593421,3.964907,-0.006567,0.01909,-0.008705,30.99,66.6659504939798
56502,-8.471789,-3.591029,3.962514,-0.006567,0.017715,-0.008399,30.98,66.7013489252945
56512,-8.464012,-3.604189,3.965506,-0.006872,0.015424,-0.007941,30.98,66.681080543523
56522,-8.465807,-3.593421,3.969095,-0.005956,0.012828,-0.007941,30.99,66.6564295143174
56532,-8.461619,-3.591029,3.965506,-0.004887,0.010843,-0.007483,30.99,66.664426915521
56542,-8.465208,-3.597011,3.964309,-0.004887,0.00901,-0.007178,30.99,66.6834984890166
56552,-8.468798,-3.585645,3.964907,-0.005345,0.005498,-0.007636,30.99,66.6777905484812
56562,-8.463414,-3.592823,3.962514,-0.004734,0.003207,-0.007483,30.96,66.685483258005
56572,-8.468798,-3.598207,3.963113,-0.004734,0.000153,-0.006567,30.96,66.6983175745163
56582,-8.464012,-3.595814,3.958925,-0.004429,-0.002291,-0.006109,31.02,66.7082394122196
56592,-8.460423,-3.58744,3.966702,-0.004581,-0.004581,-0.006414,31.02,66.6524659501559
56602,-8.456235,-3.6006,3.9673,-0.003512,-0.00901,-0.006567,31.01,66.6522541591
56612,-8.456833,-3.59402,3.967898,-0.004429,-0.011454,-0.005956,31.02,66.6445162622031
56622,-8.467602,-3.595814,3.963113,-0.004276,-0.013744,-0.005803,31.02,66.6937099546426
56632,-8.465208,-3.598207,3.963711,-0.003512,-0.015272,-0.005651,30.96,66.6876991611686
56642,-8.457432,-3.593421,3.967898,-0.003512,-0.016646,-0.005651,30.96,66.6452356979135
56652,-8.456235,-3.589832,3.976871,-0.004276,-0.017257,-0.005498,31.04,66.5924028975289
56662,-8.466404,-3.594618,3.975675,-0.003512,-0.01909,-0.005803,31.04,66.6241899838256
56672,-8.46461,-3.597011,3.979264,-0.003054,-0.020159,-0.004581,30.98,66.6037306268524
56682,-8.452048,-3.597011,3.975077,-0.00336,-0.021533,-0.005498,30.98,66.5994507876408
56692,-8.453244,-3.596412,3.98405,-0.002902,-0.020922,-0.005192,31.01,66.5542980057573
56702,-8.450253,-3.586243,3.985246,-0.003207,-0.022144,-0.005498,31.01,66.5326858877568
56712,-8.450253,-3.589832,3.986442,-0.003665,-0.021838,-0.004581,31,66.5296034654696
56722,-8.450851,-3.591029,3.994817,-0.003665,-0.021686,-0.005192,31,66.487968696811
56732,-8.458031,-3.592225,3.989433,-0.003665,-0.021533,-0.004887,31.02,66.532350447018
56742,-8.450253,-3.591627,3.998407,-0.003971,-0.020922,-0.005803,31.02,66.468412577278
56752,-8.44427,-3.594618,3.999603,-0.002596,-0.020159,-0.004429,31,66.452231641057
56762,-8.447861,-3.592823,4.008576,-0.003054,-0.018173,-0.005345,31,66.4111268689965
56772,-8.455039,-3.602395,3.996014,-0.003971,-0.014813,-0.00504,30.96,66.5006328866309
56782,-8.44427,-3.601198,4.001398,-0.005498,-0.013286,-0.006109,31.02,66.4487124545966
56792,-8.44128,-3.598805,4.008576,-0.004887,-0.010996,-0.005956,31.02,66.4026291866903
56802,-8.458628,-3.584448,4.010371,-0.004887,-0.009316,-0.006567,30.96,66.4169078698584
56812,-8.443673,-3.595216,4.007978,-0.004581,-0.006872,-0.006261,30.96,66.4075847198822
56822,-8.44427,-3.595814,4.010371,-0.005498,-0.002902,-0.006109,31.03,66.3968337704751
56832,-8.435897,-3.580859,3.999603,-0.005192,-0.000611,-0.00672,31.03,66.4222695222417
56842,-8.448458,-3.591029,4.017549,-0.00504,0.001069,-0.006872,30.99,66.3637591534862
56852,-8.439486,-3.594618,4.014558,-0.005498,0.004887,-0.007025,30.99,66.3637219040119
56862,-8.446067,-3.586243,4.009174,-0.00672,0.00672,-0.007178,30.98,66.3983181072202
56872,-8.445468,-3.59043,3.995416,-0.00733,0.009927,-0.007941,30.98,66.4729756805745
56882,-8.436494,-3.601796,4.008576,-0.006567,0.012981,-0.007941,30.98,66.3952325250536
56892,-8.447262,-3.58744,4.012166,-0.006567,0.015119,-0.007636,30.98,66.3862252480719
56902,-8.455039,-3.580859,4.010969,-0.00672,0.017104,-0.008705,30.99,66.4030109279163
56912,-8.442476,-3.600002,3.999603,-0.007789,0.019548,-0.008552,30.99,66.4532830663015
56922,-8.4347,-3.592823,3.999005,-0.007941,0.021228,-0.008552,30.99,66.4336120630211
56932,-8.451449,-3.589832,3.993023,-0.007789,0.022907,-0.009774,30.99,66.4975699921517
56942,-8.448458,-3.598805,3.994219,-0.008247,0.023976,-0.008705,31.02,66.4930285909112
56952,-8.449057,-3.585645,3.991228,-0.007636,0.025962,-0.009621,30.99,66.4982312599078
56962,-8.438888,-3.596412,3.985844,-0.008094,0.026725,-0.009316,30.99,66.5147638807916
56972,-8.459825,-3.602993,3.987639,-0.008247,0.02642,-0.00901,31.02,66.5551104747328
56982,-8.458628,-3.580859,3.975077,-0.008094,0.02642,-0.009468,31.02,66.5988734857266
56992,-8.455039,-3.59402,3.985246,-0.007941,0.026573,-0.009774,30.93,66.5496495277965
57002,-8.460423,-3.599404,3.98405,-0.008247,0.024893,-0.010079,30.93,66.571991869212
57012,-8.454441,-3.591029,3.981657,-0.008552,0.024435,-0.010079,30.98,66.5645756893562
57022,-8.452645,-3.595216,3.976871,-0.008094,0.02306,-0.008705,30.98,66.5896775037357
57032,-8.465807,-3.585645,3.981657,-0.007941,0.020922,-0.008094,31.02,66.5835929520587
57042,-8.463414,-3.594618,3.969693,-0.007483,0.0197,-0.00901,31.02,66.6493559437065
57052,-8.461619,-3.597609,3.964907,-0.008094,0.018937,-0.007789,30.98,66.6734050767147
57062,-8.461619,-3.589832,3.973282,-0.007941,0.016646,-0.008247,30.98,66.6225141169004
57072,-8.452645,-3.595216,3.9673,-0.007789,0.014966,-0.008094,30.98,66.6399730000002
57082,-8.460423,-3.604189,3.961916,-0.007789,0.012981,-0.007178,30.98,66.6924653935558
57092,-8.468798,-3.589234,3.965506,-0.007636,0.010079,-0.007636,31,66.6778143791788
57102,-8.453244,-3.596412,3.966104,-0.006872,0.008247,-0.007025,31,66.648574481909
57112,-8.475378,-3.597609,3.962514,-0.006567,0.006567,-0.00672,30.97,66.7146278571182
57122,-8.468199,-3.598805,3.964907,-0.006414,0.001374,-0.006109,30.97,66.6881770444602
57132,-8.476574,-3.595814,3.966104,-0.006414,-0.001069,-0.006261,30.93,66.6966855090823
57142,-8.461619,-3.597011,3.963711,-0.005651,-0.003512,-0.005651,30.98,66.6791595897224
57152,-8.465208,-3.589832,3.963711,-0.005651,-0.005803,-0.005803,30.98,66.680287483066
57162,-8.458628,-3.592225,3.970291,-0.005803,-0.007636,-0.005345,30.98,66.6340983952494
57172,-8.455039,-3.59402,3.961318,-0.005498,-0.008705,-0.005345,30.98,66.6753626809006
57182,-8.462815,-3.585645,3.961916,-0.005651,-0.010385,-0.005956,31.01,66.6810278564705
57192,-8.468199,-3.59402,3.967898,-0.004429,-0.011454,-0.005345,31.01,66.6682347862842
57202,-8.455637,-3.582654,3.974478,-0.004276,-0.012981,-0.004276,31,66.5973497811383
57212,-8.449656,-3.597609,3.971487,-0.004887,-0.014508,-0.004123,31,66.613844841195
57222,-8.46102,-3.593421,3.984648,-0.004887,-0.016035,-0.005345,30.99,66.5647814481157
57232,-8.465208,-3.582654,3.981059,-0.004276,-0.015882,-0.005192,30.99,66.5828271145043
57242,-8.462815,-3.589234,3.98405,-0.004429,-0.017257,-0.004734,31,66.5679569041632
57252,-8.449656,-3.593421,3.988835,-0.003971,-0.016952,-0.005345,31,66.5189885604563
57262,-8.458628,-3.598805,3.982853,-0.003971,-0.017257,-0.005345,31.03,66.5739842218123
57272,-8.46461,-3.595814,3.989433,-0.003512,-0.017257,-0.005498,31.03,66.5493265386081
57282,-8.458031,-3.589832,3.982255,-0.003971,-0.016952,-0.005651,30.93,66.5678913625045
57292,-8.452048,-3.59043,3.983452,-0.003818,-0.016341,-0.005651,30.93,66.549601517405
57302,-8.455637,-3.58385,3.993621,-0.003665,-0.01573,-0.005651,30.99,66.4978976952586
57312,-8.456235,-3.597011,3.991827,-0.003971,-0.014203,-0.006414,30.99,66.5202916384908
57322,-8.452645,-3.597011,3.996014,-0.003665,-0.013134,-0.005803,30.99,66.4907992360435
57332,-8.452645,-3.597609,4.005585,-0.003818,-0.012065,-0.006261,31.02,66.4411561849956
57346,-8.450253,-3.589832,4.005585,-0.003818,-0.010996,-0.00672,31.02,66.4291662658883
57352,-8.447262,-3.589234,3.993621,-0.004123,-0.010079,-0.007789,31.01,66.4851002048512
57362,-8.441879,-3.593421,3.992425,-0.003971,-0.008247,-0.006872,31.01,66.4838062643116
57372,-8.439486,-3.589234,4.00738,-0.004276,-0.006414,-0.005956,30.98,66.3965278657307
57382,-8.443673,-3.593421,3.99721,-0.004123,-0.004429,-0.006414,30.98,66.4624608034462
57392,-8.446067,-3.588636,4.003192,-0.004123,-0.002443,-0.006872,31,66.431831339508
57402,-8.446664,-3.586243,4.003192,-0.004123,-0.001069,-0.006567,31,66.4309480550735
57412,-8.443074,-3.58744,3.99721,-0.003665,0.000305,-0.00733,30.99,66.4558485754477
57422,-8.439486,-3.585046,4.000201,-0.004887,0.001985,-0.007789,30.99,66.4304475208725
57432,-8.441879,-3.589234,3.999603,-0.004429,0.005345,-0.006872,31.01,66.4423778639197
57442,-8.450851,-3.595814,4.001398,-0.005192,0.006567,-0.00733,31.01,66.457726825148
57452,-8.447861,-3.598207,4.004987,-0.005192,0.008399,-0.006872,30.99,66.4347646502508
57462,-8.446664,-3.582654,3.99721,-0.005345,0.010537,-0.00733,30.99,66.4591287394519
57472,-8.450851,-3.598805,4.004389,-0.005651,0.013592,-0.007483,31.01,66.4447232243807
57482,-8.450253,-3.595216,4.001398,-0.005956,0.014508,-0.008552,30.98,66.4559347979762
57492,-8.442476,-3.593421,3.993621,-0.006872,0.016646,-0.007789,30.98,66.4787820577805
57502,-8.451449,-3.59402,3.993023,-0.007025,0.01741,-0.008399,30.98,66.5013075292995
57512,-8.452645,-3.58744,3.986442,-0.007789,0.018784,-0.008399,30.98,66.532491315111
57522,-8.450253,-3.592225,3.989433,-0.006872,0.019853,-0.007789,30.99,66.5160352145004
57532,-8.439486,-3.592225,3.985844,-0.006872,0.020311,-0.00733,30.99,66.512274151474
57542,-8.448458,-3.59402,3.989433,-0.007025,0.020922,-0.00672,30.98,66.5138698351781
57552,-8.449656,-3.595216,3.991827,-0.006872,0.020922,-0.007636,30.98,66.5048873828481
57562,-8.451449,-3.592823,3.988237,-0.007941,0.020922,-0.008858,31,66.5253561662568
57572,-8.458628,-3.588636,3.978068,-0.007636,0.02138,-0.006872,31,66.5900625188145
57582,-8.459825,-3.591029,3.974478,-0.007941,0.020159,-0.007483,31,66.6135443555515
57592,-8.466404,-3.600002,3.981059,-0.007789,0.0197,-0.00733,31,66.6007174301598
57602,-8.450851,-3.592823,3.979264,-0.00733,0.018784,-0.00733,30.98,66.5712199997804
57612,-8.462217,-3.591029,3.97388,-0.00901,0.017868,-0.007789,30.98,66.6216847590803
57622,-8.461619,-3.604189,3.968496,-0.008552,0.016493,-0.007941,31.02,66.6603899824184
57632,-8.460423,-3.603591,3.971487,-0.007789,0.014355,-0.007636,31.02,66.6416570131226
57642,-8.454441,-3.597609,3.975675,-0.007483,0.010996,-0.007178,30.98,66.6018469807256
57652,-8.454441,-3.592823,3.975077,-0.007483,0.00901,-0.006872,31.01,66.6007310756507
57662,-8.461619,-3.591029,3.981059,-0.00733,0.00733,-0.00672,31.01,66.5827441731871
57672,-8.459227,-3.588037,3.975077,-0.007941,0.004734,-0.007025,30.97,66.6064926467022
57682,-8.461619,-3.592225,3.964907,-0.007025,0.002291,-0.006872,30.97,66.6686340717151
57692,-8.462217,-3.592225,3.970291,-0.007483,0.001222,-0.00672,31.02,66.6415949037356
57702,-8.466404,-3.593421,3.97388,-0.007025,-0.001222,-0.006261,31.02,66.6325511042365
57712,-8.463414,-3.593421,3.967898,-0.00672,-0.00336,-0.005803,31,66.657723704071
57722,-8.462217,-3.586841,3.978068,-0.006567,-0.005192,-0.006109,31,66.5959800453265
57732,-8.475378,-3.59043,3.972684,-0.006109,-0.007025,-0.005498,30.96,66.6549069810646
57742,-8.465208,-3.6006,3.972086,-0.006414,-0.008705,-0.006567,30.96,66.6458385099299
57752,-8.465807,-3.592823,3.979862,-0.005651,-0.010996,-0.005498,30.96,66.5993773510851
57762,-8.452645,-3.598207,3.974478,-0.006261,-0.011912,-0.005803,30.96,66.6049111524087
57772,-8.456833,-3.591029,3.98405,-0.006261,-0.013134,-0.006414,30.99,66.5570236826471
57782,-8.458628,-3.589832,3.981059,-0.004887,-0.013439,-0.006261,30.99,66.5754202538576
57792,-8.455039,-3.595216,3.982255,-0.005345,-0.014966,-0.005498,30.96,66.5664154550221
57802,-8.457432,-3.589832,3.987041,-0.004734,-0.014508,-0.005498,30.96,66.541515771836
57812,-8.452048,-3.593421,3.994817,-0.00504,-0.014355,-0.00504,31.03,66.492618342814
57822,-8.458031,-3.596412,3.992425,-0.00504,-0.014508,-0.006567,30.98,66.5203865836033
57832,-8.456833,-3.580859,3.996014,-0.004887,-0.013592,-0.005956,30.98,66.4851942219781
57842,-8.455039,-3.601198,3.987639,-0.004887,-0.013744,-0.005803,30.97,66.5434901120656
57852,-8.453244,-3.589234,4.001996,-0.004276,-0.011606,-0.005956,30.97,66.4537423019086
57862,-8.449057,-3.601796,3.992425,-0.004581,-0.010385,-0.006567,30.97,66.5063734347079
57872,-8.452645,-3.589234,3.993621,-0.004276,-0.008858,-0.005651,30.97,66.4964107276767
57882,-8.450253,-3.602993,3.992425,-0.004429,-0.007636,-0.005651,31.02,66.5099527262548
57892,-8.452048,-3.586243,3.993023,-0.004581,-0.005498,-0.00672,31.02,66.4956276262174
57902,-8.446067,-3.592823,4.006782,-0.00504,-0.004276,-0.007941,31,66.4167532988756
57912,-8.447262,-3.597011,4.004389,-0.004887,-0.002138,-0.00733,31,66.4355680538337
57922,-8.453244,-3.592225,4.002594,-0.00504,0,-0.007941,31.02,66.4532787741145
57932,-8.460423,-3.593421,4.000201,-0.004429,0.001222,-0.007636,31.02,66.4819718717068
57942,-8.446664,-3.593421,4.004389,-0.004581,0.002596,-0.007178,31.01,66.4310938770286
57952,-8.446664,-3.588037,3.999603,-0.004276,0.004429,-0.00733,31.01,66.45138051383
57962,-8.452048,-3.595216,4.001398,-0.004429,0.005956,-0.007941,30.99,66.4597081162759
57972,-8.451449,-3.591029,4.004389,-0.00504,0.007178,-0.007483,30.99,66.4390239471885
57982,-8.450253,-3.595216,4.000201,-0.006109,0.00901,-0.008094,31.02,66.4622116979117
57992,-8.455637,-3.58385,3.992425,-0.005345,0.011301,-0.008247,30.98,66.504173000167
58002,-8.448458,-3.588636,3.990032,-0.005803,0.012217,-0.008094,30.98,66.5059196662767
58012,-8.443074,-3.595216,3.989433,-0.005803,0.013744,-0.008399,31.01,66.5036339430975
58022,-8.453244,-3.585645,3.99063,-0.005956,0.013897,-0.008094,31.01,66.5101657490952
58032,-8.450253,-3.593421,3.992425,-0.005803,0.013744,-0.008705,31,66.5013996258674
58042,-8.449656,-3.59402,3.989433,-0.005956,0.014966,-0.007636,31,66.51638418307
58052,-8.459825,-3.592823,3.991228,-0.005956,0.015577,-0.008399,30.97,66.527227985598
58062,-8.451449,-3.591029,3.985246,-0.006261,0.014508,-0.007636,30.97,66.5394590228576
58072,-8.457432,-3.59043,3.983452,-0.006414,0.01405,-0.007178,31.02,66.560884794336
58082,-8.457432,-3.584448,3.978666,-0.006567,0.01405,-0.00733,31.02,66.5806995474485
58092,-8.462217,-3.600002,3.985844,-0.006109,0.013744,-0.007025,30.98,66.5668660296052
58102,-8.460423,-3.588636,3.988237,-0.006872,0.012523,-0.007483,30.98,66.5404460642348
58112,-8.453843,-3.6006,3.982853,-0.006872,0.012065,-0.00672,30.95,66.5655692996787
58122,-8.449656,-3.600002,3.984648,-0.00672,0.01069,-0.007025,30.95,66.5468434101241
58132,-8.464012,-3.586243,3.975077,-0.006109,0.010385,-0.006872,30.97,66.6149090430489
58142,-8.459825,-3.593421,3.978068,-0.007178,0.009927,-0.005803,30.97,66.5968167617674
58152,-8.445468,-3.596412,3.983452,-0.007025,0.007941,-0.006567,30.98,66.5411390706959
58162,-8.451449,-3.586243,3.973282,-0.006414,0.005803,-0.006261,30.96,66.5980522337083
58172,-8.453244,-3.588037,3.979862,-0.006567,0.004887,-0.006567,30.96,66.5688328760348
58182,-8.443673,-3.591029,3.973282,-0.00672,0.004734,-0.005498,30.99,66.5860224784402
58192,-8.459825,-3.586243,3.979264,-0.006872,0.002749,-0.005192,30.99,66.584163562358
58202,-8.465208,-3.596412,3.98405,-0.006872,0.001069,-0.006261,30.98,66.5793395556835
58212,-8.456833,-3.593421,3.976273,-0.007025,0.000458,-0.004887,30.98,66.5999844186325
58222,-8.455637,-3.594618,3.985844,-0.00733,-0.000458,-0.005498,31,66.5482965589296
58232,-8.458031,-3.6006,3.975077,-0.007025,-0.001527,-0.005345,31,66.6151524468451
58242,-8.449057,-3.599404,3.976273,-0.006567,-0.002443,-0.005192,30.98,66.5890409656719
58252,-8.46102,-3.592225,3.978666,-0.006872,-0.003971,-0.00504,30.98,66.5951143857358
58262,-8.462815,-3.589234,3.979862,-0.006567,-0.004734,-0.00504,30.98,66.5899360695798
58272,-8.456833,-3.586841,3.979862,-0.006872,-0.005192,-0.006261,30.98,66.5752888138745
58282,-8.460423,-3.58744,3.976871,-0.007025,-0.005651,-0.005803,30.97,66.5990431166133
58292,-8.454441,-3.59402,3.982255,-0.006567,-0.005498,-0.005803,30.97,66.5640981604204
58302,-8.456833,-3.59043,3.989433,-0.006109,-0.006567,-0.00504,30.97,66.5282402768091
58312,-8.453843,-3.596412,3.981657,-0.006414,-0.006414,-0.005345,30.97,66.5681158035913
58322,-8.450253,-3.598207,3.997808,-0.00672,-0.005956,-0.005498,30.98,66.4774364729854
58332,-8.452048,-3.588037,3.983452,-0.005803,-0.006414,-0.005651,30.98,66.5474706909387
58342,-8.452048,-3.596412,3.985246,-0.006414,-0.00672,-0.005498,31.02,66.5455134705009
58352,-8.455637,-3.586841,3.994817,-0.006261,-0.005803,-0.006261,31,66.4942872021818
58362,-8.450253,-3.591029,3.990032,-0.005803,-0.004581,-0.005651,31,66.5118239952982
58372,-8.446067,-3.588636,3.992425,-0.006261,-0.00504,-0.006414,30.98,66.488332376613
58382,-8.447262,-3.588037,3.993023,-0.006109,-0.004887,-0.007025,30.98,66.4871702136706
58392,-8.455039,-3.592823,4.000201,-0.00672,-0.004123,-0.006567,30.98,66.4701312718023
58402,-8.44128,-3.586243,3.994219,-0.005192,-0.003054,-0.007941,30.98,66.4667050138895
58412,-8.450253,-3.588636,4.000201,-0.005498,-0.002443,-0.00733,30.98,66.456330363872
58422,-8.457432,-3.584448,3.994219,-0.005956,-0.002443,-0.007025,30.98,66.4990630546809
58432,-8.445468,-3.601796,3.994817,-0.005498,-0.001527,-0.007789,30.99,66.4862895135346
58442,-8.449057,-3.582654,3.996014,-0.004887,0,-0.007636,30.99,66.4704418009144
58452,-8.450851,-3.588037,3.985246,-0.005498,0.001527,-0.007636,30.98,66.5355388036457
58462,-8.455039,-3.593421,3.992425,-0.006109,0.002138,-0.006414,30.98,66.5114448264605
58472,-8.458031,-3.581457,3.993023,-0.005345,0.002443,-0.007178,31,66.5039342261564
58482,-8.456235,-3.601796,3.985844,-0.005498,0.003665,-0.007483,31,66.5559459029648
58492,-8.449057,-3.588037,3.993023,-0.006414,0.004276,-0.008858,30.98,66.4909429379078
58502,-8.451449,-3.581457,3.994219,-0.005192,0.006872,-0.007483,30.98,66.4838262913587
58512,-8.446664,-3.592225,3.989433,-0.005651,0.007178,-0.007483,30.98,66.5085004398803
58522,-8.449656,-3.582654,3.991827,-0.005956,0.007941,-0.008247,31.04,66.493678956243
58532,-8.442476,-3.585645,3.983452,-0.005651,0.008552,-0.007941,31.04,66.5252479076501
58542,-8.444869,-3.588037,3.994219,-0.005498,0.009621,-0.007483,30.98,66.4758601651314
58552,-8.456833,-3.593421,3.979264,-0.005803,0.01069,-0.008094,30.98,66.5842775221611
58562,-8.460423,-3.600002,3.985246,-0.006109,0.010843,-0.007941,31.01,66.5662496390517
58572,-8.454441,-3.592225,3.984648,-0.005651,0.010537,-0.007941,31.01,66.5499367605087
58582,-8.462815,-3.58744,3.982853,-0.005651,0.010385,-0.010079,31,66.5726457340744
58592,-8.458031,-3.603591,3.987639,-0.006109,0.010996,-0.008247,31,66.551889080289
58602,-8.462815,-3.595814,3.985844,-0.006109,0.010996,-0.007941,30.95,66.5643917240529
58612,-8.458628,-3.593421,3.979862,-0.005956,0.010996,-0.006261,30.95,66.5848941364999
58622,-8.450253,-3.591627,3.983452,-0.006261,0.010537,-0.00672,31,66.5469043799328
58632,-8.455039,-3.595814,3.986442,-0.005651,0.009774,-0.00733,31,66.5449707116894
58642,-8.459227,-3.602993,3.984648,-0.006109,0.00901,-0.007789,30.96,66.5695485548818
58652,-8.460423,-3.599404,3.982853,-0.006872,0.007483,-0.008858,30.96,66.5782723053312
58662,-8.459825,-3.589234,3.98405,-0.006414,0.007636,-0.007178,30.99,66.5616954558834
58672,-8.456235,-3.593421,3.988237,-0.006414,0.006567,-0.007483,30.99,66.53592571502
58682,-8.452048,-3.582654,3.978068,-0.00672,0.004123,-0.006567,30.98,66.5709653876586
58692,-8.46461,-3.584448,3.981657,-0.006567,0.003512,-0.006414,30.99,66.5800265470338
58702,-8.453843,-3.597011,3.981657,-0.006872,0.001985,-0.005956,30.99,66.568649410608
58712,-8.464012,-3.585046,3.975077,-0.006872,0.000458,-0.005498,30.98,66.6138487641315
58722,-8.465807,-3.604787,3.98405,-0.00672,-0.000611,-0.005803,30.98,66.5880366702884
58732,-8.446664,-3.584448,3.988835,-0.00733,-0.001374,-0.006414,30.99,66.5046998558977
58742,-8.463414,-3.592225,3.973282,-0.006567,-0.002138,-0.005803,30.99,66.628386428304
58752,-8.457432,-3.58744,3.97388,-0.007025,-0.00336,-0.005498,31.01,66.6084957302109
58762,-8.462217,-3.58385,3.978666,-0.007025,-0.003818,-0.005192,31.01,66.5901882679944
58772,-8.453244,-3.585046,3.97747,-0.007178,-0.004581,-0.005192,30.97,66.5787398150261
58782,-8.454441,-3.591029,3.982255,-0.007025,-0.005345,-0.005498,30.97,66.5614356711208
58792,-8.461619,-3.575475,3.97747,-0.006414,-0.00504,-0.004581,30.95,66.58779777016
58802,-8.456235,-3.598207,3.981657,-0.006414,-0.005803,-0.005803,30.95,66.5747217045556
58812,-8.453843,-3.602395,3.981059,-0.00672,-0.005803,-0.00504,30.99,66.5765872404966
58822,-8.447861,-3.600002,3.987041,-0.006567,-0.005498,-0.00504,30.99,66.5305177630538
58832,-8.459825,-3.588037,3.990032,-0.006872,-0.006109,-0.005192,30.94,66.5292426688125
58842,-8.450851,-3.588636,3.981059,-0.007025,-0.005956,-0.005192,30.94,66.5580626597001
58852,-8.447861,-3.588037,3.983452,-0.006872,-0.005956,-0.00504,30.99,66.5386872448498
58862,-8.44128,-3.594618,3.995416,-0.006872,-0.004887,-0.00504,30.99,66.4679154955223
58872,-8.456833,-3.595216,3.99063,-0.00672,-0.004276,-0.005345,30.99,66.5262238661132
58882,-8.449057,-3.58744,3.99721,-0.00672,-0.00336,-0.005498,30.98,66.4684374315689
58892,-8.447861,-3.586841,3.993023,-0.007025,-0.003054,-0.005956,30.98,66.4873617025554
58902,-8.454441,-3.593421,3.990032,-0.00672,-0.001527,-0.005192,31.02,66.5227452861221
58912,-8.460423,-3.597609,3.991228,-0.006872,-0.000611,-0.005803,31.02,66.5327434511955
58922,-8.456235,-3.592823,3.993621,-0.006261,0.000764,-0.005956,31,66.5071474895259
58932,-8.445468,-3.592823,3.994817,-0.00672,0.001374,-0.006872,31,66.4782592348037
58942,-8.458031,-3.588037,3.996612,-0.006872,0.002291,-0.005956,31,66.4909660696015
58952,-8.447861,-3.591029,3.987639,-0.007636,0.003818,-0.007025,31,66.5193655705167
58962,-8.453244,-3.594618,3.988237,-0.006261,0.00504,-0.006872,30.98,66.5307216884318
58972,-8.458628,-3.597609,3.999005,-0.006872,0.005498,-0.007025,30.98,66.4882086373739
58982,-8.456833,-3.592225,3.991827,-0.006872,0.006567,-0.006872,30.96,66.5172793343657
58992,-8.462815,-3.591029,3.988237,-0.006567,0.006872,-0.007483,30.96,66.5475855562692
59002,-8.440681,-3.591029,3.985246,-0.006261,0.008094,-0.00733,30.96,66.516857560154
59012,-8.455039,-3.594618,3.994219,-0.005956,0.008858,-0.00733,30.96,66.5031021268067
59022,-8.454441,-3.592225,3.99063,-0.005803,0.010232,-0.006872,30.97,66.5185413555609
59032,-8.452645,-3.592823,3.982255,-0.006567,0.010232,-0.007636,30.96,66.5592697106377
59042,-8.450851,-3.592823,3.988237,-0.006261,0.010843,-0.008247,30.96,66.5241015714276
59052,-8.44427,-3.589832,3.983452,-0.006109,0.010537,-0.008247,31.03,66.5327512775939
59062,-8.452645,-3.595814,3.982853,-0.005803,0.010537,-0.007941,31.03,66.5587944518939
59072,-8.453843,-3.585645,3.983452,-0.005651,0.010843,-0.007178,30.99,66.5491064569773
59082,-8.455637,-3.592225,3.982853,-0.005956,0.010843,-0.007941,30.99,66.5618659733979
59092,-8.451449,-3.585046,3.981657,-0.005192,0.009927,-0.008858,30.99,66.5529803237076
59102,-8.450851,-3.583252,3.987639,-0.005651,0.010232,-0.008247,30.99,66.518711106086
59112,-8.46102,-3.595814,3.982255,-0.005345,0.00901,-0.008094,31.01,66.5794658826309
59122,-8.460423,-3.603591,3.976871,-0.005345,0.008399,-0.008094,31.01,66.6133908466127
59132,-8.462815,-3.591029,3.98405,-0.005192,0.008552,-0.008094,30.99,66.569551025369
59142,-8.471789,-3.58385,3.981059,-0.005345,0.007636,-0.007636,30.99,66.5976547795279
59152,-8.450851,-3.592225,3.974478,-0.005345,0.005803,-0.007483,30.97,66.5958335512865
59162,-8.46461,-3.586841,3.972086,-0.006109,0.004276,-0.00733,30.97,66.6323956955525
59172,-8.458031,-3.598805,3.975675,-0.005192,0.003665,-0.007789,30.98,66.6104160584
59182,-8.441879,-3.59402,3.976871,-0.005651,0.001833,-0.008399,30.98,66.5660599538958
59192,-8.452645,-3.582654,3.980461,-0.005803,0.001222,-0.007941,31.02,66.5596443083984
59202,-8.459825,-3.601796,3.985844,-0.005956,-0.000916,-0.007178,31,66.5634590815087
59212,-8.465208,-3.586841,3.975077,-0.005651,-0.002443,-0.006261,31,66.6179389781785
59222,-8.456833,-3.593421,3.97747,-0.005956,-0.003207,-0.007025,30.99,66.59369806178
59232,-8.467602,-3.591627,3.984648,-0.005651,-0.004123,-0.00672,30.99,66.5769616671308
59242,-8.455637,-3.584448,3.978666,-0.005651,-0.005498,-0.00672,30.97,66.5769392977656
59252,-8.450851,-3.594618,3.988237,-0.004887,-0.005651,-0.006109,30.97,66.5257029189792
59262,-8.463414,-3.59043,3.974478,-0.005651,-0.006414,-0.005956,30.98,66.6205148937942
59272,-8.455637,-3.59402,3.982853,-0.006109,-0.007178,-0.005651,30.98,66.563463630105
59282,-8.459825,-3.595216,3.985246,-0.006109,-0.007941,-0.006261,30.98,66.5607384944582
59292,-8.454441,-3.589832,3.98405,-0.005498,-0.007941,-0.005956,30.98,66.550945770049
59302,-8.46102,-3.593421,3.97388,-0.006261,-0.007941,-0.006261,31.02,66.6213054429704
59312,-8.455637,-3.589234,3.999005,-0.00672,-0.008552,-0.005345,31.02,66.4744558679855
59322,-8.458628,-3.598805,3.99063,-0.006414,-0.007941,-0.005345,30.97,66.5331846851738
59332,-8.449656,-3.592225,3.988835,-0.005956,-0.00733,-0.005345,30.97,66.5179212951784
59342,-8.450851,-3.596412,3.993621,-0.005956,-0.007636,-0.005345,31.02,66.4990508302107
59352,-8.452645,-3.591029,3.996014,-0.006414,-0.00672,-0.004887,31.02,66.4854578177801
59362,-8.446067,-3.59402,3.994219,-0.00672,-0.005956,-0.004581,30.96,66.4837271527167
59372,-8.453843,-3.593421,3.995416,-0.006414,-0.004734,-0.004734,30.96,66.4932452988689
59382,-8.450253,-3.597011,3.994219,-0.00672,-0.003971,-0.004581,30.96,66.4951933156404
59392,-8.453244,-3.6006,4.001996,-0.00672,-0.002596,-0.005192,30.99,66.4639013805296
59402,-8.450851,-3.579663,3.985246,-0.006872,-0.001527,-0.004887,30.99,66.5280841633761
59412,-8.458628,-3.58385,3.997808,-0.00672,-0.000458,-0.005192,30.97,66.4822197043675
59422,-8.450253,-3.594618,3.996014,-0.007178,0.000611,-0.005192,30.97,66.4836380656149
59432,-8.448458,-3.591029,3.999603,-0.007636,0.001833,-0.004429,30.99,66.4578299838046
59442,-8.455039,-3.598805,4.000201,-0.007636,0.002749,-0.00504,30.99,66.4754746386376
59452,-8.455637,-3.584448,3.995416,-0.007941,0.003971,-0.005498,31,66.4890132266795
59462,-8.453843,-3.57727,3.991228,-0.00733,0.005498,-0.004429,31,66.5008309201972
59472,-8.448458,-3.589234,3.998407,-0.007941,0.005498,-0.006261,31,66.4624998508411
59482,-8.450851,-3.586841,3.985844,-0.007789,0.00733,-0.005498,31,66.5313332029754
59492,-8.442476,-3.600002,3.994817,-0.00733,0.008552,-0.005192,30.98,66.4783971983827
59502,-8.453843,-3.580261,3.995416,-0.006567,0.010079,-0.006261,30.98,66.4815133737492
59512,-8.457432,-3.595814,3.989433,-0.00733,0.011301,-0.006567,31,66.534291611538
59522,-8.452645,-3.596412,3.995416,-0.00733,0.012065,-0.006872,31,66.4934006216345
59532,-8.454441,-3.586841,3.988237,-0.007789,0.012675,-0.007483,31.01,66.5263035562073
59542,-8.450851,-3.592225,3.987041,-0.007483,0.013439,-0.007789,31.01,66.5298467146607
59552,-8.446067,-3.586841,3.98405,-0.007636,0.014508,-0.007789,31.01,66.5307139912996
59562,-8.444869,-3.595814,3.980461,-0.00733,0.014966,-0.006872,30.98,66.5550621282987
59572,-8.458031,-3.59402,3.992425,-0.00672,0.014203,-0.00733,30.98,66.5182547073853
59582,-8.456833,-3.586243,3.979862,-0.00733,0.014355,-0.008247,30.99,66.5747575777686
59592,-8.453244,-3.588636,3.979862,-0.00672,0.013744,-0.007789,30.99,66.5693656718398
59602,-8.453843,-3.589234,3.988835,-0.006414,0.013439,-0.008094,30.99,66.5240411271359
59612,-8.457432,-3.591627,3.979862,-0.005956,0.012828,-0.007941,30.99,66.5807962939012
59622,-8.449656,-3.588636,3.985246,-0.006414,0.012828,-0.008094,31.03,66.5335650899278
59632,-8.461619,-3.597011,3.980461,-0.006261,0.011148,-0.007025,31.03,66.5911973257375
59642,-8.459825,-3.589234,3.972684,-0.006567,0.01069,-0.007789,31,66.621374908368
59652,-8.452645,-3.59402,3.978068,-0.006414,0.009774,-0.008247,31,66.5823252158179
59662,-8.455637,-3.597011,3.984648,-0.005498,0.008552,-0.007178,30.97,66.5567052929909
59672,-8.467003,-3.597011,3.983452,-0.005498,0.00733,-0.007483,30.97,66.5867610057616
59682,-8.459825,-3.589832,3.976273,-0.005803,0.005498,-0.008094,31,66.6030550757439
59692,-8.462815,-3.597609,3.976273,-0.00504,0.004276,-0.008094,31,66.6162092460996
59702,-8.456235,-3.6006,3.988835,-0.004734,0.001985,-0.007789,30.98,66.5391872825054
59712,-8.461619,-3.58744,3.984648,-0.005345,0.001527,-0.006414,30.98,66.5607211828106
59722,-8.455039,-3.597011,3.979862,-0.004581,-0.00168,-0.00733,30.97,66.5805775045207
59732,-8.46102,-3.598207,3.976871,-0.005345,-0.00336,-0.007636,30.98,66.6098512431675
59742,-8.461619,-3.595814,3.981657,-0.00504,-0.004734,-0.00672,30.98,66.5838569768057
59752,-8.458031,-3.594618,3.978068,-0.005498,-0.006261,-0.007025,30.94,66.5941281904933
59762,-8.470592,-3.588636,3.97388,-0.004887,-0.007178,-0.006567,30.94,66.6370585055047
59772,-8.464012,-3.579663,3.97388,-0.005192,-0.007941,-0.006261,30.99,66.6153701685358
59782,-8.450851,-3.59402,3.978666,-0.005345,-0.008858,-0.00672,30.99,66.5754274313857
59792,-8.452048,-3.595814,3.982853,-0.004734,-0.010079,-0.00672,30.97,66.5575437633214
59802,-8.455039,-3.588037,3.986442,-0.005498,-0.010996,-0.006109,30.97,66.5380447063194
59812,-8.451449,-3.593421,3.976871,-0.004734,-0.011759,-0.004887,31,66.5855760998203
59822,-8.452645,-3.594618,3.99063,-0.004887,-0.012523,-0.005956,31,66.5169075045726
59832,-8.460423,-3.586243,3.988237,-0.005498,-0.012828,-0.005956,30.97,66.5383189146145
59842,-8.448458,-3.59402,3.994817,-0.005651,-0.012675,-0.005192,30.97,66.4856129235031
59852,-8.451449,-3.589832,3.988835,-0.005498,-0.012675,-0.006261,30.97,66.5195501969721
59862,-8.450253,-3.580261,3.996612,-0.006109,-0.012675,-0.005651,30.97,66.4676857965162
59872,-8.449057,-3.595216,3.987639,-0.006109,-0.012217,-0.005803,30.99,66.525612375811
59882,-8.455039,-3.591029,3.991827,-0.006109,-0.011454,-0.006109,30.99,66.5124496340677
59892,-8.44427,-3.585645,4.0008,-0.007025,-0.009774,-0.006109,30.98,66.437920166047
59902,-8.448458,-3.594618,3.999005,-0.007483,-0.00901,-0.00504,30.99,66.4641762376811
59912,-8.443074,-3.591029,4.000201,-0.007025,-0.007178,-0.005498,30.99,66.4433630338204
59922,-8.459825,-3.58385,3.994817,-0.006872,-0.005956,-0.005956,31,66.5004195263341
59932,-8.446664,-3.594618,3.993621,-0.007025,-0.003665,-0.005498,31,66.4886547185261
59942,-8.438888,-3.593421,4.00379,-0.007025,-0.002596,-0.005192,31.04,66.4178583093622
59952,-8.452645,-3.588037,4.001398,-0.007025,-0.000305,-0.005651,31.04,66.4545492603332
59962,-8.44128,-3.594618,4.001398,-0.008094,0.000764,-0.006109,31,66.4365209732075
59972,-8.445468,-3.598805,4.002594,-0.007789,0.001985,-0.006261,31,66.4428140723607
59982,-8.448458,-3.577868,3.999603,-0.008399,0.004276,-0.005956,30.96,66.4460764168086
59992,-8.452645,-3.591029,3.998407,-0.007636,0.005345,-0.006872,30.96,66.4729061953613
60002,-8.440084,-3.597609,3.997808,-0.007636,0.006567,-0.005803,30.98,66.4555248278392
60012,-8.449656,-3.577868,3.996612,-0.007941,0.008094,-0.006872,30.98,66.4642960611267
60022,-8.443673,-3.599404,3.987041,-0.007941,0.010079,-0.006567,31.01,66.5211983746202
60032,-8.439486,-3.589832,3.995416,-0.008552,0.011606,-0.006567,31.01,66.4598548213216
60042,-8.454441,-3.59043,3.991228,-0.008858,0.012981,-0.006567,31,66.513803692699
60052,-8.448458,-3.601198,3.998407,-0.008094,0.014355,-0.006567,31,66.4732011703499
60062,-8.456235,-3.589832,3.998407,-0.008247,0.015577,-0.007178,30.99,66.4793812699386
60072,-8.459227,-3.582654,3.996612,-0.008552,0.016188,-0.008247,31.01,66.4886856821122
60082,-8.452645,-3.589832,3.991228,-0.008858,0.017257,-0.007178,31.01,66.5095009247075
60092,-8.451449,-3.601198,3.985246,-0.008247,0.017562,-0.00733,31.01,66.5485283946366
60102,-8.457432,-3.591627,3.990032,-0.007483,0.017868,-0.007636,31.01,66.5274195336582
60112,-8.465807,-3.589832,3.990032,-0.007789,0.018326,-0.007178,30.99,66.5433756488479
60122,-8.456833,-3.593421,3.971487,-0.007178,0.017868,-0.00733,30.99,66.6251253073485
60132,-8.450253,-3.585645,3.990032,-0.007483,0.016646,-0.00733,30.99,66.5070228437255
60142,-8.452645,-3.586841,3.980461,-0.007789,0.017104,-0.00733,30.99,66.563367324606
60152,-8.456235,-3.592823,3.990032,-0.007483,0.016646,-0.007636,30.99,66.5259747726953
60162,-8.465208,-3.597011,3.990032,-0.007178,0.015882,-0.008094,30.99,66.5485023410369
60172,-8.465807,-3.596412,3.987041,-0.006414,0.014966,-0.006872,30.99,66.5649059249389
60182,-8.464012,-3.592225,3.976871,-0.006414,0.014203,-0.007025,30.99,66.6107928953307
60192,-8.459825,-3.598805,3.981657,-0.006567,0.013134,-0.006872,31,66.5827645840066
60202,-8.458031,-3.592823,3.97747,-0.005956,0.011148,-0.007178,31,66.5956728431625
60212,-8.451449,-3.582056,3.970291,-0.006414,0.009468,-0.007789,30.97,66.6100583463166
60222,-8.459825,-3.59402,3.9673,-0.006872,0.008552,-0.006567,30.97,66.6539060583891
60232,-8.463414,-3.595216,3.971487,-0.006567,0.005345,-0.007178,30.98,66.6404644396271
60242,-8.46102,-3.595216,3.970889,-0.00504,0.003512,-0.00672,31,66.6386069110081
60252,-8.463414,-3.581457,3.972086,-0.005956,0.001985,-0.00733,31,66.6251304270419
60262,-8.456235,-3.594618,3.971487,-0.005803,-0.000153,-0.007483,30.99,66.6249387227916
60272,-8.460423,-3.599404,3.978068,-0.005345,-0.002443,-0.007178,30.99,66.6033842669151
60282,-8.465208,-3.581457,3.982853,-0.004734,-0.004123,-0.00672,30.99,66.5723509883278
60292,-8.464012,-3.580859,3.980461,-0.004887,-0.006567,-0.006872,30.99,66.5818717795595
60302,-8.458628,-3.598805,3.963113,-0.004581,-0.008094,-0.007025,30.98,66.677656881731
60312,-8.459825,-3.598207,3.970291,-0.004734,-0.009316,-0.005803,30.98,66.6419077512785
60322,-8.459227,-3.6006,3.976273,-0.004123,-0.01069,-0.005192,30.95,66.6113715768868
60332,-8.462815,-3.589832,3.97747,-0.004581,-0.01237,-0.005651,30.95,66.6030232970192
60342,-8.462217,-3.6006,3.973282,-0.004734,-0.013744,-0.004581,30.98,66.6333186489728
60352,-8.460423,-3.588037,3.987041,-0.004887,-0.014966,-0.005192,30.98,66.5461887077133
60362,-8.458031,-3.591627,3.982255,-0.004581,-0.015119,-0.00504,31.06,66.5694872001537
60372,-8.448458,-3.591627,3.985844,-0.004734,-0.016493,-0.005192,31.06,66.530577739923
60382,-8.452645,-3.592823,3.982853,-0.00504,-0.016952,-0.005803,30.98,66.5561296193006
60392,-8.44427,-3.586841,3.994219,-0.005803,-0.01573,-0.004887,30.98,66.4735314012543
60402,-8.453244,-3.589234,3.987639,-0.00504,-0.016035,-0.004123,30.98,66.5290619861969
60412,-8.446664,-3.591029,3.99063,-0.005345,-0.016188,-0.00504,31.02,66.5011478212911
60422,-8.455637,-3.595216,3.996612,-0.005651,-0.015119,-0.005345,31.02,66.492341079686
60432,-8.445468,-3.596412,3.998407,-0.005956,-0.013592,-0.004429,30.97,66.4626325126178
60442,-8.44128,-3.592225,3.996014,-0.005956,-0.012981,-0.004581,30.97,66.462633345402
60452,-8.455039,-3.592225,3.991228,-0.006261,-0.011301,-0.005498,30.95,66.5166583306435
60462,-8.456235,-3.58385,3.992425,-0.006109,-0.009774,-0.005192,30.95,66.5054288748422
60472,-8.453244,-3.585046,4.000201,-0.00733,-0.008247,-0.005345,30.99,66.4594171502876
60482,-8.450253,-3.589234,4.004389,-0.00733,-0.006872,-0.004887,30.99,66.4349021309895
60492,-8.438888,-3.589832,3.993621,-0.007178,-0.005345,-0.005651,30.96,66.4680222252785
60502,-8.449656,-3.589234,4.00738,-0.007483,-0.002443,-0.006414,30.96,66.4179640596237
60512,-8.451449,-3.58385,4.004389,-0.007941,-0.000611,-0.006414,30.96,66.4326094406633
60522,-8.452048,-3.59402,4.000201,-0.007636,0.001069,-0.007025,30.96,66.4649152823072
60532,-8.446664,-3.591029,4.00738,-0.008094,0.003818,-0.006261,30.98,66.4132684046162
60542,-8.446664,-3.593421,4.001996,-0.007789,0.006567,-0.005498,30.98,66.4436437632277
60552,-8.450851,-3.58744,4.001996,-0.008094,0.007941,-0.007178,30.98,66.4471058417204
60562,-8.452645,-3.589832,4.001996,-0.008705,0.009927,-0.00672,30.98,66.4530165929578
60572,-8.448458,-3.591627,3.999603,-0.008552,0.012675,-0.006414,30.96,66.4583646390551
60582,-8.439486,-3.585046,4.016353,-0.008858,0.01573,-0.007178,30.96,66.3457121300323
60592,-8.452048,-3.592225,4.006183,-0.008705,0.017715,-0.007941,30.94,66.4319496710471
60602,-8.450851,-3.586841,3.997808,-0.008552,0.019242,-0.008858,31,66.468538082332
60612,-8.455637,-3.592225,3.997808,-0.008552,0.020159,-0.007941,31,66.4834006855574
60622,-8.456833,-3.598207,3.996612,-0.00901,0.021075,-0.007941,30.99,66.4975204112488
60632,-8.453843,-3.596412,3.981657,-0.008399,0.021533,-0.008399,30.99,66.5681158035913
60642,-8.454441,-3.585645,3.988237,-0.008552,0.021991,-0.008399,31,66.5252389245351
60652,-8.455039,-3.591627,3.986442,-0.009163,0.021991,-0.008705,31,66.5412407731343
60662,-8.455637,-3.608377,3.98405,-0.00901,0.022144,-0.008094,30.98,66.5699782574338
60672,-8.451449,-3.58744,3.982853,-0.008705,0.021686,-0.00901,30.98,66.5488288488873
60682,-8.46102,-3.600002,3.976273,-0.009316,0.021686,-0.007789,31.02,66.61458563646
60692,-8.453843,-3.593421,3.978068,-0.008552,0.020159,-0.008094,31.02,66.5843000693514
60702,-8.46102,-3.589832,3.976871,-0.008705,0.0197,-0.007483,30.95,66.6024143315667
60712,-8.462217,-3.595216,3.970889,-0.008705,0.018784,-0.007483,30.95,66.6411060932789
60722,-8.466404,-3.591029,3.976871,-0.008247,0.016952,-0.00733,31.05,66.6147311584287
60732,-8.462217,-3.597011,3.969693,-0.007483,0.01573,-0.007636,31.05,66.6489798295355
60742,-8.463414,-3.586841,3.971487,-0.00733,0.014508,-0.006872,30.97,66.6330428540461
60752,-8.467602,-3.598805,3.970889,-0.007789,0.010385,-0.00733,30.97,66.6555233494024
60762,-8.459825,-3.595216,3.969095,-0.00733,0.008247,-0.007483,31.01,66.645535824022
60772,-8.458031,-3.598207,3.963711,-0.006872,0.006567,-0.007483,31.03,66.6727382122475
60782,-8.447861,-3.599404,3.963113,-0.006567,0.005498,-0.005651,31.03,66.6557208162071
60792,-8.47119,-3.59402,3.96072,-0.006414,0.00336,-0.005803,31.02,66.7121664571605
60802,-8.464012,-3.599404,3.96072,-0.007025,0.001069,-0.005651,31.02,66.7019833904403
60812,-8.453843,-3.596412,3.969095,-0.00672,-0.001374,-0.006414,31,66.6341040134887
60822,-8.468199,-3.59402,3.970889,-0.006414,-0.003207,-0.006261,31,66.6525299894992
60832,-8.465208,-3.597609,3.969095,-0.006261,-0.004429,-0.005345,30.93,66.6588903898157
60842,-8.46102,-3.591627,3.966702,-0.006109,-0.006414,-0.00504,30.93,66.6574215433342
60852,-8.465208,-3.597011,3.972086,-0.005803,-0.008247,-0.005803,30.96,66.6426552299479
60862,-8.452645,-3.599404,3.963711,-0.005651,-0.009468,-0.005345,30.96,66.6625638277403
60872,-8.456833,-3.595814,3.970889,-0.005192,-0.011606,-0.004887,31.02,66.6303926443358
60882,-8.459227,-3.595216,3.979862,-0.005498,-0.012981,-0.004429,31.02,66.5877430799477
60892,-8.456833,-3.593421,3.966702,-0.005651,-0.013897,-0.004123,31,66.6502704798036
60902,-8.452645,-3.591627,3.983452,-0.005345,-0.014355,-0.004581,31,66.5519191062179
60912,-8.458031,-3.589234,3.980461,-0.004887,-0.01573,-0.004123,31,66.576778494865
60922,-8.461619,-3.588037,3.980461,-0.004734,-0.016341,-0.004429,31,66.5832268262681
60932,-8.453843,-3.575475,3.987041,-0.005498,-0.017562,-0.004734,30.99,66.5212182625996
60942,-8.452048,-3.595216,3.981657,-0.005192,-0.017562,-0.005498,30.96,66.5632909360396
60952,-8.462815,-3.588037,3.99063,-0.005498,-0.016952,-0.004887,30.96,66.5323749906863
60962,-8.452645,-3.597609,3.978068,-0.004887,-0.016799,-0.005192,30.97,66.5855209923219
60972,-8.449057,-3.592823,3.991228,-0.00504,-0.01573,-0.005498,30.97,66.5046365132361
60982,-8.462217,-3.594618,3.987639,-0.005956,-0.016188,-0.005956,30.98,66.5526609464963
60992,-8.459227,-3.588037,3.992425,-0.004581,-0.014813,-0.005345,30.98,66.5154355413314
61002,-8.447861,-3.586243,4.003192,-0.004734,-0.013897,-0.005956,30.95,66.4334691231723
61012,-8.449057,-3.595216,3.99721,-0.005803,-0.012828,-0.005956,30.95,66.4753857845328
61022,-8.455039,-3.583252,3.995416,-0.006261,-0.011301,-0.006109,31.03,66.4866913362901
61032,-8.449656,-3.602993,4.004987,-0.005498,-0.009468,-0.006414,31.03,66.4428284156836
61042,-8.449656,-3.603591,4.010371,-0.005651,-0.007789,-0.006414,31.02,66.4151527004696
61052,-8.452645,-3.576672,4.003192,-0.006414,-0.005803,-0.00672,31.02,66.4350015773762
61062,-8.448458,-3.584448,3.998407,-0.005803,-0.004276,-0.007178,30.97,66.4582248474804
61072,-8.442476,-3.597609,4.006782,-0.005498,-0.002138,-0.006872,30.97,66.4134816497452
61082,-8.449057,-3.58385,4.01396,-0.007178,-0.000305,-0.007636,30.98,66.3773953441939
61092,-8.449057,-3.601198,4.0008,-0.006567,0.00168,-0.007025,30.98,66.4619106993364
61102,-8.447861,-3.598207,4.0008,-0.007483,0.006414,-0.00733,31.01,66.4567186985229
61112,-8.441879,-3.588037,4.001398,-0.007178,0.008399,-0.006414,30.98,66.4318859425794
61122,-8.448458,-3.598207,4.001996,-0.007178,0.009468,-0.006261,30.98,66.4517020956042
61132,-8.459227,-3.580859,4.003192,-0.007178,0.011759,-0.007025,30.98,66.4525885185892
61142,-8.435897,-3.602993,3.995416,-0.007636,0.013439,-0.007483,30.98,66.4641061406232
61152,-8.443673,-3.6006,4.001996,-0.008552,0.014661,-0.00733,31,66.4437841231866
61162,-8.452048,-3.58744,3.999005,-0.008552,0.016035,-0.007483,31,66.4653108398593
61172,-8.458031,-3.598207,3.994219,-0.008552,0.016952,-0.00672,31.02,66.5125796582161
61182,-8.450851,-3.597011,3.993023,-0.007941,0.018021,-0.007483,31.02,66.5027233670414
61192,-8.456833,-3.591627,3.988835,-0.008247,0.019242,-0.008858,31,66.5324438295217
61202,-8.455039,-3.597609,3.995416,-0.008399,0.019853,-0.007789,31,66.4994938130068
61212,-8.452645,-3.596412,3.988237,-0.008552,0.020311,-0.008247,31.01,66.5310657470238
61222,-8.452645,-3.595814,3.988237,-0.008552,0.020311,-0.008247,31.01,66.5305323099956
61232,-8.453843,-3.595216,3.981657,-0.008552,0.020769,-0.00672,31,66.5670505277568
61242,-8.44427,-3.58744,3.987041,-0.009468,0.020159,-0.007483,31,66.5117615653792
61252,-8.456235,-3.591029,3.99063,-0.008552,0.0197,-0.007941,30.98,66.5212390684532
61262,-8.455039,-3.592823,3.985246,-0.009316,0.019395,-0.00733,30.98,66.5485834655585
61272,-8.456235,-3.585645,3.979862,-0.009468,0.01741,-0.007636,30.96,66.5729735891402
61282,-8.456235,-3.585046,3.980461,-0.009163,0.016493,-0.007636,31,66.5692956058734
61292,-8.456833,-3.598207,3.976273,-0.008552,0.015577,-0.00733,31,66.6042399365577
61302,-8.459227,-3.595814,3.979862,-0.008094,0.01405,-0.00733,30.98,66.5882747575487
61312,-8.457432,-3.596412,3.97388,-0.009163,0.011912,-0.007178,30.98,66.6164636151257
61322,-8.451449,-3.592225,3.976871,-0.008399,0.010385,-0.007025,30.98,66.5845115364021
61332,-8.456235,-3.605984,3.970889,-0.008247,0.009316,-0.006109,30.98,66.6381865562896
61342,-8.462217,-3.601796,3.964309,-0.007025,0.007025,-0.006261,30.95,66.681506210975
61352,-8.461619,-3.598207,3.969095,-0.00733,0.00504,-0.005956,30.95,66.6519339715313
61362,-8.458031,-3.589234,3.971487,-0.007483,0.00336,-0.006261,31.02,66.6239130194442
61372,-8.467003,-3.601198,3.964907,-0.007789,0.001222,-0.006109,31.02,66.6878050422635
61382,-8.456833,-3.600002,3.971487,-0.007636,0,-0.005345,31.03,66.6309729006566
61392,-8.461619,-3.6006,3.970291,-0.007636,-0.002291,-0.005956,31.03,66.6477763117134
61402,-8.462815,-3.592225,3.97747,-0.006414,-0.004429,-0.005803,31.01,66.6051464069641
61412,-8.466404,-3.597609,3.969693,-0.007025,-0.006261,-0.005345,31.01,66.6582444869009
61422,-8.46102,-3.595814,3.964309,-0.007025,-0.007941,-0.005192,30.93,66.6737071478439
61432,-8.458628,-3.595216,3.975077,-0.006872,-0.009163,-0.005345,30.93,66.6116140764707
61442,-8.462815,-3.592225,3.97747,-0.005651,-0.011301,-0.003971,30.97,66.6051464069641
61452,-8.465208,-3.58744,3.981059,-0.00672,-0.013134,-0.005345,31,66.5870690415873
61462,-8.456833,-3.586243,3.974478,-0.005803,-0.013592,-0.004734,31,66.6030382921528
61472,-8.462815,-3.582654,3.976273,-0.006261,-0.014508,-0.005345,31,66.6029456176704
61482,-8.467602,-3.585645,3.98405,-0.006109,-0.014661,-0.005498,31,66.5747937895845
61492,-8.460423,-3.592225,3.989433,-0.006109,-0.014966,-0.00504,30.99,66.5373640983823
61502,-8.470592,-3.588037,3.991228,-0.005498,-0.014966,-0.005345,30.99,66.5455338386528
61512,-8.455637,-3.596412,3.99063,-0.005651,-0.015577,-0.006261,30.97,66.5247826554688
61522,-8.460423,-3.584448,3.988237,-0.005345,-0.015119,-0.005956,30.97,66.5367238809542
61532,-8.458031,-3.593421,3.991827,-0.00504,-0.014661,-0.006261,30.99,66.5208574699557
61542,-8.451449,-3.592225,3.99721,-0.005803,-0.013439,-0.005803,30.99,66.477739183765
61552,-8.462815,-3.585046,3.982853,-0.005651,-0.012523,-0.006261,30.98,66.5705214449794
61562,-8.449656,-3.591029,3.997808,-0.005651,-0.012065,-0.00672,30.98,66.4697653880688
61572,-8.443074,-3.588636,3.991228,-0.005651,-0.010996,-0.007025,31,66.4883250492053
61582,-8.454441,-3.592225,3.999005,-0.005803,-0.009468,-0.005803,31,66.4746118409269
61592,-8.453843,-3.588636,4.004389,-0.005803,-0.007941,-0.006109,30.99,66.4419226399136
61602,-8.453244,-3.595814,4.010371,-0.005803,-0.006109,-0.006414,30.99,66.4157325310929
61612,-8.446664,-3.6006,3.996014,-0.006567,-0.003665,-0.006414,30.97,66.4814500356714
61622,-8.439486,-3.591627,3.993621,-0.005345,-0.000764,-0.007025,31.01,66.4708876075565
61632,-8.443673,-3.594618,3.996014,-0.004887,0.001222,-0.006261,31.01,66.46980910051
61642,-8.447861,-3.597011,4.001398,-0.006414,0.002749,-0.006872,30.97,66.452511795437
61652,-8.456833,-3.595216,4.0008,-0.006872,0.004123,-0.007636,30.97,66.4728961687092
61662,-8.439486,-3.59043,4.006183,-0.006872,0.005498,-0.007025,30.98,66.403880294032
61672,-8.447861,-3.594618,4.006183,-0.007178,0.00733,-0.007178,30.98,66.4252792980911
61682,-8.449656,-3.60718,3.999603,-0.00672,0.009316,-0.00672,30.98,66.4748034659717
61692,-8.454441,-3.591627,4.004987,-0.007178,0.010537,-0.006872,30.98,66.442717968101
61702,-8.449656,-3.585046,3.995416,-0.00733,0.011454,-0.007025,31.04,66.4769741172195
61712,-8.443673,-3.584448,3.99063,-0.007178,0.012065,-0.00733,31.04,66.4889842495115
61722,-8.456235,-3.59043,3.993023,-0.00672,0.014203,-0.007025,31.03,66.5081513644587
61732,-8.457432,-3.585645,3.994219,-0.00672,0.014966,-0.006567,31.03,66.500128599098
61742,-8.446664,-3.60718,3.99721,-0.007178,0.016188,-0.007025,30.96,66.4810712623543
61752,-8.459227,-3.591029,3.994817,-0.008399,0.016188,-0.007483,30.96,66.5055545035742
61762,-8.450851,-3.591029,3.985844,-0.007789,0.017104,-0.006872,30.96,66.5350649192949
61772,-8.457432,-3.593421,3.986442,-0.008094,0.017562,-0.006872,30.96,66.5478533741777
61782,-8.446067,-3.588636,3.985844,-0.00901,0.017715,-0.006567,31.05,66.5228908057568
61792,-8.445468,-3.593421,3.988835,-0.008247,0.016493,-0.007178,31.05,66.5101971559294
61802,-8.468199,-3.586243,3.987041,-0.008552,0.016035,-0.006872,31.01,66.5608849400883
61812,-8.467003,-3.589234,3.972684,-0.008399,0.015882,-0.005956,30.96,66.6363724745486
61822,-8.452645,-3.595814,3.971487,-0.009163,0.014966,-0.006261,30.96,66.6184975160541
61832,-8.461619,-3.592823,3.979862,-0.009316,0.014508,-0.00672,30.97,66.5906201856248
61842,-8.456833,-3.588037,3.978068,-0.008858,0.01405,-0.00672,30.97,66.5857730116644
61852,-8.458628,-3.591627,3.979862,-0.009163,0.013134,-0.00504,30.98,66.5832996293728
61862,-8.459227,-3.589832,3.967898,-0.008705,0.011606,-0.00504,30.98,66.6458017675087
61872,-8.453244,-3.588037,3.970291,-0.008094,0.009774,-0.005803,30.97,66.6191248930621
61882,-8.462217,-3.588636,3.982255,-0.00901,0.007789,-0.005956,30.97,66.5755938285971
61892,-8.461619,-3.595216,3.97747,-0.008399,0.005956,-0.005956,30.99,66.605301542559
61902,-8.457432,-3.595216,3.969095,-0.008705,0.004581,-0.005803,30.99,66.6405388441804
61912,-8.458031,-3.592823,3.972684,-0.008247,0.002749,-0.005192,30.99,66.6208097179082
61922,-8.452048,-3.592823,3.969095,-0.008552,0.001222,-0.005345,30.99,66.6271623323195
61932,-8.465208,-3.588037,3.968496,-0.008247,-0.000458,-0.005651,31.01,66.6535596683107
61942,-8.458031,-3.588636,3.969095,-0.007789,-0.001833,-0.005345,31.01,66.6359519972858
61952,-8.469995,-3.592823,3.972684,-0.007941,-0.003971,-0.005498,31.03,66.6457945684932
61962,-8.463414,-3.598207,3.978068,-0.00733,-0.00733,-0.005651,31.03,66.6085702580668
61972,-8.447262,-3.591029,3.975077,-0.007025,-0.008858,-0.005345,30.98,66.5841050375517
61982,-8.461619,-3.591029,3.974478,-0.006567,-0.010537,-0.005345,30.98,66.6172946154976
61992,-8.447861,-3.588636,3.98405,-0.00672,-0.011148,-0.005651,30.98,66.5360799376516
62002,-8.451449,-3.594618,3.983452,-0.006261,-0.011606,-0.005651,31.01,66.552077409847
62012,-8.461619,-3.591627,3.981657,-0.006414,-0.012981,-0.005651,31.01,66.5801366842225
62022,-8.459227,-3.598207,3.981657,-0.006109,-0.013286,-0.006109,30.98,66.5809817358438
62032,-8.448458,-3.591627,3.974478,-0.006261,-0.014508,-0.006261,30.98,66.5902910354396
62042,-8.446067,-3.588037,3.993621,-0.005803,-0.014203,-0.005803,31.01,66.4815187519028
62052,-8.469396,-3.59043,3.988237,-0.006261,-0.014813,-0.005803,31.01,66.5608327110287
62062,-8.456833,-3.585645,3.995416,-0.006109,-0.013439,-0.006261,31,66.492591908468
62072,-8.447262,-3.586841,3.988835,-0.005498,-0.012675,-0.006567,31,66.5080908510555
62082,-8.449656,-3.592225,3.991228,-0.004887,-0.012065,-0.005803,30.99,66.505360363639
62092,-8.454441,-3.588037,4.001996,-0.005498,-0.012217,-0.006261,30.99,66.4551910570561
62102,-8.443074,-3.58385,3.99721,-0.005345,-0.01069,-0.006567,30.99,66.4526385165218
62112,-8.445468,-3.58744,3.993621,-0.005803,-0.008705,-0.006567,30.99,66.4797258625708
62122,-8.450253,-3.586243,3.993621,-0.006414,-0.007941,-0.00733,30.99,66.4887173131276
62132,-8.450851,-3.589832,3.993621,-0.00672,-0.006567,-0.006567,30.99,66.4931758812938
62142,-8.444869,-3.589234,4.000201,-0.007025,-0.003207,-0.007025,31,66.4455352089011
62152,-8.441879,-3.597011,4.008576,-0.007025,-0.001527,-0.006567,31,66.4022802020279
62162,-8.455039,-3.58385,4.00379,-0.006261,0.000153,-0.006109,31,66.4433075922022
62172,-8.453244,-3.592823,4.006782,-0.006872,0.002291,-0.006872,31.03,66.4318616002581
62182,-8.444869,-3.591627,3.994817,-0.007178,0.003665,-0.007483,31.03,66.4759303678858
62192,-8.447262,-3.586841,3.998407,-0.007025,0.005651,-0.00733,31.04,66.4578454138539
62202,-8.445468,-3.59043,3.994219,-0.006872,0.007483,-0.007025,31.04,66.4792585010624
62212,-8.451449,-3.598207,3.985246,-0.00733,0.009316,-0.00733,30.99,66.545859260666
62222,-8.445468,-3.583252,3.991228,-0.007483,0.010385,-0.008399,30.99,66.4885513840904
62232,-8.445468,-3.586841,3.990032,-0.007636,0.011148,-0.008399,30.99,66.498035219086
62242,-8.449057,-3.588636,3.991827,-0.007636,0.012981,-0.007941,30.99,66.4977550939131
62252,-8.448458,-3.597609,3.990032,-0.008247,0.01405,-0.007025,31.01,66.5139314439857
62262,-8.445468,-3.589832,3.98405,-0.008094,0.013897,-0.008094,31.01,66.5321242306572
62272,-8.44427,-3.586841,3.988835,-0.008094,0.014661,-0.008094,30.98,66.5018036506488
62282,-8.447262,-3.591029,3.994817,-0.00733,0.015119,-0.007789,30.98,66.4804266369291
62292,-8.456235,-3.597609,3.988237,-0.007483,0.015424,-0.00733,30.98,66.5396575902234
62302,-8.469995,-3.592225,3.986442,-0.008094,0.01573,-0.007636,30.98,66.5730896732987
62312,-8.455637,-3.585046,3.985844,-0.007941,0.014508,-0.006567,30.97,66.5397771462129
62322,-8.462217,-3.6006,3.984648,-0.008094,0.013897,-0.006414,30.97,66.5736715502948
62332,-8.464012,-3.597011,3.980461,-0.007789,0.013744,-0.005803,30.97,66.5961999213065
62342,-8.453843,-3.591029,3.982853,-0.008094,0.012217,-0.00672,31,66.5570426720583
62352,-8.460423,-3.595814,3.978068,-0.008094,0.011301,-0.005803,31,66.6001933392308
62362,-8.458031,-3.59043,3.97388,-0.008247,0.010537,-0.005498,30.99,66.6124024937288
62372,-8.464012,-3.588636,3.982853,-0.008247,0.008552,-0.006567,30.99,66.576212844393
62382,-8.466404,-3.591029,3.979862,-0.007789,0.00733,-0.005803,30.98,66.5990342147912
62392,-8.453244,-3.600002,3.983452,-0.007941,0.006261,-0.00504,30.98,66.5606377037104
62402,-8.454441,-3.598207,3.978666,-0.007789,0.005345,-0.004734,30.98,66.5866711419365
62412,-8.455039,-3.598805,3.970291,-0.007178,0.003818,-0.004887,30.98,66.6324450033826
62422,-8.453244,-3.58744,3.970889,-0.007789,0.002749,-0.005498,30.98,66.6154513629933
62433,-8.458031,-3.591627,3.981657,-0.008094,0.001527,-0.004429,30.98,66.5726263917207
62442,-8.458628,-3.583252,3.97388,-0.008552,0,-0.004581,30.97,66.607283610118
62452,-8.452645,-3.589832,3.98405,-0.008094,-0.000611,-0.004734,30.97,66.5471805616334
62462,-8.461619,-3.593421,3.981657,-0.007789,-0.002138,-0.004429,31,66.5817304014779
62472,-8.458628,-3.598805,3.975675,-0.007941,-0.002902,-0.004429,31,66.6116636531305
62482,-8.451449,-3.602395,3.976273,-0.007941,-0.005192,-0.004887,31.01,66.5967115010411
62492,-8.454441,-3.603591,3.981657,-0.008399,-0.005498,-0.004734,31,66.5757655845093
62502,-8.457432,-3.59043,3.97747,-0.007636,-0.006872,-0.00504,31,66.5922933189384
62512,-8.462217,-3.589832,3.985844,-0.007636,-0.007178,-0.004429,30.99,66.5578228199703
62522,-8.459227,-3.589832,3.98405,-0.007636,-0.007483,-0.004123,30.99,66.5609743656169
62532,-8.459825,-3.593421,3.986442,-0.007636,-0.008399,-0.004429,31.03,66.552866319767
62542,-8.443673,-3.591627,3.988237,-0.007941,-0.008552,-0.004734,31.03,66.5079646515631
62552,-8.459825,-3.597609,3.982853,-0.007789,-0.008399,-0.004887,31,66.5754242325622
62562,-8.459825,-3.596412,3.980461,-0.007789,-0.008705,-0.004581,31,66.5869131247684
62572,-8.459227,-3.591627,3.985844,-0.007483,-0.008858,-0.004734,31,66.5531556149874
62582,-8.459825,-3.579663,3.979862,-0.007178,-0.008399,-0.005956,31,66.5751864552346
62592,-8.455637,-3.598207,3.991827,-0.00733,-0.007789,-0.005651,31.02,66.5201047096789
62602,-8.456235,-3.601796,3.982255,-0.00733,-0.008094,-0.006261,31.02,66.5747799092031
62612,-8.442476,-3.591627,3.985844,-0.007636,-0.007025,-0.006261,31,66.5180202811829
62622,-8.452048,-3.593421,4.001398,-0.007483,-0.006414,-0.006414,31,66.4581035266102
62632,-8.444869,-3.594618,3.993621,-0.007789,-0.005956,-0.005803,31.01,66.4848830886152
62642,-8.449057,-3.593421,3.996612,-0.007636,-0.005192,-0.007025,31.01,66.4769182699992
62652,-8.441879,-3.605984,3.996612,-0.007483,-0.004123,-0.006567,31.02,66.4730873113222
62662,-8.452048,-3.595814,3.993023,-0.007025,-0.001222,-0.006872,31.02,66.5041665301955
62672,-8.453244,-3.594618,3.996014,-0.007483,-0.000764,-0.007483,31.02,66.4899196276971
62682,-8.443673,-3.591029,3.999603,-0.007941,0,-0.007483,30.98,66.4477618704071
62692,-8.450253,-3.598207,3.999005,-0.007636,0.001985,-0.007636,30.98,66.4711589208853
62702,-8.447861,-3.581457,4.001398,-0.006567,0.003207,-0.007178,31,66.4386037100597
62712,-8.444869,-3.588037,3.986442,-0.007483,0.003818,-0.008399,31,66.5166992455454
62722,-8.454441,-3.59402,4.005585,-0.007636,0.005192,-0.007789,31.01,66.4417226092943
62732,-8.452645,-3.595814,3.999005,-0.007941,0.006261,-0.008399,31.01,66.4740443333945
62742,-8.447861,-3.596412,3.993621,-0.007483,0.007178,-0.007941,31.02,66.4927729614734
62752,-8.458031,-3.59043,4.00379,-0.007941,0.008705,-0.007941,31.02,66.4554707996552
62762,-8.445468,-3.594618,3.998407,-0.007941,0.009621,-0.008247,30.96,66.4610264822231
62772,-8.455637,-3.588636,3.985246,-0.008247,0.009774,-0.008399,30.96,66.5461098833257
62782,-8.456833,-3.592225,3.994219,-0.008247,0.010232,-0.008094,30.98,66.5047327989053
62792,-8.456833,-3.595216,3.984648,-0.007636,0.011148,-0.007025,30.98,66.5576114039927
62802,-8.451449,-3.591029,3.992425,-0.00733,0.011148,-0.00733,31.02,66.5017759521153
62812,-8.448458,-3.592225,3.982853,-0.007941,0.011454,-0.007178,31.02,66.5468194356581
62822,-8.458628,-3.595216,3.979264,-0.008094,0.012217,-0.007178,30.96,66.5896293338253
62832,-8.449656,-3.589832,3.983452,-0.008552,0.012065,-0.006414,31,66.5440527488184
62842,-8.455637,-3.58385,3.980461,-0.008247,0.011301,-0.007483,31,66.5669799168394
62852,-8.453843,-3.594618,3.981059,-0.008094,0.011148,-0.007025,30.98,66.5696579360754
62862,-8.449057,-3.601198,3.986442,-0.008247,0.010385,-0.006261,30.98,66.5372381627819
62872,-8.462815,-3.58744,3.976273,-0.008552,0.010079,-0.006567,30.99,66.6071867821558
62882,-8.452645,-3.594618,3.981059,-0.008247,0.009774,-0.00672,30.99,66.5671489478285
62892,-8.456833,-3.595814,3.97747,-0.008247,0.009316,-0.005498,31.01,66.5958258420882
62902,-8.457432,-3.605386,3.97388,-0.008094,0.008094,-0.006261,31.01,66.6244449933648
62912,-8.457432,-3.592225,3.981059,-0.008858,0.006872,-0.005803,31,66.5750433876897
62922,-8.458628,-3.592225,3.976273,-0.00901,0.00504,-0.006109,31,66.6026761953922
62932,-8.456235,-3.592823,3.975675,-0.008552,0.005192,-0.005803,30.96,66.6013428891565
62942,-8.452048,-3.59402,3.989433,-0.008247,0.003971,-0.004429,30.96,66.5214031279145
62952,-8.459825,-3.58744,3.97747,-0.007941,0.003054,-0.004429,30.99,66.5946462577514
62962,-8.462815,-3.593421,3.978666,-0.008705,0.001985,-0.004734,30.99,66.5999298970574
62972,-8.47119,-3.592225,3.984648,-0.008705,0.000764,-0.005192,30.99,66.5849950923279
62982,-8.453843,-3.601198,3.97388,-0.008399,0.000305,-0.004581,30.99,66.6132199133288
62992,-8.452645,-3.598207,3.976273,-0.008552,-0.000764,-0.004429,31,66.5954817324969
63002,-8.450253,-3.6006,3.978068,-0.008247,-0.003207,-0.003971,31,66.5831807705901
63012,-8.455637,-3.597011,3.982255,-0.007636,-0.004123,-0.004276,31.02,66.5692659077625
63022,-8.456833,-3.589234,3.979862,-0.008399,-0.005192,-0.004276,30.99,66.5774151701914
63032,-8.453843,-3.589234,3.981657,-0.008094,-0.005498,-0.004429,30.99,66.561725501799
63042,-8.449656,-3.589234,3.981657,-0.008399,-0.005803,-0.004429,31.04,66.5529483350743
63052,-8.453244,-3.588037,3.975675,-0.007483,-0.006414,-0.004276,31.04,66.5908292889244
63062,-8.455637,-3.585645,3.979264,-0.007789,-0.007025,-0.003818,31,66.5748615209639
63072,-8.447262,-3.58744,3.99063,-0.007941,-0.007025,-0.003818,31,66.4992001323081
63082,-8.454441,-3.589832,3.982255,-0.007025,-0.007636,-0.005345,30.98,66.560370507603
63092,-8.455637,-3.584448,3.979862,-0.007636,-0.007789,-0.005803,30.98,66.5706572307202
63102,-8.455039,-3.598805,3.98405,-0.00733,-0.00733,-0.005345,31,66.5601902094699
63112,-8.451449,-3.593421,3.989433,-0.00733,-0.006872,-0.004734,31,66.5196120622911
63122,-8.459227,-3.597011,3.991827,-0.007178,-0.00672,-0.004123,31.01,66.5265634479232
63132,-8.451449,-3.59402,3.988237,-0.008247,-0.006872,-0.004429,31.01,66.5264238046735
63142,-8.458031,-3.592823,3.989433,-0.008247,-0.00672,-0.004276,31.02,66.5328829081212
63152,-8.449057,-3.6006,3.992425,-0.007789,-0.006414,-0.004734,31.02,66.5053038777714
63162,-8.451449,-3.588636,3.988237,-0.007178,-0.004734,-0.004429,31,66.521623311413
63172,-8.44427,-3.588636,3.987041,-0.008094,-0.004581,-0.005956,31,66.5128292106569
63182,-8.451449,-3.593421,3.992425,-0.008247,-0.003512,-0.006109,31.01,66.5039105544914
63192,-8.446067,-3.585645,3.991228,-0.007178,-0.001833,-0.005192,30.97,66.491946533535
63202,-8.453843,-3.591627,4.0008,-0.00672,-0.00168,-0.006261,30.97,66.4634094613951
63212,-8.455039,-3.588636,3.991827,-0.007025,-0.001833,-0.005803,30.97,66.5103172552674
63222,-8.447262,-3.58744,3.993621,-0.007178,-0.001222,-0.006872,30.97,66.4834981461266
63232,-8.451449,-3.591627,3.985246,-0.007483,0.000153,-0.00672,31.02,66.5399919398387
63242,-8.449656,-3.598805,3.986442,-0.00672,0.000458,-0.005651,31.02,66.5363565476562
63252,-8.450851,-3.584448,3.989433,-0.007636,0.001069,-0.00672,31.02,66.5103569957032
63262,-8.454441,-3.585645,3.996014,-0.007636,0.001374,-0.007025,31.02,66.484429572538
63272,-8.450851,-3.59043,3.993621,-0.007178,0.002902,-0.007025,31.02,66.4937095431572
63282,-8.459825,-3.591029,3.988237,-0.007483,0.002749,-0.007636,31.02,66.5413208941617
63292,-8.449656,-3.58744,3.996014,-0.007483,0.004734,-0.006567,31.01,66.475972588109
63302,-8.456833,-3.591627,3.993023,-0.007483,0.004887,-0.00733,31.01,66.5104728608457
63312,-8.457432,-3.589832,3.993023,-0.006872,0.005651,-0.007483,30.99,66.5101305814022
63322,-8.449057,-3.588037,3.982255,-0.00672,0.006261,-0.008247,30.99,66.5474844713108
63332,-8.464012,-3.58744,3.99063,-0.00733,0.006567,-0.007025,31,66.5343536352871
63342,-8.451449,-3.585645,3.986442,-0.007178,0.006872,-0.007178,31,66.5283829812143
63352,-8.443673,-3.589832,3.985246,-0.008399,0.00672,-0.008094,31,66.5220724865787
63362,-8.442476,-3.597609,3.990032,-0.007483,0.007636,-0.008094,30.98,66.501373583516
63372,-8.451449,-3.591029,3.982255,-0.008247,0.007025,-0.006567,30.98,66.5551653428854
63382,-8.443074,-3.60718,3.990032,-0.008247,0.006872,-0.006872,31.01,66.5112005313632
63392,-8.453244,-3.581457,3.991827,-0.008094,0.007025,-0.007483,31.01,66.5001537733417
63402,-8.453244,-3.592225,3.994817,-0.008858,0.00733,-0.007483,31,66.494062292054
63412,-8.460423,-3.586841,3.992425,-0.008858,0.006414,-0.006872,31,66.5168807302897
63432,-8.456833,-3.592823,3.981059,-0.008858,0.005651,-0.007178,30.97,66.5743211533789
63442,-8.455637,-3.591029,3.985844,-0.00901,0.004734,-0.006567,31.01,66.545100653274
63452,-8.457432,-3.595814,3.966702,-0.008399,0.004429,-0.006261,31.01,66.6536448020668
63462,-8.461619,-3.600002,3.987041,-0.008858,0.004887,-0.005956,30.97,66.5593366832703
63472,-8.456833,-3.585046,3.987639,-0.00901,0.003818,-0.005803,30.97,66.5328637981518
63482,-8.454441,-3.593421,3.982255,-0.009316,0.003665,-0.005956,31,66.5635648457879
63492,-8.459825,-3.589234,3.981657,-0.00901,0.003207,-0.005803,31,66.5742559067988
63502,-8.452048,-3.589234,3.981059,-0.009468,0.002902,-0.00504,31.02,66.5611041854384
63512,-8.460423,-3.597011,3.983452,-0.008858,0.001833,-0.005345,31.02,66.5730002225329
63522,-8.458628,-3.589832,3.981059,-0.008858,-0.000153,-0.005192,31.01,66.5754202538576
63532,-8.452645,-3.599404,3.979264,-0.009774,-0.000611,-0.004734,30.97,66.5808391120121
63542,-8.455039,-3.59402,3.982255,-0.009927,-0.001374,-0.004734,30.97,66.5653506209467
63552,-8.455039,-3.583252,3.983452,-0.009163,-0.001833,-0.004429,30.98,66.5494869667011
63562,-8.456235,-3.582654,3.985844,-0.009621,-0.002443,-0.004276,30.98,66.5389049116209
63572,-8.450253,-3.585645,3.988835,-0.009621,-0.002443,-0.005192,30.99,66.5133071779008
63582,-8.456833,-3.588636,3.982853,-0.009316,-0.002443,-0.004581,30.99,66.5611791165432
63592,-8.457432,-3.594618,3.993023,-0.009163,-0.002291,-0.004887,31.01,66.514395144823
63602,-8.457432,-3.597609,3.984648,-0.009468,-0.002291,-0.004581,31.01,66.5609965404345
63612,-8.447861,-3.592225,3.985844,-0.009621,-0.00336,-0.004734,31,66.5298585596095
63622,-8.453244,-3.602395,3.980461,-0.009621,-0.002596,-0.004276,31,66.5784734526811
63632,-8.465807,-3.59043,3.978666,-0.009468,-0.003054,-0.004581,31.04,66.6035314637421
63642,-8.451449,-3.583252,3.98405,-0.009163,-0.002291,-0.004276,31.04,66.5388145981542
63652,-8.455637,-3.592225,3.991827,-0.008705,-0.002596,-0.004887,30.98,66.5147703525402
63662,-8.456235,-3.591029,3.988835,-0.009163,-0.001833,-0.003971,30.98,66.5306573923504
63672,-8.44427,-3.588037,3.994219,-0.008858,-0.001069,-0.003971,30.98,66.474600251426
63682,-8.447262,-3.586243,3.988835,-0.009774,-0.000305,-0.004429,30.98,66.5075574255078
63692,-8.464012,-3.576672,3.984648,-0.009468,0.000764,-0.00504,31,66.5561847206739
63702,-8.456235,-3.594618,3.993023,-0.008705,0.00168,-0.00504,30.99,66.5118844639774
63712,-8.449656,-3.58385,3.983452,-0.008399,0.001833,-0.005345,30.99,66.5387247969495
63722,-8.451449,-3.591029,3.993023,-0.008552,0.003207,-0.005803,30.96,66.4986379800822
63732,-8.449057,-3.592225,3.986442,-0.008399,0.003818,-0.005803,30.96,66.5292278880577
63742,-8.450253,-3.591029,3.989433,-0.008858,0.003512,-0.006109,31.01,66.5149682207535
63752,-8.459825,-3.585645,3.988835,-0.007941,0.004429,-0.006109,31.01,66.5333958425008
63762,-8.440084,-3.584448,3.985246,-0.008399,0.004887,-0.005345,30.98,66.5097241640312
63772,-8.450253,-3.59043,3.990032,-0.008705,0.005651,-0.005651,30.98,66.5112896302934
63782,-8.449656,-3.597609,3.987041,-0.008552,0.005803,-0.005192,31,66.532144278323
63792,-8.454441,-3.594618,3.988237,-0.008094,0.005803,-0.00504,31,66.53323144382
63802,-8.453843,-3.589832,3.986442,-0.008094,0.005956,-0.005345,31,66.5371344711995
63812,-8.453244,-3.592823,3.985246,-0.00733,0.006414,-0.005803,31,66.5448212065536
63822,-8.449656,-3.599404,3.986442,-0.007636,0.00672,-0.005803,30.99,66.5368914033857
63832,-8.454441,-3.581457,3.979264,-0.008399,0.005803,-0.005803,30.99,66.5686349973613
63842,-8.457432,-3.599404,3.973282,-0.006872,0.004123,-0.006261,30.99,66.6222640627277
63852,-8.461619,-3.595216,3.982853,-0.00672,0.004581,-0.005345,30.99,66.5770494406513
63862,-8.450253,-3.594618,3.985246,-0.007178,0.004123,-0.00733,30.98,66.5401506980349
63872,-8.445468,-3.606582,3.979264,-0.007025,0.002138,-0.00733,30.96,66.5722243379198
63882,-8.445468,-3.597011,3.972086,-0.006567,0.001069,-0.006872,30.96,66.6014015580538
63892,-8.454441,-3.591029,3.985246,-0.006872,0.000458,-0.006872,30.98,66.545732568663
63902,-8.450253,-3.579065,3.987041,-0.007178,-0.000458,-0.007483,30.98,66.5168680280202
63912,-8.451449,-3.59043,3.993023,-0.00672,-0.000611,-0.00672,30.98,66.4981035137495
63922,-8.450253,-3.586841,3.982255,-0.00733,-0.000916,-0.007789,30.98,66.5489280767773
63932,-8.452048,-3.598207,3.980461,-0.007941,-0.001985,-0.00672,30.97,66.5722368941264
63942,-8.455637,-3.591029,3.987639,-0.00733,-0.003054,-0.007178,30.97,66.5356797035176
63952,-8.456833,-3.592823,3.985246,-0.007483,-0.002749,-0.005956,31.02,66.5523426129369
63962,-8.458628,-3.585046,3.988237,-0.007025,-0.003665,-0.007025,31.02,66.5334907347923
63972,-8.448458,-3.602993,3.991228,-0.007636,-0.003512,-0.006872,30.99,66.5124682503553
63982,-8.453843,-3.588037,3.986442,-0.008247,-0.004276,-0.006872,30.99,66.5355361596784
63992,-8.456833,-3.592225,3.981059,-0.008552,-0.003818,-0.006414,30.98,66.573789285059
64002,-8.46102,-3.589832,3.992425,-0.008094,-0.003818,-0.006414,30.98,66.5207937616164
64012,-8.459227,-3.588037,3.97388,-0.007941,-0.004429,-0.006109,30.96,66.6127801502713
64022,-8.458031,-3.601198,3.988835,-0.007789,-0.004734,-0.006261,30.96,66.5434820505926
64032,-8.449656,-3.601198,3.989433,-0.008858,-0.004276,-0.00672,31,66.5227952370437
64042,-8.456833,-3.599404,3.982853,-0.008552,-0.003512,-0.004887,31,66.570761603254
64052,-8.452048,-3.591627,3.991228,-0.008399,-0.00336,-0.005651,31,66.5098484499539
64062,-8.452048,-3.592823,3.987639,-0.009163,-0.003207,-0.005956,30.98,66.5297516213792
64072,-8.454441,-3.595216,3.989433,-0.009316,-0.003207,-0.006567,30.98,66.5274886800903
64082,-8.450253,-3.586841,3.996612,-0.009468,-0.002138,-0.005192,31,66.4735554393468
64092,-8.449057,-3.594618,3.991827,-0.010232,-0.002138,-0.005956,31,66.5030957479289
64102,-8.459227,-3.586841,3.996014,-0.009774,-0.001374,-0.005498,31,66.4955481912438
64112,-8.458628,-3.59402,3.985844,-0.009927,-0.001069,-0.00504,31,66.5540299239404
64122,-8.457432,-3.598207,3.992425,-0.009927,-0.001069,-0.004734,31,66.5207313546113
64132,-8.457432,-3.596412,3.99063,-0.009927,-0.000305,-0.003818,31,66.5285454860219
64142,-8.46102,-3.591029,3.994817,-0.009468,0.000153,-0.005192,30.99,66.5093161128448
64152,-8.453244,-3.59043,3.993621,-0.010232,0.000611,-0.005651,30.99,66.4987353385708
64162,-8.441879,-3.59402,3.999005,-0.009927,0.001222,-0.00504,30.99,66.4498027825119
64172,-8.455039,-3.585645,3.985844,-0.009927,0.00168,-0.004887,30.99,66.5390555659107
64182,-8.450253,-3.592823,3.983452,-0.009468,0.002138,-0.004581,30.98,66.5479703857837
64192,-8.454441,-3.589234,3.993023,-0.009927,0.003512,-0.005192,30.98,66.5033197099664
64202,-8.447861,-3.593421,3.991827,-0.009774,0.003512,-0.004429,30.96,66.4995150860887
64212,-8.448458,-3.591029,3.985844,-0.009927,0.00504,-0.005192,30.96,66.5300443394623
64222,-8.454441,-3.592823,3.979862,-0.010232,0.005498,-0.006109,31.03,66.575598037431
64232,-8.449656,-3.597011,3.99721,-0.010232,0.006567,-0.005345,31.02,66.4782493484125
64242,-8.451449,-3.596412,3.994219,-0.009774,0.007636,-0.004581,31.02,66.4971688828841
64252,-8.456235,-3.592225,3.983452,-0.009468,0.008094,-0.00504,30.98,66.559974119479
64262,-8.457432,-3.598207,3.989433,-0.009927,0.008247,-0.005345,30.98,66.5364242577426
64272,-8.458628,-3.591029,3.991827,-0.010232,0.009468,-0.005956,31.01,66.5199790271285
64282,-8.449057,-3.601198,3.984648,-0.009621,0.009927,-0.006261,31.01,66.5466562120694
64292,-8.455637,-3.601198,3.991228,-0.009774,0.011148,-0.005956,31,66.5259155380926
64302,-8.455637,-3.586243,3.984648,-0.009621,0.01069,-0.006109,31,66.5471205375162
64312,-8.452048,-3.589234,3.989433,-0.009468,0.010385,-0.005651,30.99,66.5171354289493
64322,-8.450851,-3.58385,3.983452,-0.009316,0.011148,-0.005498,30.99,66.5412327415081
64332,-8.458628,-3.595814,3.981059,-0.008858,0.010537,-0.005651,31.02,66.580738409563
64342,-8.456235,-3.594618,3.978666,-0.00901,0.01069,-0.005956,31.02,66.5872307375774
64352,-8.456235,-3.588037,3.982255,-0.008705,0.011148,-0.005956,30.97,66.5625332112111
64362,-8.451449,-3.595814,3.978666,-0.009468,0.00901,-0.006872,30.97,66.5782776831876
64372,-8.443074,-3.602395,3.976871,-0.008705,0.00901,-0.006414,31,66.5760431008746
64382,-8.448458,-3.596412,3.972086,-0.008094,0.00901,-0.005803,31,66.6071245994432
64392,-8.451449,-3.598207,3.986442,-0.007483,0.007636,-0.006261,30.95,66.5395811906028
64402,-8.466404,-3.589234,3.978666,-0.007483,0.006872,-0.004887,31,66.603719335174
64412,-8.456833,-3.589832,3.970291,-0.00733,0.005498,-0.00504,31,66.6282236765629
64422,-8.456235,-3.597609,3.974478,-0.007178,0.004429,-0.005651,30.96,66.6118849784242
64432,-8.452645,-3.594618,3.972086,-0.006872,0.003818,-0.005651,30.96,66.614285996734
64442,-8.460423,-3.591029,3.970291,-0.007178,0.001985,-0.006109,30.99,66.636787615719
64452,-8.456235,-3.598805,3.9673,-0.007025,0.000458,-0.005498,30.99,66.6506593160823
64462,-8.458628,-3.601796,3.97747,-0.006872,-0.000916,-0.005345,31,66.6048998528051
64472,-8.452645,-3.598805,3.975675,-0.006414,-0.002902,-0.005192,31,66.5991554684183
64482,-8.46102,-3.598207,3.978068,-0.006567,-0.003207,-0.005192,30.97,66.6035678645653
64492,-8.455039,-3.592823,3.974478,-0.00672,-0.003971,-0.004887,30.97,66.6051289313626
64502,-8.467003,-3.595216,3.972684,-0.007025,-0.004429,-0.005803,31.05,66.6416705046086
64512,-8.456235,-3.589832,3.972684,-0.00672,-0.005956,-0.006109,31.05,66.6143988718004
64522,-8.452048,-3.597609,3.976273,-0.00672,-0.005956,-0.004887,30.95,66.5937002150444
64532,-8.448458,-3.597011,3.979862,-0.00672,-0.007636,-0.005498,30.95,66.5667983260232
64542,-8.450253,-3.589234,3.982853,-0.006567,-0.008247,-0.005345,30.99,66.5479181416407
64552,-8.456833,-3.585645,3.985246,-0.00733,-0.008705,-0.005345,30.99,66.5459572792789
64562,-8.445468,-3.597609,3.981059,-0.007483,-0.009927,-0.005345,31.03,66.5547785179227
64572,-8.450253,-3.585046,3.988237,-0.00733,-0.009774,-0.00504,30.96,66.515913216351
64582,-8.453244,-3.591029,3.976273,-0.007636,-0.010079,-0.005956,30.96,66.5903474389129
64592,-8.456833,-3.59402,3.981059,-0.007636,-0.009774,-0.004581,30.98,66.5753859362391
64602,-8.458031,-3.59402,3.987041,-0.00672,-0.009927,-0.003971,30.98,66.5464985068797
64612,-8.451449,-3.597609,3.97747,-0.00733,-0.010385,-0.004123,30.99,66.586158989732
64622,-8.460423,-3.591029,3.979264,-0.008094,-0.010079,-0.00504,30.99,66.5896640658039
64632,-8.444869,-3.580859,3.992425,-0.008552,-0.009621,-0.005651,31,66.4788699519499
64642,-8.446067,-3.593421,3.986442,-0.008247,-0.008399,-0.005651,31,66.5240208825988
64652,-8.455039,-3.597609,3.996014,-0.008247,-0.007483,-0.005651,31.04,66.4963579570912
64662,-8.438289,-3.596412,4.003192,-0.008705,-0.00672,-0.004734,31.04,66.4224185662488
64672,-8.456833,-3.601198,3.996612,-0.009163,-0.005498,-0.00504,31.04,66.5001908741754
64682,-8.447262,-3.597011,3.995416,-0.008858,-0.004734,-0.004887,31.04,66.4826317224116
64692,-8.438888,-3.580261,3.995416,-0.008858,-0.003971,-0.005651,31.03,66.4500317422496
64702,-8.452645,-3.59402,3.99063,-0.009774,-0.003054,-0.005956,31.03,66.5163740059168
64712,-8.44427,-3.592823,3.99063,-0.009774,-0.001069,-0.005345,30.97,66.497721332852
64722,-8.450851,-3.586841,3.992425,-0.010537,0,-0.006261,30.97,66.4967842813399
64732,-8.447861,-3.592823,3.996612,-0.009468,0.003971,-0.005651,30.99,66.4738700162488
64742,-8.453843,-3.59043,3.998407,-0.010079,0.004429,-0.005956,30.98,66.4748890594465
64752,-8.442476,-3.591627,3.997808,-0.010232,0.006109,-0.006567,30.98,66.4551979274856
64762,-8.448458,-3.595216,3.985844,-0.009468,0.008399,-0.005803,30.99,66.5337801339562
64772,-8.453843,-3.59402,3.987041,-0.009927,0.009621,-0.005651,30.99,66.537721473315
64782,-8.455637,-3.59402,3.991228,-0.01069,0.01069,-0.006414,31.01,66.5195128130022
64792,-8.455637,-3.595216,3.991827,-0.010385,0.011912,-0.005651,31.01,66.5174368772947
64802,-8.445468,-3.597609,3.987639,-0.010996,0.013134,-0.005498,30.99,66.5202197828229
64812,-8.457432,-3.588037,3.99721,-0.011606,0.01405,-0.006567,30.99,66.4865722201886
64822,-8.453244,-3.597609,3.988237,-0.010996,0.015119,-0.006567,30.96,66.533389336294
64832,-8.444869,-3.592225,3.981059,-0.010537,0.015424,-0.00672,30.96,66.5487170181719
64842,-8.458628,-3.589234,3.985844,-0.01069,0.016188,-0.006414,30.95,66.5497723843026
64852,-8.462217,-3.597011,3.981657,-0.01069,0.016341,-0.00672,30.95,66.5861715740799
64862,-8.447861,-3.588037,3.990032,-0.010843,0.016188,-0.00733,30.93,66.5041311221493
64872,-8.456833,-3.592823,3.982255,-0.010079,0.016341,-0.006261,30.93,66.5680423244277
64882,-8.456833,-3.589234,3.978666,-0.009774,0.01573,-0.006567,30.99,66.5836958481395
64892,-8.454441,-3.59402,3.980461,-0.009621,0.015119,-0.006109,30.99,66.5735178425596
64902,-8.446664,-3.588636,3.975077,-0.009621,0.015119,-0.005956,30.98,66.5807211696637
64912,-8.453843,-3.597609,3.982853,-0.009621,0.013592,-0.006109,31.02,66.5629032375789
64922,-8.461619,-3.591627,3.972684,-0.00901,0.011912,-0.007025,31.02,66.6272466101236
64932,-8.46102,-3.598207,3.963113,-0.008552,0.011454,-0.005956,31,66.6821135143411
64942,-8.464012,-3.595216,3.972684,-0.008094,0.010232,-0.006261,31,66.6354274043413
64952,-8.473583,-3.593421,3.97747,-0.008094,0.008094,-0.00672,31,66.628697869057
64962,-8.453244,-3.600002,3.972086,-0.007636,0.00672,-0.006261,31,66.6203281856422
64972,-8.459825,-3.597609,3.961318,-0.007636,0.005651,-0.006109,31,66.6885267662466
64982,-8.456235,-3.594618,3.97747,-0.007941,0.00336,-0.006109,31,66.5935112847844
64992,-8.450851,-3.58744,3.968496,-0.00733,0.002596,-0.005956,31.01,66.6230254037412
65002,-8.478369,-3.597609,3.975077,-0.00672,0.000458,-0.005651,31.01,66.6549330907843
65012,-8.463414,-3.601796,3.975675,-0.007483,-0.000611,-0.005345,30.99,66.6243177105991
65022,-8.469995,-3.59043,3.975077,-0.00672,-0.002138,-0.005651,30.99,66.6311168986817
65032,-8.46102,-3.596412,3.983452,-0.006872,-0.003665,-0.005345,30.97,66.5737165502876
65042,-8.469995,-3.598207,3.970889,-0.007025,-0.005192,-0.005651,30.97,66.6599825990195
65052,-8.470592,-3.592225,3.972086,-0.007025,-0.006567,-0.005803,30.96,66.6496497991492
65062,-8.468798,-3.595216,3.970889,-0.006261,-0.007789,-0.004734,30.96,66.6548383283404
65072,-8.463414,-3.599404,3.976871,-0.006872,-0.009316,-0.00504,30.99,66.6159156791483
65082,-8.457432,-3.603591,3.97747,-0.006109,-0.011912,-0.005498,31.01,66.6039983630915
65092,-8.451449,-3.598805,3.979264,-0.006567,-0.012981,-0.005345,31.01,66.5778020645569
65102,-8.467602,-3.595814,3.974478,-0.005956,-0.013744,-0.004276,31.04,66.6340337820302
65112,-8.464012,-3.601198,3.983452,-0.005803,-0.014508,-0.004581,31.04,66.5842299342435
65122,-8.467003,-3.605984,3.982255,-0.005498,-0.014661,-0.004276,30.98,66.6010116095834
65132,-8.440681,-3.598805,3.986442,-0.006414,-0.015272,-0.004887,30.98,66.5175288617422
65142,-8.460423,-3.59402,3.978068,-0.006261,-0.015424,-0.004734,30.96,66.5985994672774
65152,-8.455637,-3.595814,3.990032,-0.006872,-0.01573,-0.00504,30.96,66.527386663815
65162,-8.462815,-3.598207,3.994817,-0.006109,-0.015272,-0.005192,30.98,66.5194720828926
65172,-8.449057,-3.588037,3.985844,-0.006261,-0.014661,-0.004734,30.98,66.5286336578883
65182,-8.459825,-3.607778,3.988237,-0.006567,-0.01405,-0.004123,31.01,66.5562408187426
65192,-8.443673,-3.592823,3.988835,-0.006567,-0.013439,-0.004581,31.01,66.5058928963432
65202,-8.455039,-3.603591,3.994219,-0.007483,-0.012523,-0.005651,31.01,66.5111133170243
65212,-8.450851,-3.595814,3.989433,-0.00672,-0.011759,-0.004887,31.01,66.5204928800288
65222,-8.453244,-3.59043,4.002594,-0.00672,-0.010996,-0.005498,30.97,66.4516751609916
65232,-8.453843,-3.59043,3.993621,-0.007178,-0.010079,-0.005345,30.97,66.4999930793911
65242,-8.453244,-3.595814,3.999603,-0.00733,-0.008705,-0.00504,30.99,66.4721670619112
65252,-8.44427,-3.594618,3.994817,-0.007941,-0.005956,-0.004887,30.99,66.4773466302468
65262,-8.440681,-3.580859,4.00738,-0.007789,-0.003818,-0.00504,31.02,66.3915426828266
65272,-8.453244,-3.592823,3.997808,-0.008247,-0.002596,-0.006109,30.99,66.478908048838
65282,-8.450851,-3.586841,3.994219,-0.007941,-0.000764,-0.00672,30.99,66.487369284308
65292,-8.460423,-3.595216,4.007978,-0.008247,0.001527,-0.005651,30.98,66.4428299993768
65302,-8.446664,-3.589832,4.002594,-0.008552,0.003207,-0.005345,30.98,66.4372952137273
65312,-8.453843,-3.58385,3.998407,-0.009163,0.00504,-0.006414,31.02,66.4690198132363
65322,-8.453244,-3.595814,4.005585,-0.009316,0.006872,-0.006109,31.02,66.4408097255116
65332,-8.443074,-3.585046,3.993621,-0.00901,0.008247,-0.005498,30.99,66.4725508215243
65342,-8.438888,-3.588636,4.005585,-0.010385,0.010079,-0.005651,30.99,66.4041474079256
65352,-8.452048,-3.589234,4.003192,-0.010537,0.011301,-0.006261,30.98,66.4449556712097
65362,-8.451449,-3.589234,3.988835,-0.010079,0.012981,-0.006414,30.98,66.5190171095878
65372,-8.459227,-3.592823,4.001996,-0.01069,0.014966,-0.006109,31,66.4695202836791
65382,-8.451449,-3.582056,4.0008,-0.010843,0.015882,-0.006414,31,66.4498308276781
65392,-8.458628,-3.594618,3.983452,-0.010996,0.016799,-0.006567,30.99,66.5671146060909
65402,-8.460423,-3.589832,4.002594,-0.010996,0.017562,-0.006261,30.99,66.466231651128
65412,-8.454441,-3.59402,3.985844,-0.011148,0.017868,-0.007178,31,66.5452575748491
65422,-8.462217,-3.585046,3.990032,-0.010537,0.018784,-0.006261,31,66.5316000186068
65432,-8.458628,-3.597609,3.981657,-0.011148,0.018937,-0.006109,30.98,66.5791965640949
65442,-8.467602,-3.589234,3.979264,-0.010996,0.019548,-0.00733,31,66.6030855415443
65452,-8.459825,-3.591029,3.978666,-0.010232,0.018784,-0.006109,31,66.5915524416724
65462,-8.452645,-3.591029,3.981657,-0.009163,0.018021,-0.006261,30.99,66.5608125412129
65472,-8.449057,-3.591029,3.988237,-0.010232,0.01741,-0.006414,30.99,66.5187363529726
65482,-8.478369,-3.594618,3.970291,-0.009927,0.016341,-0.006109,30.97,66.677394647533
65492,-8.473583,-3.58385,3.970291,-0.010843,0.015272,-0.006261,30.97,66.6579126965928
65502,-8.46461,-3.591627,3.974478,-0.010232,0.013439,-0.006567,30.97,66.6240749378125
65512,-8.458628,-3.597011,3.974478,-0.009927,0.012217,-0.006872,30.97,66.6163547081531
65522,-8.456833,-3.582654,3.97388,-0.009316,0.010843,-0.00672,31.01,66.6029962463153
65532,-8.46461,-3.59043,3.969095,-0.008399,0.009468,-0.006567,31.01,66.6512829984803
65542,-8.47119,-3.606582,3.966104,-0.008552,0.008247,-0.005956,30.98,66.6950044632858
65552,-8.455637,-3.595814,3.970889,-0.008399,0.005803,-0.005803,30.98,66.627893694472
65562,-8.466404,-3.598207,3.971487,-0.00901,0.004429,-0.006109,31.02,66.6493555712406
65572,-8.461619,-3.597609,3.96072,-0.009163,0.00168,-0.007178,31.02,66.6954087732419
65582,-8.466404,-3.604189,3.966702,-0.008705,0.000916,-0.006414,31,66.6797819155292
65592,-8.463414,-3.58744,3.966104,-0.007941,-0.001527,-0.005192,31,66.6618538036243
65602,-8.462815,-3.592823,3.980461,-0.007789,-0.004429,-0.005498,30.99,66.5899778524564
65612,-8.46461,-3.592823,3.973282,-0.007789,-0.006567,-0.004581,30.99,66.6314145535854
65622,-8.461619,-3.593421,3.972086,-0.00733,-0.008399,-0.00504,30.99,66.6319785061758
65632,-8.469396,-3.597011,3.971487,-0.008094,-0.010385,-0.005345,31.02,66.6545358006957
65642,-8.455039,-3.603591,3.976273,-0.006872,-0.011606,-0.005498,31.02,66.6052824176328
65652,-8.459227,-3.595216,3.98405,-0.006567,-0.012675,-0.004734,30.99,66.5657623363801
65662,-8.464012,-3.591029,3.978666,-0.006261,-0.013439,-0.004734,30.99,66.6003098736171
65672,-8.463414,-3.597011,3.981657,-0.006872,-0.014661,-0.00504,30.96,66.5886744315967
65682,-8.450851,-3.591029,3.981657,-0.00733,-0.01573,-0.005651,30.96,66.5570525671472
65692,-8.459227,-3.59402,3.982853,-0.005803,-0.016493,-0.004734,31.01,66.5709803071272
65702,-8.461619,-3.591029,3.979862,-0.006261,-0.016341,-0.004276,31.01,66.5890271164721
65712,-8.46102,-3.58744,3.993023,-0.006872,-0.016188,-0.005192,31,66.5155296525592
65722,-8.456235,-3.588636,3.988835,-0.006567,-0.016952,-0.006109,31,66.5285267896045
65732,-8.464012,-3.597011,3.982255,-0.006872,-0.016952,-0.005651,30.96,66.5867872315255
65742,-8.456833,-3.58744,3.996612,-0.006261,-0.01573,-0.00504,30.96,66.4879181133756
65752,-8.458628,-3.589234,3.994817,-0.006567,-0.016035,-0.006109,30.98,66.5026987504616
65762,-8.446067,-3.592823,3.996612,-0.006109,-0.014966,-0.005498,30.98,66.4700984688958
65772,-8.449656,-3.588037,3.996612,-0.00672,-0.01237,-0.00504,31.01,66.4733678050728
65782,-8.447861,-3.599404,3.994817,-0.005651,-0.010537,-0.005651,31,66.4891734035534
65792,-8.446664,-3.58744,3.997808,-0.006567,-0.009621,-0.004581,31,66.460265542321
65802,-8.449057,-3.597011,4.0008,-0.00733,-0.008858,-0.005651,30.98,66.4581622861222
65812,-8.452048,-3.589832,3.999005,-0.007636,-0.007025,-0.006109,30.98,66.4674462356856
65822,-8.443074,-3.584448,3.996014,-0.007789,-0.005192,-0.00504,30.98,66.4594518863888
65832,-8.44427,-3.591627,4.005585,-0.007941,-0.003512,-0.005345,30.98,66.4181733207495
65842,-8.440681,-3.592225,3.989433,-0.008094,-0.00168,-0.005498,31.01,66.4959306306437
65852,-8.443673,-3.59402,4.003192,-0.007789,0.000458,-0.005345,31.01,66.4316115891643
65862,-8.44427,-3.59043,4.000201,-0.008552,0.002138,-0.005651,30.98,66.4453445439728
65872,-8.458031,-3.589832,4.002594,-0.008552,0.004429,-0.004887,30.98,66.461205354344
65882,-8.44427,-3.585046,4.00379,-0.009468,0.006109,-0.005651,31,66.4216961341696
65892,-8.444869,-3.585645,3.985844,-0.009621,0.007483,-0.005803,31,66.5177064606788
65902,-8.452048,-3.6006,3.995416,-0.009927,0.009163,-0.006261,31,66.4958898223806
65913,-8.452645,-3.596412,3.998407,-0.010385,0.010079,-0.00504,31,66.4777144828904
65922,-8.450253,-3.592823,3.995416,-0.009621,0.011301,-0.005956,30.98,66.4851716483781
65932,-8.46102,-3.591029,3.993621,-0.010079,0.012981,-0.005498,30.98,66.5155872067776
65942,-8.445468,-3.595814,3.994219,-0.01069,0.014813,-0.006109,31.02,66.4840730545833
65952,-8.458031,-3.597011,3.993621,-0.011148,0.016952,-0.005498,30.98,66.5146486925216
65962,-8.452048,-3.602993,3.994219,-0.01069,0.017562,-0.005345,30.98,66.5043071167862
65972,-8.453843,-3.582056,3.994219,-0.010996,0.017868,-0.005803,31,66.4893928386107
65982,-8.456235,-3.59043,3.994219,-0.011301,0.018021,-0.005956,31,66.5018778120319
65992,-8.451449,-3.589832,3.987639,-0.011148,0.018631,-0.006414,30.96,66.5258286017984
66002,-8.454441,-3.593421,3.990032,-0.010537,0.018479,-0.005498,30.96,66.5227452861221
66012,-8.463414,-3.588636,3.985246,-0.01069,0.018326,-0.005803,31.02,66.5624047880959
66022,-8.453244,-3.589832,3.965506,-0.011301,0.016341,-0.00733,31.02,66.6458754186917
66032,-8.462217,-3.593421,3.992425,-0.01069,0.018021,-0.005956,31,66.5264969776828
66042,-8.458031,-3.59402,3.966702,-0.011606,0.017104,-0.005956,31,66.6533034060129
66052,-8.467003,-3.594618,3.97747,-0.012065,0.016188,-0.006414,30.95,66.616020544816
66062,-8.466404,-3.592823,3.978666,-0.010996,0.015424,-0.005803,30.95,66.6069011410346
66072,-8.46102,-3.591627,3.976273,-0.010537,0.014203,-0.006109,31.01,66.6071473016866
66082,-8.456833,-3.589234,3.966104,-0.010996,0.013286,-0.005192,31.01,66.6496999881911
66092,-8.455637,-3.597011,3.982255,-0.010079,0.011606,-0.005345,30.98,66.5692659077625
66102,-8.462217,-3.595814,3.969693,-0.010232,0.010079,-0.005651,30.98,66.6479181460978
66112,-8.47119,-3.595814,3.975077,-0.010232,0.00901,-0.005192,31.01,66.6383774074957
66122,-8.46461,-3.595216,3.956532,-0.009774,0.00504,-0.004734,30.95,66.7215349327685
66132,-8.456235,-3.583252,3.975077,-0.010079,0.003665,-0.005192,30.95,66.5959850942122
66142,-8.463414,-3.586841,3.964907,-0.010232,0.002138,-0.00504,31,66.6676142115892
66152,-8.458031,-3.595814,3.966104,-0.009316,-0.000153,-0.005192,31,66.6580378610387
66162,-8.464012,-3.58744,3.970291,-0.009316,-0.001985,-0.005956,31.01,66.6411047982449
66172,-8.469396,-3.591029,3.967898,-0.008399,-0.003054,-0.004734,31.01,66.6680850630923
66182,-8.46461,-3.602395,3.964907,-0.008399,-0.005192,-0.005498,30.99,66.6838815440977
66192,-8.466404,-3.594618,3.975675,-0.008552,-0.007636,-0.005498,30.99,66.6241899838256
66202,-8.465208,-3.592823,3.97388,-0.008552,-0.008399,-0.005345,31,66.6295237157798
66212,-8.47119,-3.602993,3.966104,-0.007789,-0.009621,-0.004581,31,66.6918264755619
66222,-8.47119,-3.595216,3.978666,-0.007789,-0.01069,-0.005192,31.04,66.6190188315046
66232,-8.455039,-3.588037,3.9673,-0.007483,-0.011606,-0.005651,31.04,66.6386020206783
66242,-8.462815,-3.601198,3.976273,-0.007789,-0.012828,-0.005651,30.98,66.6193971860728
66252,-8.454441,-3.601198,3.978068,-0.007483,-0.013592,-0.005803,30.98,66.5924751016405
66262,-8.456235,-3.592823,3.968496,-0.006872,-0.01405,-0.004734,30.98,66.6390617934763
66272,-8.46102,-3.589832,3.98405,-0.006567,-0.015119,-0.005498,30.98,66.5647295610192
66282,-8.456235,-3.591029,3.983452,-0.006872,-0.014508,-0.005651,30.97,66.5589099313672
66292,-8.463414,-3.601796,3.991827,-0.006414,-0.013897,-0.004734,31.02,66.539596442149
66302,-8.444869,-3.59402,3.99063,-0.005956,-0.01405,-0.00504,31.02,66.5000497525213
66312,-8.446664,-3.588037,3.991827,-0.007636,-0.013744,-0.004581,31.02,66.4921918056421
66322,-8.458031,-3.592225,3.99721,-0.007636,-0.012675,-0.005498,31.02,66.4915627802757
66332,-8.460423,-3.592225,3.996612,-0.00672,-0.011912,-0.005192,31.03,66.4997179934205
66342,-8.441879,-3.593421,3.985246,-0.006872,-0.011606,-0.004887,31.03,66.5215113878839
66352,-8.453843,-3.58744,4.004987,-0.006261,-0.011148,-0.005345,30.99,66.4377197896779
66362,-8.447262,-3.580859,3.988835,-0.00672,-0.009468,-0.005192,30.99,66.5027571779266
66372,-8.445468,-3.588636,3.988835,-0.007025,-0.008094,-0.005345,31.03,66.5059236495699
66382,-8.449656,-3.597609,3.99063,-0.006872,-0.007636,-0.005345,31.03,66.5133066630883
66392,-8.444869,-3.585645,3.993621,-0.006872,-0.006261,-0.005803,30.98,66.4768625947469
66402,-8.460423,-3.586841,3.997808,-0.007483,-0.004276,-0.005498,30.98,66.4886530017833
66412,-8.446067,-3.601796,3.99063,-0.006872,-0.003665,-0.005803,31,66.5095195986643
66422,-8.444869,-3.597609,3.993621,-0.007636,-0.001833,-0.005651,31,66.4875592098765
66432,-8.456235,-3.601796,4.008576,-0.007789,0,-0.005498,31.01,66.4367798633797
66442,-8.446067,-3.589832,3.988835,-0.008552,0.001527,-0.005651,31.01,66.5082497586297
66452,-8.455039,-3.573082,3.997808,-0.008094,0.002749,-0.005803,31,66.4650893942471
66462,-8.449057,-3.589234,3.994817,-0.008705,0.005651,-0.006872,31,66.482596248654
66472,-8.449057,-3.589234,3.990032,-0.008858,0.006414,-0.006261,31,66.5077112868284
66482,-8.450253,-3.58385,4.006782,-0.008705,0.007636,-0.006872,31.02,66.4175427430121
66492,-8.441879,-3.589832,3.988237,-0.00901,0.008858,-0.005956,31.02,66.5025911751827
66502,-8.443673,-3.591627,4.001398,-0.008858,0.010385,-0.005803,31.01,66.4388790523368
66512,-8.456833,-3.597011,3.999603,-0.009316,0.011148,-0.007025,31.01,66.4807730606856
66522,-8.44128,-3.589832,3.999005,-0.009774,0.01237,-0.005651,31,66.4447905433589
66532,-8.448458,-3.598805,3.99721,-0.009621,0.012828,-0.005345,31,66.477337561986
66542,-8.456833,-3.584448,3.99721,-0.010385,0.013286,-0.005651,31,66.4821164158156
66552,-8.455039,-3.592225,3.981657,-0.010232,0.014203,-0.006261,31,66.5668926517346
66562,-8.462815,-3.589832,3.992425,-0.010079,0.013592,-0.006109,31.01,66.524557525558
66572,-8.455637,-3.59402,3.981657,-0.010232,0.013592,-0.005651,31.01,66.569742456441
66582,-8.452645,-3.591627,3.981059,-0.01069,0.013439,-0.005498,30.98,66.5644854581065
66592,-8.443673,-3.596412,3.98405,-0.010537,0.013286,-0.005192,30.98,66.5342326986508
66602,-8.457432,-3.586841,3.972684,-0.010537,0.01237,-0.005651,31,66.6142480261878
66612,-8.452645,-3.585046,3.981657,-0.009774,0.012217,-0.005498,31,66.5554885733787
66622,-8.460423,-3.593421,3.975077,-0.010079,0.011759,-0.005803,30.97,66.6137719137712
66632,-8.46102,-3.59402,3.975675,-0.01069,0.009927,-0.005651,30.97,66.6124114448464
66642,-8.455637,-3.598805,3.981657,-0.01069,0.009927,-0.005192,31.01,66.5740028129532
66652,-8.465208,-3.597011,3.979264,-0.009621,0.009316,-0.004276,30.98,66.604980102015
66662,-8.458031,-3.589234,3.974478,-0.010537,0.006872,-0.005651,30.98,66.6081995336764
66672,-8.463414,-3.598805,3.976871,-0.010079,0.006567,-0.00504,30.97,66.6153836724265
66682,-8.454441,-3.602395,3.963711,-0.010232,0.006261,-0.004429,30.97,66.668969389502
66692,-8.449057,-3.591627,3.982255,-0.010232,0.004581,-0.004887,30.99,66.5506833868109
66702,-8.47119,-3.58744,3.968496,-0.010079,0.002749,-0.005192,30.99,66.6655146208995
66712,-8.456235,-3.594618,3.965506,-0.009774,0.001374,-0.00504,30.96,66.6563705563885
66722,-8.459227,-3.588037,3.982255,-0.010079,0.001222,-0.004734,30.96,66.5688011607515
66732,-8.463414,-3.589832,3.98405,-0.009621,-0.000458,-0.004276,30.97,66.5697418888823
66742,-8.459227,-3.595216,3.975077,-0.008858,-0.000611,-0.00504,30.97,66.6128661226413
66752,-8.462217,-3.596412,3.983452,-0.009468,-0.002291,-0.004581,31,66.5762208018825
66762,-8.46102,-3.593421,3.972086,-0.009621,-0.003207,-0.00504,31,66.6307272998724
66772,-8.458031,-3.595216,3.975077,-0.008858,-0.00336,-0.004276,31.01,66.6103660983545
66782,-8.454441,-3.592823,3.979264,-0.008858,-0.004276,-0.004734,31.01,66.5787384886109
66792,-8.448458,-3.583252,3.982255,-0.00901,-0.005192,-0.005651,31.02,66.54196643985
66802,-8.455039,-3.594618,3.976871,-0.008552,-0.005498,-0.004734,31.02,66.59415493879
66812,-8.464012,-3.594618,3.979264,-0.008552,-0.006872,-0.004429,31,66.6003562879561
66822,-8.455637,-3.592225,3.982853,-0.008552,-0.007483,-0.005498,30.98,66.5618659733979
66832,-8.453843,-3.598207,3.981657,-0.008858,-0.007483,-0.005956,30.98,66.5697149994516
66842,-8.461619,-3.586841,3.976273,-0.008399,-0.007636,-0.005803,31.03,66.6041542110008
66852,-8.453244,-3.578466,3.985246,-0.007941,-0.00733,-0.005192,31.03,66.5320448760462
66862,-8.452645,-3.601198,3.981059,-0.008094,-0.007789,-0.005498,30.98,66.5730130402618
66872,-8.456833,-3.595216,3.985844,-0.007483,-0.007483,-0.005956,30.98,66.5513348017457
66882,-8.446067,-3.582056,3.982853,-0.007178,-0.007178,-0.005345,31.02,66.5327390758756
66892,-8.450851,-3.599404,3.986442,-0.008094,-0.007789,-0.006261,31.02,66.5393961764785
66902,-8.452645,-3.58744,3.985844,-0.00733,-0.006567,-0.007025,31,66.5356310018885
66912,-8.466404,-3.588636,3.988835,-0.007178,-0.005803,-0.006261,31,66.5498409265454
66922,-8.447861,-3.595814,3.991827,-0.007178,-0.005498,-0.006109,31.01,66.5016532617125
66932,-8.450253,-3.597609,3.987639,-0.007178,-0.00504,-0.006261,31.01,66.5302570855893
66942,-8.443074,-3.598805,3.993023,-0.007941,-0.004123,-0.005803,31.01,66.4879977356373
66952,-8.46461,-3.586841,3.997808,-0.008399,-0.003665,-0.005803,31.01,66.4974425980124
66962,-8.460423,-3.592225,3.994219,-0.006872,-0.002291,-0.005651,30.97,66.5122643070528
66972,-8.455039,-3.589832,3.996612,-0.00672,-0.001527,-0.005498,30.97,66.486282148025
66982,-8.453244,-3.59402,3.994817,-0.007941,0.000611,-0.006414,30.99,66.4956642537447
66992,-8.457432,-3.598207,3.993023,-0.007636,0.000611,-0.006109,30.98,66.5175953195702
67002,-8.446664,-3.592823,3.994219,-0.007941,0.00168,-0.006109,30.98,66.4839115558193
67012,-8.448458,-3.591627,3.993023,-0.007483,0.003054,-0.005192,31.04,66.4928894082613
67022,-8.450253,-3.589234,3.992425,-0.007941,0.003207,-0.005803,31.04,66.4976625286607
67032,-8.458031,-3.598207,3.993621,-0.007941,0.003665,-0.006261,30.97,66.5157152666654
67042,-8.46102,-3.582056,3.993621,-0.008552,0.00504,-0.005498,30.97,66.5076061763679
67052,-8.450851,-3.593421,3.988835,-0.009468,0.004887,-0.006261,30.99,66.5214960756398
67062,-8.447861,-3.599404,3.985844,-0.009316,0.005956,-0.00504,30.99,66.5362677790772
67072,-8.449656,-3.58744,3.993023,-0.008399,0.006414,-0.005345,31,66.4916690103525
67082,-8.453244,-3.591029,3.987639,-0.00901,0.007178,-0.005192,31,66.5306611976138
67092,-8.453244,-3.598207,3.992425,-0.008094,0.006261,-0.005803,30.98,66.511949641605
67102,-8.458031,-3.602993,3.982255,-0.008399,0.006872,-0.006261,30.98,66.579603006639
67112,-8.462217,-3.59043,3.976871,-0.009316,0.007178,-0.006261,30.98,66.605448138576
67122,-8.461619,-3.593421,3.989433,-0.009468,0.007941,-0.005345,30.98,66.5409341957096
67132,-8.450253,-3.59043,3.983452,-0.009621,0.00733,-0.005192,30.98,66.5458376922532
67142,-8.456833,-3.605984,3.985246,-0.009468,0.007636,-0.004581,30.98,66.5640697809518
67152,-8.450253,-3.597011,3.991228,-0.009621,0.00733,-0.005803,30.98,66.5108869778624
67162,-8.447861,-3.598805,3.982853,-0.009774,0.006567,-0.004887,31,66.5514385938748
67172,-8.46102,-3.589234,3.97747,-0.010232,0.006872,-0.005192,31,66.5987384949349
67182,-8.464012,-3.59043,3.982853,-0.010079,0.007178,-0.004734,30.98,66.5778050809449
67192,-8.453843,-3.592823,3.984648,-0.00901,0.006261,-0.004123,30.98,66.549216039823
67202,-8.452645,-3.593421,3.979264,-0.009468,0.006109,-0.00504,30.99,66.5755100137373
67212,-8.460423,-3.589234,3.973282,-0.009927,0.005803,-0.004429,30.99,66.6194838464935
67222,-8.464012,-3.597609,3.996014,-0.009774,0.004123,-0.005192,30.98,66.5151741963949
67232,-8.456833,-3.58744,3.976273,-0.009774,0.003818,-0.005498,30.98,66.594671050121
67242,-8.449656,-3.59043,3.978666,-0.01069,0.00336,-0.005498,30.99,66.5697267716089
67252,-8.46102,-3.591627,3.971487,-0.009927,0.003665,-0.003818,30.99,66.6322822838998
67262,-8.450253,-3.591029,3.98405,-0.009774,0.003207,-0.005192,31,66.5432309846204
67272,-8.452645,-3.595814,3.984648,-0.009927,0.001985,-0.004429,31,66.5493706439204
67282,-8.453244,-3.599404,3.989433,-0.009621,0.001069,-0.004734,31.03,66.5287153210187
67292,-8.462217,-3.597011,3.970291,-0.010079,0.000916,-0.005498,31.03,66.6458390533517
67302,-8.450851,-3.589234,3.976273,-0.009316,0.000916,-0.004429,30.98,66.5837397869987
67312,-8.466404,-3.602395,3.978068,-0.009316,0.001222,-0.004429,30.98,66.6185336089667
67322,-8.459825,-3.591627,3.97388,-0.00901,0.000153,-0.004123,30.98,66.6172158333973
67332,-8.462815,-3.589234,3.981059,-0.00901,0,-0.004429,31,66.5836533133327
67342,-8.467602,-3.59402,3.976871,-0.009316,-0.001222,-0.004734,31,66.6198848071551
67353,-8.452645,-3.595814,3.97747,-0.00901,-0.001222,-0.004429,31.01,66.587063435567
67362,-8.451449,-3.601796,3.976273,-0.008858,-0.001833,-0.004429,31.01,66.5961775751663
67372,-8.450253,-3.597609,3.973282,-0.00901,-0.002138,-0.005345,31.01,66.6056599096927
67382,-8.457432,-3.595814,3.987041,-0.008858,-0.000916,-0.003971,31.01,66.5468411002604
67392,-8.467602,-3.588636,3.975077,-0.008705,-0.001833,-0.00504,31.02,66.6245311150581
67402,-8.448458,-3.58385,3.99063,-0.007941,-0.001833,-0.004887,31.02,66.4985113212918
67412,-8.453244,-3.59402,3.979862,-0.007636,-0.002291,-0.004276,31.01,66.5741569622345
67422,-8.446067,-3.589832,3.981059,-0.008094,-0.00336,-0.005651,31.01,66.5490956234735
67432,-8.455637,-3.6006,3.975675,-0.008094,-0.003818,-0.005498,31.04,66.6070094205593
67442,-8.459227,-3.589234,3.981657,-0.008399,-0.003512,-0.004887,31.04,66.5730037931977
67452,-8.453843,-3.586841,3.992425,-0.007941,-0.00336,-0.003818,30.99,66.5030691083237
67462,-8.459227,-3.591627,3.98405,-0.007636,-0.003971,-0.005498,30.99,66.5625701818429
67472,-8.464012,-3.588636,3.99063,-0.007178,-0.004123,-0.006109,30.99,66.5354162807284
67482,-8.454441,-3.59043,3.991827,-0.008094,-0.003818,-0.005651,30.99,66.5106607620341
67492,-8.464012,-3.598207,3.981657,-0.007941,-0.004123,-0.006414,31,66.5909873272256
67502,-8.448458,-3.596412,3.981059,-0.006414,-0.002902,-0.005651,31.02,66.55997648538
67512,-8.455039,-3.591029,3.990032,-0.007178,-0.002749,-0.006567,31.02,66.5218678314114
67522,-8.450253,-3.59043,3.992425,-0.007636,-0.003054,-0.00672,31,66.4987297535421
67532,-8.449656,-3.603591,3.991228,-0.00672,-0.002596,-0.006261,31,66.5155155541126
67542,-8.456235,-3.598805,3.994817,-0.007178,-0.002291,-0.007483,30.95,66.5062114199978
67552,-8.453244,-3.598805,3.99063,-0.007636,-0.002138,-0.006567,30.95,66.5219003601733
67562,-8.453244,-3.600002,3.990032,-0.007025,-0.001527,-0.007636,30.99,66.5261063327381
67572,-8.456833,-3.59402,3.993023,-0.007789,-0.000458,-0.007025,30.99,66.5126056954851
67582,-8.439486,-3.583252,3.979862,-0.007483,0,-0.007025,31.02,66.5357036062341
67592,-8.459227,-3.602395,3.991228,-0.008552,-0.000153,-0.007025,31.02,66.5345042557245
67602,-8.469995,-3.600002,3.978666,-0.008094,0.000153,-0.006567,30.98,66.6207673413588
67612,-8.446664,-3.588037,3.99063,-0.008399,0.001222,-0.007025,30.98,66.4984763473048
67622,-8.462815,-3.597011,3.99721,-0.008705,0.001527,-0.007789,31.01,66.5058647345024
67632,-8.450851,-3.597609,3.988237,-0.007941,0.002596,-0.006261,31.01,66.5283722830487
67642,-8.463414,-3.58744,3.985246,-0.008399,0.003207,-0.006414,30.98,66.5613429517751
67652,-8.449656,-3.593421,3.985246,-0.008552,0.003207,-0.005803,30.98,66.5378311634932
67662,-8.453843,-3.601198,3.992425,-0.00901,0.004429,-0.005803,31.02,66.5158767063557
67672,-8.443673,-3.598207,3.990032,-0.008705,0.004123,-0.005192,31.02,66.5044223657974
67682,-8.457432,-3.591627,3.992425,-0.009621,0.004276,-0.005345,31.02,66.5148662570375
67692,-8.445468,-3.607778,3.991228,-0.009927,0.004887,-0.005345,31.01,66.5104807139584
67702,-8.458628,-3.597011,3.985844,-0.009927,0.004581,-0.005803,31.01,66.5566923623705
67712,-8.450851,-3.592823,3.979264,-0.00901,0.004123,-0.005651,31.02,66.5712199997804
67722,-8.447861,-3.589832,3.990032,-0.00901,0.004429,-0.005956,31.02,66.505732990796
67732,-8.459227,-3.591029,3.982853,-0.009774,0.004276,-0.005345,31.03,66.5683209682042
67742,-8.451449,-3.586841,3.985246,-0.010385,0.004581,-0.005192,31.03,66.5357282889679
67752,-8.456833,-3.596412,3.982255,-0.009927,0.005192,-0.004734,30.96,66.5712361760616
67762,-8.453244,-3.582056,3.988237,-0.010537,0.004276,-0.004276,30.96,66.5195320433017
67772,-8.457432,-3.586841,3.981657,-0.009927,0.003818,-0.004581,31,66.567118011531
67782,-8.452645,-3.591029,3.991827,-0.010232,0.003665,-0.003818,31,66.5074249799816
67792,-8.453244,-3.597609,3.983452,-0.010537,0.004276,-0.004276,31.03,66.5585042172918
67802,-8.446664,-3.592225,3.982255,-0.011148,0.003971,-0.004429,31.03,66.5461982644862
67812,-8.456833,-3.613162,3.982853,-0.010537,0.004123,-0.003818,31.01,66.5830294566696
67822,-8.456235,-3.596412,3.987639,-0.010537,0.004123,-0.003818,31.01,66.5417283459528
67832,-8.46102,-3.601796,3.98405,-0.010996,0.003818,-0.004123,31.02,66.5753697138881
67842,-8.452048,-3.597011,3.975675,-0.010385,0.003665,-0.004276,31.02,66.596309160604
67852,-8.447861,-3.591029,3.986442,-0.010079,0.00336,-0.004734,31.03,66.5256511476525
67862,-8.459227,-3.591029,3.982255,-0.010079,0.003207,-0.004276,31.02,66.5714598081674
67872,-8.457432,-3.605984,3.975675,-0.009927,0.002138,-0.005192,31.02,66.6155526311579
67882,-8.455039,-3.602395,3.991228,-0.009468,0.002749,-0.004734,31.03,66.5257309104472
67892,-8.469995,-3.588636,3.982853,-0.010079,0.002291,-0.004887,31.03,66.5887295833382
67902,-8.461619,-3.598207,3.99063,-0.010537,0.002443,-0.005345,30.98,66.5389169970929
67912,-8.457432,-3.598207,3.985844,-0.009621,0.00168,-0.004887,30.98,66.5552533219956
67922,-8.464012,-3.593421,3.980461,-0.009621,0.001833,-0.005498,31.04,66.5930120071206
67932,-8.453244,-3.589832,3.982853,-0.009774,0.001222,-0.004887,31.04,66.5547217175362
67942,-8.466404,-3.595814,3.988835,-0.008705,0.000458,-0.005345,31,66.5562169127604
67952,-8.47119,-3.594618,3.976273,-0.009163,0.000764,-0.005803,31,66.6310430881614
67963,-8.455637,-3.597011,3.972684,-0.008399,0.000916,-0.006261,30.96,66.6195269794862
67972,-8.459227,-3.586243,3.982255,-0.008705,0.000458,-0.006109,30.96,66.5672076664544
67982,-8.448458,-3.59402,3.980461,-0.008858,0.000305,-0.005803,30.99,66.5609846050887
67992,-8.457432,-3.591627,3.984648,-0.008858,-0.000153,-0.006414,30.99,66.5556718283221
68002,-8.452645,-3.582056,3.982255,-0.008552,0.000153,-0.006414,31,66.54968866594
68012,-8.464012,-3.592225,3.993023,-0.008399,0.000458,-0.00672,31,66.5260595455492
68022,-8.46102,-3.595216,3.982853,-0.008552,0,-0.006109,30.97,66.5757961701733
68032,-8.462815,-3.599404,3.982853,-0.007636,-0.000458,-0.006261,30.99,66.5832743994772
68042,-8.463414,-3.601796,3.987041,-0.007636,-0.000611,-0.005651,30.99,66.5646888913306
68052,-8.462815,-3.586841,3.981657,-0.008705,-0.000611,-0.00672,30.99,66.5783911894375
68062,-8.462217,-3.595216,3.981059,-0.007789,-0.000611,-0.007025,30.99,66.5877143983366
68072,-8.469396,-3.588037,3.990032,-0.007941,-0.000458,-0.006414,31,66.5492989435562
68082,-8.456235,-3.584448,3.991827,-0.007483,-0.000305,-0.00504,31,66.5090988251805
68092,-8.456833,-3.586841,3.975077,-0.007178,-0.000305,-0.006109,30.97,66.6004221065303
68102,-8.456235,-3.598805,3.991228,-0.007789,-0.000458,-0.006109,30.97,66.5250336396743
68112,-8.453244,-3.595216,3.986442,-0.007483,-0.000916,-0.006261,30.99,66.5406758323978
68122,-8.452048,-3.58385,3.988835,-0.007025,-0.000611,-0.006109,30.99,66.5154778983581
68132,-8.454441,-3.59402,3.976871,-0.007636,-0.000764,-0.006261,31.04,66.5923717382807
68142,-8.454441,-3.602395,3.990032,-0.007636,-0.001527,-0.005498,31.04,66.5307513557543
68152,-8.469396,-3.595216,3.985844,-0.007178,-0.00168,-0.005956,31.02,66.5776264030514
68162,-8.460423,-3.595216,3.972086,-0.007636,-0.001833,-0.005803,31.02,66.6310731199837
68172,-8.461619,-3.595216,3.979264,-0.008094,-0.002291,-0.005956,30.99,66.5958845846642
68182,-8.450253,-3.593421,3.983452,-0.007178,-0.002291,-0.005498,30.99,66.5485034671307
68192,-8.453244,-3.59043,3.983452,-0.007483,-0.003054,-0.006109,31,66.5521087714336
68202,-8.463414,-3.591029,3.987639,-0.008247,-0.002749,-0.005803,31,66.5519768440788
68212,-8.452645,-3.6006,3.988237,-0.007941,-0.002596,-0.005651,31,66.5348030531402
68222,-8.455637,-3.59402,3.982255,-0.007789,-0.003054,-0.005498,30.99,66.566602968715
68232,-8.453244,-3.598805,3.980461,-0.008399,-0.002596,-0.006261,30.99,66.5752734828098
68242,-8.451449,-3.59402,3.97388,-0.008399,-0.002291,-0.005803,31,66.6018247560026
68252,-8.449656,-3.598207,3.996612,-0.008552,-0.002902,-0.005498,31,66.4824556350004
68262,-8.456235,-3.586243,3.985844,-0.00901,-0.003054,-0.005345,31.01,66.5420959029519
68272,-8.450253,-3.591029,3.988237,-0.008858,-0.002291,-0.005345,31.01,66.521246622007
68282,-8.452645,-3.591627,3.987639,-0.009163,-0.001833,-0.005498,30.97,66.5299376793809
68292,-8.454441,-3.596412,3.988835,-0.009468,-0.001527,-0.005192,30.97,66.5316929411291
68302,-8.456235,-3.596412,3.985844,-0.010079,-0.001527,-0.004887,31.03,66.5511474356552
68312,-8.458031,-3.6006,3.999603,-0.009316,-0.001069,-0.005192,31.03,66.4864922589244
68322,-8.453843,-3.586841,3.987639,-0.009163,-0.000305,-0.005345,31,66.5281877051572
68332,-8.454441,-3.59043,3.981059,-0.009774,-0.000458,-0.005345,31,66.5671829133603
68342,-8.451449,-3.598207,3.99063,-0.009927,0,-0.005498,30.97,66.5176021530067
68352,-8.446067,-3.589234,3.996014,-0.009927,0.000764,-0.005651,30.97,66.4700277657751
68362,-8.455637,-3.601198,4.002594,-0.009468,0.000153,-0.00504,31.02,66.466327625332
68372,-8.457432,-3.595814,3.985246,-0.009468,0.000305,-0.004276,31,66.5562600299777
68382,-8.444869,-3.597011,3.992425,-0.009468,0.001222,-0.00504,31,66.4933015853564
68392,-8.442476,-3.600002,3.985844,-0.010232,0.001374,-0.004276,31.02,66.5255080921698
68402,-8.449057,-3.594618,3.993621,-0.01069,0.001985,-0.005192,31.02,66.493681274571
68412,-8.451449,-3.598207,3.987041,-0.010537,0.002596,-0.004887,30.99,66.5364371307319
68422,-8.452645,-3.59043,3.991827,-0.009774,0.003818,-0.00504,30.99,66.5068907946101
68432,-8.446067,-3.600002,3.984648,-0.009316,0.004123,-0.004276,30.99,66.5393208280119
68442,-8.458628,-3.591627,3.994219,-0.009774,0.004734,-0.004887,30.99,66.507966302188
68452,-8.458628,-3.59402,3.990032,-0.010843,0.005345,-0.005651,31.01,66.532057955298
68462,-8.449656,-3.599404,3.994219,-0.011454,0.00672,-0.004429,31.01,66.4960791864302
68472,-8.47119,-3.594618,3.996612,-0.010996,0.007636,-0.005498,31,66.5244172144377
68482,-8.455039,-3.598207,3.985844,-0.010843,0.007025,-0.006109,31,66.550241826043
68492,-8.452645,-3.58744,3.982853,-0.010537,0.007789,-0.006414,31,66.5513369278491
68502,-8.458031,-3.59043,3.984648,-0.009927,0.008858,-0.004887,31,66.5558619987316
68512,-8.455039,-3.585046,3.991827,-0.009774,0.009468,-0.005498,31.02,66.5071198163392
68522,-8.456235,-3.598805,3.988835,-0.010537,0.009774,-0.005956,31.02,66.5375865195362
68532,-8.458031,-3.586841,3.975675,-0.010537,0.009927,-0.006567,30.98,66.5997878907091
68542,-8.461619,-3.592823,3.98405,-0.010385,0.010537,-0.005803,31,66.568641512548
68552,-8.460423,-3.596412,3.983452,-0.010232,0.010843,-0.00504,31,66.5724673940566
68562,-8.459825,-3.59402,3.97388,-0.009621,0.009774,-0.005192,30.98,66.6193399634157
68572,-8.454441,-3.604787,3.980461,-0.009621,0.009621,-0.005651,30.98,66.5831101134239
68582,-8.462217,-3.595216,3.980461,-0.009316,0.009774,-0.005651,31.01,66.5908526601049
68592,-8.458628,-3.605386,3.969095,-0.009621,0.009774,-0.005498,31.01,66.6520703487232
68602,-8.469995,-3.595814,3.984648,-0.008705,0.00901,-0.006109,31.05,66.5856802666745
68612,-8.468199,-3.601198,3.971487,-0.008705,0.008247,-0.005651,31.05,66.6557500668586
68622,-8.453244,-3.591627,3.974478,-0.009163,0.007025,-0.005956,30.99,66.6003101206356
68632,-8.46461,-3.593421,3.97747,-0.009468,0.005651,-0.006567,30.99,66.6099594006597
68642,-8.458628,-3.601796,3.975675,-0.008552,0.005192,-0.005651,31,66.6143235244949
68652,-8.462217,-3.59043,3.970291,-0.008399,0.003971,-0.005651,31,66.6400039853943
68662,-8.468798,-3.592225,3.981657,-0.007789,0.002902,-0.005651,30.98,66.5956815348646
68672,-8.454441,-3.599404,3.976273,-0.008247,0.001833,-0.006261,30.98,66.6003038449983
68682,-8.455637,-3.598805,3.974478,-0.007789,0.000305,-0.006261,31.02,66.6116987949656
68692,-8.462217,-3.604787,3.971487,-0.007178,-0.001527,-0.005803,31.02,66.6464620991876
68702,-8.467602,-3.594618,3.972684,-0.00733,-0.002596,-0.00504,31,66.6423906816677
68712,-8.462217,-3.6006,3.964907,-0.00672,-0.005651,-0.005803,31,66.6773037872539
68722,-8.465208,-3.602993,3.970291,-0.006261,-0.006872,-0.005803,31,66.6573851388068
68732,-8.456235,-3.602993,3.982853,-0.006872,-0.007483,-0.005956,31.02,66.5727082573435
68742,-8.462815,-3.595216,3.972086,-0.00672,-0.008858,-0.005651,31.02,66.6360683403487
68752,-8.447262,-3.594618,3.971487,-0.007789,-0.009927,-0.005651,31.04,66.6061731473135
68762,-8.457432,-3.585046,3.984648,-0.006567,-0.010385,-0.005192,31.04,66.5498199750429
68772,-8.462815,-3.59402,3.985844,-0.006567,-0.010843,-0.00504,31.03,66.5627967469603
68782,-8.454441,-3.597011,3.988835,-0.00672,-0.012065,-0.004276,31.03,66.5322271193952
68792,-8.465208,-3.6006,3.983452,-0.007025,-0.012065,-0.004429,31.01,66.5861979814041
68802,-8.457432,-3.59402,3.975077,-0.007483,-0.012675,-0.005192,31.01,66.6080509901789
68812,-8.452645,-3.598805,3.989433,-0.006872,-0.012828,-0.005498,31.02,66.5269249553951
68822,-8.454441,-3.589234,3.987639,-0.006872,-0.012065,-0.004887,31.02,66.5315730283062
68832,-8.453843,-3.595814,3.97747,-0.008094,-0.012065,-0.005498,31.04,66.5895705335486
68842,-8.448458,-3.595216,3.990032,-0.007789,-0.011301,-0.005803,31.04,66.5117936391018
68852,-8.450851,-3.585645,3.991827,-0.00733,-0.010996,-0.005498,31.05,66.4988565983273
68862,-8.459227,-3.592225,3.985246,-0.008094,-0.010385,-0.005345,31.05,66.5568255109274
68872,-8.456833,-3.58744,3.999603,-0.008094,-0.009163,-0.005192,31.04,66.4722338720837
68882,-8.449057,-3.598207,3.997808,-0.008705,-0.00672,-0.00504,31.04,66.4749241600551
68892,-8.456833,-3.592823,3.999005,-0.008858,-0.005803,-0.00504,31,66.4801699117223
68902,-8.449057,-3.59043,3.989433,-0.009927,-0.004734,-0.004887,31.03,66.5119229558976
68912,-8.450253,-3.591627,4.004987,-0.009163,-0.003054,-0.004429,31.03,66.4339068584069
68922,-8.456235,-3.598207,3.996612,-0.009316,-0.001527,-0.004581,30.97,66.4962658085717
68932,-8.438888,-3.588636,3.993023,-0.009468,0.001069,-0.004276,30.97,66.47009235608
68942,-8.451449,-3.6006,4.002594,-0.009468,0.002596,-0.004581,31.05,66.456995969565
68952,-8.449656,-3.595216,4.003192,-0.009316,0.003512,-0.004887,31.05,66.4452728572959
68962,-8.46102,-3.597011,3.994219,-0.010385,0.00504,-0.005192,30.99,66.5177793672384
68972,-8.452645,-3.605386,3.996014,-0.011148,0.006567,-0.005498,30.99,66.498286188895
68982,-8.456833,-3.603591,3.994219,-0.010843,0.008552,-0.005345,31.01,66.5148736103055
68992,-8.456833,-3.601198,3.994817,-0.010996,0.008552,-0.004734,31.01,66.509601551397
69002,-8.456235,-3.593421,3.988835,-0.010996,0.01069,-0.004429,31.06,66.5327879422303
69012,-8.452645,-3.588636,3.988237,-0.010385,0.011454,-0.00504,31.06,66.5241333625001
69022,-8.459227,-3.600002,3.987041,-0.011454,0.011759,-0.005498,31,66.5543304350271
69032,-8.453244,-3.601198,3.994817,-0.011148,0.013286,-0.004429,31,66.5020750260385
69042,-8.460423,-3.593421,4.005585,-0.011148,0.014355,-0.004276,31.04,66.4537617516536
69052,-8.460423,-3.59402,3.993621,-0.01069,0.014508,-0.004887,31.04,66.5169984961459
69062,-8.46102,-3.603591,3.98405,-0.011148,0.014355,-0.005498,31.02,66.5769678906907
69072,-8.468798,-3.595814,3.986442,-0.010996,0.015272,-0.005956,31.01,66.5737714491048
69082,-8.462217,-3.589832,3.98405,-0.010996,0.014355,-0.005651,31.01,66.5672359508411
69092,-8.450851,-3.588636,3.979264,-0.011148,0.013592,-0.006109,31,66.5674922851697
69102,-8.46461,-3.601198,3.984648,-0.010843,0.013744,-0.006414,31,66.579207058121
69112,-8.454441,-3.602993,3.981059,-0.010996,0.013134,-0.006567,30.99,66.578371454032
69122,-8.457432,-3.598805,3.981657,-0.010843,0.012675,-0.006414,30.99,66.5777588326285
69132,-8.467003,-3.592225,3.980461,-0.010079,0.012675,-0.005956,31.01,66.5982039807781
69142,-8.460423,-3.596412,3.982255,-0.009927,0.011148,-0.006261,31.01,66.5787486753149
69152,-8.474779,-3.591029,3.982255,-0.010079,0.009927,-0.006261,31.05,66.6039831788822
69162,-8.455039,-3.595216,3.973282,-0.009316,0.009468,-0.006414,31.05,66.6135394734818
69172,-8.462217,-3.595814,3.975077,-0.009774,0.008705,-0.00672,30.99,66.6196450265837
69182,-8.461619,-3.598805,3.983452,-0.009621,0.007941,-0.006872,30.99,66.5770980526151
69192,-8.466404,-3.59402,3.972086,-0.008705,0.006567,-0.005803,31.02,66.6425001540743
69202,-8.460423,-3.599404,3.973282,-0.008247,0.005192,-0.005651,31.02,66.6285110072571
69212,-8.458031,-3.594618,3.986442,-0.008094,0.003971,-0.006567,31,66.5501738793655
69222,-8.457432,-3.597011,3.972684,-0.007941,0.002138,-0.006261,31,66.6232779725212
69232,-8.463414,-3.594618,3.975675,-0.007636,-0.000611,-0.006414,30.98,66.6179447619864
69242,-8.458628,-3.593421,3.968496,-0.007789,-0.001527,-0.006414,30.96,66.6445910390816
69252,-8.456235,-3.588037,3.969693,-0.007178,-0.002749,-0.005956,30.96,66.6285235672788
69262,-8.455039,-3.594618,3.971487,-0.007025,-0.003818,-0.005498,30.98,66.6224389480251
69272,-8.469396,-3.586243,3.969693,-0.00672,-0.005192,-0.006109,30.98,66.6544282268469
69282,-8.461619,-3.584448,3.964309,-0.007178,-0.006261,-0.006261,30.95,66.6648933617548
69292,-8.468199,-3.603591,3.97747,-0.006261,-0.00672,-0.006567,30.95,66.6264784188451
69302,-8.468798,-3.59402,3.982255,-0.006109,-0.008858,-0.006261,30.97,66.5941365648225
69312,-8.460423,-3.597609,3.98405,-0.006567,-0.009468,-0.005803,30.97,66.5703945295747
69322,-8.46461,-3.588636,3.975077,-0.00672,-0.010843,-0.005498,31.01,66.6182792231379
69332,-8.458628,-3.598805,3.972684,-0.006872,-0.011148,-0.005803,31.01,66.6273706218872
69342,-8.461619,-3.601198,3.986442,-0.006109,-0.011606,-0.006109,31,66.5635431516721
69354,-8.458031,-3.58744,3.98405,-0.006567,-0.01237,-0.005345,31,66.5563424208844
69362,-8.461619,-3.582056,3.985246,-0.006414,-0.013439,-0.005498,31,66.5528033742395
69372,-8.465208,-3.596412,3.988835,-0.006567,-0.013744,-0.004429,31,66.5542455427705
69382,-8.46461,-3.591627,3.98405,-0.00672,-0.014508,-0.005345,31.02,66.5738387914693
69392,-8.464012,-3.598805,3.991228,-0.007025,-0.014508,-0.005956,31.02,66.5413248623576
69402,-8.462217,-3.581457,3.987639,-0.00672,-0.014203,-0.00504,30.99,66.5409677593987
69412,-8.457432,-3.608975,3.988237,-0.007178,-0.013897,-0.004734,30.98,66.5523030846888
69422,-8.462217,-3.599404,3.996612,-0.007483,-0.013286,-0.004581,30.98,66.5098779766141
69432,-8.449656,-3.591627,3.994219,-0.00672,-0.012523,-0.004887,31.05,66.4891298319206
69442,-8.455637,-3.586841,4.006782,-0.007025,-0.012217,-0.00504,31.05,66.4315522436004
69452,-8.464012,-3.591029,4.00379,-0.007789,-0.011301,-0.004887,31.02,66.4685705976047
69462,-8.46102,-3.598805,3.999603,-0.007789,-0.009316,-0.004276,31.02,66.4911601891331
69472,-8.457432,-3.600002,4.001398,-0.008552,-0.007636,-0.004429,31.02,66.4752942984587
69482,-8.458628,-3.602395,4.003192,-0.00901,-0.006567,-0.005498,31.02,66.4705432260745
69492,-8.453244,-3.601198,3.99721,-0.009316,-0.00504,-0.005345,30.98,66.489526427915
69502,-8.449656,-3.601198,4.006183,-0.00901,-0.002749,-0.00504,30.98,66.4349513407964
69512,-8.457432,-3.589234,3.998407,-0.009163,-0.000611,-0.005651,31,66.4813625301273
69522,-8.450253,-3.592823,4.002594,-0.009163,0.001527,-0.004887,31,66.4475232231967
69532,-8.460423,-3.591029,4.004389,-0.009468,0.002749,-0.004734,30.98,66.4578934838202
69542,-8.442476,-3.592225,3.99721,-0.009774,0.004887,-0.004734,30.98,66.4588719216858
69552,-8.446664,-3.600002,4.005585,-0.009774,0.006414,-0.005651,31,66.4307203738852
69562,-8.459227,-3.59043,3.994817,-0.010232,0.008858,-0.004887,31,66.5050209898088
69572,-8.452048,-3.58744,3.99721,-0.010537,0.010537,-0.004734,31,66.4747265586655
69582,-8.453843,-3.588037,3.994219,-0.010843,0.013286,-0.005192,31.03,66.4947221390832
69592,-8.445468,-3.599404,3.987041,-0.011148,0.014355,-0.005803,31.03,66.5249643780212
69602,-8.452645,-3.599404,3.995416,-0.011301,0.015424,-0.005192,31.02,66.4960736531023
69612,-8.456833,-3.595216,3.993621,-0.010385,0.016188,-0.005956,31.02,66.510535694298
69622,-8.454441,-3.609573,3.991228,-0.011148,0.016188,-0.005651,31.01,66.5308912674465
69632,-8.458031,-3.603591,3.991228,-0.010843,0.016646,-0.005651,31.01,66.533066422408
69642,-8.458628,-3.594618,3.988835,-0.010996,0.017562,-0.006414,31,66.5388696408075
69652,-8.449057,-3.597011,3.979264,-0.011148,0.01741,-0.005498,31,66.5711942926363
69662,-8.453843,-3.58385,3.984648,-0.011148,0.01741,-0.005192,30.97,66.5412295067674
69672,-8.465208,-3.594618,3.982255,-0.011606,0.016646,-0.006414,30.97,66.5871624185755
69682,-8.459227,-3.597011,3.981059,-0.011301,0.016799,-0.005956,30.99,66.5830562792737
69692,-8.466404,-3.594618,3.98405,-0.01069,0.016952,-0.005803,30.99,66.5802472898718
69702,-8.462815,-3.589832,3.975675,-0.011148,0.016188,-0.006109,31,66.6124475486626
69712,-8.449656,-3.588037,3.980461,-0.010843,0.015119,-0.00672,31,66.5581653142654
69722,-8.458031,-3.591029,3.971487,-0.011606,0.014508,-0.00672,31,66.625505745727
69732,-8.466404,-3.591627,3.972684,-0.010079,0.012981,-0.005498,31,66.6372406620795
69742,-8.468798,-3.602395,3.973282,-0.009927,0.011759,-0.005956,31.03,66.6486396910773
69752,-8.468199,-3.582056,3.970291,-0.009774,0.010079,-0.004887,30.99,66.6450886197063
69762,-8.463414,-3.598805,3.980461,-0.009316,0.008399,-0.005651,30.99,66.5965439920705
69772,-8.468798,-3.588636,3.972086,-0.009468,0.006567,-0.006261,31,66.6427308199448
69782,-8.462217,-3.600002,3.968496,-0.009316,0.00504,-0.006261,31,66.6579203193767
69792,-8.465208,-3.598805,3.9673,-0.008705,0.004123,-0.006109,31.02,66.6693770258584
69802,-8.471789,-3.591627,3.964907,-0.007941,0.002443,-0.005651,31.02,66.6893085539692
69812,-8.468199,-3.598805,3.975675,-0.007941,0.000611,-0.006872,30.95,66.6316495754155
69822,-8.460423,-3.593421,3.975077,-0.007636,-0.000611,-0.005345,30.95,66.6137719137712
69832,-8.463414,-3.597609,3.968496,-0.007789,-0.002291,-0.00504,30.98,66.658294463207
69842,-8.46102,-3.595814,3.971487,-0.007636,-0.003971,-0.005498,30.98,66.6359966650796
69852,-8.464012,-3.59043,3.972684,-0.007483,-0.00504,-0.005345,31.03,66.6311847996554
69862,-8.459825,-3.595216,3.969095,-0.007636,-0.00733,-0.005345,31.03,66.645535824022
69872,-8.455039,-3.593421,3.979862,-0.007178,-0.008094,-0.005192,30.97,66.5773822222272
69882,-8.459227,-3.59402,3.975077,-0.00672,-0.009927,-0.005345,30.97,66.6118037990037
69892,-8.472386,-3.598805,3.968496,-0.007483,-0.010996,-0.005803,31.04,66.6780542760021
69902,-8.456833,-3.6006,3.972684,-0.00672,-0.011912,-0.006109,31.04,66.6252171436062
69912,-8.459227,-3.600002,3.966702,-0.007483,-0.012828,-0.005803,30.98,66.6611079586232
69922,-8.46102,-3.602395,3.982255,-0.007025,-0.013286,-0.005192,30.98,66.5853200298112
69932,-8.46461,-3.604787,3.983452,-0.00733,-0.01405,-0.004429,31.04,66.5886720365156
69942,-8.465208,-3.59402,3.98405,-0.007483,-0.014813,-0.004887,30.97,66.5772148360971
69952,-8.459825,-3.591627,3.984648,-0.007636,-0.014508,-0.004581,30.97,66.5606842584485
69962,-8.441879,-3.59402,3.980461,-0.007636,-0.014813,-0.00504,31.01,66.5471898192856
69972,-8.454441,-3.597609,3.988835,-0.00733,-0.014813,-0.005498,31.01,66.5327604581263
69982,-8.447262,-3.596412,3.988237,-0.00672,-0.013134,-0.00504,31,66.5197748962491
69992,-8.455637,-3.596412,3.987041,-0.007178,-0.01405,-0.004734,31,66.5436132232893
70002,-8.451449,-3.595216,3.991228,-0.00733,-0.012981,-0.004734,31.03,66.5117938249479
70012,-8.451449,-3.596412,3.994817,-0.00733,-0.010996,-0.00504,31.03,66.4940318498721
70022,-8.447861,-3.59402,3.986442,-0.007483,-0.010537,-0.004887,30.98,66.5283202674326
70032,-8.447262,-3.59043,4.004389,-0.00733,-0.009468,-0.005192,30.98,66.4296751678587
70042,-8.455039,-3.595216,3.994219,-0.00733,-0.007636,-0.004581,30.98,66.5036356617841
70052,-8.446664,-3.591627,3.991228,-0.007636,-0.006567,-0.004734,30.98,66.4985425232712
70062,-8.459227,-3.586243,4.012764,-0.007941,-0.00504,-0.005345,30.96,66.4072372466239
70072,-8.441879,-3.59043,3.994817,-0.008552,-0.002902,-0.00504,30.96,66.4685709517403
70082,-8.447262,-3.596412,4.0008,-0.008705,-0.001985,-0.00504,30.99,66.4538521264152
70092,-8.450851,-3.595216,3.999603,-0.007636,0.00168,-0.005651,30.99,66.4666045514146
70102,-8.444869,-3.595814,3.993621,-0.009316,0.002902,-0.005956,31,66.4859530220887
70112,-8.450851,-3.592225,4.002594,-0.008858,0.004887,-0.005651,30.97,66.4482463194272
70122,-8.450851,-3.58744,3.988835,-0.009621,0.00672,-0.005192,30.97,66.5161626669797
70132,-8.451449,-3.59043,4.0008,-0.009927,0.007483,-0.006872,31.02,66.4573070394961
70142,-8.441879,-3.589832,3.995416,-0.009316,0.009163,-0.005956,31.02,66.4648911062793
70152,-8.44427,-3.591029,3.991827,-0.009468,0.010232,-0.006872,31,66.4898328344751
70162,-8.452048,-3.603591,3.999603,-0.009621,0.011148,-0.005498,31,66.4766104554023
70172,-8.455039,-3.586243,3.992425,-0.010232,0.011454,-0.005498,30.95,66.5050479288611
70182,-8.464012,-3.597011,3.99063,-0.010385,0.013134,-0.005956,30.95,66.542863325022
70192,-8.450851,-3.597011,3.994219,-0.01069,0.013744,-0.005498,30.99,66.4964487057742
70202,-8.458031,-3.588636,3.982255,-0.010537,0.014966,-0.005803,30.99,66.5668283248763
70212,-8.453843,-3.593421,3.994219,-0.010232,0.014355,-0.005498,31.01,66.4995239797592
70222,-8.456235,-3.592823,3.989433,-0.010385,0.014355,-0.005345,31.01,66.5291175481874
70232,-8.447861,-3.592225,3.975077,-0.010537,0.014203,-0.005651,31.01,66.5864248840559
70242,-8.462217,-3.595814,3.985246,-0.010232,0.014355,-0.006109,31.01,66.5662772301938
70252,-8.454441,-3.593421,3.97388,-0.010385,0.014813,-0.006261,31,66.6075513729966
70262,-8.450851,-3.589832,3.986442,-0.010843,0.014661,-0.005498,31,66.5308582164729
70272,-8.460423,-3.6006,3.991827,-0.008858,0.012828,-0.005803,31,66.5322679099135
70282,-8.454441,-3.593421,3.979862,-0.009163,0.012217,-0.006261,31,66.576130190693
70292,-8.456235,-3.596412,3.979264,-0.009163,0.011454,-0.006109,31,66.5856868394719
70302,-8.466404,-3.589234,3.964907,-0.009774,0.010079,-0.006261,31.02,66.6759687869999
70312,-8.453244,-3.601198,3.976871,-0.009621,0.008552,-0.005192,31.02,66.5962577865501
70322,-8.472985,-3.598207,3.979264,-0.010079,0.007941,-0.006109,31,66.6222789979744
70332,-8.453843,-3.59402,3.98405,-0.009774,0.007178,-0.005345,31,66.5534216120008
70342,-8.465807,-3.604189,3.982255,-0.009774,0.005345,-0.005498,31.01,66.596918241683
70352,-8.467003,-3.597011,3.976273,-0.009621,0.004276,-0.005651,31.01,66.6244242528584
70362,-8.462815,-3.594618,3.972086,-0.009316,0.003207,-0.00504,31,66.6355379382214
70372,-8.462217,-3.598805,3.971487,-0.009621,0.001985,-0.004887,31,66.6411500245579
70382,-8.466404,-3.595814,3.966702,-0.009468,0.000611,-0.005192,31,66.6723615146966
70392,-8.461619,-3.6006,3.969693,-0.009468,0.000153,-0.005345,31,66.6509168877915
70402,-8.460423,-3.602395,3.978666,-0.008552,-0.001527,-0.005345,30.96,66.6029056252203
70412,-8.46102,-3.59043,3.97388,-0.008858,-0.003665,-0.005345,30.96,66.6186517466399
70422,-8.47119,-3.601198,3.974478,-0.008858,-0.003665,-0.00504,30.98,66.6462898490721
70432,-8.452645,-3.604787,3.973282,-0.00901,-0.00504,-0.004734,30.98,66.6170543599037
70442,-8.465807,-3.596412,3.974478,-0.008552,-0.007789,-0.00504,31.04,66.6308171571426
70452,-8.467602,-3.592225,3.978666,-0.008552,-0.007941,-0.00504,31.01,66.6088743065608
70462,-8.46461,-3.592225,3.982255,-0.008247,-0.008399,-0.004581,31.01,66.58378729112
70472,-8.456235,-3.599404,3.976273,-0.007483,-0.009316,-0.003971,31,66.6040547164268
70482,-8.453843,-3.592823,3.988237,-0.007025,-0.009774,-0.004887,31,66.5303776107998
70492,-8.459227,-3.58744,3.97747,-0.00672,-0.009774,-0.004581,31,66.5933947890287
70502,-8.460423,-3.6006,3.978666,-0.006872,-0.010843,-0.005956,31,66.6013089823612
70512,-8.456235,-3.592823,3.987639,-0.007178,-0.010996,-0.004429,31.02,66.5385310301618
70522,-8.455637,-3.597011,3.989433,-0.007789,-0.010996,-0.005498,31.02,66.5315964733492
70532,-8.453244,-3.6006,3.996014,-0.007941,-0.010385,-0.005803,30.98,66.4952633274545
70542,-8.453843,-3.597011,3.989433,-0.008247,-0.010385,-0.00504,30.98,66.5278357517949
70552,-8.453843,-3.591029,3.982853,-0.007483,-0.009774,-0.006261,30.98,66.5570426720583
70562,-8.450253,-3.591627,3.994817,-0.008552,-0.008858,-0.005956,30.98,66.4872462814394
70572,-8.452048,-3.58744,3.988835,-0.007941,-0.008858,-0.005192,31,66.5186756430508
70582,-8.458031,-3.595216,3.988835,-0.008094,-0.008552,-0.005345,31,66.5381512405638
70592,-8.461619,-3.589832,3.997808,-0.007178,-0.007483,-0.005651,31.04,66.4938268851505
70602,-8.443673,-3.592823,3.993023,-0.007178,-0.006872,-0.005651,31.04,66.4839029131982
70612,-8.454441,-3.595814,3.997808,-0.007789,-0.004276,-0.007025,31,66.4840927953023
70622,-8.456235,-3.597011,3.993621,-0.007636,-0.003512,-0.005651,31,66.5108824367188
70632,-8.450851,-3.58744,3.994817,-0.007941,-0.003054,-0.005803,31,66.4847656515293
70642,-8.462217,-3.592225,3.999005,-0.008399,-0.001985,-0.005498,30.99,66.4909392748961
70652,-8.446664,-3.595814,3.998407,-0.007636,0,-0.004734,30.99,66.4646117301309
70662,-8.455039,-3.59402,4.003192,-0.008247,0.000153,-0.006414,30.97,66.4555213756319
70672,-8.448458,-3.588636,3.989433,-0.008247,0.001833,-0.005498,30.97,66.5090644964939
70682,-8.46102,-3.597011,4.004987,-0.007941,0.002596,-0.005192,31,66.4613525205339
70692,-8.458628,-3.594618,3.995416,-0.008247,0.00336,-0.006109,31,66.5043551020854
70702,-8.456235,-3.586243,3.996014,-0.008552,0.004429,-0.005651,30.99,66.4887318143853
70712,-8.447861,-3.599404,3.994817,-0.009163,0.005651,-0.004734,30.99,66.4891734035534
70722,-8.452048,-3.589234,3.996612,-0.009316,0.00672,-0.005803,30.99,66.4794644974473
70732,-8.441879,-3.586243,3.997808,-0.00901,0.007789,-0.005651,30.99,66.449122676633
70742,-8.442476,-3.585645,3.994817,-0.009468,0.008858,-0.00504,31,66.4655476797234
70752,-8.465807,-3.588037,3.987639,-0.009163,0.009316,-0.005192,31,66.5543312706337
70762,-8.450851,-3.589832,3.99063,-0.010079,0.010232,-0.005956,31.02,66.5088729244096
70772,-8.452645,-3.595814,3.987041,-0.009927,0.010385,-0.006109,31.02,66.5368094077312
70782,-8.452048,-3.605984,3.993023,-0.010232,0.01069,-0.005651,30.98,66.5132545192102
70792,-8.449057,-3.597011,3.988237,-0.010232,0.012065,-0.005498,31.02,66.5240758246929
70802,-8.451449,-3.601796,3.99063,-0.010232,0.011606,-0.005192,31.02,66.5208080457981
70812,-8.464012,-3.592823,3.979862,-0.010537,0.010996,-0.005803,30.99,66.5956246577315
70822,-8.455039,-3.594618,3.985246,-0.010232,0.010232,-0.006414,30.99,66.5501821920083
70832,-8.458628,-3.591029,3.985246,-0.010537,0.010996,-0.005345,31.01,66.5545070147615
70842,-8.457432,-3.592225,3.978068,-0.010232,0.011454,-0.00504,31.01,66.5907479488403
70852,-8.455039,-3.598207,3.987041,-0.010537,0.010385,-0.005803,30.99,66.5439603487253
70862,-8.448458,-3.597011,3.978666,-0.010996,0.009774,-0.005345,30.99,66.5730811861115
70872,-8.455039,-3.592823,3.979264,-0.010079,0.009621,-0.005498,31,66.5799904770185
70882,-8.464012,-3.595814,3.992425,-0.01069,0.008552,-0.005956,31,66.5323876596464
70892,-8.455039,-3.594618,3.973282,-0.010537,0.00733,-0.005345,31.01,66.613007851598
70902,-8.462217,-3.597011,3.972684,-0.010232,0.006414,-0.005498,31.01,66.6332721844158
70912,-8.452645,-3.594618,3.983452,-0.009621,0.006261,-0.005192,31.04,66.5545836901556
70922,-8.456833,-3.589234,3.97388,-0.009774,0.005192,-0.004581,31.04,66.6088350304092
70932,-8.470592,-3.597609,3.987041,-0.009927,0.003971,-0.00504,31,66.5759754797436
70942,-8.456235,-3.59402,3.97747,-0.009468,0.003665,-0.004581,31,66.5929795025162
70952,-8.462217,-3.591627,3.981059,-0.01069,0.00168,-0.005956,30.98,66.5845264456709
70962,-8.469995,-3.593421,3.974478,-0.009927,0.001222,-0.004734,30.99,66.6369082350484
70972,-8.459825,-3.604189,3.970291,-0.010079,-0.000305,-0.004429,30.99,66.6472216250864
70982,-8.465208,-3.586841,3.979862,-0.010079,-0.00168,-0.005192,31.02,66.592820115287
70992,-8.452645,-3.597609,3.983452,-0.008858,-0.002291,-0.00504,31.02,66.5572495803776
71002,-8.461619,-3.59402,3.971487,-0.008858,-0.00336,-0.004734,30.99,66.6356558466364
71012,-8.460423,-3.594618,3.98405,-0.008247,-0.00336,-0.004276,30.99,66.5677339329697
71022,-8.461619,-3.597011,3.981657,-0.008552,-0.004734,-0.00504,30.98,66.584921021907
71032,-8.461619,-3.592225,3.984648,-0.008094,-0.005651,-0.004887,30.98,66.5649722855505
71042,-8.462217,-3.594618,3.987041,-0.008552,-0.006261,-0.00504,31.01,66.5557976244871
71052,-8.451449,-3.586841,3.978068,-0.007941,-0.006414,-0.00504,31.01,66.5734322242891
71062,-8.449656,-3.597011,3.985844,-0.008705,-0.006872,-0.00504,31.04,66.5378944273165
71072,-8.461619,-3.59402,3.988237,-0.008094,-0.007178,-0.004734,31.04,66.5477401147414
71082,-8.451449,-3.599404,3.981059,-0.007941,-0.00733,-0.004734,30.99,66.5689097232694
71092,-8.455637,-3.591627,3.980461,-0.008399,-0.008247,-0.005956,30.99,66.5738929461369
71102,-8.455637,-3.597011,3.985246,-0.007941,-0.008705,-0.006261,31,66.5535668243865
71112,-8.455637,-3.601796,3.979862,-0.007941,-0.008705,-0.005345,31,66.5860900367276
71122,-8.449656,-3.594618,3.99063,-0.007941,-0.007636,-0.005498,31.02,66.5106353481614
71132,-8.449656,-3.6006,3.98405,-0.007636,-0.007025,-0.005345,31.02,66.5505168874789
71142,-8.449656,-3.598207,3.988237,-0.008399,-0.006261,-0.005803,31.04,66.5264002476512
71152,-8.458628,-3.60718,3.984648,-0.008247,-0.005803,-0.006261,31.01,66.5720276873334
71162,-8.447861,-3.591627,3.993023,-0.008094,-0.00504,-0.005956,31.01,66.4916351504929
71172,-8.458031,-3.597609,3.993621,-0.008247,-0.004581,-0.006414,31.03,66.5151819534857
71182,-8.452645,-3.598805,4.000201,-0.007941,-0.003818,-0.006567,31.03,66.470447268474
71192,-8.453244,-3.600002,3.987639,-0.007636,-0.002291,-0.006261,30.99,66.538662536323
71202,-8.46102,-3.599404,3.987639,-0.008399,-0.001222,-0.006872,30.99,66.5544142571216
71212,-8.453843,-3.592823,3.988237,-0.008705,-0.000611,-0.006567,31.01,66.5303776107998
71222,-8.458031,-3.59043,3.999603,-0.008247,0.000458,-0.006872,31.01,66.4774166666304
71232,-8.458628,-3.58744,3.991827,-0.007941,0.002291,-0.006414,31.01,66.5167843022479
71242,-8.458628,-3.592225,3.99063,-0.008094,0.003054,-0.005498,31.01,66.5273226964838
71252,-8.462217,-3.592225,3.992425,-0.008094,0.003512,-0.005803,31.01,66.5254326555311
71262,-8.452645,-3.579065,3.997808,-0.007789,0.003971,-0.006261,31.01,66.4653774662584
71272,-8.448458,-3.595814,3.989433,-0.008247,0.004581,-0.006261,31,66.5154719623651
71282,-8.451449,-3.598805,3.993621,-0.009316,0.005803,-0.004887,31,66.5024438814369
71292,-8.46102,-3.592823,3.991827,-0.008858,0.005956,-0.005803,31,66.5265915640848
71302,-8.455039,-3.59402,4.000201,-0.008858,0.005803,-0.005956,31,66.4712000617584
71312,-8.456833,-3.595216,3.988237,-0.009468,0.007025,-0.005956,30.96,66.5387781398294
71322,-8.46102,-3.591029,3.99063,-0.009468,0.007178,-0.006261,30.99,66.5312727960616
71332,-8.447262,-3.588037,3.993621,-0.008705,0.007636,-0.005498,30.99,66.4840312202198
71342,-8.453244,-3.592225,3.979862,-0.009621,0.008094,-0.005192,30.95,66.5725590982153
71355,-8.447861,-3.592823,3.985844,-0.009163,0.008094,-0.004581,30.95,66.5303921504045
71362,-8.456833,-3.586841,3.990032,-0.009163,0.007789,-0.005803,30.98,66.5219024408955
71372,-8.447861,-3.601198,3.985246,-0.009927,0.007483,-0.004276,30.98,66.5410101960863
71382,-8.458628,-3.598207,3.985844,-0.010385,0.007025,-0.004887,31.02,66.5577573468585
71392,-8.472386,-3.592823,3.976273,-0.010232,0.007789,-0.005651,31.02,66.6319500086972
71402,-8.470592,-3.602395,3.978666,-0.009468,0.007483,-0.003665,31.03,66.6241358151242
71412,-8.459825,-3.596412,3.979862,-0.010232,0.00672,-0.004429,31.03,66.590057189374
71422,-8.459227,-3.597609,3.969693,-0.009316,0.005192,-0.003818,30.99,66.6432697226232
71432,-8.450851,-3.592225,3.987041,-0.009316,0.006109,-0.004276,30.99,66.5298467146607
71442,-8.451449,-3.6006,3.983452,-0.009468,0.005345,-0.003512,31.01,66.5574122095369
71452,-8.457432,-3.592823,3.981059,-0.010385,0.004734,-0.004429,31.01,66.5755751703665
71462,-8.462815,-3.594618,3.983452,-0.010385,0.004123,-0.005345,31,66.5758772337723
71472,-8.458628,-3.592225,3.987041,-0.010232,0.002749,-0.004887,31,66.5461517040553
71482,-8.452645,-3.602993,3.984648,-0.010843,0.002138,-0.004123,31,66.5557740719074
71492,-8.472386,-3.582654,3.978666,-0.009927,0.002291,-0.003207,30.99,66.6104004107556
71502,-8.46102,-3.591029,3.978666,-0.009927,0.001222,-0.003665,30.99,66.5940524392392
71512,-8.451449,-3.59043,3.984648,-0.009774,0.000764,-0.004276,30.99,66.5420652368527
71522,-8.458628,-3.591029,3.976273,-0.009163,-0.000153,-0.003512,30.99,66.6016140032436
71532,-8.456833,-3.586243,3.981059,-0.009316,-0.001222,-0.004276,31,66.5684716990283
71542,-8.459825,-3.596412,3.979264,-0.009774,-0.000916,-0.004887,31,66.5931961541473
71552,-8.462217,-3.592225,3.982853,-0.008858,-0.001985,-0.004734,30.99,66.5756427814743
71562,-8.465807,-3.593421,3.978666,-0.009163,-0.001985,-0.004123,30.99,66.6061839330773
71572,-8.459825,-3.588037,3.985844,-0.009316,-0.002902,-0.004734,30.94,66.5512166562135
71582,-8.462217,-3.58744,3.988237,-0.008858,-0.001833,-0.004429,30.94,66.5431431644745
71592,-8.459825,-3.59043,3.978068,-0.008552,-0.003207,-0.005345,31.01,66.5941602973692
71602,-8.449057,-3.595216,3.996014,-0.008858,-0.00336,-0.005345,31.01,66.4816600469632
71612,-8.450851,-3.593421,3.99063,-0.007789,-0.00336,-0.005498,30.96,66.5120749380562
71622,-8.455637,-3.591627,3.981657,-0.00901,-0.004429,-0.005345,30.96,66.5676130859616
71632,-8.456833,-3.592225,3.976273,-0.008705,-0.004276,-0.006414,30.96,66.5989215049837
71642,-8.460423,-3.588037,3.990032,-0.007941,-0.004581,-0.006109,30.96,66.5304966396851
71652,-8.456235,-3.593421,3.979264,-0.008705,-0.003971,-0.005192,31.02,66.5830259575139
71662,-8.448458,-3.596412,3.978666,-0.008399,-0.003971,-0.005956,31.03,66.5725470804774
71672,-8.465208,-3.599404,3.991228,-0.008552,-0.003818,-0.005956,31.03,66.5443616111205
71682,-8.452645,-3.591627,3.991228,-0.008858,-0.00336,-0.006872,31.01,66.5111015333394
71692,-8.443673,-3.58744,3.98405,-0.007941,-0.003207,-0.007178,31.01,66.5262212793247
71702,-8.450253,-3.597011,3.989433,-0.007483,-0.002596,-0.005956,31,66.5203070684068
71712,-8.458628,-3.594618,3.987639,-0.008094,-0.003207,-0.007025,31,66.5451440900645
71722,-8.453244,-3.59043,3.994817,-0.008552,-0.002138,-0.006261,31,66.4924608024034
71732,-8.457432,-3.598805,3.987041,-0.007789,-0.000916,-0.006414,31,66.5495057238329
71742,-8.454441,-3.602395,3.991228,-0.008247,-0.000458,-0.007025,30.99,66.5244777234308
71752,-8.453244,-3.593421,3.992425,-0.008858,0.000305,-0.006567,30.99,66.5076781991076
71762,-8.446067,-3.59402,3.986442,-0.009163,0.000458,-0.00672,30.96,66.5245557832815
71772,-8.453843,-3.596412,3.986442,-0.009163,0.001069,-0.00672,30.96,66.5429974936223
71782,-8.465208,-3.595216,3.997808,-0.008094,0.001833,-0.006872,31.01,66.506149092763
71792,-8.448458,-3.594618,3.995416,-0.008552,0.001374,-0.007941,31.01,66.4830044699482
71802,-8.452048,-3.589234,3.984648,-0.008399,0.002596,-0.00672,30.99,66.5422560963404
71812,-8.459227,-3.595216,3.976871,-0.00901,0.00336,-0.007636,30.99,66.6034458333803
71822,-8.453843,-3.589234,3.98405,-0.008858,0.004429,-0.006261,30.98,66.549159903494
71832,-8.456833,-3.592823,3.987041,-0.008552,0.004887,-0.00672,30.98,66.5429224777222
71842,-8.44427,-3.596412,3.974478,-0.00901,0.005345,-0.006261,30.98,66.5857843385603
71852,-8.449656,-3.59402,3.987041,-0.009316,0.005803,-0.006109,31,66.5289410037719
71862,-8.466404,-3.598207,3.991827,-0.009621,0.006109,-0.006414,31,66.5426601817703
71872,-8.469396,-3.602395,3.976871,-0.010079,0.005651,-0.006261,30.98,66.6310562318184
71882,-8.458628,-3.594618,3.985844,-0.009774,0.006261,-0.005803,30.98,66.5545621291857
71892,-8.466404,-3.58744,3.979264,-0.010232,0.006109,-0.005803,31.02,66.5989910624305
71902,-8.451449,-3.597011,3.988835,-0.009774,0.00672,-0.005956,31.02,66.5259540060666
71912,-8.466404,-3.58744,3.979264,-0.01069,0.007178,-0.005651,31,66.5989910624305
71922,-8.468798,-3.600002,3.976273,-0.010079,0.00733,-0.005345,31,66.6308232579128
71932,-8.447861,-3.600002,3.978666,-0.009774,0.006261,-0.005803,31.01,66.5744989521819
71942,-8.459825,-3.6006,3.985246,-0.010232,0.007025,-0.005192,31.01,66.5655309068348
71952,-8.469396,-3.595814,3.982853,-0.010385,0.007789,-0.004581,31.02,66.5938412821373
71962,-8.459825,-3.600002,3.978068,-0.010996,0.007025,-0.005192,31.02,66.6026662832037
71972,-8.459227,-3.592225,3.979862,-0.01069,0.00733,-0.004887,30.99,66.585084585329
71982,-8.456235,-3.595814,3.97388,-0.01069,0.006414,-0.003971,30.99,66.6134300721815
71992,-8.468199,-3.59043,3.970889,-0.010079,0.006567,-0.004123,31,66.6493524695357
72002,-8.453244,-3.596412,3.97388,-0.01069,0.00504,-0.004581,31,66.6077080124031
72012,-8.456235,-3.597011,3.979862,-0.01069,0.004734,-0.005192,31,66.5830802021693
72022,-8.463414,-3.595814,3.968496,-0.010843,0.005956,-0.004123,31.03,66.6567031450076
72032,-8.457432,-3.588037,3.973282,-0.010079,0.00504,-0.004123,31.03,66.6121672872864
72042,-8.474779,-3.592225,3.97747,-0.009927,0.004429,-0.003665,31.01,66.63013556663
72052,-8.446664,-3.585645,3.97747,-0.01069,0.003818,-0.003971,31.01,66.5654790739162
72062,-8.445468,-3.595814,3.986442,-0.010385,0.003971,-0.004123,31.03,66.5249012256105
72072,-8.463414,-3.600002,3.976273,-0.009468,0.003971,-0.003512,31.03,66.6195854583796
72082,-8.456833,-3.597011,3.970889,-0.009163,0.00336,-0.003665,31.02,66.6314560853436
72092,-8.463414,-3.6006,3.98405,-0.009621,0.00168,-0.003971,31.02,66.5793112873667
72102,-8.461619,-3.597011,3.979862,-0.009316,0.00168,-0.004123,31.03,66.5943409491531
72112,-8.465208,-3.589234,3.969693,-0.009316,0.001069,-0.004429,31.03,66.6483315399434
72122,-8.464012,-3.58385,3.967898,-0.009163,0.001069,-0.004734,31,66.6504999912694
72132,-8.465807,-3.59402,3.974478,-0.008705,-0.000153,-0.004734,31,66.6286962752347
72142,-8.463414,-3.586841,3.976273,-0.008399,-0.00168,-0.004276,31.04,66.6079084996079
72152,-8.465208,-3.588636,3.972684,-0.007789,-0.002138,-0.004734,31.04,66.6320939650803
72162,-8.455637,-3.601198,3.978068,-0.007483,-0.001985,-0.004581,30.99,66.5949760542458
72172,-8.455039,-3.582654,3.981657,-0.007789,-0.003665,-0.005651,30.99,66.5583822266118
72182,-8.458031,-3.593421,3.979862,-0.007178,-0.003971,-0.004581,30.98,66.5836448741597
72192,-8.445468,-3.597011,3.979862,-0.007636,-0.003818,-0.00504,30.99,66.5605334066863
72202,-8.465208,-3.581457,3.979862,-0.007483,-0.00504,-0.005192,30.99,66.5880498581262
72212,-8.461619,-3.6006,3.978666,-0.006872,-0.005345,-0.006109,31.02,66.6038081130577
72222,-8.467003,-3.59043,3.986442,-0.006872,-0.006109,-0.005803,31.02,66.5652370750711
72232,-8.46461,-3.605386,3.97747,-0.007025,-0.005956,-0.005345,31.03,66.6205844099778
72242,-8.447262,-3.592823,3.987041,-0.006872,-0.006414,-0.005956,31.03,66.5228494877472
72252,-8.462217,-3.601796,3.972684,-0.00672,-0.006261,-0.005956,31,66.6375205282897
72262,-8.464012,-3.599404,3.980461,-0.006872,-0.006414,-0.006261,31,66.5983259434462
72272,-8.46102,-3.58744,3.976871,-0.007636,-0.005651,-0.006414,31,66.6002921386745
72282,-8.446067,-3.592823,3.983452,-0.007178,-0.005498,-0.006109,31,66.5391914674986
72292,-8.457432,-3.59402,3.982853,-0.006567,-0.005498,-0.005956,31.01,66.5672224764127
72302,-8.459227,-3.598207,3.985246,-0.00733,-0.005651,-0.006109,31.01,66.5621487230922
72312,-8.454441,-3.595216,3.988835,-0.007025,-0.005498,-0.00672,31.04,66.530626524922
72322,-8.465807,-3.596412,3.995416,-0.007483,-0.004581,-0.007025,31.04,66.5210033273268
72332,-8.453843,-3.594618,3.984648,-0.007483,-0.004734,-0.007178,31.02,66.5508151163723
72342,-8.451449,-3.584448,3.988237,-0.00672,-0.002749,-0.00672,31.02,66.5178921356322
72352,-8.455637,-3.594618,3.984648,-0.007178,-0.001985,-0.007025,31.03,66.5545737841888
72362,-8.453244,-3.591627,3.997808,-0.007483,-0.00168,-0.007025,31.01,66.4778402819657
72372,-8.459227,-3.583252,3.984648,-0.008247,-0.000611,-0.006109,31.01,66.5519894513142
72382,-8.449057,-3.59402,3.993023,-0.007025,0.000458,-0.006567,31.02,66.4962850510748
72392,-8.459825,-3.59402,3.987639,-0.008094,0.000916,-0.005956,31.02,66.5471193584926
72402,-8.455637,-3.601198,4.003192,-0.008247,0.001069,-0.006261,31.01,66.4631940159787
72412,-8.454441,-3.59402,3.993023,-0.008705,0.002138,-0.006567,31.01,66.5075872830832
72422,-8.460423,-3.60718,3.98405,-0.00901,0.002749,-0.005803,30.99,66.5789170096647
72432,-8.457432,-3.595216,3.993621,-0.008399,0.00336,-0.006567,30.99,66.5117920695436
72442,-8.453244,-3.60718,3.985844,-0.00901,0.003665,-0.006261,31,66.5544897644286
72452,-8.459227,-3.604189,3.994219,-0.00901,0.004276,-0.006414,31,66.5204236667839
72462,-8.460423,-3.593421,3.987639,-0.009163,0.004734,-0.006261,31,66.5478390107807
72472,-8.456833,-3.589832,3.994219,-0.009621,0.005803,-0.005651,31,66.5026001574498
72482,-8.455637,-3.596412,3.982853,-0.010079,0.005956,-0.005651,31.01,66.5655933832344
72492,-8.456235,-3.596412,3.988835,-0.009621,0.006109,-0.005651,31.01,66.5354531969866
72502,-8.458031,-3.598805,3.991827,-0.009774,0.006109,-0.005498,30.97,66.5256561885638
72512,-8.459227,-3.584448,3.990032,-0.009468,0.006567,-0.004887,30.97,66.5247969283772
72522,-8.469396,-3.603591,3.982853,-0.010385,0.007483,-0.005651,31,66.6007451754408
72532,-8.451449,-3.595216,3.983452,-0.010232,0.00672,-0.004734,30.99,66.5526104765844
72542,-8.456235,-3.599404,3.982853,-0.010232,0.00672,-0.005192,30.99,66.5695101228056
72552,-8.461619,-3.592823,3.988237,-0.010232,0.006567,-0.005345,30.99,66.5466753902561
72562,-8.464012,-3.593421,3.984648,-0.010232,0.006261,-0.005956,30.99,66.5710436080658
72572,-8.455039,-3.586243,3.986442,-0.010232,0.006567,-0.005803,31.01,66.5364482704519
72582,-8.458628,-3.58385,3.981059,-0.010843,0.006261,-0.005651,31.01,66.5701073274412
72592,-8.464012,-3.580859,3.973282,-0.010843,0.005498,-0.005192,30.99,66.6195693744193
72602,-8.459227,-3.601198,3.979862,-0.010843,0.005651,-0.004429,30.99,66.593063978652
72612,-8.466404,-3.597609,3.983452,-0.009774,0.005345,-0.003971,31,66.5860400150662
72622,-8.457432,-3.608975,3.972086,-0.009774,0.005651,-0.004429,31,66.6370601778574
72632,-8.47119,-3.600002,3.981657,-0.010537,0.00504,-0.005192,31,66.6075754878081
72642,-8.462815,-3.591627,3.975077,-0.009774,0.004276,-0.005498,31,66.6171793334046
72652,-8.462217,-3.597609,3.981657,-0.009468,0.004276,-0.00504,31,66.5867031449224
72662,-8.466404,-3.591029,3.985246,-0.009163,0.004581,-0.004887,31,66.5707880452634
72672,-8.458628,-3.591627,3.981657,-0.010079,0.004429,-0.005651,31.03,66.5738762954324
72682,-8.467003,-3.593421,3.981059,-0.009927,0.00336,-0.005498,31.03,66.5961273600372
72692,-8.451449,-3.592823,3.975077,-0.009316,0.002138,-0.005803,31.02,66.5944697640995
72702,-8.458628,-3.6006,3.985246,-0.009468,0.002749,-0.005956,30.99,66.563026181403
72712,-8.469995,-3.592823,3.976871,-0.00901,0.002596,-0.005803,30.99,66.6238212578032
72722,-8.454441,-3.594618,3.979264,-0.008705,0.001985,-0.005956,30.99,66.5803358308817
72732,-8.466404,-3.59043,3.98405,-0.008399,0.001985,-0.005803,30.99,66.5765300927963
72742,-8.458031,-3.6006,3.984648,-0.008399,0.001374,-0.005651,31.01,66.564914415478
72752,-8.46102,-3.600002,3.970889,-0.007636,0.001069,-0.006109,31.01,66.6428549460415
72762,-8.459227,-3.59402,3.982255,-0.008094,0.000458,-0.005803,30.98,66.5741188740486
72772,-8.474779,-3.592823,3.979264,-0.007636,0.000611,-0.005956,30.98,66.6212554259387
72782,-8.455637,-3.588636,3.979862,-0.008094,-0.000153,-0.00672,31.01,66.5743788571009
72792,-8.467003,-3.595216,3.984648,-0.007789,-0.000611,-0.005651,31.01,66.5788944452849
72802,-8.462217,-3.608377,3.983452,-0.006872,-0.001222,-0.004581,31.01,66.5868687886564
72812,-8.453244,-3.592823,3.982255,-0.007178,-0.001833,-0.005803,31.01,66.5605247764767
72822,-8.469396,-3.59043,3.9673,-0.007178,-0.002596,-0.005956,31,66.6706958861506
72832,-8.459825,-3.582654,3.981657,-0.007025,-0.003207,-0.005651,31,66.5684140100845
72842,-8.454441,-3.601796,3.981059,-0.006567,-0.003054,-0.005803,31.01,66.5773044213694
72852,-8.463414,-3.598207,3.975675,-0.006567,-0.003054,-0.006261,31.01,66.6211303003356
72862,-8.465807,-3.601796,3.996612,-0.007025,-0.003818,-0.005803,30.99,66.5195311335536
72872,-8.455637,-3.592823,3.982853,-0.006414,-0.004887,-0.006567,31.03,66.5623981766785
72882,-8.456235,-3.59043,3.979264,-0.006567,-0.004734,-0.005803,31.03,66.5803663807418
72892,-8.451449,-3.603591,3.98405,-0.00672,-0.004429,-0.005345,31,66.5569425002707
72902,-8.458628,-3.59402,3.981657,-0.006109,-0.004429,-0.005651,31,66.5760039544518
72912,-8.452048,-3.588636,3.984648,-0.006414,-0.004429,-0.005803,31.04,66.5417235292496
72922,-8.456833,-3.602395,3.987041,-0.007025,-0.004581,-0.005956,31.04,66.5514517742652
72932,-8.461619,-3.589234,3.987639,-0.007178,-0.004429,-0.006109,31.03,66.5466213987705
72942,-8.462815,-3.598207,3.988835,-0.007636,-0.003971,-0.006109,31.03,66.5508336222777
72952,-8.456235,-3.591627,3.990032,-0.00672,-0.004123,-0.005803,31,66.5249092795002
72962,-8.454441,-3.594618,3.987639,-0.006567,-0.003665,-0.005651,31,66.5363696416895
72972,-8.455637,-3.595216,3.982853,-0.00733,-0.003818,-0.006414,31,66.5645284023224
72982,-8.466404,-3.592225,3.995416,-0.00733,-0.00336,-0.006109,31,66.5185293841887
72992,-8.451449,-3.589234,3.987041,-0.00672,-0.002749,-0.006109,31,66.5284351046065
73002,-8.456235,-3.595216,3.985246,-0.007178,-0.002443,-0.00504,31,66.5532204344261
73012,-8.459227,-3.591627,3.98405,-0.008247,-0.001833,-0.006109,31.02,66.5625701818429
73022,-8.455039,-3.597011,3.993621,-0.008094,-0.001527,-0.00672,31.02,66.5083738314122
73032,-8.46461,-3.596412,3.98405,-0.008247,-0.001222,-0.005192,31.02,66.5780889668151
73042,-8.457432,-3.603591,3.982255,-0.008552,0.000611,-0.005651,31.01,66.5788831321832
73052,-8.463414,-3.598805,3.987041,-0.008552,0.001374,-0.006567,31.01,66.5620272430801
73062,-8.455637,-3.589234,3.993023,-0.008858,0.001374,-0.006872,31,66.5058305132669
73072,-8.451449,-3.602395,3.99063,-0.009468,0.001527,-0.006109,31,66.5213432885868
73082,-8.457432,-3.600002,3.987639,-0.008705,0.002138,-0.00504,31,66.5474352597257
73092,-8.450851,-3.595216,3.987639,-0.008705,0.002902,-0.005803,31,66.5293754227724
73102,-8.46461,-3.597609,3.993621,-0.00901,0.002749,-0.006261,31.03,66.5289686540944
73112,-8.452048,-3.591627,3.979264,-0.009468,0.003818,-0.006261,31.03,66.5726625871104
73122,-8.450851,-3.594618,3.991228,-0.009468,0.004887,-0.005498,31.02,66.5100050685571
73132,-8.456833,-3.593421,3.988835,-0.009621,0.004734,-0.006567,31.02,66.5340415636
73142,-8.458628,-3.600002,3.990032,-0.009468,0.005192,-0.006109,31.02,66.5373879591372
73152,-8.46102,-3.600002,3.992425,-0.009468,0.005956,-0.006414,31.02,66.5298500796911
73162,-8.458031,-3.597011,3.991228,-0.009774,0.00672,-0.006567,30.98,66.5271982983473
73172,-8.452645,-3.596412,3.985844,-0.010537,0.00733,-0.006109,30.98,66.5436255700847
73182,-8.452048,-3.59402,3.987041,-0.01069,0.007483,-0.005803,30.99,66.5339578941647
73192,-8.459227,-3.586243,3.980461,-0.009774,0.007636,-0.005651,30.99,66.5766263906497
73202,-8.459227,-3.597011,3.984648,-0.009774,0.009316,-0.00504,31.04,66.5642217167748
73212,-8.466404,-3.595216,3.976871,-0.009927,0.009316,-0.005651,31.01,66.6184432479721
73222,-8.454441,-3.595814,3.976273,-0.009621,0.009774,-0.004887,31.01,66.5971087698983
73232,-8.467003,-3.58744,3.985246,-0.010079,0.009163,-0.005956,31.01,66.568857460891
73242,-8.46102,-3.592225,3.975675,-0.009774,0.009163,-0.005651,31.01,66.6108180662958
73252,-8.46461,-3.589234,3.979862,-0.010232,0.008705,-0.005192,31.04,66.5936909759454
73262,-8.458031,-3.601796,3.978068,-0.009927,0.008399,-0.005498,31.04,66.6005129947283
73272,-8.467602,-3.597609,3.973282,-0.009927,0.008399,-0.006414,31.04,66.6419021435156
73282,-8.463414,-3.595814,3.978666,-0.009927,0.007941,-0.006109,31.04,66.6033066409962
73292,-8.452645,-3.606582,3.991228,-0.008858,0.007789,-0.004734,31.02,66.5244552725323
73302,-8.460423,-3.595216,3.973282,-0.009774,0.007636,-0.005192,31.02,66.624791804591
73312,-8.466404,-3.595814,3.97388,-0.009774,0.007789,-0.005651,31.01,66.6346721053901
73322,-8.461619,-3.605386,3.975675,-0.009468,0.007941,-0.004734,31.01,66.6237619186953
73332,-8.46102,-3.598805,3.973282,-0.008552,0.007483,-0.00504,31,66.6292255332694
73342,-8.465208,-3.603591,3.972684,-0.008399,0.00672,-0.004581,31,66.6453538839577
73356,-8.474779,-3.592225,3.9673,-0.00733,0.005345,-0.005192,31.01,66.6835010792424
73362,-8.474779,-3.592225,3.9673,-0.00733,0.005345,-0.005192,31.01,66.6835010792424
73372,-8.466404,-3.588636,3.9673,-0.00733,0.004581,-0.005803,31.04,66.6628683948253
73382,-8.46461,-3.607778,3.978666,-0.008094,0.002902,-0.005651,31.04,66.6164364792971
73392,-8.456833,-3.588636,3.979862,-0.007636,0.001985,-0.006414,31,66.5768837247681
73402,-8.469396,-3.592225,3.965506,-0.007789,0.00168,-0.006414,31,66.6817045891376
73412,-8.455039,-3.591029,3.976273,-0.007025,0.000764,-0.005651,31,66.5941046737166
73422,-8.466404,-3.591627,3.970889,-0.006872,0.000153,-0.005498,31.02,66.6466656741339
73432,-8.456833,-3.594618,3.966104,-0.006261,-0.001069,-0.005345,31.02,66.6544757854041
73442,-8.468199,-3.595814,3.97388,-0.006567,-0.002138,-0.006261,31.04,66.6384183055172
73452,-8.469396,-3.598805,3.971487,-0.006414,-0.002596,-0.006109,31.04,66.6561248099335
73462,-8.458031,-3.597011,3.979264,-0.006414,-0.004276,-0.005956,30.99,66.5899768833842
73472,-8.465807,-3.598207,3.975675,-0.006261,-0.00504,-0.00504,30.99,66.6261267434949
73482,-8.457432,-3.58744,3.976871,-0.004887,-0.005498,-0.004276,31.02,66.5927837606603
73492,-8.456235,-3.59402,3.979862,-0.005651,-0.006872,-0.006414,31.02,66.5804187854517
73502,-8.453244,-3.591627,3.974478,-0.005803,-0.008399,-0.005651,30.98,66.6003101206356
73512,-8.454441,-3.58385,3.97388,-0.005498,-0.009468,-0.005803,30.98,66.5990492828355
73522,-8.458628,-3.592823,3.966104,-0.005803,-0.009927,-0.005345,30.98,66.6566309401173
73532,-8.462217,-3.596412,3.979862,-0.005956,-0.009927,-0.005192,30.98,66.5950588722127
73542,-8.455637,-3.594618,3.976871,-0.005651,-0.009927,-0.006109,30.99,66.5954060425917
73552,-8.459825,-3.595814,3.990032,-0.005651,-0.011454,-0.005192,30.99,66.5361640249316
73562,-8.452048,-3.594618,3.97388,-0.005498,-0.010385,-0.005192,31.01,66.6036101223279
73572,-8.449057,-3.594618,3.985844,-0.005651,-0.010385,-0.005345,31.02,66.5345027920494
73582,-8.452048,-3.592225,3.993621,-0.005498,-0.011148,-0.00504,31.02,66.4978253946645
73592,-8.455637,-3.600002,3.991827,-0.006261,-0.01069,-0.005498,31.04,66.5217063930155
73602,-8.457432,-3.586243,3.984648,-0.005498,-0.010537,-0.006109,31.04,66.5508838807684
73612,-8.46102,-3.591627,3.994219,-0.005956,-0.009468,-0.005345,31,66.5129839498684
73622,-8.453244,-3.591029,3.984648,-0.006414,-0.008858,-0.005651,31,66.5463625993324
73632,-8.452645,-3.595216,3.993621,-0.005803,-0.008399,-0.005956,31.02,66.5017483924552
73642,-8.450253,-3.588037,3.991228,-0.006261,-0.007789,-0.006109,31.02,66.5028773216134
73652,-8.448458,-3.588037,3.991228,-0.005956,-0.007025,-0.005651,31,66.4991064329986
73662,-8.452048,-3.592823,3.991827,-0.006261,-0.006109,-0.006109,31,66.507772134652
73672,-8.460423,-3.594618,3.984648,-0.006872,-0.004734,-0.005803,31.02,66.5645961247989
73682,-8.450253,-3.602395,3.993621,-0.00733,-0.004276,-0.007025,31.02,66.5031437558525
73692,-8.453244,-3.593421,3.996014,-0.007636,-0.002902,-0.006567,31.06,66.4888509802719
73702,-8.447262,-3.594618,3.996014,-0.008094,-0.002291,-0.005345,31.06,66.4773536776622
73712,-8.448458,-3.59402,3.997808,-0.008247,-0.000916,-0.006414,30.99,66.4699204595959
73722,-8.443673,-3.593421,3.993621,-0.008247,0.000611,-0.005498,30.99,66.4812985415142
73732,-8.453843,-3.6006,3.996014,-0.00901,0.00336,-0.005345,31.02,66.4965201208117
73742,-8.447262,-3.592823,3.99063,-0.00901,0.003971,-0.006261,30.99,66.5040061632852
73752,-8.452645,-3.589234,4.002594,-0.008858,0.006414,-0.006109,30.99,66.4493469927464
73762,-8.451449,-3.598207,3.991228,-0.009316,0.007178,-0.00672,30.98,66.5144643873974
73772,-8.454441,-3.597011,3.99721,-0.009774,0.008094,-0.006414,30.98,66.4882974358476
73782,-8.462815,-3.592225,3.987041,-0.009621,0.009163,-0.006109,30.99,66.5549221224616
73792,-8.452645,-3.592225,3.993621,-0.009774,0.010537,-0.007178,30.99,66.4990789048517
73802,-8.449656,-3.592823,3.984648,-0.009621,0.011912,-0.006414,30.99,66.5404379690268
73812,-8.446067,-3.58744,3.991228,-0.009621,0.012523,-0.006109,30.99,66.4935488724053
73822,-8.459825,-3.601796,3.99721,-0.009927,0.014508,-0.005956,31.01,66.503863736591
73832,-8.454441,-3.605984,3.991228,-0.010996,0.014813,-0.005651,31.01,66.5276835585518
73842,-8.469995,-3.602395,3.991228,-0.010843,0.015119,-0.006414,31.03,66.5570365640131
73852,-8.459825,-3.596412,3.992425,-0.010232,0.015577,-0.006261,31.03,66.5241471187517
73862,-8.459825,-3.592225,3.979862,-0.01069,0.016646,-0.006109,31.03,66.586335885629
73872,-8.455637,-3.591029,3.978666,-0.010537,0.016493,-0.006872,31.03,66.5827873903536
73882,-8.454441,-3.589832,3.976273,-0.01069,0.016341,-0.005956,31.03,66.5917890038333
73892,-8.468798,-3.588037,3.968496,-0.011148,0.016035,-0.006109,31.03,66.6610520848017
73902,-8.461619,-3.589234,3.978068,-0.010385,0.016035,-0.005651,31.01,66.5968517798699
73912,-8.468798,-3.597011,3.970889,-0.010079,0.015424,-0.005651,30.99,66.6564278469805
73922,-8.474779,-3.592225,3.972684,-0.010385,0.014508,-0.006109,30.99,66.6552440221835
73932,-8.46461,-3.597609,3.969095,-0.009316,0.01405,-0.005345,31,66.6576431890264
73942,-8.465807,-3.601198,3.983452,-0.009468,0.012828,-0.005803,31,66.5879813559808
73952,-8.465807,-3.597011,3.978068,-0.010079,0.011301,-0.007178,31,66.6125072476826
73962,-8.468199,-3.59043,3.9673,-0.009621,0.009621,-0.00672,31,66.6681995917779
73972,-8.467602,-3.598805,3.973282,-0.009468,0.008705,-0.006414,31,66.6429623741052
73982,-8.46102,-3.601198,3.967898,-0.008705,0.007178,-0.006567,31,66.6596262779821
73992,-8.465208,-3.604189,3.962514,-0.008705,0.006261,-0.005345,31.02,66.69928693096
74002,-8.467003,-3.593421,3.964309,-0.007789,0.004276,-0.006261,31.02,66.6840621736727
74012,-8.461619,-3.599404,3.968496,-0.008247,0.002443,-0.005498,30.99,66.656142367525
74022,-8.468199,-3.591029,3.961318,-0.008094,0.001069,-0.005803,30.99,66.7001542700406
74032,-8.462815,-3.597609,3.970291,-0.007941,-0.000611,-0.006414,30.98,66.6476174926276
74042,-8.465807,-3.589832,3.963711,-0.008247,-0.002749,-0.005803,30.98,66.6815366019408
74052,-8.455637,-3.598805,3.965506,-0.006872,-0.00336,-0.005192,30.99,66.6588397575099
74062,-8.459227,-3.594618,3.966702,-0.006872,-0.00504,-0.006567,30.99,66.6563305287362
74072,-8.458031,-3.589234,3.972684,-0.00733,-0.007789,-0.005651,31,66.6176240256886
74082,-8.46102,-3.592225,3.969693,-0.005651,-0.008552,-0.004734,31.04,66.6422365984876
74092,-8.46102,-3.601796,3.980461,-0.006109,-0.009927,-0.004429,31.04,66.5942002335426
74102,-8.458031,-3.606582,3.974478,-0.005956,-0.011148,-0.004887,30.96,66.623620212445
74112,-8.456235,-3.603591,3.974478,-0.005651,-0.012065,-0.005498,30.96,66.6172073056934
74122,-8.463414,-3.589234,3.979264,-0.005803,-0.013134,-0.005345,31.05,66.5943280608782
74132,-8.458628,-3.589832,3.982853,-0.005192,-0.012675,-0.00504,31.05,66.5660025727144
74142,-8.457432,-3.588636,3.982853,-0.004734,-0.013134,-0.004276,31,66.5624341195964
74152,-8.465807,-3.599404,3.978666,-0.005651,-0.013897,-0.005192,31,66.6114936676167
74162,-8.456833,-3.595216,3.989433,-0.005803,-0.014203,-0.005651,31.01,66.532503327538
74172,-8.457432,-3.603591,3.980461,-0.005651,-0.014203,-0.005651,31.01,66.5882982585336
74182,-8.458628,-3.595216,3.982255,-0.006261,-0.014203,-0.00504,31,66.5739289171244
74192,-8.452048,-3.588037,3.978666,-0.005651,-0.013744,-0.005803,31,66.5726094387917
74202,-8.455039,-3.598805,3.987639,-0.005192,-0.014203,-0.005498,31,66.5413557059188
74212,-8.445468,-3.588636,3.982853,-0.005956,-0.012675,-0.005192,31,66.5373461077502
74222,-8.463414,-3.59402,3.991228,-0.005345,-0.01237,-0.004887,31.02,66.5358144045351
74232,-8.449057,-3.588037,3.986442,-0.005345,-0.011454,-0.004581,31.02,66.5254932543348
74242,-8.447861,-3.594618,3.985844,-0.006414,-0.010996,-0.005651,31.01,66.5319941292526
74252,-8.447262,-3.595216,3.994219,-0.006261,-0.008552,-0.005498,30.98,66.4873074094242
74262,-8.448458,-3.593421,3.994817,-0.006261,-0.007178,-0.005345,30.98,66.4850776007689
74272,-8.447861,-3.602395,4.001996,-0.006414,-0.005803,-0.005345,31.01,66.4541988727842
74282,-8.450253,-3.601198,3.997808,-0.007178,-0.004123,-0.005651,31.01,66.4801122044485
74292,-8.455637,-3.593421,4.006782,-0.007789,-0.002443,-0.007025,31,66.4374299175411
74302,-8.454441,-3.592823,3.996014,-0.007636,-0.000764,-0.005956,31,66.4908307902983
74312,-8.450253,-3.595216,3.996612,-0.008399,0.000153,-0.006414,31,66.4810355010404
74322,-8.449057,-3.596412,4.001996,-0.007636,0.002749,-0.006414,31,66.4513545902946
74332,-8.457432,-3.58744,4.008576,-0.008552,0.004276,-0.005956,30.99,66.4264642744971
74342,-8.456833,-3.596412,3.995416,-0.008858,0.005651,-0.005651,30.99,66.5021894160923
74352,-8.447861,-3.588636,3.992425,-0.009621,0.007178,-0.005651,31.02,66.492103034706
74362,-8.459227,-3.593421,3.994219,-0.009621,0.008094,-0.005956,31.02,66.5108211586453
74372,-8.455039,-3.591627,4.009174,-0.009316,0.009316,-0.006109,31.04,66.4220354806051
74382,-8.458031,-3.585645,3.997808,-0.009163,0.01069,-0.006567,31.04,66.4825637436577
74392,-8.450253,-3.589832,3.991827,-0.010232,0.011301,-0.004581,31,66.5013346020794
74402,-8.445468,-3.586243,3.997808,-0.010537,0.013134,-0.006414,31,66.4566788290212
74412,-8.458628,-3.593421,3.995416,-0.010079,0.013744,-0.006261,31.02,66.5032881080552
74422,-8.449057,-3.598207,3.985844,-0.010079,0.014966,-0.005345,30.99,66.5377062391334
74432,-8.457432,-3.593421,3.988237,-0.010537,0.014355,-0.006261,30.99,66.5384346841295
74442,-8.459227,-3.59043,3.988237,-0.010385,0.014661,-0.005498,31.02,66.5395347095802
74452,-8.456235,-3.600002,3.991827,-0.010079,0.014355,-0.006414,31.02,66.5229598261889
74462,-8.460423,-3.593421,3.984648,-0.009927,0.014661,-0.005192,31.01,66.5635316087472
74472,-8.450851,-3.588037,3.985844,-0.009774,0.014508,-0.00504,31.01,66.5323986363115
74482,-8.462217,-3.598207,3.982853,-0.010537,0.01405,-0.005803,31.02,66.5809595348302
74492,-8.462815,-3.591627,3.979862,-0.010843,0.012981,-0.005956,31.02,66.5920598445502
74502,-8.458628,-3.598207,3.978666,-0.010079,0.012065,-0.005498,30.99,66.5954284937967
74512,-8.455637,-3.598207,3.978068,-0.010079,0.011912,-0.005956,30.99,66.5923132072866
74522,-8.465208,-3.596412,3.975077,-0.009927,0.011148,-0.005803,31,66.6264224047472
74532,-8.46461,-3.596412,3.972684,-0.010537,0.010232,-0.007025,31,66.6377363898538
74542,-8.469396,-3.604787,3.970291,-0.010537,0.009468,-0.006414,31.01,66.6677032389276
74552,-8.460423,-3.597011,3.975675,-0.010232,0.008858,-0.006414,31.01,66.6138201249612
74562,-8.467602,-3.607778,3.972684,-0.009927,0.007789,-0.006109,30.98,66.654061263433
74572,-8.458031,-3.596412,3.985246,-0.010537,0.007178,-0.006261,30.98,66.5580467993339
74582,-8.464012,-3.596412,3.972684,-0.010385,0.006261,-0.005956,31,66.6364881327521
74592,-8.460423,-3.601198,3.963711,-0.009468,0.004276,-0.005651,31,66.680379138712
74602,-8.467602,-3.601198,3.975077,-0.008858,0.004276,-0.007025,31.02,66.6356645190853
74612,-8.466404,-3.604189,3.978068,-0.008552,0.00336,-0.006567,31,66.6201271039495
74622,-8.467602,-3.589832,3.974478,-0.008858,0.001985,-0.005651,31,66.6287344446013
74632,-8.458031,-3.591627,3.970889,-0.00901,0.001069,-0.006414,31.02,66.6291783374039
74642,-8.472985,-3.591627,3.982255,-0.008705,0.000764,-0.006109,31.02,66.6007649020759
74652,-8.458031,-3.596412,3.967898,-0.008552,-0.000611,-0.006872,31,66.6491410675791
74662,-8.459825,-3.597609,3.967898,-0.008399,-0.001527,-0.006414,31,66.6539479214442
74672,-8.455637,-3.59043,3.9673,-0.007789,-0.001985,-0.00672,31,66.6419748593496
74682,-8.455039,-3.597609,3.970291,-0.007941,-0.002443,-0.006414,31,66.6313817357188
74692,-8.452048,-3.593421,3.981059,-0.008247,-0.003054,-0.006109,31.01,66.5648322152234
74702,-8.456833,-3.595216,3.975077,-0.008247,-0.003971,-0.005956,31.01,66.6078614418948
74712,-8.46102,-3.589234,3.979264,-0.00733,-0.004429,-0.005651,31.04,66.5893195109904
74722,-8.46461,-3.591627,3.979264,-0.00733,-0.005192,-0.006109,31.04,66.598952099262
74732,-8.469995,-3.59402,3.978666,-0.006567,-0.005803,-0.00672,31.01,66.6154639426619
74742,-8.456235,-3.602395,3.973282,-0.007178,-0.006414,-0.005956,31.01,66.622423988866
74752,-8.463414,-3.588636,3.980461,-0.007025,-0.007025,-0.005651,31,66.5875147039953
74762,-8.447861,-3.592225,3.975675,-0.006567,-0.007483,-0.005956,31,66.5832819160551
74772,-8.447262,-3.601796,3.982853,-0.006872,-0.008094,-0.005345,31.02,66.5528545450122
74782,-8.452048,-3.586243,3.979862,-0.006872,-0.008399,-0.005498,30.99,66.5647305634597
74792,-8.448458,-3.600002,3.985246,-0.006109,-0.00901,-0.005192,30.99,66.541193103707
74802,-8.455039,-3.582654,3.981657,-0.006261,-0.008552,-0.005651,31,66.5583822266118
74812,-8.456833,-3.596412,3.985844,-0.006109,-0.008705,-0.004734,31,66.5523999868002
74822,-8.455637,-3.607778,3.985246,-0.006261,-0.009163,-0.005956,30.99,66.5631685816967
74832,-8.447262,-3.592823,3.98405,-0.00504,-0.009468,-0.005345,30.99,66.538557247027
74842,-8.459227,-3.591029,3.983452,-0.005651,-0.008552,-0.005498,31.01,66.5651770287609
74852,-8.450253,-3.591627,3.996612,-0.005651,-0.008858,-0.004429,31.01,66.4778287556841
74862,-8.458031,-3.593421,3.985246,-0.005803,-0.008094,-0.005192,31.02,66.5553844682559
74872,-8.453244,-3.592225,3.994219,-0.005651,-0.008247,-0.00504,31.02,66.4971993219586
74882,-8.462217,-3.595216,3.992425,-0.005956,-0.007483,-0.005192,31,66.5280947431471
74892,-8.456833,-3.599404,3.991228,-0.006414,-0.00672,-0.005803,31,66.5268212662235
74902,-8.460423,-3.583252,3.989433,-0.006872,-0.005498,-0.004429,31.02,66.5293859293723
74912,-8.449656,-3.595216,3.993023,-0.007483,-0.004734,-0.005498,31.02,66.4986112838797
74922,-8.449656,-3.604787,4.001398,-0.00733,-0.003971,-0.00504,31.03,66.4632487912287
74932,-8.454441,-3.598805,3.994219,-0.007789,-0.002902,-0.005651,31.03,66.5055845195173
74942,-8.455637,-3.598805,3.986442,-0.007178,-0.000764,-0.005498,30.98,66.5488893376083
74952,-8.448458,-3.589832,3.990032,-0.007178,0.000458,-0.005498,30.99,66.5069868649576
74962,-8.453244,-3.589832,4.001398,-0.007789,0.001985,-0.005956,30.99,66.4574117832225
74972,-8.453244,-3.589832,3.993023,-0.008705,0.003207,-0.005498,31.01,66.5013395665461
74982,-8.453244,-3.592225,3.994219,-0.007941,0.004581,-0.005498,31.01,66.4971993219586
74992,-8.452645,-3.583252,3.984648,-0.008399,0.005956,-0.00504,31.02,66.538183874415
75002,-8.442476,-3.592823,3.991228,-0.008705,0.006872,-0.005498,31.02,66.4908114149008
75012,-8.441879,-3.595814,3.982853,-0.008705,0.00672,-0.006261,31.01,66.5362228871553
75022,-8.445468,-3.589832,3.99063,-0.008858,0.007483,-0.005498,31.01,66.4975658979041
75032,-8.450851,-3.601198,3.989433,-0.00901,0.007636,-0.00504,31.02,66.5253007785144
75042,-8.458031,-3.597609,3.990032,-0.009316,0.00901,-0.004887,31.02,66.5340043078335
75052,-8.468199,-3.593421,3.975675,-0.009163,0.009774,-0.005803,31.01,66.6268771986866
75062,-8.458031,-3.597011,3.988835,-0.00901,0.010079,-0.00504,31.01,66.5397502919184
75072,-8.452048,-3.589234,3.991827,-0.009468,0.010079,-0.005956,31.02,66.5045708105934
75082,-8.452048,-3.599404,3.989433,-0.009927,0.009927,-0.005803,31.02,66.5262080699276
75092,-8.462815,-3.59043,3.991228,-0.010385,0.01069,-0.005345,30.98,66.531366235957
75102,-8.461619,-3.592823,3.976871,-0.010537,0.010537,-0.006261,30.98,66.6063214588889
75112,-8.459825,-3.591029,3.992425,-0.010079,0.009468,-0.00504,30.99,66.5193529941712
75122,-8.454441,-3.577868,3.981657,-0.009621,0.00901,-0.006109,31.01,66.5528769638759
75132,-8.447861,-3.585645,3.987041,-0.010385,0.009621,-0.006109,31.01,66.5177038749852
75142,-8.447861,-3.594618,3.982255,-0.010537,0.00901,-0.006414,30.98,66.5508428756592
75152,-8.462217,-3.592823,3.979862,-0.009927,0.008399,-0.006261,30.98,66.5918709498595
75162,-8.467003,-3.59402,3.98405,-0.010385,0.007941,-0.005651,31,66.5809690424364
75172,-8.465807,-3.591029,3.972086,-0.010385,0.008094,-0.005498,31,66.6386043856143
75182,-8.456833,-3.582654,3.981059,-0.010385,0.006872,-0.005803,31.03,66.5652838388473
75192,-8.46102,-3.595814,3.979264,-0.009774,0.006261,-0.006414,31.03,66.5951634537936
75202,-8.453843,-3.588037,3.978068,-0.009774,0.005803,-0.005498,30.98,66.5795114989227
75212,-8.460423,-3.585645,3.975077,-0.009468,0.005803,-0.005956,30.98,66.606873019135
75222,-8.46102,-3.598207,3.97388,-0.009621,0.004734,-0.005803,31.01,66.6255544215372
75232,-8.462217,-3.591627,3.976871,-0.010079,0.004429,-0.004887,31.01,66.6065101983908
75242,-8.456235,-3.6006,3.982853,-0.009468,0.003512,-0.005192,31.04,66.570575662398
75252,-8.469995,-3.598805,3.979264,-0.009927,0.003054,-0.005803,31.04,66.616569004929
75262,-8.453244,-3.604189,3.988835,-0.008858,0.002291,-0.007025,31.02,66.5361251454826
75272,-8.46102,-3.59402,3.993023,-0.008552,0.001374,-0.006261,31.02,66.5213856702146
75282,-8.444869,-3.597609,3.979862,-0.009621,0.001527,-0.005651,31.01,66.5598118792426
75292,-8.456833,-3.600002,3.988835,-0.008399,0.000916,-0.005803,31.01,66.5399066189603
75302,-8.452645,-3.599404,3.976273,-0.00901,0.000153,-0.006109,31.01,66.5965477772537
75312,-8.455637,-3.59402,3.972086,-0.008552,0,-0.005651,30.99,66.6200102953771
75322,-8.467003,-3.592823,3.975675,-0.008094,-0.000153,-0.005803,30.99,66.6238498043344
75332,-8.450851,-3.596412,3.975675,-0.008247,-0.000916,-0.006414,30.95,66.5932711077844
75342,-8.456833,-3.589234,3.969095,-0.008247,-0.000916,-0.006261,30.95,66.6339785029277
75352,-8.46461,-3.579663,3.976871,-0.007178,-0.001222,-0.005956,31,66.6009132863323
75362,-8.46102,-3.579663,3.97747,-0.00733,-0.001833,-0.005498,31,66.5902520475736
75372,-8.46102,-3.597011,3.976871,-0.007636,-0.003054,-0.005803,31.02,66.6087885826451
75382,-8.452048,-3.592823,3.976871,-0.007636,-0.003054,-0.006261,31.02,66.5862979231169
75392,-8.451449,-3.593421,3.979264,-0.007941,-0.003207,-0.005498,31.02,66.5730051922675
75402,-8.467003,-3.599404,3.982853,-0.007178,-0.002902,-0.005651,31.02,66.5920279137898
75412,-8.461619,-3.597609,3.978666,-0.007789,-0.00336,-0.006414,30.98,66.6011495293618
75422,-8.462815,-3.599404,3.981657,-0.007025,-0.004123,-0.005803,30.98,66.5895491568607
75432,-8.460423,-3.6006,3.987041,-0.006872,-0.004276,-0.006261,31,66.5573663635091
75442,-8.460423,-3.588037,3.979264,-0.007178,-0.003818,-0.00672,31,66.5870076387768
75452,-8.455039,-3.601198,3.981657,-0.006872,-0.00336,-0.006109,31.02,66.5748834957922
75462,-8.46102,-3.588037,3.989433,-0.007636,-0.003818,-0.005651,31.05,66.5348905846778
75472,-8.458628,-3.593421,3.976871,-0.008247,-0.004123,-0.006109,31.05,66.6005983554566
75482,-8.450253,-3.604787,3.985844,-0.00733,-0.004276,-0.005498,31,66.5460895468785
75492,-8.46461,-3.597011,3.972684,-0.007178,-0.003512,-0.005803,31,66.638267633714
75502,-8.459227,-3.58744,3.9673,-0.007025,-0.003971,-0.006109,31,66.6468247275612
75512,-8.461619,-3.59402,3.987639,-0.00733,-0.003971,-0.005803,31,66.5508768265925
75522,-8.446664,-3.583252,3.984648,-0.006872,-0.003665,-0.004581,31.02,66.5256269945814
75532,-8.446067,-3.604189,3.993621,-0.007789,-0.002596,-0.005651,31.02,66.495965678325
75542,-8.455039,-3.592823,3.985844,-0.007025,-0.002138,-0.004887,30.99,66.5454446351559
75552,-8.459825,-3.594618,3.982255,-0.007025,-0.00168,-0.004734,30.99,66.5759021389713
75562,-8.455039,-3.594618,3.990032,-0.007483,-0.002291,-0.004581,31.02,66.525066543916
75572,-8.456833,-3.593421,3.992425,-0.00733,-0.001985,-0.005345,31.02,66.5152083393074
75582,-8.467602,-3.59402,3.984648,-0.00733,-0.001833,-0.005803,31.04,66.5790852921188
75592,-8.451449,-3.601198,3.982853,-0.007941,-0.001222,-0.004581,31.04,66.5610904807305
75602,-8.445468,-3.592823,3.991827,-0.007178,-0.000611,-0.005651,30.98,66.4939539440611
75612,-8.456833,-3.591029,3.980461,-0.007178,-0.000611,-0.00504,30.98,66.5758655070785
75622,-8.451449,-3.591029,3.980461,-0.006872,0,-0.005345,30.99,66.5645877763362
75632,-8.46102,-3.594618,3.983452,-0.007941,0.001527,-0.005192,30.99,66.5721213022432
75642,-8.452048,-3.591627,3.995416,-0.008094,0.001985,-0.004581,30.99,66.4878744789077
75652,-8.463414,-3.592225,3.981059,-0.008705,0.002596,-0.00504,31,66.5875614603268
75662,-8.446664,-3.601198,3.985844,-0.008705,0.003054,-0.005498,31,66.5353612681752
75672,-8.451449,-3.597011,3.989433,-0.008705,0.003512,-0.005345,31.01,66.5228156830308
75682,-8.448458,-3.599404,3.988835,-0.008399,0.003971,-0.00504,31.01,66.521818161679
75692,-8.458031,-3.595814,3.986442,-0.009316,0.003971,-0.005956,31,66.5512387263765
75702,-8.453244,-3.592823,3.993023,-0.009468,0.004887,-0.005498,31,66.5040073038176
75712,-8.454441,-3.597011,3.980461,-0.009163,0.00504,-0.005345,31.02,66.5761808172087
75722,-8.447861,-3.579663,3.99063,-0.009316,0.005956,-0.00504,31.02,66.4935239928299
75732,-8.46461,-3.600002,3.979264,-0.009621,0.005803,-0.00504,31,66.6063870886187
75742,-8.450253,-3.595814,3.985844,-0.009774,0.005803,-0.004276,31,66.5380779693219
75752,-8.462217,-3.589832,3.978666,-0.009621,0.006261,-0.004887,30.97,66.5954938862416
75762,-8.459825,-3.588636,3.986442,-0.010079,0.005956,-0.005956,30.97,66.5486110212436
75772,-8.462815,-3.601796,3.981059,-0.010385,0.006109,-0.005498,31.02,66.5948136266495
75782,-8.450253,-3.592225,3.987041,-0.010232,0.006261,-0.004887,31.02,66.5285921780346
75792,-8.454441,-3.596412,3.978666,-0.009468,0.006261,-0.005498,31.04,66.5850730247447
75802,-8.453843,-3.6006,3.983452,-0.009927,0.005651,-0.004887,31.04,66.5624250773165
75812,-8.460423,-3.594618,3.976273,-0.009163,0.005956,-0.004429,31.02,66.6085547433859
75822,-8.456833,-3.604189,3.97747,-0.009468,0.007025,-0.003665,31.04,66.6032791911842
75832,-8.457432,-3.602395,3.984648,-0.009774,0.006109,-0.005192,31.04,66.565260422708
75842,-8.469396,-3.586243,3.987639,-0.010079,0.005956,-0.005651,30.98,66.560255030908
75852,-8.452645,-3.591627,3.983452,-0.009468,0.005498,-0.006567,30.98,66.5519191062179
75862,-8.454441,-3.592225,3.983452,-0.009774,0.005192,-0.006109,30.99,66.5562155335525
75872,-8.447861,-3.594618,3.972684,-0.009774,0.005498,-0.005803,30.99,66.6011342526803
75882,-8.459825,-3.597011,3.981059,-0.009468,0.005803,-0.005956,31.01,66.5843071531508
75892,-8.452645,-3.59043,3.980461,-0.009163,0.005345,-0.006261,31.01,66.566560651952
75902,-8.447262,-3.600002,3.981059,-0.009316,0.005651,-0.005651,31.02,66.5606743655408
75912,-8.457432,-3.59402,3.979264,-0.009163,0.00504,-0.006414,31.02,66.586063678935
75922,-8.458628,-3.604189,3.97747,-0.009621,0.004429,-0.005956,31.02,66.6070295213706
75932,-8.462815,-3.592225,3.970291,-0.00901,0.004429,-0.005498,31.02,66.6428435795728
75942,-8.458031,-3.598207,3.983452,-0.008552,0.003818,-0.005192,31.02,66.5690591631884
75952,-8.459825,-3.592823,3.979264,-0.00901,0.003207,-0.005803,31.02,66.5900065097821
75962,-8.464012,-3.588636,3.976871,-0.00901,0.002291,-0.00672,31.02,66.607610339784
75972,-8.464012,-3.594618,3.97388,-0.00901,0.002138,-0.005345,31.02,66.6286175371201
75982,-8.46102,-3.596412,3.972684,-0.00901,0.000305,-0.005651,31.02,66.6302409837249
75992,-8.46102,-3.58744,3.974478,-0.008552,0,-0.006109,31.03,66.6128593732927
76002,-8.46102,-3.597011,3.971487,-0.008094,-0.000305,-0.005498,31.03,66.6370590192532
76012,-8.444869,-3.601198,3.975675,-0.007789,-0.001069,-0.005345,31.04,66.5850178108403
76022,-8.466404,-3.607778,3.976273,-0.007789,-0.002902,-0.006872,31.04,66.6327329439385
76032,-8.47119,-3.591627,3.975077,-0.008399,-0.003054,-0.00733,31,66.6346708705042
76042,-8.463414,-3.600002,3.975675,-0.008094,-0.004276,-0.006872,31,66.6227242157192
76052,-8.459825,-3.598805,3.975675,-0.007483,-0.003818,-0.005956,31.04,66.6141647741627
76062,-8.467003,-3.592225,3.979264,-0.007483,-0.003512,-0.005956,31.04,66.6044846861247
76072,-8.46102,-3.598207,3.981059,-0.007025,-0.004276,-0.007178,31.02,66.5878698983191
76082,-8.460423,-3.59402,3.971487,-0.006872,-0.004276,-0.006109,31.02,66.6331579284094
76092,-8.455039,-3.59043,3.985246,-0.006872,-0.004734,-0.006261,31,66.5464528595374
76102,-8.456235,-3.596412,3.982853,-0.006414,-0.004887,-0.006109,31,66.5668454045218
76112,-8.450253,-3.602993,3.978666,-0.006872,-0.004429,-0.006261,30.99,66.5821743217698
76122,-8.449656,-3.606582,3.981657,-0.007178,-0.003665,-0.005956,30.99,66.5684228678753
76132,-8.459227,-3.589832,3.983452,-0.00733,-0.004276,-0.006414,31.04,66.5641130164286
76142,-8.446067,-3.596412,3.991827,-0.00733,-0.004123,-0.006872,31.04,66.4984207910711
76152,-8.455637,-3.598207,3.981657,-0.00733,-0.003665,-0.006414,31,66.5734701972246
76162,-8.458031,-3.600002,3.975077,-0.007636,-0.003054,-0.006567,31,66.6146206198423
76172,-8.452048,-3.589832,3.983452,-0.007483,-0.003207,-0.005651,31,66.5490689548413
76182,-8.459227,-3.595216,3.99063,-0.007941,-0.003512,-0.005651,31.02,66.5312419278444
76192,-8.452048,-3.599404,3.990032,-0.00733,-0.002902,-0.004887,31.02,66.5230649962219
76202,-8.462217,-3.599404,3.988835,-0.007789,-0.002138,-0.005956,31,66.5506474153616
76212,-8.448458,-3.595814,3.985246,-0.008247,-0.001374,-0.005498,31,66.5374538717172
76222,-8.453244,-3.596412,3.991228,-0.007941,-0.001222,-0.004734,31.02,66.5166271222991
76232,-8.454441,-3.596412,3.993621,-0.008094,-0.000305,-0.005651,31.02,66.5065847439812
76242,-8.46461,-3.601796,3.99063,-0.008094,0.000153,-0.005345,31.05,66.5483740816896
76252,-8.452048,-3.596412,3.990032,-0.008399,-0.000458,-0.005345,31.05,66.5203939942565
76262,-8.458031,-3.6006,3.982255,-0.008094,-0.000153,-0.004581,30.98,66.5774716592231
76272,-8.450851,-3.593421,3.987639,-0.008399,0.001222,-0.004887,30.98,66.5277740821854
76282,-8.456235,-3.601796,4.000201,-0.008399,0.001527,-0.004734,31,66.4806583344262
76292,-8.456235,-3.594618,3.991228,-0.008705,0.001985,-0.004887,31,66.5213000135507
76302,-8.450851,-3.59402,3.978068,-0.00901,0.002443,-0.004276,31,66.5785688441568
76312,-8.454441,-3.591627,3.986442,-0.008552,0.003207,-0.004734,31,66.5399870702118
76322,-8.452645,-3.59402,3.987639,-0.009316,0.002596,-0.004581,30.97,66.5320709504504
76332,-8.458031,-3.589234,3.985844,-0.00901,0.003054,-0.005192,31.07,66.5485212406866
76342,-8.457432,-3.595216,3.982853,-0.009163,0.003665,-0.004429,31.07,66.5682867350353
76352,-8.459825,-3.597609,3.984648,-0.008552,0.004429,-0.003818,30.96,66.5660055475522
76362,-8.464012,-3.58744,3.975077,-0.009774,0.004887,-0.00504,30.96,66.6159695312626
76372,-8.453244,-3.59402,3.986442,-0.009621,0.005345,-0.005192,30.98,66.539609719103
76382,-8.457432,-3.595814,3.982255,-0.009774,0.004887,-0.004734,30.98,66.5719577314309
76392,-8.459825,-3.593421,3.984648,-0.009468,0.005345,-0.004429,31.01,66.5622795632448
76402,-8.457432,-3.594618,3.984648,-0.00901,0.005192,-0.004581,31.01,66.5583335315221
76412,-8.452645,-3.595216,3.985246,-0.009316,0.005192,-0.004581,30.98,66.5456983116186
76422,-8.449656,-3.59043,3.981059,-0.010232,0.005498,-0.005192,30.98,66.5571550169446
76432,-8.450253,-3.588636,3.984648,-0.009468,0.005651,-0.00504,31.02,66.5379581605591
76442,-8.450851,-3.598207,3.982255,-0.008705,0.005803,-0.004123,31.02,66.5603097605543
76452,-8.469396,-3.602395,3.987041,-0.00901,0.006109,-0.004887,31.04,66.577727224021
76462,-8.464012,-3.586841,3.983452,-0.009163,0.005651,-0.004734,31.04,66.5714768994176
76472,-8.455637,-3.588636,3.986442,-0.009316,0.005651,-0.004887,31.02,66.5398318646377
76482,-8.451449,-3.585645,3.981657,-0.008552,0.005651,-0.00504,31.02,66.5535132787178
76492,-8.453244,-3.59043,3.982853,-0.009163,0.005651,-0.004887,30.98,66.5552540541224
76502,-8.462815,-3.608377,3.972684,-0.00901,0.004887,-0.007025,31.05,66.6446157535585
76512,-8.446067,-3.605386,3.98405,-0.00901,0.005498,-0.005651,31.05,66.5472741639625
76522,-8.451449,-3.59043,3.975077,-0.008399,0.004429,-0.005803,30.99,66.5923408226223
76532,-8.465807,-3.591029,3.985246,-0.008705,0.004734,-0.005651,30.99,66.5695387495666
76542,-8.460423,-3.586243,3.981657,-0.008705,0.003971,-0.006567,31.05,66.5728520607254
76552,-8.452645,-3.598805,3.981059,-0.009316,0.003207,-0.00672,31.05,66.570879669988
76562,-8.466404,-3.608975,3.980461,-0.009316,0.00336,-0.006414,31.01,66.6118293332114
76572,-8.465807,-3.589234,3.978068,-0.009163,0.002902,-0.005803,31.01,66.6056098270667
76582,-8.452645,-3.592225,3.978666,-0.008858,0.002596,-0.006414,31.04,66.5775863963262
76592,-8.452048,-3.595216,3.976871,-0.008094,0.001527,-0.006567,31.04,66.5884280146406
76602,-8.464012,-3.593421,3.975675,-0.008247,0.001374,-0.007483,31.02,66.6181321809831
76612,-8.452645,-3.586841,3.982255,-0.008705,0.001374,-0.006414,31.02,66.553944515211
76622,-8.465208,-3.597011,3.982255,-0.008247,0.000764,-0.005956,31.01,66.5892875798267
76632,-8.458628,-3.601198,3.975077,-0.008399,0.000153,-0.005956,31.01,66.6169314505929
76642,-8.46461,-3.602993,3.990032,-0.008552,-0.001069,-0.007483,31.03,66.552574609589
76652,-8.459227,-3.606582,3.97747,-0.007789,-0.001222,-0.007483,31.03,66.6104109556746
76662,-8.46102,-3.598207,3.985246,-0.007941,-0.001374,-0.006261,31.01,66.5659010999532
76672,-8.460423,-3.599404,3.982255,-0.00733,-0.00168,-0.007025,30.98,66.5814101234239
76682,-8.46102,-3.598805,3.982255,-0.007025,-0.002902,-0.007178,30.98,66.5821257538734
76692,-8.458628,-3.58744,3.978068,-0.00733,-0.002443,-0.005956,30.98,66.5890006253607
76702,-8.458628,-3.592823,3.98405,-0.00733,-0.003665,-0.006414,30.98,66.5623794059065
76712,-8.462217,-3.58744,3.983452,-0.007483,-0.003665,-0.006414,31.01,66.5682500477429
76722,-8.465208,-3.597609,3.981059,-0.007483,-0.003665,-0.00672,31.01,66.5960931330015
76732,-8.461619,-3.604189,3.982853,-0.00733,-0.004123,-0.006414,31.02,66.5850317136168
76742,-8.447861,-3.591029,3.981059,-0.007789,-0.004276,-0.005651,31.02,66.5539252685023
76752,-8.455039,-3.586243,3.986442,-0.006872,-0.004276,-0.006414,31.02,66.5364482704519
76762,-8.462815,-3.600002,3.981657,-0.006872,-0.003818,-0.006567,31.02,66.590080850522
76772,-8.455039,-3.595216,3.981059,-0.007483,-0.003512,-0.006109,31.01,66.5726946180913
76782,-8.458031,-3.609573,3.984648,-0.007178,-0.00336,-0.005498,31.01,66.5729138735764
76792,-8.465208,-3.59043,3.983452,-0.00733,-0.003665,-0.005651,31.01,66.5771648572768
76802,-8.462815,-3.589234,3.98405,-0.007789,-0.003207,-0.005498,31.01,66.5679569041632
76812,-8.455039,-3.596412,3.993023,-0.007941,-0.002443,-0.005803,31,66.5109758639702
76822,-8.460423,-3.592823,3.987639,-0.007636,-0.002443,-0.005651,31,66.547307003008
76832,-8.458628,-3.591627,3.987041,-0.007941,-0.001985,-0.005498,31.03,66.5456195986731
76842,-8.472386,-3.593421,3.98405,-0.008552,-0.001527,-0.005498,31.03,66.5916904863012
76852,-8.444869,-3.6006,3.981657,-0.008094,-0.001222,-0.005345,31.03,66.5530532559529
76862,-8.458031,-3.598207,3.989433,-0.008552,-0.000458,-0.00504,31,66.5376791915533
76872,-8.451449,-3.597011,3.985844,-0.00901,0.000458,-0.005498,31,66.541653110127
76882,-8.456833,-3.602395,3.982255,-0.009621,0.001222,-0.005803,31.03,66.5765646214175
76892,-8.459227,-3.593421,3.985246,-0.008858,0.001069,-0.005956,31.03,66.5578893797442
76902,-8.46461,-3.585645,3.983452,-0.008552,0.002138,-0.00504,31.02,66.5716679835527
76912,-8.452048,-3.602993,3.985844,-0.007789,0.003207,-0.004123,31.02,66.5482467901149
76922,-8.457432,-3.603591,3.988237,-0.008094,0.00336,-0.004734,31.01,66.5474985674828
76932,-8.455637,-3.597609,3.987041,-0.008858,0.003971,-0.004429,31.01,66.5446800694611
76942,-8.451449,-3.602993,3.987639,-0.008705,0.004276,-0.004276,31.01,66.5375718180656
76952,-8.456833,-3.589832,3.99063,-0.008705,0.004581,-0.004429,31.01,66.5214274099969
76962,-8.453843,-3.598805,3.985844,-0.008399,0.004887,-0.004734,31.03,66.5482697045281
76972,-8.469396,-3.601796,3.985246,-0.009316,0.004276,-0.005345,31.03,66.5866044673963
76982,-8.46461,-3.592225,3.989433,-0.008858,0.005345,-0.004429,30.98,66.5461357412556
76992,-8.453244,-3.597609,3.988237,-0.009163,0.004276,-0.004734,30.98,66.533389336294
77002,-8.460423,-3.592225,3.985844,-0.009163,0.005498,-0.004734,31.01,66.5561925849206
77012,-8.457432,-3.602395,3.987639,-0.008858,0.005651,-0.004734,31.01,66.5495687115381
77022,-8.456833,-3.59402,3.985844,-0.008399,0.005803,-0.004123,31.03,66.550269825479
77032,-8.458031,-3.597609,3.976871,-0.008858,0.005345,-0.004276,31.01,66.6030725380427
77042,-8.455039,-3.588636,3.982255,-0.009621,0.005498,-0.005192,31.01,66.5605596741979
77052,-8.441879,-3.595814,3.983452,-0.00901,0.004581,-0.005651,31.02,66.5330756492817
77062,-8.453244,-3.595814,3.978068,-0.00901,0.004734,-0.005498,31.02,66.5851761586127
77072,-8.452645,-3.598805,3.981657,-0.009163,0.004734,-0.004887,31.02,66.5677398274839
77082,-8.455637,-3.599404,3.982853,-0.008858,0.004429,-0.004734,31.02,66.5682585297688
77092,-8.463414,-3.610171,3.978068,-0.008858,0.004429,-0.005651,31.03,66.6192071986005
77102,-8.459825,-3.606582,3.980461,-0.008705,0.004581,-0.004581,31.03,66.5959635286238
77112,-8.453843,-3.598805,3.980461,-0.008705,0.004123,-0.00504,31.02,66.5765271909775
77122,-8.450253,-3.594618,3.98405,-0.008858,0.002902,-0.006261,31.02,66.5464305355246
77132,-8.463414,-3.597609,3.980461,-0.008552,0.003054,-0.005345,31,66.59548125459
77142,-8.452048,-3.601198,3.979264,-0.008399,0.002596,-0.005345,31,66.581188908093
77152,-8.453244,-3.598207,3.983452,-0.007941,0.002749,-0.004887,30.96,66.5590372877869
77162,-8.467003,-3.592823,3.978666,-0.008094,0.00168,-0.006109,30.96,66.6081528367148
77172,-8.456235,-3.592225,3.981059,-0.007941,0.001833,-0.006414,31.02,66.5725371632311
77182,-8.459825,-3.596412,3.982255,-0.007941,0.001069,-0.005345,31.02,66.5774975713698
77192,-8.456235,-3.597011,3.986442,-0.008399,0.001069,-0.005651,31.03,66.5485430410088
77202,-8.454441,-3.602993,3.982255,-0.008552,0.000916,-0.005345,31.05,66.5720934571694
77212,-8.454441,-3.596412,3.979862,-0.008247,0.001069,-0.006261,31.05,66.5787926299769
77222,-8.462217,-3.595814,3.976871,-0.008552,0.001222,-0.007178,31.01,66.6102268323764
77232,-8.450253,-3.598207,3.974478,-0.008705,0.000611,-0.006109,31.01,66.5999079226204
77242,-8.452645,-3.597609,3.975675,-0.00901,0.000458,-0.006261,31.01,66.5980905280796
77252,-8.447861,-3.599404,3.981657,-0.008858,0.001069,-0.005803,31.01,66.5582545635324
77262,-8.460423,-3.596412,3.987041,-0.009163,0.000458,-0.005498,31.01,66.5536376223331
77272,-8.460423,-3.591029,3.972684,-0.008399,0.000611,-0.006414,31.01,66.6242170077018
77282,-8.46102,-3.597609,3.987041,-0.008705,0.000305,-0.00672,31,66.5559528523248
77292,-8.464012,-3.586841,3.985246,-0.008858,0.000611,-0.006109,31,66.5620636611887
77302,-8.457432,-3.599404,3.983452,-0.009316,0,-0.006567,30.98,66.5688715040386
77312,-8.456833,-3.598805,3.979862,-0.008552,0.000305,-0.005651,30.98,66.5859280669395
77322,-8.452048,-3.591627,3.97388,-0.008858,0.000153,-0.005956,31.05,66.6009494923242
77332,-8.459825,-3.589832,3.985844,-0.008399,-0.001069,-0.006567,31.05,66.5528122357481
77342,-8.457432,-3.602993,3.984648,-0.008705,-0.000458,-0.005956,31.01,66.5657934195517
77352,-8.453244,-3.597011,3.983452,-0.008094,0.000458,-0.005651,31.01,66.5579711989386
77362,-8.467003,-3.59043,3.987041,-0.008247,-0.001222,-0.006872,31.01,66.5620956492643
77372,-8.457432,-3.6006,3.976871,-0.008399,-0.001069,-0.006872,31.04,66.6044809763513
77382,-8.449656,-3.591029,3.974478,-0.008247,-0.001069,-0.005803,31.04,66.592267436315
77392,-8.461619,-3.602395,3.975675,-0.008094,-0.001222,-0.006261,31.04,66.6211026260625
77402,-8.458031,-3.597609,3.976871,-0.007789,-0.001222,-0.006261,31.04,66.6030725380427
77412,-8.46102,-3.591029,3.985844,-0.00733,-0.001374,-0.005345,31,66.5563795948708
77422,-8.461619,-3.586841,3.97747,-0.008247,-0.001374,-0.005956,31,66.5978687133552
77432,-8.454441,-3.591029,3.979264,-0.008705,-0.001527,-0.005498,31.03,66.5771425061547
77442,-8.458628,-3.595216,3.987041,-0.008858,-0.001833,-0.005956,31.03,66.5488139049715
77452,-8.469396,-3.594618,3.994817,-0.008552,-0.001069,-0.004734,31,66.5300640468946
77462,-8.455637,-3.592823,3.993023,-0.007941,-0.00168,-0.004734,31,66.5090294043559
77472,-8.459825,-3.598805,3.98405,-0.008094,-0.002291,-0.006109,31.02,66.570207629758
77482,-8.458628,-3.598805,3.978068,-0.008094,-0.001833,-0.006261,31.02,66.5990997091658
77492,-8.450851,-3.605386,3.982255,-0.008705,-0.001222,-0.006109,31.02,66.5667161486694
77502,-8.457432,-3.595216,3.988237,-0.008552,-0.000916,-0.005345,31.02,66.5400333585778
77512,-8.456833,-3.598805,3.97747,-0.008552,0.000153,-0.005192,31.01,66.5984865179913
77522,-8.452048,-3.592823,3.982255,-0.008858,0.000153,-0.006261,31.01,66.5580187226871
77532,-8.455039,-3.597609,3.982853,-0.008399,0.001069,-0.004581,31.02,66.5654075008205
77542,-8.459825,-3.6006,3.988237,-0.008094,0.000611,-0.00504,31,66.5498416887104
77552,-8.461619,-3.591029,3.981059,-0.008094,0.000916,-0.005651,31,66.5827441731871
77562,-8.455637,-3.59402,3.981657,-0.008247,0.001527,-0.005192,31.02,66.569742456441
77572,-8.456235,-3.597609,3.989433,-0.008247,0.002291,-0.005345,31.02,66.5333829580305
77582,-8.458031,-3.597011,3.988835,-0.008705,0.003207,-0.005192,31.02,66.5397502919184
77592,-8.453843,-3.598207,3.972684,-0.00901,0.003512,-0.005192,31.02,66.6168410075429
77602,-8.459825,-3.586841,3.98405,-0.008705,0.003665,-0.005498,31.02,66.5595692812133
77612,-8.450253,-3.59043,3.993023,-0.008399,0.004276,-0.004734,31.02,66.4955914703559
77622,-8.452048,-3.589234,3.97747,-0.008247,0.004429,-0.005498,31.04,66.579957652278
77632,-8.46102,-3.603591,3.988237,-0.008858,0.003665,-0.005498,31.04,66.5550077490481
77642,-8.457432,-3.592823,3.979264,-0.009163,0.004734,-0.00504,30.99,66.5849993959012
77652,-8.458031,-3.586841,3.979264,-0.008705,0.005651,-0.005803,30.99,66.5809381566201
77662,-8.459227,-3.600002,3.974478,-0.008705,0.005345,-0.004581,31.03,66.6202644834129
77672,-8.459227,-3.591627,3.980461,-0.008399,0.005345,-0.004734,31.03,66.5814085893499
77682,-8.465807,-3.591627,3.987639,-0.00901,0.005345,-0.004887,31.02,66.5575187550518
77692,-8.462815,-3.585645,3.981657,-0.008552,0.00504,-0.00504,31.02,66.577330150173
77702,-8.46102,-3.601198,3.980461,-0.009316,0.005192,-0.003818,31,66.5936682368608
77712,-8.454441,-3.600002,3.984648,-0.008399,0.004276,-0.004887,31.02,66.556866506617
77722,-8.462815,-3.58744,3.979264,-0.008399,0.004123,-0.00504,31.02,66.5914835933296
77732,-8.46102,-3.592823,3.97747,-0.008247,0.004581,-0.005192,31.03,66.6019242531499
77742,-8.459227,-3.593421,3.979862,-0.008247,0.003665,-0.004734,31.03,66.5861474711008
77752,-8.455637,-3.604787,3.972684,-0.009163,0.003665,-0.005345,31.01,66.6264447806787
77762,-8.463414,-3.594618,3.979264,-0.009163,0.003207,-0.005192,31.01,66.5991062464324
77772,-8.465208,-3.595814,3.970889,-0.00901,0.002902,-0.005651,31.02,66.6478789508419
77782,-8.46461,-3.602993,3.981059,-0.00901,0.002443,-0.005498,31.02,66.5996280470082
77792,-8.461619,-3.599404,3.988237,-0.008552,0.002138,-0.00504,31,66.5525317363506
77802,-8.462217,-3.586841,3.975077,-0.008858,0.002291,-0.006567,31,66.6116856411528
77812,-8.453843,-3.597609,3.981059,-0.008552,0.001985,-0.004734,31.03,66.5723218733466
77822,-8.465807,-3.592823,3.978666,-0.008399,0.001985,-0.003971,31.03,66.6056535122851
77832,-8.458628,-3.591627,3.979862,-0.008399,0.00168,-0.003971,31.02,66.5832996293728
77842,-8.447262,-3.611368,3.976871,-0.008858,0.001374,-0.00504,31.02,66.5928248873638
77852,-8.459227,-3.589234,3.97747,-0.00901,0,-0.006261,31,66.5949872871579
77862,-8.447262,-3.592225,3.975675,-0.008858,0.000458,-0.005345,31,66.5820271658458
77872,-8.473583,-3.592225,3.976273,-0.008858,-0.000305,-0.006109,31.02,66.6339188720031
77882,-8.467003,-3.592823,3.978068,-0.008094,-0.000458,-0.004276,31.02,66.6112908831679
77892,-8.474779,-3.588636,3.987041,-0.008247,0.000153,-0.004276,31.02,66.5767735037059
77902,-8.463414,-3.591029,3.978068,-0.008247,-0.001527,-0.005192,31,66.6021984310679
77912,-8.462815,-3.595216,3.971487,-0.009163,-0.001833,-0.005956,31,66.6392139573168
77922,-8.456833,-3.597609,3.987639,-0.008552,-0.00168,-0.006261,31.04,66.5440478951223
77932,-8.458031,-3.601796,3.975077,-0.008247,-0.001833,-0.006414,31.04,66.6162162566755
77942,-8.449656,-3.604787,3.987639,-0.008399,-0.001985,-0.005803,31,66.5354180213516
77952,-8.459825,-3.589234,3.986442,-0.00901,-0.003207,-0.005803,31,66.5491426393275
77962,-8.46102,-3.585046,3.985844,-0.00901,-0.002443,-0.006109,31.02,66.5510637865196
77972,-8.453244,-3.595216,3.987639,-0.008552,-0.002749,-0.00733,31.02,66.534393335358
77982,-8.460423,-3.591029,3.981059,-0.007789,-0.003207,-0.006414,31.04,66.5802412796452
77992,-8.459825,-3.600002,3.988835,-0.008094,-0.002749,-0.006109,31.04,66.5461725125319
78002,-8.466404,-3.599404,3.982853,-0.008247,-0.002596,-0.005803,31.01,66.590776256688
78012,-8.456833,-3.592823,3.979862,-0.007789,-0.003054,-0.007025,31.01,66.580605829236
78022,-8.467003,-3.592225,3.987041,-0.008094,-0.00168,-0.005651,31,66.5636891083651
78032,-8.464012,-3.59402,3.979862,-0.008399,-0.00168,-0.005651,31,66.5966871693978
78042,-8.455637,-3.599404,3.988835,-0.008399,-0.001527,-0.005803,31.02,66.5368677721882
78052,-8.458628,-3.597609,3.981059,-0.009316,-0.001222,-0.006567,31.02,66.5823352297829
78062,-8.456235,-3.603591,3.99063,-0.008247,0.000611,-0.005345,31,66.5324407857106
78072,-8.458031,-3.595216,3.982255,-0.008858,0.000764,-0.005956,31.04,66.5726793972447
78082,-8.453244,-3.605984,3.99721,-0.008247,0.000611,-0.005498,31.04,66.4938067982149
78092,-8.448458,-3.598207,3.988237,-0.008094,0.001527,-0.005803,31.04,66.5238876181397
78102,-8.462815,-3.591627,3.987639,-0.00901,0.002138,-0.005956,31.04,66.5512537932185
78112,-8.458628,-3.596412,3.989433,-0.009774,0.003207,-0.006414,31.02,66.5373305508909
78122,-8.46102,-3.595814,3.985246,-0.009774,0.003512,-0.004887,31.02,66.5637720364296
78132,-8.457432,-3.602395,3.99063,-0.008705,0.003971,-0.006414,31.02,66.5338807278744
78142,-8.465208,-3.592225,3.985844,-0.00901,0.004429,-0.00672,31.02,66.5662104064475
78152,-8.455039,-3.588636,3.985246,-0.00901,0.004581,-0.006872,31,66.5448561221838
78162,-8.444869,-3.6006,3.98405,-0.008552,0.005345,-0.005956,31,66.5404840965675
78172,-8.450851,-3.595814,3.976871,-0.009316,0.005803,-0.006567,31.03,66.5864550213132
78182,-8.459227,-3.59402,3.978666,-0.009163,0.006567,-0.005345,31.03,66.5929586541186
78192,-8.462217,-3.591029,3.982255,-0.009163,0.00672,-0.005192,31.04,66.5777186096256
78202,-8.456833,-3.603591,3.981657,-0.009316,0.006872,-0.004887,31.04,66.5807687559575
78212,-8.447861,-3.601198,3.979264,-0.009316,0.006872,-0.005498,31.02,66.5724249797243
78222,-8.455637,-3.594618,3.980461,-0.009316,0.006872,-0.00504,31.02,66.5765540205815
78232,-8.450851,-3.595216,3.97388,-0.00901,0.005803,-0.006109,31.01,66.6016379212698
78242,-8.459825,-3.591627,3.97747,-0.008705,0.005651,-0.004276,31,66.5983631082656
78252,-8.456235,-3.601796,3.979264,-0.008858,0.005651,-0.003818,31,66.5904798886032
78262,-8.463414,-3.58744,3.97388,-0.007636,0.005192,-0.003818,31.03,66.6210051742667
78272,-8.456235,-3.59402,3.985844,-0.008399,0.004581,-0.004276,31.03,66.5490169319858
78282,-8.457432,-3.598805,3.974478,-0.008399,0.003512,-0.004887,31.01,66.6154501783588
78292,-8.465807,-3.596412,3.978068,-0.008247,0.002749,-0.00504,31.01,66.6119756816083
78302,-8.462815,-3.602993,3.981657,-0.008858,0.002138,-0.005498,31.03,66.5927409880806
78312,-8.456235,-3.597609,3.978068,-0.008705,0.001833,-0.005345,31.03,66.5930317931038
78322,-8.466404,-3.601796,3.976273,-0.008858,0.000458,-0.004734,31.03,66.6274198650086
78332,-8.455039,-3.589832,3.973282,-0.008858,0.000611,-0.004276,31.03,66.6087549763875
78342,-8.458628,-3.59402,3.980461,-0.008705,-0.000153,-0.004887,31,66.5822820908011
78352,-8.452048,-3.6006,3.987041,-0.008552,-0.000916,-0.004429,31,66.539828374372
78362,-8.458031,-3.596412,3.98405,-0.007789,-0.002138,-0.00336,30.97,66.5643229666543
78372,-8.452048,-3.595216,3.979264,-0.007941,-0.002596,-0.004887,30.97,66.5758582808721
78382,-8.462815,-3.583252,3.979264,-0.007941,-0.003207,-0.005956,31,66.5877702590282
78392,-8.462815,-3.59402,3.982853,-0.007789,-0.003512,-0.005651,31,66.5784887388354
78402,-8.455637,-3.602395,3.986442,-0.007789,-0.004123,-0.004887,31.02,66.5520905347837
78412,-8.453843,-3.598207,3.984648,-0.007636,-0.005192,-0.005345,30.98,66.5540137891091
78422,-8.451449,-3.582056,3.983452,-0.007178,-0.005192,-0.005192,30.98,66.540891535893
78432,-8.455039,-3.580261,3.982853,-0.007941,-0.00504,-0.005651,31.03,66.5499749006669
78442,-8.447861,-3.588636,3.97388,-0.008094,-0.004429,-0.005803,31.03,66.5895217586622
78452,-8.463414,-3.6006,3.982853,-0.007178,-0.004429,-0.005651,31,66.5855902192109
78462,-8.450851,-3.592823,3.973282,-0.00733,-0.004887,-0.006261,31,66.6026509573112
78472,-8.448458,-3.601796,3.978666,-0.007025,-0.005345,-0.005498,31.01,66.5773496664964
78482,-8.450253,-3.593421,3.983452,-0.007483,-0.004581,-0.005803,31.01,66.5485034671307
78492,-8.459825,-3.586841,3.981657,-0.007636,-0.003971,-0.005956,31.04,66.5721306053548
78502,-8.464012,-3.592823,3.983452,-0.007483,-0.004123,-0.005498,31.04,66.5767869365356
78512,-8.456833,-3.586841,3.981657,-0.007789,-0.003665,-0.005956,31,66.5658630091497
78522,-8.446067,-3.595814,3.985246,-0.007941,-0.003818,-0.006109,31,66.5324389407095
78532,-8.458628,-3.592225,3.984648,-0.008247,-0.003818,-0.006872,31.06,66.5587091089513
78542,-8.453244,-3.580261,3.987041,-0.008399,-0.003054,-0.005651,31.06,66.524214708472
78552,-8.462815,-3.589832,3.982255,-0.008094,-0.003054,-0.005803,31,66.5779072635391
78562,-8.448458,-3.59043,3.987639,-0.008094,-0.002749,-0.006261,31,66.5200843558791
78572,-8.453843,-3.592225,3.991827,-0.008247,-0.001069,-0.005956,31.02,66.5110060331268
78582,-8.463414,-3.604189,3.988835,-0.009774,-0.000153,-0.006414,31.04,66.5574131268915
78592,-8.449656,-3.586841,3.98405,-0.008705,-0.000153,-0.005803,31.04,66.5382471353414
78602,-8.450253,-3.598207,3.986442,-0.008705,0.001069,-0.005498,31.01,66.5370742033243
78612,-8.447861,-3.588037,3.991228,-0.008858,0.00168,-0.006414,31.01,66.4978520452794
78622,-8.453244,-3.58744,3.988835,-0.009468,0.002291,-0.005651,31.04,66.5211860672871
78632,-8.459825,-3.598207,3.980461,-0.009316,0.002902,-0.006414,31.04,66.5885094236928
78642,-8.459825,-3.598207,3.99063,-0.009927,0.004581,-0.006261,30.99,66.5351594006017
78652,-8.456235,-3.585046,3.987639,-0.009927,0.004581,-0.006872,30.99,66.5316092352143
78662,-8.460423,-3.579663,3.994219,-0.009316,0.005345,-0.006109,31.04,66.501089213869
78672,-8.460423,-3.592823,3.987041,-0.009927,0.005651,-0.005192,31.04,66.5504442296411
78682,-8.459227,-3.595814,3.988237,-0.010079,0.006872,-0.005651,31,66.544326588746
78692,-8.449656,-3.598207,3.992425,-0.009774,0.008094,-0.004734,31,66.5044216547509
78702,-8.457432,-3.594618,3.986442,-0.010385,0.008094,-0.005192,31.02,66.5489190739636
78712,-8.459825,-3.595814,3.983452,-0.009774,0.008552,-0.005651,31.02,66.5706840606781
78722,-8.453244,-3.592823,3.983452,-0.009468,0.008705,-0.005956,31.03,66.5542397502552
78732,-8.459825,-3.598207,3.97388,-0.009468,0.009468,-0.005192,31.03,66.6230585306041
78742,-8.459825,-3.596412,3.978666,-0.009927,0.009774,-0.00504,30.99,66.5963352678115
78752,-8.467602,-3.588037,3.978666,-0.009774,0.01069,-0.003971,31.02,66.605163204261
78762,-8.458031,-3.598207,3.973282,-0.009774,0.010537,-0.004734,31.02,66.6224513938279
78772,-8.455637,-3.59402,3.975077,-0.009468,0.010385,-0.005192,31.02,66.6042971664168
78782,-8.449057,-3.586841,3.968496,-0.010079,0.010232,-0.004887,31.02,66.6187391355673
78792,-8.450851,-3.594618,3.978068,-0.009468,0.009927,-0.005192,31.03,66.5791014516798
78802,-8.459825,-3.599404,3.982255,-0.009774,0.009468,-0.005345,31.03,66.5801594471054
78812,-8.461619,-3.595216,3.97747,-0.009927,0.00901,-0.005651,31.02,66.605301542559
78822,-8.456235,-3.597011,3.972684,-0.009927,0.008705,-0.005956,31.02,66.6207767265858
78832,-8.462217,-3.598207,3.973282,-0.008858,0.008247,-0.005192,31,66.6311938138034
78842,-8.456833,-3.597609,3.973282,-0.009468,0.00672,-0.006414,31,66.6194167424556
78852,-8.467003,-3.601796,3.97388,-0.009163,0.005803,-0.006109,31.02,66.6412271880588
78862,-8.457432,-3.598207,3.972086,-0.009163,0.005498,-0.005803,31.02,66.6274819937208
78872,-8.46102,-3.592225,3.963711,-0.009621,0.004581,-0.00504,31.02,66.6736700185148
78882,-8.458628,-3.585645,3.971487,-0.008858,0.004123,-0.005192,31.02,66.6219784337898
78892,-8.458628,-3.592225,3.976871,-0.007789,0.003054,-0.004734,31.03,66.5995358453278
78902,-8.46102,-3.605386,3.972684,-0.008705,0.001374,-0.005498,31.03,66.6382130252496
78912,-8.46461,-3.591627,3.968496,-0.00733,0.000611,-0.005956,31,66.6554892558099
78922,-8.451449,-3.595216,3.970889,-0.008247,-0.001833,-0.005651,31.03,66.6186076729164
78932,-8.462815,-3.598805,3.970291,-0.007789,-0.002596,-0.005192,31.03,66.6486785398646
78942,-8.465807,-3.599404,3.97388,-0.007941,-0.004123,-0.005498,31.03,66.6366099467171
78952,-8.461619,-3.596412,3.971487,-0.007025,-0.004734,-0.005803,31.03,66.6377780219992
78962,-8.461619,-3.595814,3.9673,-0.007178,-0.005498,-0.005498,31.04,66.6592407980766
78972,-8.461619,-3.598207,3.986442,-0.007636,-0.00672,-0.005651,31.04,66.5608807540999
78982,-8.46461,-3.598805,3.983452,-0.007941,-0.007483,-0.005803,30.98,66.5833524258896
78992,-8.456235,-3.593421,3.981657,-0.007483,-0.008247,-0.005498,30.98,66.5704615601331
79002,-8.46102,-3.586841,3.971487,-0.006872,-0.008552,-0.006109,31.02,66.6280396447686
79012,-8.459825,-3.592225,3.976273,-0.006567,-0.008705,-0.005651,31.02,66.6051794552915
79022,-8.461619,-3.595216,3.982255,-0.006567,-0.008552,-0.005651,31.03,66.5801873843364
79032,-8.459227,-3.595216,3.971487,-0.006567,-0.008247,-0.004734,31.03,66.6317212262139
79042,-8.455637,-3.598805,3.982255,-0.007025,-0.008094,-0.005345,30.98,66.5708637627457
79052,-8.453843,-3.598805,3.984648,-0.006567,-0.008705,-0.005345,30.98,66.5545469352936
79062,-8.459227,-3.581457,3.985246,-0.005803,-0.008399,-0.005192,31.02,66.5472565572377
79072,-8.445468,-3.589234,3.988237,-0.006567,-0.007483,-0.004429,31.02,66.5095980098077
79082,-8.458031,-3.589832,3.984648,-0.006872,-0.007178,-0.004581,31.04,66.5553301831531
79092,-8.453843,-3.588037,3.981657,-0.006872,-0.005651,-0.004887,31.04,66.5606605906126
79102,-8.459825,-3.588636,3.985246,-0.007789,-0.00504,-0.004734,31.02,66.5548872403515
79112,-8.452048,-3.597609,3.983452,-0.007178,-0.002749,-0.004887,31.02,66.5559990200439
79122,-8.457432,-3.592823,3.99063,-0.007789,-0.003054,-0.005192,31.02,66.5253475615108
79132,-8.449656,-3.603591,3.99063,-0.008094,-0.001985,-0.004429,31.05,66.5186532122415
79142,-8.460423,-3.593421,3.98405,-0.007636,-0.001222,-0.004123,31.05,66.5666695261429
79152,-8.456235,-3.585645,3.989433,-0.008247,0,-0.004429,30.99,66.5227266062705
79162,-8.453244,-3.594618,3.99063,-0.008094,0.000153,-0.004887,30.99,66.518164114746
79172,-8.455637,-3.592823,3.991228,-0.007941,0.001833,-0.004276,31.02,66.518445829797
79182,-8.456235,-3.593421,3.993621,-0.008552,0.002443,-0.005651,31.02,66.5076806416059
79192,-8.458628,-3.589832,3.990032,-0.008247,0.003054,-0.005803,31.01,66.5283295291482
79202,-8.452048,-3.593421,3.995416,-0.008399,0.004123,-0.005651,31.01,66.4894760692027
79212,-8.451449,-3.598805,3.991228,-0.00901,0.004581,-0.005803,31.03,66.5149984780885
79222,-8.456235,-3.595216,3.988835,-0.008399,0.00504,-0.004429,31.03,66.5343872947186
79232,-8.453244,-3.593421,3.990032,-0.008552,0.004887,-0.005192,31.01,66.5202344162697
79242,-8.451449,-3.591029,3.993621,-0.009163,0.005498,-0.005956,31.01,66.4955001575057
79252,-8.462815,-3.58744,3.978068,-0.008858,0.006109,-0.00504,31.01,66.5977623218509
79262,-8.456235,-3.588037,3.982853,-0.00901,0.007178,-0.005651,31.01,66.5593934548327
79272,-8.450851,-3.597609,3.984648,-0.009468,0.007789,-0.006414,31.02,66.5472119447595
79282,-8.448458,-3.598805,3.983452,-0.009621,0.007941,-0.005803,31.01,66.5495440962428
79292,-8.443673,-3.600002,3.981657,-0.009468,0.006872,-0.006261,31.01,66.5500120429738
79302,-8.463414,-3.59043,3.978666,-0.008705,0.007941,-0.00504,31.03,66.5985280082192
79312,-8.453843,-3.588037,3.979862,-0.010079,0.00733,-0.005345,31.03,66.5700879990356
79322,-8.459227,-3.592225,3.982853,-0.009468,0.007483,-0.005651,30.98,66.5693841914042
79332,-8.467602,-3.598207,3.974478,-0.009316,0.006414,-0.006261,30.98,66.6361551515393
79342,-8.453244,-3.589234,3.980461,-0.009163,0.006872,-0.005651,30.99,66.5667514906064
79352,-8.458628,-3.595216,3.98405,-0.009468,0.006109,-0.006109,30.99,66.5645083570018
79362,-8.457432,-3.585046,3.979264,-0.00901,0.006567,-0.00672,31.01,66.5780897646737
79372,-8.451449,-3.601796,3.979862,-0.009927,0.005345,-0.006872,31.01,66.5773284460673
79382,-8.462815,-3.589832,3.983452,-0.009621,0.004734,-0.006872,31.02,66.5716258093169
79392,-8.461619,-3.597609,3.981059,-0.009316,0.004581,-0.006414,31.02,66.5885907010152
79402,-8.463414,-3.588636,3.982853,-0.008247,0.003665,-0.006567,30.97,66.5749611779221
79412,-8.46102,-3.586243,3.978068,-0.008552,0.003971,-0.006414,30.97,66.5929449018829
79422,-8.456235,-3.591029,3.978068,-0.009468,0.003054,-0.00672,31.02,66.5871798083674
79432,-8.461619,-3.6006,3.975077,-0.009468,0.002596,-0.005956,31.02,66.6226465554689
79442,-8.460423,-3.591029,3.97747,-0.008552,0.000458,-0.006261,31.04,66.5990829434276
79452,-8.458628,-3.595216,3.978666,-0.009163,0.000916,-0.006414,31,66.5927688143323
79462,-8.462815,-3.592823,3.982255,-0.008552,-0.000611,-0.006872,31,66.5805632439683
79472,-8.458031,-3.586841,3.978068,-0.009468,-0.000611,-0.00672,31.03,66.5872190540686
79482,-8.459227,-3.595814,3.969095,-0.009621,-0.000764,-0.006261,31.03,66.6448179619323
79492,-8.46461,-3.602395,3.975675,-0.008705,-0.001374,-0.005803,30.99,66.6273460755161
79502,-8.465807,-3.595814,3.983452,-0.00901,-0.000764,-0.005803,30.99,66.5831976421071
79512,-8.447861,-3.595814,3.97747,-0.009163,-0.000764,-0.006261,31.02,66.5770472747964
79522,-8.451449,-3.591627,3.973282,-0.009163,-0.001527,-0.006567,31.02,66.60283853266
79532,-8.463414,-3.592823,3.970291,-0.009163,-0.001222,-0.006109,31.02,66.6446241749283
79542,-8.462217,-3.599404,3.982853,-0.00901,-0.000916,-0.006261,31.02,66.5820240446644
79552,-8.461619,-3.591627,3.981657,-0.008552,-0.001069,-0.006109,31,66.5801366842225
79562,-8.456833,-3.598805,3.970291,-0.008247,-0.000611,-0.005651,31,66.6361919278891
79572,-8.462217,-3.605386,3.985844,-0.008552,-0.000458,-0.005803,31.02,66.5716596047995
79582,-8.456833,-3.595814,3.984648,-0.009468,-0.000458,-0.00672,31.02,66.5581438612148
79592,-8.452048,-3.604787,3.979264,-0.008552,0,-0.005956,31.02,66.5843896056152
79602,-8.450851,-3.592225,3.980461,-0.008705,0,-0.004887,31.02,66.5643997790135
79612,-8.450851,-3.595814,3.988835,-0.008858,0.000611,-0.005498,31.01,66.523631440734
79622,-8.451449,-3.591627,3.981657,-0.009316,0.000916,-0.005498,31.01,66.5588385937586
79632,-8.456833,-3.593421,3.987041,-0.008094,0.000764,-0.00504,31.01,66.5434549444163
79642,-8.449057,-3.59402,3.981059,-0.008399,0.001222,-0.004429,31.02,66.5590987023931
79652,-8.461619,-3.605386,3.980461,-0.008094,0.001527,-0.004123,31.02,66.5986463847085
79662,-8.452048,-3.598207,3.983452,-0.008247,0.001527,-0.004734,31.02,66.5565322619237
79672,-8.456235,-3.595814,3.979862,-0.008552,0.001222,-0.004581,31.02,66.5820149450836
79682,-8.460423,-3.597011,3.970291,-0.008858,0.001527,-0.004581,31.03,66.6420943981263
79692,-8.469995,-3.596412,3.981059,-0.007789,0.001069,-0.004276,31.03,66.6050319070113
79702,-8.459825,-3.596412,3.981657,-0.007636,0.002138,-0.004123,31.03,66.5806359402482
79712,-8.456833,-3.600002,3.978068,-0.008247,0.001985,-0.004581,31.03,66.5964119602517
79722,-8.455637,-3.585645,3.976273,-0.008094,0.001985,-0.004734,31.03,66.5905732606304
79732,-8.458031,-3.595216,3.981657,-0.007636,0.002443,-0.004887,31.03,66.5758182609932
79742,-8.458031,-3.588636,3.982255,-0.008552,0.003054,-0.004734,31,66.5668283248763
79752,-8.453843,-3.59402,3.978068,-0.007789,0.003207,-0.004123,31,66.5848330861359
79762,-8.447861,-3.600002,3.97388,-0.008247,0.003054,-0.004581,31,66.5996457067512
79772,-8.456235,-3.588636,3.98405,-0.00733,0.00336,-0.00504,31,66.5536418901021
79782,-8.466404,-3.585046,3.975077,-0.008552,0.002749,-0.004123,31.02,66.6188496561341
79792,-8.450253,-3.598207,3.972684,-0.007789,0.003054,-0.004123,31.04,66.6093349776821
79802,-8.450253,-3.597609,3.984648,-0.007636,0.00336,-0.005345,31.04,66.5459586943503
79812,-8.448458,-3.586841,3.978068,-0.007941,0.002902,-0.005345,31.02,66.5671626746768
79822,-8.465807,-3.598805,3.975675,-0.008399,0.002443,-0.005651,31.02,66.6266573593863
79832,-8.452645,-3.592823,3.97747,-0.007636,0.002291,-0.005345,30.99,66.5844010663867
79842,-8.458628,-3.58744,3.985246,-0.007941,0.003207,-0.006109,30.99,66.5513158876174
79852,-8.455039,-3.579663,3.97388,-0.007789,0.002138,-0.005803,30.99,66.5965868183864
79862,-8.454441,-3.597011,3.963113,-0.008399,0.001833,-0.005956,30.99,66.6673305024673
79872,-8.454441,-3.583252,3.983452,-0.007636,0.001374,-0.005956,31.04,66.5482327081264
79882,-8.467602,-3.598805,3.975675,-0.007483,0.000611,-0.005803,31.04,66.6304037767621
79892,-8.466404,-3.603591,3.987041,-0.007941,0.000305,-0.005956,31,66.572537889044
79902,-8.462815,-3.59043,3.979264,-0.007636,0.000458,-0.00672,31,66.5941362769218
79912,-8.452048,-3.588037,3.992425,-0.00733,-0.000153,-0.005651,31.02,66.5003652621911
79922,-8.457432,-3.58385,3.981657,-0.006872,-0.000305,-0.004123,31.02,66.5644610755273
79932,-8.454441,-3.589832,3.972684,-0.007941,-0.000305,-0.004734,31,66.6106462145645
79942,-8.454441,-3.594618,3.979862,-0.007483,-0.000458,-0.005498,31,66.5771955438868
79952,-8.451449,-3.602993,3.976871,-0.007941,-0.00168,-0.006414,30.96,66.5941036783587
79962,-8.458628,-3.591029,3.979862,-0.007789,-0.001222,-0.005651,31.02,66.5827682313845
79972,-8.450253,-3.589234,3.976273,-0.00733,-0.001222,-0.005498,31.02,66.582487138813
79982,-8.446664,-3.592823,3.98405,-0.008247,-0.001985,-0.006567,31,66.5373027611759
79992,-8.459825,-3.580261,3.991228,-0.008247,-0.001069,-0.006261,31,66.516055706222
80002,-8.456833,-3.586243,3.987041,-0.007941,-0.001069,-0.005803,30.96,66.5370670179026
80012,-8.464012,-3.593421,3.976273,-0.008552,-0.001527,-0.005956,30.96,66.6149929505001
80022,-8.461619,-3.588636,3.98405,-0.008399,-0.00168,-0.006414,31,66.564921519361
80032,-8.457432,-3.598207,3.976273,-0.008552,-0.002138,-0.00672,31,66.6054921510007
80042,-8.453843,-3.592225,3.982853,-0.008858,-0.000916,-0.006109,30.98,66.5581074353538
80052,-8.452048,-3.594618,3.982853,-0.007941,-0.000764,-0.004887,30.98,66.5564778588703
80062,-8.453843,-3.6006,3.973282,-0.008399,-0.000611,-0.005956,31,66.6158289037088
80072,-8.447861,-3.6006,3.983452,-0.008858,-0.000153,-0.006414,31,66.5498958087786
80082,-8.450851,-3.604787,3.984648,-0.008858,0.000153,-0.005345,31,66.5536194453149
80092,-8.457432,-3.59043,3.978666,-0.008247,0.000153,-0.005651,31,66.5860125211339
80102,-8.459825,-3.589832,3.98405,-0.008705,0,-0.006109,31.02,66.5622269082431
80112,-8.446664,-3.592823,3.99063,-0.008552,0,-0.005498,31.02,66.5027502636862
80122,-8.468199,-3.59043,3.985246,-0.00901,0.000764,-0.00504,31.02,66.5740122684816
80132,-8.455637,-3.591627,3.981059,-0.008705,0.00168,-0.005651,31.03,66.5707529414815
80142,-8.453843,-3.58744,3.98405,-0.009163,0.002138,-0.00504,31.03,66.5475632941325
80152,-8.46102,-3.58744,3.990032,-0.009468,0.002596,-0.005651,31.05,66.5312176206467
80162,-8.452048,-3.598207,3.985844,-0.009163,0.002902,-0.005803,31.05,66.543975442649
80172,-8.468798,-3.592225,3.983452,-0.009927,0.003818,-0.004429,31.03,66.5862662675167
80182,-8.455637,-3.593421,3.990032,-0.010079,0.003207,-0.005498,31.03,66.525253606716
80192,-8.459227,-3.596412,3.988835,-0.009316,0.00336,-0.00504,31.01,66.5417222252467
