t_ms,ax,ay,az,gx,gy,gz,temp,ang_deg
12,-8.109874,-3.788436,4.462016,0.359952,0.137597,-0.080023,32.16,63.5043114289717
22,-8.103294,-3.786642,4.468596,0.363312,0.153785,-0.077427,32.16,63.4533836851266
32,-8.119445,-3.769892,4.475177,0.364228,0.168904,-0.076053,32.16,63.4390441141365
42,-8.126026,-3.754339,4.484748,0.364839,0.184176,-0.076969,32.16,63.388607348604
52,-8.161918,-3.747759,4.489533,0.36377,0.211359,-0.080787,32.16,63.4404869031016
62,-8.182258,-3.74058,4.485346,0.357203,0.224646,-0.083536,32.19,63.5013354722205
72,-8.190034,-3.734,4.474578,0.351858,0.237321,-0.087659,32.19,63.5673048294921
82,-8.204391,-3.722634,4.463212,0.345444,0.247706,-0.091019,32.16,63.6465184733312
92,-8.220542,-3.711866,4.466802,0.338877,0.257327,-0.097586,32.16,63.6541670765391
102,-8.221141,-3.710072,4.451249,0.330325,0.265726,-0.103084,32.19,63.7330762232556
112,-8.2349,-3.701099,4.429115,0.322995,0.273057,-0.108276,32.19,63.868505368626
122,-8.24148,-3.690929,4.421339,0.314748,0.278096,-0.111941,32.22,63.9129071557674
132,-8.25165,-3.690331,4.398606,0.307112,0.280998,-0.117744,32.22,64.05192919468
142,-8.261221,-3.68734,4.372285,0.299171,0.281914,-0.122173,32.22,64.205646555429
152,-8.268398,-3.669394,4.363312,0.291841,0.280998,-0.124769,32.22,64.2498983152126
162,-8.276773,-3.66401,4.332206,0.284358,0.277333,-0.129045,32.17,64.4234482881033
172,-8.287541,-3.665206,4.320839,0.27718,0.27153,-0.13271,32.17,64.5074192601056
182,-8.292327,-3.661617,4.312464,0.270919,0.26481,-0.137292,32.16,64.5577576264863
192,-8.30788,-3.659822,4.285545,0.264199,0.255189,-0.140804,32.16,64.7296089556544
202,-8.321041,-3.655635,4.271188,0.258549,0.244804,-0.14447,32.14,64.8289186299984
212,-8.321041,-3.646064,4.250251,0.253051,0.231823,-0.150273,32.14,64.9278213234201
222,-8.353344,-3.633501,4.231109,0.248317,0.218232,-0.161116,32.16,65.0861403969708
232,-8.352745,-3.637689,4.233501,0.240681,0.185398,-0.167224,32.14,65.0764635604539
242,-8.353942,-3.643671,4.224528,0.238237,0.168599,-0.17318,32.14,65.1312582186333
252,-8.363514,-3.637689,4.214957,0.235489,0.149967,-0.180511,32.16,65.196094392921
262,-8.359925,-3.632903,4.217948,0.235336,0.13042,-0.188605,32.16,65.168162468243
272,-8.344969,-3.631706,4.205984,0.234267,0.111788,-0.197157,32.12,65.1961512069471
282,-8.34138,-3.641278,4.207779,0.236405,0.093462,-0.20296,32.12,65.1881219456448
292,-8.328817,-3.639483,4.208975,0.237627,0.075289,-0.208916,32.15,65.1525522408158
302,-8.319845,-3.641876,4.213162,0.239459,0.057116,-0.214719,32.15,65.1133467742523
312,-8.294122,-3.637091,4.211368,0.243124,0.040775,-0.219453,32.21,65.0611688515814
322,-8.275578,-3.643072,4.213761,0.246331,0.026114,-0.221591,32.21,65.0134165096035
332,-8.254042,-3.643072,4.22094,0.251524,0.012523,-0.223271,32.18,64.9281054218875
342,-8.224131,-3.644867,4.23051,0.257327,0.001222,-0.221439,32.18,64.8131050699204
352,-8.199007,-3.659224,4.252644,0.262672,-0.007941,-0.21869,32.17,64.6555662904681
362,-8.17807,-3.661019,4.261617,0.269392,-0.015424,-0.213345,32.17,64.5632995076184
372,-8.134401,-3.672385,4.272385,0.275042,-0.019548,-0.206625,32.16,64.4195242053695
382,-8.126026,-3.672385,4.28076,0.280998,-0.022144,-0.198531,32.16,64.3566791386603
392,-8.087741,-3.674777,4.309474,0.287412,-0.022449,-0.188452,32.17,64.1213691479065
402,-8.076973,-3.68375,4.333402,0.299477,-0.01573,-0.166461,32.17,63.9811048747824
412,-8.076973,-3.691527,4.34058,0.303905,-0.009621,-0.155618,32.16,63.9519276460406
422,-8.076375,-3.699902,4.354938,0.308487,-0.003054,-0.144622,32.17,63.8847022978938
432,-8.089535,-3.697509,4.380062,0.311999,0.007789,-0.133169,32.17,63.782241101575
442,-8.094321,-3.7005,4.400999,0.314443,0.017562,-0.124617,32.14,63.6881172688359
452,-8.106285,-3.702295,4.417151,0.31597,0.028253,-0.11805,32.14,63.6344038887596
462,-8.122437,-3.711866,4.445267,0.316581,0.040623,-0.112705,32.15,63.5373331952566
472,-8.140383,-3.719643,4.456632,0.315359,0.052229,-0.110261,32.15,63.5289647242973
482,-8.166704,-3.728018,4.482355,0.31093,0.064599,-0.109956,32.15,63.4672776736869
492,-8.179864,-3.725027,4.506881,0.306807,0.076358,-0.113621,32.15,63.3695603977028
502,-8.209177,-3.734,4.517649,0.300393,0.089186,-0.118966,32.18,63.3922768272192
512,-8.246863,-3.738187,4.541577,0.291994,0.102778,-0.128129,32.18,63.3625821097844
522,-8.252846,-3.74058,4.545166,0.282525,0.115606,-0.139583,32.19,63.3607623149829
532,-8.286943,-3.735196,4.552345,0.270766,0.128129,-0.151189,32.19,63.3975087943453
542,-8.289934,-3.753142,4.563711,0.258701,0.141568,-0.166766,32.2,63.3658008053531
552,-8.305488,-3.764508,4.570889,0.245873,0.155007,-0.183107,32.2,63.3772462857638
562,-8.308478,-3.765106,4.569095,0.23274,0.16753,-0.200669,32.14,63.3937282390327
572,-8.305488,-3.777071,4.561318,0.220064,0.192423,-0.234878,32.14,63.4383779057136
582,-8.302496,-3.790829,4.54756,0.195477,0.203571,-0.251524,32.18,63.5150150401808
592,-8.294122,-3.781856,4.521238,0.184939,0.21533,-0.264963,32.13,63.6191912896188
602,-8.259426,-3.800999,4.499703,0.175318,0.225409,-0.276569,32.13,63.6689985146674
612,-8.24148,-3.800999,4.476971,0.168599,0.23503,-0.286343,32.16,63.7434143522121
622,-8.216953,-3.81057,4.453043,0.164323,0.242972,-0.293368,32.16,63.8194159145049
632,-8.2014,-3.822534,4.42074,0.162337,0.249997,-0.295659,32.17,63.9616046347438
642,-8.163713,-3.829114,4.386642,0.161727,0.256411,-0.293979,32.17,64.0580207286996
652,-8.133204,-3.821936,4.348357,0.164017,0.261145,-0.28955,32.15,64.1786105566558
662,-8.111669,-3.82732,4.309474,0.169973,0.26313,-0.280234,32.15,64.3370308744177
672,-8.098508,-3.836293,4.281956,0.178373,0.264352,-0.268017,32.13,64.4599773163936
682,-8.065009,-3.844668,4.26401,0.186925,0.26313,-0.252135,32.13,64.487163355817
692,-8.047661,-3.836891,4.229912,0.1996,0.260381,-0.231976,32.14,64.6183067018275
702,-8.044072,-3.849453,4.193422,0.214108,0.255647,-0.211054,32.14,64.8154108155618
712,-8.041678,-3.844069,4.169494,0.228616,0.24908,-0.187383,32.17,64.930383353366
722,-8.039885,-3.842873,4.162913,0.244652,0.241139,-0.163559,32.17,64.9598425793352
732,-8.059625,-3.835695,4.131208,0.261756,0.230296,-0.138361,32.14,65.1634901132281
742,-8.098508,-3.819543,4.129414,0.278249,0.219453,-0.088423,32.14,65.2418345203851
752,-8.12124,-3.809972,4.140181,0.308945,0.194866,-0.065515,32.15,65.2251967401673
762,-8.134999,-3.795615,4.148556,0.322995,0.180511,-0.045051,32.16,65.1966258469428
772,-8.167302,-3.805186,4.161119,0.33506,0.166155,-0.026878,32.16,65.2114886128391
782,-8.200802,-3.784249,4.170092,0.345139,0.151036,-0.010537,32.16,65.2166926778858
792,-8.224131,-3.775874,4.189234,0.352775,0.134543,-0.000153,32.16,65.1594462896631
802,-8.267202,-3.76391,4.210171,0.357967,0.118813,0.008552,32.14,65.1329262314205
812,-8.285149,-3.745964,4.226922,0.361938,0.104,0.012981,32.14,65.0675384210569
822,-8.317451,-3.737589,4.253242,0.36209,0.089186,0.012523,32.16,64.9940589376946
832,-8.338987,-3.724428,4.266403,0.3598,0.075136,0.010843,32.16,64.9605581090953
842,-8.35813,-3.721437,4.292724,0.356287,0.062003,0.004887,32.13,64.864387611402
852,-8.374879,-3.711866,4.30409,0.350179,0.050855,-0.004429,32.13,64.8336011157105
862,-8.386245,-3.690929,4.326224,0.34239,0.040164,-0.016035,32.12,64.7249827031042
872,-8.383853,-3.685545,4.356732,0.333532,0.030543,-0.030543,32.12,64.5586155642685
882,-8.38146,-3.680759,4.362116,0.322384,0.022602,-0.047647,32.19,64.5211533312161
892,-8.38804,-3.67059,4.372883,0.312152,0.016799,-0.064294,32.19,64.470988843158
902,-8.373085,-3.667599,4.38425,0.300698,0.011454,-0.082009,32.18,64.3767313036131
912,-8.331809,-3.656233,4.396214,0.28955,0.007789,-0.099724,32.18,64.2116852210137
922,-8.316854,-3.652046,4.392624,0.268781,0.005498,-0.132405,32.16,64.1920535049702
942,-8.242078,-3.645465,4.393821,0.251982,0.008399,-0.157603,32.16,64.0090584853798
952,-8.220542,-3.648456,4.400401,0.246026,0.011759,-0.166919,32.18,63.9288750545725
962,-8.184052,-3.646662,4.397409,0.240375,0.015882,-0.172875,32.18,63.8583447130227
972,-8.163713,-3.645465,4.395017,0.237627,0.021228,-0.177151,32.16,63.8223917792531
982,-8.142178,-3.637689,4.391428,0.236405,0.027489,-0.178067,32.16,63.7828948797488
992,-8.112864,-3.652046,4.389035,0.23671,0.035736,-0.176235,32.18,63.7420388635884
1002,-8.086544,-3.635296,4.389633,0.237016,0.043677,-0.172875,32.18,63.6598256932612
1012,-8.081161,-3.646064,4.400999,0.238696,0.052076,-0.167377,32.16,63.5996130298803
1022,-8.085348,-3.636492,4.396811,0.241292,0.062766,-0.160505,32.16,63.6210388689189
1032,-8.076973,-3.644269,4.404588,0.243888,0.074067,-0.153022,32.16,63.5692707248683
1042,-8.077571,-3.641278,4.422534,0.2474,0.085368,-0.145539,32.16,63.4745285206216
1052,-8.093722,-3.641876,4.422534,0.249691,0.097891,-0.13775,32.15,63.5131626688933
1062,-8.102098,-3.632305,4.42732,0.251524,0.11133,-0.131031,32.15,63.4980046532856
1072,-8.112267,-3.638885,4.438686,0.253204,0.124464,-0.126602,32.16,63.4701578183938
1082,-8.1679,-3.638287,4.451249,0.254273,0.137139,-0.123089,32.16,63.5351894743928
1092,-8.196015,-3.642474,4.455436,0.254578,0.160658,-0.123242,32.18,63.5835778068564
1102,-8.22473,-3.648456,4.468596,0.249691,0.171348,-0.126602,32.14,63.589109930343
1112,-8.246264,-3.638287,4.455436,0.246942,0.180511,-0.132252,32.14,63.6957656061931
1122,-8.267202,-3.646064,4.465007,0.242666,0.188605,-0.140346,32.18,63.7031566659109
1132,-8.286345,-3.644269,4.472186,0.237627,0.194408,-0.152105,32.18,63.7088587570247
1142,-8.313264,-3.668795,4.459623,0.231365,0.199447,-0.163865,32.18,63.859168347256
1152,-8.321041,-3.668197,4.461418,0.225257,0.203265,-0.177151,32.18,63.8671850777633
1162,-8.333005,-3.676572,4.446463,0.218232,0.206167,-0.193186,32.2,63.9787544268566
1172,-8.33121,-3.684349,4.439284,0.21197,0.20632,-0.207541,32.2,64.0189516950676
1182,-8.336594,-3.68734,4.429713,0.204945,0.206014,-0.222508,32.19,64.0827815206069
1192,-8.323434,-3.693322,4.407579,0.197462,0.204334,-0.237321,32.19,64.1717440017894
1202,-8.326425,-3.706482,4.395017,0.192423,0.20296,-0.250302,32.17,64.255698705077
1212,-8.309077,-3.720241,4.371687,0.188452,0.200669,-0.261145,32.17,64.3497055043227
1222,-8.295916,-3.729812,4.364508,0.184023,0.197157,-0.270461,32.18,64.3665703769964
1232,-8.27139,-3.735196,4.351946,0.180663,0.192728,-0.278555,32.18,64.381421676811
1242,-8.248059,-3.746562,4.319643,0.180969,0.188757,-0.281762,32.16,64.506820758321
1252,-8.225926,-3.766901,4.296911,0.18158,0.185245,-0.281456,32.16,64.5953967485607
1262,-8.172088,-3.796811,4.27717,0.182954,0.180358,-0.274278,32.2,64.6082252851464
1272,-8.158329,-3.798606,4.26401,0.190895,0.171348,-0.264963,32.15,64.6477156950779
1282,-8.129615,-3.808775,4.254438,0.19563,0.166461,-0.254273,32.15,64.6439843983625
1292,-8.103892,-3.813561,4.23051,0.202196,0.161574,-0.241292,32.16,64.7164213439636
1302,-8.113463,-3.820141,4.225725,0.209374,0.155771,-0.226478,32.16,64.7697203194602
1312,-8.089535,-3.82732,4.206582,0.217468,0.149509,-0.209527,32.17,64.824180419003
1322,-8.100902,-3.826722,4.213761,0.225715,0.143095,-0.190743,32.17,64.811251185573
1332,-8.093722,-3.835097,4.200002,0.233503,0.135918,-0.17318,32.19,64.8761954147431
1342,-8.094321,-3.844668,4.195815,0.242819,0.12874,-0.155007,32.19,64.9095630504657
1352,-8.113463,-3.82732,4.201797,0.250302,0.120799,-0.136987,32.2,64.9024592900793
1362,-8.125427,-3.832105,4.201199,0.257785,0.111941,-0.120951,32.2,64.9371058099995
1372,-8.142776,-3.838088,4.211368,0.263436,0.103084,-0.105222,32.15,64.928554916661
1382,-8.157133,-3.836891,4.214957,0.26985,0.094531,-0.091783,32.15,64.9402844034347
1392,-8.176873,-3.827918,4.235895,0.27382,0.084605,-0.081856,32.18,64.8655256207585
1402,-8.198408,-3.826123,4.248456,0.27718,0.074984,-0.071624,32.18,64.8459889987672
1412,-8.224131,-3.827918,4.254438,0.279624,0.064294,-0.065363,32.18,64.8735389754018
1422,-8.236095,-3.814758,4.286144,0.28054,0.055283,-0.062614,32.18,64.7225539239711
1432,-8.264212,-3.806383,4.310072,0.280387,0.045968,-0.061239,32.12,64.6529145699555
1442,-8.290532,-3.795615,4.314857,0.275958,0.029016,-0.063377,32.13,64.6755860938611
1452,-8.297711,-3.790829,4.326224,0.273209,0.022449,-0.067501,32.13,64.6282948821802
1462,-8.291729,-3.772883,4.359125,0.268933,0.016493,-0.072998,32.14,64.4283068419043
1472,-8.298907,-3.761517,4.369295,0.265115,0.012675,-0.079565,32.14,64.3807841877727
1482,-8.288139,-3.768098,4.38425,0.261298,0.010079,-0.085979,32.14,64.2869567555668
1492,-8.280362,-3.754937,4.399205,0.258091,0.008247,-0.092699,32.14,64.1797028604222
1502,-8.274381,-3.745964,4.408178,0.254425,0.009468,-0.099418,32.15,64.1112446272683
1512,-8.259426,-3.743571,4.417749,0.251066,0.011912,-0.105527,32.15,64.0261020770635
1522,-8.248059,-3.738786,4.429115,0.249997,0.016035,-0.109345,32.17,63.9373397353636
1532,-8.234302,-3.733402,4.427918,0.249233,0.021228,-0.114995,32.17,63.9065704936142
1542,-8.213365,-3.728018,4.433302,0.248928,0.029169,-0.116064,32.19,63.825619875683
1552,-8.189436,-3.731009,4.43749,0.249386,0.037568,-0.117592,32.19,63.7524101578494
1562,-8.164909,-3.726821,4.438686,0.251676,0.0478,-0.117133,32.17,63.6853998583813
1572,-8.135597,-3.710072,4.448257,0.254578,0.060018,-0.115606,32.17,63.5506774948403
1582,-8.12782,-3.703491,4.446463,0.258243,0.073304,-0.112857,32.16,63.5348194633964
1592,-8.084151,-3.706482,4.445267,0.261908,0.087201,-0.109498,32.16,63.4421818233836
1602,-8.080563,-3.696911,4.445865,0.265268,0.101862,-0.104916,32.16,63.4204122382787
1612,-8.088937,-3.704688,4.448855,0.272446,0.13271,-0.094531,32.16,63.4329760110303
1622,-8.076973,-3.692126,4.456034,0.2755,0.149051,-0.089339,32.19,63.3544124321361
1632,-8.083553,-3.694518,4.457829,0.276875,0.165544,-0.084452,32.19,63.3632026147899
1642,-8.094919,-3.690331,4.451847,0.278249,0.180969,-0.080787,32.19,63.4162084559469
1652,-8.099107,-3.676572,4.441677,0.277638,0.19563,-0.078038,32.18,63.4637604959256
1662,-8.124231,-3.668197,4.446463,0.276417,0.209985,-0.075442,32.18,63.4890706441271
1672,-8.136195,-3.676572,4.43749,0.274584,0.222966,-0.074678,32.16,63.5720252682049
1682,-8.169695,-3.662215,4.445267,0.270461,0.23442,-0.076053,32.16,63.5950078001127
1692,-8.185846,-3.669992,4.434498,0.265879,0.244193,-0.079107,32.16,63.6958594919984
1702,-8.21157,-3.664608,4.424329,0.259465,0.251829,-0.084452,32.16,63.8018993467047
1712,-8.233703,-3.669992,4.406981,0.253509,0.257327,-0.091019,32.15,63.9472662598211
1722,-8.249854,-3.67418,4.388436,0.246942,0.260687,-0.097891,32.15,64.0835820578564
1732,-8.286345,-3.669394,4.386044,0.238848,0.261908,-0.108123,32.18,64.1739444521409
1742,-8.292327,-3.669992,4.363312,0.231212,0.260534,-0.117592,32.18,64.3046108878344
1752,-8.325827,-3.669394,4.348357,0.222508,0.256869,-0.129045,32.15,64.4560762304168
1762,-8.333604,-3.658626,4.326224,0.213956,0.25076,-0.140804,32.15,64.5764400662905
1772,-8.356933,-3.672983,4.299304,0.206778,0.242055,-0.151953,32.16,64.7806417691774
1782,-8.365308,-3.674777,4.276572,0.199447,0.218537,-0.175624,32.16,64.9177434561183
1792,-8.371889,-3.666403,4.252644,0.186772,0.204029,-0.186619,32.15,65.0473381243179
1802,-8.352745,-3.673581,4.237689,0.182801,0.187994,-0.196088,32.19,65.0893699018509
1812,-8.355738,-3.678366,4.229912,0.178067,0.171042,-0.204487,32.19,65.1407278615717
1822,-8.360522,-3.681956,4.223332,0.175624,0.152411,-0.211359,32.17,65.1886572983845
1832,-8.347363,-3.690331,4.204189,0.173638,0.133169,-0.216399,32.17,65.2670175167036
1842,-8.32463,-3.699304,4.195815,0.17318,0.113316,-0.219606,32.18,65.2694837770567
1852,-8.312068,-3.692724,4.191627,0.172417,0.093921,-0.221744,32.18,65.2573754369668
1862,-8.299506,-3.707081,4.183252,0.173638,0.074678,-0.222202,32.14,65.2874287389748
1872,-8.278568,-3.702295,4.179065,0.176693,0.056047,-0.219453,32.14,65.2587128425991
1882,-8.276175,-3.711866,4.173083,0.1799,0.038332,-0.215025,32.19,65.2940400344028
1892,-8.242676,-3.716652,4.193422,0.184634,0.02138,-0.210596,32.19,65.1191314485272
1902,-8.236095,-3.721437,4.188038,0.189826,0.004734,-0.204945,32.2,65.1374737509666
1912,-8.207382,-3.726223,4.198207,0.195171,-0.009621,-0.197157,32.2,65.0257265989607
1922,-8.21157,-3.729812,4.204189,0.202349,-0.022755,-0.189215,32.19,65.0073809907108
1932,-8.185248,-3.726821,4.225725,0.209374,-0.034972,-0.181122,32.19,64.8334468049976
1942,-8.180463,-3.738187,4.258626,0.21701,-0.04444,-0.17318,32.12,64.6628880305085
1952,-8.156534,-3.753142,4.274179,0.224646,-0.051313,-0.154091,32.12,64.5436320188124
1962,-8.14457,-3.743571,4.296313,0.239917,-0.060018,-0.14447,32.19,64.3915988740158
1972,-8.146963,-3.751946,4.321437,0.24679,-0.060476,-0.137597,32.18,64.2753317249825
1982,-8.129017,-3.745964,4.345964,0.253051,-0.058185,-0.128893,32.18,64.1010969372632
1992,-8.124829,-3.760919,4.366303,0.258549,-0.052687,-0.122784,32.19,64.0020584448139
2002,-8.113463,-3.751946,4.390232,0.263741,-0.045968,-0.116981,32.19,63.8428040593483
2012,-8.109874,-3.757928,4.419543,0.266643,-0.035583,-0.111483,32.16,63.6897428321229
2022,-8.117651,-3.768098,4.4339,0.269697,-0.022297,-0.107054,32.16,63.6447325928324
2032,-8.106883,-3.751348,4.46082,0.27153,-0.009468,-0.104763,32.2,63.4634805532228
2042,-8.10808,-3.748357,4.482355,0.27153,0.006414,-0.103236,32.2,63.3525946871575
2052,-8.11466,-3.748955,4.493123,0.270613,0.024282,-0.10232,32.16,63.3134629368299
2062,-8.112864,-3.77049,4.506283,0.268323,0.042302,-0.103084,32.16,63.2652805454869
2072,-8.124231,-3.761517,4.52423,0.265574,0.061239,-0.104458,32.14,63.1905217795713
2082,-8.130812,-3.761517,4.527819,0.260687,0.080481,-0.107818,32.14,63.1876134351672
2092,-8.148758,-3.765705,4.533203,0.255953,0.101251,-0.111941,32.18,63.2066152627643
2102,-8.160722,-3.766303,4.536194,0.250149,0.120646,-0.116828,32.18,63.2199282948794
2112,-8.161918,-3.768098,4.544569,0.244346,0.139888,-0.120951,32.16,63.1821118830184
2122,-8.176873,-3.765705,4.527221,0.236558,0.158825,-0.126144,32.16,63.3024121131073
2132,-8.194819,-3.766901,4.517051,0.221439,0.193033,-0.13775,32.17,63.3969017198885
2142,-8.19781,-3.757928,4.511069,0.213956,0.208763,-0.143553,32.15,63.4246854479681
2152,-8.209774,-3.767499,4.491926,0.20632,0.221133,-0.149662,32.15,63.5596904502488
2162,-8.213365,-3.762115,4.478765,0.198684,0.23274,-0.155465,32.13,63.6292340319995
2172,-8.212168,-3.765705,4.458427,0.191201,0.242666,-0.161879,32.13,63.7338924347884
2182,-8.220542,-3.775874,4.436294,0.185245,0.249538,-0.165239,32.09,63.8765871495387
2192,-8.23131,-3.772285,4.42074,0.180053,0.255036,-0.167835,32.09,63.9767541452865
2202,-8.22772,-3.772883,4.40399,0.174707,0.258243,-0.170431,32.14,64.0549015680077
2212,-8.236095,-3.781258,4.380062,0.171195,0.260229,-0.171348,32.14,64.2050332396587
2222,-8.230114,-3.784847,4.364508,0.168446,0.259923,-0.170584,32.18,64.2750699845764
2232,-8.232506,-3.781856,4.35075,0.166919,0.258091,-0.167988,32.18,64.3480175801573
2242,-8.216953,-3.771687,4.323233,0.166919,0.253814,-0.165086,32.12,64.4443474263763
2252,-8.215756,-3.780062,4.299304,0.168446,0.248164,-0.159894,32.12,64.5738172493941
2262,-8.206783,-3.776472,4.278965,0.170737,0.241903,-0.153174,32.17,64.6553511423678
2272,-8.209774,-3.780062,4.258626,0.175318,0.233656,-0.145539,32.17,64.7711151961351
2282,-8.21157,-3.771687,4.243073,0.181122,0.22434,-0.136681,32.12,64.8472965075605
2292,-8.204989,-3.772285,4.210171,0.188299,0.213956,-0.127824,32.12,65.0045507475829
2302,-8.191828,-3.756134,4.200002,0.196851,0.190285,-0.106138,32.17,65.0121292012354
2312,-8.203195,-3.765705,4.186841,0.215941,0.177609,-0.095753,32.15,65.1156609668175
2322,-8.199007,-3.764508,4.183252,0.225715,0.163559,-0.085368,32.15,65.1239811461533
2332,-8.196614,-3.750151,4.166502,0.237474,0.149662,-0.075595,32.15,65.1918610391101
2342,-8.204391,-3.75733,4.17727,0.247706,0.135154,-0.066126,32.15,65.159861479456
2352,-8.204989,-3.754339,4.174279,0.258549,0.121257,-0.058185,32.18,65.1738064406279
2362,-8.221739,-3.734,4.186841,0.268475,0.107054,-0.051924,32.18,65.1246229633789
2372,-8.222935,-3.726821,4.192824,0.277638,0.093462,-0.0478,32.17,65.0888356347012
2382,-8.231908,-3.739383,4.196413,0.286038,0.079718,-0.044593,32.17,65.1024761084512
2392,-8.247462,-3.714259,4.205386,0.293063,0.067806,-0.042761,32.18,65.0649585847485
2402,-8.250452,-3.719045,4.219743,0.297644,0.056963,-0.042302,32.18,65.0016079734623
2413,-8.258827,-3.701099,4.240082,0.30024,0.047037,-0.044746,32.16,64.8966130681065
2422,-8.264212,-3.698706,4.252644,0.302378,0.037263,-0.047647,32.16,64.8410229283564
2432,-8.279166,-3.689733,4.275974,0.30192,0.029169,-0.052382,32.18,64.7445923467207
2442,-8.272586,-3.691527,4.289135,0.300088,0.021228,-0.05849,32.18,64.6636745299199
2452,-8.282157,-3.672983,4.298706,0.296117,0.01405,-0.064904,32.17,64.6172028611876
2462,-8.298308,-3.66042,4.328616,0.290772,0.008094,-0.073151,32.17,64.4868202837954
2472,-8.293524,-3.664608,4.348955,0.283594,0.002443,-0.092393,32.17,64.3756475159236
2482,-8.303694,-3.65384,4.348955,0.267406,-0.005803,-0.101862,32.18,64.3878662507258
2492,-8.293524,-3.643671,4.369295,0.257327,-0.009621,-0.111636,32.18,64.2503700475769
2502,-8.3013,-3.645465,4.372285,0.246484,-0.012217,-0.121868,32.15,64.254430407828
2512,-8.276773,-3.650251,4.38724,0.235947,-0.014355,-0.130572,32.15,64.1268620475823
2522,-8.273782,-3.650849,4.392026,0.224493,-0.014813,-0.13943,32.17,64.0961149814927
2532,-8.263614,-3.655036,4.408178,0.214719,-0.014203,-0.14676,32.17,63.994370903701
2542,-8.259426,-3.643671,4.409374,0.20464,-0.013286,-0.15348,32.16,63.9671789098344
2552,-8.247462,-3.638287,4.415356,0.196546,-0.010843,-0.16081,32.16,63.9036306587172
2562,-8.244471,-3.644867,4.425525,0.189063,-0.007789,-0.16585,32.13,63.851329601859
2572,-8.222337,-3.65384,4.431507,0.182649,-0.003054,-0.16921,32.13,63.7788646690488
2582,-8.210971,-3.656831,4.432106,0.177456,0.003665,-0.171653,32.2,63.752631237444
2592,-8.191828,-3.658028,4.431507,0.173333,0.010843,-0.173944,32.2,63.7126690012988
2602,-8.167302,-3.662813,4.446463,0.171042,0.019548,-0.174402,32.15,63.5839237972276
2612,-8.164909,-3.669394,4.442276,0.169668,0.029932,-0.174402,32.15,63.6067298966549
2622,-8.173882,-3.668197,4.442276,0.169821,0.040164,-0.173944,32.14,63.6263288374194
2632,-8.152347,-3.67418,4.453641,0.1715,0.051618,-0.174249,32.14,63.5241424466389
2642,-8.147561,-3.68734,4.444668,0.175013,0.064446,-0.172875,32.17,63.5729213629171
2652,-8.137392,-3.702893,4.448855,0.183565,0.091935,-0.171806,32.17,63.5441745412327
2662,-8.11466,-3.704688,4.46381,0.187994,0.106138,-0.171653,32.18,63.4162413844645
2672,-8.118249,-3.707081,4.462614,0.193644,0.121257,-0.169973,32.16,63.4333262480642
2682,-8.115856,-3.711268,4.460222,0.198837,0.136987,-0.170126,32.16,63.4444923299792
2692,-8.13799,-3.714857,4.464409,0.203571,0.152105,-0.170279,32.16,63.4784296197692
2702,-8.124231,-3.714857,4.46381,0.20861,0.167988,-0.169821,32.16,63.4494427188715
2712,-8.136793,-3.712464,4.454239,0.212581,0.18387,-0.168904,32.15,63.5252793852059
2722,-8.138588,-3.736991,4.448257,0.214261,0.19792,-0.170279,32.15,63.5862053398255
2732,-8.148159,-3.742973,4.458427,0.215941,0.211512,-0.169515,32.19,63.5625835316199
2742,-8.150552,-3.743571,4.450052,0.217163,0.223882,-0.170126,32.19,63.6116733772075
2752,-8.175079,-3.746562,4.427918,0.217315,0.235183,-0.170126,32.17,63.7848122934531
2762,-8.175676,-3.75075,4.411767,0.216399,0.24343,-0.169362,32.17,63.873458519399
2772,-8.175676,-3.767499,4.395017,0.215788,0.249844,-0.170584,32.14,63.9770944544239
2782,-8.199606,-3.777669,4.388436,0.213956,0.255036,-0.170126,32.14,64.0759335160287
2792,-8.215756,-3.778267,4.369295,0.212276,0.25748,-0.16921,32.17,64.2113573470988
2802,-8.203195,-3.792624,4.346562,0.210596,0.257632,-0.16753,32.17,64.314893593391
2812,-8.230712,-3.793222,4.314857,0.207541,0.255342,-0.166461,32.15,64.5404210823423
2822,-8.237292,-3.796213,4.302894,0.205403,0.243888,-0.16249,32.15,64.6198011825248
2832,-8.245667,-3.800999,4.281358,0.202196,0.235947,-0.159741,32.19,64.7543668271312
2842,-8.245069,-3.801597,4.27059,0.200058,0.225715,-0.157145,32.18,64.8092709685587
2852,-8.252247,-3.809972,4.256233,0.199447,0.214719,-0.154702,32.18,64.9077991252835
2862,-8.257631,-3.821936,4.246064,0.199753,0.201738,-0.150273,32.14,64.9843220369477
2872,-8.252846,-3.81715,4.229912,0.199753,0.188605,-0.148288,32.14,65.0525988665575
2882,-8.254042,-3.82074,4.229314,0.201127,0.175318,-0.144317,32.14,65.0619431910067
2892,-8.255239,-3.822534,4.21735,0.202655,0.160963,-0.140652,32.14,65.1283642971768
2902,-8.253444,-3.824329,4.21077,0.204793,0.145997,-0.136528,32.13,65.1603853493427
2912,-8.243275,-3.815954,4.207779,0.207541,0.131641,-0.131641,32.13,65.1452730059408
2922,-8.24148,-3.813561,4.201199,0.210596,0.116523,-0.128282,32.16,65.1731220515287
2932,-8.246264,-3.815954,4.196413,0.213956,0.102014,-0.122784,32.16,65.2108395933795
2942,-8.244471,-3.81057,4.194618,0.219606,0.087812,-0.118508,32.17,65.2108379140475
2952,-8.251051,-3.809972,4.198207,0.225409,0.073762,-0.113621,32.17,65.2059220233464
2962,-8.244471,-3.795017,4.2006,0.23106,0.061239,-0.109498,32.16,65.1640767562521
2972,-8.230114,-3.804588,4.213162,0.237016,0.048258,-0.106443,32.16,65.0770155146437
2982,-8.229516,-3.78066,4.228117,0.24175,0.035736,-0.101709,32.19,64.9737638521271
2992,-8.236095,-3.778267,4.234099,0.247553,0.025045,-0.09499,32.19,64.9547829906447
3002,-8.230114,-3.771089,4.251448,0.25916,0.005345,-0.091324,32.18,64.8443007314723
3012,-8.237292,-3.754339,4.266403,0.264047,-0.002138,-0.088575,32.18,64.7657449563781
3022,-8.223534,-3.760919,4.274179,0.268323,-0.009774,-0.08659,32.18,64.7015608772474
3032,-8.219944,-3.741776,4.289733,0.272446,-0.01573,-0.083841,32.11,64.5935208316655
3042,-8.219944,-3.727419,4.305884,0.275806,-0.019853,-0.081856,32.11,64.495334464606
3052,-8.212168,-3.729812,4.323233,0.278249,-0.022907,-0.080634,32.16,64.3906110269467
3062,-8.21157,-3.719045,4.338188,0.279318,-0.024435,-0.078649,32.16,64.3010166519851
3072,-8.193025,-3.7005,4.362714,0.279776,-0.023824,-0.077122,32.16,64.1132838329537
3082,-8.199007,-3.692724,4.389035,0.279624,-0.022297,-0.076053,32.16,63.9833313230299
3092,-8.191828,-3.701099,4.38724,0.278402,-0.018937,-0.075136,32.19,63.9847818896095
3102,-8.182258,-3.686144,4.412963,0.2755,-0.014203,-0.075289,32.19,63.8149647548066
3112,-8.184052,-3.676572,4.433302,0.273515,-0.00733,-0.075136,32.16,63.7046806217283
3122,-8.163713,-3.675375,4.445267,0.270308,0.001222,-0.074526,32.16,63.5948449727598
3132,-8.167302,-3.665804,4.452445,0.265421,0.011301,-0.074678,32.2,63.5563445077652
3142,-8.17149,-3.662215,4.461418,0.260381,0.021991,-0.075595,32.2,63.516332370525
3152,-8.170293,-3.652046,4.480561,0.255494,0.034361,-0.076358,32.2,63.4048474974793
3162,-8.169096,-3.64726,4.499703,0.250455,0.047342,-0.078954,32.2,63.2991158189587
3172,-8.176275,-3.649653,4.49731,0.239306,0.076511,-0.085827,32.18,63.3306902662446
3182,-8.159525,-3.644867,4.496712,0.234114,0.092241,-0.087659,32.13,63.2894186409558
3192,-8.178668,-3.644269,4.511069,0.228158,0.108123,-0.093921,32.13,63.2604076560524
3202,-8.179864,-3.638287,4.506283,0.224035,0.124158,-0.098655,32.15,63.2813942206308
3212,-8.185846,-3.650251,4.50748,0.218995,0.139888,-0.104153,32.15,63.3018177012703
3222,-8.176873,-3.654438,4.504489,0.213956,0.15516,-0.111941,32.17,63.3004327167247
3232,-8.178668,-3.657429,4.491926,0.210138,0.171348,-0.117744,32.17,63.3719407988206
3242,-8.19123,-3.655635,4.485346,0.206014,0.185398,-0.12538,32.14,63.4330406689742
3252,-8.197212,-3.66401,4.479364,0.202807,0.198684,-0.132558,32.14,63.4862627436404
3262,-8.194221,-3.65384,4.4674,0.198989,0.211054,-0.139888,32.17,63.5299131699317
3272,-8.216354,-3.669992,4.450052,0.196699,0.222355,-0.148593,32.17,63.6867077800072
3282,-8.214561,-3.672983,4.438686,0.194561,0.231671,-0.156534,32.17,63.7438327671026
3292,-8.221141,-3.680759,4.41416,0.192881,0.239765,-0.163406,32.17,63.8926708573922
3302,-8.22772,-3.685545,4.391428,0.191048,0.245721,-0.170279,32.18,64.0293138075494
3312,-8.233703,-3.695116,4.381258,0.190132,0.249997,-0.176387,32.18,64.1049789797029
3322,-8.226524,-3.698706,4.361517,0.189826,0.251371,-0.181885,32.13,64.193856380816
3332,-8.245069,-3.71067,4.332206,0.188605,0.251524,-0.186467,32.13,64.3989436454743
3342,-8.24148,-3.713063,4.298706,0.187536,0.243888,-0.193644,32.2,64.5662144506508
3352,-8.253444,-3.716054,4.28734,0.186161,0.23839,-0.195477,32.13,64.6547533164095
3362,-8.248658,-3.728018,4.26401,0.186314,0.230602,-0.195171,32.13,64.776850427346
3372,-8.255836,-3.727419,4.244269,0.186161,0.220522,-0.195324,32.16,64.8945048300002
3382,-8.263614,-3.741776,4.241278,0.185856,0.207541,-0.195324,32.16,64.9415659769068
3392,-8.268398,-3.744169,4.233501,0.185245,0.193644,-0.193644,32.16,64.9948201176083
3402,-8.26481,-3.739982,4.212564,0.185856,0.178984,-0.190132,32.16,65.0914187280579
3412,-8.262416,-3.754339,4.204788,0.186619,0.163254,-0.187077,32.11,65.1408634472549
3422,-8.258827,-3.750151,4.186841,0.187536,0.145691,-0.182038,32.11,65.2222027394861
3432,-8.258827,-3.753142,4.182654,0.189063,0.127213,-0.176998,32.16,65.2469806135809
3442,-8.252846,-3.766303,4.192824,0.19059,0.109803,-0.1715,32.16,65.1940586699817
3452,-8.261221,-3.767499,4.192824,0.192728,0.091019,-0.166155,32.18,65.2135658756754
3462,-8.253444,-3.764508,4.189833,0.194713,0.073457,-0.159436,32.18,65.209143105689
3472,-8.25464,-3.76391,4.196413,0.19792,0.055589,-0.153938,32.2,65.1769214543117
3482,-8.246264,-3.762115,4.193422,0.201127,0.039095,-0.14844,32.2,65.1723467855016
3492,-8.238488,-3.766303,4.211368,0.204029,0.024129,-0.141873,32.19,65.0660859642087
3502,-8.237292,-3.769294,4.234099,0.208305,0.010079,-0.13607,32.19,64.9483566723092
3512,-8.223534,-3.77049,4.253242,0.212734,-0.002291,-0.124311,32.16,64.8198123520483
3522,-8.221739,-3.772883,4.267001,0.221133,-0.02138,-0.119424,32.14,64.7469393032749
3532,-8.225926,-3.768696,4.290331,0.224646,-0.028405,-0.116217,32.14,64.6312397260187
3542,-8.216953,-3.768696,4.310072,0.228922,-0.032834,-0.113621,32.18,64.5091975214617
3552,-8.219944,-3.76391,4.331607,0.232587,-0.034514,-0.111941,32.18,64.399881764268
3562,-8.20798,-3.763312,4.345964,0.235641,-0.034819,-0.110719,32.18,64.2983671386255
3572,-8.208578,-3.765106,4.368098,0.238696,-0.033139,-0.109345,32.18,64.1876563874637
3582,-8.199007,-3.762115,4.378866,0.242361,-0.028863,-0.110567,32.12,64.1075223891331
3592,-8.19123,-3.753142,4.396214,0.244652,-0.023824,-0.110872,32.12,63.9913540455805
3602,-8.196614,-3.756732,4.411767,0.246484,-0.016646,-0.113163,32.2,63.9275637511688
3612,-8.182856,-3.754937,4.429713,0.248622,-0.008552,-0.116217,32.2,63.80225415608
3622,-8.176275,-3.75075,4.441079,0.249997,0.00168,-0.118661,32.15,63.724524553619
3632,-8.175676,-3.764508,4.453641,0.250302,0.012217,-0.121868,32.15,63.6733947858199
3642,-8.163713,-3.754339,4.457231,0.250149,0.024435,-0.12538,32.18,63.6167149730199
3652,-8.160722,-3.749553,4.459025,0.250149,0.037263,-0.126907,32.18,63.5955550403294
3662,-8.156534,-3.744768,4.475177,0.248775,0.05116,-0.128893,32.15,63.4981614816342
3672,-8.140383,-3.744169,4.475775,0.247095,0.065363,-0.131641,32.15,63.456999929173
3682,-8.129017,-3.751348,4.483552,0.244957,0.07926,-0.133779,32.16,63.3984726401513
3692,-8.121839,-3.744768,4.481159,0.238696,0.110567,-0.133932,32.19,63.3869423830604
3702,-8.115258,-3.741776,4.475775,0.23503,0.124769,-0.133169,32.19,63.3959725466662
3712,-8.114061,-3.743571,4.469792,0.230907,0.139125,-0.130878,32.16,63.4257882948395
3722,-8.117651,-3.736392,4.472186,0.227089,0.153785,-0.127976,32.16,63.4141683422619
3732,-8.12124,-3.735196,4.457829,0.223119,0.166308,-0.125533,32.17,63.4948982425127
3742,-8.132606,-3.733402,4.442276,0.218995,0.178984,-0.120799,32.17,63.5992355891581
3752,-8.136195,-3.744169,4.433302,0.215483,0.19059,-0.115759,32.14,63.6650965246164
3762,-8.133802,-3.739383,4.427918,0.210749,0.200364,-0.110567,32.14,63.6821553112685
3772,-8.154141,-3.727419,4.41057,0.206625,0.208305,-0.105222,32.17,63.8056511232811
3782,-8.160722,-3.737589,4.398008,0.204334,0.215025,-0.100029,32.17,63.8961124589452
3792,-8.170293,-3.729812,4.384848,0.200975,0.218537,-0.094837,32.15,63.9776571319081
3802,-8.191828,-3.731607,4.379463,0.198378,0.221439,-0.090561,32.15,64.0564251540555
3812,-8.20798,-3.734598,4.363312,0.196088,0.223729,-0.086285,32.14,64.1793733507955
3822,-8.213962,-3.722634,4.345964,0.195171,0.222355,-0.082925,32.14,64.2699971121759
3832,-8.239684,-3.724428,4.336991,0.193033,0.22098,-0.080481,32.12,64.3761356504098
3842,-8.257033,-3.717848,4.326224,0.192423,0.217315,-0.079565,32.12,64.4639247747311
3852,-8.270193,-3.731607,4.320241,0.191812,0.212581,-0.078954,32.16,64.5380890707911
3862,-8.275578,-3.726223,4.303492,0.192881,0.198684,-0.082467,32.16,64.6309635894975
3872,-8.285748,-3.715455,4.292126,0.19395,0.190895,-0.085368,32.18,64.7014344983514
3882,-8.295916,-3.726821,4.289135,0.19563,0.182954,-0.088728,32.19,64.7507638462549
3892,-8.291131,-3.719045,4.28734,0.198531,0.17318,-0.092852,32.19,64.7416575513556
3902,-8.301898,-3.720839,4.272385,0.201127,0.162948,-0.098044,32.17,64.8444425262037
3912,-8.298308,-3.713661,4.272385,0.204182,0.153327,-0.103389,32.17,64.8293852639175
3922,-8.29472,-3.719643,4.267001,0.207236,0.143095,-0.109192,32.15,64.8551755961101
3932,-8.28455,-3.706482,4.262215,0.211359,0.132558,-0.114232,32.15,64.8443339951587
3942,-8.28455,-3.707081,4.256832,0.215025,0.122326,-0.119271,32.14,64.8727763726076
3952,-8.277969,-3.713661,4.25743,0.218995,0.112857,-0.124464,32.14,64.8616329253844
3962,-8.269596,-3.707081,4.261019,0.223271,0.103389,-0.128893,32.13,64.8179307398344
3972,-8.266006,-3.711866,4.249653,0.227242,0.093615,-0.133169,32.13,64.8736082174639
3982,-8.257033,-3.709473,4.252644,0.231212,0.085063,-0.135918,32.18,64.8357981092833
3992,-8.243872,-3.703491,4.250251,0.233503,0.077274,-0.138056,32.18,64.8129577662138
4002,-8.228917,-3.705884,4.255037,0.235794,0.068722,-0.139888,32.16,64.7571557335113
4012,-8.218747,-3.698706,4.245465,0.238237,0.061239,-0.139735,32.16,64.7769773939422
4022,-8.221141,-3.705884,4.269992,0.240223,0.053145,-0.14111,32.15,64.6621169129591
4032,-8.208578,-3.695715,4.275974,0.242055,0.046273,-0.138056,32.15,64.5925762426806
4042,-8.210971,-3.690929,4.28076,0.242666,0.033292,-0.135765,32.2,64.5682676621447
4052,-8.2014,-3.702295,4.288536,0.242514,0.027184,-0.133627,32.18,64.5178854075692
4062,-8.203195,-3.693322,4.295715,0.240834,0.022144,-0.1321,32.18,64.4755672548937
4072,-8.199606,-3.68375,4.308876,0.239306,0.016799,-0.12874,32.2,64.3894740667053
4082,-8.198408,-3.678965,4.314857,0.237016,0.012828,-0.126144,32.2,64.3508891029364
4092,-8.206185,-3.685545,4.333402,0.23274,0.00901,-0.124158,32.19,64.2792772709117
4102,-8.204989,-3.690331,4.339384,0.228769,0.005803,-0.123547,32.19,64.2505318690945
4112,-8.212168,-3.681956,4.356134,0.225104,0.003665,-0.123547,32.16,64.1718417280523
4122,-8.228917,-3.679563,4.364508,0.219453,0.002291,-0.123089,32.16,64.1643841781673
4132,-8.22772,-3.682554,4.379463,0.214414,0.002596,-0.123089,32.18,64.0877512905922
4142,-8.225328,-3.672983,4.39083,0.209221,0.002749,-0.124922,32.18,64.0140797128719
4152,-8.230712,-3.67418,4.408178,0.202655,0.005192,-0.126602,32.18,63.9385536727063
4162,-8.235497,-3.678965,4.427918,0.195171,0.008247,-0.129962,32.18,63.8532712603058
4172,-8.243872,-3.678366,4.427918,0.189215,0.01405,-0.132863,32.16,63.8718616399522
4182,-8.236693,-3.677768,4.450052,0.183412,0.019395,-0.137445,32.16,63.741607497044
4192,-8.223534,-3.693322,4.460222,0.178067,0.026725,-0.141721,32.17,63.6754045645895
4202,-8.221141,-3.685545,4.466802,0.172417,0.034819,-0.151495,32.17,63.6282409301357
4212,-8.220542,-3.7005,4.470989,0.164017,0.053603,-0.156687,32.18,63.6209992804393
4222,-8.213962,-3.711268,4.47398,0.160658,0.064752,-0.160505,32.19,63.6017670583646
4232,-8.203793,-3.704688,4.478765,0.158825,0.076053,-0.164934,32.19,63.54699838555
4242,-8.19781,-3.717848,4.463212,0.158978,0.087048,-0.168141,32.17,63.6263419695278
4252,-8.195418,-3.73041,4.46082,0.158367,0.098807,-0.17089,32.17,63.6462064846641
4262,-8.186445,-3.73041,4.455436,0.159589,0.110414,-0.174097,32.15,63.6530520463479
4272,-8.173882,-3.741776,4.454239,0.162032,0.122173,-0.173944,32.15,63.6421823491415
4282,-8.158329,-3.745365,4.442276,0.165392,0.133321,-0.17318,32.18,63.6713927792586
4292,-8.152946,-3.75075,4.434498,0.169821,0.144317,-0.171348,32.18,63.7045856317885
4302,-8.151151,-3.762115,4.432106,0.174249,0.155312,-0.168752,32.12,63.7247830361252
4312,-8.140383,-3.766303,4.413561,0.1799,0.16417,-0.166613,32.12,63.7997489301331
4322,-8.125427,-3.768098,4.401597,0.184481,0.173638,-0.163254,32.14,63.8288925813432
4332,-8.128419,-3.771089,4.394419,0.190743,0.182496,-0.158061,32.14,63.8759360402057
4342,-8.123632,-3.78724,4.37408,0.196393,0.189979,-0.151647,32.18,63.9870926581708
4352,-8.118249,-3.790829,4.377071,0.201738,0.196546,-0.14508,32.18,63.9631791197284
4362,-8.109276,-3.791427,4.358526,0.207236,0.203113,-0.138361,32.16,64.0391724466143
4372,-8.136793,-3.800999,4.343571,0.211207,0.20632,-0.131947,32.16,64.1892622946887
4382,-8.14457,-3.789633,4.325625,0.21869,0.211665,-0.118202,32.16,64.2877228651217
4392,-8.148159,-3.787838,4.319045,0.221439,0.211512,-0.111483,32.15,64.3280205097528
4402,-8.168499,-3.784249,4.311268,0.222355,0.211054,-0.105222,32.15,64.4103786815274
4414,-8.177471,-3.799803,4.301697,0.223119,0.20861,-0.100945,32.16,64.4962587364467
4422,-8.190632,-3.79741,4.296313,0.224035,0.205709,-0.095448,32.16,64.551075329496
4432,-8.204989,-3.80399,4.296313,0.223271,0.200364,-0.090561,32.18,64.5899093635668
4442,-8.224131,-3.794419,4.283153,0.221897,0.194102,-0.087812,32.18,64.6906618848778
4452,-8.225926,-3.798606,4.280162,0.220675,0.185398,-0.083994,32.2,64.714394955073
4462,-8.233105,-3.8004,4.27059,0.217621,0.176693,-0.08262,32.2,64.7816191763664
4472,-8.25464,-3.795615,4.272385,0.214872,0.166461,-0.081398,32.19,64.8150413564455
4482,-8.254042,-3.79382,4.255037,0.21197,0.155923,-0.080787,32.19,64.9015654288789
4492,-8.264212,-3.786044,4.256832,0.209832,0.144011,-0.081092,32.16,64.9068147228135
4502,-8.273782,-3.771687,4.246662,0.207083,0.130878,-0.081703,32.16,64.966023525293
4512,-8.292925,-3.777071,4.24726,0.205709,0.117897,-0.082314,32.19,65.0103279229843
4522,-8.290532,-3.766901,4.252644,0.205403,0.103389,-0.083078,32.19,64.9671194392448
4532,-8.306085,-3.768696,4.24068,0.203876,0.089797,-0.083536,32.18,65.0647882974361
4542,-8.301898,-3.751348,4.241877,0.202807,0.075442,-0.085063,32.18,65.0322311821896
4552,-8.294122,-3.747759,4.24726,0.203418,0.049327,-0.087201,32.16,64.9837712402211
4562,-8.293524,-3.728616,4.256233,0.205862,0.035736,-0.089034,32.18,64.91706969512
4572,-8.298907,-3.736392,4.254438,0.208916,0.023671,-0.089492,32.18,64.9459232865009
4582,-8.287541,-3.719045,4.268198,0.211207,0.012828,-0.090866,32.15,64.8325075958079
4592,-8.275578,-3.716054,4.273581,0.213039,0.002443,-0.093004,32.15,64.7751757095827
4602,-8.275578,-3.714259,4.286144,0.216704,-0.006109,-0.093157,32.15,64.7084808887497
4612,-8.26481,-3.707081,4.302894,0.220522,-0.012981,-0.09499,32.15,64.5908001766939
4622,-8.254042,-3.690331,4.31067,0.222966,-0.018021,-0.097128,32.14,64.5096995589444
4632,-8.243872,-3.689733,4.328616,0.225562,-0.021991,-0.09728,32.14,64.3935736866512
4642,-8.2349,-3.677171,4.341179,0.227853,-0.024282,-0.099418,32.17,64.295773248778
4652,-8.225926,-3.677171,4.366303,0.229227,-0.024435,-0.101709,32.17,64.1458952782632
4662,-8.212766,-3.668197,4.37408,0.230296,-0.021838,-0.103084,32.16,64.0666436036099
4672,-8.205587,-3.65384,4.39083,0.230907,-0.018631,-0.104916,32.16,63.9492335298376
4682,-8.192427,-3.659822,4.404588,0.230907,-0.013897,-0.107054,32.2,63.8542609991943
4692,-8.181061,-3.652046,4.422534,0.22938,-0.006109,-0.108734,32.2,63.7276410401451
4702,-8.179864,-3.643072,4.422534,0.228311,0.002138,-0.110108,32.12,63.7155843614276
4712,-8.163115,-3.650251,4.459623,0.226784,0.010996,-0.110872,32.12,63.4934993676689
4722,-8.156534,-3.651447,4.448257,0.22434,0.021228,-0.114843,32.15,63.537742128733
4732,-8.13799,-3.652644,4.459025,0.217621,0.044899,-0.114995,32.17,63.4402888855268
4742,-8.146963,-3.643072,4.462614,0.214261,0.057879,-0.115759,32.17,63.4328317769681
4752,-8.145766,-3.648456,4.46082,0.209374,0.07086,-0.118202,32.18,63.4448876894152
4762,-8.140383,-3.650849,4.463212,0.205251,0.084605,-0.118813,32.18,63.42249855565
4772,-8.145168,-3.647858,4.46381,0.202502,0.097586,-0.119271,32.16,63.42750260933
4782,-8.134999,-3.667001,4.459025,0.19792,0.11133,-0.119577,32.16,63.448408755192
4792,-8.135597,-3.654438,4.458427,0.194102,0.124158,-0.120493,32.17,63.4396416720237
4802,-8.146365,-3.672983,4.457829,0.191048,0.136987,-0.121257,32.17,63.4874264790602
4812,-8.145168,-3.680161,4.452445,0.187688,0.148746,-0.120799,32.19,63.5198393187469
4822,-8.152347,-3.68375,4.45065,0.184634,0.160505,-0.121715,32.19,63.5495578934179
4832,-8.176873,-3.674777,4.435695,0.181427,0.170431,-0.122326,32.14,63.6739065092781
4842,-8.183454,-3.691527,4.426124,0.179289,0.179594,-0.123395,32.14,63.7557017937341
4852,-8.190034,-3.705884,4.421339,0.176387,0.187536,-0.125686,32.19,63.8103628752105
4862,-8.204989,-3.705884,4.400401,0.17486,0.193644,-0.12706,32.19,63.9521754940457
4872,-8.213365,-3.702893,4.400401,0.171653,0.19792,-0.129503,32.18,63.9682460718725
4882,-8.233105,-3.710072,4.387838,0.16921,0.201891,-0.132558,32.18,64.0851272742022
4892,-8.245069,-3.726821,4.35733,0.167224,0.204334,-0.136681,32.2,64.2860485241495
4902,-8.264212,-3.723232,4.354339,0.16417,0.203724,-0.144317,32.2,64.3408888518442
4912,-8.282157,-3.736392,4.346562,0.162796,0.200364,-0.149204,32.16,64.4343859637355
4922,-8.283952,-3.743571,4.325027,0.160352,0.196546,-0.153022,32.19,64.5562256105313
4932,-8.28156,-3.743571,4.315455,0.158825,0.191354,-0.156229,32.19,64.6001169178674
4942,-8.285748,-3.764508,4.299902,0.15852,0.184634,-0.16081,32.2,64.7105062197813
4952,-8.290532,-3.761517,4.3005,0.158672,0.176693,-0.163865,32.2,64.7150128844986
4962,-8.278568,-3.769294,4.287939,0.15852,0.166613,-0.168752,32.15,64.7610484109213
4972,-8.286943,-3.765705,4.269393,0.158978,0.156687,-0.170279,32.15,64.871563290369
4982,-8.276773,-3.764508,4.25743,0.15913,0.14447,-0.172417,32.19,64.9097354335818
4992,-8.260622,-3.77408,4.250251,0.161116,0.132863,-0.172264,32.19,64.920897100215
5002,-8.266603,-3.781258,4.241278,0.162337,0.121409,-0.170584,32.18,64.987712090684
5012,-8.258228,-3.781258,4.235296,0.164934,0.108429,-0.16921,32.18,65.0002962085168
5022,-8.249854,-3.78066,4.232305,0.167988,0.095906,-0.166766,32.16,64.9967946930753
5032,-8.231908,-3.789633,4.228117,0.173028,0.083078,-0.162032,32.16,64.9881180794341
5042,-8.216953,-3.790829,4.232903,0.176998,0.071319,-0.157603,32.14,64.9315230747277
5052,-8.203793,-3.790829,4.229314,0.181732,0.059407,-0.150731,32.14,64.9211213715197
5062,-8.204989,-3.778267,4.240082,0.186161,0.048564,-0.144317,32.17,64.8549598730256
5072,-8.183454,-3.792026,4.252644,0.191812,0.029169,-0.12874,32.17,64.7559761028975
5082,-8.176275,-3.783053,4.261617,0.202349,0.022144,-0.120646,32.15,64.6841001577122
5092,-8.176873,-3.785445,4.274778,0.207847,0.015882,-0.112094,32.17,64.6195530052886
5102,-8.176873,-3.776472,4.278367,0.21197,0.011148,-0.103542,32.17,64.5916456294993
5112,-8.166105,-3.77049,4.286144,0.216399,0.00672,-0.096822,32.12,64.5209408340371
5122,-8.163713,-3.765106,4.308876,0.22037,0.004429,-0.089339,32.12,64.3920551933312
5132,-8.161918,-3.759125,4.328018,0.222966,0.004276,-0.08323,32.18,64.2826311236262
5142,-8.16132,-3.756732,4.332804,0.225409,0.004734,-0.077733,32.18,64.2540142039629
5152,-8.176275,-3.753741,4.34417,0.227547,0.006872,-0.072998,32.17,64.2260394418207
5162,-8.164909,-3.748357,4.368696,0.229227,0.009468,-0.070097,32.17,64.0680077544155
5172,-8.177471,-3.738187,4.380062,0.230143,0.013592,-0.066279,32.18,64.0274509120139
5182,-8.195418,-3.738786,4.396214,0.230449,0.017868,-0.06521,32.18,63.9859387648266
5192,-8.184052,-3.725625,4.400999,0.229991,0.024893,-0.063988,32.18,63.9216680924418
5202,-8.195418,-3.729214,4.416552,0.228922,0.031765,-0.065821,32.18,63.8715732902513
5212,-8.203793,-3.732205,4.428516,0.22602,0.038026,-0.068111,32.16,63.8325539292011
5222,-8.206783,-3.721437,4.4339,0.224646,0.045662,-0.069791,32.16,63.8006316047467
5232,-8.204989,-3.717848,4.438088,0.222813,0.053145,-0.073151,32.12,63.7713427870786
5242,-8.22473,-3.709473,4.43749,0.220217,0.061545,-0.082161,32.12,63.811013463221
5252,-8.219346,-3.710072,4.446463,0.215025,0.076969,-0.086437,32.19,63.7534071084832
5262,-8.212168,-3.707081,4.44048,0.211665,0.084299,-0.091324,32.16,63.7644082887093
5272,-8.214561,-3.702893,4.430311,0.209069,0.091783,-0.096059,32.16,63.8176162701613
5282,-8.221141,-3.7005,4.435695,0.206014,0.099876,-0.100487,32.16,63.8026869758979
5292,-8.201998,-3.705884,4.439284,0.202349,0.10797,-0.104305,32.16,63.7458971287317
5302,-8.205587,-3.701099,4.436892,0.199142,0.114843,-0.108429,32.16,63.761433693308
5312,-8.199007,-3.70409,4.424927,0.19624,0.122173,-0.112094,32.16,63.8107208750936
5322,-8.200203,-3.687938,4.42074,0.193492,0.128587,-0.114537,32.15,63.8182065251466
5332,-8.201998,-3.701697,4.415356,0.189521,0.134848,-0.117592,32.15,63.8642062252092
5342,-8.193025,-3.699902,4.407579,0.186161,0.140041,-0.12034,32.15,63.8816830852918
5352,-8.195418,-3.698107,4.41416,0.183412,0.145997,-0.121409,32.15,63.8515146642412
5362,-8.19123,-3.690331,4.396214,0.180511,0.151495,-0.121257,32.18,63.926088168403
5372,-8.195418,-3.697509,4.395017,0.177304,0.15516,-0.120951,32.18,63.9492750977199
5382,-8.182258,-3.699902,4.38066,0.174249,0.159283,-0.120188,32.16,63.995517600892
5392,-8.181061,-3.70409,4.371089,0.171806,0.16249,-0.118661,32.16,64.046463112624
5402,-8.188837,-3.709473,4.359723,0.169821,0.165392,-0.115912,32.14,64.1284201235252
5412,-8.193025,-3.707679,4.347759,0.168599,0.166461,-0.115301,32.14,64.1978649026119
5422,-8.193623,-3.711268,4.339384,0.166766,0.166155,-0.109345,32.16,64.2461793267755
5432,-8.204989,-3.714857,4.320241,0.16585,0.163865,-0.107054,32.16,64.374565196914
5442,-8.199606,-3.714857,4.321437,0.166155,0.161879,-0.104153,32.16,64.3562091022755
5452,-8.214561,-3.719045,4.31067,0.16753,0.158367,-0.101251,32.19,64.4499377209618
5462,-8.218149,-3.73041,4.299902,0.168904,0.154549,-0.098197,32.19,64.5252932478618
5472,-8.221141,-3.716054,4.295117,0.169821,0.149967,-0.09499,32.18,64.5421758469689
5482,-8.22473,-3.724428,4.298706,0.172722,0.144317,-0.093615,32.18,64.5401634259529
5492,-8.23131,-3.721437,4.289733,0.175776,0.138208,-0.093004,32.16,64.5983092904898
5502,-8.239087,-3.719643,4.282554,0.178678,0.131947,-0.092393,32.16,64.6510534228088
5512,-8.240283,-3.714259,4.278965,0.182038,0.124769,-0.090866,32.17,64.6668799361798
5522,-8.248059,-3.726223,4.283751,0.18555,0.117592,-0.091019,32.17,64.6715293789752
5532,-8.260622,-3.725027,4.275974,0.188299,0.110261,-0.092393,32.17,64.7385330978657
5542,-8.253444,-3.715455,4.28076,0.191659,0.103084,-0.093615,32.17,64.688180376674
5552,-8.26481,-3.720839,4.280162,0.195477,0.095753,-0.095753,32.18,64.7220008020064
5562,-8.273185,-3.729214,4.284947,0.198684,0.08827,-0.098197,32.18,64.7242997790426
5572,-8.263015,-3.72383,4.284349,0.201127,0.081092,-0.100945,32.18,64.6993658449136
5582,-8.268398,-3.720839,4.292724,0.202807,0.073304,-0.104916,32.18,64.6651039133354
5592,-8.268398,-3.714857,4.290331,0.204334,0.061239,-0.113621,32.12,64.6714633219099
5602,-8.271988,-3.728616,4.293921,0.207236,0.054825,-0.118813,32.13,64.6747237600244
5612,-8.268398,-3.725625,4.304688,0.20632,0.048564,-0.1237,32.13,64.6081866627536
5622,-8.276773,-3.710072,4.305884,0.206167,0.043219,-0.129198,32.18,64.6051126901934
5632,-8.267202,-3.721437,4.318447,0.204182,0.038026,-0.134085,32.18,64.5303923097647
5642,-8.251051,-3.71725,4.325027,0.202044,0.033139,-0.138819,32.17,64.4560586509124
5652,-8.257033,-3.720241,4.326224,0.199753,0.028711,-0.144164,32.17,64.4663431883375
5662,-8.258228,-3.712464,4.328018,0.196393,0.024587,-0.148288,32.18,64.4519282722136
5672,-8.259426,-3.716652,4.336392,0.191964,0.020769,-0.153022,32.18,64.4157355668988
5682,-8.243872,-3.713063,4.350152,0.188146,0.018631,-0.155618,32.16,64.3062562155596
5692,-8.2349,-3.710072,4.347161,0.185092,0.016341,-0.157909,32.16,64.2983451811812
5702,-8.234302,-3.708277,4.354339,0.179747,0.014355,-0.161421,32.17,64.2582038248256
5712,-8.209774,-3.709473,4.364508,0.17486,0.013134,-0.162032,32.17,64.1514194267903
5722,-8.218149,-3.716054,4.364508,0.169668,0.012675,-0.162185,32.19,64.1772039361847
5732,-8.196614,-3.708875,4.375875,0.165544,0.013286,-0.162032,32.19,64.0622766716626
5742,-8.194819,-3.712464,4.376472,0.16249,0.01405,-0.160199,32.17,64.0588140082905
5752,-8.188837,-3.714259,4.400999,0.159436,0.017104,-0.158214,32.17,63.9207982800366
5762,-8.167302,-3.729812,4.38724,0.156534,0.0197,-0.150884,32.17,63.9584890907392
5772,-8.160722,-3.718446,4.394419,0.153785,0.029474,-0.145844,32.2,63.894523381732
5782,-8.151749,-3.716652,4.401597,0.153174,0.035583,-0.139735,32.2,63.835023567349
5792,-8.147561,-3.722634,4.41057,0.153174,0.043524,-0.133169,32.16,63.7854539348029
5802,-8.133204,-3.731607,4.406981,0.153327,0.051313,-0.12706,32.16,63.7803050274561
5812,-8.133204,-3.733402,4.421937,0.155465,0.061087,-0.11973,32.17,63.7051907585079
5822,-8.134401,-3.733402,4.424329,0.157298,0.070708,-0.112857,32.17,63.6956497073617
5832,-8.140383,-3.739982,4.423133,0.160963,0.081092,-0.10568,32.16,63.722591712451
5842,-8.129615,-3.74058,4.411169,0.163865,0.090713,-0.098197,32.16,63.7599595869851
5852,-8.139785,-3.746562,4.414758,0.167377,0.10232,-0.091783,32.15,63.7712662659581
5862,-8.13799,-3.756732,4.432704,0.171195,0.113621,-0.086896,32.15,63.6856780959754
5872,-8.135597,-3.748955,4.42074,0.176235,0.123547,-0.081856,32.17,63.7333825906998
5882,-8.143373,-3.764508,4.41057,0.179747,0.133627,-0.077885,32.17,63.8200906218711
5892,-8.156534,-3.757928,4.406981,0.184787,0.143401,-0.074373,32.19,63.8617668316805
5902,-8.165507,-3.764508,4.411767,0.189368,0.152411,-0.071624,32.19,63.8646659228303
5912,-8.166704,-3.761517,4.400401,0.193186,0.160963,-0.07025,32.14,63.9226542668212
5922,-8.177471,-3.764508,4.388436,0.197004,0.168904,-0.069639,32.14,64.0118787824911
5932,-8.2014,-3.772883,4.379463,0.200211,0.174402,-0.070402,32.16,64.1210876732774
5942,-8.204391,-3.774678,4.377669,0.205403,0.183565,-0.074831,32.16,64.1389425999805
5952,-8.216354,-3.775276,4.368696,0.205862,0.186008,-0.077885,32.16,64.2126823828276
5962,-8.233703,-3.772285,4.353741,0.205556,0.18723,-0.082009,32.18,64.3254791835199
5972,-8.222337,-3.77408,4.342973,0.205709,0.186772,-0.085674,32.18,64.3571820189813
5982,-8.236693,-3.772883,4.336392,0.204945,0.186008,-0.089644,32.17,64.4220090898237
5992,-8.248658,-3.762714,4.326822,0.203571,0.183107,-0.095295,32.17,64.4876273470084
6002,-8.25165,-3.778865,4.322036,0.199753,0.177915,-0.10064,32.18,64.5354088470433
6012,-8.258827,-3.759125,4.312464,0.197309,0.172417,-0.105069,32.18,64.5806001109331
6022,-8.255836,-3.765106,4.298108,0.193797,0.166308,-0.10797,32.19,64.6539994899436
6032,-8.248658,-3.753142,4.290331,0.191048,0.158214,-0.111177,32.19,64.6660506943644
6042,-8.248658,-3.760321,4.283153,0.186925,0.149357,-0.113468,32.17,64.7104008675438
6052,-8.247462,-3.755535,4.277769,0.183412,0.140194,-0.115606,32.17,64.7307285925379
6062,-8.246264,-3.756732,4.274179,0.180205,0.130114,-0.117286,32.18,64.7478438100285
6072,-8.253444,-3.745964,4.265206,0.177151,0.119882,-0.115301,32.18,64.7993350927283
6082,-8.250452,-3.752544,4.255635,0.174097,0.109039,-0.113621,32.15,64.8488833725902
6092,-8.238488,-3.742374,4.262215,0.171653,0.097891,-0.111483,32.15,64.7780027486872
6102,-8.24148,-3.739982,4.259823,0.169668,0.086437,-0.108887,32.17,64.7946338665595
6112,-8.237292,-3.73041,4.25085,0.168752,0.064599,-0.101404,32.17,64.8222221232128
6122,-8.229516,-3.728018,4.25384,0.169057,0.053756,-0.096975,32.17,64.7869973109108
6132,-8.236693,-3.726223,4.253242,0.171653,0.044593,-0.091783,32.19,64.804264070912
6142,-8.245667,-3.709473,4.263412,0.172722,0.035736,-0.087659,32.19,64.7546720063437
6152,-8.245069,-3.69392,4.274179,0.175166,0.026573,-0.082314,32.18,64.6819365280293
6162,-8.23131,-3.696911,4.277769,0.178373,0.018784,-0.078343,32.18,64.6355181254819
6172,-8.237292,-3.689135,4.286144,0.181885,0.012523,-0.075289,32.17,64.5977136444328
6182,-8.226524,-3.686144,4.298706,0.184939,0.007025,-0.071319,32.17,64.505419789089
6192,-8.2349,-3.682554,4.303492,0.188146,0.002902,-0.070402,32.19,64.4958997198636
6202,-8.243872,-3.679563,4.31725,0.191506,-0.000916,-0.068722,32.19,64.441990157085
6212,-8.237292,-3.68375,4.335197,0.195324,-0.002596,-0.068111,32.16,64.3387067493022
6222,-8.228917,-3.669394,4.348357,0.197462,-0.003818,-0.069944,32.16,64.2372885965632
6232,-8.250452,-3.666403,4.362116,0.200517,-0.003054,-0.070402,32.19,64.2123236624504
6242,-8.229516,-3.667001,4.375276,0.201738,-0.002291,-0.073457,32.19,64.0975406204985
6252,-8.221739,-3.655635,4.389633,0.202196,0.000916,-0.076969,32.13,63.9943119009073
6262,-8.22473,-3.655036,4.401597,0.202655,0.003818,-0.081551,32.13,63.9390634203709
6272,-8.230712,-3.649055,4.418347,0.202044,0.008247,-0.08659,32.15,63.8607330497262
6282,-8.221141,-3.654438,4.428516,0.199753,0.014813,-0.099876,32.15,63.7920499625674
6292,-8.219944,-3.662813,4.442276,0.19395,0.029169,-0.10568,32.15,63.7273969139919
6302,-8.207382,-3.656233,4.44048,0.189826,0.036957,-0.112399,32.21,63.7007906508993
6312,-8.205587,-3.652644,4.445267,0.186008,0.045662,-0.119119,32.21,63.6684034086086
6322,-8.194221,-3.672385,4.441677,0.180205,0.053756,-0.12538,32.16,63.6809018440119
6332,-8.196015,-3.673581,4.451249,0.175471,0.062308,-0.131489,32.16,63.6372502213227
6342,-8.194221,-3.669992,4.442873,0.171653,0.07086,-0.13775,32.19,63.6722893392355
6352,-8.18764,-3.678965,4.442276,0.166766,0.080023,-0.142179,32.19,63.6694341340803
6362,-8.182856,-3.685545,4.44048,0.16249,0.088575,-0.14615,32.16,63.6744232468368
6372,-8.184649,-3.692126,4.430909,0.157603,0.096517,-0.15012,32.16,63.7345226059101
6382,-8.17807,-3.692126,4.42732,0.153938,0.104916,-0.152716,32.17,63.7377565270169
6392,-8.163115,-3.698706,4.418945,0.151036,0.111941,-0.155007,32.17,63.7531297875656
6402,-8.164311,-3.710072,4.408776,0.14844,0.119119,-0.155312,32.15,63.8200943108616
6415,-8.165507,-3.716652,4.395017,0.144775,0.131947,-0.156076,32.16,63.9005568022254
6422,-8.165507,-3.716652,4.395017,0.144775,0.131947,-0.156076,32.16,63.9005568022254
6432,-8.163713,-3.732205,4.395615,0.144164,0.137139,-0.154396,32.16,63.9096407184667
6442,-8.160124,-3.732205,4.370491,0.144011,0.142179,-0.152258,32.18,64.0309297465293
6452,-8.1679,-3.749553,4.351946,0.144164,0.146608,-0.149815,32.18,64.1625119517314
6462,-8.168499,-3.756134,4.347161,0.144928,0.151342,-0.142637,32.2,64.1954515264426
6472,-8.179267,-3.765705,4.342973,0.145844,0.15348,-0.138361,32.19,64.2514460895643
6482,-8.188837,-3.766303,4.336392,0.147066,0.153938,-0.134238,32.19,64.3076568923837
6492,-8.18764,-3.779463,4.336392,0.148593,0.154702,-0.129198,32.2,64.3186294074565
6502,-8.196614,-3.768098,4.326822,0.150578,0.153785,-0.123395,32.2,64.3764462544447
6512,-8.201998,-3.778267,4.323831,0.151647,0.152564,-0.118813,32.13,64.4145038511101
6522,-8.192427,-3.781258,4.314857,0.153327,0.150273,-0.112705,32.13,64.4424677775864
6532,-8.209177,-3.790231,4.313063,0.155312,0.147524,-0.107665,32.19,64.4985277156801
6542,-8.206185,-3.783651,4.313661,0.157603,0.143553,-0.102778,32.19,64.4819554252309
6552,-8.204391,-3.789035,4.311867,0.158367,0.13943,-0.097586,32.18,64.4927649095989
6562,-8.206783,-3.791427,4.301697,0.159589,0.134543,-0.093462,32.18,64.5531182624799
6572,-8.233105,-3.792026,4.295715,0.161727,0.129198,-0.088728,32.17,64.6432499246639
6582,-8.22772,-3.784847,4.292126,0.162948,0.122937,-0.08659,32.17,64.6424658626099
6592,-8.23789,-3.786642,4.299902,0.164628,0.116981,-0.083536,32.18,64.6267722126086
6602,-8.235497,-3.791427,4.287939,0.167072,0.110261,-0.080787,32.18,64.6880963447764
6612,-8.242676,-3.790829,4.284947,0.168599,0.102778,-0.07926,32.18,64.7188537160224
6622,-8.232506,-3.783053,4.284349,0.169973,0.095142,-0.078802,32.18,64.6914548704977
6632,-8.249256,-3.774678,4.291527,0.174097,0.08094,-0.07758,32.18,64.6830478709489
6642,-8.249256,-3.769892,4.290331,0.176693,0.07422,-0.078191,32.17,64.6843613323307
6652,-8.252846,-3.777071,4.293921,0.178525,0.067042,-0.080176,32.17,64.6810945523871
6662,-8.252846,-3.756134,4.286742,0.180358,0.060018,-0.081398,32.14,64.696928572581
6672,-8.255836,-3.752544,4.290929,0.182191,0.053909,-0.08262,32.14,64.6783262569988
6682,-8.250452,-3.745964,4.307081,0.184023,0.048258,-0.085063,32.16,64.5763247169181
6692,-8.244471,-3.756134,4.307081,0.186161,0.042761,-0.088117,32.16,64.5732990816155
6702,-8.243872,-3.748357,4.313063,0.187994,0.037874,-0.089797,32.16,64.5332011769241
6712,-8.239684,-3.745365,4.310072,0.18891,0.034361,-0.092546,32.16,64.5362223730694
6722,-8.222337,-3.734598,4.323233,0.190132,0.030543,-0.095753,32.18,64.418408000174
6732,-8.229516,-3.728616,4.332804,0.191659,0.027947,-0.09728,32.18,64.3790850713974
6742,-8.228917,-3.727419,4.331607,0.191659,0.025656,-0.098655,32.17,64.382686761376
6752,-8.225328,-3.719045,4.337589,0.191964,0.023671,-0.099876,32.17,64.3352003569381
6762,-8.216354,-3.719643,4.342973,0.191964,0.023824,-0.101404,32.14,64.2877669297228
6772,-8.206783,-3.702295,4.34417,0.190895,0.023671,-0.102625,32.14,64.2421323805145
6782,-8.193623,-3.70409,4.359723,0.19059,0.024587,-0.102625,32.16,64.1337766031699
6792,-8.204989,-3.699304,4.369893,0.189979,0.025962,-0.102014,32.16,64.1023324960963
6802,-8.194221,-3.69392,4.381258,0.188452,0.031154,-0.099113,32.19,64.0136456733307
6812,-8.193025,-3.697509,4.378268,0.185856,0.034667,-0.096822,32.17,64.0300154169128
6822,-8.182258,-3.682554,4.386642,0.18387,0.039095,-0.094073,32.17,63.9467322352796
6832,-8.166704,-3.678366,4.389035,0.182038,0.043371,-0.09163,32.2,63.8942631513898
6842,-8.173284,-3.683152,4.38724,0.180053,0.048258,-0.088728,32.2,63.9236366248698
6852,-8.179864,-3.679563,4.407579,0.177762,0.053909,-0.085216,32.2,63.8303071304963
6862,-8.172088,-3.678366,4.398008,0.175929,0.059407,-0.082467,32.2,63.8604154220554
6872,-8.17149,-3.685545,4.401597,0.174097,0.065668,-0.079718,32.14,63.8480063497653
6882,-8.162517,-3.675375,4.400401,0.172569,0.071624,-0.075442,32.14,63.8228834952376
6892,-8.167302,-3.686741,4.404588,0.169973,0.078038,-0.074526,32.19,63.8241894848465
6902,-8.181659,-3.677768,4.40399,0.168599,0.083841,-0.072082,32.19,63.8510537301491
6912,-8.180463,-3.678965,4.404588,0.166919,0.090408,-0.07025,32.2,63.8464598749063
6922,-8.177471,-3.686741,4.408776,0.16585,0.09728,-0.069486,32.2,63.826084051307
6932,-8.194221,-3.686741,4.405785,0.164017,0.102778,-0.067959,32.16,63.8800222423606
6942,-8.193025,-3.692724,4.396811,0.162185,0.108276,-0.067959,32.16,63.9296111881178
6952,-8.204989,-3.69392,4.400401,0.160658,0.114079,-0.069639,32.18,63.9398221376582
6962,-8.210373,-3.692724,4.391428,0.160199,0.118508,-0.071013,32.18,63.9970352747249
6972,-8.213365,-3.702893,4.372883,0.158978,0.121409,-0.0759,32.15,64.1097106098075
6982,-8.225926,-3.701099,4.371687,0.156687,0.126144,-0.080176,32.19,64.1426074354173
6992,-8.248059,-3.705286,4.374678,0.156076,0.127824,-0.08491,32.19,64.1817447063693
7002,-8.250452,-3.709473,4.366303,0.15516,0.128434,-0.089492,32.2,64.2344342992837
7012,-8.243275,-3.705286,4.365107,0.153938,0.127824,-0.09499,32.2,64.2200791703157
7022,-8.236693,-3.717848,4.369893,0.152869,0.127824,-0.099266,32.2,64.1933895226501
7032,-8.244471,-3.708277,4.355535,0.151495,0.126907,-0.105374,32.2,64.2750486324517
7042,-8.256434,-3.727419,4.353741,0.150578,0.124769,-0.110719,32.19,64.330708546792
7052,-8.253444,-3.729812,4.345366,0.148898,0.122326,-0.117439,32.19,64.3694633324985
7062,-8.251051,-3.719643,4.347759,0.147982,0.120646,-0.122631,32.18,64.341441890583
7072,-8.246264,-3.734598,4.34417,0.147371,0.117439,-0.126449,32.18,64.3643386211355
7082,-8.249256,-3.739383,4.332804,0.146608,0.115454,-0.130572,32.17,64.4344196055427
7092,-8.243872,-3.732205,4.32742,0.145539,0.113468,-0.133932,32.17,64.4427719318573
7102,-8.24148,-3.737589,4.331009,0.14615,0.110108,-0.137292,32.18,64.424387221062
7112,-8.230712,-3.738187,4.322036,0.145844,0.107054,-0.139583,32.18,64.4470739359884
7122,-8.225328,-3.739383,4.328018,0.145539,0.104153,-0.141568,32.16,64.4053380133049
7132,-8.221141,-3.74058,4.322036,0.146455,0.101404,-0.141415,32.16,64.4280125926405
7142,-8.204989,-3.74058,4.307081,0.146608,0.098502,-0.140499,32.18,64.4689793026547
7152,-8.205587,-3.753142,4.3005,0.149051,0.09163,-0.137139,32.16,64.5172538687289
7162,-8.205587,-3.748955,4.297509,0.151342,0.088423,-0.133474,32.16,64.5284408433731
7172,-8.207382,-3.751348,4.297509,0.153022,0.084758,-0.130114,32.15,64.5349176872394
7182,-8.202596,-3.74058,4.288536,0.154854,0.079718,-0.126296,32.15,64.5596334289788
7192,-8.199606,-3.744768,4.289733,0.156687,0.074831,-0.122631,32.18,64.551009966596
7202,-8.194819,-3.74716,4.281956,0.159589,0.071166,-0.117744,32.18,64.5830486515128
7212,-8.2014,-3.751348,4.282554,0.161727,0.065821,-0.112857,32.17,64.59898075096
7222,-8.203793,-3.742973,4.285545,0.163254,0.060781,-0.109345,32.17,64.5802668380085
7232,-8.215158,-3.735196,4.284349,0.166613,0.054825,-0.104458,32.18,64.6039892516901
7242,-8.199007,-3.734598,4.307679,0.167988,0.049175,-0.100029,32.18,64.4462887003399
7252,-8.204989,-3.739383,4.3005,0.169057,0.044135,-0.096059,32.22,64.5018106930051
7262,-8.217552,-3.731607,4.298706,0.17089,0.039248,-0.093462,32.22,64.5313614940365
7272,-8.218747,-3.732205,4.313063,0.1715,0.03375,-0.091324,32.2,64.4604140909134
7282,-8.224131,-3.739982,4.316054,0.171348,0.030543,-0.089034,32.2,64.4650016298067
7292,-8.22772,-3.726223,4.319045,0.171195,0.026725,-0.086743,32.17,64.443591949784
7302,-8.221141,-3.719045,4.347161,0.170431,0.023213,-0.086132,32.17,64.2763935086668
7312,-8.218747,-3.726821,4.361517,0.168599,0.02138,-0.086132,32.18,64.2050100459639
7322,-8.228318,-3.714857,4.35733,0.166766,0.01909,-0.088117,32.18,64.2359778077791
7332,-8.228318,-3.720839,4.372883,0.162796,0.020006,-0.088575,32.18,64.1621061905016
7342,-8.233703,-3.714857,4.388436,0.159741,0.021686,-0.090103,32.22,64.0883220839678
7352,-8.23131,-3.720241,4.395017,0.157145,0.024893,-0.092088,32.22,64.0546466946698
7362,-8.215158,-3.723232,4.408776,0.153327,0.028405,-0.094379,32.2,63.9503734000248
7372,-8.213365,-3.720241,4.416552,0.150578,0.033139,-0.096364,32.2,63.9033201006241
7382,-8.219944,-3.724428,4.418945,0.147524,0.03879,-0.098655,32.16,63.9104312714248
7392,-8.208578,-3.727419,4.424927,0.144928,0.044593,-0.099113,32.16,63.8569090219285
7402,-8.196614,-3.728616,4.417151,0.142942,0.05116,-0.100335,32.18,63.8706168297885
7412,-8.198408,-3.722036,4.426722,0.141263,0.058032,-0.101862,32.18,63.8188068436761
7422,-8.196015,-3.732804,4.423133,0.140804,0.065973,-0.101709,32.14,63.8429404023386
7432,-8.182258,-3.726821,4.42074,0.140957,0.073151,-0.10064,32.14,63.8174102096654
7442,-8.172686,-3.728616,4.415954,0.140804,0.080481,-0.100793,32.16,63.821877277296
7452,-8.17807,-3.731607,4.409374,0.142484,0.087812,-0.099113,32.16,63.8711691098886
7462,-8.156534,-3.741179,4.392026,0.144775,0.095295,-0.096364,32.17,63.9210868126041
7472,-8.17448,-3.738187,4.38425,0.147066,0.100793,-0.094226,32.17,63.9990559437016
7482,-8.164909,-3.750151,4.375875,0.149815,0.106749,-0.091477,32.16,64.0328708559801
7492,-8.165507,-3.738786,4.367499,0.153785,0.112857,-0.085979,32.16,64.0655398610029
7502,-8.156534,-3.754937,4.370491,0.16081,0.122326,-0.081551,32.14,64.0465501600951
7512,-8.161918,-3.75075,4.35733,0.164781,0.126144,-0.077733,32.19,64.1223550446709
7522,-8.160722,-3.750151,4.35733,0.168599,0.127976,-0.074526,32.19,64.1190060691258
7532,-8.172088,-3.748357,4.339982,0.171653,0.130267,-0.071319,32.17,64.2325835496538
7542,-8.176873,-3.759723,4.344768,0.174707,0.13271,-0.068875,32.17,64.2305326261759
7552,-8.179267,-3.745365,4.335197,0.176693,0.132863,-0.067042,32.17,64.2704767185734
7562,-8.175676,-3.756732,4.331009,0.178831,0.132863,-0.063988,32.17,64.2957991385282
7572,-8.189436,-3.755535,4.325625,0.180053,0.132558,-0.063225,32.13,64.3534643447713
7582,-8.195418,-3.74716,4.329813,0.180358,0.131336,-0.062461,32.13,64.3366699669194
7592,-8.209177,-3.746562,4.319643,0.179747,0.129962,-0.062461,32.17,64.4195938582167
7602,-8.209774,-3.745365,4.325027,0.179747,0.127365,-0.062461,32.17,64.3919024363833
7612,-8.21157,-3.751348,4.320839,0.177456,0.124158,-0.062461,32.17,64.4237125440763
7622,-8.225926,-3.744169,4.323831,0.175013,0.120493,-0.063683,32.17,64.4331732763727
7632,-8.219346,-3.74058,4.323831,0.171959,0.117439,-0.06353,32.16,64.4147111113614
7642,-8.230114,-3.731009,4.313661,0.168904,0.113468,-0.065668,32.16,64.4816440990582
7652,-8.230712,-3.731009,4.314259,0.16585,0.109192,-0.067653,32.14,64.4798988405619
7662,-8.254042,-3.717848,4.317849,0.161574,0.103847,-0.069333,32.14,64.5003782177634
7672,-8.264212,-3.718446,4.308277,0.154396,0.092546,-0.074067,32.17,64.5731104358607
7682,-8.260622,-3.705884,4.311268,0.150578,0.08659,-0.0759,32.18,64.5370133495103
7692,-8.260024,-3.716652,4.313661,0.147219,0.080481,-0.07758,32.18,64.5341703957248
7702,-8.291131,-3.71067,4.308277,0.143248,0.072998,-0.082009,32.16,64.6254163359202
7712,-8.276773,-3.705884,4.32742,0.138972,0.066584,-0.084605,32.16,64.4899903203984
7722,-8.270193,-3.698107,4.314259,0.137597,0.060934,-0.087048,32.16,64.5352328812251
7732,-8.269596,-3.695715,4.311867,0.134238,0.053451,-0.090255,32.16,64.5438317655043
7742,-8.276175,-3.680161,4.318447,0.1321,0.047342,-0.093157,32.13,64.5091125349875
7752,-8.280362,-3.689733,4.323233,0.130572,0.040623,-0.096211,32.13,64.5034154850945
7762,-8.28455,-3.680759,4.326224,0.13042,0.035277,-0.099266,32.18,64.4884538404016
7772,-8.278568,-3.688536,4.319643,0.130114,0.030085,-0.101404,32.18,64.5166854140237
7782,-8.2678,-3.674777,4.328616,0.129503,0.025351,-0.104305,32.16,64.4324851163287
7792,-8.262416,-3.675375,4.339384,0.130725,0.021686,-0.106749,32.16,64.365469185951
7802,-8.260024,-3.678965,4.331009,0.131336,0.018326,-0.109345,32.14,64.4068256580802
7812,-8.260024,-3.675974,4.339384,0.131183,0.016188,-0.111941,32.14,64.3606692169319
7822,-8.247462,-3.682554,4.35075,0.132863,0.014661,-0.114537,32.15,64.280360167796
7832,-8.220542,-3.677171,4.348357,0.134848,0.013439,-0.117286,32.15,64.2261432607594
7842,-8.218149,-3.678366,4.356134,0.136528,0.015424,-0.119119,32.17,64.1818010995903
7852,-8.197212,-3.679563,4.356732,0.139583,0.01741,-0.120646,32.15,64.1321931811254
7862,-8.193623,-3.678366,4.363312,0.142026,0.020006,-0.12202,32.15,64.0887955165249
7872,-8.193025,-3.687938,4.372285,0.144011,0.023366,-0.120951,32.18,64.0509831173449
7882,-8.17448,-3.69392,4.367499,0.14676,0.026573,-0.120188,32.18,64.0393966320458
7892,-8.164909,-3.691527,4.371687,0.148135,0.032529,-0.11973,32.15,63.9933383977861
7902,-8.163115,-3.701697,4.378866,0.15012,0.037874,-0.117897,32.15,63.9627292288736
7912,-8.154141,-3.703491,4.378866,0.152564,0.043371,-0.116523,32.14,63.9439832307755
7922,-8.159525,-3.711268,4.379463,0.153938,0.04948,-0.114079,32.14,63.9613854513178
7932,-8.14457,-3.718446,4.378866,0.153938,0.055894,-0.111941,32.14,63.9376383774
7942,-8.148159,-3.714857,4.393821,0.154396,0.062156,-0.107512,32.14,63.8649522930615
7952,-8.147561,-3.718446,4.379463,0.153785,0.068417,-0.104153,32.16,63.9414265724318
7962,-8.143373,-3.733402,4.388436,0.15348,0.074984,-0.101251,32.16,63.9012157107242
7972,-8.146365,-3.727419,4.381856,0.153174,0.080481,-0.097738,32.15,63.9357429318401
7982,-8.143971,-3.736991,4.390232,0.152869,0.085216,-0.095142,32.15,63.8971071113629
7992,-8.150552,-3.74058,4.383053,0.150731,0.090255,-0.092546,32.18,63.952998578039
8002,-8.158927,-3.745365,4.378866,0.148746,0.094073,-0.089797,32.18,63.9987761463091
8012,-8.181061,-3.754937,4.374678,0.14676,0.098502,-0.085674,32.17,64.0808315944731
8022,-8.194819,-3.754937,4.378866,0.141721,0.104763,-0.083994,32.14,64.0905483653557
8032,-8.200203,-3.75733,4.377669,0.139583,0.106749,-0.083689,32.14,64.1114121571655
8042,-8.205587,-3.765106,4.377071,0.13607,0.107207,-0.083383,32.16,64.1347681060354
8052,-8.209774,-3.771687,4.371687,0.133169,0.108276,-0.084452,32.16,64.1787387552936
8062,-8.226524,-3.772883,4.372883,0.13042,0.109498,-0.085216,32.14,64.2116364046895
8072,-8.228318,-3.765106,4.366901,0.128129,0.10965,-0.086285,32.14,64.2383623925511
8082,-8.229516,-3.775276,4.357928,0.12538,0.108734,-0.08827,32.16,64.2976385953876
8092,-8.238488,-3.77049,4.360919,0.123395,0.107512,-0.088423,32.16,64.2975117604674
8102,-8.242078,-3.768696,4.352544,0.121715,0.106901,-0.090255,32.2,64.3467420165032
8112,-8.231908,-3.781856,4.347759,0.120493,0.104763,-0.092088,32.2,64.362050006218
8122,-8.236693,-3.785445,4.354938,0.12034,0.103084,-0.094379,32.18,64.3395884239494
8132,-8.240283,-3.779463,4.348357,0.119882,0.102778,-0.09499,32.18,64.3752832237859
8142,-8.239684,-3.779463,4.35075,0.120646,0.099876,-0.095448,32.19,64.3616469325276
8152,-8.230712,-3.777071,4.341179,0.121715,0.098044,-0.096059,32.19,64.3882823174177
8162,-8.225926,-3.789035,4.341179,0.122937,0.09728,-0.094226,32.18,64.3898833672734
8172,-8.221141,-3.774678,4.334,0.124617,0.095448,-0.093157,32.18,64.401317137543
8182,-8.199606,-3.768098,4.31725,0.126755,0.093615,-0.091783,32.18,64.4326124139987
8192,-8.21157,-3.774678,4.323831,0.133474,0.090408,-0.086285,32.16,64.4322742582172
8202,-8.19781,-3.77049,4.322634,0.136834,0.089339,-0.082467,32.16,64.403236253835
8212,-8.188837,-3.752544,4.31067,0.140041,0.087506,-0.078954,32.17,64.4263692684531
8222,-8.179267,-3.762115,4.304688,0.143401,0.085521,-0.074526,32.17,64.4456919633538
8232,-8.191828,-3.76391,4.298108,0.147677,0.083383,-0.069028,32.2,64.5098461777374
8242,-8.188837,-3.749553,4.301697,0.151953,0.080481,-0.066279,32.2,64.4697455992647
8252,-8.195418,-3.741179,4.302295,0.155007,0.077274,-0.062308,32.14,64.4728404686986
8262,-8.195418,-3.736991,4.301697,0.158061,0.073762,-0.059254,32.14,64.4716379084133
8272,-8.187043,-3.737589,4.301697,0.160963,0.07086,-0.0562,32.21,64.4533914383521
8282,-8.197212,-3.731009,4.294518,0.163254,0.067195,-0.052993,32.21,64.5067401168535
8292,-8.200802,-3.714259,4.3005,0.166003,0.063225,-0.051313,32.17,64.4666957121256
8302,-8.210971,-3.71067,4.295715,0.167377,0.058796,-0.050855,32.17,64.5107406719677
8312,-8.222935,-3.704688,4.3005,0.168599,0.054062,-0.050091,32.19,64.5068122852554
8322,-8.218747,-3.699902,4.31067,0.168599,0.049175,-0.050702,32.19,64.439891896569
8332,-8.233105,-3.690929,4.314857,0.168446,0.04383,-0.05116,32.17,64.4415368023776
8342,-8.243872,-3.7005,4.322634,0.167683,0.039706,-0.053145,32.17,64.4353159160316
8352,-8.248658,-3.691527,4.334,0.167224,0.036499,-0.055589,32.15,64.3784216672361
8362,-8.251051,-3.675375,4.343571,0.165697,0.028405,-0.062919,32.15,64.3182113503642
8372,-8.246863,-3.668795,4.353741,0.16081,0.026725,-0.066279,32.18,64.2496987111912
8382,-8.252846,-3.669992,4.351348,0.158061,0.023671,-0.070097,32.18,64.2767972476956
8392,-8.251051,-3.671188,4.365705,0.15516,0.022297,-0.074067,32.18,64.2000561051333
8402,-8.245667,-3.66401,4.359125,0.151036,0.021991,-0.077733,32.15,64.2144282801601
8416,-8.262416,-3.67418,4.370491,0.147066,0.022297,-0.081856,32.15,64.2042763822011
8422,-8.245667,-3.665206,4.380062,0.143401,0.023671,-0.085674,32.19,64.107947414822
8432,-8.243275,-3.659224,4.390232,0.139277,0.025351,-0.089034,32.19,64.0441775715232
8442,-8.229516,-3.665804,4.393223,0.135612,0.0281,-0.091324,32.19,64.0040392997613
8452,-8.224131,-3.678366,4.397409,0.131794,0.03146,-0.093157,32.19,63.9830440618279
8462,-8.226524,-3.677171,4.394419,0.127671,0.035125,-0.095906,32.16,64.0026540948076
8472,-8.216354,-3.677171,4.404588,0.125075,0.040012,-0.097738,32.16,63.9271323292206
8482,-8.213962,-3.685545,4.398008,0.121868,0.044899,-0.098807,32.16,63.9640501353438
8492,-8.191828,-3.678965,4.39083,0.11973,0.050702,-0.098349,32.16,63.9434351850743
8502,-8.200203,-3.690929,4.398606,0.11805,0.055131,-0.099876,32.18,63.9349908482629
8512,-8.203195,-3.692126,4.393821,0.116523,0.060934,-0.09896,32.18,63.9676865872999
8522,-8.17807,-3.699304,4.385446,0.114995,0.066737,-0.098655,32.13,63.9606318740849
8532,-8.17448,-3.707081,4.387838,0.114995,0.072235,-0.097128,32.13,63.9481515254068
8542,-8.173882,-3.711268,4.38425,0.115148,0.082009,-0.095448,32.16,63.9696245107536
8552,-8.188837,-3.71067,4.376472,0.115301,0.085521,-0.095142,32.16,64.0432998721441
8562,-8.182856,-3.712464,4.371687,0.116064,0.090103,-0.093921,32.16,64.0561571079256
8572,-8.181659,-3.725027,4.368098,0.11805,0.093768,-0.093615,32.16,64.0849613748417
8582,-8.182856,-3.739383,4.365705,0.120035,0.096517,-0.092088,32.16,64.1149387929945
8592,-8.178668,-3.736392,4.365705,0.120799,0.09896,-0.091172,32.14,64.1022957674822
8602,-8.17807,-3.74716,4.357928,0.12202,0.101098,-0.091477,32.14,64.1522516895329
8612,-8.187043,-3.745964,4.350152,0.124158,0.103389,-0.090408,32.16,64.2114884127809
8622,-8.193025,-3.741179,4.351946,0.125533,0.103847,-0.089644,32.16,64.2108365476073
8632,-8.188239,-3.748955,4.354339,0.127365,0.105222,-0.089797,32.17,64.195706401091
8642,-8.193623,-3.759125,4.346562,0.128282,0.104305,-0.090255,32.17,64.2585473645419
8652,-8.191828,-3.753142,4.341777,0.129351,0.104458,-0.089186,32.14,64.272974494066
8662,-8.200802,-3.754937,4.339384,0.131947,0.104305,-0.088728,32.14,64.3074459913374
8672,-8.210373,-3.761517,4.329813,0.133016,0.102931,-0.089186,32.18,64.3851645143053
8682,-8.202596,-3.764508,4.325625,0.133474,0.102473,-0.090408,32.18,64.3923732608939
8692,-8.20798,-3.767499,4.319643,0.13439,0.10064,-0.089492,32.16,64.4384363580669
8702,-8.216354,-3.753142,4.323831,0.135154,0.098807,-0.089186,32.16,64.4208609174789
8712,-8.216953,-3.758526,4.324429,0.135765,0.093921,-0.089339,32.2,64.424648606347
8722,-8.22473,-3.75733,4.322634,0.136223,0.091324,-0.089797,32.16,64.450133270898
8732,-8.225926,-3.75075,4.313063,0.137597,0.089339,-0.089797,32.16,64.4954697533138
8742,-8.226524,-3.751348,4.316652,0.136376,0.085063,-0.091019,32.18,64.4788962086464
8752,-8.233703,-3.750151,4.319643,0.135918,0.082009,-0.090255,32.18,64.4783332830913
8762,-8.231908,-3.744768,4.319643,0.135154,0.078496,-0.08995,32.19,64.46881630101
8772,-8.229516,-3.752544,4.31725,0.133474,0.074526,-0.090255,32.19,64.4837386083793
8782,-8.242078,-3.751348,4.320241,0.132558,0.070555,-0.090713,32.15,64.4952253917054
8792,-8.239087,-3.732804,4.32742,0.130267,0.065821,-0.091019,32.15,64.4326360818133
8802,-8.246264,-3.738187,4.319643,0.129351,0.060934,-0.091935,32.15,64.4942951881987
8812,-8.239087,-3.738786,4.311867,0.127671,0.056658,-0.092241,32.15,64.518935261129
8822,-8.246264,-3.735795,4.316054,0.125838,0.051465,-0.091783,32.15,64.5103716694742
8832,-8.240881,-3.723232,4.321437,0.124617,0.046884,-0.09331,32.15,64.4577881496777
8842,-8.245667,-3.727419,4.331607,0.123395,0.042455,-0.093921,32.16,64.4203683516112
8852,-8.256434,-3.732804,4.323831,0.121562,0.037721,-0.09331,32.16,64.4900357751788
8862,-8.239087,-3.728616,4.325027,0.12034,0.032987,-0.093921,32.19,64.4407129206372
8872,-8.221739,-3.728616,4.326224,0.120646,0.029627,-0.093157,32.19,64.395511893069
8882,-8.226524,-3.724428,4.322036,0.119424,0.02306,-0.091477,32.16,64.4236309993199
8892,-8.213962,-3.714857,4.331009,0.120493,0.020464,-0.089492,32.2,64.3391995514961
8902,-8.205587,-3.724428,4.338786,0.121104,0.018479,-0.088728,32.2,64.2899149215145
8912,-8.20798,-3.713661,4.336392,0.122631,0.018021,-0.08659,32.17,64.2966459181575
8922,-8.193623,-3.726821,4.342973,0.124617,0.017104,-0.084452,32.17,64.2436603280878
8932,-8.176873,-3.726821,4.34058,0.126755,0.018326,-0.081398,32.15,64.2180020190378
8942,-8.172088,-3.729214,4.348955,0.128893,0.01909,-0.078038,32.15,64.166315864027
8952,-8.165507,-3.729214,4.363312,0.131336,0.020922,-0.074831,32.15,64.0771609417644
8962,-8.164311,-3.716652,4.355535,0.134085,0.024129,-0.070402,32.15,64.101525236947
8972,-8.172686,-3.722634,4.371089,0.136987,0.028405,-0.06689,32.13,64.0465691390307
8982,-8.16132,-3.716054,4.385446,0.13943,0.032223,-0.062919,32.13,63.9396418303646
8992,-8.166704,-3.716054,4.368696,0.141415,0.036957,-0.058948,32.14,64.0383924459018
9002,-8.154739,-3.722036,4.384848,0.144164,0.043371,-0.054825,32.14,63.9338808085269
9012,-8.159525,-3.726223,4.389035,0.145539,0.048564,-0.052534,32.14,63.9276615619291
9022,-8.164311,-3.73041,4.395615,0.148288,0.054367,-0.050244,32.14,63.9091307710559
9032,-8.166105,-3.723232,4.387838,0.149204,0.060934,-0.047342,32.16,63.9457877583552
9042,-8.175079,-3.729214,4.399803,0.150578,0.067042,-0.046273,32.16,63.9110109582552
9052,-8.182856,-3.729214,4.398008,0.151189,0.07926,-0.044135,32.17,63.9380491378056
9062,-8.187043,-3.734598,4.393223,0.151647,0.085063,-0.04444,32.18,63.97783524224
9072,-8.188837,-3.729812,4.389035,0.150578,0.090103,-0.045968,32.18,63.9984877868064
9082,-8.198408,-3.726223,4.396214,0.149051,0.094226,-0.048258,32.16,63.979707059548
9092,-8.208578,-3.731009,4.386642,0.147524,0.098349,-0.050091,32.16,64.0570306296352
9102,-8.218149,-3.729812,4.387838,0.144928,0.102167,-0.053603,32.16,64.0714202293777
9112,-8.219944,-3.737589,4.377071,0.143553,0.105069,-0.056505,32.16,64.1388193573945
9122,-8.219944,-3.734598,4.388436,0.140804,0.10736,-0.059865,32.11,64.0773679205333
9132,-8.230114,-3.729812,4.378268,0.137903,0.10797,-0.064904,32.11,64.1477215845676
9142,-8.2349,-3.72383,4.372285,0.135307,0.108734,-0.069486,32.17,64.1831594928911
9152,-8.225926,-3.728018,4.366901,0.133169,0.109192,-0.073609,32.17,64.1948023909305
9162,-8.246264,-3.729214,4.357928,0.129809,0.108276,-0.077733,32.17,64.2881099271309
9172,-8.24148,-3.736991,4.360321,0.126907,0.107207,-0.083078,32.17,64.2729661700159
9182,-8.231908,-3.736392,4.351348,0.12538,0.106138,-0.086896,32.15,64.2969070897311
9192,-8.237292,-3.721437,4.339982,0.122937,0.104153,-0.090255,32.15,64.352294875267
9202,-8.24148,-3.721437,4.342375,0.12034,0.102167,-0.093157,32.18,64.3494093487471
9212,-8.238488,-3.731009,4.323831,0.117897,0.099266,-0.0956,32.18,64.447967925204
9222,-8.230712,-3.726223,4.325625,0.115606,0.095906,-0.10064,32.16,64.4163631896975
9232,-8.219346,-3.716652,4.328616,0.112094,0.090103,-0.10064,32.15,64.3655508396383
9242,-8.213365,-3.726821,4.318447,0.110872,0.087201,-0.10064,32.15,64.4149765839623
9252,-8.218747,-3.716054,4.302894,0.110872,0.08323,-0.099876,32.19,64.4965416907279
9262,-8.209177,-3.72383,4.312464,0.109498,0.079871,-0.098349,32.19,64.4334144228517
9272,-8.21157,-3.719643,4.304688,0.108581,0.075747,-0.096211,32.17,64.4747622568956
9282,-8.206185,-3.716652,4.296313,0.109039,0.071777,-0.094379,32.17,64.502960901239
9292,-8.20798,-3.713063,4.30409,0.108887,0.067806,-0.091783,32.14,64.4630614160471
9302,-8.222935,-3.713063,4.299304,0.108887,0.063683,-0.088728,32.14,64.521497484708
9312,-8.215158,-3.706482,4.301697,0.110567,0.059559,-0.085979,32.13,64.4849271165023
9322,-8.224131,-3.705286,4.313063,0.112246,0.055589,-0.082314,32.13,64.4451248219573
9332,-8.22473,-3.713661,4.31067,0.112552,0.05116,-0.079565,32.16,64.4673523959553
9342,-8.22473,-3.71067,4.314259,0.114079,0.046426,-0.077122,32.16,64.445761510697
9352,-8.231908,-3.703491,4.315455,0.115759,0.042913,-0.074984,32.16,64.4484645601561
9362,-8.219346,-3.703491,4.316054,0.117744,0.038637,-0.073151,32.16,64.41704520627
9372,-8.238488,-3.715455,4.317849,0.119577,0.034972,-0.07254,32.17,64.4630355002311
9382,-8.233105,-3.707679,4.323831,0.120493,0.03146,-0.072235,32.17,64.4121539002006
9392,-8.233105,-3.701099,4.331009,0.123089,0.027947,-0.071929,32.14,64.3684318530468
9402,-8.234302,-3.706482,4.334598,0.127365,0.022907,-0.072693,32.14,64.3580880110977
9412,-8.234302,-3.697509,4.34058,0.12874,0.020311,-0.074526,32.16,64.3181294336773
9422,-8.244471,-3.706482,4.345964,0.130878,0.018479,-0.076205,32.12,64.3224792438105
9432,-8.246863,-3.702893,4.352544,0.131489,0.017562,-0.079412,32.12,64.2903737807138
9442,-8.252247,-3.71067,4.350152,0.132558,0.017104,-0.082467,32.17,64.3227234187366
9452,-8.242078,-3.705286,4.360321,0.13271,0.017257,-0.085979,32.17,64.2419775217378
9462,-8.240283,-3.708277,4.365705,0.132558,0.017562,-0.090103,32.2,64.2132756129836
9472,-8.22473,-3.713063,4.375276,0.133169,0.018784,-0.092546,32.2,64.1336877567904
9482,-8.221739,-3.708277,4.375875,0.133016,0.021075,-0.096211,32.16,64.1189008510644
9492,-8.221141,-3.720839,4.381258,0.131794,0.023824,-0.098655,32.16,64.1027752840273
9502,-8.200203,-3.724428,4.381258,0.131183,0.026114,-0.101862,32.15,64.058831604702
9512,-8.209774,-3.719045,4.384848,0.129656,0.029016,-0.104458,32.15,64.05661298211
9522,-8.202596,-3.719045,4.389633,0.127976,0.032834,-0.106749,32.18,64.0156501716693
9532,-8.183454,-3.728616,4.384848,0.125838,0.036194,-0.109039,32.18,64.006495510148
9542,-8.184649,-3.74058,4.393223,0.124311,0.04047,-0.108734,32.19,63.9786055025925
9552,-8.187043,-3.742374,4.38724,0.122784,0.04444,-0.109345,32.19,64.0167046894798
9562,-8.17807,-3.749553,4.382454,0.121868,0.049786,-0.108429,32.18,64.0283675448859
9572,-8.158927,-3.749553,4.383651,0.119577,0.059559,-0.104916,32.18,63.9785098339671
9582,-8.16132,-3.753741,4.383053,0.117439,0.063988,-0.102473,32.16,63.991457200775
9592,-8.158927,-3.758526,4.383053,0.116675,0.069333,-0.099113,32.14,63.9910223421507
9602,-8.152946,-3.765705,4.379463,0.11637,0.073457,-0.09499,32.14,64.0034284715963
9612,-8.143373,-3.766901,4.381258,0.115148,0.078038,-0.090408,32.12,63.9735769453572
9622,-8.150552,-3.761517,4.371687,0.115912,0.082314,-0.086437,32.12,64.0336530910524
9632,-8.154739,-3.77408,4.365107,0.115912,0.087506,-0.08094,32.13,64.0903617587667
9642,-8.145766,-3.772883,4.369295,0.116981,0.091172,-0.075442,32.13,64.0470640561034
9652,-8.155338,-3.762714,4.364508,0.117286,0.0956,-0.069333,32.16,64.0828631690737
9662,-8.163713,-3.771687,4.358526,0.118508,0.09896,-0.064446,32.16,64.1421899338865
9672,-8.167302,-3.775276,4.35733,0.120188,0.101862,-0.058643,32.19,64.1602650128768
9682,-8.162517,-3.771687,4.359125,0.12202,0.104153,-0.052993,32.19,64.1363842220317
9692,-8.176873,-3.781258,4.35733,0.122631,0.105985,-0.048564,32.15,64.1882086413603
9702,-8.176873,-3.768098,4.341179,0.124311,0.107054,-0.04444,32.15,64.2577869869315
9712,-8.194221,-3.771687,4.34417,0.125838,0.107818,-0.040623,32.18,64.2852648495078
9722,-8.210373,-3.766901,4.347161,0.127824,0.108276,-0.037721,32.18,64.3013027540861
9732,-8.218149,-3.76391,4.346562,0.129503,0.107818,-0.036041,32.19,64.3188090889133
9742,-8.230114,-3.762714,4.344768,0.131641,0.107818,-0.035125,32.19,64.3537177535926
9752,-8.239087,-3.742374,4.341179,0.134238,0.104305,-0.035888,32.18,64.3715221519909
9762,-8.248059,-3.748357,4.326822,0.134848,0.103236,-0.036957,32.15,64.4716646730923
9772,-8.261818,-3.742374,4.333402,0.135612,0.100487,-0.038637,32.15,64.4625265040589
9782,-8.253444,-3.746562,4.331607,0.135918,0.098197,-0.040623,32.16,64.4572647470065
9792,-8.254042,-3.745365,4.338188,0.13607,0.094531,-0.04444,32.16,64.4235311737544
9802,-8.248658,-3.739383,4.337589,0.136223,0.091935,-0.049022,32.18,64.408449729273
9812,-8.266006,-3.726821,4.328018,0.135765,0.08827,-0.054062,32.18,64.4838660153954
9822,-8.268997,-3.727419,4.332804,0.135459,0.084605,-0.058643,32.16,64.4665453859443
9832,-8.267202,-3.715455,4.326224,0.13439,0.080787,-0.063225,32.16,64.4843173428757
9842,-8.263015,-3.714857,4.311268,0.133016,0.077274,-0.068417,32.2,64.5513982045596
9852,-8.261818,-3.712464,4.322634,0.131794,0.072998,-0.07422,32.2,64.4877217369356
9862,-8.268997,-3.708875,4.319045,0.129809,0.069028,-0.078496,32.17,64.518693238832
9872,-8.250452,-3.699902,4.31725,0.128587,0.064599,-0.083078,32.17,64.4772986346539
9882,-8.261221,-3.690929,4.310072,0.127518,0.06017,-0.08659,32.16,64.5295108227234
9892,-8.238488,-3.693322,4.309474,0.126602,0.055589,-0.090713,32.16,64.4839049565323
9902,-8.250452,-3.693322,4.307679,0.125075,0.051771,-0.093157,32.2,64.5200861295623
9912,-8.239684,-3.684349,4.301697,0.123853,0.046731,-0.096059,32.2,64.5177670179879
9922,-8.23789,-3.683152,4.298108,0.123242,0.036499,-0.099724,32.17,64.5310950443368
9932,-8.234302,-3.685545,4.309474,0.122631,0.03207,-0.100029,32.19,64.4666259171346
9942,-8.221739,-3.68375,4.307081,0.121868,0.027794,-0.100182,32.19,64.4488441502667
9952,-8.216953,-3.680759,4.303492,0.121868,0.023366,-0.098502,32.14,64.4535905497914
9962,-8.22473,-3.693322,4.310072,0.121868,0.018479,-0.097891,32.14,64.4498089350672
9972,-8.213962,-3.676572,4.314857,0.122326,0.014813,-0.096364,32.16,64.3837287386993
9982,-8.206185,-3.681956,4.319643,0.121409,0.011606,-0.094531,32.16,64.3467945420758
9992,-8.202596,-3.681358,4.316652,0.121562,0.008705,-0.092088,32.18,64.3535310541378
10002,-8.205587,-3.687938,4.33041,0.121257,0.006872,-0.08827,32.18,64.2958299396961
10012,-8.2014,-3.678965,4.34417,0.121257,0.004887,-0.085674,32.15,64.2060181307164
10022,-8.189436,-3.677171,4.352544,0.121715,0.003665,-0.082467,32.15,64.1336054098688
10032,-8.19123,-3.687938,4.356134,0.120951,0.003818,-0.078954,32.17,64.1302182320459
10042,-8.196614,-3.698706,4.356134,0.121409,0.005498,-0.076205,32.17,64.1535697246867
10052,-8.200802,-3.690331,4.377669,0.121104,0.008094,-0.072846,32.18,64.0434886088699
10062,-8.193623,-3.702893,4.382454,0.12034,0.010385,-0.070708,32.18,64.0153843317497
10072,-8.19781,-3.702295,4.38425,0.119577,0.014355,-0.067653,32.16,64.0150948950366
10082,-8.196614,-3.71725,4.399803,0.119271,0.018937,-0.065973,32.16,63.9478558170779
10092,-8.185846,-3.71725,4.395017,0.118813,0.029932,-0.063072,32.15,63.9478170531165
10102,-8.185846,-3.721437,4.411767,0.117897,0.036957,-0.062766,32.15,63.8660871322108
10112,-8.186445,-3.725625,4.41416,0.117286,0.042761,-0.064294,32.15,63.8595426146329
10122,-8.188239,-3.734598,4.409972,0.116523,0.050855,-0.063988,32.13,63.8945183095181
10132,-8.186445,-3.737589,4.415356,0.116217,0.058643,-0.065668,32.13,63.8659019402316
10142,-8.179864,-3.739383,4.418945,0.115759,0.065973,-0.065973,32.18,63.8342817262177
10152,-8.197212,-3.744768,4.416552,0.115606,0.073609,-0.06857,32.18,63.8918999343053
10162,-8.193623,-3.754937,4.406981,0.113774,0.08094,-0.072082,32.18,63.9434128019279
10172,-8.199606,-3.755535,4.415954,0.113926,0.087659,-0.074831,32.18,63.9116758350369
10182,-8.19123,-3.749553,4.401597,0.113774,0.093921,-0.077427,32.16,63.9599635706582
10192,-8.193623,-3.756732,4.399205,0.112552,0.100335,-0.080329,32.16,63.9851946292183
10202,-8.191828,-3.764508,4.388436,0.112246,0.104611,-0.085063,32.14,64.0445384694097
10212,-8.200203,-3.75733,4.388436,0.111636,0.109345,-0.088117,32.14,64.0560837741917
10222,-8.202596,-3.767499,4.383053,0.111483,0.113163,-0.091172,32.12,64.0997486109946
10232,-8.196015,-3.765106,4.368098,0.111177,0.116064,-0.094837,32.12,64.1592330111828
10242,-8.206185,-3.77049,4.360919,0.111177,0.117744,-0.097586,32.13,64.2247567206914
10252,-8.19781,-3.758526,4.345366,0.110261,0.118508,-0.099418,32.13,64.2735530446942
10262,-8.199007,-3.771089,4.334,0.10965,0.118355,-0.104305,32.18,64.347879875164
10272,-8.212168,-3.766901,4.32742,0.109192,0.11637,-0.104611,32.12,64.4070881642749
10282,-8.212766,-3.764508,4.322036,0.10965,0.114537,-0.105222,32.12,64.4337462279849
10292,-8.200802,-3.768696,4.309474,0.108429,0.111177,-0.104,32.17,64.4761015165792
10302,-8.215756,-3.763312,4.307081,0.108581,0.107054,-0.102473,32.17,64.516443919476
10312,-8.204391,-3.757928,4.307081,0.109345,0.103389,-0.100793,32.2,64.4854427824138
10322,-8.208578,-3.748955,4.301099,0.110108,0.098807,-0.096975,32.2,64.516570904724
10332,-8.199606,-3.758526,4.3005,0.110872,0.093615,-0.09331,32.14,64.5093682357754
10342,-8.210373,-3.758526,4.3005,0.111788,0.087048,-0.089034,32.14,64.5335018418834
10352,-8.213365,-3.757928,4.298108,0.112705,0.081856,-0.084605,32.16,64.5519597585247
10362,-8.215756,-3.75075,4.293322,0.113926,0.075747,-0.079565,32.16,64.574729040903
10372,-8.215158,-3.750151,4.282554,0.114537,0.069944,-0.074373,32.15,64.6285284086661
10382,-8.217552,-3.745964,4.283751,0.116217,0.064141,-0.069028,32.15,64.6234104195415
10392,-8.213365,-3.739383,4.291527,0.117744,0.057574,-0.064141,32.17,64.5670611565938
10402,-8.221739,-3.746562,4.297509,0.118661,0.052382,-0.059559,32.17,64.5621845255574
10412,-8.22473,-3.726223,4.290331,0.121409,0.047647,-0.054672,32.21,64.5853268046072
10422,-8.225926,-3.729812,4.301099,0.123242,0.041692,-0.050396,32.21,64.5359420393664
10432,-8.225328,-3.717848,4.310072,0.124617,0.036346,-0.046273,32.14,64.4760445774283
10442,-8.237292,-3.715455,4.322634,0.127213,0.027642,-0.041386,32.14,64.4356518243158
10452,-8.242676,-3.711268,4.320839,0.128587,0.023671,-0.04047,32.14,64.4527796189295
10462,-8.244471,-3.707081,4.329813,0.129503,0.020159,-0.039859,32.17,64.4062960769942
10472,-8.243275,-3.714857,4.331009,0.129503,0.017257,-0.039706,32.17,64.405319229788
10482,-8.247462,-3.704688,4.34417,0.13042,0.015577,-0.039706,32.18,64.3366469173544
10492,-8.2349,-3.704688,4.347759,0.130878,0.013286,-0.041844,32.18,64.2897846820255
10502,-8.242078,-3.703491,4.359723,0.130114,0.011606,-0.043982,32.14,64.2432270704055
10512,-8.245069,-3.701697,4.360321,0.129503,0.011148,-0.047495,32.14,64.245097831382
10522,-8.245667,-3.701099,4.360919,0.12874,0.011301,-0.05116,32.16,64.2427686319813
10532,-8.236095,-3.7005,4.376472,0.128587,0.011912,-0.054825,32.16,64.1405056099419
10542,-8.234302,-3.691527,4.375875,0.127671,0.012828,-0.057727,32.14,64.1303434140687
10552,-8.240881,-3.705884,4.378268,0.126907,0.014813,-0.062156,32.14,64.1476419819172
10562,-8.228917,-3.693322,4.375276,0.125686,0.016035,-0.066584,32.2,64.1230032598039
10572,-8.22473,-3.711866,4.38066,0.124464,0.019242,-0.071319,32.2,64.1047878949449
10582,-8.221141,-3.699902,4.389633,0.122631,0.022907,-0.07422,32.13,64.0382316237579
10592,-8.214561,-3.699902,4.388436,0.121715,0.026573,-0.07758,32.13,64.0293674215035
10602,-8.18764,-3.707679,4.38724,0.120951,0.030085,-0.08094,32.16,63.9820078310004
10612,-8.200203,-3.712464,4.383053,0.12034,0.039706,-0.086437,32.16,64.0372249549171
10622,-8.187043,-3.711268,4.38724,0.118813,0.04444,-0.087506,32.17,63.9843631236395
10632,-8.177471,-3.717848,4.399803,0.117439,0.048717,-0.089492,32.22,63.9046283092827
10642,-8.176275,-3.720241,4.386044,0.116981,0.054214,-0.089034,32.22,63.9752037583125
10652,-8.173882,-3.732205,4.38425,0.117133,0.058948,-0.088881,32.18,63.9914436089771
10662,-8.155936,-3.716054,4.383651,0.116981,0.063683,-0.087354,32.18,63.9365406907033
10672,-8.170892,-3.735795,4.377669,0.117286,0.068722,-0.086132,32.16,64.0222649406513
10682,-8.158329,-3.726223,4.375276,0.117897,0.073609,-0.084452,32.16,63.9958745088743
10692,-8.167302,-3.726223,4.375875,0.11805,0.077122,-0.081856,32.17,64.0133180415245
10702,-8.158329,-3.735795,4.372285,0.119271,0.081551,-0.080176,32.17,64.0213240948312
10712,-8.157133,-3.742374,4.365705,0.120188,0.085979,-0.0759,32.15,64.0594421535734
10722,-8.154739,-3.739982,4.356134,0.120646,0.088728,-0.074067,32.15,64.1009130554055
10732,-8.173882,-3.734598,4.353741,0.121257,0.091935,-0.071777,32.15,64.1512709848562
10742,-8.173882,-3.736392,4.358526,0.122173,0.094531,-0.068875,32.15,64.1284344446002
10752,-8.178668,-3.735795,4.353741,0.121715,0.096975,-0.066584,32.15,64.1634002793123
10762,-8.189436,-3.720839,4.349553,0.12202,0.098197,-0.063835,32.15,64.1940093784943
10772,-8.190632,-3.735795,4.353741,0.120951,0.100029,-0.062461,32.16,64.1905773983585
10782,-8.215158,-3.737589,4.35075,0.120035,0.100487,-0.060323,32.16,64.2633958115275
10792,-8.204391,-3.734,4.349553,0.11805,0.100793,-0.060018,32.15,64.2415119735048
10802,-8.206185,-3.732205,4.346562,0.116828,0.100182,-0.060018,32.18,64.259146941927
10812,-8.223534,-3.728018,4.348357,0.11469,0.099876,-0.062003,32.18,64.2848279637799
10822,-8.233703,-3.738786,4.348955,0.112246,0.098807,-0.062919,32.13,64.3157176943257
10832,-8.232506,-3.728018,4.347161,0.110719,0.096975,-0.06353,32.13,64.3112434102104
10842,-8.240283,-3.727419,4.345366,0.107512,0.095142,-0.066584,32.14,64.3374066305444
10852,-8.245667,-3.73041,4.349553,0.105374,0.092699,-0.069486,32.14,64.3310402464235
10862,-8.267202,-3.731607,4.347161,0.104153,0.090255,-0.071624,32.2,64.3929605930565
10872,-8.257631,-3.735795,4.335794,0.101709,0.087354,-0.074067,32.2,64.4341705477499
10882,-8.266603,-3.723232,4.331009,0.099113,0.083841,-0.07926,32.15,64.4661888329586
10892,-8.263614,-3.719643,4.333402,0.097738,0.080329,-0.081703,32.15,64.4435486986257
10902,-8.264212,-3.720241,4.328616,0.096211,0.076053,-0.085368,32.14,64.470126162215
10912,-8.259426,-3.729214,4.325625,0.095295,0.072235,-0.087965,32.14,64.4838654457082
10922,-8.268997,-3.71067,4.323831,0.094837,0.067806,-0.092699,32.18,64.4958458924754
10932,-8.268997,-3.724428,4.31725,0.094379,0.062461,-0.095295,32.18,64.5435842341127
10942,-8.257631,-3.712464,4.313661,0.095142,0.057879,-0.096975,32.18,64.5245894666717
10952,-8.245667,-3.710072,4.313661,0.094531,0.053145,-0.099724,32.18,64.4953346977759
10962,-8.23789,-3.72383,4.308277,0.096669,0.042455,-0.101251,32.15,64.519605331207
10972,-8.240881,-3.714259,4.31067,0.098044,0.037568,-0.102625,32.16,64.5042642991155
10982,-8.237292,-3.709473,4.307679,0.10064,0.032834,-0.102167,32.16,64.5068118248287
10992,-8.228318,-3.715455,4.311867,0.102931,0.029016,-0.100945,32.17,64.4710610361893
11002,-8.209774,-3.729812,4.301099,0.105069,0.024129,-0.100487,32.17,64.499676103398
11012,-8.219944,-3.726821,4.30409,0.108123,0.020159,-0.097128,32.15,64.5040032035157
11022,-8.209774,-3.732804,4.318447,0.111025,0.016493,-0.096364,32.15,64.4130087277314
11032,-8.200802,-3.73041,4.318447,0.114079,0.013286,-0.093462,32.17,64.3903262767421
11042,-8.196614,-3.732804,4.313661,0.117592,0.011148,-0.090103,32.17,64.408094566086
11052,-8.191828,-3.735795,4.325625,0.12034,0.007941,-0.086437,32.17,64.3384831894298
11062,-8.185248,-3.732205,4.328018,0.123395,0.006414,-0.082772,32.17,64.307521260966
11072,-8.181061,-3.729812,4.328616,0.126144,0.005345,-0.078038,32.16,64.2924726401517
11082,-8.17149,-3.729214,4.329813,0.128587,0.005803,-0.073151,32.16,64.2639523810557
11092,-8.175079,-3.739982,4.343571,0.130878,0.005651,-0.069944,32.15,64.2121181754466
11102,-8.17448,-3.744169,4.353741,0.132252,0.007178,-0.065363,32.15,64.1625871785365
11112,-8.164909,-3.741179,4.351348,0.133169,0.009163,-0.062308,32.15,64.1500646949762
11122,-8.163115,-3.741179,4.370491,0.134085,0.011148,-0.059712,32.15,64.0471468758033
11132,-8.166704,-3.729214,4.369295,0.13439,0.01909,-0.053756,32.16,64.0490140047663
11142,-8.170892,-3.744768,4.380062,0.133474,0.023671,-0.051618,32.15,64.0193119713159
11152,-8.176275,-3.739982,4.393223,0.1321,0.028558,-0.050396,32.15,63.9588513381297
11162,-8.182258,-3.75075,4.400999,0.130878,0.033445,-0.050396,32.16,63.9438101484701
11172,-8.180463,-3.746562,4.402793,0.129045,0.039859,-0.049175,32.16,63.9261087555203
11182,-8.183454,-3.747759,4.412365,0.126907,0.045815,-0.048258,32.16,63.8850493669354
11192,-8.185846,-3.747759,4.412963,0.1237,0.052229,-0.049327,32.16,63.8874514884013
11202,-8.183454,-3.75075,4.421937,0.121409,0.05849,-0.049938,32.17,63.8390821280903
11212,-8.193025,-3.741179,4.411767,0.117897,0.065363,-0.051007,32.17,63.9031233478743
11222,-8.191828,-3.749553,4.405785,0.115454,0.072388,-0.05116,32.18,63.9398295220956
11232,-8.197212,-3.759723,4.411767,0.112399,0.077885,-0.053298,32.18,63.9320539374087
11242,-8.195418,-3.751946,4.412963,0.109803,0.083383,-0.05452,32.21,63.9137007497789
11252,-8.203793,-3.74716,4.405187,0.106749,0.090255,-0.056505,32.21,63.9676882157665
11262,-8.193623,-3.749553,4.40399,0.104916,0.094684,-0.057879,32.19,63.9531376757461
11272,-8.209177,-3.75733,4.396214,0.102473,0.099113,-0.060018,32.19,64.0365436249335
11282,-8.210971,-3.756134,4.387838,0.101098,0.103236,-0.060934,32.18,64.0823560518431
11292,-8.212168,-3.741179,4.373481,0.100029,0.106443,-0.062156,32.18,64.1433445973471
11302,-8.206185,-3.739383,4.369893,0.09896,0.111788,-0.063072,32.16,64.1463724762369
11312,-8.215756,-3.736392,4.369295,0.097891,0.113468,-0.063988,32.18,64.1680642718144
11322,-8.214561,-3.731607,4.36391,0.099266,0.114995,-0.063683,32.18,64.1881310161506
11332,-8.214561,-3.741179,4.347161,0.099876,0.114843,-0.064752,32.18,64.2842290873648
11342,-8.210971,-3.735795,4.343571,0.101251,0.113468,-0.065057,32.18,64.289086567926
11352,-8.225926,-3.734598,4.339384,0.10232,0.11301,-0.065057,32.16,64.3431922202863
11362,-8.206185,-3.731607,4.326224,0.104763,0.111177,-0.064294,32.16,64.3635048717559
11372,-8.220542,-3.726821,4.314259,0.106749,0.108276,-0.06353,32.15,64.452776698607
11382,-8.225328,-3.731009,4.309474,0.109192,0.105832,-0.063225,32.15,64.4925267320707
11392,-8.230114,-3.725625,4.303492,0.109956,0.101709,-0.063072,32.2,64.528708830186
11402,-8.22473,-3.720839,4.293322,0.111483,0.097128,-0.063683,32.2,64.564379958027
11412,-8.227122,-3.719643,4.296313,0.113468,0.092852,-0.064141,32.12,64.5530532815208
11423,-8.232506,-3.713661,4.296911,0.114995,0.087659,-0.064141,32.12,64.5559775714008
11432,-8.242676,-3.715455,4.291527,0.116828,0.080634,-0.065515,32.16,64.608427466343
11442,-8.238488,-3.699902,4.28734,0.118355,0.075595,-0.065821,32.16,64.6050369200342
11452,-8.240881,-3.696911,4.284947,0.118661,0.068722,-0.066432,32.14,64.6197822435626
11462,-8.25165,-3.706482,4.283153,0.119424,0.062766,-0.067501,32.14,64.6627850203597
11472,-8.249854,-3.696313,4.295715,0.120188,0.055589,-0.071319,32.18,64.5835797280462
11482,-8.255239,-3.695116,4.281956,0.118661,0.041386,-0.072388,32.17,64.665608985645
11492,-8.248658,-3.690929,4.298108,0.118966,0.033139,-0.074373,32.17,64.563115073278
11502,-8.258228,-3.68375,4.296313,0.117439,0.026267,-0.076053,32.17,64.5866723278521
11512,-8.250452,-3.69392,4.307679,0.116217,0.019853,-0.077427,32.17,64.5206875916118
11522,-8.246863,-3.68734,4.312464,0.115606,0.013744,-0.07926,32.18,64.4812799541756
11532,-8.240881,-3.688536,4.31067,0.114843,0.009621,-0.080176,32.18,64.4782846994062
11542,-8.253444,-3.696911,4.325027,0.11301,0.004276,-0.082009,32.14,64.4408979203931
11552,-8.235497,-3.70409,4.331607,0.111025,-0.000458,-0.083078,32.14,64.3737818544727
11562,-8.245667,-3.692126,4.341179,0.109803,-0.003665,-0.084605,32.16,64.3352771793892
11572,-8.242078,-3.689733,4.335197,0.107818,-0.006109,-0.085063,32.16,64.3555805014195
11582,-8.23131,-3.699304,4.354339,0.106291,-0.008247,-0.086132,32.17,64.2422846699214
11592,-8.228318,-3.695116,4.356134,0.104305,-0.009163,-0.086896,32.17,64.2219872773181
11602,-8.215756,-3.697509,4.36391,0.102778,-0.009621,-0.087201,32.14,64.155834733706
11612,-8.204989,-3.70409,4.378268,0.100945,-0.008094,-0.087354,32.14,64.0641318554098
11622,-8.206185,-3.709473,4.38066,0.099876,-0.006261,-0.08659,32.15,64.0600975510117
11632,-8.203195,-3.708875,4.385446,0.098349,-0.003818,-0.086896,32.15,64.0280375343348
11642,-8.205587,-3.726821,4.381856,0.097128,-0.000153,-0.086285,32.15,64.0704927944337
11652,-8.189436,-3.720241,4.393223,0.096211,0.009927,-0.084299,32.15,63.968367818136
11662,-8.177471,-3.735196,4.406981,0.095906,0.015424,-0.082925,32.15,63.885846916709
11672,-8.178668,-3.729214,4.405785,0.096211,0.021075,-0.081398,32.12,63.8884800749817
11682,-8.169695,-3.739383,4.402793,0.097128,0.0281,-0.079107,32.12,63.8939446509388
11692,-8.167302,-3.744169,4.401597,0.097128,0.035125,-0.078802,32.14,63.8996354126261
11702,-8.175676,-3.739383,4.399205,0.098349,0.041386,-0.077274,32.14,63.926088753522
11712,-8.163713,-3.752544,4.412365,0.100029,0.048869,-0.075747,32.19,63.8448700022069
11722,-8.160124,-3.745964,4.405785,0.100793,0.056047,-0.074831,32.19,63.8635333989929
11732,-8.1679,-3.761517,4.38724,0.102625,0.062919,-0.074373,32.16,63.9930817459978
11742,-8.166105,-3.756134,4.396811,0.105527,0.069944,-0.072235,32.16,63.9340831823795
11752,-8.146963,-3.762115,4.394419,0.106596,0.076053,-0.070555,32.11,63.9089090491506
11762,-8.158927,-3.760919,4.386044,0.109039,0.081551,-0.069639,32.11,63.9781337749582
11772,-8.157133,-3.771089,4.381856,0.110872,0.087506,-0.068417,32.18,64.0063225152169
11782,-8.166105,-3.763312,4.379463,0.112705,0.093004,-0.066584,32.18,64.030914536859
11792,-8.163713,-3.772883,4.366303,0.114843,0.098502,-0.065363,32.19,64.1033353220181
11802,-8.156534,-3.763312,4.368696,0.116217,0.101709,-0.064446,32.19,64.0646075630208
11812,-8.172088,-3.775874,4.362714,0.117133,0.105222,-0.063377,32.14,64.143983080277
11822,-8.18764,-3.761517,4.35733,0.118355,0.11133,-0.061545,32.14,64.1919843371045
11832,-8.193025,-3.769294,4.356732,0.120646,0.112857,-0.06185,32.18,64.2153397842649
11842,-8.203195,-3.762115,4.348357,0.120035,0.114079,-0.063072,32.18,64.2740082763239
11852,-8.203195,-3.768098,4.339982,0.120035,0.113926,-0.06185,32.18,64.3233637272682
11862,-8.219944,-3.756134,4.335197,0.119424,0.113316,-0.062919,32.16,64.3733861546564
11872,-8.222337,-3.761517,4.337589,0.118202,0.113316,-0.063072,32.16,64.371972960001
11882,-8.221141,-3.760919,4.328616,0.117286,0.112246,-0.063377,32.14,64.4149143828944
11892,-8.225328,-3.756732,4.329813,0.116217,0.109345,-0.064141,32.14,64.413846710878
11902,-8.239087,-3.756134,4.331009,0.114537,0.106291,-0.064599,32.16,64.4379351459791
11912,-8.243275,-3.749553,4.326822,0.112246,0.102473,-0.064752,32.16,64.4621682451543
11922,-8.245667,-3.737589,4.317849,0.110872,0.098349,-0.065668,32.15,64.5015996315979
11932,-8.252247,-3.739982,4.322036,0.108123,0.093615,-0.067806,32.15,64.4971821805902
11942,-8.259426,-3.731009,4.323233,0.105985,0.088881,-0.067348,32.21,64.4979988462816
11952,-8.255239,-3.725625,4.320839,0.103847,0.083078,-0.067653,32.21,64.4955087334013
11962,-8.249256,-3.726821,4.307081,0.102931,0.076816,-0.068417,32.17,64.5542724797746
11972,-8.249256,-3.731009,4.307679,0.101556,0.070708,-0.067653,32.17,64.5554221767356
11982,-8.252846,-3.713661,4.311268,0.099571,0.064446,-0.067653,32.17,64.527415896239
11992,-8.252247,-3.718446,4.307081,0.098349,0.058032,-0.066737,32.17,64.5525091622773
12002,-8.240881,-3.717848,4.298706,0.098655,0.045357,-0.065363,32.19,64.569706287306
12012,-8.23789,-3.716652,4.297509,0.098807,0.038943,-0.064294,32.14,64.5679833678721
12022,-8.236095,-3.705884,4.3005,0.099571,0.032681,-0.062766,32.14,64.5376056117174
12032,-8.248059,-3.7005,4.311268,0.100945,0.02642,-0.062461,32.15,64.5034017208397
12042,-8.236693,-3.699902,4.307081,0.102625,0.020769,-0.060628,32.15,64.498879324493
12052,-8.228917,-3.707679,4.306482,0.104153,0.016341,-0.058948,32.16,64.4923551818502
12062,-8.237292,-3.707081,4.298706,0.107207,0.012675,-0.057116,32.16,64.5507799444065
12072,-8.230712,-3.692724,4.320839,0.109803,0.008399,-0.0562,32.15,64.4070433999157
12082,-8.2349,-3.70409,4.324429,0.111483,0.004581,-0.054672,32.15,64.4094722851054
12092,-8.210971,-3.708875,4.322634,0.113621,0.002749,-0.054214,32.17,64.3695978446096
12102,-8.214561,-3.69392,4.325625,0.116217,0.000916,-0.054062,32.17,64.3470106622479
12112,-8.206185,-3.70409,4.329813,0.118508,-0.000916,-0.052993,32.16,64.3167709601527
12122,-8.215158,-3.698107,4.34058,0.121104,-0.000916,-0.053145,32.16,64.275384282935
12132,-8.213962,-3.708277,4.348955,0.122478,-0.000764,-0.054214,32.17,64.2398614376058
12142,-8.203793,-3.704688,4.351946,0.124617,0.000153,-0.054978,32.17,64.1976641464898
12152,-8.201998,-3.705884,4.365107,0.126296,0.001833,-0.0562,32.2,64.1269447344509
12162,-8.196015,-3.708277,4.38066,0.126755,0.004734,-0.058643,32.2,64.0356522679038
12172,-8.190632,-3.713063,4.378866,0.126449,0.011606,-0.061392,32.13,64.0375456663373
12182,-8.200802,-3.718446,4.386642,0.126755,0.016646,-0.064141,32.16,64.0263153628075
12192,-8.189436,-3.714857,4.393821,0.125075,0.020922,-0.066584,32.16,63.9597005957779
12202,-8.193025,-3.714857,4.400401,0.123853,0.025504,-0.068722,32.18,63.9340856113182
12212,-8.188239,-3.711866,4.403392,0.122173,0.031307,-0.071319,32.18,63.9046397216711
12222,-8.193623,-3.713063,4.395017,0.119882,0.03711,-0.073762,32.19,63.961270216152
12232,-8.187043,-3.725027,4.409374,0.117592,0.042608,-0.076664,32.19,63.8848645610072
12242,-8.19123,-3.721437,4.397409,0.114843,0.048411,-0.078496,32.16,63.9521907691728
12252,-8.193623,-3.723232,4.401597,0.111941,0.054214,-0.079718,32.16,63.9380085571356
12262,-8.190632,-3.731607,4.408776,0.109498,0.058796,-0.082161,32.16,63.9030146776251
12272,-8.181659,-3.741776,4.408776,0.106901,0.063683,-0.084452,32.16,63.8931027028688
12282,-8.182856,-3.739383,4.397409,0.104458,0.069639,-0.084299,32.15,63.9517405006535
12292,-8.177471,-3.735795,4.398606,0.101556,0.074067,-0.085521,32.15,63.9295232438937
12302,-8.185248,-3.733402,4.396214,0.099266,0.078802,-0.085368,32.17,63.9571098357776
12312,-8.181061,-3.726223,4.395017,0.097586,0.08323,-0.085063,32.17,63.9462050877397
12322,-8.196015,-3.732205,4.390232,0.094531,0.087201,-0.085521,32.18,64.0111992302006
12332,-8.190632,-3.742374,4.378268,0.093462,0.090561,-0.085216,32.18,64.0710375009277
12342,-8.200203,-3.735795,4.375276,0.091324,0.096364,-0.082467,32.16,64.1013762959614
12352,-8.194221,-3.74716,4.369893,0.088881,0.099113,-0.081703,32.17,64.127275419089
12362,-8.196614,-3.735795,4.366901,0.088728,0.101251,-0.080176,32.17,64.136332337155
12372,-8.188239,-3.74058,4.357928,0.089034,0.10232,-0.079107,32.17,64.1685102218417
12382,-8.196015,-3.74716,4.354938,0.088575,0.104305,-0.07758,32.17,64.2083783320915
12392,-8.201998,-3.745365,4.349553,0.087965,0.105527,-0.076053,32.17,64.2478218371616
12402,-8.203793,-3.741776,4.34417,0.089034,0.104611,-0.073151,32.17,64.2759321169702
12412,-8.210373,-3.751348,4.328018,0.089492,0.103084,-0.072693,32.17,64.3839599987886
12422,-8.225926,-3.751348,4.335794,0.090103,0.10232,-0.069944,32.17,64.3788474220296
12432,-8.209774,-3.744169,4.319045,0.091783,0.100793,-0.068417,32.15,64.4215700377616
12442,-8.225926,-3.755535,4.325625,0.092852,0.098349,-0.066737,32.15,64.4355526845543
12452,-8.226524,-3.744768,4.320241,0.093615,0.095906,-0.064904,32.14,64.4536506106817
12462,-8.213365,-3.744169,4.318447,0.095142,0.092393,-0.064752,32.14,64.4327360293334
12472,-8.233703,-3.732205,4.308876,0.096364,0.089186,-0.06353,32.15,64.5156237342221
12482,-8.243872,-3.732205,4.308876,0.098197,0.084758,-0.062614,32.15,64.5384069214047
12492,-8.240881,-3.734,4.306482,0.099266,0.080329,-0.062919,32.17,64.5458893413528
12502,-8.221739,-3.738786,4.309474,0.101251,0.075136,-0.062308,32.17,64.492398988881
12512,-8.255239,-3.74058,4.303492,0.103542,0.070097,-0.062461,32.18,64.600071360381
12522,-8.25464,-3.731009,4.298706,0.105985,0.058338,-0.063072,32.14,64.6137664587351
12532,-8.25464,-3.728018,4.293921,0.107512,0.052534,-0.064752,32.14,64.6354586797471
12542,-8.257631,-3.736392,4.296313,0.10797,0.04612,-0.066279,32.15,64.6382220076178
12552,-8.252846,-3.725625,4.305286,0.108734,0.039095,-0.066737,32.15,64.5703598164139
12562,-8.255239,-3.729812,4.31067,0.109956,0.033445,-0.067501,32.17,64.5521644792781
12572,-8.246863,-3.725625,4.294518,0.111177,0.0281,-0.068264,32.17,64.6125925383392
12582,-8.245667,-3.722036,4.314259,0.111025,0.021228,-0.07025,32.14,64.5043489658838
12592,-8.252846,-3.728616,4.313661,0.111025,0.016188,-0.071624,32.14,64.5301768252677
12602,-8.250452,-3.726821,4.317849,0.111025,0.010537,-0.072846,32.15,64.5014036736302
12612,-8.25165,-3.725625,4.319045,0.111177,0.005192,-0.073915,32.15,64.4967120468033
12622,-8.242078,-3.703491,4.332206,0.111636,0.00168,-0.075595,32.17,64.3849296927927
12632,-8.238488,-3.711268,4.33041,0.110719,-0.002749,-0.076358,32.17,64.3939849500386
12642,-8.230114,-3.712464,4.332804,0.110567,-0.005498,-0.077274,32.17,64.3639722069856
12652,-8.219944,-3.720839,4.339982,0.110108,-0.007636,-0.076816,32.17,64.3125324446726
12662,-8.218149,-3.720839,4.354339,0.110261,-0.009621,-0.076511,32.13,64.2344749377059
12672,-8.203793,-3.719045,4.356732,0.109956,-0.009927,-0.077274,32.13,64.1877417014799
12682,-8.190632,-3.738187,4.359723,0.109803,-0.009774,-0.075136,32.17,64.1622084324172
12692,-8.193623,-3.729214,4.362714,0.108581,-0.006414,-0.073457,32.18,64.1442949714436
12702,-8.17448,-3.735196,4.368098,0.108734,-0.00336,-0.071624,32.18,64.0791685646517
12712,-8.164909,-3.731009,4.375875,0.109039,0.001222,-0.068264,32.2,64.0128430218704
12722,-8.158329,-3.725625,4.384848,0.108429,0.005345,-0.066432,32.2,63.9458754534382
12732,-8.155338,-3.733402,4.385446,0.108123,0.010385,-0.063225,32.19,63.9440872195563
12742,-8.148159,-3.733402,4.392026,0.108276,0.016493,-0.060628,32.19,63.8936959835709
12752,-8.156534,-3.736991,4.39083,0.108429,0.023976,-0.056352,32.16,63.9228479332805
12762,-8.13799,-3.74716,4.399803,0.109192,0.030543,-0.054062,32.16,63.8447715073296
12772,-8.147561,-3.732804,4.396811,0.109039,0.039095,-0.050549,32.2,63.8670313746514
12782,-8.140981,-3.732804,4.402196,0.108276,0.04612,-0.046731,32.2,63.8241479386181
12792,-8.147561,-3.741179,4.403392,0.108887,0.053909,-0.043524,32.12,63.841962008833
12802,-8.148159,-3.727419,4.401597,0.108581,0.062003,-0.040623,32.12,63.8380789590078
12812,-8.154141,-3.728616,4.397409,0.109192,0.07025,-0.037721,32.16,63.8746660409709
12822,-8.165507,-3.73041,4.402196,0.109498,0.077885,-0.036499,32.16,63.87800342062
12832,-8.172088,-3.723232,4.398606,0.109039,0.084758,-0.035125,32.16,63.90406050817
12842,-8.17149,-3.736392,4.399803,0.108581,0.091783,-0.03375,32.16,63.9102990572606
12852,-8.180463,-3.738786,4.389633,0.108276,0.098197,-0.033139,32.16,63.9856394131621
12862,-8.203793,-3.726223,4.397409,0.106901,0.108429,-0.034972,32.16,63.9858610053294
12872,-8.206783,-3.732804,4.395017,0.105374,0.112705,-0.035736,32.18,64.0117832282847
12882,-8.220542,-3.727419,4.38724,0.104611,0.115606,-0.038943,32.18,64.0774628539864
12892,-8.218149,-3.729812,4.370491,0.102931,0.118661,-0.041997,32.18,64.1605614394234
12902,-8.233703,-3.724428,4.378268,0.101098,0.119882,-0.045051,32.16,64.1503310856379
12912,-8.230114,-3.717848,4.368098,0.099571,0.11973,-0.049327,32.16,64.1877106682607
12922,-8.255239,-3.729214,4.351348,0.098044,0.120188,-0.053756,32.16,64.3421403726574
12932,-8.255239,-3.721437,4.356134,0.096364,0.119119,-0.057269,32.16,64.3096443272633
12942,-8.254042,-3.725625,4.355535,0.09499,0.116981,-0.062766,32.2,64.3142815036682
12952,-8.258228,-3.722634,4.335197,0.093157,0.114079,-0.068111,32.2,64.4252461558268
12962,-8.264212,-3.71725,4.328018,0.091172,0.10965,-0.073457,32.16,64.4701868811948
12972,-8.26481,-3.723232,4.319045,0.08995,0.105069,-0.078343,32.16,64.5237683139271
12982,-8.263614,-3.727419,4.305884,0.088575,0.10064,-0.082161,32.16,64.5931465887153
12992,-8.260024,-3.71725,4.301697,0.087812,0.095142,-0.086132,32.16,64.596492245443
13002,-8.259426,-3.713661,4.293322,0.087201,0.087965,-0.089492,32.14,64.6347938108744
13012,-8.25165,-3.713661,4.293921,0.087506,0.081703,-0.09163,32.14,64.6143192886135
13022,-8.257033,-3.726223,4.284349,0.087048,0.074678,-0.094531,32.15,64.6884448335582
13032,-8.254042,-3.718446,4.277769,0.087201,0.067042,-0.097586,32.15,64.7079912615045
13042,-8.239684,-3.711268,4.277769,0.087812,0.050855,-0.097433,32.16,64.6687227141033
13052,-8.247462,-3.707081,4.274179,0.08827,0.043371,-0.096669,32.2,64.7004855242195
13062,-8.234302,-3.714259,4.274778,0.088881,0.034819,-0.095295,32.2,64.6752011553983
13072,-8.228917,-3.705286,4.269393,0.090561,0.027642,-0.092088,32.21,64.6820331577016
13082,-8.22772,-3.716652,4.284947,0.091935,0.020464,-0.090255,32.21,64.6102041436856
13092,-8.228917,-3.714857,4.272983,0.092546,0.012981,-0.088575,32.17,64.6730681914648
13102,-8.215158,-3.719045,4.279563,0.094531,0.007025,-0.084147,32.17,64.6123794735912
13112,-8.215756,-3.721437,4.284947,0.096059,0.000916,-0.080634,32.18,64.5882373403712
13122,-8.212168,-3.71725,4.295715,0.097738,-0.004276,-0.077733,32.18,64.5201292973398
13132,-8.218747,-3.710072,4.307679,0.098502,-0.009927,-0.073762,32.15,64.465701025356
13142,-8.200802,-3.717848,4.302894,0.100182,-0.013744,-0.070097,32.15,64.4579591507036
13152,-8.213962,-3.707679,4.316054,0.101404,-0.015882,-0.066432,32.16,64.4091558822945
13162,-8.188239,-3.71725,4.329215,0.10232,-0.018326,-0.063377,32.16,64.2926905041212
13172,-8.204989,-3.720839,4.339384,0.102931,-0.0197,-0.061087,32.16,64.2817884405168
13182,-8.194819,-3.716054,4.348357,0.104153,-0.019853,-0.058185,32.16,64.2074801772842
13192,-8.19123,-3.720241,4.360321,0.104611,-0.018326,-0.0562,32.18,64.1419098196942
13202,-8.200203,-3.721437,4.364508,0.104763,-0.016646,-0.053909,32.18,64.1419746315833
13212,-8.209177,-3.727419,4.383053,0.104763,-0.011148,-0.052229,32.18,64.0731271762029
13222,-8.199007,-3.729214,4.388436,0.103694,-0.006261,-0.052076,32.15,64.0241504202562
13232,-8.199606,-3.733402,4.393223,0.103236,-0.001527,-0.050855,32.15,64.0052596335224
13242,-8.193623,-3.738187,4.40399,0.10232,0.003512,-0.052993,32.18,63.9412833250009
13252,-8.192427,-3.739982,4.413561,0.101862,0.009927,-0.053145,32.18,63.8913027374455
13262,-8.188239,-3.74058,4.41057,0.10064,0.01573,-0.055436,32.23,63.8976962776976
13272,-8.190632,-3.742973,4.41416,0.099724,0.023671,-0.056352,32.23,63.887249072574
13282,-8.201998,-3.75075,4.419543,0.097891,0.031612,-0.057879,32.17,63.8937486165435
13292,-8.190034,-3.760919,4.418347,0.097891,0.039248,-0.059712,32.17,63.8832001200066
13302,-8.17807,-3.760919,4.428516,0.09728,0.04612,-0.061087,32.18,63.8037189201774
13312,-8.172088,-3.754937,4.426722,0.096059,0.053909,-0.062461,32.18,63.7929010125611
13322,-8.173882,-3.751946,4.423731,0.0956,0.061392,-0.064752,32.13,63.809205804685
13332,-8.180463,-3.754339,4.411767,0.094379,0.068417,-0.066737,32.13,63.8881771439727
13342,-8.182856,-3.76391,4.406981,0.093615,0.075289,-0.068264,32.21,63.9282505037563
13352,-8.172088,-3.753741,4.396811,0.093157,0.081551,-0.069944,32.21,63.945241814863
13362,-8.17807,-3.759723,4.397409,0.093004,0.088423,-0.069639,32.18,63.9620990956804
13372,-8.175676,-3.749553,4.388436,0.093004,0.094073,-0.069791,32.18,63.9921232111796
13382,-8.170892,-3.751348,4.37408,0.093157,0.102167,-0.071624,32.12,64.0570144039496
13392,-8.172088,-3.752544,4.371687,0.094226,0.106596,-0.070402,32.2,64.0733208646889
13402,-8.168499,-3.753142,4.353741,0.094226,0.108734,-0.070097,32.2,64.1583501339624
13412,-8.176873,-3.754937,4.363312,0.094684,0.112094,-0.068264,32.15,64.1298716439379
13422,-8.186445,-3.756732,4.350152,0.095753,0.113468,-0.065668,32.15,64.2213117619895
13432,-8.187043,-3.752544,4.334,0.096059,0.114079,-0.063225,32.17,64.3016932173119
13442,-8.181659,-3.747759,4.331607,0.09728,0.114079,-0.060781,32.17,64.296928787904
13452,-8.193025,-3.742973,4.332206,0.098807,0.113621,-0.058796,32.17,64.3145816003607
13462,-8.181061,-3.739982,4.316054,0.099418,0.111483,-0.055436,32.17,64.3679924708521
13472,-8.197212,-3.743571,4.309474,0.100182,0.109192,-0.051924,32.17,64.4421718991326
13482,-8.210373,-3.726821,4.309474,0.099876,0.106901,-0.04948,32.17,64.4546311501597
13492,-8.209774,-3.738187,4.302894,0.099724,0.102778,-0.046426,32.16,64.4989458492276
13502,-8.221739,-3.729214,4.303492,0.100487,0.098349,-0.044288,32.16,64.5135639206473
13512,-8.233703,-3.72383,4.297509,0.100945,0.093768,-0.041233,32.16,64.5658666529689
13522,-8.233703,-3.728616,4.307081,0.099724,0.088117,-0.039859,32.16,64.5212493748822
13532,-8.236693,-3.714259,4.308277,0.099571,0.082467,-0.037568,32.15,64.5072209647949
13542,-8.249256,-3.707081,4.306482,0.099113,0.076205,-0.036499,32.15,64.5374370431765
13552,-8.257631,-3.706482,4.299304,0.098502,0.062461,-0.03543,32.14,64.5926704151038
13562,-8.267202,-3.710072,4.296911,0.096517,0.055741,-0.035888,32.17,64.6300269947758
13572,-8.271988,-3.70409,4.308277,0.095295,0.048717,-0.037415,32.17,64.5760895348108
13582,-8.2678,-3.692724,4.308876,0.093004,0.041997,-0.038943,32.12,64.552238763604
13592,-8.283354,-3.702893,4.308876,0.092393,0.035125,-0.040623,32.12,64.5972134864797
13602,-8.289336,-3.696911,4.319045,0.091172,0.027947,-0.042761,32.15,64.5522455821047
13612,-8.289336,-3.699902,4.317849,0.089492,0.020464,-0.045968,32.15,64.561385925011
13622,-8.283354,-3.697509,4.325027,0.088423,0.014966,-0.047953,32.15,64.5086627452309
13632,-8.285149,-3.705884,4.317849,0.086743,0.008858,-0.05284,32.15,64.5580009061962
13642,-8.280362,-3.706482,4.323831,0.08659,0.00336,-0.056658,32.17,64.5171000548818
13652,-8.266006,-3.693322,4.331607,0.085979,-0.00168,-0.060628,32.17,64.4316431919328
13662,-8.258827,-3.698107,4.339384,0.085063,-0.005803,-0.064294,32.16,64.3802572647126
13672,-8.252846,-3.701099,4.336392,0.08491,-0.008705,-0.06918,32.16,64.3852088585043
13682,-8.248658,-3.699304,4.348955,0.084605,-0.011606,-0.07254,32.12,64.30925965936
13692,-8.248658,-3.698107,4.34058,0.084452,-0.013744,-0.074984,32.12,64.3511683749952
13702,-8.233703,-3.705286,4.353143,0.085827,-0.015119,-0.07758,32.16,64.2599576714895
13712,-8.208578,-3.699902,4.358526,0.085979,-0.015272,-0.078649,32.16,64.1697005751547
13722,-8.195418,-3.714857,4.356134,0.085979,-0.014661,-0.083078,32.15,64.1674764466257
13732,-8.182856,-3.707679,4.354938,0.088423,-0.011759,-0.083689,32.15,64.1376319203742
13742,-8.185846,-3.715455,4.359723,0.089644,-0.009621,-0.083841,32.15,64.1277853544862
13752,-8.178668,-3.725027,4.354938,0.090713,-0.006261,-0.08323,32.18,64.1460463033502
13762,-8.172686,-3.71725,4.371687,0.091783,-0.002596,-0.082925,32.18,64.0378835067963
13772,-8.163115,-3.71725,4.374678,0.092241,0.00168,-0.08094,32.09,64.0005492553339
13782,-8.148159,-3.73041,4.368098,0.093004,0.005803,-0.078802,32.09,64.0140337933481
13792,-8.146963,-3.725625,4.381258,0.093768,0.011148,-0.077427,32.17,63.9383182155377
13802,-8.143373,-3.731009,4.385446,0.094226,0.016646,-0.073915,32.17,63.9141217732986
13812,-8.137392,-3.736392,4.386642,0.094837,0.021686,-0.070708,32.15,63.8998833693925
13822,-8.148159,-3.725027,4.390232,0.096669,0.028405,-0.067195,32.15,63.894139844993
13832,-8.143373,-3.728018,4.389035,0.096517,0.034056,-0.064752,32.16,63.8924584742729
13842,-8.142178,-3.734,4.384848,0.096059,0.039706,-0.060476,32.16,63.9176115321548
13852,-8.148159,-3.731607,4.398606,0.095295,0.045968,-0.05849,32.14,63.8578968610735
13862,-8.15773,-3.731009,4.395615,0.094684,0.052534,-0.055131,32.14,63.8946611965014
13872,-8.158329,-3.742374,4.387838,0.094379,0.058032,-0.052687,32.14,63.9480283979678
13882,-8.162517,-3.733402,4.394419,0.092852,0.063988,-0.05116,32.14,63.9143115184474
13892,-8.179864,-3.743571,4.399803,0.091019,0.070555,-0.049022,32.16,63.9369742968669
13902,-8.184052,-3.743571,4.393223,0.087354,0.081551,-0.046884,32.16,63.9803644040181
13912,-8.193623,-3.746562,4.404588,0.085674,0.087201,-0.047037,32.16,63.9469468113112
13922,-8.194221,-3.750151,4.395615,0.083536,0.091783,-0.046273,32.18,63.998124282061
13932,-8.2014,-3.742973,4.397409,0.081245,0.095753,-0.045662,32.18,63.9977932781526
13942,-8.206185,-3.745964,4.380062,0.07926,0.099418,-0.046426,32.15,64.1008899270527
13952,-8.210373,-3.751348,4.386642,0.077122,0.103236,-0.048106,32.15,64.0821747063475
13962,-8.221141,-3.746562,4.384848,0.074678,0.105985,-0.04948,32.19,64.1108551651367
13972,-8.215158,-3.743571,4.379463,0.072846,0.108429,-0.050702,32.19,64.1218519340701
13982,-8.213365,-3.744169,4.365107,0.071777,0.109803,-0.052382,32.16,64.1922108911987
13992,-8.228318,-3.743571,4.358526,0.070097,0.109956,-0.054825,32.16,64.2592428859186
14002,-8.24148,-3.749553,4.35075,0.06857,0.109803,-0.056658,32.17,64.3350066866329
14012,-8.235497,-3.744169,4.351946,0.068111,0.108887,-0.057879,32.17,64.3098820743505
14022,-8.239684,-3.74716,4.338786,0.067653,0.107207,-0.06017,32.15,64.3900684315452
14032,-8.245069,-3.749553,4.32742,0.067195,0.103847,-0.062003,32.15,64.4631068024539
14042,-8.243872,-3.744768,4.319643,0.067348,0.100182,-0.063377,32.2,64.4956262158569
14052,-8.243872,-3.738786,4.312464,0.068417,0.095753,-0.064294,32.2,64.526568076666
14062,-8.242078,-3.744169,4.297509,0.069791,0.091324,-0.064904,32.18,64.6052163464192
14072,-8.249256,-3.738187,4.285545,0.07086,0.079718,-0.065821,32.18,64.676989987401
14082,-8.246863,-3.738187,4.28076,0.075136,0.072235,-0.066279,32.17,64.696400157996
14092,-8.245667,-3.744768,4.273581,0.077885,0.064904,-0.065515,32.15,64.737520968001
14102,-8.243872,-3.738786,4.265206,0.080176,0.055894,-0.064752,32.15,64.7708533247657
14112,-8.239684,-3.736392,4.26401,0.082467,0.047647,-0.064141,32.17,64.7653237652842
14122,-8.239684,-3.736392,4.268198,0.085368,0.03879,-0.062156,32.17,64.7436258500755
14132,-8.240283,-3.728616,4.278367,0.088881,0.031001,-0.061545,32.15,64.6844539172422
14142,-8.232506,-3.732804,4.260421,0.091172,0.022602,-0.060476,32.15,64.7643361946062
14152,-8.233105,-3.714857,4.274778,0.09331,0.014508,-0.05849,32.18,64.6731282748365
14162,-8.23789,-3.729812,4.273581,0.096059,0.006261,-0.057269,32.18,64.7051054652538
14172,-8.232506,-3.712464,4.284947,0.097586,-0.000611,-0.054825,32.14,64.6166910735611
14182,-8.221141,-3.721437,4.286144,0.100029,-0.007941,-0.053603,32.14,64.5941093500505
14192,-8.232506,-3.728018,4.295715,0.101709,-0.014355,-0.052229,32.12,64.5767079390924
14202,-8.224131,-3.722634,4.298108,0.102931,-0.019853,-0.050091,32.12,64.5400905126459
14212,-8.224131,-3.709473,4.309474,0.103236,-0.024129,-0.049175,32.17,64.4679331597414
14222,-8.221141,-3.714857,4.319045,0.104458,-0.027794,-0.047953,32.17,64.4172021104586
14232,-8.219346,-3.716054,4.339384,0.104916,-0.030696,-0.046884,32.2,64.3093719236179
14242,-8.210373,-3.707081,4.359125,0.104305,-0.032834,-0.045204,32.2,64.1780593937977
14252,-8.204391,-3.701697,4.366303,0.102931,-0.032223,-0.044288,32.18,64.1219262062328
14262,-8.207382,-3.722036,4.380062,0.102473,-0.030238,-0.045051,32.17,64.0788609855933
14272,-8.194221,-3.71725,4.383651,0.100335,-0.027184,-0.044593,32.17,64.0254434437468
14282,-8.192427,-3.709473,4.392624,0.097738,-0.023366,-0.045662,32.19,63.9671185608075
14292,-8.191828,-3.722634,4.405785,0.0956,-0.018479,-0.045509,32.19,63.9117657024973
14302,-8.189436,-3.719643,4.41416,0.093768,-0.011912,-0.045968,32.12,63.8601648282435
14312,-8.17807,-3.714259,4.425525,0.091324,-0.005192,-0.045815,32.12,63.7700834672754
14322,-8.177471,-3.716652,4.423133,0.088575,0.00168,-0.046884,32.16,63.7834863333373
14332,-8.175079,-3.71725,4.423731,0.085979,0.009927,-0.0478,32.16,63.7755359679343
14342,-8.173882,-3.719045,4.42074,0.083689,0.018784,-0.047647,32.17,63.7900186744496
14352,-8.168499,-3.726223,4.431507,0.081703,0.027794,-0.04948,32.17,63.7298800528924
14362,-8.164311,-3.716054,4.421339,0.078649,0.037263,-0.050244,32.16,63.7617619014829
14372,-8.16132,-3.720839,4.428516,0.078038,0.046426,-0.050244,32.16,63.7230199045319
14382,-8.169695,-3.728018,4.430909,0.076358,0.055283,-0.050549,32.12,63.7375906835978
14392,-8.166704,-3.724428,4.42074,0.075595,0.064752,-0.051618,32.12,63.7791414124276
14402,-8.170293,-3.721437,4.425525,0.074831,0.072846,-0.052687,32.14,63.7596920658382
14412,-8.161918,-3.726821,4.400401,0.073762,0.080634,-0.053298,32.14,63.8752389034126
14422,-8.17448,-3.732804,4.404588,0.074678,0.095753,-0.054214,32.16,63.8887884025412
14432,-8.172088,-3.733402,4.389035,0.074067,0.102167,-0.054367,32.16,63.9639514231959
14442,-8.176873,-3.738786,4.384848,0.075442,0.106749,-0.05452,32.16,64.0020673894981
14452,-8.185846,-3.741179,4.374678,0.076205,0.111636,-0.055131,32.19,64.077381668242
14462,-8.195418,-3.727419,4.365107,0.077274,0.115454,-0.054672,32.19,64.1341873610424
14472,-8.193025,-3.748955,4.360919,0.077885,0.117592,-0.055741,32.16,64.1726416090165
14482,-8.203793,-3.741776,4.350152,0.079565,0.118202,-0.056505,32.16,64.2450895214708
14492,-8.204391,-3.735196,4.338786,0.079871,0.119119,-0.05681,32.16,64.2982809772362
14502,-8.222337,-3.732205,4.336991,0.081245,0.118355,-0.057269,32.16,64.3449869433775
14512,-8.216354,-3.732804,4.334,0.083078,0.116981,-0.05681,32.16,64.347532687588
14522,-8.228318,-3.728018,4.322036,0.083689,0.114537,-0.057879,32.16,64.4313259341481
14532,-8.233703,-3.732804,4.31725,0.085216,0.110872,-0.05849,32.16,64.4730002105964
14542,-8.231908,-3.735196,4.313063,0.084758,0.106596,-0.059101,32.16,64.4930195229594
14552,-8.250452,-3.728018,4.308876,0.086132,0.100182,-0.06017,32.16,64.5488962955037
14562,-8.249256,-3.73041,4.309474,0.085521,0.094226,-0.061392,32.16,64.5455540703838
14572,-8.259426,-3.72383,4.291527,0.085979,0.088575,-0.062919,32.14,64.6542851445588
14582,-8.255836,-3.731009,4.294518,0.085063,0.080634,-0.062919,32.14,64.6380586519501
14592,-8.263015,-3.729214,4.283153,0.08491,0.065515,-0.065515,32.15,64.7109503582323
14602,-8.2678,-3.716054,4.297509,0.083078,0.057421,-0.066584,32.2,64.6342733171451
14612,-8.261221,-3.727419,4.290929,0.082009,0.050091,-0.068111,32.2,64.6649845525408
14622,-8.274979,-3.716652,4.287939,0.081856,0.04215,-0.068875,32.14,64.7002714184298
14632,-8.266603,-3.722634,4.288536,0.080023,0.034056,-0.069791,32.14,64.6845282093598
14642,-8.265409,-3.718446,4.284349,0.079871,0.025962,-0.070708,32.16,64.6992984480854
14652,-8.257631,-3.711268,4.298706,0.078649,0.018937,-0.07254,32.16,64.6005683664818
14662,-8.259426,-3.722036,4.296313,0.078343,0.01237,-0.071929,32.16,64.6277649762377
14672,-8.260622,-3.722036,4.304688,0.078191,0.005956,-0.072388,32.16,64.5872112193841
14682,-8.252247,-3.72383,4.307081,0.076969,0,-0.072693,32.17,64.5579437497965
14692,-8.242676,-3.716054,4.299304,0.077274,-0.005651,-0.073609,32.17,64.5688242656849
14702,-8.236095,-3.723232,4.315455,0.076053,-0.01069,-0.073609,32.14,64.4779063351258
14712,-8.232506,-3.736392,4.313063,0.075595,-0.014661,-0.072082,32.14,64.4955781913823
14722,-8.222935,-3.713661,4.320241,0.076053,-0.017715,-0.071471,32.15,64.4138493424388
14732,-8.214561,-3.725027,4.320839,0.076511,-0.020159,-0.070097,32.15,64.403477975959
14742,-8.2014,-3.728616,4.331009,0.077733,-0.022144,-0.068417,32.15,64.3249059392672
14752,-8.208578,-3.725027,4.344768,0.077733,-0.022449,-0.066737,32.15,64.2664345336678
14762,-8.199606,-3.737589,4.354938,0.078496,-0.022602,-0.063072,32.14,64.2066149037753
14772,-8.19123,-3.744169,4.357928,0.082925,-0.020617,-0.060781,32.16,64.17902021837
14782,-8.175676,-3.739982,4.368098,0.084452,-0.018631,-0.058338,32.16,64.0868803979514
14792,-8.17448,-3.726223,4.366901,0.086743,-0.015577,-0.055894,32.16,64.0760026435264
14802,-8.169695,-3.741776,4.367499,0.087506,-0.011759,-0.053298,32.16,64.0782121456129
14812,-8.175676,-3.734598,4.372883,0.089492,-0.007483,-0.050855,32.15,64.0566027719848
14822,-8.161918,-3.732205,4.378268,0.092088,-0.003512,-0.049022,32.15,63.9949118736745
14832,-8.16132,-3.737589,4.383053,0.093615,0.002902,-0.04612,32.16,63.9745120291432
14842,-8.168499,-3.732804,4.390232,0.09499,0.008705,-0.044135,32.16,63.9489493457063
14852,-8.158329,-3.74716,4.396811,0.096517,0.014508,-0.042455,32.14,63.9068504094591
14862,-8.16132,-3.745365,4.390232,0.097738,0.021686,-0.040317,32.14,63.9456837714909
14872,-8.158329,-3.74058,4.399205,0.098655,0.029169,-0.03879,32.16,63.8876064686
14882,-8.162517,-3.732205,4.408178,0.100029,0.036346,-0.038179,32.16,63.8422499104748
14892,-8.164909,-3.739982,4.407579,0.100029,0.043677,-0.038637,32.16,63.8589920203589
14902,-8.169695,-3.739383,4.418347,0.099266,0.05116,-0.039248,32.16,63.814017801359
14912,-8.173882,-3.74058,4.40399,0.099418,0.058643,-0.039248,32.18,63.8986360357477
14922,-8.175676,-3.744169,4.40399,0.09896,0.065363,-0.039248,32.18,63.9065037450311
14932,-8.183454,-3.747759,4.412365,0.098197,0.072998,-0.04047,32.16,63.8850493669354
14942,-8.190034,-3.741179,4.401597,0.0956,0.086132,-0.04383,32.15,63.9484941613092
14952,-8.19123,-3.731607,4.396811,0.093768,0.092241,-0.044899,32.15,63.9658407682834
14962,-8.195418,-3.727419,4.397409,0.091935,0.097128,-0.047495,32.17,63.9679801656922
14972,-8.202596,-3.736392,4.397409,0.090255,0.101556,-0.049633,32.17,63.9936807601362
14982,-8.204989,-3.726223,4.38425,0.087659,0.105832,-0.052229,32.14,64.0562039328441
14992,-8.209774,-3.736392,4.376472,0.085674,0.109956,-0.05452,32.14,64.1175880074242
15002,-8.2014,-3.736991,4.364508,0.083841,0.112094,-0.056505,32.17,64.1607608884183
15012,-8.210373,-3.73041,4.370491,0.081398,0.114232,-0.057421,32.17,64.1435342938583
15022,-8.216354,-3.731009,4.353143,0.079412,0.11469,-0.059254,32.12,64.247010850588
15032,-8.220542,-3.732804,4.353143,0.077885,0.114079,-0.059712,32.12,64.2583253447686
15042,-8.218149,-3.727419,4.334598,0.076358,0.113468,-0.061697,32.18,64.3429822792503
15052,-8.220542,-3.736991,4.331009,0.074678,0.110414,-0.061239,32.18,64.3766909801498
15062,-8.228318,-3.725625,4.325027,0.074067,0.108429,-0.061087,32.13,64.413451603362
15072,-8.236693,-3.732205,4.310072,0.072388,0.105069,-0.061697,32.13,64.5161507353877
15082,-8.230114,-3.728018,4.302894,0.072082,0.10064,-0.059254,32.14,64.5342303391732
15092,-8.23789,-3.716054,4.295117,0.072082,0.095906,-0.057574,32.14,64.5797483116589
15102,-8.239087,-3.719643,4.297509,0.071777,0.089644,-0.056505,32.13,64.5736898944517
15112,-8.235497,-3.718446,4.276572,0.072388,0.076053,-0.051618,32.13,64.672799918441
15122,-8.246264,-3.722036,4.276572,0.073457,0.06857,-0.049786,32.14,64.7004535245039
15132,-8.248059,-3.716652,4.285545,0.074984,0.060476,-0.048258,32.14,64.6526101653885
15142,-8.238488,-3.715455,4.27717,0.076358,0.052687,-0.046578,32.14,64.6733699089444
15152,-8.247462,-3.712464,4.275376,0.076816,0.044135,-0.044135,32.13,64.6996922281646
15162,-8.243872,-3.712464,4.284349,0.078343,0.036346,-0.042913,32.13,64.6452236239054
15172,-8.255836,-3.714259,4.286144,0.079871,0.029016,-0.041692,32.14,64.6644735181832
15182,-8.257631,-3.71725,4.279563,0.081398,0.021686,-0.040623,32.14,64.7055101287474
15192,-8.262416,-3.724428,4.297509,0.082925,0.013897,-0.040317,32.15,64.6306700664954
15202,-8.270193,-3.699902,4.295117,0.084299,0.006414,-0.041539,32.15,64.6357911139922
15212,-8.262416,-3.705884,4.299902,0.085521,0.000458,-0.042761,32.15,64.599688608906
15222,-8.255239,-3.703491,4.305884,0.086743,-0.005803,-0.044746,32.15,64.5503268599337
15232,-8.255239,-3.705286,4.316054,0.087506,-0.01069,-0.046884,32.16,64.4996488754836
15242,-8.255836,-3.706482,4.325027,0.08827,-0.014966,-0.049633,32.16,64.4559289148084
15252,-8.250452,-3.711866,4.326822,0.088423,-0.019548,-0.05284,32.16,64.4400148052468
15262,-8.242676,-3.703491,4.335794,0.088423,-0.022602,-0.055894,32.16,64.3677826487062
15272,-8.251051,-3.709473,4.361517,0.08827,-0.02474,-0.059407,32.14,64.2603787714194
15282,-8.251051,-3.711866,4.350152,0.087812,-0.025809,-0.068722,32.14,64.3212391880196
15292,-8.228318,-3.708277,4.35733,0.086743,-0.025809,-0.072082,32.16,64.2292546456351
15302,-8.212766,-3.706482,4.369295,0.08659,-0.025045,-0.075747,32.11,64.1305020100604
15313,-8.203793,-3.71067,4.378268,0.085521,-0.023518,-0.078954,32.11,64.0681857335693
15322,-8.208578,-3.720241,4.371687,0.084758,-0.021533,-0.082009,32.15,64.1228175913123
15332,-8.186445,-3.731009,4.375875,0.08323,-0.018173,-0.084299,32.15,64.0620086846307
15342,-8.18764,-3.725625,4.388436,0.082161,-0.013744,-0.087048,32.17,63.9944819618562
15352,-8.181061,-3.736991,4.389633,0.081551,-0.008858,-0.087048,32.17,63.9851320475762
15362,-8.163115,-3.734,4.392624,0.081398,-0.002291,-0.086437,32.12,63.9255523046943
15372,-8.157133,-3.736991,4.398008,0.080481,0.002596,-0.086285,32.12,63.8872518293372
15382,-8.158927,-3.739383,4.387838,0.080787,0.008247,-0.084452,32.16,63.9462575508433
15392,-8.154739,-3.742973,4.395615,0.079718,0.014966,-0.08323,32.16,63.9003745719805
15402,-8.147561,-3.745365,4.397409,0.078802,0.02138,-0.080634,32.2,63.8771897932173
15412,-8.132606,-3.741179,4.393223,0.079412,0.028863,-0.076969,32.2,63.8599866877178
15422,-8.127223,-3.741776,4.395615,0.07926,0.036957,-0.073915,32.16,63.8358941394129
15432,-8.123632,-3.744768,4.402196,0.079565,0.045357,-0.069333,32.16,63.7968561398458
15442,-8.125427,-3.753142,4.398606,0.080023,0.05284,-0.064446,32.17,63.8283971397685
15452,-8.130214,-3.739982,4.395017,0.080634,0.060934,-0.059865,32.17,63.8439631159258
15462,-8.135597,-3.739982,4.402196,0.081245,0.075747,-0.04948,32.16,63.8193400494209
15472,-8.13799,-3.743571,4.387838,0.081856,0.082161,-0.045509,32.18,63.9026630458415
15482,-8.146963,-3.742973,4.389035,0.082161,0.088423,-0.040775,32.18,63.9164471849401
15492,-8.155338,-3.749553,4.386642,0.083078,0.094226,-0.036957,32.17,63.9548907171255
15502,-8.162517,-3.74716,4.386642,0.08323,0.100335,-0.03207,32.17,63.9687950959331
15512,-8.179864,-3.753142,4.380062,0.083689,0.104611,-0.030238,32.17,64.0485162101477
15522,-8.184052,-3.748357,4.375875,0.083689,0.109192,-0.027184,32.17,64.074609735141
15532,-8.194819,-3.751348,4.379463,0.084147,0.112705,-0.025656,32.16,64.0837440595033
15542,-8.213365,-3.742374,4.375875,0.08491,0.114385,-0.025504,32.16,64.1349866530354
15552,-8.219346,-3.74716,4.369893,0.084299,0.116064,-0.024587,32.16,64.1842215580648
15562,-8.223534,-3.742374,4.360321,0.08323,0.116523,-0.025809,32.16,64.2379783096392
15572,-8.24148,-3.746562,4.360919,0.083689,0.11637,-0.027489,32.2,64.2796875607833
15582,-8.252247,-3.748357,4.351348,0.083383,0.115301,-0.030085,32.2,64.3549059472822
15592,-8.259426,-3.747759,4.336991,0.08262,0.113316,-0.033139,32.17,64.444181263441
15602,-8.273782,-3.751946,4.337589,0.082314,0.109956,-0.036652,32.17,64.4774562431209
15612,-8.269596,-3.744768,4.326822,0.081551,0.106749,-0.040928,32.15,64.5161816278738
15622,-8.276175,-3.738187,4.318447,0.08094,0.101862,-0.044288,32.15,64.5673054036317
15632,-8.277372,-3.731009,4.319045,0.079871,0.090561,-0.053603,32.2,64.5596731802165
15642,-8.283952,-3.731009,4.310072,0.07926,0.083994,-0.05849,32.15,64.620524861498
15652,-8.2678,-3.728018,4.296911,0.078954,0.077122,-0.062614,32.15,64.6493700067823
15662,-8.268398,-3.724428,4.298706,0.078954,0.069486,-0.065668,32.16,64.6378359513519
15672,-8.277372,-3.722036,4.289733,0.078038,0.060628,-0.07086,32.16,64.7017212667869
15682,-8.273185,-3.725027,4.284349,0.078954,0.052534,-0.073151,32.18,64.7231944839824
15692,-8.27139,-3.721437,4.28076,0.079412,0.04444,-0.075442,32.18,64.7341475774673
15702,-8.252247,-3.721437,4.281358,0.078649,0.036041,-0.077122,32.14,64.68842897
15712,-8.255239,-3.724428,4.275376,0.079565,0.027184,-0.078191,32.14,64.7290457667464
15722,-8.248059,-3.72383,4.287939,0.080481,0.019395,-0.078038,32.19,64.6474604594913
15732,-8.236693,-3.72383,4.272983,0.082161,0.010537,-0.077733,32.19,64.699495873046
15742,-8.233105,-3.713063,4.267599,0.082925,0.003512,-0.076358,32.13,64.7085376382859
15752,-8.228318,-3.720839,4.288536,0.085063,-0.003512,-0.074373,32.13,64.597198158216
15762,-8.216354,-3.720241,4.290331,0.086132,-0.011148,-0.072235,32.14,64.5604662054449
15772,-8.21157,-3.726821,4.299902,0.087812,-0.017104,-0.06918,32.14,64.5068565591484
15782,-8.209774,-3.718446,4.290331,0.088728,-0.022297,-0.066737,32.17,64.5438609200923
15792,-8.209177,-3.705884,4.313063,0.090103,-0.026725,-0.062919,32.17,64.4119946894805
15802,-8.187043,-3.712464,4.319045,0.092088,-0.030085,-0.054672,32.14,64.3376920374599
15812,-8.182856,-3.720839,4.326822,0.09499,-0.034361,-0.050396,32.13,64.2965628675869
15822,-8.190034,-3.712464,4.336392,0.096669,-0.034819,-0.046273,32.13,64.2547242528117
15832,-8.172088,-3.708277,4.348955,0.098502,-0.034208,-0.043371,32.2,64.1446046845279
15842,-8.168499,-3.709473,4.356134,0.098655,-0.033139,-0.039859,32.2,64.1005399690463
15852,-8.15773,-3.701099,4.364508,0.09896,-0.029474,-0.036499,32.17,64.0239059093804
15862,-8.203793,-3.721437,4.397409,0.098655,-0.026114,-0.034514,32.17,63.980902016595
15872,-8.245069,-3.743571,4.420142,0.09728,-0.021991,-0.034208,32.16,63.9813096469986
15882,-8.193025,-3.713063,4.408178,0.096669,-0.016646,-0.032376,32.16,63.89226603143
15892,-8.158927,-3.694518,4.395017,0.095448,-0.009774,-0.032529,32.13,63.8623020382432
15902,-8.202596,-3.720839,4.423731,0.093921,-0.003207,-0.032529,32.13,63.8424937709193
15912,-8.193025,-3.732804,4.436294,0.092241,0.005498,-0.033598,32.19,63.7686576697052
15922,-8.166704,-3.716054,4.421339,0.090103,0.01405,-0.034819,32.19,63.7672776385249
15932,-8.167302,-3.715455,4.428516,0.087048,0.022755,-0.036957,32.18,63.7311638413887
15942,-8.189436,-3.714259,4.435097,0.085063,0.032223,-0.039554,32.18,63.7471576220532
15952,-8.19123,-3.719643,4.450052,0.08262,0.041386,-0.043219,32.15,63.6803345146287
15962,-8.181659,-3.726821,4.445865,0.079565,0.05116,-0.045509,32.15,63.6872336350685
15972,-8.199007,-3.734,4.44048,0.076205,0.060628,-0.048717,32.17,63.7622138173012
15982,-8.196614,-3.732804,4.4339,0.071929,0.078954,-0.05681,32.11,63.7891534463928
15992,-8.179864,-3.724428,4.430311,0.069639,0.087659,-0.058948,32.11,63.7603006664639
16002,-8.185846,-3.735196,4.417151,0.067195,0.096211,-0.062003,32.18,63.8528166862928
16012,-8.185846,-3.732804,4.412365,0.065973,0.102625,-0.06521,32.18,63.8748804512022
16022,-8.195418,-3.732205,4.396214,0.064752,0.108276,-0.068264,32.15,63.9790941304183
16032,-8.188239,-3.734,4.399205,0.064904,0.113468,-0.070097,32.15,63.949196085171
16042,-8.203195,-3.741776,4.377071,0.063835,0.11805,-0.071624,32.15,64.1051377932243
16052,-8.208578,-3.732205,4.371089,0.063988,0.120951,-0.073609,32.15,64.1382346412261
16062,-8.192427,-3.747759,4.349553,0.063683,0.122631,-0.074526,32.12,64.2286371015057
16072,-8.207382,-3.741776,4.343571,0.064599,0.122631,-0.07422,32.12,64.2871320468255
16082,-8.203793,-3.748955,4.334598,0.066279,0.12202,-0.074373,32.17,64.332713553522
16092,-8.19781,-3.738187,4.331009,0.067501,0.120188,-0.073151,32.17,64.3266412075237
16102,-8.216953,-3.754339,4.302894,0.069028,0.117744,-0.071624,32.15,64.5315711168381
16112,-8.214561,-3.741179,4.309474,0.071624,0.114385,-0.069639,32.15,64.4787280836222
16122,-8.216953,-3.739383,4.296313,0.072998,0.10797,-0.067806,32.14,64.5503288409897
16132,-8.218149,-3.739982,4.287939,0.074831,0.102778,-0.065363,32.14,64.5969641737879
16142,-8.236693,-3.735196,4.274179,0.077885,0.095753,-0.063683,32.17,64.7047786671417
16152,-8.240881,-3.739383,4.274778,0.081551,0.082009,-0.056658,32.17,64.7152384790839
16162,-8.236095,-3.735795,4.275974,0.083078,0.073151,-0.055283,32.13,64.6947562790477
16172,-8.251051,-3.735795,4.265805,0.084147,0.063835,-0.05284,32.13,64.7806916027942
16182,-8.234302,-3.732205,4.277769,0.085368,0.054978,-0.051313,32.13,64.677831321909
16192,-8.24148,-3.729214,4.286742,0.085979,0.046273,-0.049633,32.12,64.644393781751
16202,-8.263614,-3.736392,4.287939,0.085674,0.037874,-0.047342,32.12,64.6947765777627
16212,-8.260024,-3.739982,4.285545,0.085979,0.030085,-0.046578,32.11,64.7027678808613
16222,-8.262416,-3.721437,4.280162,0.085063,0.02138,-0.046884,32.11,64.717271193657
16232,-8.260622,-3.734598,4.292126,0.084299,0.013439,-0.046578,32.15,64.6646931422102
16242,-8.268997,-3.718446,4.3005,0.083383,0.006567,-0.048106,32.15,64.623911532906
16252,-8.258228,-3.728616,4.306482,0.082467,0.000458,-0.047342,32.17,64.5792388466719
16262,-8.258827,-3.725625,4.304688,0.081551,-0.006261,-0.048564,32.17,64.5868158562669
16272,-8.260024,-3.727419,4.314857,0.079107,-0.011912,-0.049786,32.17,64.5388635054782
16282,-8.260024,-3.726223,4.319045,0.077733,-0.016493,-0.051313,32.17,64.5160742088797
16292,-8.246264,-3.728018,4.328616,0.077427,-0.020006,-0.053298,32.16,64.4377268956643
16302,-8.242078,-3.716054,4.341179,0.076816,-0.023366,-0.053756,32.16,64.3514415639975
16312,-8.234302,-3.719045,4.347161,0.074678,-0.025045,-0.055589,32.16,64.3061380494963
16322,-8.217552,-3.724428,4.360919,0.073915,-0.026267,-0.058185,32.16,64.2029222261968
16332,-8.21157,-3.725027,4.365107,0.072846,-0.025809,-0.059407,32.16,64.1684124984903
16342,-8.213962,-3.727419,4.369295,0.073457,-0.025045,-0.06017,32.16,64.1547511332219
16352,-8.203793,-3.721437,4.365107,0.073151,-0.023213,-0.060018,32.16,64.1470505406033
16362,-8.201998,-3.73041,4.371089,0.073915,-0.020159,-0.059254,32.19,64.1214324480457
16372,-8.185248,-3.732205,4.380062,0.075136,-0.017715,-0.059865,32.19,64.038962140016
16382,-8.172088,-3.739982,4.374678,0.0759,-0.014661,-0.059101,32.16,64.0447816214342
16392,-8.180463,-3.736991,4.383053,0.077274,-0.009468,-0.057269,32.16,64.0176303018649
16402,-8.181061,-3.738187,4.385446,0.079412,-0.004734,-0.056352,32.15,64.0079246222399
16412,-8.16132,-3.745964,4.393821,0.080634,0.000305,-0.055589,32.15,63.9278338851818
16422,-8.156534,-3.739383,4.386044,0.082314,0.005803,-0.053145,32.14,63.9500223305746
16432,-8.166105,-3.735196,4.389633,0.085063,0.011759,-0.050702,32.14,63.9490568310908
16442,-8.152347,-3.738786,4.394419,0.086743,0.018326,-0.049327,32.16,63.8966425763458
16452,-8.151749,-3.734598,4.388436,0.088728,0.025198,-0.0478,32.16,63.9216994782525
16462,-8.164909,-3.741776,4.399205,0.090408,0.031918,-0.045662,32.16,63.9039457198903
16472,-8.149356,-3.741179,4.389035,0.091783,0.039095,-0.044746,32.16,63.9200452363252
16482,-8.155936,-3.735795,4.395017,0.092546,0.045509,-0.041844,32.16,63.8986512111162
16492,-8.164311,-3.735196,4.396811,0.093768,0.052534,-0.039706,32.16,63.9079908072349
16502,-8.165507,-3.74058,4.403392,0.093768,0.066279,-0.038485,32.16,63.8825222660254
16512,-8.169096,-3.731009,4.402793,0.093615,0.072998,-0.037263,32.17,63.8837942157297
16522,-8.166105,-3.73041,4.400401,0.093157,0.079412,-0.038332,32.17,63.8886115386087
16532,-8.173882,-3.735196,4.395615,0.093462,0.085827,-0.038026,32.14,63.9360673614754
16542,-8.176873,-3.720839,4.392624,0.091477,0.091019,-0.038026,32.14,63.9433169268303
16552,-8.190034,-3.729214,4.396811,0.089644,0.095906,-0.038943,32.16,63.960617598643
16562,-8.188239,-3.724428,4.384848,0.088575,0.101404,-0.039706,32.16,64.0130692138573
16572,-8.203793,-3.725625,4.383053,0.085827,0.104458,-0.041081,32.12,64.0590161060001
16582,-8.202596,-3.728018,4.388436,0.082772,0.108276,-0.043219,32.12,64.031091918989
16592,-8.213962,-3.725625,4.375875,0.080634,0.111483,-0.045204,32.16,64.119058914188
16602,-8.215756,-3.713661,4.359125,0.078496,0.112399,-0.045509,32.16,64.1970352763617
16612,-8.204391,-3.718446,4.35075,0.076358,0.113621,-0.046731,32.19,64.2193274772318
16622,-8.200802,-3.708875,4.347759,0.073915,0.114079,-0.048106,32.19,64.2167733896937
16632,-8.261221,-3.731009,4.351348,0.071777,0.113163,-0.04948,32.17,64.3574145023366
16642,-8.282157,-3.735795,4.35733,0.069333,0.11133,-0.051924,32.17,64.3785507895996
16652,-8.266603,-3.726223,4.341179,0.067806,0.108123,-0.052993,32.16,64.416906993953
16662,-8.267202,-3.727419,4.324429,0.065363,0.104611,-0.054978,32.16,64.5056193085975
16672,-8.26481,-3.732205,4.313063,0.063683,0.09499,-0.057421,32.13,64.5636352022935
16682,-8.243275,-3.713661,4.304688,0.062461,0.087812,-0.057269,32.17,64.5399292941307
16692,-8.236095,-3.72383,4.286742,0.062003,0.081551,-0.057269,32.17,64.6269178192019
16702,-8.274979,-3.725625,4.283751,0.062003,0.074526,-0.057879,32.18,64.7308683627268
16712,-8.256434,-3.717848,4.275974,0.063072,0.066584,-0.056658,32.18,64.7220083447276
16722,-8.263015,-3.711268,4.281358,0.063072,0.058185,-0.057574,32.19,64.7022332753698
16732,-8.264212,-3.719643,4.272385,0.064446,0.049938,-0.055741,32.19,64.7596851346648
16742,-8.274979,-3.712464,4.284349,0.065821,0.041081,-0.056658,32.14,64.7146242840237
16752,-8.267202,-3.722634,4.278367,0.068417,0.032223,-0.056047,32.14,64.7383982132699
16762,-8.253444,-3.715455,4.27059,0.069486,0.023824,-0.0562,32.16,64.740813377629
16772,-8.254042,-3.716054,4.27717,0.071013,0.01573,-0.055436,32.16,64.7086891075189
16782,-8.275578,-3.729214,4.295715,0.073609,0.006872,-0.056047,32.18,64.674059329521
16792,-8.268997,-3.729214,4.293322,0.074678,-0.000916,-0.05681,32.18,64.6717562495285
16802,-8.254042,-3.723232,4.292724,0.076664,-0.008247,-0.057421,32.16,64.6354854782076
16812,-8.246264,-3.717848,4.294518,0.078191,-0.015424,-0.058185,32.16,64.6034050303055
16822,-8.261221,-3.722036,4.307679,0.080176,-0.021686,-0.058796,32.16,64.5731212923543
16832,-8.242078,-3.725625,4.308277,0.081703,-0.02642,-0.059559,32.16,64.5308133900199
16842,-8.235497,-3.717848,4.329813,0.083078,-0.034361,-0.062919,32.18,64.3970101722583
16852,-8.233703,-3.717848,4.338188,0.084299,-0.036652,-0.063988,32.21,64.3497911361669
16862,-8.226524,-3.718446,4.342375,0.085216,-0.038637,-0.066279,32.21,64.312616472926
16872,-8.210971,-3.725625,4.348357,0.085674,-0.039095,-0.06689,32.12,64.2539593010511
16882,-8.218149,-3.727419,4.35733,0.085979,-0.038485,-0.068111,32.12,64.225823869587
16892,-8.212168,-3.736991,4.372883,0.085674,-0.037415,-0.069791,32.2,64.1420947043669
16902,-8.194819,-3.735795,4.384848,0.085063,-0.034361,-0.071013,32.2,64.0398839979155
16912,-8.183454,-3.727419,4.383053,0.084605,-0.03146,-0.071624,32.18,64.0144907133677
16922,-8.183454,-3.73041,4.393821,0.084452,-0.026725,-0.070708,32.18,63.9621949797568
16932,-8.183454,-3.732205,4.402793,0.083383,-0.021533,-0.07254,32.14,63.9179421408043
16942,-8.175676,-3.731009,4.398606,0.08262,-0.015272,-0.072388,32.14,63.9204112605648
16952,-8.157133,-3.732205,4.406981,0.081703,-0.008247,-0.071166,32.18,63.8360354226832
16962,-8.148758,-3.743571,4.41416,0.08094,-0.000153,-0.06918,32.18,63.7918292707636
16972,-8.146963,-3.742973,4.421937,0.079412,0.008247,-0.067195,32.19,63.7470779675046
16982,-8.140981,-3.736991,4.409972,0.078954,0.017257,-0.065515,32.19,63.7885211859
16992,-8.146963,-3.738187,4.418945,0.078038,0.026267,-0.063072,32.13,63.7573978965478
17002,-8.145766,-3.739383,4.418347,0.077122,0.034972,-0.059865,32.13,63.758979892375
17012,-8.136195,-3.74716,4.411767,0.077122,0.045204,-0.052993,32.16,63.7790262969716
17022,-8.140383,-3.751946,4.414758,0.075595,0.063225,-0.048869,32.14,63.7783511218907
17032,-8.13799,-3.751348,4.417749,0.075289,0.072235,-0.045662,32.14,63.7568222221575
17042,-8.139785,-3.748955,4.409972,0.075442,0.080787,-0.041081,32.14,63.7984316736017
17052,-8.148758,-3.745365,4.408178,0.075595,0.088423,-0.037415,32.14,63.8244980144612
17062,-8.158927,-3.742374,4.393223,0.076053,0.095753,-0.034208,32.16,63.9216606007968
17072,-8.161918,-3.751348,4.390232,0.076358,0.102473,-0.030696,32.16,63.9533366817829
17082,-8.16132,-3.743571,4.39083,0.076511,0.10797,-0.0281,32.18,63.9407205274606
17092,-8.17448,-3.746562,4.378268,0.076511,0.111636,-0.026878,32.18,64.0386122382874
17102,-8.185248,-3.750151,4.378866,0.077122,0.116523,-0.025045,32.21,64.063805283608
17112,-8.198408,-3.741179,4.371089,0.077274,0.119271,-0.023518,32.21,64.1244227326661
17122,-8.20798,-3.744768,4.367499,0.077733,0.122173,-0.022755,32.15,64.1683272606968
17132,-8.207382,-3.743571,4.35733,0.078649,0.1237,-0.022907,32.15,64.2180810193659
17142,-8.225328,-3.74716,4.353143,0.078496,0.1237,-0.024129,32.14,64.283874027849
17152,-8.240283,-3.737589,4.347759,0.079107,0.121562,-0.025504,32.14,64.3354677367574
17162,-8.242078,-3.737589,4.335197,0.079718,0.11973,-0.026725,32.14,64.4041602031355
17172,-8.259426,-3.734598,4.329813,0.079565,0.116675,-0.028863,32.14,64.4677552584068
17182,-8.268997,-3.732804,4.316652,0.079565,0.112857,-0.032223,32.14,64.5551028319895
17192,-8.273782,-3.735795,4.309474,0.079871,0.102931,-0.039095,32.14,64.60575735015
17202,-8.277969,-3.732804,4.305884,0.079871,0.096059,-0.043371,32.15,64.6305701846193
17212,-8.298308,-3.72383,4.297509,0.079871,0.089339,-0.046273,32.16,64.7099508701267
17222,-8.283952,-3.725625,4.292126,0.079565,0.081398,-0.050855,32.16,64.7075954962228
17232,-8.282157,-3.726821,4.302295,0.079871,0.073762,-0.05452,32.16,64.6523840603901
17242,-8.287541,-3.726223,4.282554,0.079565,0.065363,-0.058948,32.16,64.7655321372229
17252,-8.282157,-3.728616,4.283751,0.079565,0.056505,-0.063835,32.2,64.7497997839811
17262,-8.273782,-3.716652,4.288536,0.080023,0.047647,-0.066584,32.2,64.694524299694
17272,-8.286943,-3.702893,4.281956,0.078954,0.039248,-0.068417,32.17,64.7440669132953
17282,-8.268398,-3.716054,4.277769,0.078496,0.031154,-0.071624,32.17,64.7375651748131
17292,-8.279166,-3.71725,4.285545,0.078038,0.022297,-0.072998,32.18,64.7225436344414
17302,-8.272586,-3.725027,4.284947,0.078191,0.01405,-0.073915,32.18,64.7187748412954
17312,-8.275578,-3.713063,4.282554,0.077885,0.006261,-0.075747,32.13,64.7258268087858
17322,-8.267202,-3.714259,4.287939,0.078343,-0.001527,-0.075442,32.13,64.6805521860901
17332,-8.244471,-3.713661,4.288536,0.078954,-0.008399,-0.076205,32.13,64.6261055302234
17342,-8.252247,-3.709473,4.302894,0.078649,-0.014813,-0.07422,32.13,64.5650817298916
17352,-8.224131,-3.711866,4.298706,0.078038,-0.020617,-0.073457,32.16,64.5260657862927
17362,-8.210373,-3.71067,4.307081,0.078343,-0.029932,-0.06918,32.16,64.4505320063887
17372,-8.194819,-3.708277,4.317849,0.078496,-0.033598,-0.067042,32.16,64.3572011631724
17382,-8.190034,-3.710072,4.317849,0.079565,-0.035736,-0.064446,32.15,64.3482053424991
17392,-8.189436,-3.716054,4.331009,0.079412,-0.038026,-0.061697,32.15,64.2848952229505
17402,-8.181061,-3.708875,4.328616,0.080634,-0.038637,-0.05849,32.14,64.2708742701024
17412,-8.176275,-3.720241,4.336392,0.080481,-0.038179,-0.05452,32.14,64.2314907520301
17422,-8.187043,-3.726821,4.359723,0.082161,-0.037263,-0.051618,32.17,64.1422745064497
17432,-8.187043,-3.722634,4.366901,0.08262,-0.035583,-0.049022,32.17,64.1009232479912
17442,-8.17807,-3.706482,4.365705,0.083078,-0.032376,-0.046426,32.18,64.0698810684417
17452,-8.170892,-3.716054,4.383053,0.083078,-0.028558,-0.044288,32.18,63.9739257377734
17462,-8.175079,-3.721437,4.393223,0.083383,-0.023213,-0.043066,32.17,63.9367470964551
17472,-8.16132,-3.714259,4.396811,0.084299,-0.017257,-0.041233,32.17,63.8791933294992
17482,-8.17149,-3.716054,4.405187,0.083689,-0.01069,-0.040775,32.14,63.861329030019
17492,-8.172686,-3.716652,4.42074,0.083383,-0.002596,-0.039401,32.14,63.784760361597
17502,-8.167302,-3.722036,4.417749,0.08323,0.005192,-0.039095,32.16,63.7933753932046
17512,-8.165507,-3.736392,4.430909,0.08262,0.013286,-0.039248,32.16,63.7367582641824
17522,-8.17448,-3.729812,4.4339,0.082314,0.022907,-0.039859,32.19,63.7351518024438
17532,-8.169695,-3.739383,4.441677,0.081245,0.03146,-0.043982,32.19,63.6943380063587
17542,-8.176275,-3.729812,4.438088,0.080329,0.052076,-0.044593,32.16,63.7178140539141
17552,-8.180463,-3.739383,4.432106,0.079871,0.062003,-0.046273,32.15,63.7681591235603
17562,-8.182258,-3.734,4.4339,0.078649,0.071166,-0.048106,32.15,63.75743972715
17572,-8.173882,-3.744768,4.426722,0.077733,0.079107,-0.052229,32.17,63.7863110868967
17582,-8.182258,-3.735795,4.418347,0.077122,0.088575,-0.053909,32.17,63.8390812332267
17592,-8.181061,-3.723232,4.414758,0.076511,0.096211,-0.055436,32.14,63.8416198521545
17602,-8.187043,-3.739982,4.409374,0.075595,0.103847,-0.057116,32.14,63.9004748549104
17612,-8.185846,-3.74058,4.401597,0.074678,0.110414,-0.058796,32.17,63.9383015622592
17622,-8.193623,-3.749553,4.389035,0.07422,0.115454,-0.061239,32.17,64.0299450944988
17632,-8.200802,-3.746562,4.382454,0.073304,0.12034,-0.06353,32.14,64.0769878756008
17642,-8.196614,-3.751348,4.378866,0.072388,0.123547,-0.064904,32.14,64.0908923688228
17652,-8.20798,-3.738786,4.361517,0.072388,0.125686,-0.065515,32.14,64.1929362898991
17662,-8.212168,-3.744169,4.348955,0.072235,0.126144,-0.066584,32.14,64.272658435103
17672,-8.219346,-3.748955,4.333402,0.071624,0.12538,-0.066737,32.16,64.3739217440071
17682,-8.219346,-3.746562,4.325027,0.071471,0.124617,-0.066432,32.16,64.4146656456809
17692,-8.224131,-3.745964,4.317849,0.071777,0.121868,-0.065973,32.17,64.4618466295168
17702,-8.234302,-3.748357,4.305884,0.071471,0.117592,-0.065515,32.17,64.5488457452023
17712,-8.2349,-3.748357,4.294518,0.073304,0.106901,-0.062003,32.14,64.6088962519736
17722,-8.230712,-3.741179,4.284349,0.072693,0.099571,-0.062003,32.13,64.6448473877345
17732,-8.240283,-3.732205,4.286742,0.073762,0.093157,-0.059559,32.13,64.6447444561969
17742,-8.239684,-3.741179,4.281956,0.074984,0.084452,-0.057116,32.18,64.6772434223397
17752,-8.254042,-3.744768,4.271188,0.075442,0.075289,-0.055589,32.18,64.7685066365969
17762,-8.24148,-3.731009,4.276572,0.0759,0.067042,-0.053451,32.18,64.6988305524258
17772,-8.251051,-3.739383,4.273581,0.07758,0.058032,-0.050855,32.18,64.7440590784308
17782,-8.244471,-3.737589,4.27717,0.077885,0.049175,-0.04948,32.15,64.709041168881
17792,-8.258228,-3.734598,4.276572,0.078954,0.040775,-0.048106,32.15,64.7397284694773
17802,-8.261818,-3.722036,4.280162,0.079565,0.031918,-0.04612,32.17,64.7165405715333
17812,-8.252846,-3.734,4.289733,0.079565,0.022907,-0.045662,32.17,64.6591227887094
17822,-8.261221,-3.729214,4.281358,0.080329,0.015424,-0.044593,32.17,64.7162343425554
17832,-8.260622,-3.738786,4.292126,0.080176,0.007941,-0.044593,32.17,64.6689115982976
17842,-8.260024,-3.722036,4.289135,0.08094,0.000611,-0.044288,32.18,64.6661717159465
17852,-8.258827,-3.720241,4.301099,0.081551,-0.006261,-0.043524,32.18,64.599913342351
17862,-8.248059,-3.719643,4.308876,0.081398,-0.011148,-0.043677,32.18,64.5350715530003
17872,-8.243872,-3.725625,4.319045,0.082314,-0.016035,-0.043982,32.18,64.4792686237319
17882,-8.243275,-3.726223,4.329813,0.082314,-0.023213,-0.045509,32.14,64.4230212083505
17892,-8.228318,-3.722634,4.342375,0.082161,-0.025656,-0.046426,32.17,64.3209443772378
17902,-8.226524,-3.73041,4.352544,0.082161,-0.027642,-0.0478,32.17,64.2724727248197
17912,-8.232506,-3.719643,4.351946,0.081703,-0.028405,-0.048411,32.12,64.2780555175668
17922,-8.222337,-3.724428,4.347161,0.082009,-0.029016,-0.050396,32.12,64.2846080392911
17932,-8.213365,-3.719045,4.356732,0.081245,-0.028253,-0.051924,32.15,64.209463998764
17942,-8.219944,-3.723232,4.37408,0.081703,-0.02642,-0.053756,32.15,64.1394105183481
17952,-8.206185,-3.727419,4.373481,0.081245,-0.024435,-0.055131,32.17,64.1155495423506
17962,-8.196015,-3.711268,4.381856,0.08094,-0.021533,-0.055894,32.17,64.032587481382
17972,-8.194819,-3.719643,4.390232,0.081245,-0.017868,-0.056047,32.18,63.9954334728026
17982,-8.183454,-3.726223,4.381856,0.082009,-0.014203,-0.056658,32.18,64.0194099778027
17992,-8.185248,-3.722036,4.392026,0.082467,-0.009927,-0.057574,32.18,63.9668119532743
18002,-8.176275,-3.725027,4.392026,0.082772,-0.004123,-0.057727,32.18,63.94939243318
18012,-8.183454,-3.727419,4.390232,0.083078,0.001527,-0.058338,32.12,63.9775416273193
18022,-8.169096,-3.719045,4.393821,0.084147,0.00733,-0.058643,32.12,63.9174541024614
18032,-8.168499,-3.73041,4.399803,0.083994,0.013286,-0.057727,32.13,63.8971794429596
18042,-8.163713,-3.734,4.40399,0.084299,0.020006,-0.057116,32.13,63.8684228035154
18052,-8.156534,-3.733402,4.406384,0.085368,0.026573,-0.055894,32.18,63.838989554277
18062,-8.153543,-3.725027,4.397409,0.085063,0.040623,-0.055131,32.17,63.8695218708329
18072,-8.146963,-3.735196,4.397409,0.085368,0.048411,-0.054672,32.17,63.8650952118023
18082,-8.158329,-3.723232,4.402793,0.085368,0.055283,-0.054062,32.16,63.8509131029777
18092,-8.152946,-3.731009,4.400401,0.086132,0.062614,-0.05116,32.16,63.8590251852468
18102,-8.167302,-3.732804,4.400999,0.086132,0.069944,-0.049327,32.16,63.8907892311378
18112,-8.159525,-3.734598,4.406981,0.084758,0.076511,-0.048411,32.16,63.8440484026887
18122,-8.15773,-3.72383,4.395017,0.08491,0.083078,-0.047189,32.12,63.8902100718377
18132,-8.167302,-3.728018,4.398008,0.083994,0.089186,-0.045968,32.12,63.9011667402153
18142,-8.179864,-3.734598,4.39083,0.083994,0.094837,-0.045204,32.14,63.9737420440142
18152,-8.183454,-3.727419,4.39083,0.08262,0.10064,-0.044746,32.14,63.9744648724863
18162,-8.186445,-3.735196,4.390232,0.081092,0.105069,-0.043524,32.09,63.9924736193505
18172,-8.195418,-3.738786,4.381258,0.080176,0.108429,-0.042455,32.09,64.0628185063683
18182,-8.2014,-3.73041,4.37408,0.079107,0.112246,-0.041386,32.12,64.104678585216
18192,-8.212766,-3.728616,4.376472,0.077427,0.114843,-0.041386,32.12,64.1163555563645
18202,-8.203793,-3.726821,4.362116,0.076205,0.116217,-0.041386,32.18,64.1680098929425
18212,-8.218149,-3.729812,4.351348,0.074373,0.116981,-0.042455,32.18,64.2590879068193
18222,-8.238488,-3.725027,4.338188,0.072998,0.116981,-0.042913,32.15,64.3678863122015
18232,-8.246264,-3.735795,4.332804,0.069639,0.11301,-0.045051,32.17,64.4240572320482
18242,-8.252846,-3.736991,4.328018,0.06857,0.110261,-0.046273,32.17,64.4646794783019
18252,-8.253444,-3.732205,4.324429,0.067653,0.105832,-0.047342,32.14,64.4796507054528
18262,-8.257631,-3.73041,4.319643,0.066432,0.099876,-0.050091,32.14,64.5118674901712
18272,-8.259426,-3.723232,4.310072,0.064904,0.093768,-0.051465,32.17,64.5579712580011
18282,-8.291729,-3.726821,4.293322,0.065363,0.086896,-0.052382,32.17,64.7198975086515
18292,-8.28156,-3.728018,4.295117,0.065363,0.079107,-0.054978,32.12,64.6892501371418
18302,-8.280362,-3.729214,4.293921,0.064752,0.071624,-0.056658,32.12,64.6939505509535
18312,-8.279764,-3.734598,4.284947,0.064141,0.062614,-0.058948,32.14,64.7442999778405
18322,-8.277372,-3.731607,4.283751,0.064446,0.052993,-0.060781,32.14,64.7421697550241
18332,-8.28156,-3.722036,4.281358,0.065821,0.043371,-0.062919,32.14,64.7542556070252
18342,-8.280362,-3.728018,4.276572,0.066737,0.034208,-0.063683,32.14,64.7822801259046
18352,-8.275578,-3.731607,4.274179,0.067806,0.024435,-0.066584,32.15,64.7876177956536
18362,-8.263015,-3.725027,4.274179,0.06918,0.015424,-0.068111,32.15,64.7531374148154
18372,-8.273782,-3.724428,4.278367,0.070555,0.005651,-0.069791,32.19,64.7548178040799
18382,-8.272586,-3.724428,4.281956,0.072846,-0.002443,-0.07025,32.19,64.7336213180177
18392,-8.246863,-3.741179,4.288536,0.074678,-0.01069,-0.071013,32.16,64.6592216488515
18402,-8.246264,-3.731607,4.291527,0.077733,-0.024129,-0.072388,32.16,64.6327534750296
18412,-8.228318,-3.721437,4.296911,0.079718,-0.029169,-0.071624,32.15,64.5544618612947
18423,-8.221739,-3.726821,4.305286,0.081703,-0.033903,-0.071624,32.18,64.5018502054701
18432,-8.210373,-3.727419,4.321437,0.082314,-0.037415,-0.072235,32.18,64.3933928841084
18442,-8.200802,-3.73041,4.328018,0.083994,-0.039554,-0.069944,32.15,64.3408512358145
18452,-8.199606,-3.729812,4.337589,0.085521,-0.040775,-0.069486,32.15,64.2880953060099
18462,-8.199007,-3.733402,4.349553,0.086285,-0.041233,-0.068111,32.16,64.2286990996591
18472,-8.194819,-3.732205,4.358526,0.087659,-0.040164,-0.066126,32.16,64.1716938720568
18482,-8.175079,-3.736392,4.362714,0.088575,-0.037568,-0.064141,32.2,64.109549287142
18492,-8.17448,-3.71725,4.366901,0.089034,-0.034514,-0.062766,32.2,64.0666758952569
18502,-8.160124,-3.724428,4.387838,0.089644,-0.029627,-0.060628,32.16,63.9333250195828
18512,-8.154739,-3.733402,4.386044,0.089492,-0.02474,-0.058032,32.16,63.9396312262296
18522,-8.151749,-3.734,4.398606,0.08995,-0.018326,-0.055131,32.14,63.8686659861757
18532,-8.149954,-3.737589,4.397409,0.089492,-0.011454,-0.052534,32.14,63.874486979324
18542,-8.157133,-3.729214,4.409374,0.08995,-0.003665,-0.050091,32.18,63.8205778989105
18552,-8.147561,-3.736392,4.417749,0.088728,0.004123,-0.047953,32.18,63.7630290888126
18562,-8.14457,-3.722634,4.421339,0.08827,0.012523,-0.045051,32.11,63.7231321836281
18572,-8.155338,-3.739383,4.423133,0.087354,0.031765,-0.04047,32.11,63.7564249564533
18582,-8.152946,-3.745964,4.422534,0.085368,0.040775,-0.038332,32.12,63.7609492612777
18592,-8.15773,-3.738187,4.421339,0.084147,0.050091,-0.036041,32.16,63.7698859788424
18602,-8.159525,-3.734,4.432106,0.083536,0.060018,-0.034514,32.16,63.7143119718523
18612,-8.166704,-3.74716,4.422534,0.082161,0.06857,-0.033598,32.12,63.7938370031939
18622,-8.165507,-3.741179,4.414758,0.081703,0.076511,-0.032376,32.12,63.8247253641928
18632,-8.167302,-3.734598,4.417749,0.080176,0.085063,-0.03207,32.19,63.8065635931797
18642,-8.173284,-3.733402,4.412963,0.079412,0.091935,-0.03207,32.19,63.8436321324974
18652,-8.181061,-3.737589,4.405785,0.078343,0.098349,-0.03207,32.14,63.9027166162776
18662,-8.190632,-3.739383,4.398008,0.078343,0.103389,-0.032376,32.14,63.9664229209809
18672,-8.196015,-3.731009,4.386642,0.076358,0.10965,-0.032529,32.18,64.02841515531
18682,-8.196614,-3.732804,4.382454,0.076053,0.114385,-0.033598,32.18,64.0531814320644
18692,-8.210373,-3.744768,4.378268,0.076511,0.117439,-0.034208,32.17,64.1183765129242
18702,-8.22473,-3.737589,4.366303,0.076053,0.119119,-0.036499,32.17,64.2050010224865
18712,-8.228318,-3.737589,4.354938,0.075595,0.120493,-0.038179,32.18,64.2715610692876
18722,-8.221739,-3.739982,4.354938,0.075289,0.120951,-0.03879,32.18,64.2591613684538
18732,-8.231908,-3.739982,4.337589,0.0759,0.119271,-0.04215,32.11,64.3714179769186
18742,-8.245667,-3.733402,4.331009,0.076816,0.117744,-0.045815,32.11,64.4295281867547
18752,-8.251051,-3.731607,4.323831,0.076664,0.111788,-0.048411,32.13,64.4767622452856
18762,-8.249256,-3.717848,4.309474,0.077427,0.107512,-0.050396,32.18,64.5328538849527
18772,-8.256434,-3.726821,4.301697,0.078343,0.101862,-0.052993,32.18,64.5981094282243
18782,-8.261818,-3.725625,4.299902,0.078191,0.096364,-0.055131,32.12,64.6181899405651
18792,-8.248059,-3.718446,4.290331,0.078954,0.089797,-0.057269,32.12,64.6296668054955
18802,-8.267202,-3.716054,4.290331,0.079871,0.08262,-0.060323,32.13,64.6699961197214
18812,-8.275578,-3.723232,4.294518,0.080481,0.075747,-0.060934,32.13,64.674238262489
18822,-8.279166,-3.727419,4.289733,0.08094,0.067042,-0.063072,32.11,64.7110956118183
18832,-8.271988,-3.724428,4.289135,0.081245,0.059254,-0.064599,32.11,64.695223173201
18842,-8.273782,-3.721437,4.279563,0.08094,0.050855,-0.065668,32.14,64.7456489310446
18852,-8.276175,-3.719045,4.290929,0.081398,0.042302,-0.066126,32.14,64.68989385449
18862,-8.268997,-3.715455,4.290331,0.081398,0.034056,-0.067653,32.16,64.6733976529726
18872,-8.265409,-3.724428,4.282554,0.08094,0.025656,-0.069333,32.16,64.7145698297382
18882,-8.266603,-3.714259,4.286144,0.080787,0.017257,-0.069486,32.16,64.6884900274812
18892,-8.255239,-3.721437,4.286742,0.08094,0.009163,-0.071013,32.16,64.6672635473889
18902,-8.258228,-3.714857,4.293322,0.08094,0.001985,-0.07086,32.13,64.6333192982629
18912,-8.240283,-3.716054,4.299902,0.080481,-0.004276,-0.070097,32.13,64.5603710241469
18922,-8.250452,-3.713661,4.311268,0.079412,-0.016493,-0.06857,32.15,64.5220483825686
18932,-8.232506,-3.716652,4.316054,0.078802,-0.020769,-0.067653,32.17,64.460066719181
18942,-8.23131,-3.718446,4.318447,0.077733,-0.025045,-0.067042,32.17,64.4468421986379
18952,-8.222935,-3.722634,4.323233,0.077274,-0.028558,-0.06521,32.16,64.4075405052689
18962,-8.216354,-3.716652,4.328616,0.077885,-0.030543,-0.062614,32.16,64.3587953083199
18972,-8.210971,-3.716652,4.337589,0.077733,-0.031918,-0.061697,32.14,64.3003012243442
18982,-8.197212,-3.707081,4.337589,0.076969,-0.032834,-0.059865,32.14,64.2593007451795
18992,-8.196015,-3.719643,4.351348,0.076205,-0.032834,-0.058796,32.19,64.1984595268491
19002,-8.192427,-3.722036,4.366303,0.0759,-0.030849,-0.05681,32.19,64.1156501317881
19012,-8.190034,-3.71725,4.366303,0.076205,-0.028405,-0.054978,32.14,64.1052483643844
19022,-8.180463,-3.72383,4.366303,0.076205,-0.026114,-0.053603,32.14,64.0902481338507
19032,-8.170892,-3.725625,4.375875,0.076205,-0.021533,-0.051924,32.12,64.0209029399941
19042,-8.179864,-3.724428,4.38724,0.076053,-0.016646,-0.051007,32.12,63.9816173355927
19052,-8.175676,-3.723232,4.386044,0.076511,-0.011454,-0.051007,32.17,63.9769489119662
19062,-8.168499,-3.724428,4.402793,0.076511,-0.004887,-0.048869,32.17,63.8755328474369
19072,-8.164311,-3.734,4.409374,0.077885,0.00168,-0.048106,32.12,63.8421056501816
19082,-8.166704,-3.733402,4.424329,0.077427,0.00901,-0.048564,32.12,63.7701392081436
19092,-8.163713,-3.731009,4.415356,0.078649,0.025656,-0.047342,32.18,63.8068375543295
19102,-8.158329,-3.726821,4.407579,0.07926,0.03375,-0.047189,32.17,63.8300488905856
19112,-8.163115,-3.722036,4.41416,0.080176,0.041997,-0.047495,32.17,63.8021863816111
19122,-8.169695,-3.735196,4.418945,0.080787,0.051007,-0.047953,32.12,63.8065475960032
19132,-8.173882,-3.738187,4.417749,0.081551,0.058948,-0.048869,32.12,63.8254436690187
19142,-8.159525,-3.738187,4.41057,0.081703,0.066584,-0.049633,32.13,63.8293650837683
19152,-8.169695,-3.748357,4.401597,0.082314,0.074373,-0.050855,32.13,63.9095108099128
19162,-8.170892,-3.731607,4.406384,0.082772,0.08262,-0.050702,32.16,63.8700740261644
19172,-8.178668,-3.733402,4.409972,0.08262,0.089492,-0.051771,32.16,63.871345928448
19182,-8.185846,-3.741179,4.395017,0.082772,0.095906,-0.052229,32.14,63.9727403909345
19192,-8.190632,-3.742374,4.396214,0.082467,0.101709,-0.05284,32.14,63.9787578408782
19202,-8.186445,-3.741179,4.381258,0.082314,0.106596,-0.053145,32.17,64.0448729312646
19212,-8.190632,-3.739982,4.378866,0.082467,0.109803,-0.053603,32.17,64.0654732237643
19222,-8.203195,-3.753142,4.368696,0.081703,0.112705,-0.053909,32.19,64.1599956620104
19232,-8.198408,-3.742973,4.369295,0.080787,0.115454,-0.054062,32.19,64.1355163219273
19242,-8.20798,-3.742973,4.355535,0.080787,0.11637,-0.05452,32.16,64.2280618328755
19252,-8.219346,-3.739982,4.337589,0.079871,0.116828,-0.054214,32.16,64.3431289156489
19262,-8.22473,-3.741179,4.332804,0.078954,0.116675,-0.053756,32.16,64.3811501181806
19272,-8.233105,-3.742973,4.322634,0.078038,0.111788,-0.05284,32.17,64.4542431977615
19282,-8.225328,-3.738187,4.319643,0.077427,0.107512,-0.052229,32.17,64.4473288733913
19292,-8.236693,-3.742374,4.312464,0.076969,0.102778,-0.051771,32.2,64.5141415955275
19302,-8.248658,-3.732804,4.3005,0.076205,0.097586,-0.051313,32.2,64.5929573135184
19312,-8.234302,-3.733402,4.294518,0.075747,0.090866,-0.050396,32.09,64.5923772434045
19322,-8.246264,-3.736991,4.290929,0.074831,0.083994,-0.050244,32.09,64.6412851113754
19332,-8.255239,-3.724428,4.290331,0.073609,0.077122,-0.049022,32.13,64.6517251283015
19342,-8.247462,-3.732804,4.293322,0.073609,0.069333,-0.048258,32.13,64.627361482678
19352,-8.260024,-3.728018,4.284349,0.073609,0.060628,-0.047647,32.19,64.696911444086
19362,-8.254042,-3.729214,4.283153,0.073762,0.053603,-0.046731,32.19,64.690972313565
19372,-8.252247,-3.723232,4.286742,0.073609,0.04444,-0.046426,32.14,64.662394406078
19382,-8.265409,-3.726223,4.284349,0.072998,0.035583,-0.04612,32.14,64.7070964287712
19392,-8.256434,-3.728616,4.282554,0.072998,0.027336,-0.045204,32.17,64.698795361086
19402,-8.257033,-3.725027,4.289733,0.073151,0.020311,-0.045968,32.17,64.659419501
19412,-8.257033,-3.722036,4.286144,0.074067,0.01237,-0.045204,32.18,64.6749578534893
19422,-8.261818,-3.728616,4.296313,0.074831,0.005803,-0.045051,32.18,64.6397226785519
19432,-8.246264,-3.720241,4.301099,0.074831,-0.001069,-0.045662,32.12,64.5718138597782
19442,-8.246264,-3.711268,4.31067,0.075595,-0.013134,-0.046731,32.12,64.513323776034
19452,-8.251051,-3.716652,4.316652,0.077427,-0.017562,-0.047342,32.16,64.4986347203692
19462,-8.237292,-3.720839,4.319643,0.078496,-0.020922,-0.047342,32.14,64.4565505845205
19472,-8.22772,-3.711866,4.332206,0.078649,-0.024435,-0.048258,32.14,64.3610456007365
19482,-8.22473,-3.725027,4.336991,0.078954,-0.027336,-0.050396,32.17,64.3430436774344
19492,-8.22772,-3.721437,4.35075,0.079565,-0.028558,-0.052382,32.17,64.2752288732452
19502,-8.216953,-3.721437,4.35075,0.080329,-0.029016,-0.053756,32.15,64.2508705766883
19512,-8.218149,-3.719643,4.355535,0.08094,-0.028863,-0.054672,32.15,64.2270879232275
19522,-8.214561,-3.717848,4.368696,0.08094,-0.027642,-0.055741,32.15,64.1493450868014
19532,-8.206185,-3.71725,4.362116,0.081398,-0.025504,-0.056658,32.15,64.1635812503278
19542,-8.193025,-3.725625,4.383053,0.081856,-0.022755,-0.05849,32.18,64.0344721212656
19552,-8.190632,-3.716652,4.390232,0.081092,-0.018937,-0.060323,32.18,63.9827614350391
19562,-8.202596,-3.719643,4.386044,0.081703,-0.015119,-0.061239,32.12,64.0347209762483
19572,-8.183454,-3.702295,4.39083,0.081856,-0.010843,-0.06185,32.12,63.9483513003993
19582,-8.179864,-3.719045,4.395615,0.081092,-0.005192,-0.063225,32.17,63.9329076065687
19592,-8.166704,-3.710072,4.401597,0.080787,0.001222,-0.064141,32.17,63.8625498959045
19602,-8.175079,-3.722036,4.405785,0.080481,0.007483,-0.064141,32.19,63.8727469145849
19612,-8.169695,-3.725027,4.404588,0.079871,0.021075,-0.06353,32.19,63.8696718944761
19622,-8.156534,-3.726821,4.402793,0.078649,0.027031,-0.062461,32.15,63.850554172521
19632,-8.163713,-3.729214,4.402196,0.077733,0.035277,-0.062003,32.1,63.8726315212993
19642,-8.166704,-3.721437,4.409972,0.077733,0.042913,-0.060018,32.1,63.8313501651831
19652,-8.151749,-3.731607,4.408776,0.077733,0.049327,-0.059101,32.15,63.8137866858178
19662,-8.143971,-3.722634,4.402793,0.077427,0.05681,-0.058185,32.15,63.817234699012
19672,-8.158329,-3.729812,4.406384,0.077122,0.064599,-0.055436,32.18,63.8393406717051
19682,-8.152946,-3.734,4.397409,0.076358,0.071471,-0.053451,32.18,63.8775806538976
19692,-8.156534,-3.729812,4.391428,0.076205,0.077733,-0.051313,32.17,63.9122305919416
19702,-8.158927,-3.731607,4.395017,0.075595,0.083689,-0.050091,32.17,63.9011155796671
19712,-8.170293,-3.729214,4.394419,0.075747,0.08995,-0.047647,32.18,63.9277473410759
19722,-8.178668,-3.736392,4.381258,0.074831,0.095142,-0.045509,32.18,64.0221513700695
19732,-8.180463,-3.731607,4.377669,0.073915,0.099418,-0.043677,32.17,64.0397474376497
19742,-8.173882,-3.736991,4.378268,0.074678,0.103542,-0.041539,32.17,64.0272535730795
19752,-8.176275,-3.73041,4.364508,0.074373,0.107054,-0.039859,32.15,64.0967955620346
19762,-8.195418,-3.735795,4.366901,0.074373,0.10965,-0.038179,32.15,64.1336148571871
19772,-8.197212,-3.741179,4.356134,0.074067,0.111483,-0.037415,32.15,64.1987355167439
19782,-8.221739,-3.734,4.349553,0.073762,0.112399,-0.036346,32.15,64.2807446532607
19792,-8.225926,-3.741179,4.336991,0.073151,0.112094,-0.035277,32.16,64.3622603636465
19802,-8.246264,-3.74716,4.32742,0.072846,0.109498,-0.035736,32.17,64.463346876752
19812,-8.255239,-3.741776,4.334,0.071471,0.106596,-0.037721,32.17,64.4441093787685
19822,-8.248658,-3.742374,4.323831,0.071319,0.102778,-0.038637,32.14,64.4823280924155
19832,-8.248658,-3.741179,4.316652,0.07086,0.098807,-0.040012,32.14,64.5181101531628
19842,-8.266603,-3.738187,4.316652,0.069333,0.092699,-0.041997,32.15,64.555187917172
19852,-8.269596,-3.744768,4.307081,0.06918,0.086896,-0.043677,32.15,64.6177978619399
19862,-8.269596,-3.748357,4.301697,0.069333,0.080329,-0.04612,32.16,64.6491584757332
19872,-8.276175,-3.741776,4.298108,0.069333,0.072235,-0.048717,32.16,64.6756586390109
19882,-8.287541,-3.729214,4.292126,0.068875,0.064599,-0.051313,32.15,64.719153534129
19892,-8.279166,-3.739982,4.28734,0.068264,0.056047,-0.05452,32.15,64.7360199486515
19902,-8.289336,-3.739383,4.282554,0.068264,0.047495,-0.056963,32.14,64.7826416856773
19912,-8.286943,-3.736991,4.28734,0.068875,0.038485,-0.060323,32.14,64.7502721852466
19922,-8.283952,-3.729812,4.278367,0.068875,0.027794,-0.062614,32.13,64.7827627068772
19932,-8.273782,-3.744169,4.285545,0.069333,0.019853,-0.066432,32.13,64.7375361583718
19942,-8.274979,-3.736392,4.289733,0.06918,0.010996,-0.068417,32.17,64.7107816018247
19952,-8.268997,-3.729214,4.290331,0.07086,0.002138,-0.069791,32.17,64.6871928649004
19962,-8.252247,-3.735795,4.288536,0.071929,-0.013744,-0.073609,32.16,64.6657829918121
19972,-8.25464,-3.729812,4.299304,0.072693,-0.020159,-0.073457,32.15,64.6094716276567
19982,-8.23789,-3.728018,4.305884,0.074526,-0.026878,-0.074984,32.15,64.536211634761
19992,-8.231908,-3.73041,4.305286,0.074831,-0.03207,-0.075136,32.15,64.5283207309287
20002,-8.216953,-3.739383,4.314259,0.075442,-0.036041,-0.073762,32.15,64.4575363584693
20012,-8.210373,-3.743571,4.322634,0.077274,-0.038179,-0.072082,32.16,64.403766099853
20022,-8.19781,-3.722634,4.329215,0.078343,-0.040317,-0.071013,32.16,64.3199083879908
20032,-8.196614,-3.714857,4.338786,0.079107,-0.041844,-0.06918,32.17,64.2597481194304
20042,-8.185248,-3.721437,4.345964,0.08094,-0.040928,-0.067348,32.17,64.2036423410144
20052,-8.188239,-3.720839,4.350152,0.082161,-0.039095,-0.064141,32.18,64.1881961125462
20062,-8.17149,-3.732205,4.356732,0.082467,-0.036194,-0.060934,32.18,64.1278923783896
20072,-8.165507,-3.728018,4.368098,0.083994,-0.032223,-0.058185,32.13,64.0512089866307
20082,-8.160722,-3.73041,4.383053,0.084147,-0.027031,-0.054825,32.13,63.9656237673935
20092,-8.155936,-3.726223,4.398606,0.084147,-0.021228,-0.052534,32.17,63.8701118307537
20102,-8.151151,-3.724428,4.399205,0.084758,-0.014966,-0.048258,32.17,63.8541393145249
20112,-8.152946,-3.726821,4.400401,0.083841,-0.008094,-0.045204,32.14,63.8546218859937
20122,-8.154141,-3.729812,4.408178,0.084299,0.000305,-0.041692,32.14,63.8204779587562
20132,-8.145766,-3.731607,4.417151,0.084758,0.018326,-0.036041,32.2,63.7569126847099
20142,-8.143373,-3.725625,4.420142,0.084147,0.027489,-0.03375,32.17,63.7296844294256
20152,-8.148159,-3.727419,4.427918,0.082772,0.036499,-0.031765,32.17,63.7026479306228
20162,-8.160722,-3.716652,4.426722,0.082467,0.046273,-0.030543,32.13,63.726452349493
20172,-8.154739,-3.717848,4.417151,0.081245,0.055131,-0.028405,32.13,63.7631049041046
20182,-8.170892,-3.731009,4.417151,0.080787,0.063835,-0.026573,32.2,63.8141163012756
20192,-8.160722,-3.725027,4.430311,0.080176,0.072693,-0.026267,32.2,63.7168301365089
20202,-8.165507,-3.726821,4.418347,0.07926,0.081092,-0.02642,32.15,63.7911938141083
20212,-8.183454,-3.728018,4.416552,0.078191,0.087354,-0.026573,32.15,63.8429020635749
20222,-8.188837,-3.731009,4.403392,0.076816,0.09499,-0.027489,32.14,63.9259338949605
20232,-8.183454,-3.728018,4.402793,0.0759,0.100793,-0.028558,32.14,63.9135730717063
20242,-8.194221,-3.722036,4.39083,0.075136,0.105832,-0.029474,32.14,63.9934743277376
20252,-8.200203,-3.731607,4.387838,0.074067,0.110261,-0.031612,32.14,64.032431912853
20262,-8.21157,-3.734598,4.382454,0.07254,0.113468,-0.03375,32.12,64.0890652965708
20272,-8.204391,-3.733402,4.364508,0.072082,0.115301,-0.036805,32.12,64.1638397569352
20282,-8.228318,-3.73041,4.375276,0.072082,0.116981,-0.037568,32.12,64.1596333462276
20292,-8.224131,-3.726821,4.366303,0.071319,0.117286,-0.04047,32.12,64.1925833918458
20302,-8.248658,-3.734,4.347759,0.070555,0.116828,-0.045357,32.14,64.3506545318431
20312,-8.245667,-3.723232,4.335197,0.069944,0.112552,-0.047342,32.13,64.3976241471001
20322,-8.244471,-3.732804,4.329215,0.070097,0.109039,-0.050855,32.13,64.4354766921149
20332,-8.260024,-3.729812,4.329215,0.07025,0.106291,-0.052687,32.14,64.4673277699221
20342,-8.252247,-3.734598,4.311268,0.069791,0.100793,-0.055741,32.14,64.5472291552579
20352,-8.256434,-3.71725,4.311867,0.070097,0.095295,-0.057879,32.12,64.5359850613111
20362,-8.252247,-3.727419,4.313063,0.070402,0.089797,-0.059101,32.12,64.5307093308324
20372,-8.257033,-3.732804,4.298108,0.070097,0.082772,-0.06017,32.12,64.6240043878422
20382,-8.257631,-3.714857,4.28734,0.07086,0.075747,-0.061392,32.12,64.662897999201
20392,-8.258827,-3.72383,4.278965,0.071624,0.067806,-0.064141,32.15,64.7178703846436
20402,-8.264212,-3.713063,4.293322,0.071013,0.059712,-0.064446,32.15,64.644880670337
20412,-8.253444,-3.722036,4.283751,0.071319,0.05116,-0.065363,32.16,64.6793252799529
20424,-8.246264,-3.721437,4.273581,0.071624,0.043371,-0.065363,32.16,64.7153352139442
20432,-8.264212,-3.735196,4.274179,0.071929,0.03543,-0.066279,32.12,64.7659943946505
20442,-8.266603,-3.720839,4.282554,0.071624,0.027031,-0.067042,32.12,64.7136299010729
20452,-8.251051,-3.723232,4.278367,0.071929,0.018784,-0.066126,32.14,64.7030403668591
20462,-8.258827,-3.720241,4.278965,0.071471,0.010843,-0.064446,32.14,64.7142684546431
20472,-8.23789,-3.727419,4.289733,0.071013,0.003207,-0.06353,32.16,64.6190867463458
20482,-8.24148,-3.723232,4.297509,0.070402,-0.011148,-0.06185,32.14,64.5826774314283
20492,-8.233105,-3.727419,4.301099,0.07025,-0.017562,-0.060018,32.14,64.5496056462647
20502,-8.225926,-3.739982,4.307679,0.069639,-0.023824,-0.059407,32.17,64.512285953356
20512,-8.233703,-3.721437,4.306482,0.068111,-0.028253,-0.057727,32.17,64.5170581316595
20522,-8.234302,-3.720241,4.320241,0.067806,-0.032223,-0.056963,32.11,64.4461350611582
20532,-8.210373,-3.725027,4.33041,0.068417,-0.035736,-0.055589,32.11,64.3445923591026
20542,-8.219346,-3.726223,4.335197,0.067195,-0.038026,-0.054062,32.14,64.3413696994626
20552,-8.20798,-3.719045,4.341179,0.067042,-0.039248,-0.053603,32.14,64.2774553738632
20562,-8.200203,-3.719643,4.351348,0.066432,-0.039401,-0.051465,32.17,64.2079698610546
20572,-8.195418,-3.725625,4.356732,0.066584,-0.039248,-0.050549,32.17,64.175503740714
20582,-8.191828,-3.732804,4.361517,0.067042,-0.038332,-0.049327,32.18,64.1501008495495
20592,-8.200802,-3.738187,4.371089,0.066279,-0.035583,-0.04948,32.18,64.1267607829083
20602,-8.182856,-3.726821,4.383053,0.065363,-0.032681,-0.048717,32.16,64.0125028866448
20612,-8.168499,-3.736392,4.38066,0.065363,-0.027794,-0.048106,32.16,64.002008054594
20622,-8.17149,-3.724428,4.39083,0.065973,-0.022297,-0.046273,32.14,63.9439655383143
20632,-8.184649,-3.738187,4.393821,0.065973,-0.016646,-0.046578,32.14,63.9730343842743
20642,-8.180463,-3.736991,4.412963,0.066584,-0.009316,-0.047037,32.16,63.8638551892813
20652,-8.172686,-3.729214,4.419543,0.067348,0.005498,-0.04612,32.16,63.8040711841957
20662,-8.155936,-3.739982,4.415954,0.067653,0.01237,-0.046884,32.15,63.7953260348873
20672,-8.160124,-3.731009,4.42074,0.06857,0.021686,-0.045509,32.16,63.7709113456844
20682,-8.161918,-3.731009,4.412365,0.068722,0.030238,-0.045815,32.16,63.8180858060641
20692,-8.16132,-3.735795,4.420142,0.069333,0.038637,-0.046578,32.16,63.7817752671706
20702,-8.152347,-3.74058,4.418347,0.07025,0.046426,-0.046426,32.16,63.7753990605594
20712,-8.1679,-3.739383,4.416552,0.071319,0.055131,-0.045509,32.18,63.8191150303481
20722,-8.160722,-3.729812,4.408178,0.071777,0.063683,-0.045357,32.18,63.8356114855795
20732,-8.166105,-3.738786,4.402793,0.071929,0.071013,-0.045204,32.16,63.8850904823172
20742,-8.178668,-3.742374,4.404588,0.072082,0.078954,-0.044899,32.16,63.9083969099556
20752,-8.17807,-3.74058,4.406981,0.072235,0.085216,-0.044899,32.14,63.8928551142897
20762,-8.17149,-3.732205,4.397409,0.073609,0.091477,-0.045509,32.14,63.9182313312234
20772,-8.166704,-3.739383,4.391428,0.072846,0.097128,-0.044746,32.15,63.9455712233943
20782,-8.17448,-3.736392,4.384848,0.072846,0.102167,-0.043066,32.15,63.9941020177198
20792,-8.193623,-3.74716,4.371687,0.07254,0.106596,-0.041692,32.16,64.1166824043018
20802,-8.195418,-3.74058,4.372285,0.072998,0.109498,-0.040623,32.16,64.1108522377803
20812,-8.199606,-3.735196,4.36391,0.071929,0.112094,-0.04047,32.18,64.1579126097479
20822,-8.212766,-3.732804,4.349553,0.071624,0.113621,-0.038943,32.18,64.2592345764648
20832,-8.218747,-3.73041,4.338188,0.069486,0.112399,-0.038026,32.15,64.3288779933709
20842,-8.20798,-3.733402,4.335794,0.069333,0.111483,-0.037415,32.15,64.3199868477286
20852,-8.22473,-3.742374,4.324429,0.068417,0.108123,-0.036194,32.15,64.4255657038327
20862,-8.234302,-3.741776,4.322634,0.067501,0.105069,-0.035888,32.17,64.4557082962263
20872,-8.23789,-3.736991,4.310072,0.066279,0.100487,-0.034514,32.17,64.5236948084897
20882,-8.242676,-3.732205,4.314259,0.065668,0.096517,-0.034208,32.15,64.5079500928901
20892,-8.260024,-3.726821,4.30409,0.064752,0.088881,-0.034056,32.15,64.5937804105105
20902,-8.25464,-3.73041,4.293322,0.063835,0.082161,-0.033903,32.12,64.6409635609086
20912,-8.260622,-3.735196,4.290929,0.062919,0.075289,-0.034361,32.12,64.6714754652306
20922,-8.257033,-3.729214,4.290929,0.06185,0.067806,-0.035277,32.16,64.6574554044938
20932,-8.26481,-3.73041,4.283153,0.061087,0.059559,-0.036499,32.16,64.7161443028205
20942,-8.262416,-3.725625,4.28076,0.060323,0.051618,-0.036346,32.13,64.7183810679354
20952,-8.264212,-3.716652,4.285545,0.06017,0.043219,-0.03711,32.13,64.6886534394939
20962,-8.279166,-3.735196,4.283751,0.06017,0.034056,-0.038943,32.16,64.7497431063761
20972,-8.26481,-3.722036,4.284947,0.060323,0.025504,-0.040623,32.16,64.6984735980936
20982,-8.27139,-3.721437,4.284947,0.060323,0.016493,-0.040775,32.15,64.7125203241683
20992,-8.27139,-3.728616,4.292724,0.058948,0.008705,-0.044288,32.15,64.6795687595836
21002,-8.270791,-3.726223,4.291527,0.060628,-0.006567,-0.046578,32.14,64.682012115853
21012,-8.258228,-3.722634,4.305286,0.061087,-0.012828,-0.047953,32.16,64.5793772574084
21022,-8.259426,-3.719045,4.310072,0.061087,-0.018326,-0.049938,32.16,64.5537510975565
21032,-8.255239,-3.720241,4.311268,0.062614,-0.024282,-0.051771,32.16,64.5394157944938
21042,-8.257033,-3.719045,4.311268,0.062766,-0.029627,-0.052687,32.16,64.5422261403932
21052,-8.240881,-3.71725,4.322634,0.063683,-0.032529,-0.053756,32.22,64.445544939786
21062,-8.239087,-3.710072,4.33041,0.064141,-0.035583,-0.055894,32.22,64.3941208977787
21072,-8.231908,-3.71725,4.335794,0.064752,-0.038332,-0.058032,32.16,64.3574735376332
21082,-8.215756,-3.714857,4.348357,0.065515,-0.038943,-0.059559,32.16,64.2537501205166
21092,-8.210373,-3.719643,4.341179,0.066737,-0.038485,-0.059559,32.15,64.283486630001
21102,-8.216354,-3.725027,4.361517,0.068111,-0.038332,-0.060628,32.15,64.1977439069817
21112,-8.207382,-3.728018,4.362714,0.069028,-0.036194,-0.061239,32.14,64.1743106684982
21122,-8.203195,-3.719643,4.371687,0.069333,-0.033292,-0.061545,32.14,64.1099555825141
21132,-8.188239,-3.705884,4.377071,0.070402,-0.030085,-0.062003,32.14,64.0338937958
21142,-8.181659,-3.714857,4.372883,0.070708,-0.026114,-0.06185,32.14,64.0497375534166
21152,-8.177471,-3.713063,4.383651,0.07086,-0.021686,-0.062156,32.16,63.9827995151132
21162,-8.16132,-3.727419,4.407579,0.070402,-0.015882,-0.060323,32.16,63.8375543169439
21172,-8.158329,-3.716652,4.404588,0.069944,-0.002749,-0.058796,32.18,63.8347695859932
21182,-8.158927,-3.731607,4.41057,0.069791,0.003818,-0.05681,32.14,63.8210680715749
21192,-8.16132,-3.725027,4.408776,0.069639,0.011301,-0.056658,32.14,63.8288854349105
21202,-8.143971,-3.731607,4.414758,0.07025,0.0197,-0.054062,32.14,63.7650866096245
21212,-8.142776,-3.723232,4.408178,0.069028,0.027184,-0.052382,32.14,63.7873679142923
21222,-8.151151,-3.721437,4.41057,0.067806,0.035736,-0.050244,32.11,63.7924691964728
21232,-8.145168,-3.734,4.418347,0.066432,0.043982,-0.048717,32.11,63.7519100786282
21242,-8.152946,-3.731009,4.41057,0.065668,0.052076,-0.046884,32.16,63.8066799504114
21252,-8.150552,-3.732205,4.411169,0.065363,0.059407,-0.04444,32.16,63.799347585048
21262,-8.15773,-3.726223,4.401597,0.064446,0.067195,-0.042455,32.13,63.8588328358659
21272,-8.155936,-3.729812,4.402196,0.063835,0.074984,-0.04047,32.13,63.8553957830288
21282,-8.166105,-3.729812,4.405187,0.063683,0.081245,-0.037874,32.13,63.8633622065421
21292,-8.16132,-3.732205,4.398606,0.062614,0.087812,-0.036346,32.13,63.888753879181
21302,-8.179864,-3.733402,4.386642,0.061545,0.092546,-0.034819,32.12,63.9940463441214
21312,-8.182856,-3.734598,4.380062,0.06185,0.097433,-0.033445,32.12,64.0359961283088
21322,-8.185248,-3.742973,4.375276,0.060781,0.101709,-0.032223,32.19,64.0748080858125
21332,-8.193025,-3.729214,4.347161,0.060628,0.105985,-0.030238,32.19,64.2231539957118
21342,-8.170892,-3.728018,4.335794,0.061087,0.109498,-0.029016,32.18,64.230403710177
21352,-8.188837,-3.729812,4.338188,0.061239,0.109956,-0.027336,32.19,64.2606101024222
21362,-8.242078,-3.75733,4.356732,0.061392,0.110261,-0.027184,32.19,64.313573041626
21372,-8.274979,-3.753741,4.344768,0.061697,0.107818,-0.0281,32.2,64.4450916468269
21382,-8.239087,-3.735196,4.32742,0.062156,0.10568,-0.029016,32.2,64.4350708250021
21392,-8.235497,-3.732205,4.316652,0.061697,0.102473,-0.029474,32.16,64.4795033373212
21402,-8.258228,-3.732804,4.320839,0.062614,0.097738,-0.031001,32.16,64.5094634474492
21412,-8.257033,-3.741776,4.305286,0.062919,0.093004,-0.032834,32.14,64.5960295777228
21422,-8.252247,-3.735196,4.295715,0.063072,0.087506,-0.034361,32.14,64.6280955221228
21432,-8.255239,-3.731009,4.296911,0.06353,0.080481,-0.036346,32.12,64.6243705200342
21442,-8.272586,-3.739982,4.292724,0.063225,0.073151,-0.03879,32.12,64.693639842441
21452,-8.27139,-3.739982,4.290331,0.063835,0.065821,-0.040775,32.16,64.7033267290234
21462,-8.257631,-3.742973,4.284349,0.063835,0.056963,-0.042608,32.16,64.7066377284546
21472,-8.282157,-3.735196,4.284947,0.063683,0.049633,-0.045815,32.16,64.7502068664726
21482,-8.306085,-3.755535,4.301099,0.063377,0.04047,-0.0478,32.16,64.7403398238977
21492,-8.274381,-3.73041,4.281358,0.063835,0.031765,-0.050855,32.18,64.746684903817
21502,-8.274381,-3.728616,4.292126,0.063988,0.023213,-0.053451,32.18,64.6893093904443
21512,-8.283952,-3.736991,4.293921,0.062919,0.015272,-0.057574,32.15,64.7097124162405
21522,-8.264212,-3.73041,4.291527,0.062919,-0.001374,-0.059712,32.13,64.6715675856892
21532,-8.257631,-3.723232,4.296911,0.063377,-0.008247,-0.059865,32.13,64.6218733472876
21542,-8.260024,-3.739383,4.307081,0.062003,-0.015272,-0.063225,32.16,64.5910285470413
21552,-8.243872,-3.729214,4.3005,0.062156,-0.020769,-0.063377,32.16,64.5786263022683
21562,-8.240283,-3.732205,4.31067,0.062156,-0.025809,-0.06353,32.14,64.5211089561529
21572,-8.236095,-3.735196,4.325027,0.061697,-0.031154,-0.064599,32.14,64.4406881259429
21582,-8.225328,-3.732804,4.326224,0.060934,-0.034208,-0.064752,32.18,64.4078699160389
21592,-8.216354,-3.728616,4.334598,0.061392,-0.037874,-0.064904,32.18,64.3401567354785
21602,-8.20798,-3.721437,4.344768,0.061697,-0.03879,-0.063072,32.12,64.2613929777709
21612,-8.201998,-3.728616,4.351348,0.061087,-0.039554,-0.062156,32.12,64.2212860772894
21622,-8.206185,-3.726821,4.35733,0.060781,-0.038943,-0.060628,32.17,64.1980961291786
21632,-8.18764,-3.721437,4.354339,0.060476,-0.038026,-0.05849,32.17,64.1658395108798
21642,-8.181659,-3.725027,4.368098,0.060323,-0.036041,-0.055741,32.13,64.0849613748417
21652,-8.15773,-3.719045,4.375875,0.060628,-0.032681,-0.053298,32.13,63.9839071938703
21662,-8.161918,-3.715455,4.372883,0.059865,-0.028711,-0.050702,32.15,64.0051993486244
21672,-8.158927,-3.717848,4.384848,0.060781,-0.023213,-0.046884,32.15,63.939109059389
21682,-8.154141,-3.720839,4.389035,0.061392,-0.018937,-0.044899,32.2,63.9096615988973
21692,-8.142776,-3.722634,4.396214,0.061545,-0.00504,-0.038179,32.2,63.8483938021465
21702,-8.143373,-3.71725,4.402793,0.062156,0.002443,-0.034972,32.14,63.8101871363978
21712,-8.146963,-3.727419,4.405785,0.061545,0.008858,-0.032376,32.11,63.8137550470704
21722,-8.141579,-3.725027,4.407579,0.062156,0.016646,-0.02978,32.11,63.7895862359095
21732,-8.146365,-3.71725,4.415356,0.062919,0.025198,-0.026573,32.16,63.7523856521376
21742,-8.158927,-3.725027,4.415356,0.062919,0.033139,-0.023976,32.16,63.789536741693
21752,-8.158927,-3.722036,4.413561,0.063072,0.041081,-0.022297,32.12,63.7956243591234
21762,-8.142776,-3.716054,4.417151,0.062919,0.048258,-0.020464,32.12,63.7335946079591
21772,-8.163115,-3.733402,4.408776,0.062614,0.057116,-0.019853,32.16,63.8418055714606
21782,-8.162517,-3.732804,4.412365,0.063072,0.063988,-0.019548,32.16,63.8213493749538
21792,-8.173284,-3.726223,4.408776,0.062614,0.070402,-0.01909,32.15,63.8576287659953
21802,-8.181659,-3.722036,4.399803,0.062461,0.076816,-0.019395,32.15,63.918595135793
21812,-8.187043,-3.733402,4.399205,0.062308,0.082314,-0.019242,32.14,63.9458389446273
21822,-8.203195,-3.729214,4.396214,0.06185,0.087965,-0.020159,32.14,63.9937348137998
21832,-8.200203,-3.728616,4.389633,0.061087,0.091783,-0.022297,32.14,64.0201042148251
21842,-8.202596,-3.719643,4.38425,0.06017,0.095142,-0.023518,32.14,64.0439466168594
21852,-8.219944,-3.73041,4.367499,0.058948,0.097891,-0.025045,32.12,64.1806334041686
21862,-8.233105,-3.738187,4.369295,0.058338,0.100793,-0.030085,32.12,64.2091766918115
21872,-8.240283,-3.736392,4.362116,0.056352,0.100945,-0.032834,32.13,64.2604301894095
21882,-8.246863,-3.732804,4.353741,0.054978,0.099571,-0.035888,32.13,64.3146403597514
21892,-8.242078,-3.728018,4.347759,0.05452,0.097891,-0.037874,32.13,64.3297468762299
21902,-8.247462,-3.726223,4.346562,0.053451,0.096059,-0.041081,32.17,64.3462042479724
21912,-8.258228,-3.724428,4.331009,0.051618,0.093004,-0.043066,32.17,64.448618019569
21922,-8.266006,-3.726821,4.326224,0.050855,0.088117,-0.046426,32.16,64.4930993795026
21932,-8.262416,-3.734,4.322634,0.049938,0.08323,-0.048258,32.16,64.5107988600515
21942,-8.249854,-3.735795,4.31725,0.048564,0.077427,-0.049938,32.13,64.5122433566819
21952,-8.261221,-3.728616,4.305884,0.047647,0.07086,-0.051771,32.13,64.5890090223311
21962,-8.252846,-3.732205,4.30409,0.047037,0.06521,-0.053603,32.15,64.583178146605
21972,-8.259426,-3.739982,4.298706,0.046273,0.058032,-0.054214,32.15,64.6334950977334
21982,-8.262416,-3.727419,4.298108,0.045662,0.050855,-0.055283,32.17,64.6305876364047
21992,-8.251051,-3.732205,4.295117,0.045051,0.042913,-0.055131,32.17,64.6254949501187
22002,-8.259426,-3.735795,4.282554,0.04444,0.036499,-0.054978,32.14,64.712675856974
22012,-8.244471,-3.734,4.292126,0.04444,0.027947,-0.054214,32.14,64.6280733282923
22022,-8.242676,-3.732804,4.295715,0.044746,0.021228,-0.053145,32.17,64.6043066084628
22032,-8.236095,-3.746562,4.289733,0.044746,0.013592,-0.050244,32.17,64.6344749520379
22042,-8.236693,-3.734,4.289733,0.045051,-0.000611,-0.049327,32.14,64.623073101861
22052,-8.219944,-3.725625,4.287939,0.044746,-0.007636,-0.047647,32.16,64.5863803071043
22062,-8.246264,-3.723232,4.301697,0.045204,-0.013592,-0.046273,32.16,64.5717466087639
22072,-8.224131,-3.734598,4.299902,0.044135,-0.019853,-0.045357,32.14,64.542976585158
22082,-8.219944,-3.720241,4.298706,0.045204,-0.023976,-0.041692,32.14,64.5251629663229
22092,-8.189436,-3.716652,4.304688,0.045968,-0.028405,-0.040623,32.18,64.4217862168825
22102,-8.170293,-3.707679,4.290929,0.046884,-0.03146,-0.038332,32.18,64.4407024717199
22112,-8.212766,-3.720241,4.323233,0.045815,-0.034208,-0.037568,32.15,64.3821678689321
22122,-8.301898,-3.756134,4.373481,0.044899,-0.036957,-0.036957,32.15,64.3606231313576
22132,-8.244471,-3.748955,4.354938,0.045051,-0.039248,-0.036499,32.16,64.3195965842353
22142,-8.188837,-3.710072,4.333402,0.044135,-0.039859,-0.035277,32.16,64.2650050095642
22152,-8.224131,-3.73041,4.349553,0.043371,-0.040012,-0.035583,32.11,64.2824671756459
22162,-8.242078,-3.744768,4.368696,0.043066,-0.039401,-0.034667,32.11,64.2392612295953
22172,-8.221739,-3.720839,4.375875,0.043524,-0.038179,-0.03543,32.12,64.1317982403965
22182,-8.172088,-3.713063,4.367499,0.044288,-0.03543,-0.035125,32.12,64.0537739638302
22192,-8.1679,-3.72383,4.372883,0.044135,-0.033445,-0.035888,32.13,64.0276219756833
22202,-8.190632,-3.731009,4.386642,0.044593,-0.029169,-0.036652,32.13,64.0161383055647
22212,-8.18764,-3.72383,4.39083,0.045204,-0.0197,-0.03711,32.16,63.9802998947881
22222,-8.182258,-3.726223,4.406981,0.045815,-0.014508,-0.037874,32.15,63.8874385751016
22232,-8.191828,-3.729812,4.411169,0.045968,-0.007941,-0.038485,32.15,63.891596834685
22242,-8.176873,-3.732205,4.408178,0.045968,-0.001222,-0.038943,32.14,63.8751956456065
22252,-8.162517,-3.731009,4.403392,0.045509,0.006109,-0.039554,32.14,63.8656145765836
22262,-8.172686,-3.738786,4.412365,0.045968,0.013592,-0.039095,32.14,63.8509786176783
22272,-8.177471,-3.732804,4.417749,0.046426,0.021686,-0.038179,32.14,63.8280359479298
22282,-8.151151,-3.724428,4.406981,0.046273,0.029016,-0.03711,32.16,63.8140917352701
22292,-8.151151,-3.726821,4.407579,0.046731,0.037721,-0.036346,32.16,63.8135315898356
22302,-8.16132,-3.734598,4.402793,0.047342,0.045204,-0.034361,32.15,63.8697169338008
22312,-8.149356,-3.735795,4.40399,0.048106,0.051771,-0.032376,32.15,63.8373311272867
22322,-8.149356,-3.736991,4.398606,0.047953,0.059101,-0.031307,32.12,63.8663178264581
22332,-8.158927,-3.739982,4.403392,0.0478,0.066126,-0.029627,32.12,63.8668020040759
22342,-8.156534,-3.731607,4.398606,0.047647,0.072388,-0.027947,32.15,63.8771399764729
22352,-8.165507,-3.729214,4.38425,0.047953,0.077733,-0.025351,32.15,63.9691597225299
22362,-8.169096,-3.733402,4.375276,0.0478,0.083078,-0.022449,32.16,64.0279996533649
22372,-8.173882,-3.741776,4.378268,0.047647,0.086285,-0.021075,32.16,64.0322489430736
22382,-8.179864,-3.727419,4.359723,0.047342,0.092699,-0.017104,32.16,64.1265530361066
22392,-8.185846,-3.731607,4.360919,0.045815,0.094379,-0.01573,32.11,64.1383428712701
22402,-8.203793,-3.734,4.346562,0.045509,0.094073,-0.014508,32.11,64.2555813874924
22412,-8.203793,-3.736392,4.337589,0.044593,0.093921,-0.013592,32.15,64.3043376586164
22425,-8.210373,-3.726821,4.33041,0.043524,0.093615,-0.012523,32.15,64.3464309538592
22432,-8.223534,-3.733402,4.333402,0.041844,0.091019,-0.011606,32.14,64.3674158902713
22442,-8.2349,-3.729214,4.332804,0.040928,0.087965,-0.012675,32.14,64.3918157298111
22452,-8.229516,-3.738187,4.316652,0.040012,0.084299,-0.012065,32.15,64.4721717431204
22462,-8.239684,-3.733402,4.318447,0.038637,0.080023,-0.012675,32.15,64.4808526875003
22472,-8.251051,-3.73041,4.31067,0.037415,0.074984,-0.014508,32.14,64.5434005590159
22482,-8.268997,-3.742374,4.308277,0.035888,0.069333,-0.016035,32.14,64.6078883056314
22492,-8.266006,-3.735196,4.312464,0.034514,0.063377,-0.016799,32.11,64.5724085960794
22502,-8.26481,-3.729812,4.297509,0.03375,0.056047,-0.019548,32.11,64.6414244331182
22512,-8.274381,-3.741179,4.307081,0.03146,0.048869,-0.022144,32.15,64.6248354163353
22522,-8.285748,-3.725027,4.287939,0.030849,0.041692,-0.023824,32.15,64.7325807871802
22532,-8.275578,-3.732804,4.296911,0.02978,0.034208,-0.02642,32.14,64.671493026808
22542,-8.276773,-3.727419,4.295715,0.028863,0.026573,-0.029627,32.14,64.6749190843646
22552,-8.274381,-3.732804,4.299902,0.028863,0.017868,-0.035277,32.16,64.6534088944635
22562,-8.266603,-3.716652,4.295117,0.028405,0.003207,-0.036805,32.16,64.6445485456043
22572,-8.269596,-3.712464,4.292126,0.029322,-0.003971,-0.039401,32.16,64.6624696004124
22582,-8.270791,-3.734,4.299902,0.029474,-0.011912,-0.041997,32.15,64.6466179507095
22592,-8.266006,-3.732205,4.297509,0.029169,-0.018326,-0.044135,32.15,64.6464969610217
22602,-8.2349,-3.718446,4.285545,0.030696,-0.02474,-0.045968,32.11,64.624997992468
22612,-8.245667,-3.718446,4.293322,0.031154,-0.030391,-0.047037,32.11,64.6088552353502
22622,-8.27139,-3.74058,4.323831,0.031765,-0.034056,-0.049022,32.18,64.5313407578745
22632,-8.280961,-3.737589,4.334,0.032681,-0.038637,-0.050855,32.18,64.49741886063
22642,-8.25464,-3.724428,4.334598,0.03375,-0.041997,-0.051924,32.12,64.422088826765
22652,-8.201998,-3.720839,4.319045,0.034514,-0.043982,-0.053145,32.12,64.3801182815381
22662,-8.23131,-3.71725,4.332206,0.035277,-0.045357,-0.054672,32.15,64.3746260510596
22672,-8.223534,-3.726223,4.351348,0.036805,-0.045968,-0.054978,32.15,64.2675842557252
22682,-8.210373,-3.725027,4.350152,0.038026,-0.04612,-0.053451,32.15,64.2427371662792
22692,-8.190034,-3.722036,4.353143,0.038637,-0.045051,-0.052534,32.15,64.1780749879141
22702,-8.200802,-3.711268,4.363312,0.040012,-0.043677,-0.052229,32.14,64.1390162059242
22712,-8.170892,-3.724428,4.360321,0.040775,-0.040775,-0.051465,32.14,64.0999090788079
22722,-8.155338,-3.718446,4.371687,0.040928,-0.037568,-0.04948,32.18,63.9994198738744
22732,-8.165507,-3.726821,4.38724,0.041233,-0.0281,-0.047037,32.13,63.9512503323178
22742,-8.149356,-3.725625,4.378866,0.04215,-0.022297,-0.04383,32.13,63.9561556969584
22752,-8.141579,-3.720241,4.383053,0.043066,-0.016341,-0.040623,32.11,63.9110282416418
22762,-8.163115,-3.732804,4.395017,0.042608,-0.009774,-0.040012,32.11,63.9119764310015
22772,-8.146365,-3.718446,4.400999,0.042761,-0.003665,-0.037263,32.19,63.8275878286087
22782,-8.145766,-3.71725,4.397409,0.042761,0.004123,-0.035277,32.19,63.8434550406121
22792,-8.149954,-3.731009,4.398606,0.043066,0.011606,-0.031612,32.14,63.8613938315722
22802,-8.146963,-3.729214,4.395017,0.043524,0.019242,-0.02978,32.14,63.871123465578
22812,-8.146963,-3.729812,4.409972,0.042761,0.027184,-0.0281,32.18,63.7947199588526
22822,-8.158927,-3.731009,4.396811,0.042761,0.03375,-0.02474,32.18,63.8912490441999
22832,-8.160722,-3.726821,4.399803,0.043066,0.041386,-0.022602,32.14,63.8755706669099
22842,-8.148758,-3.741776,4.395017,0.043219,0.048869,-0.020617,32.14,63.8884748812772
22852,-8.168499,-3.732205,4.394419,0.042913,0.055283,-0.019242,32.16,63.9267665439028
22862,-8.170892,-3.735196,4.395615,0.042913,0.062003,-0.016799,32.16,63.9292226659375
22872,-8.168499,-3.74716,4.392624,0.042913,0.068417,-0.014203,32.14,63.9516738110362
22882,-8.170892,-3.738786,4.381856,0.041844,0.074831,-0.012981,32.14,64.0038160081399
22892,-8.202596,-3.747759,4.379463,0.041997,0.078954,-0.013286,32.14,64.0976813478978
22902,-8.193623,-3.74716,4.370491,0.042455,0.086896,-0.012828,32.14,64.1228390155497
22912,-8.204391,-3.741776,4.369893,0.042302,0.089644,-0.012981,32.13,64.1447773035051
22922,-8.204989,-3.736392,4.359723,0.042302,0.091477,-0.013744,32.13,64.1929254553194
22932,-8.218149,-3.743571,4.351946,0.042913,0.093615,-0.013897,32.13,64.2701457048207
22942,-8.222337,-3.727419,4.35075,0.042913,0.093157,-0.014813,32.11,64.2691833841589
22952,-8.214561,-3.741776,4.341179,0.042455,0.092088,-0.016493,32.11,64.3156728442274
22962,-8.239684,-3.735795,4.342973,0.042913,0.090255,-0.018021,32.13,64.3569158965701
22972,-8.238488,-3.74058,4.328616,0.04383,0.088881,-0.019395,32.13,64.4330464810003
22982,-8.25464,-3.733402,4.323831,0.044135,0.085674,-0.021228,32.17,64.486623364083
22992,-8.249854,-3.733402,4.313063,0.044135,0.081551,-0.023976,32.17,64.5314076887069
23002,-8.258228,-3.735196,4.316652,0.04383,0.076205,-0.025809,32.13,64.5334541729788
23012,-8.252846,-3.736991,4.314259,0.04444,0.071471,-0.028253,32.13,64.5355690741883
23022,-8.253444,-3.739982,4.303492,0.044746,0.065973,-0.02978,32.14,64.5954610709319
23032,-8.266006,-3.741776,4.302295,0.044899,0.059865,-0.033139,32.14,64.6314524829313
23042,-8.270791,-3.736392,4.293921,0.044899,0.052382,-0.03543,32.14,64.6798679005076
23052,-8.275578,-3.745365,4.290929,0.044899,0.044746,-0.037263,32.14,64.7149492381176
23062,-8.268997,-3.732804,4.3005,0.044135,0.03711,-0.039706,32.15,64.6383360120128
23072,-8.274381,-3.737589,4.297509,0.044288,0.029322,-0.043677,32.15,64.670551513961
23082,-8.278568,-3.726821,4.283153,0.04383,0.012675,-0.044899,32.14,64.7431247612401
23092,-8.260622,-3.721437,4.289733,0.043066,0.004887,-0.046578,32.19,64.6638141080845
23102,-8.262416,-3.73041,4.297509,0.042608,-0.002749,-0.047953,32.19,64.6366892042544
23112,-8.264212,-3.726223,4.299902,0.041997,-0.009621,-0.04948,32.14,64.6241336375921
23122,-8.256434,-3.734,4.315455,0.041081,-0.016799,-0.050091,32.14,64.5344013848298
23132,-8.244471,-3.732205,4.305286,0.041233,-0.022449,-0.05116,32.15,64.5582791326079
23142,-8.242676,-3.725027,4.311268,0.040928,-0.027947,-0.050855,32.15,64.5161071826408
23152,-8.240881,-3.723232,4.309474,0.040317,-0.032376,-0.050396,32.15,64.5195254975665
23162,-8.23131,-3.72383,4.314259,0.040164,-0.036805,-0.050855,32.15,64.4739401443898
23172,-8.216953,-3.722634,4.334598,0.039554,-0.039095,-0.050855,32.12,64.3353852106288
23182,-8.216953,-3.719643,4.339384,0.039706,-0.040928,-0.05116,32.12,64.3076324500187
23192,-8.20798,-3.723232,4.338188,0.039859,-0.042302,-0.049938,32.14,64.2971882176354
23202,-8.198408,-3.719643,4.344768,0.039554,-0.04215,-0.048106,32.14,64.2378505293459
23212,-8.193623,-3.721437,4.356134,0.039401,-0.041233,-0.047342,32.13,64.170183804778
23222,-8.183454,-3.721437,4.35075,0.04047,-0.039859,-0.045509,32.13,64.1748448955176
23232,-8.177471,-3.704688,4.367499,0.040775,-0.037874,-0.044288,32.14,64.0573943750411
23242,-8.170892,-3.720839,4.385446,0.040623,-0.034667,-0.041692,32.14,63.9665821278631
23252,-8.158927,-3.720241,4.386044,0.043066,-0.025351,-0.037568,32.12,63.9354450777377
23262,-8.162517,-3.733402,4.38724,0.043677,-0.020159,-0.034667,32.15,63.9512889029456
23272,-8.158927,-3.728616,4.383053,0.044593,-0.014203,-0.033598,32.15,63.959633305801
23282,-8.158329,-3.729214,4.397409,0.045051,-0.007483,-0.030696,32.15,63.8849128936495
23292,-8.155936,-3.721437,4.396214,0.045815,-0.000611,-0.028711,32.15,63.8774115208856
23302,-8.147561,-3.725625,4.396811,0.046884,0.00672,-0.026267,32.15,63.8594759757013
23312,-8.159525,-3.732804,4.412365,0.048106,0.013897,-0.024129,32.15,63.8144710461589
23322,-8.17149,-3.720839,4.412365,0.048411,0.02138,-0.022907,32.14,63.8294245208326
23332,-8.146365,-3.720839,4.406384,0.049022,0.029169,-0.021228,32.14,63.8023618560143
23342,-8.159525,-3.72383,4.400999,0.048717,0.035277,-0.020922,32.14,63.8635260121295
23352,-8.162517,-3.726821,4.403392,0.049633,0.042761,-0.019548,32.14,63.8612205979162
23362,-8.163713,-3.73041,4.402793,0.049938,0.050244,-0.01909,32.18,63.870814016973
23372,-8.172088,-3.731009,4.394419,0.049633,0.056352,-0.018631,32.18,63.9337359348126
23382,-8.175676,-3.721437,4.405785,0.050091,0.06185,-0.017257,32.13,63.8734912747747
23392,-8.188239,-3.73041,4.396214,0.049327,0.066737,-0.018173,32.13,63.9608287860277
23402,-8.190632,-3.733402,4.38724,0.048717,0.072082,-0.019395,32.13,64.0155499468049
23412,-8.208578,-3.731009,4.377669,0.048564,0.076664,-0.020922,32.13,64.1031542461108
23422,-8.212766,-3.726821,4.384848,0.0478,0.082772,-0.022755,32.16,64.0714501225021
23432,-8.210971,-3.729214,4.365107,0.04612,0.084452,-0.02474,32.15,64.1713655702305
23442,-8.223534,-3.721437,4.363312,0.045204,0.085827,-0.026114,32.15,64.2010929903054
23452,-8.217552,-3.731607,4.364508,0.044593,0.087506,-0.028558,32.18,64.1918312162678
23462,-8.2349,-3.739383,4.352544,0.043677,0.087812,-0.029932,32.18,64.3005615160145
23472,-8.225926,-3.731009,4.353143,0.042913,0.087354,-0.03207,32.13,64.2686519498365
23482,-8.239684,-3.722634,4.354339,0.041692,0.086896,-0.03375,32.13,64.2850069876916
23492,-8.244471,-3.738786,4.334,0.041844,0.084758,-0.035888,32.16,64.4169170613271
23502,-8.238488,-3.74058,4.329813,0.04047,0.082161,-0.03711,32.16,64.4268785725354
23512,-8.249854,-3.736392,4.322634,0.039095,0.079718,-0.039248,32.12,64.48510037812
23522,-8.243275,-3.73041,4.318447,0.038332,0.075747,-0.040164,32.12,64.4858679540616
23532,-8.246863,-3.739383,4.310072,0.038026,0.070708,-0.040317,32.15,64.546205147187
23542,-8.257033,-3.731009,4.311268,0.036805,0.065363,-0.04215,32.15,64.5543016484308
23552,-8.255836,-3.748955,4.305286,0.037568,0.060018,-0.042302,32.15,64.6006226998914
23562,-8.255239,-3.735196,4.298108,0.036346,0.053298,-0.042608,32.15,64.6224156239878
23572,-8.248658,-3.738786,4.288536,0.036652,0.047495,-0.041844,32.17,64.660803844387
23582,-8.245667,-3.736991,4.290331,0.036805,0.040164,-0.042913,32.17,64.6430437259355
23592,-8.249256,-3.731009,4.288536,0.036957,0.026267,-0.042302,32.16,64.6542857145751
23602,-8.243275,-3.753142,4.288536,0.03711,0.018937,-0.040928,32.17,64.6633404378186
23612,-8.25165,-3.729214,4.286742,0.037568,0.01237,-0.041081,32.17,64.6670879650818
23622,-8.249854,-3.744768,4.290929,0.038026,0.004581,-0.041081,32.15,64.6571512801739
23632,-8.252247,-3.738187,4.290929,0.037874,-0.001833,-0.039859,32.15,64.6558340344687
23642,-8.240283,-3.736991,4.288536,0.038637,-0.008705,-0.039554,32.19,64.6403088831461
23652,-8.239684,-3.74058,4.299304,0.038485,-0.014813,-0.038943,32.19,64.5869567170014
23662,-8.236693,-3.739982,4.297509,0.040164,-0.020006,-0.037568,32.17,64.588938931165
23672,-8.236693,-3.739982,4.302894,0.040623,-0.024893,-0.036652,32.17,64.5611181947991
23682,-8.23131,-3.728616,4.30409,0.041233,-0.029627,-0.035888,32.11,64.5313379509575
23692,-8.223534,-3.733402,4.321437,0.041692,-0.033139,-0.035736,32.11,64.4291497155272
23702,-8.23131,-3.731009,4.323233,0.041997,-0.036346,-0.034361,32.16,64.4349246881138
23712,-8.206783,-3.731607,4.333402,0.042761,-0.039095,-0.034208,32.16,64.3277858091924
23722,-8.216953,-3.723232,4.338786,0.043524,-0.040317,-0.034208,32.14,64.3143910282161
23732,-8.207382,-3.726223,4.346562,0.04383,-0.041386,-0.034667,32.14,64.2557030028505
23742,-8.200203,-3.736991,4.347161,0.045051,-0.04047,-0.034208,32.16,64.2474487365417
23752,-8.199007,-3.734598,4.367499,0.045204,-0.039248,-0.03375,32.16,64.1374501714759
23762,-8.193623,-3.724428,4.375875,0.045662,-0.038026,-0.03543,32.15,64.0715416958926
23772,-8.199606,-3.725027,4.377669,0.045815,-0.032223,-0.035583,32.07,64.0765575080318
23782,-8.189436,-3.732205,4.39083,0.046578,-0.027489,-0.036194,32.07,63.9931128269919
23792,-8.184649,-3.726223,4.392026,0.046426,-0.022449,-0.03711,32.13,63.9697989591603
23802,-8.185248,-3.708875,4.400401,0.046426,-0.016493,-0.037721,32.13,63.9100492566042
23812,-8.175079,-3.725027,4.405785,0.046426,-0.009927,-0.038332,32.18,63.8758731589876
23822,-8.173882,-3.722634,4.41057,0.04612,-0.002902,-0.037568,32.18,63.8460254632188
23832,-8.169695,-3.720839,4.41416,0.045509,0.004887,-0.037874,32.15,63.816071078391
23842,-8.165507,-3.719045,4.413561,0.045357,0.012217,-0.038026,32.15,63.8076346308488
23852,-8.165507,-3.725027,4.409374,0.045204,0.0197,-0.037874,32.16,63.8354365750996
23862,-8.17448,-3.715455,4.409972,0.045509,0.027184,-0.037263,32.16,63.8429683626765
23872,-8.164909,-3.71725,4.41057,0.045357,0.034667,-0.037874,32.12,63.8197583459093
23882,-8.15773,-3.722036,4.41057,0.045357,0.042761,-0.036499,32.12,63.8082541387054
23892,-8.165507,-3.724428,4.401597,0.045204,0.04948,-0.03543,32.11,63.8748171182793
23902,-8.165507,-3.728018,4.402793,0.045509,0.057269,-0.034667,32.11,63.8724243132913
23912,-8.173882,-3.732205,4.38425,0.045051,0.06353,-0.034361,32.16,63.9914436089771
23922,-8.167302,-3.716054,4.391428,0.045662,0.069028,-0.032223,32.16,63.9225393854852
23932,-8.169695,-3.727419,4.379463,0.046731,0.075136,-0.030085,32.13,64.001539928598
23942,-8.170892,-3.735196,4.378268,0.046731,0.084147,-0.026878,32.13,64.0185524901879
23952,-8.178668,-3.731607,4.361517,0.045968,0.086743,-0.02474,32.12,64.1189217907476
23962,-8.189436,-3.728616,4.358526,0.047647,0.089644,-0.022602,32.13,64.155749331498
23972,-8.184052,-3.732205,4.344768,0.046731,0.090561,-0.022297,32.13,64.2182399172278
23982,-8.190632,-3.731009,4.348357,0.047495,0.091783,-0.020006,32.18,64.2134062092694
23992,-8.204989,-3.727419,4.335794,0.047495,0.092241,-0.01909,32.18,64.3070798559163
24002,-8.20798,-3.728018,4.334,0.047189,0.091477,-0.016952,32.16,64.323718050449
24012,-8.223534,-3.736392,4.328018,0.047189,0.088423,-0.017104,32.16,64.3982435861319
24022,-8.219944,-3.735795,4.328018,0.046578,0.086132,-0.015882,32.11,64.3895512620221
24032,-8.2349,-3.723232,4.314259,0.047037,0.08323,-0.016035,32.11,64.4813971125759
24042,-8.23789,-3.731009,4.316652,0.047189,0.079107,-0.015882,32.16,64.483657023887
24052,-8.239684,-3.728616,4.31067,0.045662,0.074678,-0.016799,32.16,64.516125076699
24062,-8.260024,-3.728616,4.305884,0.045509,0.06918,-0.015882,32.14,64.5863356135433
24072,-8.260024,-3.737589,4.302894,0.044746,0.063377,-0.018021,32.14,64.6108088153485
24082,-8.261221,-3.729214,4.295715,0.04383,0.056963,-0.020311,32.16,64.6420800187525
24092,-8.268398,-3.73041,4.309474,0.04383,0.049938,-0.021686,32.16,64.5883306499113
24102,-8.268398,-3.725625,4.301099,0.042761,0.043219,-0.023976,32.16,64.6266946984833
24112,-8.272586,-3.73041,4.296313,0.04215,0.028253,-0.030696,32.16,64.6655162024482
24122,-8.28156,-3.737589,4.3005,0.039859,0.021228,-0.034056,32.13,64.6710974445132
24132,-8.285748,-3.745365,4.292724,0.039401,0.014203,-0.036499,32.15,64.7282530221471
24142,-8.273185,-3.729214,4.301099,0.039401,0.006872,-0.03879,32.15,64.6409697051421
24152,-8.282157,-3.725625,4.311268,0.039706,-0.000153,-0.043371,32.15,64.6049693966249
24162,-8.280961,-3.731009,4.305884,0.039248,-0.007941,-0.046884,32.15,64.6354304857131
24172,-8.266006,-3.721437,4.315455,0.03879,-0.013286,-0.049327,32.13,64.5431312541017
24182,-8.257033,-3.729812,4.318447,0.03879,-0.019242,-0.052076,32.13,64.5160869102331
24192,-8.255239,-3.726223,4.314259,0.038637,-0.023366,-0.054825,32.13,64.5300309789467
24202,-8.252846,-3.732205,4.324429,0.039095,-0.027794,-0.056963,32.13,64.4783106332601
24212,-8.249854,-3.735196,4.324429,0.038332,-0.03146,-0.058948,32.14,64.4746384019264
24223,-8.235497,-3.728616,4.335794,0.039554,-0.034056,-0.060476,32.14,64.3771415107632
24232,-8.22772,-3.724428,4.341179,0.040164,-0.035888,-0.060934,32.11,64.3275902122017
24242,-8.215158,-3.719045,4.348955,0.039706,-0.037415,-0.061087,32.11,64.2536047053925
24252,-8.210971,-3.735196,4.349553,0.039401,-0.038179,-0.062003,32.16,64.2576346487209
24262,-8.198408,-3.728616,4.351946,0.039859,-0.038332,-0.061545,32.16,64.2100607232679
24272,-8.196614,-3.721437,4.371089,0.040317,-0.036499,-0.060018,32.15,64.0999063341989
24282,-8.185846,-3.718446,4.365705,0.040623,-0.034208,-0.056963,32.15,64.1000234411513
24292,-8.167302,-3.724428,4.377071,0.041844,-0.027947,-0.055131,32.16,64.0052775261454
24302,-8.170892,-3.725027,4.374678,0.042761,-0.024129,-0.052229,32.12,64.0264518036039
24312,-8.157133,-3.731009,4.379463,0.043524,-0.019242,-0.050396,32.12,63.9765438266675
24322,-8.148159,-3.727419,4.382454,0.043982,-0.013592,-0.0478,32.13,63.9367746245326
24332,-8.15773,-3.725027,4.389633,0.04383,-0.007941,-0.044593,32.13,63.9192082008006
24342,-8.152347,-3.734598,4.391428,0.04444,-0.002138,-0.040928,32.11,63.907649557394
24352,-8.149954,-3.726821,4.396214,0.044288,0.00504,-0.037568,32.11,63.8693135646854
24362,-8.145766,-3.729812,4.389633,0.045051,0.011912,-0.034056,32.16,63.8967607185983
24372,-8.135597,-3.721437,4.395615,0.045051,0.01909,-0.030543,32.16,63.8336831135814
24382,-8.139186,-3.731607,4.407579,0.045509,0.025656,-0.027794,32.14,63.7910170904476
24392,-8.155936,-3.722634,4.396811,0.046273,0.032223,-0.025962,32.14,63.8755913848583
24402,-8.161918,-3.722036,4.396811,0.046884,0.039095,-0.022297,32.15,63.888708434702
24412,-8.137392,-3.733402,4.389035,0.047953,0.046273,-0.018937,32.15,63.8843816299667
24426,-8.162517,-3.72383,4.385446,0.048258,0.058185,-0.01573,32.15,63.9505158111889
24432,-8.162517,-3.72383,4.385446,0.048258,0.058185,-0.01573,32.15,63.9505158111889
24442,-8.170892,-3.737589,4.384848,0.048106,0.064141,-0.014203,32.1,63.9871536229971
24452,-8.176275,-3.71725,4.378268,0.049175,0.069486,-0.011454,32.1,64.0121562837152
24462,-8.183454,-3.731009,4.380062,0.048564,0.078038,-0.010232,32.14,64.0336254482124
24472,-8.191828,-3.732804,4.368696,0.049327,0.082009,-0.009774,32.15,64.1131071475448
24482,-8.2014,-3.731607,4.367499,0.04948,0.085216,-0.009316,32.15,64.1397931301338
24492,-8.212766,-3.733402,4.362714,0.049022,0.08659,-0.009316,32.13,64.1920673780951
24502,-8.222935,-3.74058,4.369893,0.049327,0.08827,-0.010079,32.13,64.1855622506072
24512,-8.217552,-3.731607,4.366901,0.049022,0.087965,-0.012065,32.16,64.1795200485217
24522,-8.221739,-3.727419,4.360321,0.049175,0.08827,-0.014203,32.16,64.2185554996288
24532,-8.248059,-3.738187,4.345964,0.048564,0.087506,-0.014966,32.12,64.3628029037434
24542,-8.247462,-3.738187,4.337589,0.047647,0.08491,-0.018173,32.12,64.4045474912425
24552,-8.259426,-3.739982,4.33041,0.047342,0.081398,-0.021228,32.16,64.4701386502695
24562,-8.255239,-3.733402,4.332206,0.047037,0.078343,-0.02306,32.16,64.4448426241912
24572,-8.249854,-3.728616,4.329215,0.046426,0.074067,-0.026267,32.14,64.4433077037726
24582,-8.263015,-3.729214,4.319643,0.045662,0.069639,-0.0281,32.14,64.522706830365
24592,-8.260024,-3.733402,4.325027,0.045051,0.06521,-0.030696,32.14,64.4925203172602
24602,-8.269596,-3.734,4.314259,0.04444,0.059407,-0.03375,32.14,64.5699692969798
24612,-8.257631,-3.729214,4.305286,0.043677,0.052687,-0.036652,32.15,64.5846778998683
24622,-8.255836,-3.736392,4.295117,0.042913,0.04612,-0.039554,32.15,64.6403945691494
24632,-8.261221,-3.734598,4.304688,0.043371,0.033445,-0.04215,32.17,64.6012088271845
24642,-8.255239,-3.732804,4.299902,0.041386,0.027184,-0.042913,32.09,64.6107412725377
24652,-8.247462,-3.725625,4.299902,0.041081,0.020006,-0.045051,32.09,64.5861160398863
24662,-8.252247,-3.731607,4.293921,0.041844,0.013286,-0.046273,32.12,64.6337379956186
24672,-8.243872,-3.731009,4.30409,0.041539,0.00733,-0.046578,32.12,64.5619027008787
24682,-8.244471,-3.721437,4.301099,0.041233,0.000458,-0.046578,32.12,64.5690079533922
24692,-8.233105,-3.728616,4.299902,0.040775,-0.006109,-0.047953,32.12,64.557007603363
24702,-8.23131,-3.727419,4.305884,0.040775,-0.010996,-0.047342,32.11,64.5208511397216
24712,-8.22473,-3.727419,4.313661,0.040164,-0.016035,-0.048106,32.11,64.4658934733683
24722,-8.2349,-3.718446,4.307679,0.040012,-0.02138,-0.047495,32.1,64.5105270089062
24732,-8.229516,-3.719045,4.315455,0.039401,-0.026573,-0.0478,32.1,64.4588665665836
24742,-8.22772,-3.724428,4.334598,0.038637,-0.029932,-0.047037,32.16,64.3615141690652
24752,-8.216354,-3.726223,4.337589,0.037721,-0.033292,-0.046426,32.16,64.3222753486234
24762,-8.215158,-3.73041,4.335794,0.037874,-0.034208,-0.045968,32.16,64.333124969599
24772,-8.201998,-3.725027,4.333402,0.03711,-0.036041,-0.044288,32.16,64.3102091792999
24782,-8.197212,-3.734,4.354938,0.037415,-0.037568,-0.044288,32.14,64.19747820176
24792,-8.194221,-3.721437,4.351946,0.036957,-0.037263,-0.043066,32.14,64.1931487625522
24802,-8.197212,-3.722036,4.35733,0.036194,-0.036957,-0.040775,32.12,64.1727914182348
24812,-8.188239,-3.722634,4.371687,0.037721,-0.031612,-0.040775,32.13,64.078982163147
24822,-8.189436,-3.725625,4.382454,0.037415,-0.028405,-0.039554,32.13,64.0293661837883
24832,-8.173284,-3.719643,4.375276,0.037263,-0.023824,-0.038179,32.18,64.0232301815704
24842,-8.172686,-3.722634,4.386642,0.038179,-0.019242,-0.036805,32.18,63.966401210865
24852,-8.172088,-3.716054,4.385446,0.038485,-0.013897,-0.036805,32.15,63.9643338291393
24862,-8.182258,-3.719643,4.389633,0.039248,-0.008094,-0.035736,32.15,63.9697956917622
24872,-8.164311,-3.714259,4.396214,0.039554,-0.001985,-0.034208,32.14,63.889142959736
24882,-8.159525,-3.719045,4.399205,0.040164,0.004429,-0.03375,32.14,63.8677473191012
24892,-8.162517,-3.725027,4.403392,0.041081,0.010996,-0.03375,32.16,63.8593391929236
24902,-8.1679,-3.719045,4.396214,0.04215,0.018326,-0.032223,32.16,63.9023878964404
24912,-8.172088,-3.723232,4.40399,0.042455,0.025351,-0.031154,32.15,63.8763627708929
24922,-8.159525,-3.725625,4.393223,0.042913,0.032529,-0.030238,32.15,63.9054555400368
24932,-8.152347,-3.726821,4.392624,0.043524,0.039706,-0.029016,32.11,63.8933147953644
24942,-8.1679,-3.720839,4.399803,0.04444,0.046273,-0.028558,32.11,63.8857882398834
24952,-8.163713,-3.736392,4.396214,0.04444,0.052534,-0.028253,32.12,63.9109475361227
24962,-8.172088,-3.73041,4.393821,0.045968,0.058643,-0.026878,32.12,63.9361873819481
24972,-8.185846,-3.736392,4.389035,0.046731,0.064294,-0.025198,32.16,63.9985088302052
24982,-8.17448,-3.738786,4.377669,0.046578,0.073915,-0.023824,32.13,64.0335777738086
24992,-8.196015,-3.73041,4.379463,0.045509,0.07758,-0.023824,32.13,64.0647221706638
25002,-8.19123,-3.728616,4.366303,0.045509,0.080787,-0.022449,32.11,64.119736616776
25012,-8.196614,-3.735196,4.370491,0.045509,0.082314,-0.021991,32.11,64.1172252651593
25022,-8.210373,-3.726821,4.365107,0.04612,0.084299,-0.022144,32.14,64.1675434728646
25032,-8.213962,-3.738786,4.346562,0.04612,0.084452,-0.021533,32.14,64.28350189878
25042,-8.221739,-3.729812,4.35075,0.044899,0.084605,-0.022297,32.12,64.2702846861783
25052,-8.227122,-3.734,4.341179,0.044135,0.083689,-0.022907,32.12,64.3360271220582
25062,-8.235497,-3.732804,4.33041,0.04383,0.082467,-0.022755,32.15,64.4091563227958
25072,-8.234302,-3.739383,4.322634,0.042761,0.078954,-0.024129,32.15,64.4532687765474
25082,-8.243872,-3.742973,4.326224,0.041997,0.076205,-0.025656,32.14,64.4598857943479
25092,-8.248658,-3.734,4.316652,0.041692,0.072235,-0.026725,32.14,64.5108288930458
25102,-8.247462,-3.734598,4.311867,0.040775,0.06857,-0.027184,32.15,64.5334349230057
25112,-8.250452,-3.724428,4.309474,0.040317,0.064599,-0.027947,32.15,64.5421813608544
25122,-8.248658,-3.738187,4.313661,0.039706,0.059559,-0.029322,32.13,64.5304963989179
25132,-8.260622,-3.738786,4.304688,0.038332,0.053909,-0.031001,32.13,64.6040985209749
25142,-8.254042,-3.741776,4.302894,0.038026,0.047189,-0.031918,32.11,64.6016951586647
25152,-8.255239,-3.739383,4.309474,0.037874,0.035125,-0.033598,32.11,64.5680087374958
25162,-8.252247,-3.728616,4.303492,0.036805,0.028863,-0.035125,32.14,64.5813000450591
25172,-8.257033,-3.729214,4.294518,0.036499,0.022144,-0.035583,32.16,64.638919790944
25182,-8.249256,-3.732205,4.298108,0.036041,0.014966,-0.036346,32.16,64.6060396019154
25192,-8.261818,-3.729214,4.308277,0.03543,0.008552,-0.036041,32.19,64.5786050040015
25202,-8.249256,-3.735196,4.30409,0.036346,0.002291,-0.036346,32.19,64.5781805009466
25212,-8.245069,-3.734,4.292126,0.036499,-0.003665,-0.036652,32.19,64.6294083940698
25222,-8.236095,-3.736392,4.297509,0.036346,-0.009621,-0.036652,32.19,64.5839587980707
25232,-8.229516,-3.74058,4.299304,0.036805,-0.014661,-0.036499,32.13,64.5642169251794
25242,-8.228318,-3.733402,4.311867,0.037415,-0.019395,-0.038026,32.13,64.4893136018009
25252,-8.219346,-3.736392,4.319045,0.038026,-0.023671,-0.037721,32.18,64.4351360344408
25262,-8.222935,-3.732804,4.317849,0.038332,-0.027642,-0.038026,32.18,64.4457175836378
25272,-8.221739,-3.735795,4.324429,0.038332,-0.030085,-0.038332,32.15,64.4121130433941
25282,-8.222337,-3.726821,4.325027,0.039859,-0.032223,-0.037415,32.15,64.4012042609787
25292,-8.221141,-3.724428,4.335794,0.041233,-0.034056,-0.037874,32.15,64.3405055393155
25302,-8.221141,-3.732205,4.353741,0.041386,-0.034972,-0.037874,32.15,64.2559855966224
25312,-8.207382,-3.728018,4.356134,0.041386,-0.034972,-0.038026,32.16,64.2082060610391
25322,-8.2014,-3.724428,4.360321,0.042455,-0.034819,-0.038179,32.16,64.169355689625
25332,-8.203195,-3.729812,4.377071,0.043677,-0.030696,-0.039248,32.16,64.0927529031872
25342,-8.190034,-3.720839,4.37408,0.043982,-0.0281,-0.039401,32.17,64.0688861232835
25352,-8.197212,-3.719045,4.371089,0.04444,-0.024587,-0.040012,32.17,64.0987957762864
25362,-8.194819,-3.731607,4.38425,0.043677,-0.020311,-0.04047,32.14,64.0386114505499
25372,-8.175079,-3.723232,4.392026,0.043524,-0.01573,-0.040012,32.14,63.9447811119063
25382,-8.190034,-3.722634,4.387838,0.043524,-0.01069,-0.040623,32.16,63.9999202173411
25392,-8.17149,-3.727419,4.402793,0.043371,-0.004429,-0.040928,32.16,63.8855269626586
25402,-8.172088,-3.725625,4.394419,0.043371,0.001833,-0.040317,32.17,63.9281089630976
25412,-8.17149,-3.723232,4.398008,0.043677,0.008705,-0.041233,32.17,63.9057662078703
25422,-8.17807,-3.720241,4.392624,0.043066,0.014813,-0.039401,32.16,63.9454355905489
25432,-8.169695,-3.722634,4.405785,0.042608,0.022449,-0.040164,32.16,63.8610106079266
25442,-8.176275,-3.724428,4.406384,0.042608,0.028711,-0.038943,32.14,63.8749116794451
25452,-8.175676,-3.725027,4.408178,0.041997,0.035583,-0.037874,32.14,63.8649416873862
25462,-8.172686,-3.721437,4.393223,0.041692,0.042761,-0.036652,32.14,63.9312629423587
25472,-8.163115,-3.731607,4.391428,0.042455,0.049633,-0.035125,32.14,63.9292040959144
25482,-8.173284,-3.726223,4.382454,0.04215,0.054825,-0.03375,32.1,63.9930872213592
25492,-8.166704,-3.731009,4.386044,0.04215,0.061239,-0.032987,32.1,63.9645331511074
25502,-8.17448,-3.729214,4.378866,0.042761,0.071929,-0.029016,32.13,64.0174268392255
25512,-8.17807,-3.726821,4.383053,0.043066,0.076053,-0.02642,32.16,64.0015675699264
25522,-8.180463,-3.731009,4.371687,0.042761,0.07926,-0.025809,32.16,64.0699482377803
25532,-8.183454,-3.724428,4.360321,0.043066,0.082314,-0.023671,32.16,64.1285411560908
25542,-8.186445,-3.726821,4.355535,0.044288,0.084452,-0.021838,32.16,64.1625198832863
25552,-8.199606,-3.734,4.353143,0.045051,0.085979,-0.020464,32.18,64.2121615835177
25562,-8.19781,-3.737589,4.341179,0.04383,0.086437,-0.018937,32.18,64.273513213556
25572,-8.205587,-3.728616,4.334,0.045051,0.086132,-0.018479,32.17,64.3189237647083
25582,-8.206185,-3.736392,4.333402,0.044746,0.084758,-0.017257,32.17,64.3313522707904
25592,-8.220542,-3.738786,4.324429,0.045204,0.08323,-0.016341,32.14,64.4124790798944
25602,-8.222935,-3.733402,4.325027,0.046273,0.080634,-0.01573,32.14,64.409272294217
25612,-8.228917,-3.734,4.313063,0.047189,0.076664,-0.016035,32.11,64.4850903596699
25622,-8.239684,-3.735795,4.314857,0.046731,0.072998,-0.016341,32.11,64.5018048140021
25632,-8.240283,-3.733402,4.308277,0.046884,0.068264,-0.017257,32.08,64.534676524181
25642,-8.257631,-3.749553,4.296313,0.047037,0.063225,-0.018326,32.08,64.6515097150825
25652,-8.258228,-3.735795,4.30409,0.047495,0.05681,-0.018937,32.16,64.5988222257701
25662,-8.26481,-3.739383,4.296911,0.046731,0.051465,-0.020311,32.16,64.6541438113524
25672,-8.26481,-3.726223,4.302295,0.04612,0.038637,-0.023824,32.15,64.6131227810439
25682,-8.276773,-3.736392,4.30409,0.045968,0.031154,-0.026573,32.12,64.6407536368033
25692,-8.274979,-3.732804,4.299304,0.045051,0.02474,-0.028253,32.12,64.6578227049461
25702,-8.275578,-3.735795,4.3005,0.044746,0.01741,-0.032223,32.12,64.6559941395455
25712,-8.269596,-3.733402,4.305286,0.043524,0.010996,-0.035736,32.12,64.6155983487271
25722,-8.27139,-3.736991,4.31067,0.042913,0.004276,-0.038485,32.15,64.5954695468824
25732,-8.261818,-3.72383,4.320241,0.041844,-0.001985,-0.041081,32.15,64.5115129955723
25742,-8.2678,-3.726821,4.313063,0.040928,-0.007941,-0.043982,32.12,64.5648880869093
25752,-8.255836,-3.735795,4.321437,0.039706,-0.013439,-0.046426,32.12,64.5040569926463
25762,-8.258827,-3.726223,4.332206,0.039859,-0.017868,-0.049022,32.14,64.4456167412836
25772,-8.23789,-3.732205,4.32742,0.038943,-0.02138,-0.050855,32.14,64.4293373223245
25782,-8.255239,-3.737589,4.335197,0.038179,-0.025045,-0.052993,32.13,64.4336990333144
25792,-8.235497,-3.727419,4.333402,0.037415,-0.027794,-0.054978,32.13,64.3882483296795
25802,-8.228318,-3.722036,4.34417,0.036805,-0.030543,-0.057116,32.17,64.3110847908556
25812,-8.212766,-3.723232,4.348955,0.036041,-0.031001,-0.057727,32.17,64.2524833588086
25822,-8.215756,-3.725625,4.351348,0.03711,-0.031154,-0.058032,32.16,64.2493759858015
25832,-8.201998,-3.734,4.363312,0.037415,-0.031001,-0.058032,32.16,64.1651858597906
25842,-8.205587,-3.725027,4.355535,0.036805,-0.028863,-0.057421,32.18,64.2041424074037
25852,-8.194221,-3.732804,4.360919,0.037568,-0.02642,-0.056352,32.14,64.158620310988
25862,-8.188239,-3.73041,4.371089,0.038179,-0.023671,-0.054825,32.14,64.090127188575
25872,-8.172088,-3.721437,4.375875,0.03879,-0.020464,-0.053298,32.13,64.0192742130258
25882,-8.160124,-3.723232,4.365107,0.039248,-0.016035,-0.050091,32.13,64.0493545218018
25892,-8.163115,-3.71725,4.378268,0.041081,-0.011912,-0.048564,32.16,63.9820268179018
25902,-8.159525,-3.726821,4.375276,0.041233,-0.006872,-0.045051,32.16,63.9992380295808
25912,-8.15773,-3.73041,4.383053,0.041844,-0.002291,-0.042455,32.13,63.9587697322554
25922,-8.139785,-3.720839,4.387838,0.043219,0.002749,-0.039401,32.13,63.8828293743304
25932,-8.152347,-3.731607,4.38425,0.043524,0.008705,-0.036957,32.16,63.9415135533605
25942,-8.154739,-3.726821,4.378268,0.043982,0.01405,-0.033445,32.16,63.9728377122131
25952,-8.152347,-3.722634,4.380062,0.045662,0.020617,-0.030696,32.16,63.9537096842096
25962,-8.149954,-3.72383,4.387838,0.046273,0.02642,-0.028405,32.16,63.9093535740423
25972,-8.154141,-3.72383,4.383053,0.046426,0.031612,-0.026267,32.12,63.9436467108883
25982,-8.156534,-3.724428,4.382454,0.0478,0.038332,-0.021991,32.12,63.952851605925
25992,-8.153543,-3.73041,4.386642,0.048106,0.043982,-0.020464,32.16,63.9306655413926
26002,-8.163713,-3.729812,4.383053,0.048411,0.049786,-0.017715,32.16,63.9718470476272
26012,-8.179864,-3.72383,4.380062,0.048411,0.05452,-0.015272,32.13,64.0179603072703
26022,-8.183454,-3.722634,4.380062,0.048564,0.063988,-0.013897,32.17,64.0249182702518
26032,-8.191828,-3.721437,4.380062,0.048869,0.067806,-0.013439,32.17,64.0427928332716
26042,-8.203793,-3.725027,4.370491,0.049022,0.071471,-0.012828,32.16,64.1230302276464
26052,-8.199606,-3.719643,4.372285,0.049022,0.074373,-0.012675,32.16,64.0987064168522
26062,-8.198408,-3.73041,4.377669,0.04948,0.077122,-0.012217,32.11,64.0794022180329
26072,-8.209177,-3.724428,4.368696,0.049175,0.078343,-0.013744,32.11,64.1438879985448
26082,-8.221141,-3.725027,4.356732,0.049022,0.080481,-0.014966,32.18,64.2332214753915
26092,-8.213365,-3.721437,4.356732,0.049327,0.081398,-0.014355,32.18,64.2119207116048
26102,-8.239684,-3.729812,4.356732,0.049327,0.081398,-0.015882,32.14,64.2800264769491
26112,-8.219346,-3.74058,4.35075,0.048258,0.080023,-0.018631,32.14,64.2759318834303
26122,-8.243275,-3.736991,4.348955,0.048258,0.079107,-0.019853,32.16,64.3354403652327
26132,-8.262416,-3.728018,4.335197,0.048106,0.076053,-0.021533,32.16,64.440092508059
26142,-8.247462,-3.720839,4.328616,0.046731,0.073915,-0.024282,32.1,64.4331349029373
26152,-8.245667,-3.736392,4.323233,0.046273,0.07086,-0.025962,32.1,64.4726303786193
26162,-8.246264,-3.728616,4.329215,0.045815,0.066737,-0.028253,32.15,64.4352478695268
26172,-8.253444,-3.738786,4.322634,0.044746,0.061697,-0.030543,32.15,64.4955680324866
26182,-8.252846,-3.726223,4.319643,0.043371,0.056505,-0.031612,32.18,64.4969150932345
26192,-8.257033,-3.731607,4.314259,0.043066,0.044899,-0.037263,32.18,64.5394860962075
26202,-8.259426,-3.732804,4.308876,0.041844,0.038637,-0.03879,32.16,64.5737953697452
26212,-8.256434,-3.728616,4.311268,0.041081,0.032376,-0.040317,32.16,64.5505449989008
26222,-8.255836,-3.739982,4.306482,0.039095,0.025198,-0.04215,32.16,64.5853766084509
26232,-8.267202,-3.735795,4.305884,0.039554,0.018937,-0.043524,32.17,64.6095887085364
26242,-8.255836,-3.728616,4.313063,0.038943,0.012523,-0.045204,32.17,64.5399516497469
26252,-8.238488,-3.729214,4.307679,0.037874,0.006567,-0.045051,32.14,64.5294942483974
26262,-8.245667,-3.734,4.308277,0.03711,0.000458,-0.04612,32.14,64.5473350083094
26272,-8.240283,-3.74058,4.3005,0.036499,-0.004887,-0.046884,32.14,64.5821177067907
26282,-8.236693,-3.732804,4.307679,0.03543,-0.010537,-0.047342,32.14,64.5291155584954
26292,-8.22772,-3.738187,4.311867,0.035125,-0.014661,-0.046578,32.12,64.4928467810958
26302,-8.223534,-3.722634,4.311867,0.035888,-0.019395,-0.046731,32.12,64.4676012434278
26312,-8.219944,-3.732205,4.320241,0.03543,-0.023213,-0.046884,32.12,64.4260258076287
26322,-8.219944,-3.724428,4.332206,0.034208,-0.025962,-0.046426,32.12,64.3563144781929
26332,-8.216354,-3.729812,4.329813,0.034972,-0.027947,-0.04612,32.18,64.3660737562574
26342,-8.208578,-3.73041,4.326822,0.034819,-0.029627,-0.044899,32.18,64.3645881290345
26352,-8.206783,-3.72383,4.339982,0.034972,-0.030849,-0.044288,32.16,64.2858346329733
26362,-8.197212,-3.733402,4.34417,0.035736,-0.030085,-0.04047,32.16,64.2524037899266
26372,-8.190632,-3.73041,4.350152,0.036346,-0.029322,-0.040012,32.16,64.2035232401862
26382,-8.183454,-3.721437,4.359125,0.037721,-0.0281,-0.038485,32.16,64.1316131449738
26392,-8.184052,-3.726821,4.365107,0.038026,-0.025504,-0.037415,32.16,64.1076991757242
26402,-8.186445,-3.734598,4.370491,0.038332,-0.023213,-0.037263,32.17,64.0934705203933
26412,-8.178668,-3.724428,4.371089,0.03879,-0.019853,-0.03711,32.17,64.0620946080085
26422,-8.185248,-3.722634,4.383651,0.039554,-0.015424,-0.035736,32.18,64.0105352135308
26432,-8.178668,-3.722634,4.383053,0.040317,-0.010232,-0.034056,32.18,63.9985752460014
26442,-8.183454,-3.716054,4.382454,0.040928,-0.005498,-0.033139,32.16,64.0057638611094
26452,-8.181061,-3.717848,4.389035,0.040775,0.000153,-0.031612,32.16,63.9682670094226
26462,-8.173284,-3.726821,4.392026,0.041233,0.005345,-0.030696,32.13,63.9444158819914
26472,-8.180463,-3.721437,4.392624,0.041081,0.010385,-0.03146,32.13,63.9521613824496
26482,-8.176275,-3.725027,4.400401,0.041692,0.016646,-0.030391,32.16,63.9063017646806
26492,-8.170293,-3.721437,4.399205,0.041386,0.023518,-0.029932,32.16,63.8949840288277
26502,-8.180463,-3.724428,4.400401,0.041386,0.029627,-0.029169,32.11,63.9152740967856
26512,-8.190632,-3.719045,4.402196,0.041539,0.035583,-0.029627,32.11,63.923732761737
26522,-8.169695,-3.725027,4.38724,0.041692,0.041233,-0.029322,32.16,63.9589688919008
26532,-8.175676,-3.727419,4.388436,0.041844,0.046731,-0.029169,32.16,63.968997125076
26542,-8.188837,-3.720839,4.383053,0.040775,0.057421,-0.028558,32.17,64.0199478493518
26552,-8.195418,-3.72383,4.383053,0.041233,0.061392,-0.0281,32.12,64.038069349585
26562,-8.192427,-3.732205,4.374678,0.040928,0.065668,-0.027947,32.12,64.0830417629669
26572,-8.188837,-3.727419,4.368696,0.040928,0.06918,-0.027489,32.2,64.1007171190679
26582,-8.193623,-3.721437,4.361517,0.041233,0.071166,-0.027031,32.2,64.1424238995509
26592,-8.196015,-3.733402,4.36391,0.040164,0.073915,-0.027184,32.17,64.1479015451794
26602,-8.2014,-3.731607,4.356732,0.040775,0.075747,-0.025656,32.17,64.1952590491213
26612,-8.204989,-3.726223,4.351946,0.040317,0.076664,-0.025656,32.2,64.2225185483769
26622,-8.203793,-3.732205,4.347161,0.040623,0.077274,-0.024587,32.2,64.2506430014277
26632,-8.203195,-3.735196,4.344768,0.040317,0.077122,-0.024282,32.16,64.2647132080931
26642,-8.212766,-3.734,4.336991,0.040012,0.0759,-0.024282,32.16,64.3252323964962
26652,-8.221141,-3.734,4.329215,0.040164,0.073457,-0.023671,32.15,64.3842341143999
26662,-8.221739,-3.738786,4.316054,0.040164,0.071319,-0.022449,32.15,64.4584077383215
26672,-8.218149,-3.733402,4.311867,0.040623,0.068722,-0.021991,32.16,64.4664728291905
26682,-8.220542,-3.732804,4.321437,0.040775,0.065973,-0.021991,32.16,64.4218077444479
26692,-8.242676,-3.742374,4.306482,0.041386,0.061697,-0.020922,32.16,64.5584018071954
26702,-8.242676,-3.732205,4.308876,0.041386,0.057574,-0.020464,32.16,64.5357290619643
26712,-8.233703,-3.739383,4.305286,0.041233,0.046578,-0.021533,32.14,64.5414626796858
26722,-8.245667,-3.734,4.302295,0.040317,0.041539,-0.021991,32.13,64.5782142976497
26732,-8.249256,-3.734,4.30409,0.040317,0.035125,-0.023518,32.13,64.5769704184624
26742,-8.251051,-3.739383,4.303492,0.039859,0.029322,-0.024282,32.15,64.5895130424041
26752,-8.252846,-3.738187,4.308876,0.039859,0.022755,-0.024587,32.15,64.5645366348572
26762,-8.263015,-3.736991,4.301697,0.039706,0.017257,-0.025656,32.12,64.6230482573001
26772,-8.252846,-3.729214,4.307679,0.039095,0.010843,-0.027642,32.12,64.5616368517409
26783,-8.264212,-3.732804,4.305884,0.038943,0.005498,-0.028863,32.17,64.5999064376302
26792,-8.258827,-3.738187,4.306482,0.038026,-0.000458,-0.030849,32.17,64.5902380602743
26802,-8.252247,-3.735196,4.316054,0.037415,-0.00504,-0.032376,32.14,64.5231577635302
26812,-8.246264,-3.734598,4.316652,0.037415,-0.010232,-0.03375,32.14,64.5060735869965
26822,-8.244471,-3.735196,4.312464,0.036957,-0.014508,-0.036041,32.13,64.5242660943644
26832,-8.248658,-3.736392,4.315455,0.036346,-0.018173,-0.036652,32.13,64.5194257657031
26842,-8.230712,-3.734598,4.329215,0.036499,-0.021686,-0.037721,32.11,64.4063863065587
26852,-8.230712,-3.726223,4.338786,0.036194,-0.024893,-0.040775,32.11,64.3485034182386
26862,-8.222935,-3.732205,4.338786,0.035583,-0.026725,-0.042455,32.16,64.3370816719117
26872,-8.22473,-3.723232,4.346562,0.036041,-0.028405,-0.043066,32.16,64.2918784903101
26882,-8.213365,-3.728018,4.345366,0.035736,-0.029016,-0.043982,32.13,64.2772542639365
26892,-8.209774,-3.71725,4.353741,0.035277,-0.028253,-0.044288,32.15,64.2148889657885
26902,-8.206185,-3.729214,4.363312,0.03543,-0.027489,-0.045509,32.15,64.1697478110024
26912,-8.195418,-3.709473,4.362116,0.034667,-0.025198,-0.046426,32.11,64.1310724349798
26922,-8.2014,-3.731607,4.371089,0.034208,-0.022144,-0.045968,32.11,64.1213108980302
26932,-8.193025,-3.728616,4.37408,0.034667,-0.018937,-0.045662,32.12,64.0837613352579
26942,-8.188239,-3.737589,4.38066,0.034972,-0.015272,-0.044746,32.12,64.0483021545593
26952,-8.181659,-3.725625,4.377071,0.034667,-0.011454,-0.044593,32.14,64.0393352785414
26962,-8.179267,-3.718446,4.388436,0.034361,-0.00733,-0.043982,32.14,63.9678662898249
26972,-8.160124,-3.72383,4.38425,0.034819,-0.002138,-0.043066,32.17,63.9511955472292
26982,-8.166704,-3.726821,4.398606,0.035583,0.003054,-0.041386,32.17,63.8954639306765
26992,-8.164909,-3.73041,4.393821,0.03543,0.008858,-0.040775,32.17,63.9197387536147
27002,-8.167302,-3.726223,4.386642,0.035888,0.014661,-0.039248,32.17,63.9578182275444
27012,-8.165507,-3.722634,4.391428,0.036805,0.020159,-0.037415,32.13,63.9252966079029
27022,-8.163115,-3.724428,4.393223,0.037263,0.026267,-0.036041,32.13,63.9124403118419
27032,-8.151749,-3.722036,4.386044,0.036805,0.031612,-0.03375,32.15,63.9208474592069
27042,-8.165507,-3.719045,4.388436,0.03711,0.037415,-0.03207,32.15,63.9369605533783
27052,-8.162517,-3.710072,4.377071,0.038179,0.042761,-0.028405,32.16,63.9793453360791
27062,-8.165507,-3.722634,4.377669,0.038943,0.052076,-0.026573,32.14,63.9962137209043
27072,-8.179864,-3.731009,4.377071,0.039859,0.056352,-0.025656,32.14,64.0408387453482
27082,-8.173882,-3.724428,4.372883,0.040317,0.060018,-0.024129,32.2,64.0419164353859
27092,-8.173882,-3.725027,4.36391,0.040623,0.06353,-0.022602,32.2,64.0888271225488
27102,-8.187043,-3.722634,4.372285,0.041692,0.066737,-0.020769,32.15,64.073173782755
27112,-8.192427,-3.728616,4.361517,0.041844,0.068722,-0.019242,32.15,64.1471271827455
27122,-8.194221,-3.710072,4.369295,0.042455,0.070097,-0.017257,32.18,64.0919531328516
27132,-8.192427,-3.727419,4.351946,0.042761,0.071013,-0.01741,32.18,64.1952502304607
27142,-8.204989,-3.741776,4.353143,0.042913,0.071624,-0.016341,32.12,64.2323811987499
27152,-8.219346,-3.73041,4.34058,0.043982,0.071471,-0.016952,32.12,64.3178966883582
27162,-8.219346,-3.728018,4.339384,0.043524,0.069944,-0.01573,32.21,64.3216129564672
27172,-8.219346,-3.731607,4.32742,0.04383,0.068417,-0.015119,32.21,64.3870055680948
27182,-8.228318,-3.741179,4.332804,0.044135,0.066584,-0.015577,32.12,64.3892223555122
27192,-8.235497,-3.729812,4.332206,0.043982,0.064752,-0.015424,32.12,64.3968504859956
27202,-8.237292,-3.732804,4.323233,0.04383,0.060934,-0.016799,32.16,64.4501919957109
27212,-8.237292,-3.734598,4.323233,0.043677,0.058338,-0.016952,32.16,64.4520177300835
27222,-8.246863,-3.741179,4.323233,0.043524,0.05452,-0.018937,32.13,64.4801743653322
27232,-8.240881,-3.74058,4.314857,0.042608,0.045357,-0.021991,32.13,64.5093495619139
27242,-8.257033,-3.732804,4.307081,0.042608,0.040623,-0.022144,32.13,64.5777066309451
27252,-8.260622,-3.729812,4.311867,0.041386,0.035736,-0.02474,32.19,64.5580276952964
27262,-8.245069,-3.739982,4.310072,0.041692,0.029932,-0.027031,32.19,64.5428003747944
27272,-8.255239,-3.736991,4.311268,0.040775,0.024893,-0.028558,32.15,64.5563389702955
27282,-8.25165,-3.73041,4.314259,0.040775,0.020464,-0.030391,32.15,64.5262307898867
27292,-8.258827,-3.734598,4.308876,0.040775,0.014813,-0.032834,32.14,64.5742689064714
27302,-8.260024,-3.727419,4.319045,0.039859,0.009774,-0.035277,32.14,64.517282095004
27312,-8.258827,-3.741776,4.314259,0.038637,0.004887,-0.038179,32.14,64.5537790834828
27322,-8.249256,-3.728018,4.321437,0.038637,0.000305,-0.039706,32.14,64.4814378025465
27332,-8.255836,-3.734598,4.319045,0.038943,-0.004276,-0.041844,32.15,64.5151684346941
27342,-8.246264,-3.729812,4.320839,0.038026,-0.008858,-0.043066,32.15,64.4796299340544
27352,-8.247462,-3.723232,4.324429,0.037415,-0.011912,-0.044288,32.18,64.4571396444383
27362,-8.231908,-3.726821,4.328616,0.036957,-0.014203,-0.045968,32.18,64.404235829252
27372,-8.233105,-3.72383,4.332206,0.036499,-0.017868,-0.047189,32.11,64.3853718234638
27382,-8.22772,-3.735795,4.347759,0.036346,-0.018937,-0.048106,32.11,64.3053230651439
27392,-8.215158,-3.722036,4.354339,0.035736,-0.020464,-0.049633,32.14,64.2289274985845
27402,-8.220542,-3.736991,4.345366,0.035125,-0.021838,-0.05116,32.14,64.3026780566368
27412,-8.212766,-3.726223,4.349553,0.034667,-0.021228,-0.050091,32.15,64.2524720975853
27422,-8.203793,-3.731009,4.358526,0.034972,-0.020311,-0.050396,32.15,64.190825195486
27432,-8.195418,-3.712464,4.362714,0.034514,-0.018784,-0.050855,32.15,64.1310737618983
27442,-8.19781,-3.719643,4.361517,0.034208,-0.016493,-0.049938,32.13,64.1500954619785
27452,-8.18764,-3.722634,4.376472,0.034208,-0.014355,-0.049175,32.13,64.0529649030224
27462,-8.175079,-3.732205,4.374678,0.034514,-0.010537,-0.0478,32.14,64.0434950780313
27472,-8.172088,-3.733402,4.374678,0.035125,-0.006567,-0.046273,32.14,64.0379152539374
27482,-8.175079,-3.728616,4.371089,0.035583,-0.002443,-0.044899,32.14,64.0582595835067
27492,-8.158329,-3.737589,4.386642,0.035888,0.001527,-0.043066,32.14,63.9491683722081
27502,-8.175079,-3.733402,4.380062,0.037263,0.006414,-0.041233,32.14,64.0169996553413
27512,-8.169096,-3.71725,4.374678,0.037568,0.010996,-0.038637,32.14,64.0142426982674
27522,-8.15773,-3.723232,4.380062,0.038485,0.015577,-0.035125,32.15,63.9666804181092
27532,-8.163713,-3.724428,4.376472,0.039554,0.020311,-0.033445,32.15,64.00015388919
27542,-8.160124,-3.725625,4.367499,0.040928,0.025504,-0.031765,32.13,64.0394999158264
27552,-8.169096,-3.722634,4.376472,0.041386,0.031001,-0.028253,32.13,64.0105997030455
27562,-8.163115,-3.723232,4.369295,0.043371,0.035583,-0.025656,32.14,64.034570881152
27572,-8.181061,-3.725625,4.377071,0.044135,0.040317,-0.020922,32.14,64.0379700624212
27582,-8.173284,-3.719045,4.369893,0.04612,0.047953,-0.017562,32.14,64.0503716494373
27592,-8.179267,-3.72383,4.371687,0.046731,0.052229,-0.016035,32.12,64.0597572045247
27602,-8.172088,-3.729812,4.365705,0.047342,0.055131,-0.015424,32.12,64.0804505804004
27612,-8.184052,-3.722036,4.365107,0.048106,0.058185,-0.013744,32.11,64.1027374246475
27622,-8.204989,-3.734,4.369893,0.048258,0.06017,-0.012828,32.11,64.1380939114083
27632,-8.198408,-3.726821,4.365107,0.049022,0.062308,-0.011759,32.14,64.1403673400174
27642,-8.213962,-3.725027,4.35733,0.048717,0.063835,-0.012981,32.14,64.2138822310192
27652,-8.213962,-3.719643,4.360321,0.049022,0.064904,-0.012828,32.16,64.1929456752068
27662,-8.220542,-3.734,4.359723,0.049022,0.065821,-0.01237,32.16,64.2256826922788
27672,-8.224131,-3.72383,4.354339,0.048411,0.065668,-0.013592,32.13,64.2510813987829
27682,-8.213365,-3.721437,4.356732,0.047342,0.065668,-0.015119,32.13,64.2119207116048
27692,-8.234302,-3.720839,4.346562,0.046426,0.06521,-0.016341,32.12,64.3110521969467
27702,-8.239087,-3.728018,4.346562,0.045662,0.064141,-0.018326,32.12,64.3291665077963
27712,-8.251051,-3.728018,4.34417,0.045357,0.062766,-0.021075,32.13,64.3684105033517
27722,-8.240881,-3.72383,4.343571,0.044135,0.060628,-0.022602,32.13,64.3443377883913
27732,-8.255239,-3.728616,4.332206,0.043066,0.058185,-0.024435,32.15,64.4399906509987
27742,-8.243872,-3.741776,4.322634,0.042302,0.055131,-0.027184,32.15,64.4771669107589
27752,-8.252247,-3.729214,4.318447,0.040164,0.047495,-0.031154,32.13,64.5047650414382
27762,-8.246264,-3.73041,4.316652,0.039706,0.043677,-0.032834,32.16,64.5018264360562
27772,-8.25165,-3.729812,4.316652,0.039554,0.039554,-0.03543,32.16,64.5132868521621
27782,-8.261818,-3.733402,4.325625,0.039401,0.035125,-0.037721,32.14,64.4934573341026
27792,-8.258228,-3.734598,4.318447,0.039554,0.030391,-0.038485,32.14,64.5236008389826
27802,-8.253444,-3.728616,4.313063,0.038485,0.025198,-0.040012,32.12,64.5345990853015
27812,-8.244471,-3.735196,4.311268,0.037874,0.020159,-0.041997,32.12,64.5304366611819
27822,-8.242078,-3.734598,4.322036,0.037721,0.015577,-0.043371,32.15,64.4689296021675
27832,-8.234302,-3.73041,4.312464,0.037568,0.010079,-0.045204,32.15,64.4966148630554
27842,-8.236693,-3.732205,4.312464,0.037721,0.005651,-0.045662,32.13,64.5038018182698
27852,-8.234302,-3.727419,4.31067,0.037263,0.002443,-0.045662,32.13,64.502839597878
27862,-8.213365,-3.728616,4.322634,0.036805,-0.002291,-0.045662,32.15,64.3951793741128
27872,-8.219346,-3.737589,4.319045,0.036957,-0.005498,-0.046731,32.15,64.4363598600293
27882,-8.214561,-3.732804,4.323233,0.036652,-0.008399,-0.045357,32.12,64.3990670585331
27892,-8.213962,-3.727419,4.325625,0.03711,-0.012523,-0.045815,32.12,64.3798518924284
27902,-8.210971,-3.735795,4.323233,0.037874,-0.015272,-0.045204,32.19,64.3940429236098
27912,-8.207382,-3.733402,4.337589,0.037874,-0.017715,-0.044746,32.19,64.309372620173
27922,-8.199007,-3.736991,4.339384,0.037721,-0.020464,-0.042913,32.15,64.284869216356
27932,-8.201998,-3.725027,4.338786,0.038637,-0.019853,-0.041539,32.16,64.2824066664124
27942,-8.209177,-3.73041,4.351348,0.039706,-0.020006,-0.040317,32.16,64.2393992255322
27952,-8.204989,-3.728616,4.359723,0.039248,-0.019395,-0.039401,32.14,64.1849033794492
27962,-8.193025,-3.719045,4.358526,0.039859,-0.018021,-0.03879,32.14,64.1540161346488
27972,-8.196015,-3.725625,4.363312,0.040623,-0.015424,-0.037568,32.13,64.1429398610211
27982,-8.190034,-3.736991,4.371687,0.040928,-0.012523,-0.037568,32.13,64.0979633458458
27992,-8.202596,-3.729812,4.37408,0.040775,-0.008858,-0.03711,32.19,64.1067799181725
28002,-8.192427,-3.71725,4.383651,0.041081,-0.005956,-0.036957,32.19,64.0213468661604
28012,-8.189436,-3.732205,4.387838,0.041844,-0.001222,-0.036194,32.13,64.0085006857239
28022,-8.184052,-3.721437,4.377071,0.041692,0.003054,-0.035583,32.13,64.0404477909346
28032,-8.182856,-3.731607,4.383651,0.041692,0.007789,-0.035888,32.14,64.0144049154789
28042,-8.184052,-3.733402,4.38425,0.04215,0.013286,-0.035583,32.14,64.0159204587528
28052,-8.179864,-3.727419,4.388436,0.042608,0.018326,-0.035736,32.13,63.9785763137649
28062,-8.193623,-3.723232,4.395017,0.043219,0.023671,-0.035736,32.13,63.9718226917964
28072,-8.191828,-3.717848,4.400401,0.042761,0.029016,-0.036805,32.14,63.9344514911516
28082,-8.17807,-3.719643,4.38425,0.04215,0.034056,-0.036041,32.14,63.9879292435029
28092,-8.179864,-3.725625,4.39083,0.042608,0.045051,-0.034819,32.12,63.9643856104441
28102,-8.190034,-3.731009,4.384848,0.043066,0.049175,-0.034514,32.11,64.0240032958096
28112,-8.17807,-3.732205,4.382454,0.042913,0.053756,-0.032987,32.11,64.0102623049996
28122,-8.187043,-3.734598,4.381856,0.043371,0.057116,-0.032529,32.15,64.0363096576784
28132,-8.188837,-3.728018,4.374678,0.042913,0.060323,-0.03146,32.15,64.0705203029278
28142,-8.181659,-3.735795,4.371089,0.042455,0.06353,-0.030543,32.1,64.0807336093705
28152,-8.18764,-3.728616,4.359125,0.042608,0.065821,-0.02978,32.1,64.1485759855453
28162,-8.188239,-3.723232,4.355535,0.043219,0.067348,-0.027947,32.12,64.1628862602859
28172,-8.199007,-3.731607,4.356732,0.043677,0.06857,-0.026725,32.12,64.1898301762019
28182,-8.194221,-3.728018,4.338188,0.043524,0.06918,-0.025809,32.13,64.2709605264872
28192,-8.20798,-3.72383,4.345964,0.043982,0.069944,-0.025045,32.13,64.2576819333489
28202,-8.196015,-3.732804,4.339982,0.04444,0.06857,-0.024282,32.13,64.2706937853764
28212,-8.206783,-3.722634,4.335197,0.04444,0.067195,-0.02306,32.13,64.3093068961639
28222,-8.213365,-3.734,4.335197,0.043677,0.065057,-0.022755,32.12,64.3358396456188
28232,-8.215158,-3.73041,4.320241,0.043371,0.063377,-0.021686,32.12,64.4134164122836
28242,-8.219944,-3.728018,4.322036,0.04444,0.061392,-0.020159,32.15,64.4124793293813
28252,-8.230712,-3.732804,4.316054,0.044899,0.057574,-0.020311,32.15,64.4724587996795
28262,-8.227122,-3.735196,4.316054,0.044899,0.053603,-0.018937,32.13,64.4668347473513
28272,-8.230114,-3.735196,4.314857,0.04444,0.046426,-0.020311,32.16,64.4797320353272
28282,-8.239684,-3.737589,4.316652,0.044746,0.041233,-0.020464,32.16,64.4943678840199
28292,-8.245667,-3.733402,4.305884,0.044135,0.036805,-0.020617,32.17,64.5590801612677
28302,-8.242676,-3.734,4.305884,0.043982,0.032987,-0.020464,32.17,64.5529942042336
28312,-8.248059,-3.735795,4.307679,0.04383,0.027794,-0.022907,32.18,64.5575898125335
28322,-8.257631,-3.729214,4.31725,0.04383,0.021991,-0.023213,32.18,64.5229893501365
28332,-8.247462,-3.732804,4.307679,0.043066,0.017257,-0.024282,32.16,64.5532256758697
28342,-8.252846,-3.74716,4.321437,0.043371,0.012523,-0.025656,32.16,64.5088923453101
28352,-8.251051,-3.734598,4.312464,0.042608,0.007483,-0.027947,32.12,64.5383862435424
28362,-8.255239,-3.734598,4.320839,0.041844,0.003512,-0.029932,32.12,64.5045892009071
28372,-8.246863,-3.737589,4.319045,0.042302,-0.000305,-0.031612,32.15,64.4981123980808
28382,-8.236693,-3.727419,4.323233,0.042302,-0.004734,-0.033292,32.15,64.4433686897404
28392,-8.249854,-3.732205,4.32742,0.041233,-0.007789,-0.035583,32.16,64.4561950353045
28402,-8.240283,-3.729812,4.33041,0.040775,-0.011759,-0.03711,32.16,64.4168687944256
28412,-8.243275,-3.729812,4.335197,0.040012,-0.014203,-0.039248,32.12,64.3989333126099
28422,-8.236693,-3.728018,4.342973,0.040317,-0.016035,-0.040317,32.12,64.342247439944
28432,-8.23131,-3.722634,4.345964,0.039859,-0.017715,-0.041233,32.17,64.3092094600756
28442,-8.223534,-3.731607,4.351946,0.038943,-0.019242,-0.044899,32.17,64.2700228071842
28452,-8.221739,-3.72383,4.351348,0.038179,-0.019242,-0.046273,32.15,64.2610734095554
28462,-8.22473,-3.728018,4.357928,0.036957,-0.018784,-0.046731,32.14,64.2382538732172
28472,-8.20798,-3.719643,4.375276,0.036194,-0.017715,-0.0478,32.14,64.1023724139611
28482,-8.210373,-3.732804,4.375875,0.035736,-0.015882,-0.048411,32.19,64.1183116608268
28492,-8.200802,-3.728018,4.378268,0.034972,-0.013744,-0.050549,32.19,64.0792933385169
28502,-8.190632,-3.73041,4.377669,0.034819,-0.010537,-0.050244,32.15,64.0616918540521
28512,-8.184649,-3.726223,4.387838,0.034667,-0.00733,-0.050244,32.15,63.9913467924473
28522,-8.188837,-3.734598,4.386044,0.033903,-0.003207,-0.049633,32.14,64.0188514149631
28532,-8.188837,-3.719643,4.386642,0.033292,-0.000458,-0.049633,32.14,64.0002341212396
28542,-8.176873,-3.720839,4.389035,0.032834,0.003665,-0.047953,32.16,63.9617931269415
28552,-8.181659,-3.726821,4.383053,0.032223,0.008399,-0.046731,32.16,64.0097686146957
28562,-8.181061,-3.725625,4.384848,0.032223,0.013897,-0.045662,32.13,63.9979152201881
28572,-8.166105,-3.724428,4.385446,0.032834,0.018021,-0.04444,32.13,63.9593633085945
28582,-8.162517,-3.722634,4.381258,0.032681,0.023213,-0.042302,32.14,63.970857403265
28592,-8.179267,-3.731009,4.38425,0.032987,0.027642,-0.041386,32.14,64.0025020131871
28602,-8.161918,-3.727419,4.381856,0.034361,0.032987,-0.038332,32.14,63.9714043217076
28612,-8.172686,-3.725027,4.366901,0.034208,0.042455,-0.034056,32.14,64.0706641669768
28622,-8.164909,-3.732205,4.377071,0.035888,0.046731,-0.03207,32.16,64.0079253395733
28632,-8.167302,-3.732804,4.371687,0.037415,0.050549,-0.02978,32.14,64.0417857573312
28642,-8.177471,-3.725027,4.368696,0.037874,0.054062,-0.027489,32.14,64.0723251762387
28652,-8.169096,-3.725625,4.372285,0.038637,0.057574,-0.025045,32.14,64.0353117591353
28662,-8.176873,-3.733402,4.360919,0.039401,0.060781,-0.022907,32.14,64.1197852444059
28672,-8.184052,-3.727419,4.368696,0.040164,0.062308,-0.021533,32.13,64.089816292512
28682,-8.181659,-3.718446,4.35075,0.041844,0.064752,-0.018937,32.13,64.1676657898751
28692,-8.188837,-3.739982,4.345964,0.041692,0.065515,-0.01741,32.14,64.2309684344968
28702,-8.194221,-3.737589,4.353741,0.042608,0.066279,-0.01573,32.14,64.2005766484687
28712,-8.206185,-3.736991,4.34417,0.043524,0.066737,-0.014966,32.14,64.2764097555702
28722,-8.21157,-3.728616,4.342375,0.043219,0.065973,-0.013439,32.14,64.2892321953957
28732,-8.208578,-3.733402,4.335794,0.043066,0.06521,-0.012217,32.13,64.3213375822789
28742,-8.220542,-3.729214,4.335794,0.044135,0.06353,-0.011912,32.13,64.3440497390946
28752,-8.230114,-3.726821,4.339384,0.04383,0.060934,-0.011148,32.14,64.3446840769828
28762,-8.217552,-3.728616,4.339384,0.044135,0.058338,-0.010843,32.14,64.3181746407949
28772,-8.239087,-3.736991,4.323831,0.043371,0.054825,-0.011912,32.13,64.4553988008952
28782,-8.247462,-3.738786,4.314857,0.043677,0.051771,-0.012981,32.13,64.5222604692127
28792,-8.243275,-3.727419,4.317849,0.042302,0.043524,-0.01405,32.19,64.4859176714623
28802,-8.240283,-3.736392,4.320241,0.04215,0.039095,-0.014813,32.12,64.4759830308977
28812,-8.243275,-3.728018,4.32742,0.041844,0.03375,-0.016952,32.12,64.4371770357936
28822,-8.257631,-3.722036,4.323233,0.040775,0.029016,-0.01909,32.14,64.4849065739287
28832,-8.257631,-3.729214,4.323831,0.040012,0.024587,-0.020311,32.14,64.4890834758668
28842,-8.263015,-3.732205,4.322036,0.038179,0.0197,-0.023824,32.14,64.5134038090333
28852,-8.25464,-3.736392,4.319643,0.036957,0.014508,-0.026267,32.14,64.511227495632
28862,-8.245667,-3.729812,4.321437,0.036652,0.010232,-0.028253,32.12,64.4752079707198
28872,-8.255836,-3.736392,4.323831,0.036041,0.005956,-0.030391,32.12,64.4923308896867
28882,-8.257033,-3.736991,4.323831,0.035277,0.001222,-0.032681,32.09,64.4956171786476
28892,-8.243872,-3.728018,4.323831,0.034208,-0.002443,-0.034972,32.09,64.4570174484293
28902,-8.246264,-3.738187,4.331607,0.033292,-0.00672,-0.037415,32.14,64.4326540487077
28912,-8.247462,-3.734598,4.334,0.032834,-0.010079,-0.039706,32.14,64.4193714263806
28922,-8.243275,-3.737589,4.332206,0.031765,-0.01237,-0.040928,32.16,64.4222518309382
28932,-8.230712,-3.732205,4.334,0.031154,-0.014508,-0.042455,32.16,64.3792756079587
28942,-8.23131,-3.736991,4.348955,0.030391,-0.016493,-0.04383,32.13,64.3084868864236
28952,-8.216953,-3.736991,4.344768,0.030849,-0.018173,-0.043524,32.13,64.2976575287833
28962,-8.209774,-3.723232,4.334,0.030391,-0.019395,-0.045357,32.07,64.3228634163546
28972,-8.207382,-3.728018,4.352544,0.02978,-0.0197,-0.045357,32.17,64.2267073163016
28982,-8.204989,-3.739383,4.363312,0.029016,-0.019548,-0.045968,32.17,64.1775322106951
28992,-8.19781,-3.725625,4.354938,0.028711,-0.018021,-0.045509,32.12,64.1901875018604
29002,-8.193623,-3.738187,4.365107,0.029016,-0.015577,-0.044899,32.12,64.1412561679532
29012,-8.199606,-3.724428,4.365107,0.029474,-0.014355,-0.044899,32.14,64.1406188255722
29022,-8.2014,-3.734,4.372285,0.029627,-0.011606,-0.044288,32.14,64.1176304642595
29032,-8.173882,-3.732804,4.369295,0.030085,-0.009163,-0.043219,32.16,64.0691404560876
29042,-8.175676,-3.719643,4.369295,0.029627,-0.006414,-0.04215,32.16,64.0595426909397
29052,-8.181659,-3.719643,4.378866,0.030085,-0.002902,-0.040775,32.11,64.0238708678742
29062,-8.182258,-3.720839,4.371089,0.030238,0.000916,-0.039859,32.11,64.0665602822232
29072,-8.170293,-3.724428,4.375276,0.031001,0.004581,-0.038637,32.13,64.0213745518491
29082,-8.172686,-3.735795,4.378268,0.031307,0.008399,-0.038026,32.13,64.0232748574466
29092,-8.1679,-3.71725,4.383053,0.031918,0.013439,-0.036194,32.16,63.9683169671783
29102,-8.166704,-3.728616,4.384848,0.032987,0.018326,-0.033598,32.16,63.9681934428217
29112,-8.172088,-3.720839,4.380062,0.033292,0.021991,-0.032529,32.13,63.9970660150264
29122,-8.163115,-3.72383,4.379463,0.033445,0.025504,-0.031307,32.13,63.9827335647943
29132,-8.169096,-3.721437,4.371089,0.034972,0.03543,-0.027947,32.15,64.0371182163668
29142,-8.16132,-3.720241,4.38724,0.035888,0.039706,-0.02642,32.14,63.9347699244284
29152,-8.172088,-3.722634,4.365107,0.037263,0.044135,-0.023824,32.14,64.0760673222515
29162,-8.180463,-3.725625,4.371089,0.037874,0.047953,-0.022297,32.16,64.0674342816258
29172,-8.176873,-3.725625,4.363312,0.038637,0.05116,-0.021075,32.16,64.0993558075412
29182,-8.179267,-3.719045,4.371687,0.039095,0.055436,-0.018326,32.12,64.0547867303476
29192,-8.200203,-3.716652,4.374678,0.039554,0.058338,-0.018173,32.12,64.0846558793068
29202,-8.189436,-3.735196,4.366901,0.040775,0.061087,-0.016799,32.11,64.1193945427537
29212,-8.192427,-3.728018,4.359125,0.040317,0.063072,-0.016341,32.11,64.1588408743613
29222,-8.2014,-3.729812,4.348955,0.04047,0.064752,-0.014813,32.13,64.2335041627102
29232,-8.201998,-3.745964,4.368098,0.040623,0.065821,-0.014508,32.13,64.1529219180759
29242,-8.212766,-3.733402,4.347161,0.040928,0.066584,-0.013592,32.11,64.2721770285733
29252,-8.213962,-3.725027,4.342973,0.040775,0.065973,-0.013744,32.11,64.2878744163316
29262,-8.22772,-3.729812,4.354339,0.040012,0.065057,-0.013286,32.15,64.2653229366287
29272,-8.219944,-3.731607,4.334598,0.040928,0.064446,-0.014203,32.15,64.35131880959
29282,-8.233105,-3.735196,4.336392,0.04047,0.062308,-0.015424,32.1,64.3753887300932
29292,-8.237292,-3.737589,4.326822,0.039401,0.059101,-0.016035,32.1,64.4365596456337
29302,-8.2349,-3.735795,4.32742,0.038943,0.056658,-0.018479,32.13,64.4262761484583
29312,-8.247462,-3.727419,4.315455,0.037568,0.048411,-0.021075,32.14,64.5076540609904
29322,-8.253444,-3.727419,4.321437,0.03711,0.044135,-0.021991,32.14,64.4902195194117
29332,-8.251051,-3.728018,4.316652,0.036805,0.039401,-0.023824,32.12,64.5101292618137
29342,-8.249854,-3.729214,4.310072,0.036499,0.034208,-0.026267,32.12,64.5425968976588
29352,-8.25464,-3.735196,4.311867,0.036194,0.029016,-0.0281,32.14,64.5500959536268
29362,-8.25464,-3.73041,4.303492,0.034972,0.023213,-0.030391,32.14,64.5884592790682
29372,-8.25464,-3.73041,4.321437,0.034514,0.018021,-0.032376,32.16,64.4959267136029
29382,-8.253444,-3.741179,4.315455,0.034514,0.012981,-0.033598,32.16,64.5349837151377
29392,-8.248059,-3.74058,4.319045,0.034361,0.007941,-0.03375,32.15,64.503826712037
29402,-8.228917,-3.736392,4.318447,0.033598,0.00336,-0.034972,32.15,64.459731988952
29412,-8.243872,-3.724428,4.317849,0.032681,-0.000916,-0.036499,32.11,64.4842240921843
29422,-8.234302,-3.738187,4.322634,0.032529,-0.005498,-0.037568,32.11,64.4520498485184
29432,-8.229516,-3.727419,4.318447,0.032223,-0.008552,-0.038485,32.13,64.4519353127113
29442,-8.234302,-3.731009,4.320839,0.031765,-0.012065,-0.03879,32.13,64.4539989915674
29452,-8.221739,-3.733402,4.323831,0.03207,-0.014661,-0.038943,32.15,64.4127535432029
29462,-8.223534,-3.745365,4.332206,0.031612,-0.017562,-0.03879,32.15,64.3858289971334
29472,-8.218747,-3.727419,4.335197,0.031001,-0.0197,-0.039859,32.1,64.3412417595877
29482,-8.213962,-3.731607,4.346562,0.031154,-0.020617,-0.037568,32.11,64.2761242366812
29492,-8.21157,-3.731607,4.342375,0.031001,-0.021228,-0.038332,32.11,64.2923037584767
29502,-8.196015,-3.741776,4.353143,0.031612,-0.021228,-0.038332,32.09,64.2120585885189
29512,-8.194221,-3.731009,4.351946,0.032834,-0.020464,-0.03711,32.09,64.2030317312492
29522,-8.19781,-3.727419,4.359125,0.032223,-0.01909,-0.037874,32.11,64.1704526894953
29532,-8.18764,-3.728616,4.362714,0.032376,-0.018326,-0.036805,32.11,64.1300678895137
29542,-8.19123,-3.733402,4.366901,0.032529,-0.015882,-0.037568,32.16,64.1216144505057
29552,-8.185248,-3.732804,4.371687,0.032681,-0.013286,-0.036346,32.16,64.0827190411135
29562,-8.192427,-3.736991,4.378268,0.033292,-0.011301,-0.036652,32.13,64.0695295218165
29572,-8.2014,-3.720241,4.37408,0.03375,-0.008247,-0.036652,32.13,64.0941675636762
29582,-8.184649,-3.728616,4.375276,0.03375,-0.003971,-0.036194,32.17,64.0585131165443
29592,-8.190632,-3.726821,4.381856,0.034056,-0.000153,-0.036346,32.17,64.0364143803065
29602,-8.187043,-3.719643,4.389035,0.033292,0.004734,-0.035736,32.14,63.9838188201915
29612,-8.179267,-3.735196,4.387838,0.033598,0.009621,-0.034667,32.14,63.9883979887632
29622,-8.176873,-3.733402,4.386044,0.033445,0.014355,-0.034819,32.15,63.9902909124265
29632,-8.177471,-3.724428,4.383053,0.034361,0.018784,-0.033598,32.15,63.9977059494273
29642,-8.18764,-3.733402,4.393821,0.034667,0.023671,-0.032681,32.12,63.9748783295111
29652,-8.181061,-3.73041,4.397409,0.034972,0.034667,-0.030849,32.12,63.938269351449
29662,-8.184052,-3.719643,4.395017,0.035277,0.039401,-0.029474,32.15,63.9461986890943
29672,-8.17807,-3.723232,4.390232,0.034514,0.043982,-0.029169,32.18,63.9608644421388
29682,-8.184052,-3.728616,4.385446,0.034361,0.048717,-0.028405,32.18,64.0047832736977
29692,-8.194819,-3.720241,4.376472,0.034972,0.053451,-0.026878,32.14,64.0668585871667
29702,-8.199007,-3.726223,4.371089,0.034972,0.057421,-0.026114,32.14,64.1103017281158
29712,-8.18764,-3.716652,4.360321,0.035277,0.060628,-0.024893,32.13,64.1300252626243
29722,-8.196614,-3.714857,4.368696,0.035277,0.062614,-0.025045,32.13,64.1054352152492
29732,-8.19781,-3.725027,4.368098,0.035888,0.064904,-0.023671,32.13,64.1217455860703
29742,-8.192427,-3.725027,4.354938,0.035277,0.066584,-0.02306,32.13,64.177342907477
29752,-8.196015,-3.724428,4.355535,0.035277,0.067042,-0.023366,32.13,64.1817969186396
29762,-8.206783,-3.727419,4.341179,0.036346,0.067501,-0.022907,32.13,64.2833447505665
29772,-8.218747,-3.732205,4.338786,0.035583,0.067348,-0.022602,32.14,64.3276335702451
29782,-8.219346,-3.725625,4.335794,0.036194,0.065821,-0.022602,32.14,64.3376782749962
29792,-8.206185,-3.729812,4.318447,0.036346,0.064599,-0.021991,32.14,64.4018545296285
29802,-8.215158,-3.733402,4.322634,0.036194,0.062461,-0.021686,32.14,64.4041174155754
29812,-8.222935,-3.72383,4.316054,0.037415,0.059865,-0.02138,32.12,64.4458371399748
29822,-8.228318,-3.733402,4.320241,0.037568,0.057269,-0.0197,32.12,64.4460784020348
29832,-8.236095,-3.734,4.311867,0.038485,0.04948,-0.019548,32.15,64.5073669569135
29842,-8.216354,-3.738786,4.302894,0.038332,0.045051,-0.019853,32.14,64.5143305755591
29852,-8.219346,-3.726223,4.308277,0.039401,0.040775,-0.01909,32.14,64.4803979013451
29862,-8.234302,-3.732804,4.301099,0.039706,0.034972,-0.01909,32.16,64.5577519201763
29872,-8.228917,-3.737589,4.31725,0.039554,0.031307,-0.018937,32.16,64.4671308226021
29882,-8.24148,-3.728018,4.303492,0.039859,0.025962,-0.018784,32.15,64.5566079774225
29892,-8.237292,-3.74058,4.299902,0.040012,0.020464,-0.01909,32.15,64.5785207550222
29902,-8.230712,-3.738786,4.305884,0.04047,0.015272,-0.01909,32.13,64.5310676178459
29912,-8.240283,-3.738187,4.311867,0.040317,0.009621,-0.020922,32.13,64.5210050194411
29922,-8.250452,-3.735196,4.320839,0.040775,0.004734,-0.020769,32.18,64.4944764709186
29932,-8.25165,-3.735795,4.313661,0.039401,-0.000611,-0.022449,32.18,64.5347659214916
29942,-8.249256,-3.729214,4.321437,0.039095,-0.004429,-0.022144,32.12,64.4826498805026
29952,-8.236693,-3.728616,4.325027,0.040012,-0.00733,-0.023366,32.12,64.435333631298
29962,-8.242676,-3.720839,4.323831,0.039095,-0.011301,-0.025198,32.14,64.4470462108736
29972,-8.236693,-3.736991,4.333402,0.037874,-0.014813,-0.027642,32.14,64.4006951379263
29982,-8.247462,-3.729214,4.341777,0.036194,-0.017104,-0.028711,32.14,64.3738660323349
29992,-8.225926,-3.729812,4.353741,0.035583,-0.019242,-0.031918,32.14,64.2643471040142
30002,-8.231908,-3.722634,4.352544,0.034361,-0.020922,-0.035583,32.14,64.276681128165
30012,-8.222935,-3.734598,4.365705,0.032529,-0.022144,-0.037721,32.12,64.2009394739915
30022,-8.222935,-3.729214,4.375276,0.031918,-0.021228,-0.039706,32.12,64.1462013539502
30032,-8.219944,-3.729214,4.36391,0.030543,-0.019853,-0.041997,32.19,64.1978662256989
30042,-8.212168,-3.734598,4.38066,0.030543,-0.018784,-0.044135,32.19,64.0996432684218
30052,-8.195418,-3.721437,4.371089,0.028863,-0.016646,-0.045968,32.15,64.0971825356227
30062,-8.203195,-3.731607,4.37408,0.028405,-0.014813,-0.047037,32.15,64.1099979302792
30072,-8.198408,-3.73041,4.375875,0.027184,-0.011606,-0.047342,32.13,64.0886342046619
30082,-8.201998,-3.73041,4.374678,0.026267,-0.008858,-0.048717,32.13,64.1029612061388
30092,-8.195418,-3.725027,4.381856,0.025962,-0.005498,-0.049786,32.12,64.0454688108441
30102,-8.182258,-3.723232,4.381258,0.025656,-0.001833,-0.04948,32.12,64.016647817214
30112,-8.17807,-3.724428,4.378866,0.024282,0.00168,-0.049938,32.15,64.020645078389
30122,-8.183454,-3.724428,4.382454,0.024893,0.006261,-0.048411,32.15,64.0144644482758
30132,-8.172686,-3.72383,4.389035,0.025504,0.011148,-0.048564,32.17,63.9553241035811
30142,-8.179864,-3.728018,4.379463,0.025656,0.016493,-0.047495,32.17,64.0254034284574
30152,-8.176873,-3.722634,4.381258,0.02642,0.020617,-0.045509,32.13,64.003717524446
30162,-8.172686,-3.728018,4.371687,0.026267,0.024587,-0.04383,32.13,64.0490904066144
30172,-8.162517,-3.726223,4.377669,0.027336,0.032834,-0.039095,32.15,63.9931171961223
30182,-8.170892,-3.722634,4.372285,0.029016,0.037415,-0.036499,32.13,64.0363005143144
30192,-8.1679,-3.72383,4.360919,0.030543,0.041081,-0.033598,32.13,64.0893715009481
30202,-8.168499,-3.731607,4.376472,0.031612,0.045051,-0.031612,32.11,64.0185955600127
30212,-8.159525,-3.721437,4.365107,0.033292,0.049022,-0.0281,32.11,64.0461118539482
30222,-8.168499,-3.71725,4.360919,0.034819,0.051618,-0.025504,32.1,64.083895484704
30232,-8.169096,-3.733402,4.357928,0.036041,0.053603,-0.022907,32.1,64.1175086722484
30242,-8.179267,-3.725625,4.353143,0.03711,0.0562,-0.020617,32.14,64.1572979933124
30252,-8.182856,-3.729812,4.353741,0.038332,0.057421,-0.017868,32.14,64.1667153054279
30263,-8.199606,-3.73041,4.34417,0.039706,0.059407,-0.015272,32.12,64.2547414516063
30272,-8.188837,-3.732205,4.354938,0.040012,0.059865,-0.014355,32.12,64.1766105001866
30282,-8.196614,-3.729812,4.344768,0.041081,0.06017,-0.011759,32.15,64.2442597248549
30292,-8.202596,-3.731607,4.343571,0.042608,0.06017,-0.010537,32.15,64.2658356927801
30302,-8.217552,-3.732804,4.34058,0.043066,0.059712,-0.009774,32.15,64.3163006318218
30312,-8.213365,-3.728018,4.336392,0.044288,0.059407,-0.00901,32.15,64.3235388760771
30322,-8.217552,-3.727419,4.329215,0.04444,0.057574,-0.009468,32.17,64.3694131723934
30332,-8.229516,-3.734,4.32742,0.04444,0.056352,-0.008247,32.17,64.4123427853173
30342,-8.233105,-3.732804,4.334,0.04444,0.051618,-0.008552,32.13,64.3852730536577
30352,-8.245069,-3.733402,4.333402,0.043371,0.048411,-0.010079,32.15,64.4158606297158
30362,-8.252247,-3.736991,4.326822,0.043677,0.045204,-0.010996,32.15,64.469496103722
30372,-8.242676,-3.737589,4.322634,0.042455,0.041386,-0.012217,32.18,64.4702283631348
30382,-8.256434,-3.731607,4.325625,0.04215,0.036805,-0.014508,32.18,64.4795843276564
30392,-8.260024,-3.741179,4.320839,0.040775,0.033292,-0.017104,32.15,64.5219555407461
30402,-8.253444,-3.731009,4.324429,0.040317,0.029016,-0.018326,32.15,64.4784389043926
30412,-8.249854,-3.74058,4.321437,0.039095,0.024587,-0.021991,32.14,64.4955182392039
30422,-8.257631,-3.738786,4.315455,0.038179,0.0197,-0.023671,32.14,64.5419191640744
30432,-8.254042,-3.733402,4.326822,0.037568,0.015577,-0.026267,32.17,64.4698786152895
30442,-8.249854,-3.729812,4.325625,0.036194,0.01069,-0.028711,32.17,64.463014914546
30452,-8.243872,-3.734598,4.322634,0.034819,0.00672,-0.030391,32.14,64.4698704458742
30462,-8.242676,-3.729812,4.325027,0.032987,0.003512,-0.032223,32.14,64.4499888353073
30472,-8.232506,-3.73041,4.332206,0.032681,-0.000916,-0.03375,32.16,64.3907297857677
30482,-8.239684,-3.745964,4.323831,0.031765,-0.004581,-0.035125,32.16,64.4658756022266
30492,-8.232506,-3.734598,4.33041,0.030543,-0.007941,-0.037721,32.16,64.40425991834
30502,-8.236095,-3.734,4.339982,0.029627,-0.010385,-0.038485,32.16,64.3624055700182
30512,-8.217552,-3.731607,4.338786,0.029474,-0.012675,-0.040623,32.18,64.3243236380316
30522,-8.227122,-3.728018,4.345964,0.027794,-0.01573,-0.041844,32.12,64.3052573123583
30532,-8.213365,-3.72383,4.344768,0.028405,-0.016188,-0.041844,32.12,64.2760398375569
30542,-8.210373,-3.733402,4.342973,0.028405,-0.016952,-0.042761,32.14,64.2883586208435
30552,-8.209177,-3.729214,4.344768,0.028405,-0.017562,-0.043677,32.14,64.2720926011796
30562,-8.202596,-3.739982,4.353143,0.028253,-0.017104,-0.043982,32.12,64.225112042707
30572,-8.195418,-3.735196,4.355535,0.028711,-0.015577,-0.04383,32.12,64.1915666092841
30582,-8.195418,-3.736392,4.359125,0.029474,-0.013744,-0.043219,32.16,64.1742975410404
30592,-8.181659,-3.731009,4.36391,0.028711,-0.011912,-0.043524,32.16,64.1127682998856
30602,-8.185846,-3.726821,4.364508,0.029627,-0.009468,-0.043219,32.14,64.1148736585469
30612,-8.181061,-3.73041,4.362714,0.030543,-0.007025,-0.043219,32.14,64.1169530009718
30622,-8.184052,-3.716652,4.377669,0.031154,-0.003665,-0.041997,32.19,64.0324004767872
30632,-8.17807,-3.73041,4.369893,0.031765,-0.000764,-0.041997,32.19,64.0731164463984
30642,-8.181659,-3.726821,4.369295,0.03146,0.002902,-0.04215,32.16,64.0806527856341
30652,-8.175079,-3.71725,4.383651,0.032681,0.007178,-0.040012,32.16,63.9816787404119
30662,-8.168499,-3.725625,4.383651,0.032376,0.011301,-0.03879,32.13,63.9753463211415
30672,-8.181061,-3.722634,4.377071,0.033292,0.015577,-0.038332,32.13,64.0348610057509
30682,-8.178668,-3.729214,4.377071,0.034361,0.020006,-0.036652,32.14,64.0362405898943
30692,-8.186445,-3.725027,4.382454,0.034361,0.029474,-0.033292,32.14,64.0219177568482
30702,-8.188239,-3.719045,4.38066,0.035736,0.033139,-0.032529,32.14,64.0290411922387
30712,-8.169695,-3.722634,4.368696,0.036346,0.037874,-0.029016,32.11,64.0520808876808
30722,-8.176275,-3.719643,4.378268,0.036346,0.040928,-0.0281,32.11,64.0146452177308
30732,-8.183454,-3.722036,4.372883,0.036194,0.044899,-0.02642,32.1,64.0612846330908
30742,-8.184052,-3.725625,4.377669,0.035736,0.048106,-0.025656,32.1,64.0417169139688
30752,-8.190632,-3.719045,4.368098,0.036805,0.05116,-0.024282,32.14,64.0992154397516
30762,-8.193025,-3.731009,4.372883,0.036499,0.054367,-0.022907,32.14,64.0924054970326
30772,-8.190034,-3.728616,4.356134,0.036957,0.056505,-0.02138,32.14,64.1694461535367
30782,-8.203793,-3.726223,4.359723,0.036652,0.058185,-0.020006,32.14,64.1797219116713
30792,-8.190632,-3.734,4.363312,0.03711,0.060018,-0.018173,32.12,64.1393693745385
30802,-8.198408,-3.728018,4.353143,0.037721,0.060476,-0.018173,32.12,64.2032705462894
30812,-8.199606,-3.737589,4.346562,0.038026,0.060628,-0.01741,32.14,64.2498038042209
30822,-8.203793,-3.731009,4.347759,0.037568,0.060628,-0.016952,32.14,64.2463270386006
30832,-8.210971,-3.719643,4.335197,0.037874,0.060323,-0.016493,32.12,64.3157123959466
30842,-8.222935,-3.720241,4.346562,0.037568,0.059101,-0.016952,32.12,64.2847614523388
30852,-8.225328,-3.735795,4.328018,0.037263,0.057421,-0.016341,32.14,64.4016703169707
30862,-8.235497,-3.731009,4.329813,0.037415,0.052687,-0.016341,32.14,64.4104046973036
30872,-8.235497,-3.729214,4.328018,0.037874,0.04948,-0.018479,32.14,64.4178305878903
30882,-8.233105,-3.737589,4.325027,0.038026,0.04612,-0.018784,32.1,64.4364114013838
30892,-8.249256,-3.732205,4.325027,0.037874,0.043066,-0.01909,32.1,64.4671820952744
30902,-8.25165,-3.735795,4.31725,0.037721,0.03879,-0.020617,32.14,64.5162635009563
30912,-8.249854,-3.738187,4.323831,0.037415,0.034819,-0.021533,32.14,64.4807548045077
30922,-8.267202,-3.734,4.308876,0.036652,0.030849,-0.02306,32.11,64.5923596824264
30932,-8.240283,-3.728616,4.316054,0.036499,0.026267,-0.023976,32.11,64.4896808823524
30942,-8.248658,-3.725625,4.311867,0.036652,0.021533,-0.025656,32.13,64.5270269525693
30952,-8.249256,-3.743571,4.319045,0.03711,0.018021,-0.02642,32.13,64.5095422233618
30962,-8.252846,-3.736392,4.322036,0.036041,0.013286,-0.027489,32.11,64.4948826091253
30972,-8.247462,-3.739982,4.321437,0.035888,0.009163,-0.029169,32.11,64.489554838448
30982,-8.242078,-3.732804,4.312464,0.035277,0.005192,-0.029932,32.2,64.5164797208966
30992,-8.233105,-3.735196,4.317849,0.035277,0.000764,-0.031612,32.2,64.4710016817507
31002,-8.239087,-3.733402,4.328018,0.035125,-0.003054,-0.032834,32.17,64.4301623951568
31012,-8.239684,-3.737589,4.325625,0.034514,-0.006261,-0.033598,32.17,64.4480991583908
31022,-8.229516,-3.734598,4.333402,0.033903,-0.008858,-0.034208,32.13,64.3821093843126
31032,-8.223534,-3.742374,4.326224,0.033445,-0.01237,-0.036346,32.13,64.4136170360245
31042,-8.209774,-3.744768,4.34058,0.032834,-0.016646,-0.036041,32.17,64.3110368534872
31052,-8.20798,-3.733402,4.339384,0.032834,-0.018326,-0.035583,32.1,64.3014622316327
31062,-8.216953,-3.726821,4.351348,0.032529,-0.018937,-0.037415,32.1,64.2533124977242
31072,-8.200203,-3.732205,4.350152,0.032223,-0.019395,-0.036957,32.17,64.2270853551524
31082,-8.207382,-3.73041,4.353143,0.030849,-0.018784,-0.037415,32.17,64.2260825606327
31092,-8.201998,-3.723232,4.35733,0.030849,-0.018479,-0.037568,32.14,64.1848961425223
31102,-8.197212,-3.736392,4.368098,0.031001,-0.015882,-0.03711,32.14,64.1321448227736
31112,-8.199007,-3.732804,4.369893,0.030849,-0.014355,-0.037415,32.12,64.1232671020453
31122,-8.200802,-3.735795,4.372285,0.030849,-0.01237,-0.037874,32.12,64.1181292001408
31132,-8.195418,-3.719045,4.371687,0.030543,-0.009468,-0.03879,32.14,64.091628732502
31142,-8.187043,-3.729214,4.373481,0.030391,-0.006414,-0.036957,32.14,64.0738385389712
31152,-8.190632,-3.726223,4.384848,0.02978,-0.002443,-0.037721,32.13,64.020396329146
31162,-8.188239,-3.731607,4.378268,0.02978,0.00168,-0.03711,32.13,64.0543969287454
31172,-8.184052,-3.714857,4.38724,0.02978,0.005956,-0.036805,32.12,63.9812441630324
31182,-8.176873,-3.731607,4.38724,0.029932,0.009774,-0.036499,32.12,63.9822609230574
31192,-8.187043,-3.722634,4.390232,0.029932,0.014203,-0.035888,32.13,63.9807682027648
31202,-8.197212,-3.720241,4.388436,0.030391,0.019853,-0.03543,32.13,64.0107544384704
31212,-8.181659,-3.719045,4.383651,0.029932,0.028558,-0.034208,32.11,63.998601832712
31222,-8.183454,-3.724428,4.38066,0.030543,0.032529,-0.034972,32.14,64.0237027591539
31232,-8.186445,-3.732804,4.37408,0.030238,0.037721,-0.032834,32.14,64.0731185571025
31242,-8.183454,-3.735196,4.374678,0.030238,0.041386,-0.032834,32.11,64.0657094548768
31252,-8.19123,-3.729812,4.373481,0.031307,0.044746,-0.031307,32.11,64.0839978821908
31262,-8.192427,-3.732804,4.377669,0.031612,0.048258,-0.030543,32.12,64.0682657964635
31272,-8.190034,-3.735196,4.372285,0.031307,0.051618,-0.029627,32.12,64.0930202480972
31282,-8.195418,-3.729214,4.357928,0.032834,0.054672,-0.027336,32.14,64.1730448839793
31292,-8.2014,-3.726223,4.371687,0.033139,0.055894,-0.027489,32.14,64.112666645168
31302,-8.199606,-3.725027,4.362714,0.033292,0.057574,-0.025656,32.16,64.1535666709809
31312,-8.210971,-3.717848,4.349553,0.033903,0.05849,-0.024893,32.16,64.2398076920878
31322,-8.195418,-3.731607,4.348955,0.034514,0.059559,-0.023824,32.14,64.2217949255862
31332,-8.19781,-3.717848,4.341179,0.034819,0.059865,-0.023213,32.14,64.253177139019
31342,-8.218149,-3.724428,4.346562,0.036041,0.058948,-0.022602,32.16,64.2782261215846
31352,-8.213365,-3.73041,4.338188,0.036346,0.057879,-0.021991,32.16,64.316726342448
31362,-8.208578,-3.727419,4.329813,0.036805,0.057116,-0.020617,32.14,64.3460733495738
31372,-8.215756,-3.726821,4.321437,0.036805,0.054825,-0.019548,32.14,64.4049156729809
31382,-8.214561,-3.728018,4.33041,0.03711,0.050549,-0.018326,32.19,64.3571107570406
31392,-8.225926,-3.729812,4.319643,0.039095,0.047037,-0.018631,32.17,64.4401275866238
31402,-8.22772,-3.731607,4.318447,0.038943,0.042913,-0.018784,32.17,64.4521649170071
31412,-8.233105,-3.739982,4.31725,0.039554,0.039706,-0.017104,32.12,64.4789674581422
31422,-8.233703,-3.734,4.31725,0.039706,0.036194,-0.018326,32.12,64.4742174104412
31432,-8.234302,-3.725027,4.316054,0.039554,0.032681,-0.017868,32.14,64.4726101751087
31442,-8.236095,-3.736392,4.314259,0.039706,0.028711,-0.018326,32.14,64.497452555669
31452,-8.232506,-3.728616,4.311268,0.039706,0.02474,-0.018937,32.16,64.4969372796325
31462,-8.240283,-3.726821,4.32742,0.040012,0.020922,-0.017562,32.16,64.4292381633329
31472,-8.234302,-3.738786,4.323831,0.040164,0.016493,-0.0197,32.11,64.4464872701992
31482,-8.230712,-3.732804,4.318447,0.039706,0.012217,-0.019548,32.11,64.4601066056679
31492,-8.240283,-3.732205,4.322634,0.039401,0.008858,-0.020311,32.13,64.4593863349975
31502,-8.24148,-3.732205,4.325625,0.039401,0.005192,-0.021075,32.13,64.4466531658336
31512,-8.235497,-3.728616,4.325027,0.039248,0.001985,-0.021533,32.12,64.4326455420572
31522,-8.234302,-3.728616,4.333402,0.038179,-0.001833,-0.023213,32.12,64.3867782906374
31532,-8.238488,-3.732205,4.331607,0.038179,-0.004276,-0.023518,32.11,64.4091014342682
31542,-8.230712,-3.738786,4.338188,0.03711,-0.007025,-0.025504,32.11,64.3644180911089
31552,-8.22772,-3.749553,4.346562,0.037721,-0.009163,-0.028405,32.15,64.325589332064
31562,-8.240283,-3.739383,4.34417,0.035888,-0.013134,-0.030696,32.16,64.3557650926093
31572,-8.225926,-3.744768,4.35075,0.035125,-0.013744,-0.031001,32.16,64.2950806830522
31582,-8.237292,-3.729812,4.353741,0.03375,-0.014966,-0.034056,32.11,64.2900116776988
31592,-8.236693,-3.729214,4.354938,0.033292,-0.015577,-0.035736,32.11,64.2818919407025
31602,-8.218747,-3.734598,4.365107,0.032681,-0.014966,-0.03711,32.12,64.1945337206138
31612,-8.221739,-3.725625,4.360321,0.031612,-0.014203,-0.038943,32.12,64.2167143849601
31622,-8.22473,-3.733402,4.377669,0.031001,-0.013134,-0.040928,32.13,64.1422850174324
31632,-8.219346,-3.725625,4.377071,0.029016,-0.011454,-0.041692,32.13,64.1251390095059
31642,-8.213365,-3.733402,4.369295,0.0281,-0.008705,-0.043524,32.13,64.1595614044744
31652,-8.206185,-3.728018,4.376472,0.026725,-0.006109,-0.045815,32.13,64.1007803030648
31662,-8.20798,-3.733402,4.377669,0.025656,-0.002902,-0.046884,32.14,64.1042679818616
31672,-8.203793,-3.723232,4.390232,0.025962,0.000305,-0.04612,32.14,64.019634719341
31682,-8.200203,-3.73041,4.380062,0.025504,0.003054,-0.046731,32.13,64.071176831307
31692,-8.199606,-3.742973,4.372285,0.024587,0.007636,-0.046884,32.13,64.122847738548
31702,-8.187043,-3.726223,4.383651,0.02474,0.011606,-0.047647,32.12,64.0183639889518
31712,-8.176873,-3.732804,4.376472,0.024435,0.015577,-0.047189,32.12,64.0389683832059
31722,-8.181061,-3.727419,4.370491,0.023824,0.020006,-0.046731,32.14,64.0737448977294
31732,-8.184052,-3.73041,4.369295,0.025045,0.027184,-0.044593,32.11,64.089834070989
31742,-8.17149,-3.728616,4.38066,0.025656,0.031765,-0.043219,32.11,64.0007244941403
31752,-8.17149,-3.727419,4.375875,0.026573,0.034972,-0.040775,32.14,64.0241397998449
31762,-8.169695,-3.729812,4.362116,0.027794,0.038637,-0.039401,32.14,64.0935142352847
31772,-8.180463,-3.72383,4.363312,0.028863,0.041692,-0.037721,32.14,64.1056762086463
31782,-8.170892,-3.732205,4.366901,0.030543,0.044135,-0.034819,32.14,64.0740441778764
31792,-8.166105,-3.722036,4.361517,0.031765,0.047342,-0.032223,32.14,64.080317522275
31802,-8.169695,-3.734,4.357928,0.032681,0.049633,-0.029627,32.14,64.1194961902861
31812,-8.177471,-3.734,4.348955,0.033903,0.050855,-0.027336,32.13,64.1835277029964
31822,-8.182856,-3.733402,4.35075,0.036041,0.052534,-0.024893,32.13,64.1858754906403
31832,-8.182856,-3.728616,4.335197,0.038026,0.054062,-0.022297,32.14,64.2612713382275
31842,-8.198408,-3.732205,4.344768,0.039554,0.055131,-0.018479,32.14,64.2507923829893
31852,-8.196015,-3.722036,4.341179,0.039554,0.055283,-0.016646,32.16,64.2534166428963
31862,-8.196015,-3.725625,4.349553,0.041233,0.055894,-0.014813,32.16,64.2138901229838
31872,-8.209177,-3.722634,4.342375,0.042455,0.054978,-0.01237,32.14,64.2776774424435
31882,-8.207382,-3.722634,4.334,0.042913,0.05452,-0.010996,32.14,64.3168420916911
31892,-8.215158,-3.727419,4.325625,0.043219,0.05284,-0.009621,32.11,64.3825489144588
31902,-8.225328,-3.73041,4.338786,0.043066,0.049327,-0.008705,32.11,64.3406417006992
31912,-8.236693,-3.720839,4.324429,0.044746,0.047189,-0.008247,32.14,64.4305109368821
31922,-8.239087,-3.722036,4.329813,0.045051,0.04444,-0.00733,32.11,64.4093489772275
31932,-8.245069,-3.732205,4.335197,0.043524,0.041233,-0.007483,32.11,64.4053997133168
31942,-8.233105,-3.739982,4.334598,0.043066,0.037874,-0.009163,32.15,64.3895193252935
31952,-8.25464,-3.729214,4.325625,0.042761,0.035125,-0.010385,32.15,64.4731406630781
31962,-8.252846,-3.726223,4.321437,0.042608,0.031154,-0.011454,32.13,64.4876686599309
31972,-8.248658,-3.731607,4.323831,0.041386,0.027336,-0.013286,32.13,64.4713972693844
31982,-8.249256,-3.729812,4.326224,0.040317,0.023671,-0.015272,32.11,64.4585872805339
31992,-8.254042,-3.733402,4.323831,0.039401,0.020769,-0.017257,32.11,64.4852838297564
32002,-8.255239,-3.739982,4.320839,0.037874,0.016035,-0.01909,32.11,64.510043485542
32012,-8.242676,-3.739383,4.322036,0.036346,0.011912,-0.021075,32.11,64.4751351200253
32022,-8.251051,-3.732205,4.336991,0.034514,0.008552,-0.02474,32.14,64.4096020922306
32032,-8.260622,-3.729812,4.339982,0.034514,0.005498,-0.026573,32.14,64.4132735831888
32042,-8.260622,-3.736991,4.336392,0.03375,0.002902,-0.029016,32.13,64.4390123733985
32052,-8.246264,-3.732804,4.334,0.032376,-0.000764,-0.032223,32.13,64.4148571700944
32062,-8.24148,-3.722634,4.34058,0.031612,-0.004123,-0.034667,32.14,64.3598699450745
32072,-8.245069,-3.734598,4.331607,0.031001,-0.006109,-0.038026,32.14,64.4263215407188
32082,-8.2349,-3.731607,4.346562,0.02978,-0.010079,-0.039859,32.16,64.3233922046197
32092,-8.233703,-3.74058,4.337589,0.027947,-0.011606,-0.041233,32.15,64.3760671073521
32102,-8.221739,-3.732804,4.350152,0.0281,-0.012828,-0.043524,32.15,64.2764329071378
32112,-8.225328,-3.737589,4.362714,0.028253,-0.013439,-0.044135,32.12,64.2248077099732
32122,-8.204391,-3.732205,4.35075,0.028558,-0.013286,-0.045051,32.12,64.2334909303745
32132,-8.2014,-3.734598,4.348357,0.027031,-0.012981,-0.045968,32.1,64.2415224312686
32142,-8.204391,-3.728018,4.363312,0.027489,-0.012523,-0.04444,32.1,64.1644418632618
32152,-8.204989,-3.742374,4.366303,0.027642,-0.011606,-0.04444,32.14,64.1652269879489
32162,-8.195418,-3.731607,4.363312,0.027184,-0.009621,-0.045968,32.14,64.1477689310993
32172,-8.190632,-3.725625,4.35075,0.027489,-0.007636,-0.044593,32.12,64.1954917174919
32182,-8.192427,-3.726223,4.365107,0.027794,-0.006109,-0.043371,32.12,64.126146355035
32192,-8.184052,-3.724428,4.365107,0.027794,-0.003207,-0.043371,32.15,64.1052173428705
32202,-8.175676,-3.729214,4.366303,0.028711,0.000153,-0.041233,32.15,64.0849266342623
32212,-8.181061,-3.729812,4.375276,0.028558,0.003207,-0.041081,32.14,64.0515724187811
32222,-8.173284,-3.719045,4.366303,0.02978,0.007483,-0.039248,32.14,64.0688949786193
32232,-8.172686,-3.736991,4.368098,0.029322,0.010996,-0.038332,32.18,64.0769492148395
32242,-8.189436,-3.728018,4.371089,0.030391,0.014355,-0.036041,32.18,64.0903724389035
32252,-8.176275,-3.724428,4.375276,0.031001,0.022602,-0.032834,32.12,64.0350455451783
32262,-8.180463,-3.723232,4.377071,0.031612,0.027031,-0.031765,32.17,64.0341167724105
32272,-8.176873,-3.729812,4.389035,0.031612,0.031154,-0.02978,32.17,63.971148007384
32282,-8.172686,-3.713063,4.377071,0.032223,0.034208,-0.028558,32.15,64.005760369622
32292,-8.186445,-3.71725,4.379463,0.032529,0.038485,-0.027184,32.15,64.0292461799081
32302,-8.193025,-3.731009,4.36391,0.032681,0.042608,-0.025656,32.13,64.1386293932015
32313,-8.182856,-3.734,4.372883,0.032834,0.045509,-0.025809,32.13,64.0723500897195
32322,-8.198408,-3.726223,4.365107,0.033139,0.049022,-0.025045,32.2,64.1397494133308
32332,-8.187043,-3.727419,4.361517,0.033292,0.051924,-0.023518,32.2,64.1336415038788
32342,-8.193623,-3.73041,4.365107,0.033139,0.054062,-0.022449,32.16,64.1332005967272
32352,-8.196614,-3.727419,4.367499,0.033292,0.055283,-0.021838,32.16,64.1245838997518
32362,-8.202596,-3.74058,4.357928,0.033598,0.05681,-0.021228,32.11,64.2010737383583
32372,-8.205587,-3.719643,4.351946,0.033598,0.057727,-0.020769,32.11,64.2171041317268
32382,-8.210971,-3.738786,4.358526,0.033139,0.057727,-0.020159,32.12,64.2151100695169
32392,-8.216953,-3.726223,4.352544,0.033445,0.057116,-0.0197,32.12,64.246537261749
32402,-8.210373,-3.722634,4.345366,0.033903,0.0562,-0.019548,32.14,64.2649566322641
32412,-8.229516,-3.726821,4.336392,0.034667,0.055283,-0.018937,32.14,64.3587561990347
32422,-8.222935,-3.732205,4.325625,0.034667,0.051313,-0.019242,32.18,64.4049631430731
32432,-8.230114,-3.739383,4.328018,0.034667,0.048869,-0.0197,32.12,64.4160985249169
32442,-8.225328,-3.733402,4.320241,0.034208,0.04612,-0.018937,32.12,64.4393577786332
32452,-8.243275,-3.736392,4.328018,0.034208,0.042761,-0.019853,32.14,64.442607757899
32462,-8.239684,-3.732804,4.322634,0.034514,0.038943,-0.019242,32.14,64.4586508881113
32472,-8.242078,-3.735196,4.316054,0.035125,0.035583,-0.019548,32.15,64.5003862237441
32482,-8.235497,-3.738187,4.310072,0.035125,0.031307,-0.020159,32.15,64.5195500328705
32492,-8.234302,-3.735795,4.321437,0.034972,0.027336,-0.019548,32.14,64.4557868377092
32502,-8.22473,-3.73041,4.321437,0.035583,0.02306,-0.0197,32.14,64.4287860049484
32512,-8.231908,-3.735795,4.326224,0.035736,0.018173,-0.021686,32.13,64.4257197293695
32522,-8.22772,-3.729812,4.314857,0.036194,0.013897,-0.021228,32.13,64.4688725431362
32532,-8.240283,-3.728616,4.316652,0.036346,0.009468,-0.021838,32.15,64.4865953861483
32542,-8.23789,-3.733402,4.313063,0.036652,0.006109,-0.022449,32.15,64.5046098824401
32552,-8.236095,-3.733402,4.318447,0.036957,0.002443,-0.022907,32.16,64.4728005779227
32562,-8.236693,-3.736991,4.322036,0.036499,-0.001069,-0.023824,32.16,64.4592821335074
32572,-8.222337,-3.739982,4.323831,0.036805,-0.003971,-0.023671,32.14,64.4208258011845
32582,-8.22772,-3.738187,4.334,0.036346,-0.006414,-0.025045,32.14,64.3786525443576
32592,-8.233703,-3.736392,4.331009,0.035583,-0.009468,-0.026878,32.14,64.4056939969675
32602,-8.225926,-3.733402,4.342973,0.035125,-0.013286,-0.028711,32.16,64.3234757015566
32612,-8.22473,-3.736392,4.345964,0.034667,-0.014203,-0.029169,32.16,64.3084333380293
32622,-8.220542,-3.73041,4.345964,0.033903,-0.014813,-0.029932,32.13,64.2928479724371
32632,-8.219944,-3.732804,4.354938,0.034361,-0.015272,-0.030849,32.13,64.2477311474477
32642,-8.217552,-3.731009,4.35733,0.032834,-0.015272,-0.031765,32.17,64.2281603654412
32652,-8.217552,-3.73041,4.361517,0.032223,-0.01405,-0.033445,32.17,64.205991662976
32662,-8.222337,-3.728616,4.362116,0.031001,-0.013286,-0.034208,32.16,64.2119015383323
32672,-8.204989,-3.725027,4.369893,0.030696,-0.011148,-0.034972,32.16,64.1288276659739
32682,-8.214561,-3.736991,4.366901,0.029169,-0.009621,-0.036041,32.15,64.1782875240087
32692,-8.20798,-3.720839,4.369295,0.028253,-0.007178,-0.035888,32.15,64.1343861936999
32702,-8.219346,-3.719045,4.381856,0.026878,-0.004429,-0.036041,32.15,64.093776308254
32712,-8.210971,-3.728018,4.38066,0.026114,-0.001527,-0.036499,32.15,64.0901274155337
32722,-8.19781,-3.722036,4.382454,0.025351,0.001985,-0.038332,32.12,64.0447480330411
32732,-8.199606,-3.722634,4.38724,0.025045,0.006109,-0.038943,32.12,64.0248467002833
32742,-8.193623,-3.722036,4.372883,0.02474,0.00901,-0.039248,32.11,64.0844727117724
32752,-8.195418,-3.731009,4.38066,0.024587,0.01237,-0.039095,32.11,64.0578243651674
32762,-8.194819,-3.721437,4.381856,0.024587,0.016952,-0.039248,32.14,64.0403828343559
32772,-8.192427,-3.719045,4.38066,0.024129,0.023671,-0.038179,32.15,64.0386024369714
32782,-8.193025,-3.733402,4.381856,0.024282,0.028558,-0.03711,32.15,64.0487020202516
32792,-8.184052,-3.728018,4.385446,0.02474,0.03207,-0.037568,32.14,64.0041610454097
32802,-8.187043,-3.726821,4.375276,0.02474,0.034819,-0.03711,32.14,64.0621082859243
32812,-8.2014,-3.721437,4.380062,0.024282,0.039095,-0.034667,32.12,64.0646181032885
32822,-8.180463,-3.727419,4.352544,0.025656,0.04215,-0.034514,32.12,64.1649718738583
32832,-8.190632,-3.726223,4.368098,0.025962,0.044746,-0.034056,32.16,64.1066467904956
32842,-8.190632,-3.725625,4.373481,0.026725,0.047189,-0.031918,32.16,64.0782945578696
32852,-8.193623,-3.725625,4.372285,0.027336,0.048869,-0.03146,32.17,64.0912684112986
32862,-8.198408,-3.719643,4.360919,0.0281,0.050396,-0.030238,32.17,64.1545378508399
32872,-8.198408,-3.723232,4.35075,0.029169,0.052076,-0.027947,32.19,64.2106777921722
32882,-8.194221,-3.72383,4.344768,0.030238,0.053298,-0.027031,32.19,64.2326646899975
32892,-8.199606,-3.728018,4.349553,0.030238,0.053909,-0.025962,32.13,64.2245037405883
32902,-8.196614,-3.731009,4.346562,0.032223,0.053603,-0.02474,32.13,64.2362364072276
32912,-8.21157,-3.729812,4.338786,0.033139,0.053451,-0.02306,32.18,64.3089726193592
32922,-8.206783,-3.722036,4.323831,0.03375,0.052076,-0.022449,32.18,64.3674071883163
32932,-8.21157,-3.728018,4.335197,0.034667,0.051618,-0.020769,32.13,64.3256506535494
32942,-8.208578,-3.732205,4.335197,0.036805,0.0478,-0.01909,32.13,64.3231891458552
32952,-8.215158,-3.718446,4.32742,0.03711,0.045815,-0.018021,32.11,64.364103991208
32962,-8.213962,-3.724428,4.322036,0.037415,0.042913,-0.017257,32.15,64.3953308656179
32972,-8.209177,-3.734,4.323831,0.037721,0.039706,-0.016646,32.15,64.3850703550207
32982,-8.218747,-3.73041,4.322036,0.037415,0.036957,-0.015272,32.19,64.4122277517461
32992,-8.227122,-3.726223,4.316652,0.037415,0.032987,-0.015577,32.19,64.4546037147633
33002,-8.238488,-3.735795,4.306482,0.037415,0.030085,-0.015119,32.16,64.5423536950145
33012,-8.215756,-3.729812,4.323831,0.037415,0.026878,-0.015272,32.16,64.3956093823264
33022,-8.222935,-3.728018,4.316054,0.037415,0.022602,-0.014966,32.14,64.4501060815876
33032,-8.2349,-3.735795,4.316652,0.036957,0.018784,-0.015272,32.14,64.4818160591449
33042,-8.245069,-3.727419,4.323831,0.037874,0.015119,-0.015577,32.14,64.4590964267966
33052,-8.236095,-3.744169,4.323233,0.037263,0.010537,-0.016341,32.14,64.4590818142351
33062,-8.239684,-3.733402,4.325625,0.037721,0.007636,-0.016799,32.14,64.4438381807468
33072,-8.247462,-3.731607,4.329813,0.037568,0.003665,-0.016646,32.14,64.4378943414589
33082,-8.23789,-3.739383,4.343571,0.036805,0.000153,-0.017868,32.13,64.3534638864951
33092,-8.236095,-3.736991,4.334,0.036499,-0.002596,-0.01909,32.13,64.3962699008563
33102,-8.228318,-3.731607,4.337589,0.035888,-0.00504,-0.019548,32.18,64.3547748152589
33112,-8.233105,-3.726821,4.341777,0.035125,-0.009774,-0.022755,32.18,64.3390986771374
33122,-8.237292,-3.741179,4.345964,0.034361,-0.011606,-0.024893,32.12,64.3416383289375
33132,-8.230114,-3.731607,4.349553,0.032834,-0.012523,-0.02642,32.16,64.2972011017318
33142,-8.222935,-3.728018,4.354339,0.031765,-0.012981,-0.027947,32.16,64.2526681034226
33152,-8.234302,-3.735196,4.356134,0.031918,-0.012981,-0.028405,32.15,64.2764625709869
33162,-8.223534,-3.731009,4.360321,0.031154,-0.012675,-0.031001,32.15,64.2263028182395
33172,-8.221141,-3.735196,4.366303,0.030849,-0.011912,-0.033445,32.11,64.1944180739337
33182,-8.215756,-3.741179,4.371089,0.029932,-0.01069,-0.034819,32.11,64.1637755491043
33192,-8.200802,-3.71725,4.368696,0.029169,-0.009468,-0.036652,32.14,64.117442295535
33202,-8.212766,-3.732205,4.377071,0.028558,-0.00733,-0.038026,32.14,64.1169786165502
33212,-8.218747,-3.735196,4.371089,0.027642,-0.005192,-0.039706,32.16,64.1643855855296
33222,-8.205587,-3.725625,4.374678,0.027642,-0.002902,-0.041539,32.16,64.1061782960717
33232,-8.206783,-3.720839,4.378866,0.026725,0.000305,-0.043219,32.2,64.0824131684746
33242,-8.202596,-3.723232,4.386044,0.026267,0.002749,-0.044135,32.2,64.0384336321555
33252,-8.19781,-3.728616,4.383053,0.025351,0.005956,-0.045051,32.18,64.0484827196365
33262,-8.196614,-3.728616,4.37408,0.024587,0.009621,-0.045509,32.18,64.0919327996449
33272,-8.183454,-3.728018,4.366901,0.023824,0.013286,-0.045662,32.16,64.0983289432181
33282,-8.194819,-3.733402,4.375875,0.024435,0.016799,-0.045815,32.16,64.0835663497709
33292,-8.189436,-3.720839,4.379463,0.02474,0.023366,-0.045662,32.14,64.039798159337
33302,-8.183454,-3.721437,4.381258,0.024435,0.027031,-0.04444,32.14,64.0175147934685
33312,-8.183454,-3.723232,4.375875,0.025045,0.030543,-0.043066,32.14,64.0471083494088
33322,-8.176275,-3.717848,4.37408,0.025045,0.033598,-0.042608,32.16,64.0343684129613
33332,-8.173284,-3.734,4.377071,0.025809,0.037263,-0.040164,32.16,64.0289356313944
33342,-8.170892,-3.729214,4.35733,0.026267,0.039706,-0.038943,32.15,64.1203306264229
33352,-8.181659,-3.725625,4.35733,0.027184,0.042302,-0.03711,32.15,64.1411284951044
33362,-8.178668,-3.728018,4.356732,0.028863,0.045204,-0.034361,32.1,64.1398877524356
33372,-8.169096,-3.728018,4.348357,0.02978,0.047495,-0.03207,32.1,64.1613526219425
33382,-8.179864,-3.722036,4.35075,0.030696,0.048411,-0.030849,32.12,64.1672960759467
33392,-8.175676,-3.738786,4.348357,0.031765,0.050549,-0.0281,32.12,64.1875071158902
33402,-8.182856,-3.728616,4.343571,0.034056,0.051465,-0.025962,32.14,64.2179933669615
33412,-8.189436,-3.738786,4.346562,0.034056,0.052382,-0.02306,32.14,64.228001761751
33422,-8.189436,-3.733402,4.343571,0.035888,0.052382,-0.021838,32.14,64.2378737198342
33432,-8.19123,-3.731009,4.339982,0.036805,0.052229,-0.0197,32.14,64.25800249107
33442,-8.2014,-3.725625,4.334598,0.037874,0.052229,-0.016493,32.14,64.3032935179364
33452,-8.208578,-3.732205,4.338786,0.038637,0.051313,-0.015882,32.14,64.3046687937016
33462,-8.208578,-3.720839,4.332206,0.039859,0.049175,-0.012065,32.13,64.3269699059861
33472,-8.220542,-3.724428,4.329215,0.040775,0.047342,-0.01069,32.15,64.3730983222029
33482,-8.221141,-3.735795,4.331009,0.041233,0.044746,-0.010079,32.15,64.3768157930014
33492,-8.227122,-3.739982,4.317849,0.040775,0.042761,-0.009163,32.15,64.4624503738992
33502,-8.235497,-3.729214,4.323233,0.041386,0.039401,-0.009316,32.15,64.442507078252
33512,-8.2349,-3.725625,4.31725,0.040623,0.036194,-0.009927,32.13,64.4683874386539
33522,-8.238488,-3.734598,4.326822,0.040623,0.034208,-0.009316,32.13,64.4361992449027
33532,-8.23131,-3.726223,4.328616,0.040928,0.030085,-0.010385,32.11,64.4022805605318
33542,-8.242676,-3.732205,4.319045,0.039859,0.026725,-0.011301,32.11,64.4832627227439
33552,-8.247462,-3.741179,4.328616,0.039859,0.022907,-0.012523,32.13,64.4537869519424
33562,-8.245667,-3.741776,4.328616,0.040164,0.018479,-0.013744,32.13,64.4503699679875
33572,-8.246264,-3.733402,4.326822,0.038485,0.014966,-0.015577,32.16,64.4524376738824
33582,-8.253444,-3.716652,4.332206,0.037415,0.011454,-0.017562,32.16,64.4238430673613
33592,-8.25165,-3.72383,4.325625,0.03711,0.007941,-0.019395,32.12,64.4609821963075
33602,-8.252247,-3.73041,4.329215,0.036499,0.003971,-0.020922,32.12,64.4504968513725
33612,-8.240881,-3.738786,4.329215,0.03543,0.000611,-0.023366,32.13,64.4335038869196
33622,-8.248059,-3.729214,4.339982,0.034972,-0.001985,-0.025045,32.13,64.3844461667188
33632,-8.238488,-3.732205,4.336991,0.033903,-0.00733,-0.028405,32.15,64.3813642247984
33642,-8.227122,-3.729812,4.34058,0.032376,-0.008858,-0.031154,32.14,64.3348301765784
33652,-8.239684,-3.734,4.342973,0.03146,-0.010385,-0.033598,32.14,64.3550847562828
33662,-8.231908,-3.741179,4.342973,0.03146,-0.011759,-0.034667,32.14,64.3449143783308
33672,-8.220542,-3.74058,4.344768,0.030391,-0.012981,-0.036805,32.14,64.3094419212638
33682,-8.213365,-3.732205,4.348357,0.030391,-0.013439,-0.038485,32.13,64.266137199741
33692,-8.216354,-3.738187,4.354339,0.029169,-0.013286,-0.040164,32.13,64.2482304069397
33702,-8.206783,-3.734,4.348357,0.028405,-0.01237,-0.041081,32.14,64.2530929987383
33712,-8.212766,-3.734,4.360919,0.027947,-0.011912,-0.042608,32.14,64.2019233275644
33722,-8.204391,-3.728616,4.364508,0.028253,-0.010079,-0.043066,32.14,64.1588992474189
33732,-8.190034,-3.733402,4.364508,0.027184,-0.00901,-0.043524,32.14,64.1312258628559
33742,-8.200203,-3.725625,4.372883,0.0281,-0.006872,-0.043371,32.12,64.1031683995081
33752,-8.197212,-3.728616,4.371687,0.027489,-0.003665,-0.043524,32.12,64.1056141145058
33762,-8.182258,-3.731009,4.371089,0.026878,-0.000916,-0.043066,32.15,64.0771222288484
33772,-8.190632,-3.728616,4.361517,0.026725,0.001527,-0.041844,32.15,64.1430456640371
33782,-8.183454,-3.726821,4.369893,0.026725,0.005192,-0.04215,32.12,64.0816624787796
33792,-8.190632,-3.722036,4.377669,0.027794,0.009163,-0.041386,32.12,64.0530059439299
33802,-8.164311,-3.726821,4.38066,0.027947,0.012981,-0.039095,32.12,63.9824251109909
33812,-8.185846,-3.729214,4.380062,0.028558,0.019548,-0.037415,32.11,64.0372165853952
33822,-8.182856,-3.729812,4.378268,0.028711,0.023518,-0.036346,32.11,64.0402547373188
33832,-8.170293,-3.739383,4.378866,0.029627,0.028711,-0.033903,32.16,64.018476675449
33842,-8.181659,-3.729214,4.373481,0.029016,0.03146,-0.034361,32.16,64.0615638075345
33852,-8.183454,-3.732804,4.372883,0.029169,0.034972,-0.032376,32.11,64.0724693871293
33862,-8.170892,-3.728018,4.365107,0.029932,0.038332,-0.031001,32.11,64.078939803128
33872,-8.172686,-3.734,4.371687,0.029627,0.041539,-0.02978,32.14,64.0553239249366
33882,-8.189436,-3.726223,4.377669,0.029932,0.044746,-0.027642,32.14,64.0546204653344
33892,-8.195418,-3.721437,4.377071,0.029932,0.047647,-0.026725,32.15,64.0663781166529
33902,-8.192427,-3.725027,4.368696,0.030696,0.049786,-0.025504,32.15,64.1064139238216
33912,-8.194221,-3.734598,4.360919,0.031001,0.051771,-0.024129,32.11,64.1604770098119
33922,-8.206185,-3.725625,4.36391,0.030849,0.052993,-0.024129,32.11,64.1629675158801
33932,-8.210971,-3.726821,4.358526,0.031154,0.054367,-0.023213,32.11,64.2027875142006
33942,-8.203195,-3.729812,4.351348,0.030849,0.054367,-0.022297,32.11,64.2252319738811
33952,-8.213365,-3.728018,4.343571,0.031612,0.054978,-0.021838,32.16,64.2865093384517
33962,-8.213962,-3.721437,4.334,0.032376,0.054672,-0.020311,32.16,64.3304895041322
33972,-8.222337,-3.741776,4.339384,0.03207,0.054214,-0.020617,32.16,64.3424568557369
33982,-8.218747,-3.732804,4.334598,0.032987,0.051465,-0.019395,32.16,64.3498451567107
33992,-8.223534,-3.738786,4.34058,0.033292,0.048869,-0.020006,32.13,64.3359263350546
34002,-8.230114,-3.729214,4.319045,0.033139,0.046578,-0.019853,32.14,64.4520201781416
34012,-8.231908,-3.724428,4.33041,0.033292,0.04383,-0.020769,32.14,64.3925460254978
34022,-8.2349,-3.726821,4.312464,0.03375,0.040928,-0.020159,32.16,64.4943101230155
34032,-8.232506,-3.729812,4.318447,0.034514,0.037568,-0.020159,32.16,64.4610898650083
34042,-8.244471,-3.739982,4.322036,0.034819,0.034514,-0.021533,32.15,64.4797671041912
34052,-8.22772,-3.738786,4.316652,0.034667,0.030238,-0.021075,32.15,64.4687513274258
34062,-8.222935,-3.725027,4.307081,0.035277,0.026573,-0.021228,32.15,64.4934297339823
34072,-8.231908,-3.742973,4.318447,0.036041,0.022297,-0.021228,32.15,64.4731554495683
34082,-8.225926,-3.731607,4.311867,0.036041,0.018326,-0.021075,32.14,64.482114976924
34092,-8.230712,-3.728018,4.323233,0.035888,0.014203,-0.021838,32.14,64.4305330732413
34102,-8.229516,-3.726223,4.31725,0.037568,0.011148,-0.021533,32.11,64.4568977315082
34112,-8.219944,-3.726223,4.324429,0.036805,0.00733,-0.02138,32.11,64.3982896938824
34122,-8.221739,-3.729214,4.323233,0.037263,0.003818,-0.021991,32.18,64.4115621718835
34132,-8.234302,-3.732205,4.328018,0.038332,0.00168,-0.022449,32.18,64.4181903976869
34142,-8.232506,-3.733402,4.32742,0.038179,-0.002596,-0.021991,32.12,64.418456175304
34152,-8.224131,-3.734598,4.334,0.037263,-0.006872,-0.022602,32.12,64.3669006547853
34162,-8.223534,-3.731607,4.339384,0.03711,-0.008858,-0.023213,32.15,64.3347380854258
34172,-8.23131,-3.738786,4.334598,0.037263,-0.010537,-0.023518,32.13,64.3842604926457
34182,-8.216953,-3.735196,4.337589,0.036805,-0.012065,-0.024129,32.13,64.3328242796954
34192,-8.216354,-3.734598,4.350152,0.036041,-0.012065,-0.025045,32.13,64.2661053080632
34202,-8.213365,-3.744768,4.351946,0.03543,-0.012675,-0.025962,32.13,64.2605724452622
34212,-8.218747,-3.734,4.353741,0.034819,-0.012523,-0.026114,32.17,64.2524161147438
34222,-8.216354,-3.732205,4.360919,0.034208,-0.011606,-0.02642,32.17,64.2082023505255
34232,-8.200203,-3.725625,4.366303,0.032834,-0.010843,-0.028405,32.13,64.1370513296878
34242,-8.219944,-3.731607,4.369893,0.032834,-0.009468,-0.028558,32.13,64.1695532299309
34252,-8.220542,-3.726821,4.366303,0.03146,-0.007483,-0.030391,32.15,64.1844511719072
34262,-8.205587,-3.728018,4.366303,0.030238,-0.005498,-0.030696,32.15,64.1517550423014
34272,-8.213962,-3.739383,4.371089,0.029016,-0.002138,-0.031765,32.14,64.1578569271667
34282,-8.199606,-3.722036,4.378268,0.028253,0.000305,-0.033903,32.14,64.0703810403202
34292,-8.196614,-3.722634,4.378268,0.027642,0.003971,-0.034361,32.14,64.0641815941301
34302,-8.207382,-3.734,4.375875,0.028405,0.006872,-0.036499,32.14,64.1127531262188
34312,-8.206185,-3.734,4.380062,0.026573,0.009927,-0.037721,32.14,64.0885019603636
34322,-8.205587,-3.726821,4.379463,0.025962,0.013439,-0.040164,32.14,64.0827988162071
34332,-8.200203,-3.73041,4.374678,0.025045,0.020464,-0.040775,32.15,64.0988785319296
34342,-8.2014,-3.734,4.382454,0.024282,0.024282,-0.041539,32.12,64.0653182769415
34352,-8.206783,-3.728018,4.383651,0.024282,0.026878,-0.042608,32.12,64.0652241458033
34362,-8.198408,-3.733402,4.37408,0.02474,0.030849,-0.042608,32.13,64.1009708798469
34372,-8.193623,-3.732804,4.371089,0.025351,0.033903,-0.042455,32.13,64.1048653625383
34382,-8.193025,-3.725027,4.368098,0.025656,0.037721,-0.042608,32.15,64.1108565008707
34392,-8.18764,-3.729214,4.371089,0.025809,0.039859,-0.042608,32.15,64.0875218772942
34402,-8.206783,-3.735795,4.362714,0.02642,0.041692,-0.041386,32.11,64.1809733460776
34412,-8.195418,-3.732205,4.360919,0.026725,0.045051,-0.040775,32.11,64.1607195693467
34422,-8.194221,-3.73041,4.351946,0.027794,0.046731,-0.040012,32.16,64.20241286142
34433,-8.185248,-3.725625,4.353143,0.028711,0.048258,-0.037568,32.16,64.170904481538
34442,-8.190632,-3.734,4.348357,0.029932,0.049938,-0.036957,32.16,64.2164985981247
34452,-8.201998,-3.729214,4.351946,0.03146,0.050855,-0.03543,32.16,64.2188189433693
34462,-8.200203,-3.714857,4.339384,0.031918,0.050702,-0.034667,32.12,64.2647994374929
34472,-8.194221,-3.722634,4.347161,0.032987,0.051313,-0.031918,32.12,64.2190781002418
34482,-8.196614,-3.721437,4.336991,0.033903,0.050702,-0.030238,32.14,64.2757885736075
34492,-8.195418,-3.737589,4.331009,0.035277,0.050396,-0.028558,32.14,64.3206196586273
34502,-8.196015,-3.727419,4.332804,0.036499,0.047647,-0.024435,32.14,64.3022198600234
34512,-8.209177,-3.725625,4.325625,0.037721,0.047037,-0.02306,32.17,64.3672188524347
34522,-8.216953,-3.733402,4.334598,0.039401,0.045509,-0.021533,32.17,64.3464117228774
34532,-8.21157,-3.726821,4.333402,0.040317,0.043066,-0.019548,32.12,64.3336877666064
34542,-8.214561,-3.732804,4.325625,0.040928,0.04047,-0.017257,32.12,64.3867150522325
34552,-8.218149,-3.725625,4.32742,0.04215,0.037721,-0.016341,32.12,64.3781906993092
34562,-8.215158,-3.735196,4.322634,0.04215,0.035125,-0.014355,32.12,64.4059538856245
34572,-8.225328,-3.729812,4.314259,0.042455,0.03207,-0.013897,32.16,64.4665864973819
34582,-8.233105,-3.733402,4.313661,0.042608,0.028863,-0.014355,32.16,64.4907919555552
34592,-8.22772,-3.733402,4.320839,0.042761,0.026267,-0.013592,32.15,64.4416480924333
34602,-8.225328,-3.736991,4.319643,0.043219,0.022907,-0.012523,32.15,64.4461077924404
34612,-8.228318,-3.728018,4.319643,0.043371,0.019853,-0.013439,32.16,64.4436778784088
34622,-8.225328,-3.734,4.324429,0.043219,0.016646,-0.013439,32.16,64.418353236949
34632,-8.237292,-3.723232,4.316054,0.043219,0.013134,-0.013897,32.12,64.4775025554137
34642,-8.233703,-3.731009,4.326822,0.042608,0.009468,-0.015272,32.12,64.4217921782268
34652,-8.2349,-3.731009,4.335794,0.043066,0.007178,-0.014966,32.16,64.3782373523459
34662,-8.22772,-3.731009,4.331009,0.041844,0.003818,-0.016799,32.16,64.3867390183933
34672,-8.236693,-3.731607,4.342375,0.040775,-0.000916,-0.020311,32.14,64.3489877814489
34682,-8.230114,-3.737589,4.334,0.038943,-0.002902,-0.021533,32.12,64.3834284964605
34692,-8.233105,-3.744768,4.346562,0.038485,-0.004734,-0.022755,32.12,64.3328083266481
34702,-8.2349,-3.738786,4.348955,0.037263,-0.006261,-0.02474,32.16,64.3184147396175
34712,-8.236693,-3.736991,4.352544,0.036041,-0.00672,-0.026878,32.16,64.3021557404774
34722,-8.226524,-3.731607,4.354339,0.03543,-0.008247,-0.027947,32.13,64.2644597718867
34732,-8.228318,-3.729812,4.354938,0.034514,-0.008094,-0.030696,32.13,64.2635913517531
34742,-8.218149,-3.738187,4.369295,0.03375,-0.007025,-0.032834,32.12,64.1753359386897
34752,-8.212766,-3.734598,4.362116,0.034056,-0.00672,-0.034361,32.12,64.1963775325215
34762,-8.218747,-3.722634,4.365705,0.032376,-0.005956,-0.036346,32.1,64.1791564660343
34772,-8.205587,-3.735196,4.369295,0.031918,-0.004887,-0.037415,32.1,64.143764998984
34782,-8.210971,-3.733402,4.369893,0.031154,-0.00336,-0.039401,32.09,64.1510544320021
34792,-8.202596,-3.735196,4.369295,0.030085,-0.000916,-0.041539,32.09,64.136974052886
34802,-8.212168,-3.729214,4.377071,0.030085,0.00168,-0.042302,32.14,64.1125339487523
34812,-8.205587,-3.728616,4.379463,0.029627,0.003665,-0.042913,32.14,64.0846542025945
34822,-8.197212,-3.729214,4.381856,0.028558,0.006872,-0.044135,32.11,64.0538973152125
34832,-8.19781,-3.738786,4.383651,0.028253,0.009774,-0.045204,32.11,64.0559561983475
34842,-8.189436,-3.73041,4.378268,0.028711,0.012981,-0.045051,32.15,64.0558822612297
34852,-8.184052,-3.734598,4.383651,0.029016,0.018937,-0.044746,32.14,64.0202486828349
34862,-8.184052,-3.735795,4.380062,0.027642,0.022144,-0.045815,32.14,64.0399697560702
34872,-8.192427,-3.729214,4.367499,0.028863,0.025962,-0.045051,32.15,64.1169168749664
34882,-8.197212,-3.727419,4.366901,0.028558,0.029322,-0.044746,32.15,64.1290243452987
34892,-8.187043,-3.728616,4.361517,0.028863,0.031612,-0.043677,32.13,64.1348817618633
34902,-8.182856,-3.73041,4.376472,0.029169,0.035583,-0.042913,32.13,64.0501274726063
34912,-8.189436,-3.729214,4.362714,0.029322,0.038179,-0.041692,32.12,64.1347735272974
34922,-8.175676,-3.716652,4.360321,0.030543,0.040317,-0.040164,32.12,64.1027480877871
34932,-8.192427,-3.734598,4.34417,0.030849,0.04215,-0.039248,32.1,64.2427972743756
34942,-8.196015,-3.721437,4.360321,0.031001,0.044899,-0.036957,32.1,64.1540307113057
34952,-8.190632,-3.720241,4.346562,0.031154,0.046884,-0.03543,32.14,64.2115524580639
34962,-8.190632,-3.726821,4.354339,0.031001,0.048258,-0.033445,32.14,64.1782084483405
34972,-8.191828,-3.734598,4.345366,0.03207,0.04948,-0.031918,32.18,64.2352660656186
34982,-8.193623,-3.73041,4.346562,0.032681,0.050549,-0.029474,32.18,64.2288368251257
34992,-8.189436,-3.725625,4.345366,0.034514,0.051007,-0.026725,32.17,64.2205699375516
35002,-8.204391,-3.726821,4.335197,0.034819,0.051007,-0.025198,32.17,64.3081954230121
35012,-8.209774,-3.725027,4.333402,0.035125,0.050091,-0.024435,32.1,64.3277909385799
35022,-8.196614,-3.723232,4.331009,0.036652,0.049022,-0.020311,32.12,64.3085439165367
35032,-8.20798,-3.729214,4.333402,0.036805,0.0478,-0.018784,32.12,64.328032808169
35042,-8.218149,-3.72383,4.34058,0.037568,0.045662,-0.017868,32.14,64.3084534301913
35052,-8.209177,-3.733402,4.328616,0.038943,0.043371,-0.016188,32.14,64.3597438490814
35062,-8.221739,-3.724428,4.317849,0.039554,0.040775,-0.014813,32.19,64.4344821208682
35072,-8.221739,-3.726821,4.320241,0.039554,0.037874,-0.014508,32.19,64.4245684121857
35082,-8.216953,-3.735795,4.316652,0.040164,0.03543,-0.013592,32.14,64.441504044244
35092,-8.218747,-3.727419,4.32742,0.040928,0.031918,-0.012217,32.14,64.3813729876018
35102,-8.22772,-3.729812,4.322036,0.04047,0.029322,-0.012523,32.12,64.4318095737673
35112,-8.239684,-3.736392,4.325027,0.04047,0.026573,-0.013134,32.12,64.4499632863545
35122,-8.23789,-3.738786,4.319045,0.041539,0.02306,-0.012981,32.12,64.4792203385422
35132,-8.245667,-3.731009,4.33041,0.040928,0.019548,-0.013744,32.12,64.4301816226543
35142,-8.249256,-3.737589,4.326224,0.040317,0.016799,-0.014966,32.15,64.4664802648705
35152,-8.240283,-3.737589,4.326822,0.04047,0.013134,-0.017257,32.15,64.4432740450679
35162,-8.242078,-3.732804,4.334598,0.040012,0.009316,-0.018173,32.16,64.4023722138032
35172,-8.232506,-3.735196,4.331607,0.039554,0.006109,-0.019395,32.16,64.3986997732482
35182,-8.252846,-3.734,4.339384,0.039248,0.00336,-0.020922,32.15,64.4031429870184
35192,-8.245667,-3.732205,4.339384,0.038485,-0.000611,-0.024435,32.15,64.3851881729014
35202,-8.244471,-3.736392,4.337589,0.037721,-0.002749,-0.025809,32.14,64.3960019498838
35212,-8.240283,-3.739982,4.353741,0.037568,-0.003818,-0.027642,32.14,64.3071476422328
35222,-8.228318,-3.734598,4.341179,0.035888,-0.005956,-0.029627,32.14,64.3393346484678
35232,-8.234302,-3.735795,4.342973,0.034361,-0.006567,-0.03146,32.12,64.3448000688867
35242,-8.228318,-3.742973,4.356732,0.034361,-0.007483,-0.032987,32.12,64.2678556512725
35252,-8.227122,-3.738786,4.351946,0.03375,-0.007636,-0.034056,32.16,64.2854857043482
35262,-8.218747,-3.731009,4.353143,0.033139,-0.007789,-0.036041,32.16,64.2524239008626
35272,-8.222337,-3.729812,4.365705,0.031918,-0.007636,-0.038179,32.17,64.1946670951083
35282,-8.213962,-3.732205,4.359723,0.031612,-0.006261,-0.03879,32.17,64.2089416502096
35292,-8.201998,-3.736991,4.361517,0.031612,-0.006109,-0.039706,32.13,64.1775217838006
35302,-8.206185,-3.74058,4.361517,0.031001,-0.003971,-0.040317,32.13,64.1907214266391
35312,-8.206783,-3.735196,4.372883,0.02978,-0.001985,-0.041844,32.14,64.1280187134671
35322,-8.199606,-3.727419,4.373481,0.029474,-0.000305,-0.042302,32.14,64.1005867825681
35332,-8.193025,-3.728616,4.369893,0.029322,0.002138,-0.041692,32.11,64.105325137806
35342,-8.200203,-3.716652,4.376472,0.029169,0.00504,-0.041997,32.11,64.0754203587927
35352,-8.178668,-3.71725,4.37408,0.028711,0.007178,-0.041997,32.13,64.0392162878073
35362,-8.181061,-3.727419,4.385446,0.028711,0.014661,-0.040164,32.13,63.9967040654426
35372,-8.196015,-3.741179,4.379463,0.029169,0.01741,-0.039706,32.17,64.075894977291
35382,-8.188837,-3.732205,4.367499,0.028863,0.021228,-0.039248,32.15,64.1118479274158
35392,-8.185248,-3.732804,4.371687,0.029016,0.024129,-0.038179,32.15,64.0827190411135
35402,-8.188837,-3.728616,4.366901,0.028863,0.028253,-0.036805,32.12,64.1112084266885
35412,-8.187043,-3.716054,4.371089,0.029474,0.031765,-0.035736,32.12,64.0725186277344
35422,-8.18764,-3.726821,4.374678,0.029322,0.035125,-0.035277,32.16,64.0665497118532
35432,-8.180463,-3.738187,4.376472,0.029169,0.038332,-0.034208,32.16,64.0527648621072
35442,-8.19123,-3.728018,4.370491,0.029627,0.04047,-0.03207,32.14,64.0975387421902
35452,-8.185846,-3.722634,4.359125,0.030543,0.043219,-0.031154,32.14,64.1382994861644
35462,-8.190034,-3.711866,4.352544,0.030696,0.04612,-0.030849,32.15,64.170667741797
35472,-8.190034,-3.721437,4.360321,0.030849,0.048106,-0.029322,32.15,64.1404244059394
35482,-8.203195,-3.726223,4.361517,0.031307,0.049175,-0.028711,32.16,64.1691211152526
35492,-8.198408,-3.731009,4.348955,0.031765,0.050855,-0.02642,32.16,64.2279568985586
35502,-8.213962,-3.725027,4.353741,0.032529,0.050702,-0.026573,32.12,64.2323703472315
35512,-8.216953,-3.724428,4.354938,0.033139,0.052076,-0.025045,32.12,64.2323630662458
35522,-8.217552,-3.727419,4.338188,0.032987,0.052687,-0.02474,32.16,64.3231163804166
35532,-8.22473,-3.732205,4.342973,0.033598,0.05116,-0.023213,32.16,64.3195524678509
35542,-8.212766,-3.731009,4.32742,0.033598,0.049327,-0.022297,32.12,64.3715615394106
35552,-8.220542,-3.722634,4.331009,0.034514,0.046884,-0.022755,32.11,64.3620069878219
35562,-8.227122,-3.729214,4.329813,0.034667,0.045357,-0.021838,32.11,64.3897283063439
35572,-8.22772,-3.729214,4.328018,0.034972,0.042913,-0.022144,32.14,64.4003336907476
35582,-8.226524,-3.719643,4.326822,0.035277,0.039706,-0.022449,32.14,64.3940517664934
35592,-8.225926,-3.728616,4.322036,0.03543,0.03711,-0.021838,32.13,64.4265546053052
35602,-8.231908,-3.731607,4.320241,0.035125,0.034208,-0.02138,32.13,64.4523156028192
35612,-8.231908,-3.735795,4.318447,0.035888,0.030085,-0.022297,32.13,64.4658390179986
35622,-8.2349,-3.720241,4.314259,0.037415,0.026573,-0.022297,32.13,64.4783606449829
35632,-8.234302,-3.724428,4.313661,0.036957,0.023976,-0.02138,32.14,64.484356440661
35642,-8.227122,-3.741179,4.322036,0.036805,0.020159,-0.022297,32.14,64.4420649459592
35652,-8.237292,-3.728018,4.320839,0.037415,0.016493,-0.022602,32.11,64.4576725249262
35662,-8.228917,-3.725625,4.319045,0.037874,0.012981,-0.022449,32.11,64.4456748657774
35672,-8.221739,-3.725625,4.310072,0.038026,0.009316,-0.022449,32.13,64.4758886341065
35682,-8.218149,-3.731009,4.33041,0.038332,0.007025,-0.022297,32.13,64.3682654213344
35692,-8.225926,-3.739982,4.328018,0.03879,0.004581,-0.022449,32.12,64.4072953147469
35702,-8.230712,-3.732205,4.323831,0.039095,0.001069,-0.022449,32.12,64.4317141586982
35712,-8.228318,-3.735795,4.328616,0.038637,-0.003512,-0.022144,32.11,64.4053125724565
35722,-8.229516,-3.738187,4.334,0.039248,-0.004276,-0.023213,32.13,64.3826941047094
35732,-8.22473,-3.741179,4.341777,0.038332,-0.006109,-0.02306,32.13,64.3349068534884
35742,-8.218747,-3.737589,4.337589,0.038637,-0.00672,-0.022449,32.15,64.3393244858658
35752,-8.219346,-3.732205,4.349553,0.03879,-0.007025,-0.022602,32.15,64.2734963725032
35762,-8.212766,-3.73041,4.348955,0.038485,-0.007789,-0.023366,32.14,64.2598557299762
35772,-8.204989,-3.738187,4.356732,0.037415,-0.007789,-0.023824,32.14,64.2101854755116
35782,-8.215756,-3.728616,4.353143,0.03711,-0.00733,-0.023824,32.09,64.2431994486996
35792,-8.221141,-3.73041,4.354339,0.035583,-0.006109,-0.025962,32.09,64.2510645554417
35802,-8.210373,-3.734,4.362116,0.035277,-0.004887,-0.027336,32.14,64.1903388373582
35812,-8.19781,-3.729812,4.368098,0.034972,-0.003054,-0.027184,32.14,64.1266935706337
35822,-8.205587,-3.729812,4.378866,0.03375,-0.002291,-0.027794,32.15,64.0889609287832
35832,-8.196015,-3.734,4.375875,0.032376,0.000305,-0.02978,32.15,64.0869082192345
35842,-8.216953,-3.734,4.372285,0.031612,0.002443,-0.030543,32.12,64.1529373821017
35852,-8.203793,-3.728018,4.374678,0.031918,0.004734,-0.032223,32.12,64.104570315697
35862,-8.217552,-3.728616,4.377669,0.030391,0.007789,-0.032681,32.16,64.1210718713064
35872,-8.213365,-3.731009,4.380062,0.029016,0.010385,-0.034667,32.16,64.1017301255436
35882,-8.212168,-3.732804,4.385446,0.028405,0.016646,-0.038179,32.17,64.0731975528299
35892,-8.204989,-3.738187,4.375875,0.027489,0.0197,-0.039095,32.14,64.1116473944342
35902,-8.209774,-3.736392,4.375875,0.027184,0.023366,-0.039095,32.14,64.1206576486573
35912,-8.200802,-3.727419,4.382454,0.027489,0.02642,-0.040012,32.13,64.0571403436355
35922,-8.21157,-3.727419,4.366303,0.027031,0.029474,-0.041081,32.13,64.1647194495022
35932,-8.204391,-3.732205,4.374678,0.027031,0.03207,-0.041692,32.16,64.1102580926533
35942,-8.204989,-3.733402,4.38066,0.027489,0.034667,-0.041386,32.16,64.0820888844504
35952,-8.202596,-3.729214,4.365107,0.027489,0.037415,-0.043219,32.12,64.1523553838873
35962,-8.194819,-3.728018,4.361517,0.028405,0.04047,-0.042608,32.12,64.151946186661
35972,-8.196015,-3.726821,4.360919,0.028558,0.042455,-0.043066,32.14,64.156509447868
35982,-8.2014,-3.72383,4.359125,0.029474,0.044746,-0.042608,32.14,64.1749027028136
35992,-8.202596,-3.726223,4.351348,0.030085,0.045968,-0.041539,32.13,64.2201762779617
36002,-8.205587,-3.74058,4.347759,0.030085,0.047189,-0.041844,32.13,64.2602497077328
36012,-8.198408,-3.726821,4.351946,0.031612,0.048258,-0.041997,32.18,64.2082090540685
36022,-8.2014,-3.728018,4.341777,0.031765,0.049175,-0.04047,32.18,64.2686904289814
36032,-8.209774,-3.726821,4.347161,0.032681,0.049327,-0.039401,32.15,64.258644569114
36042,-8.203195,-3.735795,4.34058,0.033139,0.049175,-0.03879,32.15,64.2869362436748
36052,-8.190632,-3.729812,4.338188,0.033598,0.049633,-0.035583,32.16,64.2646785014838
36062,-8.205587,-3.724428,4.326822,0.035736,0.047647,-0.033445,32.15,64.3517006881894
36072,-8.199007,-3.735795,4.326822,0.037415,0.046731,-0.03207,32.15,64.3485144096741
36082,-8.200203,-3.743571,4.324429,0.038179,0.045204,-0.031001,32.13,64.3715810983879
36092,-8.210971,-3.732205,4.32742,0.03879,0.042913,-0.028863,32.13,64.3687389232661
36102,-8.213365,-3.719045,4.317849,0.039859,0.040928,-0.026573,32.14,64.4101220465463
36112,-8.212168,-3.719045,4.326822,0.04047,0.038179,-0.024129,32.14,64.3610531863867
36122,-8.206783,-3.728018,4.322634,0.041386,0.035888,-0.023976,32.18,64.3797227766144
36132,-8.215756,-3.724428,4.319045,0.042455,0.03375,-0.021533,32.18,64.414828485433
36142,-8.220542,-3.732804,4.320839,0.043371,0.031001,-0.018784,32.13,64.4248954555093
36152,-8.218747,-3.734598,4.320839,0.043677,0.027947,-0.01741,32.13,64.4226901245352
36162,-8.235497,-3.724428,4.314857,0.04383,0.025045,-0.017104,32.17,64.4808649350621
36172,-8.215756,-3.734598,4.314857,0.04383,0.022144,-0.016035,32.17,64.4468623797519
36182,-8.218149,-3.739383,4.31725,0.04444,0.018173,-0.015119,32.14,64.4447735996713
36192,-8.219346,-3.724428,4.322036,0.045968,0.015882,-0.013744,32.14,64.4074663843502
36202,-8.23789,-3.732804,4.320241,0.046273,0.012523,-0.013439,32.13,64.4669658679034
36212,-8.218149,-3.731009,4.325625,0.045509,0.009316,-0.01405,32.13,64.392962611421
36222,-8.222337,-3.735196,4.337589,0.045815,0.007178,-0.01405,32.14,64.344966166815
36232,-8.22473,-3.737589,4.338188,0.045204,0.001985,-0.014508,32.14,64.3497221394047
36242,-8.229516,-3.722634,4.342375,0.044899,-0.000153,-0.01573,32.16,64.323648432716
36252,-8.233105,-3.732804,4.347759,0.044288,-0.002138,-0.017868,32.14,64.3144070385184
36262,-8.23789,-3.73041,4.353143,0.043524,-0.002902,-0.018937,32.14,64.2950476107281
36272,-8.233703,-3.731009,4.342973,0.043219,-0.004734,-0.02138,32.13,64.3385620331091
36282,-8.234302,-3.737589,4.348357,0.042608,-0.005651,-0.023518,32.13,64.3189202071484
36292,-8.229516,-3.727419,4.355535,0.041386,-0.005651,-0.025045,32.19,64.2607760666193
36302,-8.228318,-3.732804,4.360321,0.040928,-0.005803,-0.027184,32.19,64.2389629500438
36312,-8.22772,-3.725625,4.373481,0.040928,-0.00504,-0.02978,32.12,64.1625872809244
36322,-8.228917,-3.731607,4.365705,0.039401,-0.004429,-0.031918,32.12,64.2114041343763
36332,-8.22473,-3.729214,4.366901,0.037263,-0.003054,-0.034819,32.09,64.1933216922545
36342,-8.207382,-3.739982,4.369893,0.036805,-0.001985,-0.03711,32.09,64.1497071471997
36352,-8.212168,-3.728616,4.375276,0.035736,-0.000611,-0.038179,32.12,64.1211471534627
36362,-8.209774,-3.734,4.372285,0.034819,0.001985,-0.041692,32.12,64.136650037731
36372,-8.215756,-3.728018,4.377071,0.034667,0.004429,-0.043524,32.15,64.1194510586604
36382,-8.219346,-3.725027,4.377669,0.033903,0.007178,-0.044899,32.15,64.1214499472884
36392,-8.207382,-3.716054,4.370491,0.032834,0.009621,-0.044746,32.11,64.1219396768936
36402,-8.201998,-3.731607,4.383053,0.032223,0.014813,-0.047189,32.11,64.0611203688533
36412,-8.194221,-3.729214,4.388436,0.031001,0.018631,-0.047953,32.15,64.0132351378305
36422,-8.190632,-3.728616,4.380062,0.02978,0.022297,-0.047647,32.14,64.0475113108852
36434,-8.181061,-3.726223,4.37408,0.029627,0.025198,-0.046731,32.14,64.0540037508733
36442,-8.188239,-3.723232,4.368696,0.029322,0.027794,-0.047037,32.13,64.095015579822
36452,-8.19123,-3.726223,4.373481,0.028863,0.031001,-0.046884,32.13,64.0802770023155
36462,-8.193025,-3.733402,4.366303,0.030085,0.034361,-0.04612,32.15,64.1287772183432
36472,-8.193025,-3.736991,4.361517,0.029932,0.037263,-0.045204,32.15,64.1571567330606
36482,-8.177471,-3.73041,4.372883,0.029322,0.040775,-0.043524,32.16,64.0563363867677
36492,-8.194221,-3.72383,4.366901,0.029932,0.043066,-0.042455,32.16,64.1185080590714
36502,-8.192427,-3.731009,4.362116,0.029932,0.045815,-0.039859,32.16,64.1465161828962
36512,-8.187043,-3.721437,4.360321,0.030849,0.047342,-0.039248,32.16,64.1336157494088
36522,-8.17807,-3.729812,4.366303,0.030391,0.049022,-0.036041,32.15,64.0910065338855
36532,-8.198408,-3.719045,4.355535,0.031001,0.050091,-0.034208,32.15,64.1816810162521
36542,-8.196015,-3.74058,4.345366,0.032223,0.051771,-0.03207,32.14,64.2509325066734
36552,-8.202596,-3.726223,4.331009,0.032834,0.052229,-0.030543,32.14,64.3251512306398
36562,-8.200802,-3.733402,4.338786,0.033139,0.052382,-0.0281,32.15,64.288318207414
36572,-8.208578,-3.734,4.341777,0.033903,0.05284,-0.023671,32.15,64.2910841726687
36582,-8.204391,-3.725625,4.335197,0.036499,0.051007,-0.023366,32.14,64.30696684569
36592,-8.212766,-3.729214,4.336991,0.037263,0.049938,-0.022297,32.18,64.320321759755
36602,-8.205587,-3.741776,4.323233,0.038332,0.048717,-0.02138,32.18,64.3880500631393
36612,-8.228917,-3.729812,4.334,0.038637,0.046273,-0.020464,32.09,64.3727905166947
36622,-8.215158,-3.727419,4.328616,0.038485,0.043524,-0.019548,32.09,64.3671055312779
36632,-8.222337,-3.724428,4.31725,0.039248,0.041233,-0.018173,32.14,64.4389223758343
36642,-8.218149,-3.734598,4.325625,0.039859,0.037874,-0.01741,32.14,64.3966344463252
36652,-8.232506,-3.722634,4.326224,0.040012,0.034972,-0.016799,32.16,64.4136559037263
36662,-8.236095,-3.731607,4.316054,0.04047,0.03207,-0.016646,32.16,64.4833232494479
36672,-8.228318,-3.728018,4.322634,0.040928,0.028558,-0.017562,32.13,64.4282396363487
36682,-8.233703,-3.729812,4.31067,0.041233,0.02474,-0.018021,32.13,64.5039268788727
36692,-8.229516,-3.722036,4.321437,0.041081,0.021075,-0.018631,32.15,64.4310207582472
36702,-8.243872,-3.739383,4.325027,0.04047,0.017868,-0.019395,32.15,64.462400956355
36712,-8.228318,-3.733402,4.320839,0.039859,0.013744,-0.019242,32.12,64.4429921035161
36722,-8.240283,-3.742374,4.322634,0.04047,0.010385,-0.020311,32.12,64.4697316086936
36732,-8.247462,-3.737589,4.323233,0.040623,0.007941,-0.021075,32.12,64.477869403952
36742,-8.22772,-3.731607,4.335794,0.040623,0.004123,-0.022144,32.12,64.3626792363755
36752,-8.222935,-3.731607,4.345366,0.040012,-0.001222,-0.023518,32.18,64.3025597683655
36762,-8.220542,-3.734,4.343571,0.040317,-0.003207,-0.025198,32.19,64.3088593400913
36772,-8.233703,-3.741776,4.341179,0.039706,-0.004887,-0.025198,32.19,64.358801985238
36782,-8.233703,-3.732205,4.349553,0.039401,-0.00672,-0.027489,32.14,64.3059094710846
36792,-8.221141,-3.732804,4.34417,0.03879,-0.008399,-0.027794,32.14,64.3058987173778
36802,-8.217552,-3.737589,4.347759,0.038026,-0.008705,-0.028711,32.16,64.2842129323603
36812,-8.221739,-3.729214,4.357928,0.038026,-0.008552,-0.029016,32.16,64.2327139388029
36822,-8.206783,-3.723232,4.35733,0.037568,-0.007941,-0.030085,32.14,64.1957569920195
36832,-8.212766,-3.737589,4.360919,0.036805,-0.007789,-0.032223,32.14,64.2056207171355
36842,-8.204391,-3.739383,4.365107,0.036499,-0.007636,-0.03375,32.14,64.166934999106
36852,-8.212766,-3.729214,4.360919,0.035583,-0.005956,-0.034514,32.14,64.196995834361
36862,-8.228318,-3.735795,4.360321,0.034667,-0.004734,-0.035888,32.11,64.2420306989318
36872,-8.200802,-3.729812,4.368098,0.034667,-0.002749,-0.03711,32.11,64.1334946800643
36882,-8.200203,-3.735196,4.37408,0.033598,-0.001069,-0.038026,32.12,64.1069101715898
36892,-8.198408,-3.737589,4.373481,0.032376,0.001985,-0.038026,32.12,64.1083912937448
36902,-8.203195,-3.739982,4.377669,0.031765,0.004734,-0.039401,32.14,64.1002038792422
36912,-8.19123,-3.727419,4.374678,0.030849,0.007789,-0.040012,32.14,64.0753521911626
36922,-8.186445,-3.735795,4.375875,0.030849,0.013897,-0.040317,32.09,64.066982464667
36932,-8.193623,-3.73041,4.38066,0.029016,0.017104,-0.040928,32.18,64.0531132096269
36942,-8.178668,-3.723232,4.38724,0.028405,0.020769,-0.041081,32.18,63.9776360672888
36952,-8.195418,-3.729214,4.378866,0.028405,0.024129,-0.039554,32.14,64.0651946208578
36962,-8.181061,-3.735795,4.375875,0.027489,0.027642,-0.039554,32.14,64.0547122923547
36972,-8.175079,-3.736392,4.368696,0.027947,0.031154,-0.038637,32.14,64.0786962270376
36982,-8.172686,-3.729214,4.375276,0.027489,0.034056,-0.037568,32.14,64.0318314873007
36992,-8.19123,-3.729214,4.368696,0.028253,0.037415,-0.036957,32.1,64.1080256603094
37002,-8.178668,-3.726223,4.370491,0.028711,0.040012,-0.036652,32.1,64.0670435018449
37012,-8.203195,-3.732804,4.368696,0.028863,0.042302,-0.03543,32.12,64.1389449497734
37022,-8.196614,-3.73041,4.35733,0.029169,0.044288,-0.034361,32.12,64.1800796506752
37032,-8.196015,-3.727419,4.367499,0.030543,0.046578,-0.033445,32.13,64.1232214556127
37042,-8.196614,-3.737589,4.354339,0.030391,0.047647,-0.032834,32.13,64.2029198538017
37052,-8.206185,-3.728018,4.353143,0.031154,0.049786,-0.031001,32.13,64.2209071353267
37062,-8.204391,-3.722634,4.351348,0.031918,0.050396,-0.029474,32.13,64.2205517695837
37072,-8.208578,-3.716652,4.35075,0.032834,0.051007,-0.028558,32.13,64.2269821407291
37082,-8.21157,-3.720241,4.341179,0.032834,0.05116,-0.028253,32.13,64.2868089667495
37092,-8.212168,-3.726223,4.344768,0.032834,0.050549,-0.025504,32.12,64.2757873021901
37102,-8.213962,-3.73041,4.346562,0.034667,0.049633,-0.025198,32.15,64.274894872346
37112,-8.223534,-3.731009,4.339384,0.035277,0.0478,-0.024893,32.15,64.3341260754194
37122,-8.224131,-3.732205,4.328616,0.03543,0.045357,-0.024282,32.14,64.3922226365631
37132,-8.219346,-3.716652,4.333402,0.036652,0.04383,-0.023366,32.14,64.3408465945774
37142,-8.221141,-3.732804,4.334,0.036805,0.041386,-0.022907,32.18,64.3583271384181
37152,-8.216953,-3.734598,4.318447,0.036957,0.038637,-0.022297,32.18,64.4310073979487
37162,-8.232506,-3.729214,4.328616,0.037263,0.036499,-0.022449,32.18,64.4080198811232
37172,-8.228318,-3.728018,4.325625,0.037415,0.033139,-0.022297,32.18,64.4128053743117
37182,-8.225926,-3.729214,4.322634,0.038179,0.02978,-0.022449,32.1,64.4240778207346
37192,-8.233703,-3.735795,4.323233,0.039095,0.027184,-0.02138,32.1,64.4451780103784
37202,-8.243275,-3.727419,4.323233,0.039248,0.024129,-0.022755,32.13,64.4581521951206
37212,-8.225926,-3.738786,4.323233,0.040012,0.020769,-0.022297,32.13,64.4307572658586
37222,-8.230712,-3.726821,4.324429,0.040623,0.01741,-0.021686,32.13,64.4231428329945
37232,-8.225328,-3.725027,4.325027,0.040164,0.014813,-0.022602,32.13,64.4061101149728
37242,-8.22473,-3.729214,4.322036,0.039554,0.012217,-0.022755,32.1,64.4244735994187
37252,-8.227122,-3.738187,4.322036,0.039859,0.00901,-0.022144,32.1,64.4390096492025
37262,-8.224131,-3.746562,4.326822,0.039554,0.006109,-0.022297,32.14,64.4161604429821
37272,-8.227122,-3.726223,4.338188,0.039095,0.001222,-0.022602,32.17,64.3434903365263
37282,-8.221141,-3.735196,4.326224,0.039401,-0.000458,-0.022144,32.17,64.4008910141203
37292,-8.217552,-3.735196,4.337589,0.038485,-0.002749,-0.023213,32.12,64.3341755946037
37302,-8.228318,-3.73041,4.336991,0.038179,-0.004276,-0.023213,32.12,64.356633799318
37312,-8.22772,-3.731009,4.351348,0.038026,-0.00504,-0.023213,32.14,64.2819443756965
37322,-8.218747,-3.724428,4.347759,0.038332,-0.006414,-0.023366,32.14,64.2734095679902
37332,-8.226524,-3.728018,4.354339,0.037263,-0.006872,-0.023824,32.15,64.2607825217833
37342,-8.206185,-3.732804,4.339384,0.03711,-0.007178,-0.023518,32.15,64.2967899887189
37352,-8.210971,-3.731009,4.355535,0.036652,-0.007025,-0.023671,32.14,64.2225040776312
37362,-8.210971,-3.73041,4.36391,0.035736,-0.006567,-0.024435,32.14,64.1787594660911
37372,-8.203793,-3.727419,4.353741,0.036041,-0.005192,-0.025198,32.16,64.2117847261671
37382,-8.206185,-3.736392,4.362714,0.036041,-0.004276,-0.026114,32.16,64.1802337256812
37392,-8.213365,-3.725027,4.366901,0.034819,-0.002596,-0.026573,32.13,64.1632522382049
37402,-8.201998,-3.731607,4.372285,0.034514,-0.000305,-0.027031,32.13,64.1165142312781
37412,-8.206185,-3.726223,4.380062,0.034667,0.00168,-0.028558,32.14,64.080461076476
37422,-8.205587,-3.729812,4.378866,0.033292,0.003512,-0.031001,32.14,64.0889609287832
37432,-8.204989,-3.735795,4.378268,0.032834,0.00733,-0.031154,32.15,64.0968652027948
37442,-8.210373,-3.727419,4.373481,0.03207,0.012981,-0.033903,32.15,64.1250670858305
37452,-8.208578,-3.739383,4.388436,0.03146,0.016035,-0.035583,32.13,64.0564827081606
37462,-8.206185,-3.731009,4.385446,0.030696,0.019242,-0.035888,32.16,64.0577304927729
37472,-8.196614,-3.726821,4.375875,0.030085,0.022449,-0.037415,32.16,64.0808338591339
37482,-8.207382,-3.732205,4.377071,0.029169,0.025809,-0.039706,32.14,64.1047470275632
37492,-8.213365,-3.731607,4.38724,0.028863,0.029016,-0.041233,32.14,64.0654669650953
37502,-8.199007,-3.728616,4.372883,0.028711,0.032223,-0.041692,32.14,64.1035405336355
37512,-8.205587,-3.729812,4.372285,0.028253,0.034972,-0.041844,32.14,64.1228159099747
37522,-8.200203,-3.737589,4.381258,0.027947,0.036805,-0.042913,32.12,64.0724648175439
37532,-8.208578,-3.732205,4.363312,0.027642,0.039095,-0.043219,32.12,64.178261248565
37542,-8.204989,-3.739383,4.368098,0.027794,0.041692,-0.043982,32.17,64.1528959592993
37552,-8.209774,-3.728616,4.365705,0.027489,0.043219,-0.043677,32.17,64.1649552891103
37562,-8.210971,-3.733402,4.355535,0.026725,0.045051,-0.043677,32.15,64.22496732083
37572,-8.2014,-3.726223,4.359125,0.027489,0.046426,-0.043066,32.15,64.1773708377671
37582,-8.2014,-3.723232,4.359125,0.028253,0.047953,-0.041692,32.12,64.174286063616
37592,-8.204391,-3.72383,4.359723,0.028253,0.048258,-0.041539,32.12,64.1786128759833
37602,-8.199007,-3.732205,4.338188,0.028711,0.048717,-0.040928,32.1,64.2861112690983
37612,-8.197212,-3.739982,4.338786,0.029322,0.048411,-0.038332,32.1,64.2869810848021
37622,-8.194819,-3.729812,4.339982,0.030696,0.047495,-0.03711,32.11,64.2648997715862
37632,-8.200203,-3.731009,4.338786,0.03146,0.047342,-0.03543,32.15,64.284498766099
37642,-8.2014,-3.72383,4.33041,0.031918,0.046578,-0.032529,32.15,64.3230834948587
37652,-8.208578,-3.732804,4.331607,0.032529,0.045051,-0.031154,32.12,64.3423353043746
37662,-8.206185,-3.722036,4.322036,0.033292,0.04383,-0.028558,32.12,64.375334735727
37672,-8.203195,-3.732205,4.332206,0.033903,0.041997,-0.027489,32.16,64.3264695309954
37682,-8.2014,-3.731009,4.314259,0.034972,0.038485,-0.025656,32.16,64.4139508083778
37692,-8.207382,-3.723232,4.31725,0.036194,0.035583,-0.02306,32.16,64.4040045892956
37702,-8.208578,-3.729214,4.317849,0.036805,0.03375,-0.020159,32.16,64.4097279602573
37712,-8.216354,-3.72383,4.314857,0.037874,0.030543,-0.019395,32.16,64.4372086122337
37722,-8.22473,-3.737589,4.324429,0.038637,0.027031,-0.018173,32.16,64.4206744678762
37732,-8.214561,-3.738187,4.31725,0.03879,0.024282,-0.016493,32.12,64.4354817109221
37742,-8.216354,-3.727419,4.305286,0.040012,0.020922,-0.013592,32.12,64.4903594055851
37752,-8.222337,-3.733402,4.311867,0.04047,0.017715,-0.012675,32.14,64.4758836058897
37762,-8.221739,-3.716054,4.318447,0.041692,0.014966,-0.012065,32.14,64.4228587886571
37772,-8.22473,-3.744169,4.32742,0.041233,0.011606,-0.011759,32.16,64.4119732231837
37782,-8.225926,-3.738786,4.332804,0.042761,0.008247,-0.010385,32.16,64.3813930017707
37792,-8.237292,-3.729812,4.325625,0.04215,0.003665,-0.009927,32.16,64.4348128214655
37802,-8.23789,-3.726821,4.331607,0.041997,0.001222,-0.011759,32.13,64.4022754645646
37812,-8.238488,-3.741776,4.346562,0.042608,-0.000916,-0.011912,32.13,64.3418631281053
37822,-8.233703,-3.744768,4.328018,0.041997,-0.003207,-0.01237,32.19,64.4296590057159
37832,-8.22473,-3.734598,4.342973,0.040928,-0.00504,-0.013897,32.19,64.3220027790933
37842,-8.231908,-3.743571,4.351348,0.040928,-0.006872,-0.016646,32.18,64.304260048249
37852,-8.24148,-3.736991,4.341179,0.041081,-0.007789,-0.017715,32.18,64.3714098099528
37862,-8.235497,-3.731009,4.355535,0.040164,-0.008094,-0.0197,32.12,64.2779567069508
37872,-8.220542,-3.734598,4.364508,0.039554,-0.008094,-0.022144,32.12,64.2016790918344
37882,-8.23789,-3.734598,4.366303,0.038943,-0.008399,-0.024129,32.12,64.231679922288
37892,-8.227122,-3.735196,4.35733,0.037874,-0.008705,-0.026878,32.12,64.2540993939848
37902,-8.220542,-3.728616,4.373481,0.036499,-0.007789,-0.029169,32.16,64.1493846409655
37912,-8.215158,-3.729214,4.371089,0.035888,-0.005956,-0.03146,32.16,64.1500853577376
37922,-8.219944,-3.723232,4.370491,0.034819,-0.003512,-0.033903,32.14,64.1578657632211
37932,-8.214561,-3.735795,4.372883,0.032987,-0.002749,-0.035736,32.14,64.1462885871739
37942,-8.216354,-3.729812,4.383053,0.032681,0.000916,-0.037415,32.17,64.0919171175424
37952,-8.207382,-3.724428,4.374678,0.032223,0.003512,-0.039095,32.17,64.1090248303765
37962,-8.200203,-3.736392,4.378866,0.030696,0.009774,-0.042608,32.12,64.0835260862206
37972,-8.2014,-3.725625,4.380062,0.029322,0.012828,-0.043677,32.15,64.0689494668988
37982,-8.199007,-3.731607,4.384848,0.028711,0.016799,-0.044288,32.15,64.0450790993617
37992,-8.201998,-3.731009,4.389035,0.027947,0.0197,-0.045204,32.12,64.0297497642676
38002,-8.187043,-3.726821,4.372285,0.027031,0.022907,-0.045662,32.12,64.0775166052855
38012,-8.192427,-3.726821,4.37408,0.02642,0.026573,-0.045204,32.1,64.0805389533789
38022,-8.190632,-3.725027,4.374678,0.026573,0.030238,-0.045204,32.1,64.0715095433149
38032,-8.191828,-3.717848,4.379463,0.026267,0.034208,-0.04444,32.11,64.0421577402972
38042,-8.188837,-3.725027,4.378866,0.025656,0.03711,-0.044593,32.11,64.0458498147678
38052,-8.182856,-3.729812,4.361517,0.026725,0.041081,-0.041997,32.12,64.1265931143234
38062,-8.192427,-3.736991,4.369893,0.02642,0.042913,-0.041844,32.12,64.1126457215837
38072,-8.189436,-3.732205,4.365107,0.025809,0.045357,-0.041233,32.15,64.1255378317901
38082,-8.197212,-3.722036,4.358526,0.027489,0.048258,-0.039706,32.15,64.166624707687
38092,-8.199007,-3.725027,4.358526,0.026573,0.050244,-0.038485,32.13,64.1737898076146
38102,-8.184649,-3.728018,4.351348,0.027642,0.051618,-0.037568,32.13,64.1812855013682
38112,-8.188239,-3.731607,4.348955,0.0281,0.05284,-0.03543,32.14,64.2055068922017
38122,-8.201998,-3.727419,4.342973,0.028863,0.053603,-0.034361,32.14,64.2632557998024
38132,-8.201998,-3.736392,4.342375,0.029169,0.053909,-0.030238,32.12,64.2755823746674
38142,-8.196614,-3.722036,4.326224,0.031154,0.053603,-0.028405,32.08,64.3320500844987
38152,-8.197212,-3.73041,4.324429,0.031918,0.052534,-0.027489,32.08,64.3512896069736
38162,-8.213365,-3.729812,4.326224,0.03207,0.050702,-0.025809,32.1,64.3778620192455
38172,-8.225926,-3.725027,4.325625,0.033139,0.048717,-0.023976,32.1,64.404370524974
38182,-8.207382,-3.729812,4.314857,0.033598,0.046426,-0.022755,32.12,64.4231140521092
38192,-8.206185,-3.728616,4.321437,0.034972,0.042913,-0.022144,32.12,64.3851729236907
38202,-8.2349,-3.72383,4.311268,0.035888,0.040928,-0.020311,32.14,64.4974491576138
38212,-8.215158,-3.73041,4.326822,0.036957,0.03711,-0.018479,32.14,64.3794292148397
38222,-8.221141,-3.728616,4.307679,0.037568,0.032834,-0.01741,32.12,64.4899624408271
38232,-8.225926,-3.725027,4.31725,0.038179,0.029322,-0.017715,32.12,64.4476077707139
38242,-8.235497,-3.725027,4.311867,0.038485,0.026267,-0.017104,32.13,64.4969109875974
38252,-8.218149,-3.725027,4.314857,0.039554,0.022297,-0.017715,32.13,64.4424714649186
38262,-8.236095,-3.725625,4.319045,0.040012,0.018784,-0.016799,32.14,64.461807968058
38272,-8.238488,-3.736991,4.311867,0.04047,0.013897,-0.017257,32.14,64.5157694216615
38282,-8.23789,-3.731009,4.316054,0.041386,0.01069,-0.016799,32.18,64.4867427761222
38292,-8.242078,-3.731009,4.328018,0.041081,0.007025,-0.017562,32.18,64.434446206843
38302,-8.227122,-3.734598,4.331009,0.04215,0.003512,-0.019395,32.16,64.3890584974721
38312,-8.245069,-3.731009,4.331607,0.041539,-0.001985,-0.018937,32.11,64.4226726165507
38322,-8.235497,-3.735795,4.332804,0.041233,-0.004429,-0.020311,32.11,64.3998678222407
38332,-8.22772,-3.728616,4.339384,0.040775,-0.006414,-0.021686,32.17,64.3411195588251
38342,-8.221739,-3.728616,4.336991,0.041233,-0.008399,-0.022297,32.17,64.3399653640081
38352,-8.231908,-3.728616,4.347161,0.040928,-0.009468,-0.023671,32.17,64.3105052850961
38362,-8.219944,-3.74058,4.35075,0.040164,-0.010385,-0.024587,32.17,64.2772821582188
38372,-8.228318,-3.739383,4.355535,0.039401,-0.010385,-0.02474,32.18,64.2703294298705
38382,-8.220542,-3.732205,4.360321,0.03879,-0.010843,-0.026267,32.18,64.2207609335849
38392,-8.222935,-3.739982,4.360919,0.037568,-0.011148,-0.028711,32.15,64.2310894541305
38402,-8.217552,-3.731607,4.362714,0.03711,-0.009621,-0.029932,32.15,64.2010624119722
38412,-8.212766,-3.725027,4.36391,0.036194,-0.008399,-0.030849,32.1,64.1772883401263
38422,-8.215756,-3.732804,4.368098,0.034819,-0.00733,-0.03207,32.1,64.170524121938
38435,-8.200203,-3.725027,4.372883,0.033445,-0.002902,-0.03375,32.15,64.102550195081
38442,-8.200203,-3.725027,4.372883,0.033445,-0.002902,-0.03375,32.15,64.102550195081
38452,-8.213365,-3.734598,4.379463,0.032223,-0.000916,-0.035277,32.15,64.1085137735146
38462,-8.194221,-3.738187,4.38066,0.03146,0.002443,-0.034972,32.15,64.0625479153308
38472,-8.198408,-3.73041,4.383651,0.031154,0.00504,-0.035583,32.14,64.0486290854274
38482,-8.194819,-3.729812,4.378866,0.02978,0.012217,-0.036346,32.14,64.0644500407487
38492,-8.195418,-3.724428,4.38724,0.029474,0.016035,-0.037263,32.14,64.0171507563919
38502,-8.193623,-3.728616,4.380062,0.029627,0.019853,-0.036805,32.11,64.0543296112045
38512,-8.185846,-3.724428,4.378866,0.029322,0.023518,-0.036805,32.11,64.0384029918413
38522,-8.182258,-3.728616,4.378268,0.029016,0.02642,-0.037415,32.18,64.0376462574292
38532,-8.196614,-3.728616,4.38724,0.028558,0.030391,-0.03711,32.18,64.0242229411672
38542,-8.190034,-3.729812,4.383651,0.028711,0.034056,-0.037415,32.16,64.0289185902496
38552,-8.193025,-3.731009,4.375875,0.029169,0.037874,-0.037721,32.16,64.0770004270177
38562,-8.194819,-3.734598,4.371687,0.029016,0.040623,-0.037415,32.13,64.1063661190706
38572,-8.184052,-3.729812,4.369893,0.029169,0.043524,-0.036805,32.13,64.0861310182005
38582,-8.194221,-3.735196,4.365705,0.029932,0.045357,-0.036041,32.15,64.1364350700374
38592,-8.193623,-3.729812,4.362116,0.030238,0.0478,-0.036041,32.15,64.147995905073
38602,-8.202596,-3.732205,4.366303,0.030543,0.04948,-0.036041,32.16,64.1492858662597
38612,-8.205587,-3.724428,4.353741,0.03146,0.05116,-0.035125,32.16,64.2127728500553
38622,-8.199606,-3.733402,4.346562,0.03207,0.052382,-0.035277,32.14,64.2454843627785
38632,-8.200802,-3.739383,4.357928,0.032681,0.05284,-0.034819,32.14,64.1957710677504
38642,-8.197212,-3.733402,4.343571,0.033903,0.052534,-0.034514,32.11,64.2554950769338
38652,-8.20798,-3.724428,4.336991,0.033903,0.051618,-0.032987,32.11,64.3045938986612
38662,-8.212168,-3.733402,4.336991,0.035277,0.051313,-0.032681,32.18,64.3232684757106
38672,-8.214561,-3.728018,4.342973,0.035277,0.049938,-0.031765,32.15,64.2922967766348
38682,-8.221739,-3.728616,4.337589,0.036499,0.048869,-0.030085,32.15,64.3368818204886
38692,-8.205587,-3.725625,4.336392,0.035888,0.046578,-0.029932,32.12,64.3035023524062
38702,-8.222935,-3.729812,4.322036,0.036652,0.044593,-0.028863,32.12,64.4210445749621
38712,-8.215158,-3.731009,4.331607,0.03711,0.041386,-0.02978,32.16,64.3553431421445
38722,-8.229516,-3.737589,4.319045,0.037874,0.04047,-0.027947,32.16,64.4592113224785
38732,-8.217552,-3.721437,4.33041,0.037874,0.037415,-0.026573,32.1,64.357127730842
38742,-8.233105,-3.728616,4.32742,0.038637,0.034056,-0.025656,32.1,64.4149257154037
38752,-8.221141,-3.732804,4.332206,0.038637,0.031154,-0.02474,32.14,64.3675803575614
38762,-8.225328,-3.729812,4.323831,0.038943,0.027794,-0.023518,32.14,64.4171642702864
38772,-8.228917,-3.735196,4.320839,0.039859,0.025045,-0.023366,32.14,64.446167558755
38782,-8.232506,-3.738786,4.320241,0.039248,0.021991,-0.022449,32.14,64.4609726668468
38792,-8.236095,-3.738786,4.312464,0.04047,0.018021,-0.020922,32.14,64.5091516738763
38802,-8.229516,-3.725625,4.335197,0.040317,0.015119,-0.020922,32.14,64.3636957946533
38812,-8.245069,-3.729812,4.323233,0.041081,0.012217,-0.021075,32.1,64.4646076827389
38822,-8.22772,-3.726223,4.331009,0.040775,0.007789,-0.020617,32.1,64.3818541729407
38832,-8.22473,-3.726821,4.321437,0.041233,0.002749,-0.020159,32.13,64.4251250591604
38842,-8.22772,-3.731009,4.334,0.041386,0.000611,-0.019853,32.16,64.3713166419879
38852,-8.212168,-3.728018,4.329813,0.04215,-0.002596,-0.020617,32.16,64.3547923997968
38862,-8.217552,-3.731009,4.333402,0.041692,-0.004734,-0.021228,32.13,64.3514812160883
38872,-8.217552,-3.73041,4.342973,0.041386,-0.005956,-0.021075,32.13,64.3015089683122
38882,-8.225926,-3.728616,4.351348,0.040775,-0.007178,-0.02138,32.11,64.2754415197721
38892,-8.225328,-3.729214,4.341777,0.04047,-0.007941,-0.022449,32.11,64.3240035034938
38902,-8.221141,-3.728018,4.348955,0.039859,-0.008705,-0.023366,32.13,64.2763397007256
38912,-8.216953,-3.734598,4.364508,0.039706,-0.008552,-0.024282,32.13,64.1935523687776
38922,-8.218747,-3.73041,4.35733,0.03879,-0.008094,-0.024587,32.15,64.2302495463228
38932,-8.214561,-3.732804,4.354339,0.03879,-0.007025,-0.025351,32.15,64.2386386807391
38942,-8.223534,-3.727419,4.365705,0.038179,-0.005956,-0.026114,32.18,64.1949205844954
38952,-8.210971,-3.733402,4.373481,0.036652,-0.00504,-0.027489,32.18,64.1325983391731
38962,-8.206783,-3.733402,4.378268,0.036194,-0.00336,-0.02978,32.16,64.0984674266644
38972,-8.206185,-3.736392,4.366901,0.036041,-0.001833,-0.02978,32.16,64.1586789588873
38982,-8.204989,-3.725625,4.382454,0.035277,0.000611,-0.030543,32.11,64.0648198965201
38992,-8.209177,-3.735795,4.374678,0.034972,0.003207,-0.031001,32.11,64.1248407295919
39002,-8.20798,-3.729214,4.377071,0.033445,0.009163,-0.033598,32.15,64.1030160617616
39012,-8.200802,-3.726821,4.383651,0.034208,0.012675,-0.035125,32.18,64.0503651032725
39022,-8.201998,-3.721437,4.383651,0.033598,0.015272,-0.035736,32.18,64.0475191408708
39032,-8.190034,-3.725027,4.375276,0.032681,0.018479,-0.036805,32.17,64.0670665432107
39042,-8.19781,-3.725027,4.379463,0.03146,0.022297,-0.038179,32.17,64.0632344943468
39052,-8.193623,-3.729214,4.388436,0.031612,0.026114,-0.038637,32.13,64.0118707746666
39062,-8.199606,-3.733402,4.385446,0.030391,0.029016,-0.039554,32.13,64.0452300766098
39072,-8.206185,-3.722036,4.384848,0.031154,0.032376,-0.040775,32.18,64.0515252374552
39082,-8.206185,-3.727419,4.383651,0.030849,0.034972,-0.041692,32.18,64.0632435238795
39092,-8.200802,-3.726821,4.377669,0.02978,0.038637,-0.041081,32.14,64.0811367727711
39102,-8.186445,-3.733402,4.377071,0.030085,0.041081,-0.041081,32.14,64.0583362434214
39112,-8.200203,-3.727419,4.370491,0.029474,0.04444,-0.041997,32.16,64.1173377848444
39122,-8.200802,-3.731009,4.372285,0.030085,0.045968,-0.041997,32.16,64.1131767920342
39132,-8.204391,-3.720241,4.362116,0.030238,0.048106,-0.04215,32.18,64.162585007417
39142,-8.206185,-3.729214,4.363312,0.030391,0.049938,-0.041233,32.18,64.1697478110024
39152,-8.210373,-3.72383,4.359723,0.02978,0.050855,-0.041386,32.17,64.192188484935
39162,-8.196614,-3.726821,4.345964,0.030085,0.052993,-0.041081,32.17,64.2350028794423
39172,-8.209774,-3.737589,4.348955,0.030543,0.05452,-0.038943,32.17,64.2604722870307
39182,-8.206783,-3.729812,4.346562,0.030696,0.053909,-0.037568,32.15,64.2580379319757
39192,-8.205587,-3.729812,4.337589,0.031765,0.053756,-0.037415,32.15,64.3016252478309
39202,-8.200802,-3.736392,4.326224,0.032834,0.052534,-0.036499,32.13,64.3562711195738
39212,-8.194819,-3.727419,4.325625,0.032376,0.051618,-0.03543,32.13,64.3366207560368
39222,-8.212766,-3.731607,4.322036,0.033139,0.049633,-0.033139,32.12,64.3999799722685
39232,-8.215158,-3.726223,4.323831,0.034056,0.048717,-0.03146,32.12,64.3905905880221
39242,-8.215756,-3.719643,4.320241,0.034972,0.045509,-0.031307,32.12,64.4037619814315
39252,-8.209774,-3.737589,4.320241,0.035277,0.043371,-0.028711,32.12,64.4086420635956
39262,-8.213962,-3.715455,4.323233,0.036194,0.040317,-0.027947,32.16,64.3799773948228
39272,-8.221141,-3.725625,4.31067,0.036805,0.037415,-0.025656,32.16,64.4714531056979
39282,-8.220542,-3.726821,4.328018,0.037415,0.033598,-0.023671,32.16,64.3817213307788
39292,-8.228917,-3.733402,4.313063,0.038179,0.030391,-0.021533,32.16,64.4844813325169
39302,-8.225926,-3.728616,4.316054,0.038485,0.025962,-0.020922,32.11,64.4574408069493
39312,-8.223534,-3.738187,4.302295,0.039401,0.022297,-0.019395,32.11,64.5329200371808
39322,-8.233105,-3.734,4.312464,0.040164,0.018326,-0.018326,32.13,64.4975801154727
39332,-8.232506,-3.737589,4.321437,0.040012,0.014508,-0.016799,32.13,64.4535826105218
39342,-8.220542,-3.727419,4.319643,0.041386,0.011301,-0.014661,32.11,64.4255725225041
39352,-8.237292,-3.732804,4.322634,0.041844,0.004123,-0.014813,32.12,64.4532811170463
39362,-8.226524,-3.724428,4.320241,0.041539,0.001222,-0.013439,32.12,64.432898014646
39372,-8.219944,-3.735795,4.323831,0.042455,-0.002138,-0.013897,32.16,64.4111604361054
39382,-8.223534,-3.73041,4.324429,0.042608,-0.004887,-0.013439,32.16,64.4106506552663
39392,-8.22772,-3.729214,4.325625,0.042913,-0.006261,-0.013592,32.17,64.4126793096988
39402,-8.231908,-3.726223,4.337589,0.043066,-0.008247,-0.013592,32.17,64.3573677119048
39412,-8.222337,-3.728018,4.339982,0.043524,-0.010385,-0.013897,32.13,64.3252817673485
39422,-8.217552,-3.732804,4.345366,0.043371,-0.011148,-0.014355,32.13,64.2916305507701
39432,-8.23131,-3.734598,4.347759,0.043524,-0.011912,-0.016188,32.12,64.3121942925042
39442,-8.215158,-3.74058,4.360919,0.043677,-0.01237,-0.017715,32.12,64.2141168790033
39452,-8.225328,-3.726821,4.360321,0.042302,-0.012217,-0.018784,32.15,64.2260656471253
39462,-8.22772,-3.729812,4.365107,0.041997,-0.011301,-0.021075,32.15,64.2099289818556
39472,-8.228318,-3.734,4.372285,0.04047,-0.010537,-0.023671,32.12,64.1786876479996
39482,-8.231908,-3.726223,4.377071,0.039401,-0.009774,-0.026114,32.12,64.154250585537
39492,-8.220542,-3.732205,4.370491,0.038943,-0.00733,-0.0281,32.15,64.1684490881936
39502,-8.222337,-3.725625,4.380062,0.036957,-0.005803,-0.03146,32.15,64.1165605303135
39512,-8.219346,-3.736991,4.378268,0.035583,-0.002443,-0.033903,32.14,64.1306968632418
39522,-8.207382,-3.723232,4.378866,0.031765,0.003512,-0.039095,32.15,64.0862468239247
39532,-8.199007,-3.739982,4.393821,0.030849,0.00733,-0.041386,32.15,64.0076573763189
39542,-8.202596,-3.728616,4.381258,0.029627,0.012065,-0.042761,32.12,64.0686158013711
39552,-8.209774,-3.721437,4.392624,0.027947,0.015424,-0.043982,32.12,64.0191262336932
39562,-8.207382,-3.738187,4.395017,0.026725,0.018784,-0.046426,32.12,64.0187280286811
39572,-8.194819,-3.729214,4.38066,0.026267,0.022449,-0.046884,32.12,64.054598090486
39582,-8.178668,-3.733402,4.383053,0.025198,0.026878,-0.047647,32.13,64.00979122985
39592,-8.18764,-3.731607,4.382454,0.023671,0.030085,-0.048258,32.13,64.0314831753535
39602,-8.184052,-3.723232,4.379463,0.023366,0.033903,-0.047189,32.19,64.0299904113772
39612,-8.184052,-3.732205,4.377071,0.023976,0.037568,-0.046578,32.19,64.0516363930396
39622,-8.184052,-3.732205,4.375875,0.023824,0.040317,-0.04612,32.14,64.0577964164861
39632,-8.17448,-3.734,4.368696,0.023518,0.043524,-0.045204,32.14,64.0748389703582
39642,-8.170892,-3.728616,4.363312,0.023824,0.045968,-0.04444,32.12,64.0888260940659
39652,-8.185846,-3.728616,4.359723,0.024587,0.048717,-0.041692,32.12,64.1414107654222
39662,-8.190632,-3.725625,4.354938,0.025504,0.051313,-0.040775,32.14,64.1738816395233
39672,-8.184052,-3.732205,4.355535,0.026114,0.053298,-0.038485,32.14,64.1626566609544
39682,-8.2014,-3.733402,4.353741,0.027336,0.054367,-0.036805,32.14,64.2125283173294
39692,-8.192427,-3.729214,4.339982,0.028863,0.055436,-0.032987,32.14,64.2588629183206
39702,-8.203195,-3.726821,4.336392,0.030391,0.055283,-0.031001,32.11,64.2993200519278
39712,-8.204989,-3.732205,4.335794,0.031307,0.054825,-0.029932,32.14,64.3119984706356
39722,-8.20798,-3.725625,4.338188,0.032223,0.054062,-0.028405,32.14,64.2996444659284
39732,-8.21157,-3.734598,4.326822,0.033292,0.052993,-0.026267,32.16,64.3756309622819
39742,-8.213365,-3.736392,4.331607,0.034667,0.050549,-0.02474,32.16,64.3568176675272
39752,-8.213365,-3.744768,4.328616,0.035125,0.048564,-0.023671,32.13,64.3808485582819
39762,-8.217552,-3.728616,4.323831,0.035888,0.045662,-0.022602,32.13,64.3984331619369
39772,-8.229516,-3.731009,4.322036,0.037415,0.042761,-0.020922,32.14,64.4370680767819
39782,-8.23131,-3.72383,4.316652,0.037721,0.040012,-0.021075,32.14,64.4615833279263
39792,-8.231908,-3.725625,4.313063,0.038485,0.036652,-0.0197,32.12,64.4832844931692
39802,-8.227122,-3.732804,4.316054,0.039248,0.033292,-0.018937,32.12,64.4643963100539
39812,-8.232506,-3.731607,4.322036,0.039706,0.029322,-0.019548,32.13,64.4443973785899
39822,-8.228318,-3.725625,4.322036,0.04047,0.025198,-0.018631,32.13,64.4288877193719
39832,-8.230114,-3.732804,4.313661,0.040928,0.02138,-0.018937,32.17,64.4834712941981
39842,-8.228917,-3.728616,4.313661,0.040775,0.018021,-0.01909,32.17,64.4765205030568
39852,-8.238488,-3.722634,4.317849,0.041233,0.014355,-0.018631,32.09,64.4703175879488
39862,-8.237292,-3.734598,4.325625,0.040928,0.007025,-0.019242,32.09,64.4396840949681
39872,-8.223534,-3.726223,4.328018,0.040775,0.003207,-0.020311,32.13,64.3878534120095
39882,-8.226524,-3.728616,4.328616,0.040928,0.000916,-0.020159,32.16,64.3939458588091
39892,-8.222935,-3.728616,4.331009,0.041386,-0.002291,-0.020617,32.16,64.3735156150955
39902,-8.227122,-3.726223,4.334,0.040012,-0.004123,-0.020464,32.15,64.3650818333242
39912,-8.221739,-3.724428,4.32742,0.039248,-0.006872,-0.02138,32.15,64.3850615022999
39922,-8.229516,-3.735795,4.344768,0.039401,-0.007941,-0.021838,32.13,64.3247740132851
39932,-8.222337,-3.735196,4.351348,0.038637,-0.009163,-0.02306,32.13,64.2740789305016
39942,-8.218149,-3.735196,4.345366,0.038026,-0.009468,-0.023518,32.12,64.2954337498704
39952,-8.213365,-3.722036,4.359125,0.037415,-0.010996,-0.024435,32.12,64.2002099770373
39962,-8.213962,-3.733402,4.356732,0.036194,-0.010385,-0.024587,32.13,64.2255740024105
39972,-8.213365,-3.722036,4.360321,0.035583,-0.009774,-0.025045,32.13,64.1940504747665
39982,-8.212168,-3.732205,4.35733,0.034667,-0.008247,-0.025809,32.13,64.217200519682
39993,-8.210971,-3.738187,4.361517,0.03375,-0.007789,-0.026725,32.13,64.1990939188444
40002,-8.203793,-3.728018,4.372285,0.032987,-0.005803,-0.028253,32.15,64.1168850057763
40012,-8.209774,-3.733402,4.364508,0.032529,-0.00336,-0.027794,32.15,64.1760507683033
40022,-8.200203,-3.734,4.378268,0.031612,-0.001374,-0.028711,32.1,64.084123754249
40032,-8.206185,-3.722036,4.37408,0.030696,0.001069,-0.029932,32.1,64.1069109810572
40042,-8.196614,-3.732804,4.37408,0.030543,0.005498,-0.030085,32.15,64.0962705984253
40052,-8.19123,-3.731009,4.383053,0.029627,0.008552,-0.031307,32.18,64.0359666542728
40062,-8.197212,-3.734,4.372883,0.02978,0.012217,-0.031612,32.18,64.105031515936
40072,-8.200802,-3.722036,4.386642,0.029016,0.014966,-0.032529,32.16,64.0300304674099
40082,-8.188837,-3.72383,4.377071,0.028558,0.017868,-0.033139,32.16,64.0538511752676
40092,-8.191828,-3.73041,4.375875,0.029322,0.021686,-0.033139,32.14,64.0736528830831
40102,-8.193623,-3.729214,4.370491,0.028253,0.024282,-0.034361,32.14,64.1042253800251
40112,-8.194221,-3.733402,4.366901,0.028405,0.026878,-0.034514,32.13,64.1284155756982
40122,-8.203195,-3.731009,4.378268,0.028405,0.030085,-0.035125,32.13,64.0878336542054
40132,-8.19781,-3.735196,4.375875,0.027489,0.032223,-0.037263,32.12,64.0922316687497
40142,-8.194221,-3.727419,4.375875,0.027947,0.034667,-0.03711,32.12,64.0760029733346
40152,-8.200802,-3.726821,4.366303,0.027336,0.037721,-0.036957,32.14,64.1396482474932
40162,-8.196614,-3.732804,4.376472,0.027184,0.039859,-0.037263,32.14,64.0839591340911
40172,-8.202596,-3.732205,4.362714,0.027489,0.041844,-0.037568,32.14,64.1677689551379
40182,-8.209774,-3.726821,4.357928,0.027794,0.043524,-0.037721,32.14,64.2031540563748
40192,-8.205587,-3.726821,4.35733,0.027642,0.045204,-0.037415,32.14,64.1967396823933
40202,-8.208578,-3.736991,4.360321,0.027642,0.046273,-0.037874,32.14,64.1985972297143
40212,-8.204391,-3.728616,4.348955,0.028253,0.047647,-0.036652,32.12,64.2390494637471
40222,-8.204989,-3.734,4.349553,0.027947,0.048411,-0.036194,32.12,64.2428659756379
40232,-8.20798,-3.735196,4.34417,0.029474,0.047495,-0.035277,32.12,64.2786208353463
40242,-8.204391,-3.728018,4.34058,0.029932,0.047037,-0.034819,32.13,64.2816387948312
40252,-8.204989,-3.734598,4.341777,0.029474,0.046426,-0.034056,32.13,64.2835848828517
40262,-8.216953,-3.73041,4.341179,0.02978,0.045509,-0.032223,32.13,64.3094049422833
40272,-8.210971,-3.734,4.323831,0.030085,0.04444,-0.031765,32.13,64.3891142323836
40282,-8.219346,-3.729812,4.328018,0.031765,0.043219,-0.030391,32.12,64.3820833562307
40292,-8.210373,-3.726223,4.320241,0.03207,0.041844,-0.030238,32.12,64.3983493055915
40302,-8.213962,-3.722036,4.331607,0.032223,0.039248,-0.028711,32.14,64.3434552494273
40312,-8.227122,-3.736991,4.32742,0.032987,0.036805,-0.0281,32.14,64.4100125018579
40322,-8.214561,-3.733402,4.325027,0.034208,0.034972,-0.027184,32.13,64.3904151724291
40332,-8.220542,-3.726223,4.320241,0.033292,0.032223,-0.025809,32.13,64.4212632216629
40342,-8.228917,-3.734,4.311867,0.034514,0.029016,-0.02474,32.12,64.4912669086194
40352,-8.222337,-3.728018,4.315455,0.03543,0.02642,-0.023824,32.12,64.4518554824464
40362,-8.228318,-3.724428,4.320839,0.035888,0.023213,-0.021838,32.16,64.4338472975733
40372,-8.227122,-3.720839,4.319643,0.036346,0.020159,-0.02138,32.16,64.4336766470564
40382,-8.220542,-3.734598,4.322036,0.03711,0.014203,-0.019242,32.14,64.4205485610899
40392,-8.22473,-3.736991,4.31725,0.037263,0.010843,-0.018631,32.13,64.4571181327407
40402,-8.21157,-3.731009,4.318447,0.037721,0.007789,-0.018479,32.13,64.41521671324
40412,-8.230712,-3.732804,4.325027,0.037415,0.005498,-0.016952,32.18,64.4261550613801
40422,-8.228318,-3.725625,4.332206,0.038332,0.003054,-0.016493,32.18,64.3764180768525
40436,-8.230712,-3.728616,4.336392,0.038485,0.000305,-0.016493,32.1,64.3632834014862
40442,-8.221141,-3.726223,4.335794,0.039095,-0.001985,-0.015577,32.1,64.3423411790446
40452,-8.212168,-3.733402,4.334598,0.040012,-0.003665,-0.015882,32.13,64.3356151596616
40462,-8.218747,-3.738786,4.338188,0.040164,-0.005192,-0.01573,32.13,64.3374637870526
40472,-8.215756,-3.731607,4.350152,0.040012,-0.006109,-0.01573,32.11,64.2616805421826
40482,-8.212766,-3.734598,4.348357,0.039401,-0.007025,-0.016341,32.11,64.2672424764713
40492,-8.213365,-3.731009,4.347161,0.038943,-0.008094,-0.017104,32.16,64.2710725702174
40502,-8.222337,-3.731009,4.356134,0.039401,-0.007941,-0.019395,32.16,64.2451430399136
40512,-8.209774,-3.732205,4.354938,0.038485,-0.00733,-0.019548,32.16,64.2240997067344
40522,-8.213365,-3.735196,4.355535,0.038485,-0.006414,-0.021075,32.16,64.2322331534972
40532,-8.21157,-3.739982,4.361517,0.038179,-0.005345,-0.021838,32.13,64.2023013920899
40542,-8.203195,-3.739982,4.369893,0.037721,-0.004123,-0.023518,32.13,64.1402070246293
40552,-8.204391,-3.736392,4.377071,0.037568,-0.002596,-0.027336,32.16,64.1022798699274
40562,-8.204989,-3.738187,4.380062,0.035277,0.002291,-0.029322,32.13,64.0901168050247
40572,-8.204989,-3.728616,4.386044,0.035125,0.003971,-0.031001,32.13,64.0494574664054
40582,-8.208578,-3.738187,4.373481,0.034514,0.007483,-0.032376,32.13,64.132108917966
40592,-8.20798,-3.734,4.389035,0.033292,0.010232,-0.033139,32.13,64.0464706958009
40602,-8.206185,-3.732804,4.379463,0.032376,0.012828,-0.034208,32.15,64.0903447425373
40612,-8.197212,-3.720839,4.381856,0.031612,0.016341,-0.036499,32.15,64.0452219032859
40622,-8.203793,-3.729214,4.38066,0.029932,0.019548,-0.037721,32.14,64.0750345988557
40632,-8.206185,-3.717848,4.378866,0.029169,0.022602,-0.039095,32.14,64.0779646807487
40642,-8.203195,-3.732804,4.381258,0.028253,0.025809,-0.039554,32.14,64.0743140644668
40652,-8.202596,-3.728018,4.385446,0.028558,0.029322,-0.039859,32.14,64.0464619329668
40662,-8.194819,-3.733402,4.383651,0.027489,0.032223,-0.04215,32.16,64.0435556716285
40672,-8.193025,-3.732804,4.373481,0.025656,0.034972,-0.042455,32.16,64.0911873628895
40682,-8.204989,-3.735795,4.374678,0.024587,0.037415,-0.042608,32.14,64.1153295327186
40692,-8.196614,-3.738187,4.375875,0.025809,0.040164,-0.041386,32.14,64.0926125038357
40702,-8.193025,-3.731009,4.359723,0.025045,0.042608,-0.041233,32.15,64.1602108659031
40712,-8.197212,-3.722634,4.360321,0.024893,0.044899,-0.040928,32.15,64.1579880110367
40722,-8.203195,-3.725027,4.364508,0.025045,0.046426,-0.041386,32.18,64.1524796107846
40732,-8.203793,-3.727419,4.358526,0.02474,0.048411,-0.039554,32.18,64.1871228453081
40742,-8.209177,-3.731009,4.351946,0.024893,0.048869,-0.039248,32.13,64.23693366123
40752,-8.203793,-3.721437,4.347759,0.025809,0.049022,-0.038332,32.15,64.2364750061614
40762,-8.203195,-3.720241,4.341179,0.026114,0.048411,-0.037568,32.15,64.2678448094346
40772,-8.2014,-3.723232,4.341777,0.027184,0.048106,-0.036194,32.18,64.2637659459161
40782,-8.206185,-3.729812,4.339384,0.028253,0.0478,-0.035277,32.18,64.2937137911346
40792,-8.201998,-3.728616,4.334,0.028863,0.047037,-0.033139,32.15,64.3108093075635
40802,-8.208578,-3.734,4.326224,0.029627,0.044899,-0.031918,32.15,64.3713591312757
40812,-8.210373,-3.734,4.318447,0.029627,0.042608,-0.02978,32.14,64.4155830426727
40822,-8.215158,-3.741776,4.320839,0.03146,0.041386,-0.027947,32.14,64.4219623887151
40832,-8.21157,-3.73041,4.322036,0.032223,0.039248,-0.025504,32.18,64.3960589849275
40842,-8.214561,-3.734598,4.326822,0.033445,0.035583,-0.025504,32.18,64.3823725566625
40852,-8.209774,-3.731607,4.324429,0.034819,0.033139,-0.024587,32.14,64.38087401995
40862,-8.218149,-3.720839,4.313661,0.034667,0.030238,-0.022297,32.14,64.4443818891716
40872,-8.22473,-3.733402,4.323233,0.035583,0.027184,-0.021075,32.16,64.4225695813546
40882,-8.217552,-3.739982,4.313661,0.036805,0.023671,-0.020159,32.16,64.4625845365155
40892,-8.225328,-3.728018,4.316054,0.037415,0.020311,-0.018937,32.16,64.4554871100614
40902,-8.215158,-3.742374,4.32742,0.038485,0.01405,-0.016493,32.16,64.3886013294679
40912,-8.219346,-3.727419,4.316652,0.039706,0.010843,-0.015577,32.16,64.4383311805132
40922,-8.232506,-3.728616,4.322634,0.041233,0.007941,-0.014966,32.12,64.4382663318448
40932,-8.230114,-3.735196,4.325027,0.040928,0.005345,-0.014508,32.12,64.4272502826946
40942,-8.226524,-3.733402,4.329215,0.041539,0.001833,-0.014661,32.17,64.3957427127827
40952,-8.22772,-3.737589,4.325625,0.041997,-0.000916,-0.014203,32.17,64.4212266670507
40962,-8.226524,-3.729812,4.335794,0.04215,-0.003054,-0.014355,32.16,64.3581499727018
40972,-8.214561,-3.727419,4.336392,0.042608,-0.003818,-0.013744,32.16,64.3256262295611
40982,-8.22772,-3.729214,4.342973,0.042761,-0.005498,-0.013286,32.14,64.3232377651803
40992,-8.230712,-3.742374,4.336392,0.041997,-0.006872,-0.015272,32.14,64.3773396329686
41002,-8.216953,-3.735795,4.35075,0.041539,-0.007941,-0.016493,32.15,64.2656087322946
41012,-8.218747,-3.731009,4.344768,0.040775,-0.007636,-0.017715,32.15,64.2955705703374
41022,-8.220542,-3.731607,4.353143,0.04047,-0.007483,-0.018326,32.12,64.2570967446552
41032,-8.210971,-3.731009,4.358526,0.039859,-0.007178,-0.019242,32.12,64.2070981895274
41042,-8.209774,-3.73041,4.366901,0.039095,-0.006567,-0.020464,32.18,64.1606485773993
41052,-8.218747,-3.725625,4.364508,0.037721,-0.005192,-0.021533,32.18,64.1883887723751
41062,-8.218149,-3.728018,4.367499,0.036652,-0.003512,-0.023671,32.16,64.1741046651552
41072,-8.209177,-3.738187,4.372883,0.035888,-0.001374,-0.027184,32.16,64.1365438546091
41082,-8.208578,-3.737589,4.382454,0.03375,0.00336,-0.028405,32.14,64.0853590467006
41092,-8.218747,-3.739383,4.381856,0.03207,0.005651,-0.030543,32.15,64.1133750428959
41102,-8.207382,-3.733402,4.387838,0.030696,0.008247,-0.032681,32.15,64.0506400370523
41112,-8.206185,-3.726223,4.397409,0.029932,0.011606,-0.034972,32.14,63.9913186821231
41122,-8.213962,-3.739383,4.386044,0.028711,0.014966,-0.036652,32.14,64.081004295917
41132,-8.203195,-3.729214,4.379463,0.027031,0.017868,-0.03879,32.14,64.0798299897176
41142,-8.2014,-3.732804,4.379463,0.026267,0.02138,-0.039401,32.14,64.0794613577751
41152,-8.206185,-3.728018,4.381258,0.025198,0.024435,-0.041692,32.14,64.07616616075
41162,-8.204989,-3.732205,4.376472,0.024435,0.027489,-0.041233,32.14,64.1023885507938
41172,-8.196614,-3.729214,4.376472,0.023671,0.030849,-0.042302,32.1,64.0802393040007
41182,-8.193623,-3.731607,4.375875,0.022755,0.033445,-0.04383,32.1,64.0789822933446
41192,-8.199606,-3.734598,4.372883,0.022449,0.036957,-0.043982,32.12,64.111094074214
41202,-8.197212,-3.728018,4.369893,0.022297,0.039248,-0.043982,32.12,64.1142333769747
41212,-8.196015,-3.72383,4.371687,0.022602,0.041997,-0.043066,32.1,64.0979373833939
41222,-8.196015,-3.728018,4.354339,0.022144,0.043982,-0.043371,32.1,64.1916714121717
41232,-8.194221,-3.734,4.367499,0.022297,0.04612,-0.042608,32.11,64.125954609949
41242,-8.203793,-3.721437,4.348357,0.022602,0.046731,-0.041081,32.11,64.2333902243189
41252,-8.197212,-3.727419,4.348955,0.024129,0.048258,-0.039706,32.14,64.2215417372924
41262,-8.196015,-3.734,4.344768,0.024893,0.048869,-0.03711,32.16,64.247223269155
41272,-8.203793,-3.742374,4.337589,0.025198,0.048411,-0.034972,32.16,64.3104976204275
41282,-8.206185,-3.734,4.334598,0.026573,0.047189,-0.033903,32.14,64.3227197228419
41292,-8.200802,-3.729214,4.331607,0.027947,0.046731,-0.032376,32.14,64.3210795503382
41302,-8.210971,-3.72383,4.336991,0.029474,0.045204,-0.030543,32.15,64.3107439530592
41312,-8.203195,-3.74058,4.328018,0.030391,0.04383,-0.029322,32.15,64.3567109778551
41322,-8.208578,-3.734,4.320241,0.03146,0.041997,-0.026725,32.15,64.4022684582763
41332,-8.212766,-3.728616,4.319045,0.032529,0.039554,-0.024587,32.15,64.4123723546288
41342,-8.209774,-3.731607,4.325027,0.03375,0.036652,-0.023518,32.15,64.3777850575863
41352,-8.217552,-3.726821,4.329813,0.034667,0.034361,-0.021991,32.15,64.3657148786153
41362,-8.221739,-3.733402,4.323831,0.034972,0.031765,-0.021228,32.12,64.4127535432029
41372,-8.208578,-3.732804,4.32742,0.035125,0.029016,-0.020006,32.12,64.3639551449984
41382,-8.224131,-3.726821,4.325625,0.036805,0.025198,-0.019548,32.13,64.4021582816818
41392,-8.213962,-3.736991,4.321437,0.037415,0.021991,-0.018173,32.13,64.4112810516735
41402,-8.210971,-3.733402,4.319045,0.038026,0.019395,-0.016799,32.11,64.4132272578227
41412,-8.219944,-3.732804,4.325625,0.037721,0.016646,-0.016493,32.11,64.3988413638938
41422,-8.226524,-3.722036,4.320241,0.037568,0.010843,-0.016188,32.19,64.4304615938929
41432,-8.228917,-3.725625,4.322036,0.038485,0.008094,-0.016646,32.12,64.430235354302
41442,-8.2349,-3.728616,4.334598,0.038485,0.005498,-0.016799,32.12,64.3819605335027
41452,-8.233703,-3.735196,4.338188,0.038485,0.002596,-0.01741,32.13,64.3674822232642
41462,-8.232506,-3.726223,4.333402,0.038485,0.000764,-0.017257,32.13,64.3802954641609
41472,-8.235497,-3.727419,4.331009,0.038026,-0.001222,-0.017868,32.14,64.4005827906802
41482,-8.221739,-3.734,4.341777,0.037568,-0.003054,-0.018631,32.14,64.3208058258404
41492,-8.225328,-3.729812,4.34417,0.03711,-0.004887,-0.01909,32.11,64.3122852139881
41502,-8.226524,-3.734598,4.339982,0.036652,-0.005956,-0.018173,32.11,64.3414585453127
41512,-8.228318,-3.72383,4.347161,0.035583,-0.007025,-0.020159,32.14,64.2975100581593
41522,-8.219346,-3.729214,4.35075,0.035277,-0.006567,-0.020159,32.14,64.2642614987428
41532,-8.215756,-3.731009,4.347759,0.035277,-0.00672,-0.020006,32.11,64.2733969963987
41542,-8.218747,-3.728616,4.353143,0.03375,-0.006414,-0.021838,32.11,64.2499674301643
41552,-8.216953,-3.736392,4.359125,0.03375,-0.006109,-0.02306,32.14,64.2230996794787
41562,-8.2014,-3.739982,4.360321,0.032223,-0.00504,-0.023366,32.14,64.1854178049011
41572,-8.207382,-3.725625,4.368098,0.031765,-0.003665,-0.024129,32.14,64.1441226013391
41582,-8.206185,-3.722036,4.369893,0.029932,-0.001985,-0.026114,32.14,64.1284610737445
41592,-8.192427,-3.726821,4.368098,0.029932,0.000153,-0.027184,32.17,64.1113524683963
41602,-8.196614,-3.726821,4.366901,0.028405,0.004123,-0.028711,32.15,64.1270459748552
41612,-8.197212,-3.729812,4.375276,0.0281,0.00733,-0.028558,32.15,64.0883758867032
41622,-8.197212,-3.731009,4.378268,0.026725,0.009468,-0.02978,32.14,64.0742178359904
41632,-8.199007,-3.732205,4.370491,0.026878,0.012217,-0.031001,32.14,64.1195684491744
41642,-8.184649,-3.725625,4.377669,0.026725,0.015119,-0.030238,32.16,64.043079380525
41652,-8.189436,-3.729812,4.37408,0.02642,0.017715,-0.031612,32.16,64.0768265471084
41662,-8.200203,-3.729214,4.368696,0.02642,0.020769,-0.031918,32.13,64.1284358213372
41672,-8.199606,-3.727419,4.366901,0.02642,0.023518,-0.031612,32.13,64.1344674831523
41682,-8.19123,-3.741179,4.369893,0.026878,0.026114,-0.032223,32.14,64.1142703476405
41692,-8.19781,-3.734,4.375875,0.026267,0.029016,-0.032681,32.14,64.09099225692
41702,-8.194819,-3.732804,4.368098,0.02642,0.030849,-0.032987,32.13,64.1229899728255
41712,-8.199606,-3.728616,4.365705,0.027642,0.033598,-0.033139,32.13,64.141864698954
41722,-8.207382,-3.724428,4.371687,0.027336,0.036194,-0.03375,32.14,64.124415422799
41732,-8.203195,-3.723232,4.369295,0.027642,0.037263,-0.034514,32.14,64.1259750277122
41742,-8.209177,-3.728018,4.365107,0.028253,0.039095,-0.033445,32.12,64.1660626134094
41752,-8.2014,-3.720839,4.362714,0.028253,0.041233,-0.034819,32.12,64.153322786265
41762,-8.200802,-3.722634,4.361517,0.027947,0.042608,-0.034514,32.14,64.1599832090841
41772,-8.212168,-3.726821,4.362714,0.028253,0.044746,-0.034361,32.14,64.1839353734475
41782,-8.219944,-3.736392,4.359125,0.027794,0.044746,-0.034056,32.14,64.2298659636248
41792,-8.209774,-3.728616,4.351946,0.027794,0.045051,-0.034361,32.13,64.2358235340008
41802,-8.215756,-3.725625,4.348357,0.0281,0.045662,-0.03375,32.13,64.2647892089692
41812,-8.20798,-3.719045,4.342973,0.027031,0.045204,-0.033903,32.16,64.268198026853
41822,-8.217552,-3.723232,4.342973,0.026878,0.04383,-0.034056,32.16,64.2941522489898
41832,-8.219346,-3.731607,4.336991,0.025962,0.04383,-0.033903,32.14,64.3376284793651
41842,-8.215756,-3.731607,4.341777,0.026114,0.042761,-0.034056,32.14,64.3048457765994
41852,-8.214561,-3.729812,4.331607,0.025656,0.04047,-0.033598,32.16,64.3527699420482
41862,-8.222337,-3.729812,4.336991,0.026114,0.039248,-0.032834,32.16,64.3425380566663
41872,-8.221739,-3.731607,4.33041,0.025809,0.036499,-0.032376,32.12,64.3769683691279
41882,-8.206783,-3.723232,4.320839,0.025656,0.034361,-0.031918,32.12,64.3840973065998
41892,-8.219944,-3.726821,4.336991,0.026114,0.03207,-0.031001,32.12,64.3340779660699
41902,-8.233105,-3.737589,4.331009,0.025962,0.028711,-0.030543,32.12,64.4055710162568
41912,-8.217552,-3.726223,4.314857,0.027031,0.026114,-0.029474,32.12,64.4423481488825
41922,-8.213962,-3.735795,4.315455,0.027489,0.023518,-0.027642,32.12,64.4409610043224
41932,-8.219346,-3.726223,4.329813,0.0281,0.020922,-0.026878,32.11,64.3691494872308
41942,-8.216354,-3.73041,4.323831,0.029169,0.01405,-0.023518,32.11,64.3975685569147
41952,-8.204391,-3.725027,4.320241,0.030849,0.01069,-0.022144,32.12,64.3836285582387
41962,-8.218149,-3.729214,4.315455,0.031154,0.008094,-0.020311,32.16,64.4436547289751
41972,-8.212168,-3.731009,4.320241,0.032376,0.005345,-0.019548,32.16,64.407293803614
41982,-8.206783,-3.741179,4.316054,0.033445,0.003207,-0.01741,32.11,64.4272276691259
41992,-8.209177,-3.728616,4.332206,0.034819,0.000458,-0.016341,32.11,64.3362976281935
42002,-8.209177,-3.739383,4.320839,0.035277,-0.002596,-0.015424,32.16,64.4060478969043
42012,-8.206185,-3.719643,4.331009,0.036346,-0.003665,-0.013286,32.16,64.3265151851036
42022,-8.212168,-3.731607,4.335197,0.037568,-0.004887,-0.011759,32.16,64.3306825739698
42032,-8.210971,-3.729214,4.329813,0.037721,-0.00672,-0.010843,32.16,64.3533164426282
42042,-8.210373,-3.735196,4.353143,0.038637,-0.007636,-0.01069,32.14,64.2377832038587
42052,-8.210373,-3.734598,4.348357,0.03879,-0.008705,-0.011301,32.14,64.2618308438299
42062,-8.216953,-3.733402,4.356732,0.038637,-0.009163,-0.010996,32.15,64.2323432973354
42072,-8.220542,-3.729812,4.354938,0.03879,-0.009163,-0.011148,32.15,64.2460120120748
42082,-8.219944,-3.734,4.353741,0.038485,-0.008858,-0.011454,32.12,64.2551223354611
42092,-8.215158,-3.735196,4.359723,0.038026,-0.008705,-0.012675,32.12,64.2147282601636
42102,-8.214561,-3.73041,4.370491,0.038026,-0.00733,-0.014661,32.16,64.1530387085777
42112,-8.215756,-3.727419,4.373481,0.036346,-0.005956,-0.01741,32.16,64.1372920058833
42122,-8.207382,-3.73041,4.372285,0.034667,-0.002291,-0.01909,32.1,64.1275117787984
42132,-8.222337,-3.720241,4.378866,0.032529,-0.000458,-0.021838,32.16,64.1171692592823
42142,-8.210971,-3.728018,4.382454,0.03207,0.002138,-0.023824,32.16,64.080905890104
42152,-8.212766,-3.734598,4.388436,0.030849,0.005192,-0.025962,32.12,64.0610537837639
42162,-8.205587,-3.725625,4.386044,0.029474,0.008094,-0.028253,32.12,64.0477250470716
42172,-8.216953,-3.73041,4.384848,0.029016,0.010996,-0.02978,32.16,64.0846743337345
42182,-8.202596,-3.729214,4.39083,0.027642,0.014661,-0.031154,32.16,64.0200278798702
42192,-8.209177,-3.729812,4.378268,0.025962,0.018479,-0.033139,32.12,64.1001992134493
42202,-8.203793,-3.727419,4.389035,0.024893,0.022144,-0.035277,32.12,64.0301210029608
42212,-8.200802,-3.727419,4.380062,0.023671,0.025351,-0.036499,32.17,64.069444045081
42222,-8.197212,-3.721437,4.379463,0.022449,0.029169,-0.037415,32.17,64.0581553313197
42232,-8.204391,-3.728018,4.379463,0.021991,0.03207,-0.038026,32.09,64.0813146511071
42242,-8.196614,-3.726821,4.369893,0.020769,0.034972,-0.038332,32.09,64.1116344817023
42252,-8.202596,-3.728616,4.368696,0.019853,0.037721,-0.039095,32.11,64.1332567975485
42262,-8.200203,-3.724428,4.38066,0.019395,0.041081,-0.03879,32.11,64.0619079862423
42272,-8.199606,-3.728018,4.369295,0.019242,0.043066,-0.038637,32.16,64.1227576660634
42282,-8.199007,-3.728018,4.360919,0.018937,0.044593,-0.040164,32.16,64.1645439376827
42292,-8.200203,-3.734598,4.359125,0.019395,0.047647,-0.038179,32.15,64.183300387743
42302,-8.195418,-3.732205,4.354339,0.019395,0.049175,-0.037568,32.1,64.1946416503997
42312,-8.205587,-3.726821,4.342973,0.019242,0.048717,-0.037721,32.1,64.2707670393272
42322,-8.213962,-3.721437,4.342375,0.019853,0.048258,-0.036957,32.1,64.2872777405279
42332,-8.206783,-3.728616,4.342375,0.021228,0.048258,-0.035583,32.1,64.2784044572555
42342,-8.217552,-3.72383,4.342375,0.02138,0.046731,-0.035125,32.14,64.2978481807053
42352,-8.205587,-3.727419,4.335794,0.021991,0.045815,-0.035277,32.14,64.3084321432425
42362,-8.217552,-3.728018,4.326822,0.022297,0.043982,-0.034361,32.11,64.382378651758
42372,-8.213365,-3.725625,4.333402,0.023213,0.042761,-0.033139,32.11,64.3365162709309
42382,-8.210373,-3.728616,4.326224,0.023213,0.040317,-0.032223,32.15,64.3698881248177
42392,-8.224131,-3.715455,4.322634,0.023976,0.037874,-0.030696,32.15,64.4060123283725
42402,-8.224131,-3.719643,4.323831,0.025351,0.035277,-0.030391,32.12,64.4040982839103
42412,-8.212766,-3.729214,4.319643,0.026725,0.032834,-0.027947,32.12,64.4098940668662
42422,-8.236693,-3.72383,4.322036,0.027794,0.029932,-0.026573,32.14,64.4458950603183
42432,-8.213365,-3.729214,4.317849,0.0281,0.02642,-0.026114,32.14,64.4205138704969
42442,-8.210373,-3.729812,4.310072,0.029474,0.02306,-0.024893,32.12,64.4545952885151
42452,-8.213962,-3.720839,4.316652,0.030696,0.019853,-0.022449,32.12,64.4194875558227
42462,-8.215756,-3.734,4.311268,0.032834,0.013286,-0.018937,32.15,64.4648003335754
42472,-8.218149,-3.731009,4.316054,0.033292,0.00901,-0.017104,32.18,64.4423927810033
42482,-8.219944,-3.736392,4.328616,0.034361,0.005956,-0.016035,32.18,64.3870766610954
42492,-8.216354,-3.734,4.317849,0.035125,0.004276,-0.014966,32.16,64.432137236362
42502,-8.217552,-3.729214,4.329813,0.036041,0.000305,-0.014355,32.16,64.3681632485084
42512,-8.218149,-3.727419,4.328018,0.036805,-0.002596,-0.012828,32.14,64.3769379769977
42522,-8.218747,-3.724428,4.332206,0.037721,-0.00504,-0.011759,32.14,64.3536135142834
42532,-8.228318,-3.738187,4.335794,0.037568,-0.006261,-0.011454,32.13,64.3707521733606
42542,-8.213365,-3.738786,4.338188,0.038485,-0.008247,-0.010232,32.13,64.3253243785641
42552,-8.216354,-3.732205,4.344768,0.038179,-0.009621,-0.01069,32.13,64.2913913638143
42562,-8.207382,-3.731009,4.347759,0.038332,-0.009927,-0.011454,32.13,64.2544531145382
42572,-8.220542,-3.736991,4.35075,0.038179,-0.01069,-0.011912,32.15,64.2749462556488
42582,-8.210373,-3.731607,4.360321,0.037568,-0.011454,-0.012981,32.15,64.197115093052
42592,-8.223534,-3.736392,4.365705,0.036194,-0.010385,-0.014203,32.13,64.2041392790873
42602,-8.218149,-3.737589,4.355535,0.03543,-0.009163,-0.01573,32.13,64.2455158458589
42612,-8.220542,-3.727419,4.360919,0.035125,-0.008399,-0.016646,32.13,64.2127676352811
42622,-8.216953,-3.739982,4.369295,0.033903,-0.007178,-0.018173,32.13,64.174476911348
42632,-8.208578,-3.727419,4.376472,0.03207,-0.002902,-0.021228,32.07,64.1056027802684
42642,-8.209177,-3.724428,4.379463,0.031154,-0.000305,-0.023213,32.1,64.0884955019361
42652,-8.194819,-3.74058,4.378268,0.029932,0.002138,-0.024587,32.1,64.0787000648106
42662,-8.204391,-3.736392,4.385446,0.028405,0.004276,-0.026573,32.15,64.0592220977471
42672,-8.213962,-3.733402,4.385446,0.027489,0.007178,-0.028711,32.15,64.0778937852827
42682,-8.20798,-3.734598,4.379463,0.026573,0.009927,-0.029932,32.1,64.0962803397513
42692,-8.204989,-3.732205,4.377071,0.026267,0.013134,-0.030238,32.1,64.0993074994499
42702,-8.199606,-3.725027,4.38066,0.025045,0.016188,-0.031307,32.14,64.0611677319178
42712,-8.209177,-3.731009,4.381856,0.025351,0.019548,-0.033445,32.14,64.0829896366702
42722,-8.206185,-3.729812,4.374678,0.024893,0.022755,-0.034208,32.13,64.1118625313442
42732,-8.202596,-3.72383,4.376472,0.023976,0.025198,-0.034667,32.13,64.0882873049939
42742,-8.196015,-3.734598,4.374678,0.023518,0.027947,-0.03543,32.12,64.0936889870105
42752,-8.198408,-3.728018,4.374678,0.02306,0.030391,-0.036346,32.12,64.0923187676832
42762,-8.205587,-3.728018,4.371089,0.022297,0.032834,-0.036346,32.15,64.1271181537309
42772,-8.198408,-3.723232,4.366303,0.02306,0.035736,-0.036805,32.15,64.1304977076114
42782,-8.199606,-3.735196,4.360919,0.022602,0.038485,-0.038179,32.13,64.1733204218024
42792,-8.201998,-3.731607,4.357928,0.022144,0.040164,-0.037874,32.13,64.1904519123464
42802,-8.207382,-3.72383,4.360321,0.02138,0.041539,-0.038332,32.14,64.182321461849
42812,-8.199007,-3.721437,4.353741,0.022602,0.045357,-0.037721,32.12,64.1947595390307
42822,-8.188837,-3.722634,4.351348,0.023366,0.045509,-0.038026,32.12,64.1852360643264
42832,-8.200802,-3.726821,4.351946,0.023976,0.045968,-0.037415,32.16,64.2136400831995
42842,-8.212766,-3.721437,4.345964,0.024587,0.04612,-0.03711,32.16,64.2660621425258
42852,-8.203793,-3.729214,4.351946,0.02474,0.045662,-0.036194,32.15,64.2228879927175
42862,-8.204989,-3.734598,4.337589,0.025045,0.045509,-0.035888,32.15,64.3051946234217
42872,-8.20798,-3.720839,4.346562,0.024587,0.044899,-0.034514,32.15,64.2515249025353
42882,-8.201998,-3.72383,4.338786,0.026114,0.043524,-0.033903,32.15,64.2811759730856
42892,-8.21157,-3.732804,4.322634,0.026878,0.042302,-0.032681,32.12,64.395421660453
42902,-8.217552,-3.732804,4.329215,0.028405,0.04047,-0.031765,32.12,64.374924002149
42912,-8.20798,-3.725027,4.326224,0.027947,0.03879,-0.031307,32.12,64.3608091572768
42922,-8.204989,-3.728616,4.319643,0.028711,0.036499,-0.029322,32.12,64.3917483022697
42932,-8.222935,-3.725625,4.320839,0.030543,0.034361,-0.028405,32.13,64.4229525690522
42942,-8.20798,-3.719643,4.323831,0.031154,0.030543,-0.025045,32.13,64.3676604331667
42952,-8.221739,-3.723232,4.319643,0.031918,0.0281,-0.024282,32.14,64.423995791026
42962,-8.221739,-3.720241,4.311268,0.032834,0.025045,-0.024282,32.14,64.464223290841
42972,-8.217552,-3.731009,4.319643,0.033292,0.022602,-0.021991,32.14,64.4225084542972
42982,-8.22473,-3.729214,4.321437,0.034667,0.016341,-0.018631,32.14,64.4275658135879
42992,-8.221141,-3.729812,4.325027,0.035888,0.013592,-0.018173,32.15,64.4015653695188
43002,-8.228318,-3.729214,4.322036,0.035888,0.010537,-0.017868,32.15,64.4325448562999
43012,-8.226524,-3.721437,4.325625,0.034972,0.00733,-0.01741,32.15,64.4020576439987
43022,-8.237292,-3.728616,4.329215,0.03543,0.004581,-0.01741,32.19,64.4150868819612
43032,-8.225328,-3.716652,4.323233,0.03543,0.002443,-0.01573,32.19,64.4068362188404
43042,-8.228318,-3.731009,4.335794,0.035888,0.000458,-0.016035,32.12,64.3634155318346
43052,-8.223534,-3.724428,4.341777,0.035277,-0.001069,-0.016952,32.12,64.315058575714
43062,-8.231908,-3.718446,4.339384,0.035736,-0.003818,-0.01741,32.14,64.3401871761402
43072,-8.222935,-3.722036,4.345964,0.03543,-0.004123,-0.017868,32.14,64.2896794162608
43082,-8.229516,-3.726821,4.346562,0.034819,-0.005651,-0.018479,32.12,64.3063573137553
43092,-8.228318,-3.73041,4.34058,0.034972,-0.006109,-0.017715,32.12,64.3381383942098
43102,-8.221739,-3.726821,4.353741,0.034819,-0.006414,-0.01909,32.14,64.2518148074762
43112,-8.218149,-3.726821,4.35733,0.034208,-0.006261,-0.020159,32.14,64.2252097890624
43122,-8.222935,-3.723232,4.358526,0.033139,-0.005956,-0.021075,32.11,64.22620692587
43132,-8.215158,-3.728018,4.352544,0.032987,-0.00504,-0.021075,32.11,64.2443175212923
43142,-8.225328,-3.733402,4.369893,0.033292,-0.004887,-0.022144,32.14,64.1835959319786
43152,-8.209774,-3.725625,4.368098,0.032529,-0.002291,-0.023518,32.14,64.1495553942774
43162,-8.209177,-3.736991,4.368696,0.031307,0,-0.024587,32.12,64.1568472921148
43172,-8.199007,-3.727419,4.369893,0.031001,0.001222,-0.025351,32.16,64.1176968129931
43182,-8.213365,-3.74058,4.370491,0.030391,0.003054,-0.027031,32.16,64.1608143149258
43192,-8.206185,-3.734,4.370491,0.030085,0.005498,-0.026878,32.15,64.1377321394245
43202,-8.197212,-3.731607,4.377071,0.030085,0.008705,-0.026267,32.15,64.0809971203472
43212,-8.200203,-3.731607,4.377669,0.029322,0.01069,-0.028253,32.12,64.0847269841702
43222,-8.208578,-3.725625,4.363312,0.029322,0.013592,-0.029169,32.12,64.1714795972166
43232,-8.201998,-3.735795,4.378866,0.028863,0.015577,-0.029932,32.13,64.0869898533479
43242,-8.19123,-3.731009,4.379463,0.028558,0.01909,-0.030849,32.13,64.0544416410192
43252,-8.194221,-3.73041,4.375875,0.027947,0.021991,-0.030849,32.1,64.0791028838203
43262,-8.203195,-3.732804,4.374678,0.0281,0.023976,-0.032681,32.1,64.108159020232
43272,-8.205587,-3.723232,4.377071,0.027336,0.027031,-0.032987,32.16,64.0913952562633
43282,-8.199007,-3.728018,4.379463,0.027489,0.029322,-0.033139,32.16,64.0690581455172
43292,-8.206783,-3.731009,4.372883,0.026725,0.032529,-0.033598,32.11,64.1236928051955
43302,-8.206783,-3.735795,4.377071,0.025962,0.034514,-0.033598,32.11,64.1070974064138
43312,-8.198408,-3.727419,4.369295,0.026114,0.03711,-0.03375,32.13,64.1194138907868
43322,-8.203195,-3.726223,4.353143,0.026267,0.038943,-0.034819,32.13,64.2122792937886
43332,-8.206185,-3.728616,4.359125,0.025809,0.042302,-0.034361,32.12,64.1906973696382
43342,-8.208578,-3.732804,4.354938,0.025809,0.043524,-0.034514,32.16,64.2220077164832
43352,-8.197212,-3.720241,4.354339,0.026114,0.044899,-0.034056,32.16,64.1863650793
43362,-8.203195,-3.732205,4.356732,0.025198,0.045204,-0.034208,32.12,64.1999469528956
43372,-8.209774,-3.739383,4.350152,0.025351,0.045509,-0.033598,32.12,64.256151067426
43382,-8.214561,-3.735196,4.350152,0.025351,0.044593,-0.032834,32.13,64.2626664909881
43392,-8.199007,-3.728616,4.344768,0.025045,0.044899,-0.033292,32.13,64.2484497829999
43402,-8.218149,-3.732205,4.349553,0.02474,0.044288,-0.032529,32.11,64.2707909589941
43412,-8.206783,-3.729214,4.339982,0.024893,0.043066,-0.032376,32.11,64.2913658287359
43422,-8.215158,-3.733402,4.336392,0.024129,0.041539,-0.031765,32.1,64.3331078293738
43432,-8.219944,-3.73041,4.338188,0.023824,0.040164,-0.031001,32.1,64.3315793458829
43442,-8.200203,-3.723232,4.341777,0.024893,0.038485,-0.030391,32.13,64.2610536732256
43452,-8.222337,-3.731607,4.326224,0.02474,0.03543,-0.02978,32.13,64.3999145716594
43462,-8.221141,-3.734,4.323233,0.02474,0.034056,-0.028863,32.14,64.4151057699713
43472,-8.215756,-3.726223,4.331607,0.024282,0.030849,-0.028253,32.14,64.3517912894847
43482,-8.221739,-3.718446,4.322634,0.025504,0.028711,-0.027336,32.08,64.4036679755393
43492,-8.221739,-3.732804,4.319045,0.025656,0.025351,-0.026878,32.08,64.4368519593181
43502,-8.228917,-3.727419,4.31725,0.026878,0.019548,-0.024282,32.11,64.4567688032354
43512,-8.221739,-3.729214,4.319045,0.026725,0.016035,-0.023976,32.13,64.4331870655122
43522,-8.220542,-3.732205,4.315455,0.027642,0.012981,-0.023976,32.13,64.452090847826
43532,-8.221141,-3.726223,4.316054,0.028405,0.010232,-0.021838,32.14,64.4442398975216
43542,-8.219944,-3.729214,4.319045,0.029474,0.007636,-0.021075,32.14,64.4291476507808
43552,-8.217552,-3.723232,4.322036,0.030849,0.004429,-0.020617,32.12,64.4022022171854
43562,-8.216354,-3.73041,4.323233,0.03146,0.001069,-0.019242,32.12,64.4006566600209
43572,-8.208578,-3.722036,4.332206,0.031918,-0.000764,-0.018173,32.12,64.3281967464303
43582,-8.214561,-3.729812,4.323831,0.032223,-0.00336,-0.017868,32.12,64.3929163219623
43592,-8.215756,-3.720241,4.331009,0.033139,-0.005498,-0.01741,32.14,64.3487577630871
43602,-8.215158,-3.725625,4.335794,0.034514,-0.007789,-0.01573,32.14,64.3282219170687
43612,-8.218149,-3.731607,4.34417,0.034819,-0.009163,-0.015882,32.12,64.2979150883004
43622,-8.213962,-3.725027,4.336392,0.034972,-0.009468,-0.015272,32.12,64.3218219535425
43632,-8.210971,-3.732804,4.339982,0.035583,-0.010079,-0.014661,32.12,64.3045216577495
43642,-8.205587,-3.73041,4.348357,0.036041,-0.009927,-0.014508,32.12,64.2466891819975
43652,-8.21157,-3.733402,4.346562,0.036346,-0.010079,-0.014661,32.13,64.2725603435839
43662,-8.198408,-3.718446,4.358526,0.036652,-0.009468,-0.013744,32.13,64.1656400531197
43672,-8.200203,-3.726223,4.365705,0.036041,-0.00733,-0.014203,32.16,64.1407492542825
43682,-8.203195,-3.734598,4.365705,0.035583,-0.005192,-0.015577,32.09,64.1561974859582
43692,-8.206783,-3.725625,4.372883,0.035125,-0.003207,-0.016799,32.09,64.1181341188263
43702,-8.21157,-3.737589,4.375276,0.035125,-0.000916,-0.017104,32.16,64.1290507984485
43712,-8.212766,-3.729214,4.375276,0.034056,0.001833,-0.017868,32.16,64.1231221809532
43722,-8.204391,-3.735795,4.381258,0.032834,0.004429,-0.0197,32.09,64.080131423331
43732,-8.216354,-3.726223,4.388436,0.032223,0.007789,-0.022144,32.09,64.0605641484125
43742,-8.212168,-3.728616,4.38066,0.032681,0.011301,-0.022755,32.15,64.0934661773247
43752,-8.208578,-3.73041,4.386044,0.030849,0.015119,-0.024129,32.15,64.0594838766964
43762,-8.199606,-3.732804,4.383053,0.029474,0.018631,-0.02642,32.15,64.0569146330027
43772,-8.203195,-3.722634,4.383651,0.027336,0.021228,-0.028558,32.15,64.0514852278433
43782,-8.203195,-3.719643,4.38425,0.026114,0.024893,-0.030696,32.12,64.0453122814763
43792,-8.200203,-3.716652,4.380062,0.024893,0.027794,-0.032681,32.12,64.0569433671574
43802,-8.214561,-3.726223,4.390232,0.023976,0.031154,-0.033903,32.12,64.0472604567716
43812,-8.209177,-3.736392,4.389633,0.022907,0.034819,-0.034819,32.12,64.0485994928807
43822,-8.216354,-3.73041,4.370491,0.021686,0.037568,-0.036194,32.13,64.1571060787479
43832,-8.206783,-3.723232,4.375875,0.020617,0.039859,-0.038026,32.13,64.1002696690219
43842,-8.199606,-3.737589,4.370491,0.019853,0.04215,-0.038179,32.13,64.1265028792791
43852,-8.203793,-3.732205,4.354339,0.018631,0.044899,-0.041081,32.15,64.2136353435143
43862,-8.205587,-3.73041,4.356134,0.018479,0.045357,-0.04215,32.15,64.206600927327
43872,-8.210971,-3.729214,4.359723,0.018326,0.0478,-0.041692,32.11,64.1990856435789
43882,-8.213365,-3.741179,4.35075,0.01741,0.047495,-0.041386,32.11,64.2630370930405
43892,-8.207382,-3.732804,4.338786,0.018326,0.047342,-0.041539,32.11,64.302581372536
43902,-8.201998,-3.732804,4.337589,0.018479,0.047189,-0.04047,32.11,64.2965865858952
43912,-8.213962,-3.727419,4.338188,0.018937,0.04612,-0.040012,32.12,64.3150075021175
43922,-8.216953,-3.733402,4.331607,0.020006,0.044593,-0.038943,32.12,64.3618427253628
43932,-8.210373,-3.736392,4.332206,0.02138,0.043219,-0.038026,32.11,64.3469777913198
43942,-8.213365,-3.734,4.336991,0.021838,0.040775,-0.037263,32.11,64.3265845992065
43952,-8.203195,-3.728616,4.323831,0.023518,0.038943,-0.035888,32.14,64.36605125673
43962,-8.222337,-3.728018,4.319643,0.025045,0.03711,-0.033598,32.14,64.4302239682356
43972,-8.213962,-3.720241,4.31725,0.025656,0.035277,-0.03207,32.09,64.415785751711
43982,-8.215158,-3.735196,4.318447,0.027184,0.032223,-0.030238,32.09,64.4275800186476
43992,-8.209774,-3.732205,4.316652,0.0281,0.029169,-0.028253,32.14,64.4216728538871
44002,-8.214561,-3.728018,4.320241,0.029016,0.026114,-0.026878,32.14,64.4096254201782
44012,-8.212766,-3.729812,4.314857,0.030085,0.022602,-0.025351,32.15,64.4352405176357
44022,-8.214561,-3.732804,4.314857,0.033139,0.016799,-0.02138,32.12,64.4423398503158
44032,-8.210373,-3.731009,4.318447,0.033445,0.013897,-0.020006,32.12,64.4125200214925
44042,-8.209177,-3.724428,4.317849,0.034361,0.011148,-0.018479,32.13,64.4061797515294
44052,-8.214561,-3.732804,4.328616,0.034972,0.007483,-0.017257,32.13,64.3712734720791
44062,-8.221739,-3.735196,4.320839,0.034667,0.005192,-0.016952,32.15,64.4300321886953
44072,-8.212766,-3.726821,4.326822,0.035277,0.002443,-0.015119,32.15,64.3703602758497
44082,-8.221739,-3.73041,4.328018,0.036041,0.000305,-0.014661,32.11,64.3880865349808
44092,-8.208578,-3.738187,4.329215,0.036499,-0.001222,-0.013439,32.11,64.3602118722832
44102,-8.222935,-3.729214,4.334598,0.036346,-0.00336,-0.012065,32.13,64.3556148841569
44112,-8.216953,-3.734598,4.338786,0.036194,-0.004734,-0.012065,32.13,64.3260384665275
44122,-8.22473,-3.733402,4.339982,0.035583,-0.006109,-0.011454,32.11,64.3361903038188
44132,-8.222935,-3.72383,4.344768,0.035888,-0.00733,-0.012065,32.11,64.2976783498376
44142,-8.219346,-3.72383,4.346562,0.034208,-0.008094,-0.013286,32.12,64.2803202330732
44152,-8.21157,-3.735795,4.351348,0.034056,-0.008399,-0.012981,32.12,64.2503564388207
44162,-8.216354,-3.728018,4.351348,0.033139,-0.008858,-0.013439,32.09,64.2531858069772
44172,-8.215756,-3.727419,4.356732,0.032223,-0.007789,-0.014813,32.09,64.2234843197533
44182,-8.213365,-3.726821,4.365107,0.031765,-0.007636,-0.015424,32.11,64.1743319541984
44192,-8.213962,-3.722634,4.366303,0.031765,-0.004887,-0.017562,32.11,64.1652225652825
44202,-8.20798,-3.723232,4.366901,0.02978,-0.003971,-0.018631,32.16,64.1491765631923
44212,-8.196015,-3.725625,4.371687,0.029322,-0.002749,-0.019548,32.13,64.0997946100466
44222,-8.198408,-3.731009,4.365705,0.028253,-0.000153,-0.021075,32.13,64.1416160964662
44232,-8.215158,-3.732205,4.375276,0.026878,0.003054,-0.022602,32.13,64.1316373328169
44242,-8.206783,-3.74058,4.376472,0.026573,0.005803,-0.023213,32.13,64.1151277646405
44252,-8.213365,-3.726821,4.374678,0.026114,0.008399,-0.025198,32.09,64.1250907543377
44262,-8.204989,-3.725027,4.38425,0.025656,0.011301,-0.026878,32.09,64.0549670515532
44272,-8.206185,-3.735795,4.381258,0.02474,0.014355,-0.027642,32.13,64.0842105355623
44282,-8.202596,-3.732205,4.37408,0.023824,0.017562,-0.028711,32.13,64.109254701948
44292,-8.199007,-3.724428,4.394419,0.023366,0.020311,-0.02978,32.13,63.9884358077545
44302,-8.218747,-3.728018,4.37408,0.023366,0.023671,-0.030849,32.13,64.1416174877728
44312,-8.201998,-3.719643,4.369295,0.022755,0.025045,-0.031918,32.11,64.1195483157164
44322,-8.199606,-3.727419,4.371687,0.021838,0.027947,-0.032834,32.11,64.1098222373013
44332,-8.199007,-3.721437,4.367499,0.021533,0.031001,-0.033903,32.13,64.1238451575259
44342,-8.202596,-3.722036,4.370491,0.02138,0.032987,-0.034361,32.13,64.1172201206122
44352,-8.210971,-3.733402,4.363312,0.021686,0.034667,-0.034514,32.12,64.1849210099754
44362,-8.204391,-3.732205,4.359125,0.020769,0.037568,-0.034514,32.12,64.1903292224208
44372,-8.193025,-3.728616,4.365107,0.020769,0.040012,-0.03543,32.11,64.1299835527222
44382,-8.204989,-3.735795,4.360919,0.02138,0.041081,-0.03543,32.11,64.1861492337051
44392,-8.206783,-3.729812,4.35733,0.021075,0.042302,-0.034514,32.11,64.2025336892868
44402,-8.200802,-3.727419,4.345964,0.02138,0.042302,-0.034667,32.13,64.2451127791067
44412,-8.204989,-3.724428,4.351348,0.021533,0.042913,-0.034819,32.13,64.2237540841112
44422,-8.212766,-3.729812,4.354339,0.021991,0.043066,-0.033598,32.14,64.2314988243227
44432,-8.219346,-3.732205,4.347161,0.022144,0.042761,-0.033445,32.14,64.2858193308557
44442,-8.19781,-3.725027,4.335197,0.021838,0.04215,-0.03375,32.12,64.2914587521807
44452,-8.208578,-3.728018,4.331607,0.021991,0.041539,-0.031765,32.12,64.3374238962648
44462,-8.214561,-3.722634,4.339384,0.022449,0.040164,-0.031307,32.15,64.3052872978509
44472,-8.215756,-3.728616,4.323233,0.02306,0.038332,-0.031001,32.15,64.3974743479474
44482,-8.225328,-3.726821,4.335794,0.022602,0.037263,-0.02978,32.12,64.3523974715552
44492,-8.222337,-3.731607,4.336392,0.023824,0.035125,-0.0281,32.12,64.3474633754317
44502,-8.213962,-3.735795,4.325027,0.024587,0.032529,-0.027336,32.16,64.3915168227348
44512,-8.216354,-3.736392,4.332804,0.024587,0.030391,-0.026267,32.16,64.3573805485978
44522,-8.220542,-3.731009,4.328616,0.024587,0.027947,-0.025962,32.11,64.3829163405952
44532,-8.23131,-3.727419,4.326224,0.025198,0.025962,-0.024587,32.11,64.4158370127524
44542,-8.216354,-3.718446,4.316054,0.027031,0.020006,-0.023366,32.09,64.4255280199389
44552,-8.217552,-3.725625,4.316652,0.027184,0.016035,-0.022144,32.11,64.4324615565083
44562,-8.23131,-3.724428,4.31725,0.027642,0.013897,-0.021075,32.11,64.4591039619428
44572,-8.225328,-3.722036,4.31725,0.028711,0.011454,-0.018784,32.11,64.4432163254927
44582,-8.225926,-3.739383,4.322036,0.029169,0.008094,-0.018479,32.11,64.4375436576395
44592,-8.210971,-3.724428,4.323831,0.029322,0.004276,-0.017868,32.13,64.3793104085069
44602,-8.224131,-3.723232,4.328616,0.030085,0.002138,-0.016799,32.13,64.3830599995087
44612,-8.218747,-3.727419,4.323831,0.030391,0.001069,-0.015882,32.16,64.3999022058498
44622,-8.214561,-3.724428,4.336991,0.029932,-0.00168,-0.015119,32.16,64.3194710108394
44632,-8.228917,-3.74058,4.341179,0.030849,-0.003818,-0.015424,32.11,64.346805251608
44642,-8.228318,-3.729214,4.341777,0.031918,-0.00504,-0.015272,32.11,64.3307484773008
44652,-8.22473,-3.729812,4.344768,0.031307,-0.005803,-0.015424,32.14,64.3078545619022
44662,-8.215158,-3.722036,4.35075,0.032223,-0.00733,-0.014966,32.14,64.2474206019321
44672,-8.221739,-3.727419,4.347759,0.031765,-0.008552,-0.014966,32.14,64.2832388720012
44682,-8.212766,-3.731607,4.351348,0.031612,-0.008705,-0.016035,32.14,64.248754403131
44692,-8.222935,-3.735196,4.356732,0.030849,-0.008399,-0.015882,32.16,64.2477149263247
44702,-8.208578,-3.725625,4.351348,0.030849,-0.008399,-0.015882,32.16,64.2331202538977
44712,-8.209177,-3.723232,4.362116,0.030543,-0.006567,-0.017562,32.12,64.1765340858851
44722,-8.217552,-3.731009,4.364508,0.030085,-0.005956,-0.018173,32.17,64.1912160287783
44732,-8.212766,-3.729812,4.369893,0.029322,-0.004276,-0.018326,32.17,64.1514257622885
44742,-8.199606,-3.723232,4.376472,0.029322,-0.002138,-0.019853,32.11,64.0808610794933
44752,-8.201998,-3.732205,4.368098,0.028405,-0.000305,-0.021533,32.11,64.1386855723505
44762,-8.210971,-3.734,4.377071,0.028558,0.00168,-0.021686,32.14,64.1147553028866
44772,-8.199007,-3.727419,4.367499,0.027794,0.004276,-0.022449,32.14,64.1300256902944
44782,-8.198408,-3.731607,4.381258,0.027794,0.007178,-0.023824,32.11,64.0621779754475
44792,-8.199606,-3.725027,4.38066,0.027489,0.009927,-0.02474,32.11,64.0611677319178
44802,-8.202596,-3.728018,4.372285,0.027184,0.012981,-0.025656,32.16,64.1141634160959
44812,-8.197212,-3.728616,4.38724,0.026267,0.01573,-0.027031,32.16,64.025586592227
44822,-8.195418,-3.732804,4.372285,0.026267,0.018479,-0.02642,32.14,64.1027904975297
44832,-8.190632,-3.716054,4.381258,0.025656,0.021533,-0.028405,32.14,64.0283264600983
44842,-8.199007,-3.73041,4.374678,0.025504,0.024893,-0.028558,32.11,64.0961576852255
44852,-8.193025,-3.725027,4.369295,0.025045,0.028253,-0.029932,32.11,64.104689335031
44862,-8.19123,-3.725625,4.37408,0.024893,0.03146,-0.029932,32.08,64.0765721375309
44872,-8.202596,-3.732205,4.37408,0.024129,0.034208,-0.03146,32.08,64.109254701948
44882,-8.19781,-3.731607,4.369893,0.024282,0.038332,-0.032223,32.09,64.1193071816282
44892,-8.20798,-3.738187,4.370491,0.023366,0.040317,-0.03207,32.11,64.146132136014
44902,-8.209177,-3.729812,4.373481,0.022755,0.042455,-0.032681,32.11,64.1248190628096
44912,-8.213962,-3.735196,4.36391,0.022755,0.043982,-0.032834,32.18,64.1904699239877
44922,-8.207382,-3.734598,4.342973,0.022449,0.04444,-0.033292,32.18,64.282826679583
44932,-8.209177,-3.717848,4.348955,0.022144,0.046273,-0.033598,32.13,64.2388246540286
44942,-8.221141,-3.720241,4.354938,0.021991,0.045815,-0.033445,32.13,64.2375526925897
44952,-8.209774,-3.725625,4.353143,0.022297,0.046273,-0.033598,32.11,64.2265783950096
44962,-8.212766,-3.726821,4.336991,0.022144,0.045509,-0.033903,32.11,64.3178677435095
44972,-8.209774,-3.722634,4.339384,0.022144,0.044899,-0.034667,32.12,64.2944610618809
44982,-8.225926,-3.728018,4.335794,0.022144,0.04444,-0.034361,32.12,64.3549688523245
44992,-8.217552,-3.71725,4.337589,0.022297,0.043371,-0.033292,32.12,64.3157986513923
45002,-8.228917,-3.729812,4.339384,0.022144,0.040928,-0.032834,32.12,64.3450403885207
45012,-8.226524,-3.731607,4.326224,0.022755,0.039248,-0.032681,32.09,64.4093391278188
45022,-8.22473,-3.73041,4.328616,0.022602,0.03711,-0.032376,32.09,64.3917376818201
45032,-8.228318,-3.732205,4.322634,0.022602,0.033903,-0.03207,32.15,64.4325081984692
45042,-8.219944,-3.73041,4.326822,0.023671,0.03146,-0.030543,32.15,64.3902151752536
45052,-8.219346,-3.732205,4.316054,0.023824,0.028405,-0.02978,32.16,64.4463068327102
45062,-8.229516,-3.732804,4.322634,0.024893,0.022602,-0.029322,32.14,64.4358121492227
45072,-8.22772,-3.73041,4.320241,0.025504,0.019242,-0.028253,32.14,64.4416839912271
45082,-8.221141,-3.735196,4.318447,0.026725,0.016188,-0.026725,32.13,64.4410383199264
45092,-8.225328,-3.728018,4.320241,0.027031,0.012675,-0.026267,32.13,64.4338659721453
45102,-8.220542,-3.725625,4.312464,0.027947,0.010079,-0.025351,32.12,64.4608335013311
45113,-8.216953,-3.725027,4.312464,0.028863,0.00672,-0.023671,32.12,64.4521485888419
45122,-8.207382,-3.720839,4.33041,0.030543,0.002902,-0.022297,32.09,64.333541831389
45132,-8.216354,-3.735795,4.325027,0.030849,0.000305,-0.021533,32.09,64.3969045024025
45142,-8.217552,-3.731607,4.326224,0.03146,-0.002138,-0.021228,32.13,64.3891370473282
45152,-8.215158,-3.732804,4.326822,0.032529,-0.004429,-0.020006,32.13,64.3818804026267
45162,-8.20798,-3.724428,4.320241,0.03375,-0.006109,-0.018937,32.13,64.3911143537395
45172,-8.210971,-3.735795,4.322634,0.034208,-0.007789,-0.016646,32.13,64.397136924843
45182,-8.203195,-3.731607,4.337589,0.034208,-0.009468,-0.016952,32.14,64.2980619020833
45192,-8.210373,-3.728018,4.342375,0.035125,-0.010537,-0.016799,32.14,64.285911251812
45202,-8.206783,-3.723232,4.343571,0.035277,-0.010843,-0.015272,32.15,64.2667010385906
45212,-8.207382,-3.719643,4.347161,0.036194,-0.01069,-0.014966,32.15,64.2458516746403
45222,-8.206783,-3.725027,4.353741,0.036499,-0.010232,-0.015577,32.12,64.2161014458465
45232,-8.204989,-3.73041,4.356134,0.036041,-0.009621,-0.016035,32.12,64.2052451814692
45242,-8.210971,-3.732804,4.362116,0.035583,-0.007941,-0.015577,32.11,64.1904616308584
45252,-8.209774,-3.73041,4.377669,0.035583,-0.006109,-0.01573,32.14,64.1052537520199
45262,-8.206185,-3.73041,4.379463,0.03543,-0.004734,-0.016799,32.14,64.0878691725052
45272,-8.204989,-3.731607,4.371089,0.034667,-0.002138,-0.017104,32.16,64.1294662164212
45282,-8.195418,-3.736392,4.366901,0.034056,0.000458,-0.017562,32.16,64.1342332686432
45292,-8.202596,-3.731009,4.373481,0.032376,0.00336,-0.01909,32.11,64.1111001382006
45302,-8.192427,-3.726223,4.383053,0.031918,0.006872,-0.018937,32.11,64.0337283905153
45312,-8.199606,-3.728018,4.395017,0.030849,0.010385,-0.019548,32.11,63.9904544952054
45322,-8.2014,-3.72383,4.388436,0.029932,0.012217,-0.020617,32.11,64.0240279277977
45332,-8.212766,-3.72383,4.390232,0.0281,0.015272,-0.022297,32.16,64.0407025159179
45342,-8.204989,-3.729214,4.390232,0.026878,0.019395,-0.023366,32.16,64.0285542535007
45352,-8.204989,-3.734,4.388436,0.02642,0.022907,-0.023671,32.13,64.0427398213685
45362,-8.19781,-3.726223,4.384848,0.025656,0.027031,-0.02474,32.13,64.0367701937673
45372,-8.210971,-3.724428,4.380062,0.024587,0.02978,-0.027184,32.16,64.0894965928158
45382,-8.206783,-3.735795,4.378268,0.023824,0.033139,-0.027489,32.16,64.1009422467531
45392,-8.202596,-3.727419,4.374678,0.022755,0.035888,-0.027489,32.13,64.1012285819148
45402,-8.206783,-3.738786,4.373481,0.021686,0.039706,-0.031765,32.13,64.1286539930498
45412,-8.215158,-3.72383,4.369893,0.0197,0.041997,-0.033598,32.14,64.1506945878587
45422,-8.219346,-3.717848,4.371089,0.018784,0.04383,-0.03375,32.12,64.1479008867331
45432,-8.207382,-3.723232,4.356732,0.018326,0.045051,-0.034514,32.12,64.2001975847401
45442,-8.215158,-3.720241,4.352544,0.018173,0.046426,-0.035583,32.17,64.2363340756402
45452,-8.215158,-3.725027,4.36391,0.017868,0.047037,-0.036957,32.17,64.1827141177706
45462,-8.203793,-3.728616,4.34058,0.017257,0.047189,-0.038026,32.08,64.2809004946961
45472,-8.216953,-3.721437,4.344768,0.01741,0.046731,-0.038179,32.08,64.281703979549
45482,-8.213962,-3.734,4.347161,0.017104,0.045662,-0.038943,32.08,64.2754954119942
45492,-8.219944,-3.736991,4.338786,0.017562,0.044746,-0.038943,32.08,64.3352393164394
45502,-8.220542,-3.732804,4.334598,0.018631,0.043371,-0.038332,32.17,64.3538926233778
45512,-8.228917,-3.728018,4.32742,0.019242,0.041997,-0.037874,32.17,64.4048929644777
45522,-8.208578,-3.727419,4.33041,0.020006,0.040317,-0.036499,32.12,64.3429903854601
45532,-8.219944,-3.723232,4.329813,0.020159,0.037415,-0.036499,32.12,64.3674412494679
45542,-8.212766,-3.726821,4.32742,0.021075,0.034819,-0.034819,32.1,64.3672721123722
45552,-8.206783,-3.736392,4.326224,0.021991,0.032223,-0.033445,32.1,64.3697658781729
45562,-8.225328,-3.722634,4.311867,0.023518,0.029016,-0.031612,32.12,64.471635303694
45572,-8.222935,-3.72383,4.319643,0.023976,0.026267,-0.029474,32.12,64.4272984843506
45582,-8.207382,-3.734,4.319045,0.026878,0.020922,-0.026267,32.16,64.4057542845051
45592,-8.208578,-3.737589,4.308277,0.027947,0.01741,-0.025198,32.13,64.4677982265095
45602,-8.213962,-3.731607,4.31725,0.028558,0.014966,-0.023213,32.13,64.4274010412647
45612,-8.222935,-3.73041,4.307679,0.029627,0.011454,-0.020464,32.15,64.495819937164
45622,-8.226524,-3.735196,4.321437,0.02978,0.008094,-0.019548,32.15,64.4377038656627
45632,-8.227122,-3.72383,4.333402,0.030238,0.006261,-0.017868,32.11,64.3657231438355
45642,-8.209774,-3.728018,4.334598,0.030391,0.00336,-0.017868,32.11,64.3246847649884
45652,-8.225328,-3.736392,4.322634,0.03146,0.000764,-0.015272,32.13,64.4300588598851
45662,-8.232506,-3.73041,4.329813,0.03146,-0.000764,-0.01405,32.13,64.4030667935089
45672,-8.218747,-3.734598,4.336392,0.031154,-0.001833,-0.013134,32.13,64.3424306692246
45682,-8.218149,-3.73041,4.339384,0.031918,-0.004429,-0.012675,32.13,64.3213609041446
45692,-8.213962,-3.731607,4.34417,0.031765,-0.005345,-0.012523,32.12,64.2884547741346
45702,-8.217552,-3.729812,4.337589,0.031765,-0.007178,-0.012523,32.12,64.3286571763162
45712,-8.221141,-3.738187,4.345366,0.03146,-0.008094,-0.011148,32.12,64.3052568842328
45722,-8.221141,-3.725027,4.345964,0.031154,-0.008399,-0.011454,32.12,64.2886861110906
45732,-8.222337,-3.734598,4.345366,0.031001,-0.008858,-0.012675,32.14,64.3042751480141
45742,-8.220542,-3.732205,4.354339,0.030543,-0.008399,-0.012065,32.14,64.2515523617569
45752,-8.213365,-3.726223,4.360919,0.030238,-0.00672,-0.013286,32.11,64.195276293163
45762,-8.221739,-3.735196,4.357928,0.029169,-0.006567,-0.014966,32.15,64.2388561141851
45772,-8.210373,-3.731009,4.365705,0.028558,-0.004887,-0.015882,32.15,64.168780849037
45782,-8.212168,-3.71725,4.376472,0.028405,-0.003054,-0.016799,32.11,64.1032823317559
45792,-8.210971,-3.717848,4.37408,0.0281,-0.001527,-0.018937,32.11,64.1134805571955
45802,-8.205587,-3.724428,4.366901,0.027031,0.000611,-0.019853,32.08,64.1449727950106
45812,-8.200802,-3.729214,4.372883,0.025962,0.002443,-0.021228,32.08,64.1082421842937
45822,-8.221141,-3.726821,4.38425,0.025351,0.004887,-0.023213,32.12,64.0935625073357
45832,-8.204989,-3.724428,4.377071,0.025198,0.006872,-0.024893,32.12,64.0912696027761
45842,-8.204989,-3.722036,4.374678,0.02474,0.010232,-0.025962,32.14,64.1011125106128
45852,-8.204391,-3.731009,4.378866,0.023671,0.01237,-0.027489,32.14,64.087478414597
45862,-8.197212,-3.724428,4.37408,0.02306,0.015119,-0.028558,32.1,64.0889594959865
45872,-8.201998,-3.738187,4.373481,0.022449,0.017868,-0.031001,32.1,64.1171683588298
45882,-8.200203,-3.721437,4.377669,0.021838,0.020769,-0.031154,32.12,64.074204401161
45892,-8.206783,-3.726223,4.366901,0.021686,0.023366,-0.031307,32.12,64.1495408978572
45902,-8.209177,-3.738187,4.373481,0.021533,0.026114,-0.032987,32.11,64.133468313019
45912,-8.194819,-3.727419,4.377669,0.020922,0.027642,-0.032987,32.11,64.0681302635727
45922,-8.206185,-3.73041,4.371089,0.021228,0.032834,-0.034208,32.1,64.1309467603062
45932,-8.199606,-3.728616,4.362116,0.019853,0.034514,-0.034361,32.14,64.1603541025645
45942,-8.201998,-3.723232,4.35733,0.020006,0.036805,-0.033445,32.14,64.1848961425223
45952,-8.204391,-3.722036,4.364508,0.019548,0.03879,-0.033445,32.15,64.1521125301941
45962,-8.199007,-3.72383,4.367499,0.019548,0.039401,-0.03375,32.15,64.1263169196398
45972,-8.204989,-3.721437,4.358526,0.0197,0.040775,-0.034056,32.16,64.1836736992684
45982,-8.210971,-3.729214,4.352544,0.018479,0.041692,-0.034056,32.16,64.2360676386074
45992,-8.21157,-3.73041,4.348955,0.018631,0.042455,-0.032376,32.13,64.2571496809147
46002,-8.203793,-3.734,4.348955,0.01909,0.043066,-0.032376,32.13,64.2432412103291
46012,-8.197212,-3.725625,4.352544,0.01909,0.042455,-0.031612,32.16,64.201176669096
46022,-8.209177,-3.716652,4.337589,0.018937,0.041692,-0.03146,32.16,64.2962408435226
46032,-8.208578,-3.727419,4.334,0.019395,0.04047,-0.030391,32.15,64.3244546486329
46042,-8.219944,-3.733402,4.335794,0.01909,0.039706,-0.029016,32.15,64.3469886098352
46052,-8.216354,-3.724428,4.338786,0.020464,0.039248,-0.028863,32.1,64.3142623054263
46062,-8.212766,-3.729812,4.334598,0.020617,0.036805,-0.027947,32.1,64.3332826313464
46072,-8.217552,-3.732205,4.323233,0.02138,0.035125,-0.026725,32.1,64.4051910364041
46082,-8.226524,-3.735196,4.325027,0.021228,0.032376,-0.026114,32.1,64.4191789019128
46092,-8.22772,-3.731009,4.318447,0.021228,0.029627,-0.024129,32.13,64.4515554343801
46102,-8.212168,-3.729214,4.319643,0.021838,0.024893,-0.022449,32.13,64.4085466111622
46112,-8.225328,-3.733402,4.319045,0.022297,0.020922,-0.023671,32.13,64.4455320207979
46122,-8.230712,-3.734598,4.31725,0.023366,0.018937,-0.022602,32.13,64.4681122927996
46132,-8.22473,-3.732205,4.329215,0.023518,0.015424,-0.022144,32.13,64.3904812665619
46142,-8.223534,-3.734598,4.322634,0.024129,0.012523,-0.020922,32.17,64.4241924297306
46152,-8.227122,-3.736392,4.320839,0.023976,0.009621,-0.019853,32.17,64.4433545384144
46162,-8.238488,-3.73041,4.33041,0.024282,0.005803,-0.019395,32.14,64.4134424410593
46172,-8.223534,-3.729812,4.320241,0.02474,0.00336,-0.018631,32.14,64.4316599107553
46182,-8.219944,-3.726223,4.326822,0.025656,0.000916,-0.018173,32.13,64.3859356720519
46192,-8.21157,-3.733402,4.332804,0.025351,-0.001374,-0.017562,32.13,64.3435235212901
46202,-8.220542,-3.732205,4.333402,0.025809,-0.004123,-0.016799,32.14,64.3594480923203
46212,-8.222337,-3.732205,4.337589,0.026573,-0.005956,-0.016799,32.14,64.3419038325897
46222,-8.213962,-3.722036,4.336991,0.027031,-0.007636,-0.015119,32.11,64.3156670073825
46232,-8.213962,-3.731607,4.334598,0.027336,-0.009468,-0.015577,32.11,64.3378231199673
46242,-8.214561,-3.724428,4.341179,0.027489,-0.010843,-0.016341,32.15,64.2978668909636
46252,-8.208578,-3.728616,4.344768,0.027489,-0.011606,-0.015577,32.15,64.2701225979814
46262,-8.2014,-3.734,4.352544,0.027642,-0.011454,-0.014813,32.13,64.2193161182325
46272,-8.20798,-3.733402,4.360919,0.028405,-0.010996,-0.014355,32.15,64.1904613417141
46282,-8.210971,-3.728616,4.366901,0.0281,-0.010537,-0.014203,32.15,64.1615156098491
46292,-8.207382,-3.726223,4.359723,0.027794,-0.009316,-0.014661,32.1,64.1878665695338
46302,-8.200203,-3.731009,4.360919,0.027642,-0.008094,-0.014966,32.1,64.1703489900319
46312,-8.194221,-3.728018,4.365107,0.026878,-0.006872,-0.014966,32.12,64.1320848459479
46322,-8.198408,-3.720839,4.371089,0.027336,-0.005345,-0.016188,32.12,64.103373202327
46332,-8.213365,-3.725625,4.378866,0.027184,-0.002596,-0.016799,32.14,64.1023237743281
46342,-8.200802,-3.727419,4.378866,0.026114,0.000305,-0.016188,32.14,64.0755968595324
46352,-8.205587,-3.73041,4.366303,0.025504,0.003207,-0.017257,32.16,64.1542234579935
46362,-8.203793,-3.731009,4.37408,0.024893,0.006109,-0.01741,32.16,64.110739019618
46372,-8.203793,-3.720839,4.369893,0.023976,0.009316,-0.01909,32.11,64.1217867365073
46382,-8.196015,-3.724428,4.374678,0.023213,0.01237,-0.019548,32.11,64.0831545252721
46392,-8.203793,-3.722036,4.386642,0.022907,0.015577,-0.020464,32.1,64.0368505882115
46402,-8.199606,-3.73041,4.38425,0.022297,0.018631,-0.021075,32.1,64.0482778532231
46412,-8.197212,-3.723232,4.376472,0.02138,0.021533,-0.021686,32.12,64.0754078196409
46422,-8.203793,-3.734598,4.378268,0.0197,0.023976,-0.022602,32.12,64.0929075794515
46432,-8.208578,-3.722036,4.377669,0.018937,0.027642,-0.023518,32.12,64.0938907064129
46443,-8.202596,-3.731607,4.369295,0.018173,0.033292,-0.025656,32.12,64.1332635981351
46452,-8.204391,-3.734,4.372285,0.016952,0.035888,-0.026267,32.19,64.1244264248621
46462,-8.213365,-3.73041,4.377071,0.015882,0.037874,-0.027031,32.14,64.1164869358233
46472,-8.222935,-3.721437,4.362714,0.01573,0.039706,-0.027336,32.14,64.2028126844578
46482,-8.209177,-3.72383,4.37408,0.014661,0.041233,-0.028253,32.12,64.1155659486803
46492,-8.207382,-3.735795,4.362714,0.013897,0.041997,-0.029016,32.12,64.1823314036565
46502,-8.208578,-3.732205,4.351946,0.013744,0.04215,-0.028558,32.12,64.2368084005511
46512,-8.206783,-3.731009,4.354938,0.012828,0.042761,-0.030085,32.12,64.2160919688491
46522,-8.218149,-3.724428,4.359125,0.012675,0.043219,-0.030543,32.15,64.2135107842642
46532,-8.220542,-3.732804,4.349553,0.012828,0.042913,-0.030391,32.15,64.2768135881204
46542,-8.216354,-3.729214,4.350152,0.012523,0.042302,-0.030849,32.14,64.2605756598626
46552,-8.220542,-3.71725,4.345964,0.012828,0.040775,-0.031001,32.14,64.2793711877925
46562,-8.22473,-3.734598,4.335197,0.013134,0.039401,-0.031612,32.13,64.3620785226713
46572,-8.208578,-3.735196,4.328018,0.013134,0.037415,-0.031612,32.13,64.3633215591193
46582,-8.224131,-3.711268,4.331009,0.013592,0.036194,-0.029322,32.17,64.3585105883135
46592,-8.227122,-3.731009,4.328616,0.013897,0.032987,-0.029627,32.17,64.3977347878144
46602,-8.221739,-3.738187,4.325625,0.014661,0.030391,-0.029016,32.13,64.4083870818855
46612,-8.221739,-3.734,4.323831,0.015119,0.0281,-0.027794,32.13,64.4133646856767
46622,-8.225328,-3.728616,4.320839,0.016493,0.021686,-0.026573,32.15,64.431388423749
46632,-8.220542,-3.717848,4.318447,0.017257,0.017715,-0.025809,32.14,64.4219892154821
46642,-8.219944,-3.729214,4.31725,0.017562,0.014203,-0.02474,32.14,64.4384196454668
46652,-8.219346,-3.726821,4.31725,0.018631,0.011454,-0.022297,32.13,64.4346312901308
46662,-8.213365,-3.728616,4.324429,0.019853,0.007789,-0.021991,32.13,64.3859076709126
46672,-8.206783,-3.732205,4.325027,0.0197,0.004734,-0.021686,32.16,64.3716516730324
46682,-8.222935,-3.736991,4.319045,0.021228,0.002291,-0.020159,32.16,64.4438171105763
46692,-8.222935,-3.735196,4.320839,0.021533,-0.000764,-0.018631,32.17,64.4327218199181
46702,-8.216354,-3.732804,4.323831,0.022144,-0.003054,-0.017715,32.17,64.4000179068811
46712,-8.21157,-3.733402,4.316054,0.022449,-0.005345,-0.016799,32.13,64.4300334099129
46722,-8.221141,-3.742374,4.328616,0.023213,-0.007483,-0.015577,32.13,64.3958956804244
46732,-8.218747,-3.725625,4.332206,0.024435,-0.009621,-0.014966,32.12,64.3548377035686
46742,-8.192427,-3.72383,4.336991,0.024129,-0.011454,-0.014508,32.12,64.2687625337244
46752,-8.213962,-3.729214,4.332804,0.024893,-0.01237,-0.013592,32.12,64.3446277430059
46762,-8.210373,-3.729214,4.344768,0.025504,-0.013439,-0.013134,32.12,64.2747983419319
46772,-8.203793,-3.726223,4.345964,0.025809,-0.013744,-0.012217,32.14,64.2506584791562
46782,-8.200203,-3.723232,4.353741,0.02642,-0.013286,-0.011912,32.14,64.1993250271252
46792,-8.218747,-3.728018,4.356134,0.025656,-0.013134,-0.012217,32.15,64.2339508244491
46802,-8.200203,-3.73041,4.355535,0.025962,-0.011759,-0.012065,32.11,64.197478263358
46812,-8.204391,-3.733402,4.359723,0.026725,-0.01069,-0.010843,32.11,64.1884836795225
46822,-8.212168,-3.726821,4.369893,0.02642,-0.009621,-0.01069,32.09,64.1469863119829
46832,-8.206783,-3.728616,4.370491,0.026114,-0.007636,-0.012065,32.09,64.1335305750001
46842,-8.202596,-3.731607,4.377071,0.026267,-0.004734,-0.012065,32.14,64.0932473347539
46852,-8.207382,-3.723232,4.372883,0.025045,-0.002443,-0.012675,32.14,64.117026974559
46862,-8.210373,-3.726223,4.371687,0.025198,0.000764,-0.012675,32.11,64.1330631747854
46872,-8.215756,-3.720839,4.377669,0.024893,0.003207,-0.01405,32.11,64.1089819161126
46882,-8.195418,-3.725027,4.376472,0.024282,0.005956,-0.014966,32.17,64.0731786817508
46892,-8.199007,-3.722634,4.374678,0.023213,0.008552,-0.014966,32.17,64.0881129506106
46902,-8.200203,-3.722036,4.383651,0.022755,0.012065,-0.016341,32.1,64.0440467342258
46912,-8.203793,-3.719643,4.38724,0.020922,0.015882,-0.01741,32.1,64.0313014332958
46922,-8.210373,-3.73041,4.385446,0.020311,0.018479,-0.018021,32.12,64.066640849423
46932,-8.210971,-3.723232,4.38425,0.019548,0.020922,-0.019242,32.12,64.0667337583083
46942,-8.209774,-3.712464,4.381258,0.018937,0.024587,-0.020311,32.14,64.0682854703458
46952,-8.204391,-3.729812,4.373481,0.01741,0.027489,-0.022449,32.14,64.1139433272296
46962,-8.219346,-3.734598,4.38066,0.015272,0.032529,-0.025809,32.12,64.1159409191708
46972,-8.215756,-3.734,4.375875,0.014508,0.035277,-0.027184,32.11,64.1317661474008
46982,-8.210971,-3.732804,4.369893,0.013897,0.03711,-0.028863,32.11,64.1504375378642
46992,-8.210373,-3.742973,4.369295,0.013134,0.03879,-0.030085,32.09,64.162655778504
47002,-8.208578,-3.728018,4.365107,0.012523,0.039859,-0.031307,32.09,64.1647031705905
47012,-8.212766,-3.726223,4.365705,0.011759,0.040775,-0.03375,32.09,64.1692795670561
47022,-8.214561,-3.726223,4.353143,0.010843,0.041692,-0.034056,32.09,64.2380362926406
47032,-8.213365,-3.728018,4.357928,0.010232,0.042761,-0.034972,32.17,64.2125245265539
47042,-8.206185,-3.739383,4.348955,0.01069,0.042761,-0.034972,32.17,64.2542030066482
47052,-8.221141,-3.731607,4.347759,0.010079,0.042455,-0.034667,32.16,64.2861802424304
47062,-8.216354,-3.744169,4.353741,0.010232,0.041081,-0.034514,32.16,64.2574650670237
47072,-8.216354,-3.72383,4.334598,0.010232,0.04047,-0.033903,32.11,64.335256359634
47082,-8.215158,-3.73041,4.328018,0.011454,0.039706,-0.032681,32.11,64.3732546163693
47092,-8.221141,-3.73041,4.326822,0.011606,0.037874,-0.032529,32.14,64.3929116360687
47102,-8.209177,-3.744169,4.329215,0.012217,0.03543,-0.031154,32.14,64.3677080659313
47112,-8.218747,-3.739383,4.329215,0.012675,0.032987,-0.030696,32.12,64.384353579521
47122,-8.220542,-3.732804,4.317849,0.013286,0.029169,-0.029474,32.12,64.4403363999122
47132,-8.222337,-3.728616,4.320839,0.015272,0.025045,-0.026878,32.15,64.4246582157413
47142,-8.215756,-3.731607,4.320241,0.016646,0.021838,-0.024435,32.12,64.4159873367395
47152,-8.22772,-3.729214,4.321437,0.017868,0.018173,-0.022449,32.12,64.4342915644272
47162,-8.219346,-3.73041,4.312464,0.019395,0.014813,-0.021838,32.12,64.463024213052
47172,-8.215158,-3.735795,4.320241,0.019242,0.011606,-0.020769,32.12,64.4189260080745
47182,-8.209774,-3.728018,4.319045,0.020006,0.008399,-0.018784,32.12,64.4050173400866
47192,-8.219944,-3.728616,4.324429,0.021075,0.005803,-0.016952,32.12,64.4007343902274
47202,-8.215158,-3.734598,4.320241,0.021533,0.002902,-0.015424,32.14,64.4177009344121
47212,-8.216953,-3.734598,4.324429,0.022602,0.000458,-0.013897,32.14,64.4001153404829
47222,-8.216354,-3.725027,4.329813,0.022297,-0.001833,-0.013592,32.13,64.3611769188868
47232,-8.22772,-3.734598,4.328018,0.022297,-0.004276,-0.013439,32.13,64.4058291847315
47242,-8.221739,-3.726223,4.333402,0.023518,-0.005498,-0.012065,32.13,64.3560284249543
47252,-8.220542,-3.73041,4.335197,0.023976,-0.00733,-0.010843,32.13,64.3483527638821
47262,-8.20798,-3.734598,4.341777,0.023213,-0.009163,-0.010079,32.12,64.2903473911614
47272,-8.209774,-3.731009,4.350152,0.022144,-0.010385,-0.010537,32.12,64.2475313619438
47282,-8.214561,-3.731607,4.337589,0.021686,-0.011454,-0.009774,32.15,64.3237448831574
47292,-8.225926,-3.723232,4.35075,0.021686,-0.011759,-0.009927,32.15,64.2730093369562
47302,-8.214561,-3.725625,4.35733,0.021228,-0.012217,-0.009621,32.09,64.2158541132219
47312,-8.213962,-3.735795,4.355535,0.020159,-0.012217,-0.010385,32.12,64.2342005145206
47322,-8.212766,-3.731607,4.362116,0.019242,-0.011912,-0.010232,32.12,64.1932969011306
47332,-8.217552,-3.729214,4.359125,0.018631,-0.010996,-0.011606,32.13,64.2170746999778
47342,-8.209774,-3.732205,4.364508,0.018784,-0.009774,-0.011301,32.13,64.1748165562236
47352,-8.218747,-3.735795,4.363312,0.018173,-0.007941,-0.01237,32.14,64.2049996170861
47362,-8.208578,-3.731607,4.373481,0.01741,-0.006872,-0.012675,32.14,64.1253114707759
47372,-8.206185,-3.729214,4.361517,0.017257,-0.005345,-0.014203,32.12,64.1789923244166
47382,-8.204391,-3.734,4.374678,0.017715,-0.003054,-0.014813,32.12,64.1121142886398
47392,-8.201998,-3.733402,4.368696,0.017257,-0.000611,-0.015424,32.14,64.1368443324487
47402,-8.209177,-3.729812,4.373481,0.017257,0.00168,-0.017715,32.14,64.1248190628096
47412,-8.198408,-3.728616,4.369893,0.017562,0.004123,-0.018021,32.14,64.1175723722437
47422,-8.206185,-3.722036,4.369295,0.016493,0.007025,-0.01909,32.14,64.13153956501
47432,-8.203195,-3.734,4.375875,0.016035,0.009468,-0.021075,32.13,64.1032381033417
47442,-8.197212,-3.726821,4.385446,0.016188,0.012217,-0.020922,32.13,64.0329509525593
47452,-8.206185,-3.728616,4.377071,0.015577,0.01573,-0.021838,32.12,64.0983169815143
47462,-8.209177,-3.739383,4.375875,0.015424,0.018784,-0.02306,32.12,64.1223939187367
47472,-8.202596,-3.726821,4.371687,0.014813,0.021686,-0.02306,32.14,64.116004600338
47482,-8.195418,-3.731607,4.381258,0.014203,0.026573,-0.023824,32.14,64.055367907804
47492,-8.201998,-3.729812,4.370491,0.014203,0.02978,-0.024893,32.11,64.1238925531559
47502,-8.199606,-3.742374,4.367499,0.013744,0.03146,-0.025809,32.12,64.1468603349614
47512,-8.197212,-3.727419,4.368098,0.013744,0.033445,-0.025504,32.12,64.12285857086
47522,-8.196614,-3.72383,4.373481,0.013134,0.035736,-0.026267,32.12,64.0900631002348
47532,-8.206185,-3.72383,4.368098,0.013439,0.037263,-0.026114,32.12,64.1395519450995
47542,-8.204989,-3.725625,4.36391,0.012065,0.038179,-0.026114,32.17,64.1602515741188
47552,-8.200203,-3.729214,4.35733,0.011759,0.039554,-0.025504,32.17,64.1869912816665
47562,-8.218747,-3.735196,4.356732,0.012217,0.04047,-0.025656,32.12,64.2382458797975
47572,-8.209177,-3.729214,4.350152,0.011148,0.041081,-0.025809,32.12,64.2443333712644
47582,-8.204989,-3.729214,4.347759,0.010843,0.04047,-0.026114,32.21,64.2471874484519
47592,-8.217552,-3.725625,4.341179,0.010843,0.039554,-0.025504,32.21,64.3058539905116
47602,-8.206185,-3.734598,4.339982,0.011759,0.039095,-0.02474,32.12,64.2955497251713
47612,-8.212766,-3.727419,4.345366,0.012065,0.038026,-0.02474,32.12,64.2752844723332
47622,-8.218149,-3.735196,4.334598,0.012217,0.036652,-0.024435,32.14,64.3509473382172
47632,-8.210971,-3.727419,4.323233,0.011301,0.034056,-0.02474,32.14,64.3854617773879
47642,-8.221141,-3.728616,4.319045,0.011606,0.032529,-0.023671,32.12,64.4312310764452
47652,-8.216354,-3.728616,4.323831,0.012675,0.0281,-0.022449,32.12,64.3957336467779
47662,-8.212168,-3.736991,4.319045,0.012675,0.025198,-0.021686,32.13,64.4195986226172
47672,-8.212168,-3.739982,4.321437,0.014355,0.022449,-0.0197,32.1,64.4103073553087
47682,-8.22772,-3.731009,4.317849,0.01405,0.0197,-0.019548,32.1,64.4546426978243
47692,-8.218149,-3.735795,4.317849,0.014508,0.016035,-0.017868,32.19,64.4380106267348
47702,-8.230712,-3.735196,4.320241,0.015272,0.012675,-0.017715,32.19,64.4532856044722
47712,-8.221739,-3.727419,4.332206,0.015424,0.009621,-0.01741,32.09,64.3634208490996
47722,-8.232506,-3.732804,4.329215,0.015424,0.006109,-0.017715,32.09,64.4085909511662
47732,-8.238488,-3.726821,4.313661,0.017257,0.003054,-0.016952,32.11,64.4961817832778
47742,-8.220542,-3.721437,4.322036,0.018021,0.000611,-0.016035,32.11,64.4071088528717
47752,-8.215158,-3.725625,4.324429,0.01909,-0.002749,-0.015424,32.14,64.3868904811097
47762,-8.220542,-3.728018,4.328018,0.018631,-0.005651,-0.015272,32.14,64.3829446314777
47772,-8.222337,-3.723232,4.325027,0.018631,-0.008858,-0.015272,32.12,64.3975410343089
47782,-8.212766,-3.726821,4.33041,0.020464,-0.010385,-0.014355,32.12,64.3518336909318
47792,-8.216354,-3.729812,4.34058,0.020922,-0.011912,-0.014661,32.16,64.3105274934175
47802,-8.212766,-3.728018,4.338786,0.020922,-0.014203,-0.014813,32.16,64.3098344534472
47812,-8.215158,-3.739383,4.339982,0.021533,-0.015882,-0.014203,32.11,64.3207323907078
47822,-8.208578,-3.735196,4.349553,0.021228,-0.016493,-0.01573,32.11,64.2522210906051
47832,-8.208578,-3.724428,4.351946,0.021533,-0.017104,-0.015424,32.13,64.2288067524635
47842,-8.203793,-3.726821,4.35733,0.02138,-0.016341,-0.014661,32.07,64.1926696463261
47852,-8.212168,-3.725625,4.369893,0.021838,-0.016341,-0.01573,32.07,64.1457541694792
47862,-8.222935,-3.721437,4.362714,0.021838,-0.014508,-0.014813,32.12,64.2028126844578
47872,-8.201998,-3.729214,4.368696,0.021228,-0.012217,-0.01573,32.12,64.1325156269879
47882,-8.189436,-3.733402,4.368098,0.020617,-0.010996,-0.015577,32.12,64.1113660233547
47892,-8.185846,-3.735795,4.360919,0.020464,-0.008705,-0.016035,32.12,64.1426868624582
47902,-8.19781,-3.735196,4.372285,0.020311,-0.006567,-0.015577,32.08,64.1107084492669
47912,-8.193623,-3.73041,4.363312,0.020617,-0.003665,-0.016646,32.08,64.1424506261193
47922,-8.194819,-3.731009,4.369893,0.020769,-0.000916,-0.016952,32.16,64.1118858116759
47932,-8.192427,-3.743571,4.373481,0.020769,0.002138,-0.016493,32.16,64.1010020545288
47942,-8.198408,-3.735196,4.384848,0.0197,0.005498,-0.016646,32.11,64.0474372017069
47952,-8.19123,-3.731009,4.375875,0.019548,0.008705,-0.017257,32.11,64.0729121293483
47962,-8.194221,-3.732804,4.378268,0.019853,0.01237,-0.01741,32.14,64.0692685211912
47972,-8.188837,-3.725625,4.381258,0.018937,0.014966,-0.016952,32.14,64.0341556011028
47982,-8.196015,-3.731607,4.378866,0.018479,0.018937,-0.018326,32.11,64.0690350750661
47992,-8.199007,-3.731607,4.378268,0.018173,0.022297,-0.019395,32.11,64.078923446946
48002,-8.204989,-3.729812,4.378866,0.016799,0.029169,-0.020006,32.11,64.0876007051702
48012,-8.199007,-3.733402,4.38425,0.016341,0.03207,-0.020159,32.13,64.0500153076829
48022,-8.194221,-3.735196,4.376472,0.015577,0.034514,-0.02138,32.13,64.0809932732914
48032,-8.204989,-3.734,4.375276,0.015119,0.036805,-0.021533,32.14,64.1103969069444
48042,-8.201998,-3.724428,4.368098,0.014203,0.039095,-0.022907,32.14,64.1306515210215
48052,-8.206783,-3.737589,4.363312,0.014355,0.041233,-0.023213,32.14,64.1797463933648
48062,-8.205587,-3.732205,4.362116,0.013592,0.042302,-0.023366,32.14,64.1776356426674
48072,-8.221141,-3.731607,4.357928,0.012828,0.043677,-0.025656,32.17,64.2338175890534
48082,-8.219944,-3.736991,4.360321,0.013134,0.044135,-0.026725,32.17,64.2243274668661
48092,-8.21157,-3.734598,4.351946,0.012217,0.04383,-0.026725,32.16,64.2460435356161
48102,-8.22473,-3.731009,4.351946,0.012675,0.044135,-0.027947,32.16,64.2721120802012
48112,-8.218747,-3.726821,4.348357,0.011454,0.043524,-0.029474,32.14,64.2727812139637
48122,-8.222935,-3.731009,4.354938,0.011759,0.042302,-0.029169,32.14,64.2526518018191
48132,-8.22772,-3.734598,4.341777,0.011759,0.040317,-0.02978,32.15,64.3349061325613
48142,-8.23131,-3.728018,4.341777,0.011606,0.039554,-0.029627,32.15,64.3362736371405
48152,-8.228318,-3.732804,4.334,0.010843,0.037568,-0.029932,32.12,64.3744970717795
48162,-8.230712,-3.734598,4.329215,0.011301,0.03375,-0.030238,32.12,64.4063863065587
48172,-8.218149,-3.731009,4.331009,0.01237,0.028558,-0.029322,32.12,64.3651744754642
48182,-8.22473,-3.737589,4.323233,0.012675,0.025198,-0.029016,32.14,64.4268459728909
48192,-8.221739,-3.736392,4.320241,0.013897,0.021991,-0.028253,32.14,64.4343416383174
48202,-8.223534,-3.73041,4.32742,0.013744,0.018784,-0.028863,32.16,64.3952151730967
48212,-8.226524,-3.735196,4.314857,0.014203,0.015577,-0.027336,32.16,64.4716725777798
48222,-8.218747,-3.741179,4.326224,0.015577,0.011759,-0.026573,32.12,64.4016267073089
48232,-8.215158,-3.728616,4.319045,0.016035,0.008858,-0.024893,32.12,64.4177609421446
48242,-8.223534,-3.725625,4.313063,0.015882,0.005803,-0.024129,32.11,64.4644667529066
48252,-8.224131,-3.742374,4.325625,0.017104,0.002291,-0.022907,32.11,64.4180492510748
48262,-8.214561,-3.735196,4.319643,0.018021,-0.000305,-0.021075,32.14,64.4200580293062
48272,-8.213962,-3.741776,4.328616,0.018479,-0.001985,-0.019242,32.14,64.3791222556085
48282,-8.218149,-3.731607,4.328616,0.018937,-0.00504,-0.017868,32.14,64.3781356674618
48292,-8.205587,-3.731009,4.332206,0.020159,-0.007636,-0.016646,32.14,64.3306448267571
48302,-8.197212,-3.734,4.323831,0.020769,-0.010079,-0.014203,32.11,64.3580733058287
48312,-8.209774,-3.735795,4.326822,0.021838,-0.010843,-0.013286,32.11,64.3728094556363
48322,-8.20798,-3.734598,4.336991,0.022449,-0.012675,-0.012217,32.14,64.3150387519802
48332,-8.210971,-3.732804,4.342973,0.022602,-0.013592,-0.011454,32.14,64.2890957590277
48342,-8.203195,-3.733402,4.347759,0.023213,-0.014203,-0.008247,32.15,64.2474382416456
48352,-8.203195,-3.719643,4.35075,0.024129,-0.014508,-0.007941,32.12,64.2178450166522
48362,-8.199606,-3.732205,4.351348,0.023671,-0.014508,-0.007636,32.12,64.2195644374125
48372,-8.200802,-3.729812,4.354938,0.023976,-0.014203,-0.007178,32.12,64.2012976116703
48382,-8.194221,-3.732804,4.357928,0.023671,-0.012523,-0.005956,32.12,64.1740383910079
48392,-8.204989,-3.731009,4.366303,0.023518,-0.011606,-0.006872,32.13,64.1534841192871
48402,-8.2014,-3.734,4.362714,0.023976,-0.010385,-0.007025,32.13,64.1669087494484
48412,-8.199606,-3.728018,4.361517,0.024129,-0.007941,-0.007636,32.12,64.162822946162
48422,-8.200203,-3.733402,4.365705,0.02306,-0.006109,-0.007636,32.12,64.1481681865579
48432,-8.204989,-3.733402,4.375276,0.022449,-0.003665,-0.008705,32.12,64.1097785105248
48442,-8.210971,-3.738187,4.377071,0.020617,-0.000916,-0.009621,32.12,64.1190808941278
48452,-8.204391,-3.732804,4.381856,0.020006,0.002443,-0.010996,32.09,64.0739603439555
48462,-8.206783,-3.727419,4.385446,0.019395,0.005498,-0.012065,32.09,64.0553779999092
48472,-8.206185,-3.729214,4.38066,0.018784,0.007178,-0.014355,32.13,64.0804774938548
48482,-8.209774,-3.73041,4.385446,0.018021,0.010537,-0.014203,32.13,64.0652781143503
48492,-8.202596,-3.726223,4.377071,0.016952,0.013592,-0.016035,32.18,64.0876786995365
48502,-8.210373,-3.729214,4.374678,0.016341,0.016952,-0.018631,32.18,64.1207618681347
48512,-8.204391,-3.722634,4.382454,0.016035,0.020159,-0.0197,32.11,64.0603659256504
48522,-8.21157,-3.732205,4.380062,0.013592,0.025656,-0.022449,32.14,64.0988863503903
48532,-8.208578,-3.724428,4.377071,0.013592,0.029016,-0.022907,32.14,64.0994346888985
48542,-8.208578,-3.731607,4.373481,0.012981,0.030849,-0.023824,32.14,64.1253114707759
48552,-8.2014,-3.728018,4.377669,0.012523,0.032987,-0.025809,32.14,64.0837363397019
48562,-8.200203,-3.728616,4.369893,0.012675,0.034972,-0.027184,32.09,64.1216542091394
48572,-8.204391,-3.73041,4.361517,0.011148,0.036652,-0.028711,32.09,64.1761552492483
48582,-8.218149,-3.726223,4.360919,0.011454,0.037721,-0.029016,32.12,64.2061188921315
48592,-8.21157,-3.725625,4.35733,0.011912,0.038485,-0.028711,32.12,64.2090755959434
48602,-8.199007,-3.725625,4.361517,0.010537,0.039095,-0.029932,32.12,64.1589911413114
48612,-8.208578,-3.723232,4.354339,0.010385,0.039859,-0.03146,32.12,64.2152425310894
48622,-8.207382,-3.73041,4.347161,0.010537,0.039554,-0.031918,32.13,64.2569202233842
48632,-8.212168,-3.727419,4.347161,0.010537,0.039554,-0.030696,32.13,64.2646772255303
48642,-8.223534,-3.724428,4.342375,0.010843,0.039401,-0.030238,32.09,64.3119762885754
48652,-8.216953,-3.725027,4.339982,0.010996,0.037874,-0.03146,32.09,64.3100607088261
48662,-8.212766,-3.73041,4.342375,0.010385,0.036957,-0.031307,32.11,64.2937778508883
48672,-8.213962,-3.726223,4.336392,0.011301,0.035583,-0.030238,32.11,64.3230475202474
48682,-8.220542,-3.732205,4.329215,0.01237,0.034361,-0.029627,32.18,64.38104863056
48692,-8.221739,-3.734,4.335197,0.010996,0.030085,-0.027489,32.18,64.3547263813528
48702,-8.203793,-3.736392,4.334598,0.012217,0.027642,-0.027489,32.14,64.3197761479407
48712,-8.220542,-3.736392,4.326224,0.012675,0.024587,-0.02642,32.14,64.400766082503
48722,-8.219944,-3.732205,4.325625,0.013439,0.022297,-0.025198,32.14,64.3982288572027
48732,-8.222337,-3.725625,4.323233,0.014203,0.019548,-0.024282,32.16,64.409244906787
48742,-8.221739,-3.727419,4.316652,0.014508,0.016188,-0.023518,32.16,64.4437158368864
48752,-8.216953,-3.738786,4.320839,0.014508,0.012675,-0.02138,32.12,64.4229382919947
48762,-8.213365,-3.73041,4.329813,0.015424,0.009621,-0.021075,32.12,64.3599443090822
48772,-8.225926,-3.731009,4.32742,0.016952,0.00672,-0.0197,32.11,64.4012123573112
48782,-8.213365,-3.736392,4.321437,0.017257,0.003971,-0.018631,32.11,64.4093234084363
48792,-8.215158,-3.720839,4.329813,0.017715,0.00168,-0.01741,32.11,64.3541935572358
48802,-8.215756,-3.735795,4.33041,0.018173,-0.001374,-0.01573,32.11,64.3677729607644
48812,-8.212766,-3.728018,4.328018,0.019242,-0.003818,-0.015272,32.14,64.3654099330619
48822,-8.216953,-3.731607,4.328616,0.020159,-0.006261,-0.014203,32.14,64.3754399927929
48832,-8.220542,-3.729812,4.334,0.019548,-0.008399,-0.013134,32.14,64.3539146815129
48842,-8.217552,-3.726821,4.328616,0.021075,-0.009927,-0.011759,32.14,64.3718933826047
48852,-8.206783,-3.728616,4.348955,0.021228,-0.011301,-0.010843,32.12,64.2444678266511
48862,-8.209177,-3.738786,4.342973,0.021686,-0.012217,-0.010537,32.12,64.2911928222724
48872,-8.219944,-3.741776,4.345964,0.021838,-0.013134,-0.009774,32.14,64.3031596803337
48882,-8.209774,-3.734,4.354938,0.021838,-0.012981,-0.009316,32.14,64.2259480690275
48892,-8.216953,-3.725625,4.360919,0.022297,-0.011912,-0.008247,32.14,64.2027944569467
48902,-8.217552,-3.723232,4.362714,0.021533,-0.011912,-0.009316,32.12,64.1924538615295
48912,-8.209177,-3.731607,4.356732,0.021533,-0.011912,-0.010232,32.12,64.2128895095328
48922,-8.203195,-3.733402,4.35733,0.02138,-0.01069,-0.010385,32.15,64.1981005075788
48932,-8.205587,-3.736392,4.365107,0.021228,-0.009163,-0.009774,32.15,64.1665571628234
48942,-8.212766,-3.728018,4.370491,0.02138,-0.007636,-0.011148,32.14,64.1465005624481
48952,-8.198408,-3.733402,4.383651,0.020159,-0.005651,-0.01237,32.14,64.0517313669178
48962,-8.203793,-3.732804,4.371687,0.020159,-0.003971,-0.012523,32.12,64.1249086813402
48972,-8.199606,-3.725625,4.374678,0.020006,-0.001527,-0.013592,32.12,64.0925697628837
48982,-8.203195,-3.732804,4.376472,0.018784,0.001222,-0.014966,32.14,64.0989294575112
48992,-8.2014,-3.738187,4.376472,0.018631,0.002749,-0.016952,32.14,64.1004219235731
49002,-8.210373,-3.734,4.383651,0.017715,0.006261,-0.017715,32.12,64.0795755604007
49012,-8.199007,-3.733402,4.371089,0.017104,0.009163,-0.018173,32.12,64.1177286750306
49022,-8.205587,-3.734,4.381258,0.016188,0.011759,-0.019395,32.14,64.0809931210081
49032,-8.19781,-3.73041,4.377669,0.015424,0.015119,-0.020159,32.14,64.0780409295132
49042,-8.208578,-3.729214,4.373481,0.013744,0.020311,-0.022907,32.11,64.1228410271082
49052,-8.222337,-3.74058,4.374678,0.013897,0.023366,-0.02306,32.12,64.1596193763279
49062,-8.19123,-3.735795,4.366901,0.013439,0.026267,-0.023671,32.12,64.1240954792032
49072,-8.194819,-3.733402,4.383651,0.01237,0.029169,-0.024282,32.12,64.0435556716285
49082,-8.210971,-3.742374,4.37408,0.011759,0.030696,-0.02474,32.12,64.1387852440475
49092,-8.191828,-3.73041,4.367499,0.011912,0.032529,-0.025962,32.16,64.1167929418017
49102,-8.200203,-3.733402,4.366901,0.011912,0.034667,-0.026267,32.16,64.1420091234312
49112,-8.197212,-3.722036,4.357928,0.011301,0.036805,-0.026267,32.11,64.169707982639
49122,-8.199007,-3.731009,4.359723,0.010843,0.037874,-0.026267,32.11,64.1737967969844
49132,-8.194221,-3.724428,4.348357,0.011301,0.039095,-0.025962,32.12,64.2147554685162
49142,-8.207382,-3.732804,4.350152,0.010843,0.039095,-0.026114,32.12,64.2439638900661
49152,-8.205587,-3.726821,4.345366,0.011301,0.040012,-0.026114,32.14,64.2584218752645
49162,-8.204989,-3.73041,4.351946,0.011148,0.040164,-0.025809,32.14,64.2268305920133
49172,-8.207382,-3.736991,4.354938,0.010996,0.039859,-0.024587,32.15,64.2236138547188
49182,-8.21157,-3.729812,4.342973,0.011301,0.038637,-0.023976,32.15,64.2873762708158
49192,-8.222935,-3.729812,4.333402,0.011301,0.037874,-0.023366,32.15,64.3623945715948
49202,-8.215756,-3.726223,4.331607,0.010996,0.036041,-0.023213,32.15,64.3517912894847
49212,-8.230114,-3.732205,4.331009,0.01237,0.033292,-0.022144,32.14,64.3933488188025
49222,-8.227122,-3.725027,4.323233,0.011912,0.030391,-0.021228,32.17,64.4194086517096
49232,-8.216953,-3.722634,4.332804,0.010843,0.027184,-0.021533,32.17,64.3446430907416
49242,-8.222337,-3.736392,4.317849,0.012217,0.024435,-0.020922,32.11,64.448036598176
49252,-8.221739,-3.726821,4.322634,0.01237,0.021838,-0.02138,32.11,64.4122115376384
49262,-8.234302,-3.732804,4.325027,0.01237,0.018937,-0.020311,32.16,64.4342239197235
49272,-8.225926,-3.742374,4.319643,0.012675,0.016646,-0.019242,32.16,64.452948158077
49282,-8.227122,-3.731009,4.324429,0.012828,0.012981,-0.0197,32.12,64.4193360141241
49292,-8.232506,-3.736991,4.322634,0.01405,0.00901,-0.018784,32.12,64.4467984070679
49302,-8.222337,-3.732804,4.323233,0.013592,0.006414,-0.018631,32.12,64.4165750221352
49312,-8.223534,-3.734598,4.331607,0.014355,0.002443,-0.018631,32.12,64.3778963235592
49322,-8.228318,-3.737589,4.328018,0.014966,-0.000611,-0.018173,32.16,64.4102287466474
49332,-8.228318,-3.725625,4.326224,0.015424,-0.003054,-0.01741,32.16,64.4072751759631
49342,-8.225328,-3.734,4.326224,0.016035,-0.006109,-0.018173,32.12,64.4090914094347
49352,-8.216354,-3.734,4.326822,0.016341,-0.007941,-0.017257,32.12,64.3858001887799
49362,-8.22473,-3.734,4.338786,0.016799,-0.01069,-0.01741,32.09,64.3429662487509
49372,-8.221141,-3.726821,4.334598,0.017715,-0.011759,-0.016493,32.09,64.3491215796734
49382,-8.212168,-3.727419,4.339982,0.017257,-0.015882,-0.016188,32.14,64.301698668259
49392,-8.214561,-3.731607,4.345964,0.018479,-0.015577,-0.01573,32.15,64.2805607373074
49402,-8.204989,-3.729214,4.351946,0.018479,-0.016493,-0.015424,32.15,64.2255986014532
49412,-8.199606,-3.728616,4.351348,0.018784,-0.016188,-0.015272,32.12,64.2158621502211
49422,-8.21157,-3.728018,4.351946,0.018784,-0.016035,-0.014966,32.12,64.2392758321764
49432,-8.198408,-3.73041,4.355535,0.019395,-0.015424,-0.015272,32.15,64.1934056266021
49442,-8.19781,-3.734,4.362714,0.019548,-0.013592,-0.013744,32.15,64.1587590221988
49452,-8.2014,-3.731607,4.358526,0.019395,-0.011759,-0.014508,32.13,64.1860136957238
49462,-8.192427,-3.728018,4.365107,0.019548,-0.009316,-0.013592,32.13,64.1280042732277
49472,-8.202596,-3.733402,4.371089,0.019853,-0.007789,-0.014508,32.13,64.1258850144419
49482,-8.191828,-3.738786,4.371089,0.018784,-0.005498,-0.012523,32.13,64.106986903798
49492,-8.193623,-3.728616,4.373481,0.018326,-0.002749,-0.012981,32.12,64.0882075161579
49502,-8.193623,-3.73041,4.379463,0.01741,0.000153,-0.012828,32.12,64.0592730835089
49512,-8.200203,-3.732804,4.378866,0.017104,0.002749,-0.013134,32.18,64.0798086335396
49522,-8.204391,-3.728018,4.375276,0.017562,0.006109,-0.013897,32.18,64.102853390143
49532,-8.197212,-3.734598,4.38066,0.016799,0.010079,-0.013134,32.1,64.0656320919605
49542,-8.193025,-3.728018,4.374678,0.016493,0.012828,-0.012981,32.1,64.0800623596285
49552,-8.185248,-3.734598,4.382454,0.016188,0.01573,-0.013744,32.14,64.0291381536767
49562,-8.199007,-3.736991,4.381258,0.014661,0.021686,-0.014355,32.14,64.069123569643
49572,-8.206185,-3.731009,4.379463,0.013744,0.023976,-0.015119,32.14,64.0884884998976
49582,-8.204391,-3.722036,4.38066,0.013134,0.026878,-0.017104,32.14,64.0689747216665
49592,-8.196015,-3.723232,4.374678,0.012523,0.028863,-0.017257,32.14,64.081916705304
49602,-8.203195,-3.717848,4.38066,0.011759,0.031765,-0.017868,32.13,64.0619230992851
49612,-8.219346,-3.731009,4.36391,0.011606,0.034056,-0.018784,32.13,64.1983567941975
49622,-8.209177,-3.727419,4.369295,0.011148,0.03543,-0.020464,32.16,64.1438884125931
49632,-8.216354,-3.72383,4.357928,0.011759,0.036652,-0.021838,32.16,64.2149931418589
49642,-8.206783,-3.731607,4.354339,0.010843,0.038026,-0.021991,32.13,64.2197947687768
49652,-8.21157,-3.736392,4.362714,0.011148,0.038332,-0.02306,32.13,64.1924386377894
49662,-8.216953,-3.727419,4.353143,0.010537,0.038485,-0.024129,32.12,64.2446793409108
49672,-8.214561,-3.732205,4.341777,0.009774,0.038485,-0.025504,32.12,64.3027600473469
49682,-8.218747,-3.722634,4.353143,0.009774,0.038332,-0.025504,32.14,64.2438305775938
49692,-8.204989,-3.720241,4.346562,0.010232,0.037721,-0.02642,32.14,64.2441318606675
49702,-8.22772,-3.72383,4.34417,0.010385,0.036805,-0.027184,32.15,64.3115673822428
49712,-8.218747,-3.724428,4.338786,0.010385,0.035888,-0.027642,32.15,64.3196684903852
49722,-8.213962,-3.725027,4.339982,0.009927,0.034972,-0.027947,32.15,64.3033008398025
49732,-8.216953,-3.729812,4.325027,0.010843,0.031001,-0.027031,32.15,64.392130887637
49742,-8.219346,-3.732205,4.32742,0.010996,0.0281,-0.027184,32.13,64.3876172540202
49752,-8.215158,-3.729812,4.326224,0.011912,0.026267,-0.027642,32.16,64.3819046566527
49762,-8.220542,-3.731009,4.336392,0.011606,0.023518,-0.027184,32.16,64.3428030880496
49772,-8.225926,-3.731009,4.317849,0.012217,0.020464,-0.027031,32.12,64.4506105663728
49782,-8.225926,-3.734,4.326224,0.012217,0.018173,-0.025809,32.12,64.4104368353389
49792,-8.228318,-3.731607,4.329215,0.012675,0.014355,-0.024587,32.1,64.3979476307366
49802,-8.219346,-3.738187,4.316652,0.012981,0.011912,-0.023518,32.1,64.4493298778123
49812,-8.210373,-3.73041,4.325625,0.01405,0.008399,-0.024129,32.13,64.37482038025
49822,-8.22473,-3.734598,4.323233,0.014508,0.004581,-0.023824,32.13,64.4237908463273
49832,-8.215158,-3.739982,4.328018,0.014661,0.002749,-0.022144,32.15,64.3830621540483
49842,-8.207382,-3.731607,4.329215,0.014966,0,-0.020617,32.15,64.350757716551
49852,-8.214561,-3.735795,4.323831,0.01573,-0.002138,-0.020006,32.14,64.3990416406878
49862,-8.222337,-3.726223,4.322634,0.016035,-0.004581,-0.018021,32.14,64.4129478252251
49872,-8.215756,-3.74058,4.326224,0.016646,-0.006872,-0.01741,32.13,64.3942810788681
49882,-8.21157,-3.734,4.331607,0.01741,-0.008399,-0.016341,32.13,64.3503150753733
49892,-8.215158,-3.731009,4.33041,0.018021,-0.009468,-0.015424,32.12,64.3615208802669
49902,-8.208578,-3.728616,4.336991,0.017715,-0.012217,-0.012523,32.12,64.3102449286667
49912,-8.209774,-3.722036,4.350152,0.018784,-0.012675,-0.011454,32.13,64.2383069076224
49922,-8.200802,-3.727419,4.34417,0.018631,-0.013439,-0.011606,32.11,64.254369690148
49932,-8.204989,-3.723232,4.360321,0.019242,-0.012981,-0.009621,32.11,64.1762732149747
49942,-8.204989,-3.722036,4.35075,0.020006,-0.012523,-0.00901,32.12,64.22437640772
49952,-8.204391,-3.744768,4.355535,0.020006,-0.011606,-0.00901,32.12,64.2217932198338
49962,-8.202596,-3.726223,4.359125,0.020464,-0.010537,-0.008705,32.14,64.1800861287649
49972,-8.200203,-3.726821,4.356732,0.020159,-0.009468,-0.008094,32.14,64.1876044993963
49982,-8.200203,-3.736392,4.371089,0.020464,-0.007178,-0.007178,32.12,64.1235417707569
49992,-8.202596,-3.725625,4.365705,0.020311,-0.006261,-0.00733,32.12,64.1455704157213
50002,-8.202596,-3.729812,4.372883,0.019853,-0.004581,-0.007636,32.12,64.1129399831734
50012,-8.200802,-3.723232,4.377071,0.019548,-0.001985,-0.008247,32.12,64.0805020913374
50022,-8.204391,-3.739982,4.368696,0.019242,0.000305,-0.009163,32.15,64.1490811128215
50032,-8.201998,-3.732205,4.379463,0.018479,0.003512,-0.009927,32.15,64.0802017244983
50042,-8.204989,-3.729214,4.37408,0.017562,0.006261,-0.010079,32.12,64.1116026582406
50052,-8.19781,-3.729214,4.385446,0.017715,0.009163,-0.011454,32.12,64.036795234341
50062,-8.208578,-3.723232,4.378866,0.016799,0.011301,-0.013134,32.11,64.0889683766557
50072,-8.210971,-3.733402,4.378268,0.016799,0.013592,-0.01573,32.11,64.1079837581792
50082,-8.205587,-3.726821,4.383053,0.014355,0.019395,-0.01741,32.11,64.0643381764333
50092,-8.212766,-3.732804,4.378866,0.013897,0.021838,-0.018479,32.15,64.1083695581113
50102,-8.212168,-3.733402,4.377669,0.012828,0.023976,-0.020006,32.15,64.1137818850839
50112,-8.204989,-3.72383,4.368098,0.012217,0.025962,-0.021838,32.11,64.1368338019843
50122,-8.208578,-3.732804,4.366303,0.011301,0.027947,-0.023824,32.11,64.1634819334656
50132,-8.216354,-3.731009,4.372285,0.010385,0.02978,-0.024893,32.13,64.1484971519486
50142,-8.210971,-3.727419,4.367499,0.010385,0.031765,-0.025809,32.13,64.1572045020374
50152,-8.220542,-3.734598,4.365705,0.009468,0.033598,-0.026725,32.1,64.1955222928067
50162,-8.213962,-3.734,4.371687,0.009163,0.034667,-0.027794,32.1,64.1492288895074
50172,-8.216354,-3.735795,4.365107,0.008858,0.035736,-0.027794,32.11,64.1903463699436
50182,-8.212766,-3.729214,4.354339,0.008094,0.036041,-0.029016,32.11,64.2308839130227
50192,-8.208578,-3.724428,4.354938,0.007483,0.036041,-0.029322,32.12,64.2133856999252
50202,-8.204391,-3.728616,4.354938,0.00733,0.036041,-0.029627,32.12,64.2082040779347
50212,-8.222337,-3.744169,4.347161,0.006872,0.036041,-0.030238,32.14,64.3048494568268
50222,-8.215158,-3.731009,4.353143,0.007025,0.035583,-0.029627,32.14,64.2443047626308
50232,-8.224131,-3.73041,4.342375,0.006872,0.034514,-0.028863,32.11,64.3194447812465
50242,-8.209177,-3.726821,4.323831,0.008247,0.033445,-0.028405,32.11,64.3777126880847
50252,-8.216953,-3.726821,4.322036,0.008247,0.030085,-0.026267,32.14,64.4045188641673
50262,-8.21157,-3.734598,4.34058,0.007789,0.028405,-0.025504,32.15,64.3046334559206
50272,-8.209774,-3.736392,4.331607,0.009316,0.026573,-0.024435,32.15,64.3487181142729
50282,-8.209774,-3.736991,4.328018,0.01069,0.024282,-0.02306,32.11,64.3678611075709
50292,-8.218747,-3.734,4.328018,0.010385,0.021686,-0.021686,32.11,64.3850182771369
50302,-8.21157,-3.733402,4.323233,0.010843,0.019242,-0.020769,32.14,64.3929401946059
50312,-8.207382,-3.731607,4.331009,0.010996,0.016493,-0.018937,32.14,64.341493745757
50322,-8.230114,-3.722634,4.319045,0.011759,0.013286,-0.017104,32.12,64.4453228453199
50332,-8.207382,-3.744768,4.323233,0.012523,0.011606,-0.016493,32.12,64.395167587688
50342,-8.214561,-3.735196,4.322036,0.012675,0.007789,-0.01573,32.14,64.407697877674
50352,-8.216354,-3.74058,4.31725,0.014203,0.005345,-0.013897,32.14,64.4419631189584
50362,-8.221141,-3.72383,4.32742,0.015577,0.002902,-0.013897,32.11,64.3831027950385
50372,-8.212168,-3.741179,4.325625,0.01573,0.000305,-0.012981,32.11,64.3899085044916
50382,-8.218747,-3.739383,4.325625,0.016341,-0.002138,-0.011606,32.14,64.4028787268852
50392,-8.217552,-3.733402,4.334,0.016493,-0.004581,-0.01069,32.14,64.3508474799181
50402,-8.218149,-3.729812,4.328018,0.016799,-0.00733,-0.010079,32.12,64.3793855409959
50412,-8.21157,-3.725027,4.342375,0.017104,-0.009316,-0.010385,32.12,64.285548318521
50422,-8.22473,-3.735795,4.342973,0.01741,-0.012523,-0.009621,32.16,64.3232287716329
50432,-8.221739,-3.74058,4.339384,0.017868,-0.012523,-0.008705,32.11,64.339883053539
50443,-8.214561,-3.735795,4.351946,0.01741,-0.014355,-0.009468,32.11,64.2540404189938
50452,-8.220542,-3.736392,4.359125,0.018021,-0.014508,-0.009316,32.14,64.2312184216254
50462,-8.20798,-3.737589,4.353741,0.017868,-0.014508,-0.010079,32.14,64.2317511686269
50472,-8.209774,-3.72383,4.355535,0.017715,-0.014355,-0.010232,32.13,64.2124058757455
50482,-8.198408,-3.714259,4.363312,0.017715,-0.014355,-0.010385,32.13,64.1366497675194
50492,-8.200203,-3.721437,4.360321,0.017715,-0.012981,-0.010843,32.14,64.1635511573308
50502,-8.201998,-3.73041,4.365107,0.017715,-0.011454,-0.011148,32.14,64.1522324103162
50512,-8.19781,-3.732804,4.369893,0.01741,-0.009163,-0.012065,32.14,64.1205461436359
50522,-8.210373,-3.734598,4.368696,0.017562,-0.007483,-0.012065,32.14,64.1570901867291
50532,-8.203793,-3.731607,4.363312,0.01573,-0.005498,-0.013897,32.13,64.1667882764909
50542,-8.203195,-3.735196,4.366303,0.015882,-0.003054,-0.014203,32.13,64.1537365686048
50552,-8.204989,-3.728616,4.383053,0.015577,-0.000458,-0.014355,32.12,64.0648332795712
50562,-8.198408,-3.725027,4.375875,0.015272,0.002902,-0.015272,32.12,64.083062358964
50572,-8.195418,-3.720839,4.377669,0.014813,0.004581,-0.016188,32.14,64.0626805678307
50582,-8.197212,-3.736991,4.368098,0.014813,0.007636,-0.016493,32.14,64.1327651713197
50592,-8.193623,-3.738187,4.375276,0.013744,0.010843,-0.018326,32.12,64.0888920226687
50602,-8.199007,-3.734598,4.378866,0.012828,0.016799,-0.017868,32.13,64.078946030183
50612,-8.18764,-3.734,4.382454,0.013134,0.020311,-0.01909,32.13,64.0339713654989
50622,-8.203195,-3.721437,4.373481,0.012217,0.022907,-0.018631,32.14,64.1025721470671
50632,-8.195418,-3.736392,4.378268,0.011148,0.025504,-0.020006,32.14,64.0757159425823
50642,-8.193623,-3.737589,4.369893,0.010843,0.027642,-0.020922,32.12,64.1159852346464
50652,-8.187043,-3.73041,4.375276,0.010385,0.029474,-0.02138,32.12,64.0658345663333
50662,-8.198408,-3.728616,4.363312,0.010996,0.03207,-0.021533,32.13,64.1514702123504
50672,-8.210971,-3.73041,4.36391,0.009774,0.034056,-0.022602,32.13,64.1787594660911
50682,-8.214561,-3.736392,4.362714,0.009316,0.036194,-0.022907,32.09,64.1992135847382
50692,-8.206185,-3.739982,4.359723,0.00901,0.036346,-0.023213,32.09,64.1993418015713
50702,-8.200802,-3.724428,4.371687,0.008705,0.036652,-0.023671,32.15,64.1094513635918
50712,-8.205587,-3.729812,4.360321,0.008247,0.037874,-0.022755,32.15,64.1844126736877
50722,-8.21157,-3.72383,4.347759,0.008247,0.038026,-0.023518,32.15,64.2565550283739
50732,-8.218747,-3.731607,4.348357,0.008247,0.037874,-0.023213,32.15,64.2776903549808
50742,-8.215158,-3.731607,4.344768,0.007178,0.036652,-0.02306,32.13,64.2880750114656
50752,-8.227122,-3.731607,4.34058,0.00733,0.036499,-0.023213,32.13,64.3366656398528
50762,-8.216354,-3.738187,4.339384,0.007025,0.035277,-0.022602,32.14,64.3252859553939
50772,-8.212168,-3.733402,4.324429,0.007636,0.032223,-0.022449,32.13,64.3881106371014
50782,-8.212168,-3.732804,4.33041,0.00733,0.030238,-0.021991,32.13,64.3566160769753
50792,-8.220542,-3.732804,4.33041,0.007941,0.027794,-0.021991,32.17,64.3754957181952
50802,-8.227122,-3.725625,4.33041,0.008552,0.024893,-0.021991,32.17,64.3829863712629
50812,-8.233105,-3.733402,4.332804,0.008247,0.022297,-0.022449,32.12,64.3920470969706
50822,-8.224131,-3.734,4.333402,0.008552,0.019853,-0.022144,32.12,64.3693725057377
50832,-8.220542,-3.729214,4.316054,0.009163,0.017104,-0.021533,32.12,64.4459435804736
50842,-8.23789,-3.735196,4.325027,0.009468,0.013286,-0.021075,32.12,64.444718806698
50852,-8.228318,-3.728018,4.325027,0.009774,0.010232,-0.019242,32.07,64.4158908763165
50862,-8.216953,-3.726223,4.321437,0.010843,0.006414,-0.019853,32.07,64.407001755588
50872,-8.22473,-3.736991,4.329215,0.011454,0.003818,-0.01909,32.12,64.3953730376467
50882,-8.227122,-3.734598,4.331009,0.011759,0.000764,-0.018937,32.12,64.3890584974721
50892,-8.214561,-3.744169,4.334598,0.012217,-0.001527,-0.018479,32.13,64.3520655052073
50902,-8.221141,-3.734598,4.328616,0.013592,-0.003207,-0.016646,32.13,64.3879364074052
50912,-8.222337,-3.731607,4.334598,0.01405,-0.006109,-0.016493,32.14,64.3567143012504
50922,-8.215756,-3.744768,4.325625,0.014661,-0.008552,-0.015577,32.14,64.4016665248026
50932,-8.206783,-3.731607,4.331607,0.014813,-0.010996,-0.016188,32.14,64.3370533740763
50942,-8.216953,-3.738187,4.342973,0.014966,-0.013897,-0.013744,32.14,64.3081365440035
50952,-8.213365,-3.726223,4.345964,0.016493,-0.014813,-0.012828,32.12,64.27232867147
50962,-8.209774,-3.728018,4.344768,0.01741,-0.014661,-0.01237,32.15,64.2722143178635
50972,-8.21157,-3.722036,4.347161,0.016799,-0.015272,-0.012065,32.15,64.2577966238659
50982,-8.201998,-3.713661,4.347759,0.016799,-0.015882,-0.011912,32.1,64.2244075854581
50992,-8.20798,-3.739982,4.356134,0.017257,-0.015577,-0.011606,32.1,64.2218909839423
51002,-8.206185,-3.727419,4.351348,0.017257,-0.014355,-0.010996,32.14,64.2295435550346
51012,-8.196015,-3.722634,4.349553,0.017257,-0.012828,-0.011606,32.14,64.2108054310591
51022,-8.187043,-3.734,4.36391,0.017104,-0.011606,-0.011912,32.15,64.1281259555772
51032,-8.190034,-3.731009,4.371687,0.016952,-0.009621,-0.01069,32.15,64.0917556703302
51042,-8.199606,-3.734598,4.368098,0.016646,-0.008247,-0.010996,32.14,64.1357265672932
51052,-8.190632,-3.733402,4.373481,0.016493,-0.006261,-0.010996,32.14,64.0863603852378
51062,-8.194819,-3.733402,4.375875,0.015424,-0.00336,-0.011454,32.13,64.0835663497709
51072,-8.194221,-3.732804,4.372285,0.016188,-0.000764,-0.010996,32.13,64.1000672242081
51082,-8.192427,-3.735196,4.377071,0.016035,0.002443,-0.010843,32.08,64.0738264608793
51092,-8.194221,-3.734,4.382454,0.015119,0.004581,-0.011912,32.08,64.0489713282072
51102,-8.191828,-3.715455,4.371687,0.015119,0.007789,-0.012217,32.12,64.0797324913798
51112,-8.196614,-3.735196,4.372285,0.01405,0.011606,-0.012523,32.12,64.107989163122
51122,-8.193623,-3.739383,4.383651,0.013439,0.016952,-0.013897,32.16,64.0470436794554
51132,-8.195418,-3.726821,4.381258,0.013134,0.020159,-0.013744,32.07,64.0504052223662
51142,-8.194221,-3.714259,4.381258,0.013592,0.022907,-0.014355,32.07,64.0346633925817
51152,-8.197212,-3.731607,4.371687,0.012523,0.025656,-0.014966,32.14,64.1087102864929
51162,-8.188837,-3.725027,4.378268,0.012217,0.028253,-0.01573,32.14,64.0489289709915
51172,-8.199007,-3.722634,4.375276,0.011912,0.030696,-0.01573,32.12,64.0850345750302
51182,-8.205587,-3.732205,4.366303,0.011454,0.032681,-0.017104,32.12,64.1560763749279
51192,-8.215756,-3.734598,4.36391,0.011606,0.033445,-0.017715,32.12,64.193918015769
51202,-8.20798,-3.729214,4.371089,0.011148,0.035125,-0.017562,32.12,64.1337895076541
51212,-8.203793,-3.722036,4.369295,0.010232,0.035736,-0.018937,32.13,64.1261007198362
51222,-8.213365,-3.727419,4.364508,0.01069,0.036499,-0.019853,32.13,64.1780305600775
51232,-8.223534,-3.729812,4.348357,0.010079,0.03711,-0.020464,32.14,64.2866657113233
51242,-8.213365,-3.742374,4.359723,0.010232,0.037263,-0.021075,32.14,64.2180643580724
51252,-8.206783,-3.727419,4.347759,0.009927,0.037263,-0.021838,32.12,64.2494034360063
51262,-8.225926,-3.72383,4.352544,0.009774,0.036957,-0.02306,32.12,64.2643832836363
51272,-8.218149,-3.727419,4.341777,0.009774,0.035736,-0.023213,32.14,64.305957517719
51282,-8.228917,-3.735795,4.344768,0.009163,0.034361,-0.024435,32.14,64.3234237108298
51292,-8.222337,-3.736392,4.332804,0.009163,0.030696,-0.026573,32.11,64.3708626169995
51302,-8.212766,-3.720839,4.322036,0.009316,0.028863,-0.027336,32.12,64.3889641717825
51312,-8.23131,-3.732804,4.332804,0.009163,0.026878,-0.027184,32.12,64.3873979040539
51322,-8.224131,-3.732804,4.333402,0.008858,0.024282,-0.029016,32.15,64.3681493558549
51332,-8.230114,-3.729812,4.336392,0.008094,0.022297,-0.028405,32.15,64.3631570334023
51342,-8.225328,-3.728018,4.323831,0.008399,0.018631,-0.027184,32.12,64.4153338804604
51352,-8.226524,-3.728018,4.323831,0.008705,0.016493,-0.027336,32.12,64.4180256174898
51362,-8.220542,-3.734,4.331009,0.00901,0.013897,-0.02642,32.13,64.3736292877569
51372,-8.219944,-3.735196,4.325625,0.009316,0.010996,-0.026267,32.13,64.4012878402224
51382,-8.218149,-3.735196,4.325027,0.009316,0.008247,-0.025809,32.12,64.4003332874389
51392,-8.209177,-3.73041,4.319045,0.009774,0.005651,-0.025504,32.12,64.4061208815073
51402,-8.21157,-3.733402,4.32742,0.010385,0.00336,-0.02474,32.14,64.3713169811275
51412,-8.216953,-3.725625,4.331009,0.009774,0.000764,-0.022907,32.14,64.3569670275241
51422,-8.218747,-3.732205,4.332206,0.009774,-0.001374,-0.021838,32.14,64.3615710424826
51432,-8.208578,-3.742973,4.326224,0.010537,-0.003665,-0.020159,32.14,64.3805710365451
51442,-8.208578,-3.73041,4.32742,0.012065,-0.004887,-0.018631,32.16,64.3614994664334
51452,-8.208578,-3.731009,4.323233,0.012523,-0.007178,-0.016799,32.16,64.3837426062774
51462,-8.214561,-3.733402,4.331607,0.013592,-0.01069,-0.014661,32.1,64.3564488246744
51472,-8.193623,-3.731607,4.328018,0.013744,-0.011301,-0.013134,32.12,64.3258549899151
51482,-8.203195,-3.725625,4.344768,0.014508,-0.011454,-0.010996,32.12,64.2548587668443
51492,-8.199606,-3.735196,4.350152,0.015424,-0.01237,-0.009774,32.09,64.2288186641954
51502,-8.200203,-3.726223,4.349553,0.01573,-0.012981,-0.009621,32.09,64.2240073863248
51512,-8.201998,-3.731607,4.34417,0.016188,-0.01237,-0.007941,32.13,64.2613914819071
51522,-8.199606,-3.732804,4.356732,0.016646,-0.01237,-0.006872,32.13,64.1924253296814
51532,-8.208578,-3.731607,4.351348,0.01741,-0.012065,-0.006414,32.11,64.239274798227
51542,-8.207382,-3.729812,4.354339,0.018021,-0.010996,-0.006567,32.11,64.2193031688463
51552,-8.206783,-3.726223,4.363312,0.01741,-0.01069,-0.006567,32.13,64.1680213253038
51562,-8.204391,-3.735196,4.368696,0.016952,-0.009468,-0.006261,32.13,64.1441328686279
51572,-8.204989,-3.735795,4.362116,0.017868,-0.007941,-0.006109,32.12,64.1799847213938
51582,-8.209774,-3.732804,4.369295,0.017562,-0.004887,-0.006414,32.12,64.1507980768927
51592,-8.20798,-3.73041,4.368098,0.016952,-0.003207,-0.007941,32.11,64.1504160943816
51602,-8.208578,-3.725625,4.371687,0.016646,-0.000916,-0.008094,32.11,64.1283682635359
51612,-8.204391,-3.731009,4.372883,0.016952,0.001069,-0.009316,32.13,64.1182575242192
51622,-8.210971,-3.734,4.375276,0.016188,0.003207,-0.01069,32.13,64.1239847309772
51632,-8.199606,-3.731009,4.383651,0.015577,0.006414,-0.011606,32.12,64.0519789382896
51642,-8.205587,-3.728616,4.381856,0.01405,0.01237,-0.013439,32.13,64.0723488070799
51652,-8.200802,-3.736392,4.377669,0.012523,0.014813,-0.015119,32.13,64.0910454673259
51662,-8.200203,-3.734,4.376472,0.011759,0.017104,-0.016493,32.14,64.0933635720892
51672,-8.209774,-3.729214,4.383053,0.010996,0.020311,-0.017715,32.14,64.0763399431518
51682,-8.206185,-3.732205,4.366303,0.010079,0.021838,-0.01909,32.15,64.1574336750001
51692,-8.209177,-3.732205,4.37408,0.009774,0.024893,-0.020464,32.15,64.1242082854554
51702,-8.200203,-3.728018,4.368696,0.00901,0.027947,-0.02138,32.12,64.1271995433381
51712,-8.206185,-3.73041,4.371687,0.008552,0.029474,-0.021991,32.12,64.1278694822768
51722,-8.209774,-3.722634,4.369893,0.007483,0.031307,-0.023213,32.14,64.1372349268248
51732,-8.219944,-3.739982,4.365705,0.007025,0.033598,-0.023976,32.14,64.1997093538589
51742,-8.205587,-3.732205,4.352544,0.006109,0.034514,-0.024282,32.14,64.22695229446
51752,-8.209774,-3.725027,4.360919,0.005803,0.03543,-0.024587,32.14,64.1859014301866
51762,-8.196015,-3.731607,4.353741,0.006109,0.035888,-0.025198,32.14,64.1984622671048
51772,-8.20798,-3.731009,4.369295,0.005956,0.036499,-0.025504,32.14,64.1448737839376
51782,-8.203793,-3.733402,4.354938,0.005345,0.036805,-0.025045,32.17,64.2117826021101
51792,-8.216953,-3.739982,4.34058,0.005345,0.036957,-0.025962,32.17,64.3223141116875
51802,-8.212766,-3.732205,4.331607,0.005803,0.036346,-0.024435,32.13,64.35117249495
51812,-8.219944,-3.735196,4.345964,0.005803,0.033598,-0.023976,32.12,64.2964055954391
51822,-8.212168,-3.71725,4.341777,0.006261,0.031765,-0.023671,32.12,64.2820115304219
51832,-8.222337,-3.731607,4.336392,0.006414,0.029627,-0.023366,32.16,64.3474633754317
51842,-8.218149,-3.739383,4.321437,0.006567,0.027947,-0.021991,32.16,64.4231519298145
51852,-8.210373,-3.723232,4.322634,0.00733,0.025198,-0.021228,32.12,64.3829219679183
51862,-8.20798,-3.728616,4.315455,0.007941,0.023213,-0.020464,32.12,64.4201449201593
51872,-8.21157,-3.735795,4.324429,0.007789,0.020006,-0.020006,32.09,64.3892155374332
51882,-8.212766,-3.72383,4.317849,0.008552,0.017715,-0.018631,32.09,64.4136598283697
51892,-8.214561,-3.737589,4.317849,0.009316,0.014508,-0.018173,32.12,64.4317750353599
51902,-8.222935,-3.736991,4.322036,0.010843,0.011912,-0.016799,32.12,64.4283767917703
51912,-8.219944,-3.736991,4.323233,0.011148,0.008858,-0.016035,32.14,64.4154706064241
51922,-8.218747,-3.72383,4.319045,0.011606,0.005498,-0.016035,32.14,64.4209563491244
51932,-8.222935,-3.728616,4.332804,0.012065,0.003665,-0.014203,32.12,64.364256218832
51942,-8.228917,-3.726821,4.326822,0.012828,0.000153,-0.014355,32.12,64.406757493855
51952,-8.215158,-3.738187,4.331607,0.012675,-0.002291,-0.012828,32.13,64.3627009391726
51962,-8.225328,-3.728616,4.329215,0.013286,-0.00504,-0.012217,32.13,64.3881622130256
51972,-8.209774,-3.739383,4.326224,0.013134,-0.006872,-0.01237,32.16,64.3795794454539
51982,-8.207382,-3.738187,4.335794,0.014508,-0.010843,-0.011301,32.16,64.3235548020987
51992,-8.209177,-3.734598,4.338188,0.015272,-0.011606,-0.011301,32.15,64.3115665260398
52002,-8.2014,-3.731009,4.342973,0.015577,-0.012828,-0.010537,32.16,64.2655978923112
52012,-8.214561,-3.727419,4.348955,0.01573,-0.01405,-0.010537,32.16,64.2608447126454
52022,-8.210971,-3.729812,4.348357,0.015882,-0.014355,-0.009927,32.16,64.2582619282962
52032,-8.204989,-3.729214,4.346562,0.016341,-0.014355,-0.009927,32.16,64.253360816609
52042,-8.206783,-3.729812,4.353741,0.016035,-0.014966,-0.009774,32.17,64.2210276170136
52052,-8.215756,-3.74058,4.354339,0.016952,-0.014508,-0.011148,32.17,64.2493406670533
52062,-8.213962,-3.733402,4.356134,0.016035,-0.013897,-0.01069,32.13,64.2286535215079
52072,-8.205587,-3.724428,4.366303,0.01573,-0.012828,-0.011454,32.13,64.1480519948791
52082,-8.209774,-3.734598,4.365107,0.014966,-0.011454,-0.011606,32.17,64.1742010373509
52092,-8.201998,-3.73041,4.366303,0.014813,-0.009621,-0.012217,32.17,64.1460731935073
52102,-8.210373,-3.728616,4.365107,0.014508,-0.007178,-0.012523,32.15,64.1693927486159
52112,-8.20798,-3.732205,4.37408,0.013592,-0.005803,-0.012828,32.15,64.1214894630931
52122,-8.203793,-3.726821,4.372883,0.013744,-0.003971,-0.013744,32.12,64.1125707280266
52132,-8.198408,-3.726223,4.374678,0.012523,-0.000916,-0.014661,32.12,64.0904612741043
52142,-8.19781,-3.728018,4.381856,0.011912,0.00168,-0.014813,32.14,64.054020356469
52152,-8.194221,-3.736991,4.375875,0.011454,0.007789,-0.016341,32.14,64.0859283322768
52162,-8.199007,-3.731009,4.385446,0.011148,0.010232,-0.017104,32.16,64.0413841945462
52172,-8.206783,-3.735795,4.380062,0.010079,0.013286,-0.01741,32.11,64.0917184227678
52182,-8.203195,-3.729214,4.376472,0.009316,0.016493,-0.018326,32.11,64.0952160973552
52192,-8.206783,-3.726821,4.386642,0.009774,0.01909,-0.017868,32.16,64.0486125201106
52202,-8.190034,-3.732205,4.381258,0.00901,0.021686,-0.018937,32.16,64.0437191196479
52212,-8.193623,-3.728018,4.371687,0.008705,0.024129,-0.0197,32.17,64.0968266597387
52222,-8.193623,-3.729214,4.375276,0.007636,0.027031,-0.020311,32.17,64.0795850403195
52232,-8.19123,-3.720241,4.369295,0.00672,0.029169,-0.020769,32.09,64.0956469143715
52242,-8.198408,-3.731607,4.362116,0.007178,0.031612,-0.020922,32.09,64.1607237279133
52252,-8.198408,-3.718446,4.364508,0.007025,0.032834,-0.020617,32.14,64.1348049964668
52262,-8.203793,-3.726223,4.363312,0.007483,0.033903,-0.021991,32.14,64.1612322459081
52272,-8.200203,-3.736991,4.363312,0.007025,0.03543,-0.020922,32.12,64.1642040229849
52282,-8.19781,-3.733402,4.356134,0.00733,0.036499,-0.020311,32.12,64.1920510869632
52292,-8.196015,-3.742374,4.349553,0.007178,0.036957,-0.021228,32.12,64.2311889458578
52302,-8.204989,-3.742973,4.351348,0.006414,0.036805,-0.021075,32.12,64.2428664579887
52312,-8.218747,-3.739383,4.339982,0.00672,0.036194,-0.020617,32.14,64.3288280565563
52322,-8.222935,-3.742973,4.341179,0.00733,0.035736,-0.021533,32.14,64.3357825007781
52332,-8.222337,-3.735795,4.335197,0.007025,0.032681,-0.021533,32.11,64.3579117470769
52342,-8.218149,-3.735196,4.34058,0.006872,0.032376,-0.020769,32.14,64.3201012163686
52352,-8.214561,-3.734,4.332804,0.007483,0.030391,-0.020617,32.14,64.3508850179081
52362,-8.229516,-3.738187,4.338786,0.00733,0.027794,-0.020617,32.1,64.3580323828591
52372,-8.224131,-3.727419,4.32742,0.007025,0.024587,-0.020159,32.1,64.3935052816119
52382,-8.223534,-3.736392,4.339982,0.007789,0.022297,-0.020464,32.16,64.336555265357
52392,-8.223534,-3.728616,4.328018,0.008399,0.020006,-0.020922,32.16,64.3902970534337
52402,-8.231908,-3.731009,4.322634,0.008552,0.017562,-0.019548,32.12,64.4393591937427
52412,-8.225926,-3.72383,4.325625,0.008399,0.014355,-0.019548,32.12,64.4031499330611
52422,-8.240881,-3.725027,4.32742,0.009316,0.011148,-0.01909,32.13,64.4287590930364
52432,-8.228917,-3.738786,4.331009,0.009163,0.008094,-0.018326,32.13,64.3973763943385
52444,-8.232506,-3.746562,4.328018,0.009316,0.005345,-0.018479,32.18,64.4288041090709
52452,-8.227122,-3.738786,4.331607,0.009774,0.002596,-0.01741,32.18,64.3902555836519
52462,-8.22772,-3.736991,4.325625,0.009621,-0.000153,-0.016952,32.13,64.4206160098915
52472,-8.221141,-3.736991,4.331607,0.010079,-0.002291,-0.01741,32.13,64.3749555138465
52482,-8.235497,-3.74058,4.331607,0.010843,-0.004887,-0.016493,32.15,64.4109172589244
52492,-8.219944,-3.729812,4.336392,0.011301,-0.007941,-0.016799,32.15,64.3402286425048
52502,-8.217552,-3.735795,4.333402,0.012217,-0.010537,-0.015424,32.11,64.3563843942441
52512,-8.218747,-3.745365,4.334,0.012065,-0.01237,-0.016035,32.2,64.3658060544676
52522,-8.213962,-3.729214,4.334,0.012217,-0.013592,-0.014355,32.2,64.3384556605847
52532,-8.204391,-3.731607,4.335197,0.011759,-0.01405,-0.013744,32.15,64.3131139603768
52542,-8.196015,-3.722634,4.338188,0.011606,-0.014813,-0.012981,32.15,64.2694798067785
52552,-8.200802,-3.746562,4.345366,0.012523,-0.014355,-0.012523,32.13,64.2679414596007
52562,-8.208578,-3.728018,4.344768,0.012828,-0.015272,-0.011759,32.13,64.2695079558408
52572,-8.196614,-3.731009,4.351946,0.013592,-0.014355,-0.01069,32.17,64.2084610016487
52582,-8.192427,-3.721437,4.349553,0.012828,-0.012828,-0.009927,32.17,64.2014228090077
52592,-8.198408,-3.732804,4.360321,0.012523,-0.011454,-0.00901,32.15,64.1712101636873
52602,-8.199007,-3.733402,4.359723,0.012981,-0.01069,-0.008399,32.15,64.1762693285582
52612,-8.200802,-3.732205,4.368696,0.012065,-0.009316,-0.008094,32.14,64.132889582857
52622,-8.192427,-3.732804,4.365705,0.012675,-0.007178,-0.007483,32.14,64.1298791143704
52632,-8.196015,-3.741776,4.371089,0.012065,-0.00504,-0.007178,32.15,64.1196059014883
52642,-8.194819,-3.729214,4.370491,0.01237,-0.003054,-0.007789,32.15,64.1069470971491
52652,-8.203195,-3.726821,4.37408,0.011606,-0.001222,-0.007636,32.12,64.105050459562
52662,-8.209774,-3.736392,4.381258,0.011759,0.001374,-0.008399,32.12,64.0929852278113
52672,-8.19781,-3.73041,4.368098,0.011606,0.006567,-0.007025,32.12,64.1273121854887
52682,-8.206185,-3.735795,4.368696,0.011148,0.009316,-0.00901,32.16,64.1488238547312
52692,-8.199007,-3.735196,4.378866,0.009774,0.011606,-0.009163,32.16,64.0795658289183
52702,-8.199007,-3.731607,4.372285,0.009468,0.013897,-0.00901,32.11,64.1097139925605
52712,-8.2014,-3.728018,4.366901,0.009163,0.016493,-0.010537,32.11,64.1391639435473
52722,-8.200802,-3.732205,4.377669,0.008705,0.019548,-0.010537,32.15,64.0867090143835
52732,-8.204989,-3.734,4.372285,0.007789,0.021075,-0.011301,32.15,64.125784814979
52742,-8.210373,-3.734,4.37408,0.006872,0.023366,-0.013286,32.13,64.1287774787739
52752,-8.212168,-3.72383,4.372883,0.006567,0.025656,-0.013744,32.13,64.1285218283811
52762,-8.201998,-3.732205,4.369295,0.005498,0.027336,-0.015424,32.11,64.1325231268226
52772,-8.20798,-3.728018,4.368696,0.00504,0.029322,-0.016646,32.11,64.1448706692691
52782,-8.205587,-3.729214,4.360321,0.004276,0.030543,-0.016646,32.14,64.1837960670573
52792,-8.212766,-3.722634,4.354339,0.003665,0.030696,-0.018173,32.14,64.224121428653
52802,-8.214561,-3.729214,4.364508,0.003207,0.031001,-0.019242,32.15,64.1825901345882
52812,-8.213365,-3.735795,4.356134,0.003818,0.032681,-0.020617,32.15,64.2297649110771
52822,-8.217552,-3.738187,4.353143,0.003207,0.03146,-0.022144,32.15,64.2570969294019
52832,-8.212766,-3.728616,4.348955,0.003207,0.032223,-0.021686,32.15,64.2580124160436
52842,-8.218747,-3.743571,4.35075,0.002596,0.031154,-0.022755,32.17,64.2776540700425
52852,-8.218747,-3.736991,4.343571,0.002138,0.029627,-0.023366,32.11,64.3078759213999
52862,-8.22473,-3.73041,4.342375,0.002138,0.028558,-0.023518,32.11,64.3207964167459
52872,-8.215756,-3.748955,4.336392,0.00168,0.026725,-0.02306,32.18,64.3504237905671
52882,-8.220542,-3.737589,4.331607,0.001833,0.025504,-0.022907,32.18,64.3742186976302
52892,-8.226524,-3.733402,4.336991,0.002291,0.023671,-0.02306,32.09,64.3556494203341
52902,-8.224131,-3.724428,4.331607,0.001833,0.021228,-0.023518,32.09,64.3688486073219
52912,-8.224131,-3.728616,4.331009,0.001374,0.018631,-0.022755,32.14,64.3762108815038
52922,-8.224131,-3.726223,4.325625,0.001985,0.015882,-0.022449,32.14,64.4015480159004
52932,-8.219944,-3.728616,4.324429,0.002596,0.013744,-0.020769,32.12,64.4007343902274
52942,-8.217552,-3.729214,4.32742,0.003054,0.011454,-0.020769,32.12,64.3805148863404
52952,-8.222337,-3.739383,4.326822,0.003207,0.008552,-0.020617,32.15,64.4047797233655
52962,-8.213962,-3.738786,4.323233,0.003971,0.006261,-0.018784,32.15,64.4038450137006
52972,-8.212766,-3.734,4.332804,0.003512,0.003665,-0.018173,32.14,64.3468357161732
52982,-8.20798,-3.729214,4.328018,0.003818,0.000305,-0.017562,32.14,64.3558344679246
52992,-8.212766,-3.74058,4.329813,0.004276,-0.00168,-0.016035,32.13,64.3690229439524
53002,-8.213962,-3.727419,4.324429,0.004123,-0.003971,-0.015272,32.13,64.3860287649229
53012,-8.210971,-3.727419,4.33041,0.005345,-0.005803,-0.014203,32.16,64.3483941236191
53022,-8.21157,-3.74058,4.332206,0.005192,-0.010843,-0.012675,32.13,64.3539779217779
53032,-8.198408,-3.735196,4.334598,0.005651,-0.01237,-0.012523,32.13,64.3063745893106
53042,-8.207382,-3.736392,4.337589,0.006109,-0.012675,-0.010232,32.12,64.3124466189758
53052,-8.197212,-3.729812,4.34417,0.007483,-0.01405,-0.009316,32.12,64.2487012721659
53062,-8.200203,-3.729214,4.34058,0.007483,-0.014508,-0.009468,32.11,64.2733896964819
53072,-8.215756,-3.736392,4.341777,0.007636,-0.015119,-0.009163,32.11,64.309756614089
53082,-8.212766,-3.734,4.35075,0.008552,-0.015119,-0.007789,32.16,64.2542963577581
53092,-8.210971,-3.729812,4.355535,0.009163,-0.015577,-0.00672,32.16,64.2212722680458
53102,-8.196015,-3.739982,4.359723,0.009927,-0.016035,-0.006872,32.14,64.1762860697183
53112,-8.188837,-3.729812,4.363312,0.009621,-0.014813,-0.005498,32.14,64.1309475411576
53122,-8.201998,-3.725625,4.360919,0.010079,-0.013592,-0.004734,32.13,64.1688671230371
53132,-8.199007,-3.731009,4.356134,0.010079,-0.012523,-0.004734,32.13,64.1922952669624
53142,-8.206783,-3.735795,4.364508,0.010385,-0.010996,-0.004429,32.13,64.1717370226299
53152,-8.200802,-3.731607,4.37408,0.010079,-0.009468,-0.005345,32.13,64.1045570636647
53162,-8.200203,-3.728018,4.371089,0.010232,-0.007636,-0.005345,32.13,64.1148782335099
53172,-8.19781,-3.732205,4.377071,0.010537,-0.005651,-0.004734,32.13,64.0829777785307
53182,-8.188239,-3.729214,4.374678,0.010232,-0.002902,-0.00504,32.12,64.0703985873361
53192,-8.206185,-3.729214,4.365705,0.009774,0.001069,-0.006414,32.12,64.1574257553241
53203,-8.196015,-3.729214,4.372883,0.008247,0.004581,-0.005651,32.14,64.0973513099766
53212,-8.191828,-3.726821,4.375276,0.007789,0.006872,-0.007178,32.11,64.0730153842777
53222,-8.202596,-3.723232,4.371089,0.00733,0.009774,-0.008247,32.11,64.1153760780058
53232,-8.200203,-3.727419,4.374678,0.006567,0.012523,-0.008705,32.09,64.0957840479697
53242,-8.194221,-3.738786,4.375875,0.005803,0.014966,-0.010232,32.09,64.0877911541676
53252,-8.20798,-3.729214,4.38066,0.005498,0.018479,-0.01069,32.16,64.0845607218321
53262,-8.203793,-3.734,4.377071,0.004581,0.020464,-0.012217,32.16,64.0984452940772
53272,-8.18764,-3.732205,4.372883,0.003512,0.022602,-0.013134,32.15,64.0813843268742
53282,-8.203793,-3.728018,4.372883,0.002902,0.024893,-0.01405,32.15,64.1138073789937
53292,-8.2014,-3.731607,4.362714,0.001222,0.026267,-0.015119,32.13,64.1644365141511
53302,-8.199606,-3.734598,4.369893,0.000764,0.028253,-0.016799,32.13,64.1264849608721
53312,-8.217552,-3.728018,4.361517,0,0.029322,-0.018631,32.14,64.2035327228902
53322,-8.209774,-3.736991,4.359125,-0.000764,0.030849,-0.018479,32.14,64.2074649530954
53332,-8.212168,-3.731607,4.365705,-0.001222,0.03207,-0.018631,32.14,64.1734682982261
53342,-8.219346,-3.737589,4.349553,-0.001069,0.032529,-0.0197,32.14,64.2790236113922
53352,-8.20798,-3.745964,4.350152,-0.001833,0.033139,-0.019853,32.14,64.2588785380426
53362,-8.222337,-3.728018,4.341777,-0.001833,0.032834,-0.020922,32.14,64.3160290442238
53372,-8.208578,-3.722634,4.34417,-0.003054,0.031307,-0.020464,32.1,64.2670612805161
53382,-8.212168,-3.73041,4.341179,-0.004123,0.029932,-0.02138,32.14,64.2985942544141
53392,-8.196614,-3.734,4.341179,-0.002902,0.029016,-0.021075,32.14,64.2671039711637
53402,-8.212766,-3.742973,4.334,-0.001833,0.027031,-0.020922,32.11,64.3498760497655
53412,-8.209177,-3.731607,4.332804,-0.001985,0.024129,-0.020769,32.11,64.3362796431834
53422,-8.219346,-3.734598,4.326822,-0.002291,0.022755,-0.019548,32.12,64.3931517524222
53432,-8.231908,-3.733402,4.332206,-0.001374,0.020464,-0.018479,32.12,64.392436307735
53442,-8.221739,-3.735795,4.319643,-0.000611,0.017715,-0.01741,32.09,64.4368191508392
53452,-8.216953,-3.734,4.321437,0,0.015272,-0.016952,32.09,64.4149527803525
53462,-8.219346,-3.732205,4.319045,0.001069,0.012065,-0.016035,32.13,64.4308568979653
53472,-8.215756,-3.732205,4.319643,0.001833,0.009774,-0.015119,32.13,64.4196879862052
53482,-8.222337,-3.731009,4.311867,0.002596,0.006872,-0.012828,32.13,64.4734431899892
53492,-8.226524,-3.741179,4.320839,0.002443,0.003054,-0.012523,32.13,64.4468983289672
53502,-8.204989,-3.735795,4.323831,0.002749,0.000764,-0.011759,32.14,64.3774690219985
53512,-8.215158,-3.743571,4.328616,0.004276,-0.002291,-0.010537,32.14,64.383657134349
53522,-8.221739,-3.725625,4.323233,0.004887,-0.004887,-0.009163,32.14,64.4078980174016
53532,-8.213365,-3.732804,4.329813,0.005345,-0.007789,-0.00901,32.14,64.3623977224905
53542,-8.212766,-3.733402,4.335197,0.006567,-0.012065,-0.007941,32.15,64.3338741882687
53552,-8.20798,-3.73041,4.332804,0.006414,-0.014203,-0.007178,32.16,64.3323477310607
53562,-8.230712,-3.693322,4.35733,0.006261,-0.015577,-0.00733,32.16,64.2194327191807
53572,-8.230114,-3.681956,4.380062,0.000916,-0.022297,-0.009927,32.1,64.0895198279842
53582,-8.207382,-3.735196,4.332804,-0.003665,-0.028405,-0.012065,32.1,64.3359125233274
53592,-8.206185,-3.72383,4.349553,-0.002138,-0.029016,-0.011148,32.11,64.2351058838867
53602,-8.199606,-3.734,4.347161,-0.001222,-0.028863,-0.011301,32.11,64.243011149939
53612,-8.200802,-3.739383,4.352544,-0.000916,-0.028253,-0.008858,32.12,64.2235180852794
53622,-8.203793,-3.734,4.354339,-0.000458,-0.028405,-0.009468,32.12,64.2154864759362
53632,-8.191828,-3.734,4.360321,-0.001069,-0.027642,-0.009316,32.14,64.1575045647939
53642,-8.198408,-3.734,4.368696,-0.000611,-0.025656,-0.008247,32.14,64.1293066870477
53652,-8.196614,-3.74058,4.366901,0,-0.023824,-0.007789,32.12,64.1412889078865
53662,-8.184649,-3.734598,4.370491,-0.001985,-0.022144,-0.008094,32.12,64.0893809904907
53672,-8.194221,-3.738187,4.375276,-0.001374,-0.01909,-0.007178,32.1,64.0902523878462
53682,-8.196614,-3.733402,4.372883,-0.001374,-0.016188,-0.007178,32.1,64.1030519458273
53692,-8.190632,-3.741179,4.381856,-0.001222,-0.013592,-0.006414,32.12,64.0513330726421
53702,-8.197212,-3.739982,4.389035,-0.001833,-0.009316,-0.007483,32.12,64.0281592197745
53712,-8.194819,-3.74716,4.382454,-0.002596,-0.00336,-0.007636,32.13,64.0640067889639
53722,-8.199606,-3.742973,4.388436,-0.003818,0,-0.008552,32.13,64.0397960454131
53732,-8.181061,-3.742374,4.377071,-0.005345,0.004123,-0.009163,32.13,64.0554054971657
53742,-8.190632,-3.738187,4.38066,-0.004734,0.00733,-0.009316,32.14,64.0543755047878
53752,-8.183454,-3.739383,4.377071,-0.004429,0.011148,-0.008552,32.14,64.0577421492799
53762,-8.200203,-3.744768,4.379463,-0.005192,0.014661,-0.00901,32.15,64.0891419800048
53772,-8.19123,-3.735795,4.372883,-0.005956,0.018021,-0.009468,32.15,64.0932843134154
53782,-8.194819,-3.74058,4.372883,-0.00672,0.021686,-0.009621,32.14,64.1064125467072
53792,-8.203195,-3.745365,4.369893,-0.007025,0.023976,-0.009621,32.14,64.1457793709134
53802,-8.196614,-3.729214,4.37408,-0.007483,0.025962,-0.010079,32.14,64.0925520251011
53812,-8.206185,-3.739383,4.367499,-0.007178,0.0281,-0.009163,32.14,64.1586916210859
53822,-8.203195,-3.738786,4.368696,-0.008094,0.029932,-0.009163,32.12,64.14513006116
53832,-8.209774,-3.738786,4.359125,-0.007941,0.031612,-0.00901,32.12,64.2093157243685
53842,-8.218747,-3.753741,4.362714,-0.008399,0.033598,-0.00901,32.12,64.2265641025149
53852,-8.233703,-3.698706,4.377669,-0.008552,0.033445,-0.008858,32.12,64.1270868262083
53862,-8.21157,-3.714259,4.367499,-0.012065,0.028863,-0.010079,32.14,64.1450196564998
53872,-8.188239,-3.742973,4.346562,-0.014661,0.027031,-0.009316,32.14,64.2296239681689
53882,-8.203793,-3.736991,4.341777,-0.013286,0.025351,-0.007941,32.11,64.2833443496328
53892,-8.214561,-3.734,4.345964,-0.013134,0.024435,-0.00733,32.14,64.2830184899848
53902,-8.205587,-3.744768,4.328018,-0.013439,0.023518,-0.00672,32.14,64.3664128604354
53912,-8.217552,-3.739383,4.338786,-0.012675,0.022297,-0.005803,32.12,64.3322986666472
53922,-8.20798,-3.749553,4.332206,-0.01237,0.020769,-0.004581,32.12,64.3551121616275
53932,-8.234302,-3.737589,4.338188,-0.012065,0.018173,-0.004581,32.11,64.3712739318941
53942,-8.230114,-3.744169,4.339982,-0.012065,0.016493,-0.004276,32.11,64.3593386684326
53952,-8.218747,-3.735196,4.339982,-0.011148,0.015424,-0.003818,32.12,64.3245333723876
53962,-8.216953,-3.745365,4.333402,-0.011454,0.01237,-0.003207,32.12,64.3648502184578
53972,-8.233105,-3.71725,4.34417,-0.01069,0.009163,-0.004123,32.16,64.3170098803375
53982,-8.231908,-3.725625,4.33041,-0.012217,0.004887,-0.004276,32.16,64.3937656375008
53992,-8.225328,-3.733402,4.328616,-0.013134,0.00168,-0.003971,32.12,64.3961404290277
54002,-8.236693,-3.74058,4.33041,-0.013744,-0.001374,-0.003665,32.12,64.4197717080229
54012,-8.221739,-3.74058,4.325027,-0.012828,-0.002902,-0.002902,32.11,64.4139210306747
54022,-8.230114,-3.744169,4.326224,-0.01237,-0.006261,-0.002749,32.11,64.4302373874978
54032,-8.217552,-3.74058,4.326822,-0.012981,-0.009468,-0.00336,32.11,64.3952376764202
54042,-8.22473,-3.736392,4.331009,-0.012675,-0.012065,-0.002443,32.11,64.3855080489481
54052,-8.210971,-3.73041,4.332804,-0.012065,-0.013744,-0.00168,32.13,64.339102029403
54062,-8.215158,-3.73041,4.34058,-0.012523,-0.018021,-0.001985,32.11,64.3084392526129
54072,-8.210373,-3.734,4.336392,-0.012675,-0.01909,-0.001222,32.11,64.3229197989202
54082,-8.21157,-3.734,4.338786,-0.011912,-0.021228,-0.000764,32.14,64.313272344964
54092,-8.203195,-3.729812,4.341179,-0.011454,-0.022602,-0.000611,32.14,64.2776863427358
54102,-8.206185,-3.729214,4.345366,-0.011454,-0.022449,0.001527,32.09,64.2622372626563
54112,-8.204391,-3.739383,4.338786,-0.011606,-0.023671,0.001374,32.09,64.302591273294
54122,-8.198408,-3.731009,4.351946,-0.010996,-0.023824,0.002138,32.11,64.2125300351811
54132,-8.21157,-3.728616,4.346562,-0.011912,-0.023213,0.002596,32.11,64.2676418263771
54142,-8.216953,-3.742374,4.364508,-0.011454,-0.02306,0.002902,32.11,64.2015616096127
54152,-8.214561,-3.73041,4.35733,-0.010385,-0.022907,0.003512,32.11,64.2207731058749
54162,-8.193025,-3.731009,4.354339,-0.010232,-0.021533,0.003971,32.09,64.1879737308225
54172,-8.204391,-3.729214,4.357928,-0.010843,-0.021075,0.004276,32.09,64.1934116664456
54182,-8.200802,-3.729214,4.353143,-0.010843,-0.019395,0.004581,32.15,64.2099350709961
54192,-8.194221,-3.726821,4.354339,-0.011148,-0.018173,0.004581,32.15,64.1863615997951
54202,-8.199606,-3.728018,4.359723,-0.011759,-0.015424,0.005651,32.13,64.1720678789496
54212,-8.200802,-3.718446,4.370491,-0.011759,-0.013897,0.00504,32.13,64.10943172654
54222,-8.18764,-3.720839,4.364508,-0.012217,-0.011912,0.004887,32.13,64.1127623153028
54232,-8.197212,-3.726821,4.37408,-0.01237,-0.00672,0.003665,32.13,64.0914358353399
54242,-8.2014,-3.726821,4.379463,-0.012828,-0.004429,0.003971,32.16,64.0732683110086
54252,-8.194221,-3.722036,4.368696,-0.013134,-0.002291,0.001985,32.12,64.10740374423
54262,-8.207382,-3.729812,4.375875,-0.014203,0.000458,0.001985,32.12,64.1084258028627
54272,-8.191828,-3.720839,4.368098,-0.014203,0.00336,0.001222,32.11,64.103796722861
54282,-8.204989,-3.726223,4.380062,-0.013744,0.005956,0.000764,32.11,64.0777391125585
54292,-8.20798,-3.734,4.369295,-0.014355,0.007789,-0.001374,32.14,64.147961192808
54302,-8.2014,-3.73041,4.366303,-0.015424,0.009468,-0.002291,32.14,64.1447147887596
54312,-8.202596,-3.721437,4.371089,-0.015882,0.011759,-0.003054,32.11,64.1135228993674
54322,-8.214561,-3.731009,4.373481,-0.015577,0.013897,-0.003971,32.11,64.1382786112914
54332,-8.215756,-3.729812,4.364508,-0.016188,0.015577,-0.005345,32.09,64.1859144767787
54342,-8.209177,-3.736392,4.362714,-0.016952,0.017257,-0.005803,32.09,64.1870161453116
54352,-8.203195,-3.729812,4.368696,-0.018021,0.018479,-0.00672,32.14,64.135853405874
54362,-8.210971,-3.734,4.367499,-0.01741,0.019242,-0.006872,32.14,64.1639887256673
54372,-8.213962,-3.732205,4.359723,-0.017868,0.0197,-0.008094,32.11,64.2089416502096
54382,-8.20798,-3.729214,4.35733,-0.018937,0.021075,-0.009163,32.11,64.2046313409299
54392,-8.213962,-3.731009,4.357928,-0.018937,0.020464,-0.01069,32.08,64.2169533085027
54402,-8.206783,-3.728616,4.350152,-0.019548,0.020922,-0.011301,32.08,64.2382963318287
54412,-8.212168,-3.73041,4.352544,-0.020006,0.020006,-0.011759,32.11,64.2400077190551
54422,-8.218747,-3.744768,4.353741,-0.020311,0.019242,-0.012065,32.12,64.2634862877827
54432,-8.227122,-3.729214,4.348357,-0.021075,0.018479,-0.011912,32.12,64.2941564294943
54445,-8.213962,-3.734598,4.342375,-0.021075,0.016646,-0.011606,32.11,64.3007804850771
54452,-8.219944,-3.74058,4.331009,-0.02138,0.014966,-0.012828,32.11,64.3790202568457
54462,-8.223534,-3.74716,4.329813,-0.020769,0.013897,-0.012523,32.13,64.4000062599802
54472,-8.219346,-3.732804,4.33041,-0.021075,0.011301,-0.012523,32.13,64.3728006562288
54482,-8.209177,-3.742973,4.324429,-0.020617,0.009621,-0.01237,32.11,64.3911893793752
54492,-8.219944,-3.74058,4.33041,-0.020617,0.006414,-0.012675,32.11,64.3821100041497
54502,-8.22473,-3.743571,4.336991,-0.020311,0.004581,-0.010996,32.15,64.3620179458365
54512,-8.224131,-3.743571,4.335794,-0.020464,0.002291,-0.01069,32.15,64.3668386419163
54522,-8.215158,-3.732205,4.333402,-0.020159,-0.000458,-0.009621,32.1,64.3473060487411
54532,-8.218747,-3.735196,4.328018,-0.01909,-0.002749,-0.008247,32.1,64.3862424351274
54542,-8.215158,-3.736392,4.323233,-0.018631,-0.005956,-0.007025,32.15,64.4040853392479
54552,-8.20798,-3.738786,4.326822,-0.018173,-0.008094,-0.006414,32.15,64.3718348578642
54562,-8.219346,-3.739982,4.331607,-0.018021,-0.010537,-0.006872,32.08,64.3739764542326
54572,-8.206783,-3.741179,4.325027,-0.016341,-0.012065,-0.003818,32.08,64.3808649629255
54582,-8.206783,-3.736991,4.329215,-0.015424,-0.017715,-0.002902,32.13,64.3549344483428
54592,-8.200802,-3.739982,4.323831,-0.014355,-0.019548,-0.001374,32.11,64.3723288682842
54602,-8.212766,-3.748357,4.337589,-0.012981,-0.020922,0.000153,32.11,64.3369004968522
54612,-8.2014,-3.736991,4.336991,-0.013286,-0.02306,0.001069,32.12,64.3026323438202
54622,-8.20798,-3.736392,4.328018,-0.012981,-0.023671,0.002291,32.12,64.363200501878
54632,-8.204391,-3.745365,4.342375,-0.011912,-0.02474,0.003207,32.13,64.2902415364218
54642,-8.192427,-3.737589,4.35075,-0.011759,-0.025962,0.003665,32.13,64.2119347142319
54652,-8.201998,-3.746562,4.35075,-0.010996,-0.025962,0.004734,32.13,64.2428884828173
54662,-8.212766,-3.739383,4.341777,-0.010079,-0.025504,0.005956,32.13,64.3060791861477
54672,-8.204391,-3.736991,4.360919,-0.010079,-0.025351,0.005956,32.12,64.1860282879828
54682,-8.215158,-3.750151,4.358526,-0.009927,-0.025198,0.006414,32.12,64.2362974580397
54692,-8.200802,-3.743571,4.354339,-0.010079,-0.024893,0.006567,32.13,64.2185936275975
54702,-8.204391,-3.732804,4.368098,-0.009468,-0.023671,0.00733,32.13,64.1447393025797
54712,-8.205587,-3.732804,4.367499,-0.009774,-0.022144,0.00733,32.11,64.150538039157
54722,-8.184649,-3.738786,4.375875,-0.009774,-0.020006,0.007789,32.11,64.0660020227772
54732,-8.196614,-3.729214,4.372285,-0.010843,-0.018479,0.007025,32.12,64.1017934019776
54742,-8.200203,-3.739383,4.366901,-0.011301,-0.015882,0.005956,32.12,64.1481970653541
54752,-8.196015,-3.741776,4.373481,-0.012523,-0.010843,0.005651,32.11,64.1072939104493
54762,-8.2014,-3.736991,4.374678,-0.012828,-0.008399,0.003971,32.14,64.1084125364599
54772,-8.201998,-3.736392,4.377669,-0.013592,-0.006261,0.002749,32.14,64.0937648084463
54782,-8.204989,-3.733402,4.373481,-0.014203,-0.002902,0.003207,32.13,64.1190129890719
54792,-8.197212,-3.725625,4.382454,-0.014508,-0.000305,0.002596,32.13,64.0471017292988
54802,-8.203195,-3.73041,4.375875,-0.015272,0.002443,0.001069,32.1,64.0995244005728
54812,-8.205587,-3.729214,4.376472,-0.016035,0.005192,0.000764,32.1,64.1006562394199
54822,-8.199007,-3.733402,4.378268,-0.016646,0.008247,0.001222,32.11,64.0807830666661
54832,-8.199606,-3.726223,4.365107,-0.017562,0.010537,0.000305,32.11,64.1424727221763
54842,-8.199606,-3.728616,4.372285,-0.018021,0.012217,-0.000611,32.15,64.1079816185044
54852,-8.199007,-3.738187,4.369893,-0.018784,0.014966,-0.001374,32.15,64.1288397439858
54862,-8.200802,-3.729214,4.368696,-0.019395,0.017257,-0.001833,32.14,64.1297973879985
54872,-8.200802,-3.738786,4.370491,-0.019853,0.01909,-0.003207,32.14,64.1304587094662
54882,-8.201998,-3.727419,4.36391,-0.020006,0.020769,-0.00336,32.14,64.155309121059
54892,-8.206185,-3.736392,4.365705,-0.020769,0.021533,-0.00336,32.14,64.1648351918323
54902,-8.218149,-3.735795,4.358526,-0.020769,0.021686,-0.003971,32.13,64.2282746180207
54912,-8.212766,-3.729214,4.35075,-0.02138,0.022297,-0.004123,32.13,64.2493760128585
54922,-8.236693,-3.688536,4.356134,-0.02138,0.022907,-0.004887,32.08,64.2342935425429
54932,-8.228318,-3.707081,4.350152,-0.021838,0.02474,-0.008247,32.09,64.265000821356
54942,-8.2014,-3.725625,4.335197,-0.021686,0.025045,-0.009621,32.09,64.3001999486628
54952,-8.222935,-3.739383,4.345964,-0.021686,0.023976,-0.009774,32.13,64.3074508534564
54962,-8.213365,-3.729214,4.335794,-0.020159,0.022907,-0.009163,32.13,64.327850618303
54972,-8.210971,-3.733402,4.341179,-0.020464,0.021228,-0.007483,32.15,64.2989620943586
54982,-8.214561,-3.734,4.319045,-0.019853,0.018784,-0.007789,32.15,64.4219232512381
54992,-8.225328,-3.734,4.329215,-0.020006,0.016341,-0.007025,32.13,64.3936616553377
55002,-8.219944,-3.737589,4.329215,-0.019548,0.013897,-0.007789,32.13,64.3852115008064
55012,-8.226524,-3.729812,4.319643,-0.018631,0.011148,-0.007789,32.14,64.4414722897009
55022,-8.217552,-3.734598,4.329813,-0.018326,0.008705,-0.006872,32.14,64.3736749922628
55032,-8.221141,-3.728018,4.316054,-0.018479,0.005345,-0.007178,32.12,64.446070784732
55042,-8.21157,-3.738187,4.318447,-0.017868,0.002749,-0.00672,32.12,64.4225674872491
55052,-8.22473,-3.732205,4.323831,-0.017868,-0.000764,-0.007178,32.13,64.4182612020677
55062,-8.225328,-3.742973,4.323831,-0.016952,-0.003818,-0.00672,32.13,64.4306070634305
55072,-8.215158,-3.739982,4.324429,-0.017562,-0.006567,-0.006109,32.12,64.4015879342082
55082,-8.218747,-3.742973,4.328616,-0.016646,-0.009316,-0.005803,32.12,64.3911225429481
55092,-8.22772,-3.734,4.323233,-0.016493,-0.012981,-0.004123,32.16,64.4299038235786
55102,-8.222337,-3.736392,4.322634,-0.015424,-0.018326,-0.004276,32.16,64.4233331889952
55112,-8.215158,-3.736392,4.32742,-0.014508,-0.020617,-0.003665,32.16,64.3824688844596
55122,-8.221739,-3.738187,4.336392,-0.014203,-0.022144,-0.003512,32.14,64.3528529139653
55132,-8.221141,-3.734598,4.333402,-0.013286,-0.024129,-0.002138,32.14,64.3632476441909
55142,-8.205587,-3.735795,4.336991,-0.012828,-0.025045,-0.001527,32.1,64.3108634071534
55152,-8.222337,-3.744169,4.349553,-0.012523,-0.026725,-0.000916,32.1,64.2925330274833
55162,-8.203195,-3.736392,4.345366,-0.011912,-0.028711,-0.001833,32.13,64.2628612241549
55172,-8.206185,-3.745964,4.338188,-0.011148,-0.028558,-0.001374,32.13,64.3165056704622
55182,-8.200802,-3.737589,4.351946,-0.011301,-0.0281,0,32.11,64.2247483428174
55192,-8.199606,-3.742374,4.359125,-0.011301,-0.0281,0.001069,32.11,64.1899858771799
55202,-8.203793,-3.732804,4.352544,-0.011454,-0.027642,0.000916,32.14,64.2235051907356
55212,-8.201998,-3.74716,4.358526,-0.011148,-0.027031,0.001069,32.14,64.2034418073339
55222,-8.203793,-3.739982,4.367499,-0.011148,-0.025962,0.001374,32.07,64.1538849854043
55232,-8.199606,-3.741776,4.35733,-0.010843,-0.02474,0.000764,32.07,64.1986156349958
55242,-8.19781,-3.738786,4.368098,-0.010996,-0.022755,0.000764,32.12,64.1359826636316
55252,-8.204391,-3.736991,4.366303,-0.011454,-0.020617,0.001527,32.12,64.1583058136389
55262,-8.190632,-3.737589,4.374678,-0.012217,-0.018937,0.002291,32.15,64.0845437281276
55272,-8.195418,-3.744768,4.374678,-0.01237,-0.01405,0.002291,32.15,64.1028826836992
55282,-8.199007,-3.739383,4.37408,-0.012675,-0.011454,0.000764,32.12,64.1085293441461
55292,-8.19781,-3.736392,4.37408,-0.012523,-0.009163,0.000611,32.11,64.1027086513738
55302,-8.203793,-3.736392,4.367499,-0.013592,-0.006261,-0.000153,32.11,64.1501730022315
55312,-8.194221,-3.726821,4.366901,-0.013592,-0.003054,0,32.17,64.1216023941481
55322,-8.193623,-3.74058,4.37408,-0.013897,0.000153,-0.000153,32.17,64.0975320072558
55332,-8.194819,-3.732804,4.371089,-0.013744,0.003665,-0.000458,32.14,64.1075861325879
55342,-8.196614,-3.731607,4.377071,-0.014355,0.005651,-0.002138,32.14,64.0796359108227
55352,-8.195418,-3.734,4.376472,-0.014508,0.00901,-0.001527,32.19,64.0824770720431
55362,-8.200802,-3.726223,4.38425,-0.015119,0.01069,-0.00168,32.19,64.0466654983169
55372,-8.200802,-3.731009,4.368696,-0.015424,0.013592,-0.00168,32.15,64.1316529545909
55382,-8.196015,-3.73041,4.364508,-0.015577,0.015119,-0.001833,32.15,64.1417247866951
55392,-8.197212,-3.74058,4.368098,-0.015577,0.017104,-0.001985,32.12,64.1364832279283
55402,-8.199007,-3.738786,4.364508,-0.015272,0.018937,-0.002443,32.12,64.157187003266
55412,-8.197212,-3.729812,4.354938,-0.01573,0.020922,-0.002749,32.1,64.1931520971729
55422,-8.214561,-3.719643,4.351946,-0.01573,0.022144,-0.001833,32.1,64.2374496306253
55432,-8.206185,-3.736991,4.354938,-0.016035,0.02306,-0.002138,32.08,64.2209032874116
55442,-8.212766,-3.73041,4.353741,-0.016341,0.024129,-0.003054,32.08,64.2351944429201
55452,-8.206783,-3.728018,4.345964,-0.015272,0.024587,-0.00168,32.09,64.2592765941412
55462,-8.210971,-3.735795,4.344768,-0.016799,0.024587,-0.003207,32.08,64.2829150823805
55472,-8.215158,-3.731009,4.345366,-0.016799,0.022755,-0.003207,32.08,64.2843786330964
55482,-8.216354,-3.729214,4.344768,-0.016799,0.021686,-0.002291,32.1,64.2883223638513
55492,-8.222935,-3.72383,4.34417,-0.016493,0.020464,-0.002902,32.1,64.3007601673986
55502,-8.234302,-3.701099,4.335197,-0.018021,0.019853,-0.003665,32.14,64.3495315767619
55512,-8.215158,-3.714857,4.335794,-0.018326,0.018479,-0.005498,32.14,64.3172009828572
55522,-8.219346,-3.731607,4.332206,-0.017715,0.016646,-0.006261,32.15,64.3623093386345
55532,-8.214561,-3.738786,4.334598,-0.017562,0.014966,-0.004734,32.15,64.3465388267371
55542,-8.219346,-3.743571,4.32742,-0.01741,0.013134,-0.004887,32.16,64.3992536293269
55552,-8.219944,-3.736392,4.328616,-0.01741,0.009927,-0.005498,32.16,64.3870766610954
55562,-8.230712,-3.726821,4.334598,-0.016646,0.007941,-0.004887,32.14,64.3706989057438
55572,-8.218747,-3.725625,4.325625,-0.01741,0.004276,-0.004429,32.14,64.3888060485685
55582,-8.221739,-3.732804,4.336991,-0.018173,0.001374,-0.005345,32.14,64.344251660806
55592,-8.217552,-3.729812,4.328616,-0.018326,-0.001222,-0.005192,32.14,64.3749531951079
55602,-8.221141,-3.732205,4.332206,-0.017257,-0.003512,-0.005498,32.11,64.3669674618984
55612,-8.225328,-3.731009,4.324429,-0.017257,-0.006567,-0.006261,32.11,64.4152996816994
55622,-8.221141,-3.731607,4.329813,-0.017562,-0.011759,-0.005803,32.11,64.3787010829158
55632,-8.213962,-3.735795,4.339982,-0.016799,-0.014508,-0.005803,32.12,64.314348560019
55642,-8.216953,-3.738786,4.332206,-0.016341,-0.016188,-0.006261,32.12,64.3642700089326
55652,-8.225926,-3.729812,4.32742,-0.016341,-0.018479,-0.005803,32.15,64.3999903648736
55662,-8.212766,-3.73041,4.328616,-0.016341,-0.0197,-0.00504,32.15,64.3647726576421
55672,-8.216354,-3.734598,4.334,-0.015577,-0.021686,-0.005651,32.1,64.3493714340619
55682,-8.21157,-3.74058,4.338188,-0.015577,-0.022297,-0.005803,32.1,64.3231173871408
55692,-8.225926,-3.741776,4.34058,-0.015577,-0.023518,-0.004734,32.13,64.34437949103
55702,-8.206185,-3.734,4.345964,-0.014966,-0.023976,-0.003971,32.13,64.2640785375904
55712,-8.210373,-3.741179,4.336991,-0.01405,-0.024893,-0.003818,32.11,64.3272063246731
55722,-8.210373,-3.735196,4.351348,-0.013744,-0.024893,-0.002902,32.11,64.2470318807262
55732,-8.213365,-3.735795,4.35075,-0.013592,-0.023976,-0.00168,32.14,64.2574972241961
55742,-8.208578,-3.725625,4.359723,-0.012981,-0.023366,-0.001527,32.14,64.1899640322239
55752,-8.207382,-3.742973,4.352544,-0.012828,-0.02306,-0.001374,32.14,64.2421168093683
55762,-8.202596,-3.739383,4.359723,-0.012523,-0.021991,-0.000458,32.14,64.1905902351208
55772,-8.203793,-3.734,4.356134,-0.012828,-0.020769,-0.000153,32.16,64.2062360652276
55782,-8.197212,-3.726223,4.35733,-0.012065,-0.019548,-0.000458,32.16,64.1771129958267
55792,-8.20798,-3.729214,4.367499,-0.011912,-0.015577,0.001985,32.14,64.1522653905128
55802,-8.200203,-3.738187,4.366901,-0.011301,-0.013286,0.001374,32.13,64.1469592485331
55812,-8.193025,-3.736392,4.368696,-0.011301,-0.012217,0.001985,32.13,64.1195491333186
55822,-8.204391,-3.729812,4.377071,-0.012217,-0.009774,0.002138,32.12,64.0954732407711
55832,-8.196614,-3.731607,4.369893,-0.01237,-0.007178,0.001374,32.12,64.1165876401887
55842,-8.19781,-3.738187,4.368098,-0.012065,-0.005345,0.001374,32.14,64.1353622495963
55852,-8.200203,-3.731607,4.365107,-0.012981,-0.002749,0.001527,32.14,64.1493923874485
55862,-8.20798,-3.728616,4.367499,-0.012828,0,0.001222,32.15,64.1516485997749
55872,-8.19781,-3.735795,4.369893,-0.012828,0.002138,0.001374,32.15,64.1236429514755
55882,-8.188837,-3.741776,4.366303,-0.013134,0.004887,0.000305,32.15,64.1279432735574
55892,-8.19781,-3.734598,4.386044,-0.013286,0.00733,-0.000153,32.15,64.0393053074094
55902,-8.200802,-3.729812,4.370491,-0.013897,0.008858,-0.001222,32.11,64.121173818374
55912,-8.204989,-3.731009,4.366303,-0.013897,0.011148,-0.001222,32.11,64.1534841192871
55922,-8.196614,-3.728616,4.362116,-0.014203,0.012981,-0.002443,32.17,64.1535566262412
55932,-8.200802,-3.738786,4.354938,-0.014355,0.014966,-0.002291,32.17,64.2105619960447
55942,-8.212766,-3.736991,4.368696,-0.015577,0.016952,-0.002749,32.12,64.1649855344091
55952,-8.206185,-3.732205,4.354938,-0.016493,0.017562,-0.003512,32.12,64.2159692371154
55972,-8.201998,-3.738187,4.35733,-0.016341,0.020464,-0.004123,32.14,64.2003272648826
55982,-8.2014,-3.737589,4.347759,-0.017104,0.020311,-0.004734,32.14,64.2476914616137
55992,-8.218747,-3.731009,4.348357,-0.017104,0.020922,-0.003971,32.11,64.2770767786741
56002,-8.209177,-3.728018,4.342375,-0.017715,0.019853,-0.00504,32.11,64.2832060508304
56012,-8.210971,-3.735196,4.349553,-0.01741,0.019242,-0.004887,32.11,64.2576346487209
56022,-8.216953,-3.734,4.351348,-0.017715,0.018021,-0.00504,32.11,64.2606841673253
56032,-8.219346,-3.724428,4.339982,-0.018173,0.016646,-0.00504,32.13,64.3148538030397
56042,-8.229516,-3.699304,4.351348,-0.018326,0.016035,-0.005498,32.13,64.2536253662774
56052,-8.219346,-3.718446,4.334,-0.018631,0.015119,-0.005345,32.16,64.3395934673727
56062,-8.214561,-3.732205,4.336991,-0.018326,0.012675,-0.006872,32.16,64.3274428667548
56072,-8.213365,-3.744169,4.323233,-0.018631,0.010537,-0.007178,32.07,64.4080202432311
56082,-8.215158,-3.731607,4.335794,-0.018173,0.008399,-0.005956,32.07,64.3343520439037
56092,-8.225926,-3.738786,4.33041,-0.017562,0.005651,-0.005498,32.11,64.3937366936931
56102,-8.221739,-3.727419,4.334,-0.017104,0.003207,-0.005651,32.11,64.3541665525588
56112,-8.216953,-3.729214,4.33041,-0.017562,0.000916,-0.005345,32.13,64.3637313012835
56122,-8.215158,-3.734598,4.332206,-0.017562,-0.001069,-0.005498,32.13,64.3559301763713
56132,-8.219346,-3.742374,4.324429,-0.016952,-0.003818,-0.00336,32.16,64.4134615028954
56142,-8.230114,-3.747759,4.339982,-0.016493,-0.007941,-0.003665,32.12,64.3630146292272
56152,-8.216354,-3.738786,4.336392,-0.016341,-0.010232,-0.003818,32.12,64.3413287818567
56162,-8.219944,-3.736392,4.326822,-0.015424,-0.012523,-0.002443,32.12,64.3963339310461
56172,-8.204989,-3.742374,4.332206,-0.014661,-0.013897,-0.002749,32.12,64.3409795282215
56182,-8.223534,-3.737589,4.342375,-0.014203,-0.016341,-0.001985,32.14,64.3254508199063
56192,-8.219346,-3.741179,4.338786,-0.013897,-0.016799,-0.001527,32.14,64.3381862021294
56202,-8.221739,-3.741776,4.334598,-0.014355,-0.018631,-0.001222,32.14,64.3657794391595
56212,-8.204989,-3.736991,4.339982,-0.014203,-0.019395,-0.00168,32.14,64.2953089361024
56222,-8.21157,-3.731009,4.334598,-0.014508,-0.020159,-0.001374,32.08,64.3318098847031
56232,-8.204391,-3.729812,4.347161,-0.013897,-0.020922,-0.000458,32.08,64.2495327986023
56242,-8.203793,-3.734598,4.345964,-0.013439,-0.021075,0.001527,32.14,64.2592816137429
56252,-8.212168,-3.738786,4.347759,-0.012981,-0.021075,0.000916,32.14,64.273279931502
56262,-8.20798,-3.742374,4.35075,-0.013744,-0.020617,0.001069,32.12,64.2520950866046
56272,-8.19123,-3.738786,4.353143,-0.013897,-0.020006,0.001833,32.12,64.1981152776901
56282,-8.204989,-3.736392,4.353741,-0.014355,-0.019395,0.000764,32.13,64.2237448611162
56292,-8.202596,-3.738786,4.362714,-0.013744,-0.017562,0.001069,32.13,64.1745684044004
56302,-8.210373,-3.734598,4.359125,-0.013286,-0.016493,0.001374,32.13,64.2063553422456
56312,-8.209774,-3.736392,4.363312,-0.013897,-0.013439,0.002138,32.15,64.1852908038501
56322,-8.212766,-3.73041,4.360919,-0.01405,-0.011454,0.001374,32.15,64.1982268661726
56332,-8.210373,-3.731009,4.369295,-0.014203,-0.010079,0.000916,32.15,64.1503057914281
56342,-8.203195,-3.738187,4.360919,-0.01405,-0.007941,0.000305,32.15,64.1845520872683
56352,-8.209177,-3.733402,4.376472,-0.014813,-0.006261,-0.000764,32.14,64.1131427723214
56362,-8.200203,-3.745964,4.365107,-0.014966,-0.004276,-0.000611,32.14,64.1642475720361
56372,-8.194221,-3.726223,4.372883,-0.015577,-0.002443,-0.001833,32.18,64.0901698224231
56382,-8.204391,-3.733402,4.372883,-0.01573,-0.000611,-0.00168,32.18,64.1207311516043
56392,-8.208578,-3.737589,4.369295,-0.015119,0.001833,-0.001985,32.13,64.1530242091091
56402,-8.190034,-3.723232,4.369295,-0.015424,0.003512,-0.002596,32.13,64.0960184917895
56412,-8.199007,-3.742374,4.371089,-0.016035,0.005651,-0.002596,32.11,64.1270215981722
56422,-8.200203,-3.734,4.362714,-0.015882,0.007789,-0.003971,32.11,64.1641918809442
56432,-8.199606,-3.723232,4.362116,-0.016493,0.009621,-0.003971,32.12,64.154795315099
56446,-8.198408,-3.729214,4.351348,-0.016646,0.012828,-0.003512,32.12,64.2137618899379
56452,-8.198408,-3.729214,4.351348,-0.016646,0.012828,-0.003512,32.12,64.2137618899379
56462,-8.196015,-3.73041,4.360919,-0.016799,0.013744,-0.003818,32.12,64.1602193332814
56472,-8.192427,-3.742374,4.35075,-0.016646,0.013744,-0.004123,32.17,64.2168866881235
56482,-8.208578,-3.732205,4.353741,-0.018173,0.015882,-0.004581,32.17,64.2275583711117
56492,-8.21157,-3.732804,4.34417,-0.018021,0.016341,-0.004734,32.09,64.2842775668377
56502,-8.200203,-3.727419,4.345366,-0.017562,0.016341,-0.004429,32.1,64.2468409145115
56512,-8.209774,-3.735795,4.347759,-0.017104,0.016341,-0.004887,32.1,64.2647901130802
56522,-8.209774,-3.728616,4.336991,-0.016341,0.015882,-0.003665,32.12,64.3129480740488
56532,-8.20798,-3.734,4.345366,-0.016646,0.014508,-0.003665,32.12,64.2712228346837
56542,-8.203195,-3.734,4.336392,-0.016952,0.014508,-0.003971,32.14,64.3067027698161
56552,-8.20798,-3.735196,4.335794,-0.017868,0.012828,-0.004123,32.14,64.3218303161062
56562,-8.217552,-3.744169,4.336392,-0.017562,0.011454,-0.003818,32.12,64.3495536281666
56572,-8.206783,-3.736392,4.336991,-0.016493,0.01069,-0.002749,32.12,64.3141792962119
56583,-8.210373,-3.734598,4.334,-0.017104,0.008094,-0.002902,32.13,64.3358770892679
56592,-8.213962,-3.736392,4.334598,-0.016035,0.006567,-0.001985,32.13,64.3427312156227
56602,-8.213962,-3.734,4.333402,-0.016646,0.004123,-0.002291,32.11,64.3464481646141
56612,-8.215756,-3.732205,4.328616,-0.016646,0.002443,-0.002902,32.11,64.3733539757081
56622,-8.225328,-3.729214,4.33041,-0.017104,0.000153,-0.002596,32.13,64.3826084076252
56632,-8.213962,-3.742973,4.333402,-0.016188,-0.002291,-0.001985,32.13,64.3556564886107
56642,-8.216354,-3.721437,4.325027,-0.016493,-0.00336,-0.001833,32.11,64.3822184970766
56652,-8.212168,-3.736392,4.336991,-0.016952,-0.008094,-0.001527,32.11,64.3263383162006
56662,-8.215158,-3.732205,4.335197,-0.016493,-0.010232,-0.000916,32.13,64.3380449761084
56672,-8.219944,-3.736991,4.338188,-0.015882,-0.011759,-0.000611,32.12,64.3383221507078
56682,-8.212766,-3.729812,4.337589,-0.016493,-0.013439,0,32.12,64.3178499605269
56692,-8.217552,-3.74058,4.34058,-0.016188,-0.015577,-0.000916,32.14,64.3242791265922
56702,-8.206783,-3.731607,4.33041,-0.015882,-0.016188,-0.000153,32.14,64.3432342723721
56712,-8.215756,-3.735196,4.337589,-0.015424,-0.017868,0.000458,32.1,64.3301235589632
56722,-8.215756,-3.733402,4.341179,-0.015577,-0.018479,0.000458,32.1,64.3097707421844
56732,-8.219346,-3.733402,4.348955,-0.016035,-0.019548,-0.000305,32.09,64.2778052334364
56742,-8.204989,-3.734598,4.335794,-0.015272,-0.020159,0.000916,32.09,64.3144590801437
56752,-8.210971,-3.725625,4.354938,-0.015119,-0.020159,0.000153,32.16,64.2200411710545
56762,-8.20798,-3.734,4.354339,-0.015424,-0.020006,0.000611,32.16,64.2249716209223
56772,-8.21157,-3.729214,4.345964,-0.016341,-0.020311,0.000458,32.18,64.2713392632452
56782,-8.206185,-3.725027,4.351348,-0.015882,-0.0197,0,32.18,64.22708187194
56792,-8.209177,-3.722036,4.365107,-0.015424,-0.019242,-0.000458,32.11,64.1599002434742
56802,-8.199606,-3.736392,4.366303,-0.01573,-0.017868,-0.000611,32.11,64.1468255821961
56812,-8.204391,-3.738187,4.359125,-0.01573,-0.016646,-0.001222,32.16,64.1965034268821
56822,-8.203195,-3.727419,4.368696,-0.016341,-0.015424,-0.000764,32.16,64.1333817743678
56832,-8.201998,-3.725625,4.368098,-0.017104,-0.011606,-0.001374,32.09,64.1318874831737
56842,-8.193623,-3.718446,4.372883,-0.016952,-0.010385,-0.001833,32.12,64.0807577493275
56852,-8.196614,-3.726223,4.364508,-0.018784,-0.009927,-0.002596,32.12,64.1387568058998
56862,-8.197212,-3.732804,4.359723,-0.019548,-0.008247,-0.002291,32.14,64.1715767848064
56872,-8.193025,-3.732205,4.354938,-0.020006,-0.005956,-0.002291,32.14,64.1861210697946
56882,-8.19123,-3.735795,4.365705,-0.020159,-0.004123,-0.002749,32.12,64.1302575813597
56892,-8.196015,-3.739982,4.370491,-0.020464,-0.002138,-0.002749,32.12,64.1208239997342
56902,-8.196015,-3.733402,4.366303,-0.020311,0.000305,-0.002138,32.14,64.1355737530188
56912,-8.190034,-3.73041,4.367499,-0.020464,0.00168,-0.002443,32.14,64.1127107676754
56922,-8.196614,-3.731607,4.35733,-0.020617,0.003818,-0.002138,32.12,64.1813165771443
56932,-8.196614,-3.741179,4.356732,-0.020006,0.005956,-0.002596,32.12,64.1942977232702
56942,-8.202596,-3.728616,4.359125,-0.019853,0.007483,-0.002443,32.13,64.1825543563513
56952,-8.194221,-3.732205,4.367499,-0.0197,0.009774,-0.001833,32.13,64.1240953038446
56962,-8.194819,-3.734,4.357928,-0.020464,0.010843,-0.002443,32.11,64.1766332013129
56972,-8.196614,-3.736392,4.362116,-0.020617,0.012217,-0.001985,32.11,64.1615992432072
56982,-8.204391,-3.731607,4.363312,-0.021533,0.01405,-0.001833,32.11,64.1681454450035
56992,-8.201998,-3.732205,4.35733,-0.022144,0.014661,-0.003054,32.11,64.1941507291194
57002,-8.204989,-3.742973,4.346562,-0.02138,0.016799,-0.003207,32.13,64.2675360557898
57012,-8.206783,-3.744169,4.341777,-0.021533,0.017104,-0.003512,32.1,64.2974952415518
57022,-8.213962,-3.729812,4.346562,-0.021686,0.016799,-0.003054,32.1,64.2742807851679
57032,-8.213962,-3.735196,4.342375,-0.021838,0.016493,-0.003054,32.14,64.3013946370774
57042,-8.210971,-3.731607,4.344768,-0.021533,0.01573,-0.002596,32.14,64.2786098374473
57052,-8.213365,-3.744169,4.349553,-0.021686,0.015272,-0.002138,32.14,64.2722814281542
57062,-8.222935,-3.733402,4.343571,-0.021991,0.014508,-0.002291,32.14,64.3136470992461
57072,-8.22473,-3.734,4.345366,-0.021228,0.013286,-0.001985,32.13,64.3090626048502
57082,-8.22473,-3.748357,4.336991,-0.021533,0.012065,-0.002138,32.13,64.366923407279
57092,-8.214561,-3.739383,4.339384,-0.02138,0.010232,-0.001527,32.13,64.3224686911715
57102,-8.218747,-3.742374,4.32742,-0.020922,0.00733,-0.002443,32.13,64.3966794188378
57112,-8.22772,-3.738786,4.323233,-0.020922,0.006109,-0.001985,32.14,64.4347887814484
57122,-8.217552,-3.735795,4.320241,-0.020464,0.004734,-0.001833,32.14,64.4243135277976
57132,-8.222935,-3.739982,4.326224,-0.020159,0.003512,-0.002596,32.14,64.4098229203996
57142,-8.222337,-3.734598,4.320839,-0.019242,0.00168,-0.001833,32.14,64.4307661737336
57152,-8.215756,-3.734598,4.326822,-0.019548,-0.000916,-0.002443,32.11,64.385065231704
57162,-8.216953,-3.735795,4.320839,-0.01909,-0.003054,-0.00168,32.11,64.4198773899966
57172,-8.216354,-3.731009,4.326822,-0.018784,-0.00733,0.000305,32.16,64.3827383047109
57182,-8.227122,-3.734,4.328616,-0.017715,-0.010385,0.000458,32.15,64.4007887447734
57192,-8.21157,-3.734,4.335794,-0.018631,-0.011912,0,32.15,64.3287078882154
57202,-8.232506,-3.741776,4.329813,-0.017257,-0.013592,0.001527,32.18,64.4146636569477
57212,-8.218149,-3.746562,4.322634,-0.016493,-0.015882,0.002291,32.18,64.4243245524696
57222,-8.216354,-3.74058,4.328616,-0.017104,-0.018021,0.002596,32.15,64.3832826242426
57232,-8.213365,-3.732205,4.326822,-0.016035,-0.019242,0.002749,32.15,64.3772251896938
57242,-8.202596,-3.738786,4.336392,-0.015882,-0.020922,0.003818,32.15,64.3102756467541
57252,-8.215756,-3.729214,4.35075,-0.015577,-0.021991,0.003971,32.15,64.2561418221672
57262,-8.213365,-3.732804,4.352544,-0.015882,-0.023671,0.00336,32.15,64.2451786320602
57272,-8.215756,-3.731009,4.341179,-0.015577,-0.023976,0.002902,32.15,64.3073156713654
57282,-8.214561,-3.731607,4.347161,-0.016188,-0.023976,0.003207,32.11,64.2743911859845
57292,-8.203195,-3.723232,4.345964,-0.016035,-0.023824,0.003818,32.11,64.2462261539589
57302,-8.209774,-3.73041,4.356134,-0.015577,-0.024587,0.002749,32.14,64.2160901714191
57312,-8.210373,-3.732804,4.353741,-0.016341,-0.024129,0.003054,32.14,64.2322397243741
57322,-8.207382,-3.737589,4.358526,-0.016493,-0.02306,0.002443,32.16,64.2057483475691
57332,-8.203195,-3.735196,4.351348,-0.016188,-0.021838,0.002749,32.16,64.2307823569737
57342,-8.207382,-3.723232,4.363312,-0.016952,-0.020769,0.00168,32.12,64.1662993367376
57352,-8.194221,-3.725625,4.372285,-0.016646,-0.018173,0.002291,32.13,64.0926302618779
57362,-8.202596,-3.731009,4.359723,-0.017104,-0.015272,0.002902,32.13,64.1819423325878
57372,-8.18764,-3.738786,4.365107,-0.018173,-0.012675,0.002596,32.14,64.1282807202643
57382,-8.199007,-3.73041,4.375875,-0.018631,-0.01069,0.001833,32.14,64.089997307913
57392,-8.207382,-3.732205,4.380062,-0.018784,-0.008705,0.001527,32.12,64.0893670509032
57402,-8.2014,-3.735795,4.372285,-0.019548,-0.005803,0.001833,32.12,64.1194879916704
57412,-8.196614,-3.725027,4.365705,-0.019548,-0.004276,0.001374,32.12,64.1313529224436
57422,-8.194221,-3.728616,4.366303,-0.019548,-0.001374,0.000153,32.12,64.1265410910198
57432,-8.196015,-3.725625,4.365107,-0.020922,0.001222,0.000153,32.11,64.1336899562925
57442,-8.193025,-3.728018,4.365107,-0.020464,0.003512,0.000305,32.11,64.1293645802861
57452,-8.200203,-3.737589,4.362714,-0.021075,0.006261,0.000458,32.14,64.1679025262453
57462,-8.201998,-3.725625,4.372883,-0.021228,0.008094,0.000305,32.14,64.107252387445
57472,-8.188837,-3.726821,4.362714,-0.021533,0.010385,0.000153,32.14,64.1309321835987
57482,-8.199007,-3.735795,4.360321,-0.022144,0.012065,-0.000458,32.14,64.1756614951716
57492,-8.21157,-3.725625,4.364508,-0.022449,0.013744,-0.000305,32.16,64.1721117369286
57502,-8.213962,-3.716054,4.356732,-0.021991,0.016035,-0.001527,32.16,64.2077476190397
57512,-8.210373,-3.728616,4.35733,-0.021838,0.017104,-0.002138,32.12,64.2094397743359
57522,-8.206783,-3.731607,4.354339,-0.022449,0.018937,-0.003512,32.12,64.2197947687768
57532,-8.206185,-3.742973,4.355535,-0.022602,0.01909,-0.003207,32.14,64.2239998712957
57542,-8.215158,-3.734598,4.350152,-0.022755,0.019395,-0.00336,32.17,64.2634015448272
57552,-8.209177,-3.727419,4.34058,-0.022907,0.018937,-0.002902,32.17,64.2918508187894
57562,-8.216354,-3.737589,4.338188,-0.02306,0.018021,-0.00336,32.13,64.3308389837057
57572,-8.206185,-3.736392,4.338786,-0.022297,0.018021,-0.003971,32.13,64.3035661477408
57582,-8.212766,-3.739383,4.339982,-0.021838,0.017257,-0.005192,32.18,64.3153344775737
57592,-8.213962,-3.732205,4.341179,-0.022602,0.015424,-0.005803,32.18,64.3044904727351
57602,-8.225328,-3.734598,4.341777,-0.021991,0.013744,-0.005498,32.13,64.3295134088799
57612,-8.219944,-3.739982,4.338786,-0.021533,0.012828,-0.004887,32.13,64.3383062818212
57622,-8.215158,-3.738786,4.329813,-0.022755,0.010996,-0.004887,32.14,64.3725723335465
57632,-8.214561,-3.727419,4.331009,-0.022297,0.008705,-0.00504,32.14,64.3534054213816
57642,-8.221739,-3.732804,4.333402,-0.021533,0.005803,-0.005345,32.14,64.3627592102248
57652,-8.22473,-3.731607,4.329215,-0.020617,0.003971,-0.004429,32.14,64.3898702936034
57662,-8.215158,-3.734598,4.32742,-0.020617,0.00168,-0.004123,32.1,64.3806308171823
57672,-8.218149,-3.735795,4.336991,-0.020617,-0.001069,-0.004276,32.1,64.3392200189186
57682,-8.218149,-3.735795,4.318447,-0.020464,-0.003971,-0.005498,32.14,64.4349219171686
57692,-8.216953,-3.731009,4.329215,-0.019395,-0.008858,-0.002902,32.14,64.3717362085047
57702,-8.216354,-3.746562,4.320241,-0.018937,-0.010996,-0.002291,32.09,64.4326434648238
57712,-8.222337,-3.733402,4.326224,-0.018784,-0.013592,-0.002596,32.12,64.4017490426656
57722,-8.219346,-3.738187,4.332804,-0.018784,-0.016188,-0.002291,32.12,64.3659631214505
57732,-8.213962,-3.739383,4.323831,-0.017104,-0.017868,-0.000458,32.14,64.401369050284
57742,-8.215158,-3.726223,4.335197,-0.016952,-0.018479,0.000305,32.14,64.3319148344026
57752,-8.214561,-3.731607,4.333402,-0.016799,-0.020159,-0.000305,32.16,64.3453461213164
57762,-8.214561,-3.739982,4.335794,-0.016493,-0.022144,0.000305,32.16,64.3415973853058
57772,-8.203793,-3.738187,4.34058,-0.016341,-0.023976,0.001222,32.1,64.2907517989397
57782,-8.217552,-3.744768,4.344768,-0.01573,-0.024893,0.001833,32.1,64.3069991925043
57792,-8.202596,-3.734598,4.355535,-0.016035,-0.025504,0.002291,32.13,64.2072267552521
57802,-8.203195,-3.733402,4.347759,-0.015577,-0.026114,0.002443,32.13,64.2474382416456
57812,-8.200203,-3.739982,4.345964,-0.015577,-0.025962,0.003054,32.11,64.25670912303
57822,-8.209177,-3.724428,4.348357,-0.014508,-0.024435,0.00336,32.11,64.2486668727088
57832,-8.204391,-3.728018,4.351946,-0.015272,-0.024893,0.003665,32.12,64.2230113870863
57842,-8.200203,-3.731009,4.354339,-0.015882,-0.024893,0.002443,32.12,64.2042620505501
57852,-8.20798,-3.741776,4.359125,-0.016646,-0.023976,0.003207,32.12,64.2083383838387
57862,-8.206185,-3.735196,4.362714,-0.016188,-0.023213,0.002749,32.12,64.1789991440386
57872,-8.194819,-3.736392,4.362116,-0.016341,-0.020006,0.002596,32.12,64.1575236405594
57882,-8.204989,-3.72383,4.368098,-0.01573,-0.018326,0.001374,32.11,64.1368338019843
57892,-8.19781,-3.733402,4.365107,-0.016799,-0.014966,0.001985,32.11,64.1458128611517
57902,-8.200802,-3.737589,4.365107,-0.017715,-0.013286,0.000916,32.17,64.1569376554068
57912,-8.18764,-3.737589,4.364508,-0.018326,-0.01069,0.001374,32.17,64.1301253101139
57922,-8.193623,-3.739982,4.366303,-0.017715,-0.008247,0.000764,32.11,64.1369560084885
57932,-8.2014,-3.736392,4.371089,-0.01741,-0.005956,0.001222,32.11,64.1262610859687
57942,-8.189436,-3.733402,4.374678,-0.018021,-0.001833,0.000153,32.12,64.0774730846892
57952,-8.198408,-3.734,4.364508,-0.018784,0.001527,0.000458,32.12,64.1508752009201
57962,-8.184052,-3.734598,4.36391,-0.018784,0.004123,-0.000153,32.13,64.1219421271376
57972,-8.183454,-3.725625,4.373481,-0.01909,0.006109,-0.001222,32.13,64.0619289714917
57982,-8.200802,-3.733402,4.353143,-0.018479,0.009316,-0.001222,32.13,64.2142555765836
57992,-8.188837,-3.732804,4.354938,-0.01909,0.011912,-0.002291,32.13,64.1772306819439
58002,-8.188239,-3.735795,4.364508,-0.018479,0.014508,-0.002138,32.11,64.1296257250272
58012,-8.188239,-3.731607,4.354339,-0.018326,0.016341,-0.00168,32.11,64.1777231342677
58022,-8.196015,-3.735196,4.360321,-0.018479,0.017562,-0.002596,32.12,64.1682512996906
58032,-8.202596,-3.726821,4.365107,-0.018784,0.019242,-0.002596,32.12,64.1498848375143
58042,-8.203195,-3.735196,4.362714,-0.018021,0.021075,-0.002902,32.11,64.1722173886675
58052,-8.210971,-3.722036,4.35733,-0.018021,0.021228,-0.004429,32.13,64.2040270139377
58062,-8.21157,-3.736392,4.35733,-0.018479,0.021533,-0.00336,32.13,64.2201577650556
58072,-8.22473,-3.733402,4.344768,-0.019242,0.020617,-0.004429,32.14,64.3115305137068
58082,-8.216953,-3.733402,4.347759,-0.018326,0.021075,-0.003818,32.14,64.2785596413064
58092,-8.212168,-3.738187,4.35075,-0.018937,0.020769,-0.003971,32.14,64.2572516896747
58102,-8.214561,-3.745964,4.336392,-0.018631,0.019548,-0.003818,32.14,64.3446577339401
58112,-8.222935,-3.734598,4.341179,-0.018631,0.018326,-0.004123,32.12,64.3271982524092
58122,-8.219944,-3.736991,4.338188,-0.018479,0.01741,-0.003512,32.12,64.3383221507078
58132,-8.219346,-3.734,4.323831,-0.018479,0.01573,-0.003665,32.16,64.4079786781961
58142,-8.224131,-3.731607,4.337589,-0.017868,0.01405,-0.003665,32.16,64.3453371929333
58152,-8.218747,-3.729812,4.336392,-0.017868,0.011759,-0.003054,32.13,64.3375277947292
58162,-8.216953,-3.742973,4.331607,-0.017104,0.010232,-0.001833,32.13,64.3716539828747
58172,-8.228917,-3.733402,4.324429,-0.017562,0.007025,-0.00168,32.13,64.425814177663
58182,-8.216354,-3.727419,4.325027,-0.016952,0.004276,-0.001985,32.13,64.3883333635871
58192,-8.218149,-3.731607,4.332206,-0.016493,0.002596,-0.001527,32.16,64.3596104725951
58202,-8.221141,-3.732205,4.32742,-0.016035,-0.000153,-0.000458,32.16,64.3916604693768
58212,-8.222935,-3.735795,4.326224,-0.016188,-0.006567,-0.00168,32.11,64.4055411309984
58222,-8.221141,-3.734598,4.329813,-0.015882,-0.008399,-0.000916,32.12,64.3817606803438
58232,-8.219346,-3.728616,4.326224,-0.015119,-0.011606,-0.000764,32.12,64.3901205282763
58242,-8.229516,-3.731009,4.326822,-0.015119,-0.014355,-0.000305,32.13,64.4123758185212
58252,-8.221141,-3.737589,4.328616,-0.014813,-0.015882,-0.000916,32.13,64.3909968248057
58262,-8.220542,-3.737589,4.323233,-0.015424,-0.018173,-0.000764,32.14,64.4174276088
58272,-8.222935,-3.741179,4.335794,-0.015882,-0.020006,-0.000153,32.14,64.3616952025261
58282,-8.217552,-3.732804,4.339384,-0.015424,-0.021533,0.000305,32.11,64.3224671711267
58292,-8.221141,-3.741776,4.336392,-0.014966,-0.023366,0.000458,32.11,64.3551839079311
58302,-8.216953,-3.733402,4.345964,-0.014508,-0.025504,0,32.11,64.2878092854476
58312,-8.215158,-3.732804,4.343571,-0.01573,-0.026267,-0.000305,32.11,64.2954742755559
58322,-8.216953,-3.732205,4.35075,-0.015424,-0.026573,0.000611,32.14,64.2619207437315
58332,-8.203793,-3.731607,4.342973,-0.01573,-0.027336,-0.000611,32.14,64.271630167552
58342,-8.209774,-3.724428,4.354339,-0.01573,-0.027642,-0.001222,32.14,64.2191839227349
58352,-8.213365,-3.726223,4.348955,-0.01573,-0.027489,0.000305,32.14,64.2569101937351
58362,-8.200802,-3.736392,4.347161,-0.014966,-0.027031,-0.000305,32.12,64.2481869475556
58372,-8.193025,-3.732205,4.368696,-0.014966,-0.026114,0,32.12,64.1152092605461
58382,-8.210373,-3.734598,4.365107,-0.014661,-0.025351,-0.000764,32.11,64.1755591732277
58392,-8.201998,-3.725625,4.371687,-0.015424,-0.021991,-0.001069,32.12,64.1134089108612
58402,-8.191828,-3.729214,4.369893,-0.015577,-0.020769,-0.001527,32.12,64.1032201250455
58412,-8.185248,-3.736392,4.381258,-0.01573,-0.018326,-0.001527,32.14,64.0371613666506
58422,-8.19123,-3.736991,4.369893,-0.016188,-0.01573,-0.000764,32.14,64.1099235840421
58432,-8.196015,-3.725027,4.362714,-0.016035,-0.013439,-0.00168,32.14,64.1454037673734
58442,-8.194221,-3.731607,4.373481,-0.016188,-0.010537,-0.001069,32.14,64.092668516623
58452,-8.206783,-3.729812,4.376472,-0.016799,-0.008094,-0.001985,32.1,64.103993439905
58462,-8.179267,-3.744768,4.373481,-0.016952,-0.00504,-0.000764,32.1,64.0723054364303
58472,-8.197212,-3.732804,4.366901,-0.01741,-0.003054,-0.001833,32.14,64.1345949187575
58482,-8.182856,-3.728018,4.363312,-0.017562,0.000153,-0.00168,32.14,64.1154736205274
58492,-8.19123,-3.732804,4.369295,-0.019242,0.002138,-0.001985,32.16,64.108660959471
58502,-8.20798,-3.726223,4.368098,-0.01909,0.004734,-0.001374,32.16,64.146097543502
58512,-8.196614,-3.739383,4.375276,-0.019242,0.007789,-0.001374,32.12,64.0969354265721
58522,-8.194221,-3.737589,4.371089,-0.019242,0.01069,-0.002138,32.12,64.1111862782113
58532,-8.190034,-3.726223,4.365705,-0.019242,0.012981,-0.002443,32.12,64.1176181472828
58542,-8.193025,-3.729214,4.354339,-0.01909,0.015272,-0.002749,32.12,64.1861181301033
58552,-8.199606,-3.735795,4.363312,-0.019242,0.017257,-0.003665,32.12,64.1616122467091
58562,-8.199007,-3.735795,4.356732,-0.019242,0.02138,-0.003207,32.12,64.1941564749253
58572,-8.208578,-3.729214,4.35733,-0.018631,0.021838,-0.003207,32.12,64.2059869337445
58582,-8.209177,-3.728018,4.348357,-0.01909,0.023213,-0.003207,32.15,64.2523569494362
58592,-8.203195,-3.743571,4.356732,-0.0197,0.023213,-0.002749,32.15,64.2116825023712
58602,-8.209177,-3.729812,4.353741,-0.019853,0.023976,-0.002749,32.11,64.2264515849265
58612,-8.219944,-3.733402,4.351946,-0.019853,0.024435,-0.002443,32.11,64.2637513766801
58622,-8.226524,-3.741179,4.347161,-0.019395,0.023671,-0.004429,32.16,64.3112220599039
58632,-8.222337,-3.739383,4.337589,-0.020006,0.022907,-0.003818,32.16,64.3492552946087
58642,-8.229516,-3.738786,4.332804,-0.0197,0.021838,-0.003971,32.12,64.3894706806114
58652,-8.219346,-3.723232,4.339982,-0.01909,0.020159,-0.004123,32.12,64.31362967691
58662,-8.214561,-3.733402,4.34058,-0.018784,0.01909,-0.004123,32.18,64.3101608113387
58672,-8.226524,-3.744169,4.337589,-0.017715,0.017715,-0.00336,32.18,64.3635870670952
58682,-8.226524,-3.739982,4.332804,-0.018479,0.014813,-0.003054,32.13,64.3839621677616
58692,-8.218747,-3.734598,4.331009,-0.018479,0.011606,-0.002596,32.13,64.3701968164649
58702,-8.215756,-3.738786,4.334,-0.018479,0.009621,-0.002749,32.15,64.3523177750733
58712,-8.213365,-3.741776,4.33041,-0.018021,0.007789,-0.003512,32.15,64.3685193229352
58722,-8.230114,-3.727419,4.328616,-0.017715,0.005498,-0.003971,32.14,64.4008074049838
58732,-8.23131,-3.735795,4.319643,-0.017104,0,-0.001833,32.14,64.4583247525642
58742,-8.22473,-3.736392,4.323831,-0.017104,-0.003207,-0.002291,32.15,64.4225372096361
58752,-8.227122,-3.734598,4.33041,-0.017104,-0.005498,-0.001833,32.14,64.39214737536
58762,-8.225926,-3.736991,4.329215,-0.017715,-0.008094,-0.00168,32.14,64.3980642025045
58772,-8.215756,-3.731607,4.345366,-0.016952,-0.010385,-0.000764,32.13,64.2863440274527
58782,-8.220542,-3.728018,4.328616,-0.016341,-0.013897,-0.001374,32.13,64.3798584096744
58792,-8.224131,-3.732804,4.329813,-0.01573,-0.015577,-0.000458,32.11,64.3866598505674
58802,-8.210373,-3.732804,4.331009,-0.016035,-0.018479,0.000305,32.11,64.3494739000259
58812,-8.223534,-3.734,4.33041,-0.015882,-0.020617,0.000153,32.13,64.3834586732131
58822,-8.218149,-3.73041,4.335794,-0.015577,-0.022144,0.001222,32.13,64.3398752388701
58832,-8.22772,-3.735196,4.331607,-0.015882,-0.023366,0.001374,32.15,64.3879319382129
58842,-8.206185,-3.732205,4.336392,-0.016341,-0.025198,0.001222,32.15,64.3116147995037
58852,-8.204391,-3.732804,4.345964,-0.015882,-0.026267,0.000916,32.09,64.2587871815456
58862,-8.209177,-3.733402,4.342973,-0.014813,-0.027489,0.002291,32.09,64.2856549401904
58872,-8.204989,-3.724428,4.34417,-0.016035,-0.027794,0.001833,32.12,64.2607767996677
58882,-8.210971,-3.732804,4.355535,-0.015882,-0.0281,0.001527,32.12,64.2243516858042
58892,-8.207382,-3.738786,4.353741,-0.01573,-0.028253,0.00168,32.12,64.2316315978301
58902,-8.206783,-3.734598,4.358526,-0.015424,-0.026725,0.001985,32.12,64.2013060992558
58912,-8.19123,-3.742374,4.360919,-0.016952,-0.025504,0.001527,32.11,64.16174244165
58922,-8.206783,-3.725625,4.371089,-0.015882,-0.024282,0.00168,32.11,64.1273663816596
58932,-8.203793,-3.731607,4.365107,-0.016493,-0.022907,0.001985,32.11,64.1575444519256
58942,-8.210373,-3.735196,4.372285,-0.017868,-0.020769,0.00168,32.12,64.1392443297382
58952,-8.197212,-3.741776,4.365107,-0.017715,-0.01909,0.001374,32.12,64.153124278939
58962,-8.196015,-3.735196,4.371089,-0.017715,-0.016341,0.001222,32.15,64.1127845434821
58972,-8.194819,-3.731607,4.369295,-0.017562,-0.013897,0.000764,32.15,64.1155850262311
58982,-8.2014,-3.739383,4.369893,-0.017868,-0.011454,0.000611,32.14,64.135512419188
58992,-8.191828,-3.729214,4.372883,-0.018326,-0.008705,0.000305,32.14,64.087819392454
59002,-8.190034,-3.738786,4.374678,-0.018784,-0.00504,-0.000305,32.14,64.0844261321026
59012,-8.194221,-3.732205,4.371687,-0.018326,-0.002749,-0.000916,32.14,64.1025256618905
59022,-8.194221,-3.728616,4.366303,-0.018631,0.000916,-0.000916,32.09,64.1265410910198
59032,-8.206783,-3.722036,4.366901,-0.019853,0.003665,-0.00168,32.09,64.1452243920265
59042,-8.200802,-3.731607,4.361517,-0.019242,0.00672,-0.001833,32.14,64.1692454268602
59052,-8.189436,-3.732804,4.365107,-0.019853,0.009316,-0.00168,32.14,64.1261588122043
59062,-8.19781,-3.738187,4.362714,-0.019548,0.011912,-0.003207,32.11,64.1630908686729
59072,-8.203195,-3.739982,4.372883,-0.0197,0.014661,-0.003512,32.11,64.1248219500613
59082,-8.197212,-3.732804,4.35733,-0.019548,0.01909,-0.002443,32.15,64.1839109304803
59092,-8.2014,-3.739383,4.356134,-0.019548,0.020006,-0.002596,32.11,64.2063702856968
59102,-8.203195,-3.741776,4.352544,-0.01909,0.020464,-0.002749,32.11,64.231407546133
59112,-8.204391,-3.736991,4.356134,-0.020006,0.021228,-0.003818,32.14,64.2106773792441
59122,-8.213365,-3.736392,4.347161,-0.019853,0.022297,-0.003971,32.14,64.2766046615441
59132,-8.210971,-3.727419,4.339384,-0.020006,0.02306,-0.003665,32.11,64.3020777394143
59142,-8.215756,-3.734,4.348955,-0.020006,0.022755,-0.003054,32.11,64.2703060598508
59152,-8.210373,-3.739383,4.345964,-0.019242,0.021991,-0.002902,32.1,64.2790893121322
59162,-8.22473,-3.734,4.337589,-0.019395,0.021533,-0.002138,32.1,64.3491358998571
59172,-8.219346,-3.734598,4.339384,-0.019395,0.020159,-0.003512,32.12,64.3283545825167
59182,-8.221141,-3.734598,4.341179,-0.0197,0.018631,-0.003971,32.12,64.3231514626846
59192,-8.216953,-3.729214,4.333402,-0.0197,0.016493,-0.00336,32.12,64.3482916899859
59202,-8.212766,-3.732804,4.334598,-0.018173,0.015272,-0.004123,32.12,64.3363513552926
59212,-8.210971,-3.745365,4.341179,-0.018326,0.013134,-0.002749,32.14,64.3112639456379
59222,-8.218747,-3.734598,4.326822,-0.018631,0.010537,-0.003207,32.14,64.3918027862215
59232,-8.218149,-3.732804,4.338786,-0.019395,0.007789,-0.002902,32.13,64.3268979876962
59242,-8.219346,-3.733402,4.332804,-0.019242,0.005192,-0.002902,32.13,64.3610619901935
59252,-8.224131,-3.732804,4.33041,-0.018784,-0.000611,-0.001985,32.14,64.383580387554
59262,-8.229516,-3.737589,4.332804,-0.018326,-0.002291,-0.002291,32.11,64.3882474937483
59272,-8.225328,-3.729214,4.331009,-0.017257,-0.005803,-0.00168,32.11,64.3795187034829
59282,-8.219346,-3.73041,4.332206,-0.01741,-0.008552,-0.002291,32.12,64.3610842589538
59292,-8.219944,-3.736392,4.336991,-0.017104,-0.010537,-0.00168,32.12,64.3438795609981
59302,-8.223534,-3.74058,4.322634,-0.017562,-0.013286,-0.001527,32.14,64.4303054328597
59312,-8.215756,-3.732804,4.339982,-0.017562,-0.01573,-0.000916,32.14,64.3153292233442
59322,-8.218149,-3.741776,4.334598,-0.01741,-0.01741,0,32.13,64.357693587784
59332,-8.213962,-3.737589,4.337589,-0.017104,-0.019853,0,32.13,64.3285314810193
59342,-8.217552,-3.731607,4.34417,-0.017257,-0.020922,0.000305,32.17,64.2965665433283
59352,-8.222935,-3.722634,4.339982,-0.016799,-0.022449,0.000458,32.17,64.321124814419
59362,-8.213962,-3.731009,4.339982,-0.017257,-0.023366,0.000611,32.14,64.3094360638537
59372,-8.213962,-3.736991,4.34417,-0.016799,-0.024587,0.000458,32.14,64.2939851337837
59382,-8.221141,-3.74058,4.351348,-0.017104,-0.024893,0.001374,32.1,64.2769056821814
59392,-8.2014,-3.731009,4.353741,-0.016646,-0.025198,0.001985,32.1,64.2100594577343
59402,-8.203195,-3.733402,4.351348,-0.016799,-0.025351,0.001833,32.14,64.2289324271827
59412,-8.206185,-3.739982,4.346562,-0.017257,-0.02474,0.001222,32.14,64.2671566792727
59422,-8.2014,-3.744169,4.348357,-0.017104,-0.024282,0.002138,32.12,64.2513996614444
59432,-8.203195,-3.741776,4.356134,-0.016952,-0.022907,0.002749,32.16,64.2129087006437
59442,-8.205587,-3.734598,4.360919,-0.017257,-0.021228,0.002596,32.16,64.186269639825
59452,-8.201998,-3.736991,4.370491,-0.017104,-0.019395,0.002138,32.14,64.1313169280285
59462,-8.19123,-3.735795,4.359125,-0.018021,-0.018326,0.001374,32.14,64.1641709432688
59472,-8.19123,-3.728018,4.360321,-0.018173,-0.016035,0.001985,32.1,64.1499529417148
59482,-8.201998,-3.728616,4.369295,-0.018326,-0.01405,0.000764,32.1,64.1288137227717
59492,-8.194221,-3.73041,4.369295,-0.01909,-0.011301,0.001222,32.09,64.1129850329039
59502,-8.207382,-3.726223,4.365705,-0.018479,-0.009316,0.000611,32.09,64.157058882738
59512,-8.189436,-3.734598,4.359723,-0.019395,-0.006872,-0.000153,32.11,64.1557722079924
59522,-8.190632,-3.735196,4.377669,-0.019395,-0.005192,0.000153,32.11,64.0666609451956
59532,-8.210373,-3.735196,4.366303,-0.019242,-0.001833,-0.000458,32.15,64.17002075993
59542,-8.194221,-3.729812,4.358526,-0.019395,0.001374,-0.000611,32.15,64.1678610615813
59552,-8.208578,-3.729812,4.367499,-0.019853,0.003971,-0.001222,32.14,64.1542396934695
59562,-8.194819,-3.737589,4.350152,-0.0197,0.006109,-0.000764,32.14,64.220442326415
59572,-8.201998,-3.732804,4.360919,-0.019548,0.008247,-0.001069,32.14,64.1762768348063
59582,-8.194819,-3.728616,4.354938,-0.019853,0.010232,-0.001222,32.14,64.1864844565627
59592,-8.20798,-3.727419,4.35733,-0.020311,0.012217,-0.001985,32.11,64.2027827771709
59602,-8.207382,-3.728018,4.36391,-0.020464,0.016493,-0.002749,32.13,64.1681518262074
59612,-8.200802,-3.736392,4.351946,-0.019395,0.01741,-0.003207,32.13,64.2235126481421
59622,-8.204391,-3.725625,4.353143,-0.020006,0.017868,-0.002749,32.13,64.2143757300118
59632,-8.204391,-3.738187,4.347759,-0.020006,0.019242,-0.002138,32.13,64.2550772609849
59642,-8.216953,-3.736392,4.35075,-0.019395,0.020159,-0.002596,32.11,64.2662222167395
59652,-8.213365,-3.739982,4.34417,-0.019853,0.019853,-0.003207,32.11,64.2957113438505
59662,-8.212168,-3.733402,4.346562,-0.019548,0.019853,-0.003665,32.14,64.2739124753041
59672,-8.203195,-3.731607,4.346562,-0.018937,0.019242,-0.002902,32.14,64.2517623619433
59682,-8.216354,-3.722036,4.341179,-0.019395,0.019548,-0.003054,32.11,64.2994697875213
59692,-8.210971,-3.727419,4.341179,-0.0197,0.018173,-0.001833,32.11,64.2928177511308
59702,-8.215756,-3.735196,4.337589,-0.018937,0.016493,-0.002596,32.13,64.3301235589632
59712,-8.218149,-3.743571,4.339982,-0.018631,0.016188,-0.002138,32.13,64.3317784789421
59722,-8.210971,-3.732804,4.337589,-0.01909,0.013897,-0.002138,32.11,64.3168662870017
59732,-8.215756,-3.738187,4.328018,-0.018784,0.012828,-0.001985,32.11,64.3825689890193
59742,-8.221141,-3.731607,4.34058,-0.018937,0.010537,-0.001985,32.12,64.3231744392878
59752,-8.223534,-3.736991,4.335794,-0.018326,0.008705,-0.001069,32.12,64.3587552240355
59762,-8.230114,-3.735196,4.328018,-0.017868,0.006261,-0.001833,32.15,64.4118241301646
59772,-8.223534,-3.731607,4.325625,-0.018021,0.000611,-0.000611,32.15,64.4057006057545
59782,-8.228318,-3.738786,4.332206,-0.018173,-0.00168,-0.000916,32.13,64.3898582228147
59792,-8.22473,-3.744169,4.338188,-0.017257,-0.004887,0.000153,32.13,64.3564625112899
59802,-8.221739,-3.73041,4.325027,-0.016952,-0.007178,-0.000305,32.13,64.4035229714076
59812,-8.215158,-3.742973,4.332804,-0.016952,-0.010079,-0.000764,32.13,64.3614361609926
59822,-8.222935,-3.745365,4.332804,-0.017257,-0.01237,-0.000458,32.13,64.3813984308723
59832,-8.216953,-3.73041,4.326224,-0.016952,-0.01405,-0.000305,32.13,64.3865625687206
59842,-8.221141,-3.736392,4.342375,-0.01741,-0.01741,-0.000458,32.13,64.3188267115735
59852,-8.219944,-3.729812,4.33041,-0.016646,-0.018784,-0.000611,32.11,64.3710872012682
59862,-8.229516,-3.731009,4.331607,-0.016188,-0.021075,0,32.11,64.3876989034935
59872,-8.220542,-3.732205,4.32742,-0.017257,-0.022755,-0.000305,32.09,64.3903113448363
59882,-8.212168,-3.723232,4.342973,-0.017104,-0.024435,-0.000305,32.09,64.281975135274
59892,-8.218149,-3.735795,4.34417,-0.016493,-0.025809,0.000153,32.15,64.3022117920779
59902,-8.210971,-3.743571,4.345366,-0.017562,-0.026878,0,32.15,64.2878335755551
59912,-8.204989,-3.738187,4.347161,-0.017868,-0.027336,0,32.09,64.259513466036
59922,-8.217552,-3.736991,4.351946,-0.017257,-0.027794,-0.000764,32.09,64.2620316545309
59932,-8.209774,-3.738786,4.359125,-0.018326,-0.027642,-0.000458,32.17,64.2093157243685
59942,-8.209774,-3.729812,4.362116,-0.018784,-0.026573,-0.000916,32.17,64.184665027047
59952,-8.200802,-3.738786,4.360919,-0.018784,-0.025351,-0.001069,32.13,64.1797449644471
59962,-8.204391,-3.73041,4.359723,-0.018326,-0.023976,-0.001374,32.15,64.1853967793391
59972,-8.196614,-3.724428,4.356732,-0.017868,-0.023213,-0.000458,32.15,64.1769848957917
59982,-8.201998,-3.728616,4.360321,-0.018326,-0.020769,-0.000764,32.12,64.1750344192148
59992,-8.190632,-3.735795,4.366901,-0.018937,-0.017868,-0.000764,32.12,64.1227357535865
60002,-8.192427,-3.736991,4.369295,-0.018784,-0.016341,-0.001069,32.13,64.1157255525913
60012,-8.202596,-3.734598,4.36391,-0.018784,-0.013744,-0.001374,32.13,64.1640810915854
60022,-8.196015,-3.736392,4.366901,-0.019242,-0.011301,-0.000458,32.14,64.1355896967363
60032,-8.189436,-3.728616,4.367499,-0.01909,-0.008705,-0.000764,32.14,64.1094901688999
60042,-8.199007,-3.735795,4.362714,-0.019242,-0.005803,-0.001527,32.15,64.1633330007099
60052,-8.196015,-3.734598,4.371687,-0.019242,-0.003054,-0.000916,32.15,64.1090860670373
60062,-8.19781,-3.736392,4.368696,-0.0197,0.000305,-0.000611,32.12,64.1304242375665
60072,-8.195418,-3.725027,4.372883,-0.019548,0.002902,-0.001069,32.12,64.0916574551137
60082,-8.202596,-3.735795,4.357928,-0.019548,0.005956,-0.000611,32.12,64.196131315992
60092,-8.193623,-3.729812,4.367499,-0.019395,0.008552,-0.000916,32.12,64.1202570971716
60102,-8.202596,-3.747759,4.365705,-0.019242,0.011454,-0.001374,32.12,64.1684528500924
60112,-8.208578,-3.739383,4.366303,-0.019548,0.014355,-0.001069,32.12,64.170272630113
60122,-8.203195,-3.742374,4.362714,-0.018937,0.017868,-0.000305,32.12,64.1796360674218
60132,-8.205587,-3.729812,4.358526,-0.018784,0.020311,-0.001833,32.18,64.1936597817877
60142,-8.197212,-3.737589,4.35733,-0.0197,0.02138,-0.002291,32.18,64.1888578033701
60152,-8.198408,-3.732804,4.34417,-0.020006,0.022602,-0.001833,32.12,64.2544958822045
60162,-8.219944,-3.734,4.35075,-0.019242,0.023366,-0.00168,32.12,64.2705246268694
60172,-8.204989,-3.728018,4.347161,-0.019242,0.023366,-0.00168,32.12,64.2490405436199
60182,-8.214561,-3.743571,4.354938,-0.01909,0.023824,-0.001985,32.12,64.2466349440073
60192,-8.215158,-3.741776,4.346562,-0.01909,0.023671,-0.001833,32.12,64.289277439747
60202,-8.218149,-3.734,4.343571,-0.018784,0.02306,-0.001985,32.12,64.3034570404746
60212,-8.208578,-3.737589,4.335197,-0.018479,0.021075,-0.002291,32.11,64.3287207407237
60222,-8.225926,-3.734598,4.338188,-0.01909,0.019242,-0.002443,32.11,64.34935582837
60232,-8.215756,-3.741776,4.333402,-0.018631,0.018326,-0.002291,32.13,64.3584703082081
60242,-8.215756,-3.734,4.328018,-0.019242,0.016493,-0.001985,32.13,64.378279071361
60252,-8.221739,-3.728018,4.331607,-0.018784,0.01405,-0.002291,32.11,64.3671234045568
60262,-8.228917,-3.736991,4.328018,-0.018937,0.011148,-0.002596,32.11,64.4109649390839
60272,-8.226524,-3.742374,4.328018,-0.018937,0.009316,-0.002138,32.09,64.4110856556516
60282,-8.220542,-3.734,4.329813,-0.018479,0.00733,-0.001222,32.09,64.3797995570533
60292,-8.219944,-3.739982,4.324429,-0.018173,0.000611,-0.001833,32.13,64.4123577376354
60302,-8.215756,-3.734,4.326224,-0.017868,-0.001833,-0.000916,32.1,64.3875399044211
60312,-8.223534,-3.737589,4.329215,-0.017104,-0.005345,-0.001069,32.1,64.3932930642606
60322,-8.221141,-3.731607,4.332804,-0.017104,-0.008399,0,32.11,64.3632709720058
60332,-8.219346,-3.739982,4.329215,-0.017257,-0.010843,-0.001069,32.11,64.3863158062313
60342,-8.221739,-3.734598,4.326224,-0.017257,-0.012981,0,32.14,64.4016255910537
60352,-8.225328,-3.735795,4.335794,-0.017257,-0.016035,-0.000153,32.14,64.3615726045006
60362,-8.232506,-3.742374,4.337589,-0.01741,-0.018173,-0.000153,32.14,64.3752085428623
60372,-8.212168,-3.734598,4.341179,-0.017257,-0.020769,-0.000153,32.14,64.3028951581431
60382,-8.219944,-3.741179,4.336991,-0.016799,-0.022755,0.001222,32.14,64.3487870875114
60392,-8.210373,-3.734,4.338188,-0.017257,-0.023824,0.001222,32.14,64.313653646901
60402,-8.210971,-3.732205,4.328018,-0.017562,-0.025198,0.001833,32.13,64.3656510463331
60412,-8.223534,-3.729214,4.342375,-0.017257,-0.02642,0.00168,32.13,64.3168732676376
60422,-8.222337,-3.732804,4.339384,-0.016799,-0.027642,0.001374,32.12,64.3332636379355
60432,-8.202596,-3.734,4.356134,-0.016188,-0.0281,0.000305,32.12,64.2035226681054
60442,-8.216953,-3.734,4.348955,-0.01741,-0.027642,0.000305,32.14,64.2730115830511
60452,-8.204391,-3.734,4.347759,-0.017562,-0.027794,0.001222,32.14,64.250762170214
60462,-8.206783,-3.731009,4.352544,-0.018326,-0.027336,0.001069,32.13,64.2284296269294
60472,-8.199007,-3.729812,4.348357,-0.018326,-0.025809,0.000764,32.13,64.2311649531395
60482,-8.209177,-3.73041,4.347759,-0.018326,-0.023518,0.001527,32.13,64.2578996665198
60492,-8.209774,-3.738786,4.363312,-0.018326,-0.022449,0.000764,32.16,64.1877605496559
60502,-8.199007,-3.737589,4.372285,-0.018173,-0.020159,0.000764,32.16,64.1159080163572
60512,-8.193623,-3.732804,4.36391,-0.018173,-0.018631,0.000916,32.12,64.1418471893023
60522,-8.202596,-3.722634,4.365705,-0.01909,-0.016493,0.000305,32.12,64.1424840066411
60532,-8.197212,-3.727419,4.362714,-0.019548,-0.014355,0.000153,32.11,64.1505967410587
60542,-8.197212,-3.736991,4.367499,-0.020006,-0.011148,-0.001527,32.11,64.1358497123744
60552,-8.196614,-3.728616,4.365705,-0.019242,-0.008858,-0.000916,32.11,64.135063757266
60562,-8.202596,-3.727419,4.366901,-0.0197,-0.005498,-0.000764,32.11,64.1412631087826
60572,-8.193025,-3.72383,4.371089,-0.019548,-0.002596,-0.000305,32.11,64.0942082040255
60582,-8.192427,-3.732804,4.366901,-0.020006,-0.000153,-0.00168,32.11,64.1237169480225
60592,-8.201998,-3.741776,4.360919,-0.020006,0.003207,-0.001527,32.16,64.1855481966625
60602,-8.204391,-3.723232,4.368696,-0.020464,0.005498,-0.001222,32.16,64.13177856583
60612,-8.205587,-3.728018,4.369295,-0.019853,0.008399,-0.000611,32.09,64.1363519228351
60622,-8.20798,-3.728018,4.360321,-0.019853,0.01069,-0.001069,32.09,64.1879919081027
60632,-8.200802,-3.731607,4.355535,-0.020464,0.012981,-0.001374,32.13,64.2000723284288
60642,-8.213962,-3.737589,4.360919,-0.019548,0.017104,-0.00168,32.1,64.2083285921166
60652,-8.21157,-3.727419,4.362116,-0.020464,0.018173,-0.001527,32.1,64.1862735746801
60662,-8.203793,-3.74058,4.35075,-0.020464,0.019548,-0.002291,32.12,64.2407729404578
60672,-8.209177,-3.733402,4.352544,-0.019853,0.020769,-0.001374,32.12,64.236315246733
60682,-8.206185,-3.739383,4.352544,-0.0197,0.020922,-0.001833,32.08,64.2357057541117
60692,-8.212168,-3.735196,4.357928,-0.020311,0.021533,-0.002749,32.08,64.2172004209483
60702,-8.217552,-3.735196,4.353143,-0.019853,0.022449,-0.002443,32.12,64.2540225049738
60712,-8.203793,-3.731607,4.342375,-0.020617,0.021991,-0.002749,32.12,64.2747154952538
60722,-8.200802,-3.735196,4.348357,-0.020464,0.02138,-0.002443,32.13,64.2407848885575
60732,-8.20798,-3.734598,4.336392,-0.020311,0.020464,-0.002291,32.13,64.3181297624078
60742,-8.219346,-3.734598,4.334,-0.019853,0.019548,-0.001985,32.16,64.3561176581536
60752,-8.213962,-3.746562,4.332804,-0.020006,0.017715,-0.002596,32.16,64.3624275936735
60762,-8.213962,-3.729812,4.337589,-0.020006,0.016341,-0.002291,32.11,64.3205513294067
60772,-8.219944,-3.735795,4.326822,-0.019395,0.01405,-0.002749,32.11,64.3957230404011
60782,-8.222935,-3.732205,4.336991,-0.018479,0.01237,-0.001527,32.13,64.346335332396
60792,-8.225926,-3.728616,4.325625,-0.018937,0.010537,-0.001833,32.13,64.4080315610715
60802,-8.217552,-3.731009,4.326822,-0.018479,0.008094,-0.000764,32.16,64.3854382120121
60812,-8.221739,-3.728616,4.332804,-0.017562,0.002138,-0.001374,32.13,64.3615597915314
60822,-8.226524,-3.723232,4.325625,-0.017104,-0.000458,-0.000458,32.13,64.403887162492
60832,-8.225926,-3.732205,4.314259,-0.017868,-0.003665,-0.000458,32.12,64.4703687771846
60842,-8.227122,-3.734598,4.331009,-0.01741,-0.006567,-0.000153,32.12,64.3890584974721
60852,-8.2349,-3.729812,4.324429,-0.016952,-0.009163,-0.000611,32.12,64.4356052266062
60862,-8.221141,-3.741179,4.329215,-0.017562,-0.011759,-0.000305,32.12,64.391581984356
60872,-8.222935,-3.736392,4.323831,-0.017257,-0.015272,-0.000611,32.14,64.4185002066246
60882,-8.221141,-3.74058,4.331009,-0.017104,-0.017257,-0.001069,32.14,64.3817150517318
60892,-8.213365,-3.733402,4.329215,-0.017257,-0.018937,0,32.18,64.3660975236442
60902,-8.22772,-3.737589,4.338786,-0.017715,-0.020922,0,32.18,64.3533761563785
60912,-8.219944,-3.735196,4.338188,-0.017104,-0.023366,0.000305,32.12,64.3364823682439
60922,-8.221739,-3.741179,4.338786,-0.016799,-0.024893,-0.000458,32.12,64.3435792008947
60932,-8.214561,-3.731009,4.345964,-0.017257,-0.025809,-0.000153,32.11,64.2799466915258
60942,-8.207382,-3.739383,4.345366,-0.018326,-0.026725,0.000153,32.11,64.2754120975358
60952,-8.220542,-3.73041,4.348357,-0.018784,-0.027489,0,32.15,64.2805188802072
60962,-8.209774,-3.728616,4.353741,-0.018173,-0.0281,0.001069,32.15,64.2265732519081
60972,-8.200203,-3.728616,4.354339,-0.018631,-0.028405,-0.000153,32.13,64.2017930692895
60982,-8.215158,-3.731009,4.347161,-0.017562,-0.026573,0.000764,32.13,64.2751268327943
60992,-8.200802,-3.737589,4.353741,-0.018021,-0.026114,0.000611,32.12,64.2154952202979
61002,-8.196614,-3.745365,4.365705,-0.01909,-0.02474,0.000611,32.16,64.1524073010003
61012,-8.204391,-3.74716,4.360919,-0.018631,-0.024129,0.000153,32.16,64.1965373201765
61022,-8.199606,-3.734,4.361517,-0.018631,-0.021838,0.000153,32.12,64.1690032644411
61032,-8.197212,-3.741776,4.368696,-0.018784,-0.019853,0.000153,32.12,64.1346438591932
61042,-8.199606,-3.737589,4.357928,-0.019853,-0.018479,-0.000305,32.12,64.1912052774497
61052,-8.190632,-3.74058,4.368696,-0.019395,-0.015577,0.000153,32.12,64.1184539939537
61062,-8.204989,-3.733402,4.370491,-0.019548,-0.013286,-0.000153,32.12,64.1343984192006
61072,-8.194819,-3.729214,4.368098,-0.01909,-0.010996,0.000305,32.12,64.1192727808401
61082,-8.196614,-3.735196,4.368696,-0.018784,-0.00733,-0.000458,32.12,64.1264679617601
61092,-8.190632,-3.74058,4.369295,-0.018631,-0.005192,-0.000611,32.12,64.1153688213863
61102,-8.189436,-3.73041,4.369893,-0.018021,-0.002443,-0.000153,32.14,64.0990145993392
61112,-8.193025,-3.736991,4.366303,-0.018021,0.000305,0.000305,32.14,64.1324964871054
61122,-8.196015,-3.736392,4.366303,-0.01909,0.002443,0.000764,32.09,64.1386696927005
61132,-8.202596,-3.736392,4.370491,-0.018784,0.00504,-0.000611,32.09,64.1320552712376
61142,-8.188239,-3.731009,4.363312,-0.018479,0.007483,-0.000611,32.12,64.1308276801376
61152,-8.202596,-3.735196,4.368098,-0.019548,0.011454,-0.001069,32.12,64.1431357430453
61162,-8.203195,-3.737589,4.356134,-0.01909,0.013134,-0.001374,32.12,64.2085847940333
61172,-8.20798,-3.741179,4.362116,-0.01909,0.015119,-0.000764,32.11,64.1923227145745
61182,-8.198408,-3.731009,4.35733,-0.019395,0.01741,-0.000764,32.11,64.1847707624837
61192,-8.209774,-3.739383,4.353741,-0.019548,0.018021,-0.000458,32.13,64.2376599040275
61202,-8.207382,-3.736392,4.351348,-0.019395,0.019395,-0.000916,32.13,64.2414950847809
61212,-8.206185,-3.732205,4.352544,-0.018479,0.020311,-0.000458,32.12,64.2283069371488
61222,-8.206185,-3.738187,4.345964,-0.018784,0.020311,-0.001222,32.12,64.2683904702655
61232,-8.200802,-3.731607,4.347161,-0.019395,0.020464,-0.001069,32.14,64.2432528168099
61242,-8.215158,-3.736991,4.348357,-0.019242,0.020922,-0.000916,32.14,64.2751092909691
61252,-8.222935,-3.728616,4.34417,-0.019395,0.020311,-0.000764,32.16,64.3056587519112
61262,-8.218149,-3.732804,4.342375,-0.019395,0.0197,-0.000916,32.16,64.3083948680456
61272,-8.222337,-3.733402,4.332206,-0.020006,0.018937,-0.001069,32.1,64.3708871590861
61282,-8.21157,-3.733402,4.343571,-0.019548,0.018021,-0.001069,32.1,64.2879805995212
61292,-8.221141,-3.731607,4.331607,-0.019853,0.016188,-0.001985,32.09,64.3694456331471
61302,-8.214561,-3.74058,4.338786,-0.01909,0.014203,-0.001374,32.09,64.3267816212819
61312,-8.220542,-3.734598,4.328616,-0.019395,0.01237,-0.001985,32.13,64.3865874376681
61322,-8.232506,-3.726223,4.329215,-0.019395,0.010996,-0.000611,32.13,64.4018833890034
61332,-8.227122,-3.731607,4.325625,-0.018479,0.006109,-0.000611,32.15,64.4137751281035
61342,-8.233105,-3.729214,4.328616,-0.01909,0.003665,-0.000458,32.15,64.4093674124292
61352,-8.227122,-3.736392,4.328616,-0.019242,0.001069,0.000153,32.15,64.4032320644471
61362,-8.2349,-3.735795,4.333402,-0.018937,-0.002138,-0.001222,32.14,64.3954440304155
61372,-8.222935,-3.736991,4.332206,-0.018326,-0.004734,-0.000305,32.14,64.3759063961735
61382,-8.231908,-3.736392,4.33041,-0.018479,-0.006567,0,32.13,64.4047457672028
61392,-8.22473,-3.729214,4.331009,-0.018631,-0.008705,-0.000916,32.13,64.3781714558146
61402,-8.225926,-3.734,4.326224,-0.018479,-0.011912,-0.000611,32.14,64.4104368353389
61412,-8.229516,-3.725625,4.335197,-0.018021,-0.013744,0,32.14,64.3636957946533
61422,-8.22473,-3.728018,4.33041,-0.017868,-0.016341,0,32.11,64.3800397143087
61432,-8.22473,-3.732804,4.332206,-0.017562,-0.018631,0.000153,32.11,64.3756664320754
61442,-8.222935,-3.733402,4.336991,-0.018173,-0.020159,-0.000305,32.16,64.347560418543
61452,-8.215756,-3.728616,4.336392,-0.017562,-0.021838,-0.000153,32.16,64.3295514008448
61462,-8.213962,-3.729812,4.337589,-0.017715,-0.022755,0,32.09,64.3205513294067
61472,-8.221141,-3.735795,4.325027,-0.017715,-0.024282,0.000153,32.09,64.4076810783884
61482,-8.221739,-3.736392,4.346562,-0.017868,-0.025809,0,32.14,64.2986039348469
61492,-8.215158,-3.738786,4.360919,-0.017715,-0.025962,0.000305,32.14,64.2122688099896
61502,-8.210373,-3.732804,4.348955,-0.018784,-0.026725,0.000916,32.13,64.2569030334744
61512,-8.210971,-3.741776,4.344768,-0.017868,-0.026267,0.000458,32.11,64.2890681263774
61522,-8.209177,-3.734,4.354339,-0.018479,-0.025809,-0.000153,32.11,64.2276822380779
61532,-8.206185,-3.731607,4.358526,-0.018937,-0.024282,-0.000611,32.12,64.1968663839001
61542,-8.196614,-3.739982,4.369295,-0.01909,-0.023976,-0.002138,32.12,64.1283423228964
61552,-8.203793,-3.731009,4.360919,-0.01909,-0.021838,-0.001222,32.14,64.1784967898105
61562,-8.197212,-3.731009,4.356732,-0.018631,-0.0197,-0.000458,32.14,64.1851389128057
61572,-8.195418,-3.736991,4.360919,-0.019395,-0.018173,-0.000458,32.13,64.1656719199993
61582,-8.201998,-3.737589,4.368098,-0.019548,-0.016188,-0.000764,32.13,64.1442529337588
61592,-8.190034,-3.733402,4.366303,-0.0197,-0.013744,-0.001833,32.11,64.1219755093445
61602,-8.19781,-3.742374,4.369893,-0.019242,-0.010537,-0.000458,32.11,64.1304594799439
61612,-8.194221,-3.739383,4.375875,-0.020159,-0.009163,-0.000916,32.12,64.0884108199039
61622,-8.204391,-3.736991,4.372883,-0.019853,-0.00672,-0.001069,32.12,64.1244427126519
61632,-8.19781,-3.731009,4.371687,-0.020006,-0.002749,-0.000764,32.1,64.1094513058553
61642,-8.189436,-3.736392,4.366303,-0.019242,0,-0.000916,32.1,64.1237166098332
61652,-8.196614,-3.74058,4.364508,-0.020159,0.001985,-0.002443,32.12,64.1536130709356
61662,-8.195418,-3.736991,4.366303,-0.019853,0.004581,-0.001069,32.12,64.1379338647615
61672,-8.199606,-3.729812,4.369893,-0.0197,0.008858,-0.000764,32.12,64.1215335372995
61682,-8.210971,-3.734598,4.363312,-0.019548,0.010996,-0.001069,32.11,64.1861538086085
61692,-8.191828,-3.736392,4.351348,-0.019548,0.012217,-0.001069,32.11,64.2062529646407
61702,-8.19123,-3.728018,4.360919,-0.018326,0.015119,-0.001374,32.09,64.1468696791071
61712,-8.208578,-3.735795,4.364508,-0.018631,0.016493,-0.000764,32.09,64.1758073521057
61722,-8.209177,-3.732205,4.356732,-0.018479,0.016952,-0.000916,32.12,64.2135054332846
61732,-8.200203,-3.733402,4.348357,-0.018479,0.017562,-0.001222,32.12,64.2375776340197
61742,-8.201998,-3.738187,4.344768,-0.019242,0.018479,-0.001374,32.12,64.2650877820183
61752,-8.209774,-3.729812,4.351348,-0.018784,0.018173,-0.001985,32.12,64.2401357804067
61762,-8.210373,-3.736991,4.355535,-0.018173,0.018784,-0.000305,32.13,64.2273097858537
61772,-8.209177,-3.736392,4.347161,-0.018326,0.018631,-0.000764,32.13,64.2671370032825
61782,-8.215756,-3.734598,4.34417,-0.018937,0.017868,-0.000764,32.13,64.2955792272624
61792,-8.219346,-3.73041,4.339384,-0.018173,0.017104,-0.000153,32.13,64.3240629530395
61803,-8.225328,-3.729812,4.335794,-0.018784,0.016341,-0.000458,32.12,64.355454154893
61812,-8.218747,-3.732804,4.339982,-0.01909,0.01573,-0.000611,32.12,64.3220810425079
61822,-8.228917,-3.735795,4.338786,-0.018784,0.013897,-0.000611,32.12,64.3542372325481
61832,-8.215158,-3.742973,4.34058,-0.018631,0.012675,-0.000611,32.12,64.3213375707951
61842,-8.221141,-3.735795,4.328616,-0.017868,0.009927,-0.000153,32.09,64.3891610264198
61852,-8.225926,-3.735196,4.328616,-0.018937,0.005803,-0.000305,32.09,64.3993192452235
61862,-8.219944,-3.734598,4.33041,-0.018631,0.003207,-0.000458,32.09,64.3759842920582
61872,-8.230712,-3.734,4.326224,-0.018784,0.000916,0.000153,32.12,64.4212005919026
61882,-8.221739,-3.742973,4.345366,-0.018937,-0.000458,0.000305,32.12,64.3115175407538
61892,-8.223534,-3.74058,4.333402,-0.018631,-0.003971,0.000305,32.14,64.3747618818556
61902,-8.224131,-3.737589,4.341777,-0.018479,-0.006261,-0.000153,32.14,64.3298779088836
61912,-8.217552,-3.742374,4.335197,-0.018021,-0.008399,-0.000764,32.14,64.353873139322
61922,-8.213365,-3.733402,4.33041,-0.018784,-0.01069,0.000305,32.14,64.3599291949061
61932,-8.221141,-3.735196,4.326224,-0.018631,-0.012065,0.000611,32.09,64.4008910141203
61942,-8.223534,-3.741179,4.335794,-0.018631,-0.014508,0.000764,32.09,64.3630440412876
61952,-8.218149,-3.74058,4.336392,-0.018784,-0.016493,0.000611,32.13,64.3472158945881
61962,-8.212168,-3.736392,4.341777,-0.019395,-0.018479,-0.000611,32.13,64.3016547360169
61972,-8.219346,-3.732205,4.334598,-0.019395,-0.019395,-0.000153,32.17,64.3505825323077
61982,-8.215158,-3.724428,4.34417,-0.019853,-0.020922,0,32.17,64.2837926722195
61992,-8.213365,-3.735196,4.345964,-0.020006,-0.02138,-0.000458,32.12,64.2815445392616
62002,-8.2014,-3.726821,4.343571,-0.0197,-0.021991,-0.000305,32.12,64.2581998214559
62012,-8.20798,-3.734598,4.353143,-0.019548,-0.023213,0,32.1,64.2317503276198
62022,-8.204391,-3.734,4.353741,-0.018937,-0.023213,0.000305,32.1,64.219923477477
62032,-8.212766,-3.739982,4.353741,-0.019853,-0.022449,-0.000764,32.11,64.2450445558943
62042,-8.210971,-3.734598,4.351946,-0.019395,-0.021991,-0.000153,32.11,64.2446881774395
62052,-8.20798,-3.729214,4.359125,-0.019395,-0.021686,-0.000153,32.11,64.1953845014046
62062,-8.204391,-3.733402,4.356134,-0.0197,-0.020617,-0.000611,32.1,64.2069746415224
62072,-8.203195,-3.74058,4.358526,-0.020006,-0.019548,-0.000916,32.1,64.1993504108231
62082,-8.196614,-3.736991,4.365107,-0.019395,-0.016952,0.000611,32.13,64.1468108594941
62092,-8.194221,-3.741179,4.360919,-0.019853,-0.016341,-0.000611,32.13,64.1672922031346
62102,-8.193025,-3.733402,4.362714,-0.0197,-0.014813,-0.000916,32.13,64.1472707560664
62112,-8.191828,-3.739383,4.355535,-0.019853,-0.012675,-0.000153,32.13,64.1877544687562
62122,-8.204989,-3.731607,4.360321,-0.019395,-0.010232,-0.000458,32.08,64.1849074923903
62132,-8.19123,-3.726223,4.361517,-0.0197,-0.007941,-0.001069,32.08,64.1419290166989
62142,-8.195418,-3.742973,4.365107,-0.0197,-0.005803,-0.000458,32.12,64.1502929684218
62152,-8.203793,-3.734,4.368098,-0.019548,-0.004123,-0.001069,32.12,64.1446172795689
62162,-8.192427,-3.735795,4.368098,-0.019242,-0.001374,-0.001222,32.12,64.1206507068815
62172,-8.193025,-3.731607,4.359723,-0.020159,0.000458,-0.000764,32.12,64.1608296381556
62182,-8.203195,-3.74058,4.369893,-0.01909,0.002443,0,32.12,64.140825842009
62192,-8.204391,-3.731607,4.368098,-0.01909,0.006414,-0.000916,32.12,64.1435028106688
62202,-8.199606,-3.736392,4.361517,-0.020311,0.007941,-0.001222,32.13,64.1714760907477
62212,-8.21157,-3.737589,4.351348,-0.019242,0.010385,-0.00168,32.12,64.2522029230205
62222,-8.206185,-3.735795,4.360321,-0.019242,0.011606,-0.001069,32.12,64.1919403910695
62232,-8.209177,-3.734598,4.35075,-0.018631,0.01237,0,32.1,64.2467915950237
62242,-8.2014,-3.742374,4.353741,-0.018937,0.013592,-0.001985,32.1,64.2217924774943
62252,-8.208578,-3.735196,4.360321,-0.018784,0.014355,-0.002291,32.14,64.1967460465081
62262,-8.203793,-3.744169,4.356732,-0.018631,0.014661,-0.001374,32.14,64.2136544491313
62272,-8.21157,-3.737589,4.35075,-0.018784,0.014508,-0.001069,32.15,64.2552839753178
62282,-8.213962,-3.734,4.350152,-0.018326,0.014813,-0.000153,32.15,64.2600825363606
62292,-8.219944,-3.731009,4.358526,-0.018326,0.014355,-0.001527,32.09,64.2274171171081
62302,-8.209177,-3.732804,4.347759,-0.018631,0.014355,-0.002138,32.09,64.2603621520401
62312,-8.216354,-3.737589,4.348955,-0.018173,0.014355,-0.000458,32.16,64.2753453226826
62322,-8.213962,-3.734,4.347759,-0.017562,0.013439,-0.000611,32.16,64.2724135478455
62332,-8.210971,-3.735196,4.341179,-0.018479,0.011301,-0.001374,32.14,64.3008055305791
62342,-8.212766,-3.726821,4.346562,-0.01741,0.009774,-0.001222,32.14,64.2685043118161
62352,-8.216953,-3.741179,4.334,-0.017868,0.008705,-0.001222,32.16,64.3574704988151
62362,-8.224131,-3.726223,4.334598,-0.017868,0.007636,-0.000458,32.16,64.3552545002307
62372,-8.217552,-3.745365,4.332804,-0.017868,0.004123,-0.000153,32.17,64.3692830573746
62382,-8.227122,-3.736392,4.333402,-0.017868,0.001985,0.000305,32.11,64.3785538883797
62392,-8.226524,-3.724428,4.336392,-0.018326,0.000305,0,32.11,64.3495671553639
62402,-8.222935,-3.734598,4.334598,-0.017715,-0.00168,-0.000305,32.12,64.3611225808002
62412,-8.222935,-3.734,4.33041,-0.018021,-0.003512,0.000153,32.12,64.3821097185859
62422,-8.215756,-3.73041,4.342973,-0.018021,-0.005803,-0.000153,32.1,64.2974514584242
62432,-8.222935,-3.73041,4.334,-0.018173,-0.007941,-0.000458,32.1,64.3599219333307
62442,-8.22473,-3.733402,4.335197,-0.018937,-0.009774,-0.000153,32.13,64.3608551417666
62452,-8.221739,-3.735795,4.331009,-0.01909,-0.011759,-0.000305,32.13,64.3781626674394
62462,-8.215158,-3.726821,4.339982,-0.018937,-0.012981,0.000916,32.09,64.307843029561
62472,-8.213962,-3.728616,4.338786,-0.018631,-0.014966,-0.000153,32.09,64.3131501097112
62482,-8.219944,-3.732205,4.34417,-0.018479,-0.017257,-0.000916,32.12,64.3025821330092
62492,-8.219944,-3.735196,4.348357,-0.018479,-0.017562,0.000305,32.12,64.2840777245956
62502,-8.215756,-3.733402,4.342375,-0.019242,-0.01909,0.000916,32.09,64.3036045691139
62512,-8.218747,-3.738786,4.333402,-0.018937,-0.0197,0.000305,32.09,64.3621431061627
62522,-8.216354,-3.741179,4.345366,-0.019242,-0.020159,0,32.14,64.2975261134318
62532,-8.219346,-3.741776,4.356732,-0.019395,-0.02138,0.000153,32.14,64.2463661397807
62542,-8.204391,-3.738187,4.347161,-0.019853,-0.021686,-0.000458,32.13,64.2581606105349
62552,-8.20798,-3.744169,4.353143,-0.020159,-0.020769,0,32.11,64.2416171252663
62562,-8.21157,-3.725625,4.358526,-0.020769,-0.020464,-0.000916,32.11,64.2029150679488
62572,-8.202596,-3.735196,4.361517,-0.021228,-0.019548,-0.000916,32.09,64.1770236428106
62582,-8.202596,-3.738786,4.366901,-0.020769,-0.01909,-0.000305,32.09,64.1530102659182
62592,-8.208578,-3.744768,4.348357,-0.020311,-0.018173,-0.000458,32.1,64.2682462751483
62602,-8.191828,-3.734598,4.362714,-0.020464,-0.016493,-0.000916,32.1,64.1457893965539
62612,-8.19781,-3.729214,4.354339,-0.021533,-0.015577,-0.000458,32.09,64.1969804605391
62622,-8.193623,-3.731009,4.364508,-0.02138,-0.013744,-0.001069,32.09,64.1369072899351
62632,-8.199007,-3.729812,4.363312,-0.021075,-0.011148,-0.000916,32.11,64.1540670201476
62642,-8.202596,-3.731009,4.36391,-0.020922,-0.00901,-0.000458,32.11,64.1603737985135
62652,-8.191828,-3.73041,4.363312,-0.021228,-0.006567,-0.000458,32.09,64.1383696468788
62662,-8.18764,-3.734,4.37408,-0.020769,-0.004123,0.000305,32.09,64.0770832047061
62672,-8.208578,-3.735196,4.36391,-0.020922,-0.002596,0.000305,32.16,64.1782676106394
62682,-8.19781,-3.741776,4.375276,-0.02138,-0.000764,-0.000611,32.16,64.1021363212711
62692,-8.210971,-3.731607,4.366303,-0.020769,0.002291,0.000305,32.15,64.1676759725419
62702,-8.200802,-3.732205,4.362116,-0.020464,0.004429,0,32.15,64.1667772620462
62712,-8.215756,-3.742973,4.358526,-0.020159,0.007636,-0.000764,32.15,64.2302503755709
62722,-8.19781,-3.738786,4.359723,-0.019548,0.009621,-0.000153,32.13,64.1791203791327
62732,-8.194819,-3.729214,4.345366,-0.019395,0.011301,0.000153,32.13,64.236487333148
62742,-8.21157,-3.739982,4.358526,-0.019242,0.012981,-0.000153,32.14,64.2176987585659
62752,-8.202596,-3.733402,4.355535,-0.018937,0.014813,0.000153,32.14,64.2059925897865
62762,-8.207382,-3.728018,4.348955,-0.020006,0.015119,-0.000458,32.16,64.2452091866123
62772,-8.199007,-3.73041,4.361517,-0.019853,0.016188,-0.000916,32.16,64.1639333762447
62782,-8.217552,-3.739383,4.356134,-0.01909,0.016799,-0.001374,32.11,64.2429276232865
62792,-8.206783,-3.728616,4.348357,-0.018937,0.016341,-0.000611,32.11,64.2475512364583
62802,-8.218149,-3.744169,4.349553,-0.018479,0.016341,-0.000611,32.14,64.2830830994368
62812,-8.216953,-3.739383,4.346562,-0.018479,0.016188,0.000153,32.14,64.2908703588446
62822,-8.209774,-3.736392,4.34417,-0.01909,0.01573,-0.000611,32.13,64.2839068435109
62832,-8.216953,-3.736991,4.339384,-0.018173,0.015119,-0.001069,32.13,64.325409958149
62842,-8.213365,-3.737589,4.339982,-0.018173,0.014813,-0.000305,32.13,64.314843298964
62852,-8.218149,-3.739982,4.339982,-0.018173,0.012828,-0.000305,32.13,64.3280941622702
62862,-8.225328,-3.735795,4.328616,-0.018021,0.011454,-0.000916,32.11,64.3985857156989
62872,-8.213365,-3.736392,4.338786,-0.018173,0.009774,-0.000611,32.11,64.3197816689305
62882,-8.221739,-3.735196,4.331009,-0.018173,0.008399,-0.000764,32.13,64.377549704323
62892,-8.224131,-3.735196,4.326822,-0.017868,0.00336,-0.00168,32.14,64.4045346929179
62902,-8.222935,-3.731607,4.325625,-0.017868,0.001374,-0.001069,32.14,64.4043521972266
62912,-8.232506,-3.723232,4.336991,-0.018937,-0.000916,-0.000153,32.12,64.3587472177673
62922,-8.217552,-3.738786,4.332804,-0.018784,-0.003054,-0.000916,32.12,64.3625349565628
62932,-8.225926,-3.738187,4.329215,-0.018631,-0.005651,-0.000764,32.16,64.3992867863389
62942,-8.22473,-3.735196,4.329813,-0.01909,-0.007483,-0.000305,32.16,64.3904535109877
62952,-8.218747,-3.736392,4.335794,-0.019395,-0.010385,-0.00168,32.16,64.3473531292054
62962,-8.221739,-3.738187,4.336392,-0.018326,-0.01237,-0.001222,32.16,64.3528529139653
62972,-8.212766,-3.739982,4.332206,-0.018631,-0.01405,0.000305,32.11,64.356060224595
62982,-8.218747,-3.735795,4.329813,-0.01909,-0.016341,-0.001374,32.11,64.3775932868473
62992,-8.208578,-3.731607,4.336991,-0.01909,-0.018479,-0.000611,32.12,64.3133165487761
63002,-8.222935,-3.731607,4.34417,-0.019395,-0.020159,-0.001833,32.12,64.3087218763838
63012,-8.213962,-3.736392,4.334,-0.018173,-0.021533,-0.000916,32.11,64.3458163825511
63022,-8.212766,-3.725625,4.338786,-0.017715,-0.02306,-0.000153,32.11,64.3073802377521
63032,-8.216354,-3.729812,4.345964,-0.018784,-0.024129,-0.000458,32.12,64.2827711929469
63042,-8.219944,-3.732205,4.353741,-0.0197,-0.024587,-0.000305,32.12,64.2532792551099
63052,-8.205587,-3.728018,4.35733,-0.019395,-0.025504,-0.000153,32.11,64.1979730190555
63062,-8.209177,-3.728018,4.349553,-0.019242,-0.024129,-0.000153,32.1,64.2461911126091
63072,-8.203195,-3.735196,4.356134,-0.019395,-0.024435,-0.000458,32.1,64.2061147419861
63082,-8.202596,-3.739982,4.356732,-0.019548,-0.023824,-0.000153,32.14,64.206617667461
63092,-8.2014,-3.731607,4.356134,-0.020464,-0.023976,0.000305,32.14,64.1983411542396
63102,-8.203793,-3.726821,4.35733,-0.020006,-0.021228,0.001222,32.11,64.1926696463261
63112,-8.193623,-3.739982,4.358526,-0.020006,-0.020159,0.000153,32.11,64.1770279171795
63122,-8.199606,-3.73041,4.353741,-0.019853,-0.017715,0,32.13,64.2053729753229
63132,-8.181659,-3.736392,4.37408,-0.020311,-0.016646,0.000458,32.13,64.0659437323299
63142,-8.203793,-3.731607,4.366303,-0.020617,-0.014661,-0.000153,32.09,64.1513861372002
63152,-8.191828,-3.74058,4.366303,-0.020006,-0.011912,0.001069,32.09,64.1334983748229
63162,-8.200203,-3.735795,4.367499,-0.020006,-0.009468,0,32.1,64.1414051865943
63172,-8.200203,-3.737589,4.365705,-0.020311,-0.006414,-0.000458,32.1,64.152498749644
63182,-8.197212,-3.741179,4.368696,-0.021838,-0.004429,-0.000305,32.11,64.1340250949439
63192,-8.192427,-3.731009,4.362116,-0.021533,-0.00168,0,32.11,64.1465161828962
63202,-8.194221,-3.727419,4.36391,-0.021075,0.000764,0,32.14,64.1376336275617
63212,-8.206783,-3.727419,4.371089,-0.021075,0.003512,0.000458,32.14,64.1292176262269
63222,-8.194819,-3.735795,4.359125,-0.020922,0.005956,0,32.1,64.1723201290398
63232,-8.203793,-3.739982,4.365705,-0.020922,0.01069,0.000764,32.1,64.1631195316851
63242,-8.19781,-3.732205,4.363312,-0.021075,0.012981,0.000916,32.13,64.1538217616969
63252,-8.196614,-3.735795,4.353741,-0.021533,0.014355,-0.000305,32.12,64.2041485572064
63262,-8.210971,-3.741776,4.359723,-0.020922,0.015882,0,32.12,64.2120303840648
63272,-8.200802,-3.737589,4.355535,-0.020922,0.017562,0.000153,32.11,64.2062486950925
63282,-8.209177,-3.741179,4.35733,-0.020617,0.018784,0.000458,32.11,64.2196753313184
63292,-8.213365,-3.738786,4.342973,-0.021228,0.019853,-0.000153,32.11,64.300652064674
63302,-8.203195,-3.734,4.353741,-0.020617,0.020311,0.000305,32.11,64.2172135044961
63312,-8.20798,-3.729812,4.357928,-0.020769,0.020617,-0.000764,32.18,64.2021666241244
63322,-8.216354,-3.735196,4.337589,-0.020617,0.021228,-0.000305,32.18,64.3314728490071
63332,-8.227122,-3.734598,4.34417,-0.020464,0.021228,0,32.11,64.3212311452351
63342,-8.228318,-3.738786,4.343571,-0.020311,0.020617,0,32.11,64.3312997938789
63352,-8.206185,-3.735795,4.332206,-0.019395,0.020006,-0.000764,32.14,64.3369128318269
63362,-8.212168,-3.732804,4.331607,-0.0197,0.019242,0,32.14,64.3504374909894
63372,-8.224131,-3.731009,4.334598,-0.019548,0.017104,-0.000305,32.16,64.3601465256625
63382,-8.203195,-3.735196,4.336392,-0.018173,0.016188,0.000153,32.16,64.3079334678567
63392,-8.22473,-3.734598,4.331009,-0.018937,0.013744,-0.000458,32.1,64.3836736826881
63402,-8.227122,-3.729812,4.322036,-0.018784,0.011606,-0.000305,32.1,64.4304646338842
63412,-8.224131,-3.725027,4.324429,-0.01909,0.007178,-0.001069,32.11,64.4065009726367
63422,-8.219944,-3.729812,4.33041,-0.018326,0.00504,-0.000764,32.13,64.3710872012682
63432,-8.224131,-3.733402,4.323233,-0.018326,0.003054,-0.000764,32.13,64.4212221621195
63442,-8.216354,-3.742973,4.331607,-0.017868,0.000153,-0.000764,32.11,64.3703049821535
63452,-8.2349,-3.748357,4.323831,-0.018784,-0.002902,0,32.11,64.4575912329808
63462,-8.228917,-3.731009,4.32742,-0.018479,-0.00504,-0.000305,32.11,64.407943591366
63472,-8.22473,-3.734598,4.317849,-0.018173,-0.008552,-0.000458,32.11,64.4515832065912
63482,-8.218747,-3.73041,4.325625,-0.018631,-0.010996,-0.001527,32.09,64.3936972507112
63492,-8.228318,-3.736991,4.329813,-0.018326,-0.013592,-0.000458,32.09,64.4003615557631
63502,-8.225328,-3.735795,4.329215,-0.018784,-0.01573,-0.000916,32.14,64.3954961157614
63512,-8.22772,-3.736991,4.32742,-0.017868,-0.018021,-0.001527,32.14,64.4113573317014
63522,-8.219346,-3.734,4.329215,-0.018326,-0.020311,-0.001069,32.09,64.3801907219651
63532,-8.224131,-3.738187,4.339384,-0.018326,-0.021838,-0.000764,32.09,64.3428212132448
63542,-8.212766,-3.722634,4.335794,-0.019242,-0.023824,-0.000611,32.12,64.3197533489183
63552,-8.218747,-3.734598,4.337589,-0.018937,-0.025351,-0.001069,32.12,64.3362581583373
63562,-8.216354,-3.736991,4.344768,-0.018326,-0.025656,-0.001527,32.08,64.2963049944033
63572,-8.215158,-3.729214,4.34058,-0.018937,-0.025962,-0.001222,32.08,64.307212575459
63582,-8.205587,-3.734,4.344768,-0.019395,-0.028405,-0.001833,32.1,64.268893557771
63592,-8.201998,-3.725027,4.344768,-0.019853,-0.0281,-0.001222,32.11,64.2515313671422
63602,-8.199606,-3.735795,4.351348,-0.018631,-0.028253,-0.000458,32.11,64.2232697158498
63612,-8.210971,-3.734,4.347161,-0.019242,-0.027489,-0.000611,32.09,64.2687329758027
63622,-8.194819,-3.734598,4.350152,-0.018937,-0.026114,-0.000611,32.09,64.2173509427927
63632,-8.209774,-3.718446,4.358526,-0.019395,-0.025504,-0.001069,32.15,64.1914586053857
63642,-8.204989,-3.738187,4.350152,-0.0197,-0.023671,-0.001069,32.15,64.2440937430891
63652,-8.200203,-3.734,4.362116,-0.019242,-0.023366,-0.001069,32.12,64.1672724028577
63662,-8.197212,-3.725625,4.365107,-0.018937,-0.021838,-0.001374,32.12,64.1364121183088
63672,-8.209774,-3.73041,4.35733,-0.01909,-0.019242,-0.000764,32.14,64.2099291488067
63682,-8.199007,-3.735795,4.372285,-0.019242,-0.017257,0,32.14,64.1140498577101
63692,-8.196614,-3.735196,4.371089,-0.018784,-0.015272,-0.000153,32.09,64.1141464039148
63702,-8.196614,-3.726223,4.362714,-0.018631,-0.012523,0,32.09,64.1480015355679
63712,-8.193025,-3.734598,4.375875,-0.018326,-0.010232,0.000305,32.1,64.0807234253019
63722,-8.188239,-3.733402,4.368696,-0.018479,-0.007789,-0.000611,32.1,64.1055609621385
63732,-8.201998,-3.732804,4.368696,-0.018784,-0.005498,0.000153,32.14,64.1362260775155
63742,-8.199606,-3.73041,4.365107,-0.018479,-0.002749,0.000458,32.14,64.1467990180787
63752,-8.193025,-3.732804,4.368098,-0.019548,0.002749,-0.000153,32.11,64.1189103720069
63762,-8.203195,-3.738187,4.375276,-0.0197,0.004276,-0.000916,32.15,64.1106530547756
63772,-8.201998,-3.745964,4.367499,-0.01909,0.007025,0,32.15,64.1560047463755
63782,-8.2014,-3.741179,4.362116,-0.020311,0.009621,-0.000305,32.12,64.177410341444
63792,-8.2014,-3.739982,4.362116,-0.01909,0.011759,0,32.12,64.1761723972744
63802,-8.206783,-3.729812,4.357928,-0.019242,0.012981,-0.000305,32.15,64.1994527874943
63812,-8.197212,-3.736392,4.360321,-0.019548,0.014661,-0.000153,32.15,64.1722055708035
63822,-8.20798,-3.738786,4.360919,-0.0197,0.016952,0.000305,32.12,64.1960152113501
63832,-8.197212,-3.735196,4.356134,-0.020006,0.017257,0,32.12,64.1925484522147
63842,-8.208578,-3.735795,4.351348,-0.019548,0.018784,0.000458,32.16,64.243586833586
63852,-8.205587,-3.73041,4.345964,-0.019548,0.01909,-0.000153,32.16,64.2590298749963
63862,-8.208578,-3.724428,4.342973,-0.019853,0.0197,-0.000458,32.12,64.2750784838351
63872,-8.203793,-3.734,4.345964,-0.020006,0.020006,-0.000305,32.12,64.2586655429978
63882,-8.209774,-3.741776,4.345366,-0.019548,0.020311,0.000153,32.11,64.283281819389
63892,-8.209177,-3.74058,4.347161,-0.020159,0.020311,0.001069,32.11,64.2714488074914
63902,-8.217552,-3.734,4.333402,-0.020617,0.018631,0.000153,32.09,64.3545450406004
63912,-8.225926,-3.731009,4.339384,-0.020464,0.018479,-0.000153,32.09,64.339520649723
63922,-8.199007,-3.738187,4.33041,-0.020617,0.016035,-0.000458,32.05,64.332439372145
63932,-8.215158,-3.732804,4.333402,-0.020006,0.014203,-0.000611,32.14,64.3479200223155
63942,-8.210373,-3.723232,4.338786,-0.020617,0.011759,-0.001069,32.14,64.2995152957329
63952,-8.230114,-3.734598,4.33041,-0.020311,0.010232,0,32.09,64.398879718023
63962,-8.212766,-3.728616,4.336392,-0.020464,0.008094,0,32.09,64.3227990383502
63972,-8.225926,-3.739982,4.331009,-0.020464,0.006109,0.000458,32.09,64.3918711779052
63982,-8.22473,-3.732804,4.325027,-0.020769,0.003665,0.000153,32.09,64.4127007391201
63992,-8.22473,-3.737589,4.329813,-0.020311,0.001374,0.000458,32.11,64.392900255693
64002,-8.233105,-3.731009,4.332206,-0.020006,-0.00168,-0.000153,32.11,64.3926886192501
64012,-8.222935,-3.734598,4.332804,-0.019242,-0.003971,-0.001222,32.11,64.3703737993742
64022,-8.222935,-3.726223,4.34058,-0.019548,-0.006261,-0.000305,32.11,64.3217123277985
64032,-8.219944,-3.720839,4.329813,-0.019853,-0.008858,0.000305,32.16,64.3649966014051
64042,-8.224131,-3.722634,4.34058,-0.019548,-0.011759,0,32.16,64.3207427008593
64052,-8.228917,-3.731009,4.336991,-0.020006,-0.014203,0.000153,32.1,64.3585954736708
64062,-8.209177,-3.728018,4.323233,-0.018479,-0.016035,0.000153,32.1,64.3820286535215
64072,-8.215158,-3.734598,4.328018,-0.018784,-0.018021,-0.000916,32.13,64.3775439687345
64082,-8.218149,-3.742374,4.336392,-0.019242,-0.0197,-0.000458,32.13,64.3490565065822
64092,-8.222935,-3.738187,4.339982,-0.019548,-0.021228,-0.000153,32.11,64.3370439608522
64102,-8.214561,-3.731009,4.342375,-0.019853,-0.023213,-0.001069,32.12,64.2984491898727
64112,-8.219346,-3.744169,4.338188,-0.019242,-0.024435,0.000458,32.12,64.3443368307587
64122,-8.216354,-3.745365,4.348357,-0.019548,-0.025198,-0.000764,32.11,64.286421655039
64132,-8.218747,-3.741776,4.345964,-0.018937,-0.02474,-0.000764,32.11,64.3004590004759
64142,-8.222935,-3.732205,4.353143,-0.0197,-0.024893,-0.000611,32.14,64.2631195393276
64152,-8.206783,-3.73041,4.34058,-0.018784,-0.024129,-0.000305,32.14,64.2895096315429
64162,-8.196015,-3.736991,4.352544,-0.01909,-0.023518,-0.000916,32.12,64.210198851172
64172,-8.19781,-3.737589,4.356134,-0.019395,-0.02306,-0.000458,32.12,64.1963784974799
64182,-8.200802,-3.734,4.354938,-0.019395,-0.021991,-0.001069,32.12,64.2056196053092
64192,-8.206783,-3.731607,4.346562,-0.0197,-0.021075,-0.000764,32.12,64.259884891204
64202,-8.201998,-3.744768,4.36391,-0.018937,-0.018631,-0.000458,32.09,64.1732414513029
64212,-8.2014,-3.741179,4.360321,-0.018631,-0.017562,-0.001069,32.09,64.1866554328855
64222,-8.202596,-3.731009,4.364508,-0.018784,-0.015119,-0.000916,32.12,64.1572939567644
64232,-8.19123,-3.742973,4.359125,-0.019548,-0.013897,-0.000916,32.12,64.1716100023932
64242,-8.206783,-3.735795,4.369295,-0.0197,-0.011454,-0.000764,32.13,64.1470984350359
64252,-8.199606,-3.724428,4.361517,-0.018937,-0.00901,-0.000153,32.13,64.1591165509089
64262,-8.196015,-3.731607,4.356134,-0.019242,-0.00733,-0.000153,32.1,64.1861229190178
64272,-8.199606,-3.738786,4.367499,-0.01909,-0.003054,-0.000764,32.1,64.1431450043126
64282,-8.2014,-3.735795,4.356732,-0.018631,-0.000611,-0.001527,32.12,64.1995826078857
64292,-8.197212,-3.737589,4.359125,-0.018937,0.00168,-0.001527,32.1,64.1796069294037
64302,-8.19781,-3.734598,4.358526,-0.01909,0.00336,-0.000611,32.1,64.1809577413262
64312,-8.19123,-3.725625,4.351348,-0.0197,0.005651,-0.001374,32.11,64.193763942089
64322,-8.206783,-3.742374,4.353741,-0.019853,0.008094,-0.000611,32.11,64.2339767930498
64332,-8.207382,-3.74058,4.354938,-0.019395,0.009468,-0.000305,32.12,64.2273149850581
64342,-8.200203,-3.732804,4.35733,-0.018937,0.010843,-0.000305,32.12,64.1906975036789
64352,-8.206185,-3.736991,4.354938,-0.01909,0.01237,0,32.12,64.2209032874116
64362,-8.207382,-3.734,4.356134,-0.019548,0.013439,0.000458,32.12,64.2143689434555
64372,-8.206185,-3.734,4.351946,-0.018784,0.014661,0.001222,32.12,64.2332385142464
64382,-8.21157,-3.734,4.347161,-0.019395,0.01573,0.000305,32.12,64.2700875032899
64392,-8.208578,-3.727419,4.34417,-0.018631,0.016952,0.000305,32.12,64.271976628181
64402,-8.200802,-3.739383,4.347161,-0.01909,0.016952,-0.000153,32.12,64.2512729296792
64412,-8.199606,-3.733402,4.345964,-0.019242,0.016341,-0.000611,32.14,64.2485693831506
64422,-8.213365,-3.729812,4.350152,-0.019395,0.016646,-0.000764,32.14,64.2544277167535
64432,-8.210971,-3.738187,4.347161,-0.018937,0.016035,-0.000305,32.1,64.2730401880846
64442,-8.218149,-3.729812,4.346562,-0.019395,0.01405,0.000764,32.1,64.2837463890506
64452,-8.218747,-3.727419,4.345964,-0.019395,0.012981,0.000458,32.09,64.2857259466939
64462,-8.214561,-3.736991,4.33041,-0.019395,0.012217,0.000916,32.14,64.3663055406727
64472,-8.226524,-3.735196,4.338188,-0.018937,0.010537,0.000305,32.14,64.3513151151872
64482,-8.221141,-3.726821,4.342375,-0.019242,0.008399,0.000305,32.12,64.3090206261738
64492,-8.230712,-3.732804,4.334,-0.019395,0.006414,0.000305,32.12,64.3798871111832
64502,-8.221739,-3.736392,4.335197,-0.020159,0.004123,0.000153,32.12,64.3571755131116
64512,-8.215158,-3.734598,4.336991,-0.019548,0.002443,-0.000153,32.12,64.3312449132342
64522,-8.216953,-3.73041,4.321437,-0.020617,-0.000153,-0.000764,32.13,64.4112813121548
64532,-8.213962,-3.731009,4.33041,-0.020769,-0.002291,-0.000458,32.13,64.3588231570759
64542,-8.206783,-3.73041,4.343571,-0.020617,-0.004581,-0.000458,32.15,64.2740794079218
64552,-8.215756,-3.741776,4.336991,-0.020006,-0.006872,-0.000153,32.15,64.33996053805
64562,-8.217552,-3.742973,4.332206,-0.019853,-0.008247,0.000305,32.1,64.3699131862929
64572,-8.215756,-3.738786,4.335794,-0.019853,-0.009774,0.001222,32.1,64.3430644351482
64582,-8.210971,-3.745365,4.328616,-0.020159,-0.012828,0.000458,32.11,64.3760704109299
64592,-8.228318,-3.728018,4.338188,-0.019853,-0.01405,0.000153,32.11,64.3480208281792
64602,-8.216953,-3.735795,4.341777,-0.020311,-0.015577,-0.000916,32.11,64.3118458787543
64612,-8.221739,-3.739982,4.345366,-0.020464,-0.017104,-0.000764,32.11,64.3084477787964
64622,-8.204989,-3.732804,4.346562,-0.0197,-0.019242,-0.000305,32.14,64.25705665398
64632,-8.216354,-3.735795,4.341777,-0.020311,-0.020311,0.000305,32.13,64.3104937308601
64642,-8.216354,-3.738187,4.338786,-0.020311,-0.020617,-0.000153,32.13,64.3283692217687
64652,-8.216354,-3.739982,4.34417,-0.020159,-0.020159,0.000764,32.07,64.3024591878908
64662,-8.214561,-3.742973,4.347759,-0.020464,-0.02138,0.000305,32.07,64.2829935075872
64672,-8.20798,-3.742973,4.347759,-0.019548,-0.020311,0.000611,32.1,64.2681265992798
64682,-8.204391,-3.738786,4.347759,-0.019395,-0.020311,0.000305,32.1,64.2556948030908
64692,-8.203195,-3.732205,4.359125,-0.020006,-0.0197,-0.000153,32.13,64.1876165815117
64702,-8.20798,-3.731009,4.360321,-0.020006,-0.018631,-0.000305,32.13,64.1910740197364
64712,-8.205587,-3.731607,4.356732,-0.019853,-0.017715,-0.000764,32.14,64.2047534125252
64722,-8.21157,-3.729214,4.348955,-0.020006,-0.017104,0.000305,32.14,64.2559203614106
64732,-8.205587,-3.739383,4.351348,-0.019853,-0.015119,0.000305,32.12,64.2405159067075
64742,-8.196015,-3.746562,4.360919,-0.019395,-0.012981,-0.000153,32.12,64.1769396382565
64752,-8.204989,-3.728018,4.359125,-0.019395,-0.011759,0,32.11,64.187367761819
64762,-8.198408,-3.735196,4.360919,-0.019395,-0.010079,-0.000305,32.11,64.1706016733224
64772,-8.194221,-3.739383,4.354938,-0.018173,-0.008094,-0.000611,32.12,64.1962608590316
64782,-8.200802,-3.732205,4.371687,-0.018784,-0.006109,-0.000153,32.12,64.1174920454723
64792,-8.200802,-3.731607,4.356732,-0.01909,-0.002291,-0.001222,32.12,64.1939025719678
64802,-8.193623,-3.735196,4.347161,-0.018326,-0.000305,-0.000153,32.08,64.2306890657251
64812,-8.19123,-3.727419,4.371687,-0.018479,0.001374,0.000153,32.08,64.0907570225144
64822,-8.196015,-3.735196,4.365107,-0.018173,0.003207,-0.000458,32.11,64.1435918370664
64832,-8.200203,-3.725625,4.356732,-0.018631,0.00504,0,32.11,64.1863707583157
64842,-8.199007,-3.73041,4.359125,-0.018021,0.006872,-0.000916,32.12,64.1762598964407
64852,-8.2014,-3.738786,4.352544,-0.017715,0.008094,-0.001222,32.12,64.2242560380208
64862,-8.200802,-3.725027,4.350152,-0.018784,0.009621,-0.001069,32.13,64.2210438410661
64872,-8.202596,-3.728616,4.360919,-0.017868,0.010996,-0.000458,32.13,64.1733108326727
64882,-8.2014,-3.73041,4.348357,-0.018326,0.012981,-0.000458,32.12,64.2372048026392
64892,-8.210373,-3.72383,4.348955,-0.017562,0.013592,0.000305,32.12,64.2476781439532
64902,-8.210373,-3.725027,4.350152,-0.018021,0.013897,-0.000458,32.14,64.2427371662792
64912,-8.20798,-3.723232,4.347759,-0.018784,0.01405,-0.000458,32.14,64.2478099702578
64922,-8.214561,-3.74058,4.348955,-0.018326,0.013897,-0.001069,32.09,64.2743700155196
64932,-8.219944,-3.736991,4.344768,-0.018479,0.013897,-0.000764,32.09,64.3044094367671
64942,-8.209177,-3.739383,4.336991,-0.018326,0.013744,0,32.12,64.3226606194978
64952,-8.210971,-3.735795,4.341179,-0.018479,0.012981,-0.000916,32.12,64.3014211453754
64962,-8.206783,-3.739383,4.338188,-0.018784,0.01069,-0.001069,32.11,64.311079900935
64972,-8.215158,-3.735196,4.328018,-0.018173,0.010079,0,32.16,64.3781566568719
64982,-8.221141,-3.735196,4.329215,-0.018479,0.008399,0,32.16,64.3854577083926
64992,-8.213365,-3.731607,4.329215,-0.018479,0.00672,-0.000916,32.11,64.3642578913289
65002,-8.218747,-3.728616,4.328616,-0.018631,0.005498,-0.000916,32.11,64.3764236755687
65012,-8.214561,-3.731607,4.336991,-0.018937,0.002596,-0.000764,32.12,64.3268295581993
65022,-8.219346,-3.731009,4.336392,-0.020159,0.000916,-0.00168,32.12,64.3401051159668
65032,-8.217552,-3.741776,4.334,-0.020159,-0.001222,-0.000611,32.11,64.3594325388239
65042,-8.216354,-3.734598,4.336392,-0.019242,-0.00336,-0.000764,32.11,64.3370329500914
65052,-8.221141,-3.727419,4.346562,-0.01909,-0.005498,-0.001222,32.11,64.2880548025737
65062,-8.212168,-3.732205,4.337589,-0.018784,-0.007483,-0.000458,32.11,64.3189548045088
65072,-8.210373,-3.734598,4.335197,-0.020159,-0.010079,-0.000916,32.09,64.3297000408979
65082,-8.210373,-3.726821,4.342375,-0.01909,-0.011606,-0.001069,32.09,64.2846821100212
65092,-8.21157,-3.741179,4.341179,-0.018784,-0.013592,-0.000764,32.12,64.3083091144683
65102,-8.217552,-3.734598,4.335197,-0.018784,-0.015272,-0.001222,32.12,64.3458987232802
65112,-8.222337,-3.723232,4.332804,-0.018937,-0.016952,-0.001527,32.14,64.357405796039
65122,-8.21157,-3.729214,4.341179,-0.0197,-0.018479,-0.001833,32.14,64.2960147313295
65132,-8.207382,-3.733402,4.345964,-0.020006,-0.0197,-0.001222,32.14,64.2661711718147
65142,-8.207382,-3.734,4.34417,-0.019548,-0.020922,-0.00168,32.11,64.2760379415671
65152,-8.207382,-3.734598,4.345964,-0.0197,-0.021075,-0.001222,32.11,64.2674020886373
65162,-8.222935,-3.739383,4.338786,-0.019242,-0.021075,-0.000305,32.1,64.3444332384772
65172,-8.208578,-3.732804,4.345964,-0.020311,-0.02138,-0.000611,32.1,64.268261524895
65182,-8.203195,-3.742973,4.354339,-0.019242,-0.020464,-0.000305,32.09,64.2233937132097
65192,-8.203793,-3.727419,4.348955,-0.020006,-0.020159,-0.001069,32.09,64.236462026336
65202,-8.200802,-3.736392,4.354938,-0.020617,-0.019242,-0.001069,32.12,64.208089333244
65212,-8.201998,-3.736392,4.352544,-0.019853,-0.017104,-0.001069,32.12,64.2231393808111
65222,-8.191828,-3.737589,4.353741,-0.020159,-0.016799,-0.001069,32.08,64.1951484436922
65232,-8.197212,-3.738786,4.363312,-0.020617,-0.014966,0.000153,32.08,64.1592731377163
65242,-8.195418,-3.739383,4.35733,-0.020617,-0.012981,-0.000764,32.08,64.1866446478397
65252,-8.199007,-3.738786,4.359723,-0.020922,-0.011454,-0.001069,32.08,64.1818354518413
65262,-8.196015,-3.727419,4.351946,-0.020006,-0.009316,-0.000611,32.11,64.203395650907
65272,-8.202596,-3.734,4.363312,-0.0197,-0.008094,0.001222,32.11,64.166542984913
65282,-8.205587,-3.732804,4.358526,-0.0197,-0.005498,0.000611,32.11,64.1967449065134
65292,-8.202596,-3.728018,4.358526,-0.020159,-0.003512,0.000153,32.11,64.1850241764406
65302,-8.192427,-3.736392,4.35733,-0.020006,-0.001222,0.000916,32.13,64.1767615001207
65312,-8.19123,-3.729812,4.354938,-0.020769,0.002749,0.000458,32.14,64.1795699785805
65322,-8.199007,-3.732205,4.357928,-0.020311,0.00336,0.000153,32.14,64.1842832111404
65332,-8.199007,-3.738187,4.357928,-0.01909,0.005498,0.000611,32.13,64.1904651655232
65342,-8.215158,-3.734598,4.349553,-0.019548,0.006872,-0.000153,32.13,64.2664876376992
65352,-8.2014,-3.735196,4.353741,-0.019242,0.008858,0.000305,32.1,64.2143797592561
65362,-8.199007,-3.732205,4.354938,-0.019853,0.010385,-0.000153,32.1,64.1996957872571
65372,-8.201998,-3.74058,4.356134,-0.019395,0.012981,0.000153,32.14,64.2089618459794
65382,-8.204391,-3.742374,4.347161,-0.018326,0.013286,0.001222,32.14,64.2624779863374
65392,-8.21157,-3.741776,4.356134,-0.018784,0.015119,0.000153,32.1,64.2318642965884
65402,-8.206783,-3.731607,4.347759,-0.01909,0.016341,0,32.1,64.2537126416128
65412,-8.209177,-3.735196,4.34417,-0.018631,0.015882,-0.000153,32.13,64.2813271196873
65422,-8.213962,-3.736392,4.341777,-0.018479,0.016341,0.000611,32.13,64.3057061944782
65432,-8.202596,-3.732205,4.348357,-0.018173,0.016493,0,32.14,64.2417642045982
65442,-8.216953,-3.735795,4.34417,-0.018479,0.015119,-0.000916,32.14,64.2995114289423
65452,-8.213365,-3.737589,4.345366,-0.01909,0.015424,-0.000458,32.12,64.2870865141869
65462,-8.200203,-3.726223,4.337589,-0.018479,0.014355,-0.000458,32.12,64.285753227349
65472,-8.213365,-3.727419,4.333402,-0.018173,0.013897,-0.001069,32.1,64.3383543640422
65482,-8.222935,-3.736991,4.333402,-0.018784,0.011148,-0.000458,32.1,64.3697388623043
65492,-8.212168,-3.734,4.325625,-0.018021,0.008552,-0.001374,32.1,64.3825469785569
65502,-8.221739,-3.735196,4.332206,-0.018021,0.007483,-0.001069,32.12,64.3713755922534
65512,-8.224131,-3.736991,4.32742,-0.01741,0.00504,-0.00168,32.12,64.4032843757742
65522,-8.235497,-3.732205,4.329813,-0.018173,0.002749,-0.000305,32.14,64.4116232168754
65532,-8.219944,-3.739982,4.342973,-0.017715,0.000611,-0.000611,32.14,64.3167276004447
65542,-8.230114,-3.727419,4.331607,-0.018479,-0.00168,-0.000611,32.13,64.3853825904396
65552,-8.228318,-3.733402,4.323233,-0.018784,-0.003971,-0.000611,32.13,64.4306381797165
65562,-8.228318,-3.727419,4.331607,-0.018479,-0.006261,-0.000611,32.11,64.3813375471819
65572,-8.216953,-3.727419,4.334,-0.018021,-0.008094,-0.001222,32.11,64.3433682941376
65582,-8.216953,-3.725625,4.32742,-0.018937,-0.009468,-0.000764,32.15,64.3754935516017
65592,-8.219944,-3.729812,4.332804,-0.018173,-0.011606,0.000458,32.15,64.3587356722831
65602,-8.213962,-3.739982,4.336392,-0.018937,-0.013286,-0.000305,32.09,64.3371622501465
65612,-8.216354,-3.731009,4.337589,-0.01909,-0.014966,-0.001374,32.09,64.3271795743711
65622,-8.213962,-3.725625,4.339982,-0.019548,-0.016188,-0.000611,32.12,64.3039139126133
65632,-8.217552,-3.736991,4.337589,-0.019395,-0.018326,-0.000458,32.12,64.336016383393
65642,-8.221141,-3.735196,4.34417,-0.018784,-0.018784,-0.000611,32.08,64.3083509701908
65652,-8.209774,-3.729812,4.344768,-0.0197,-0.01909,-0.001527,32.08,64.2740578232195
65662,-8.216354,-3.728616,4.35075,-0.018937,-0.0197,-0.000153,32.16,64.2568806788958
65672,-8.217552,-3.743571,4.339982,-0.019395,-0.020159,-0.000916,32.12,64.3304326847824
65682,-8.204391,-3.737589,4.339384,-0.019395,-0.020617,-0.000916,32.12,64.2976584770286
65692,-8.214561,-3.738187,4.342375,-0.019548,-0.021228,-0.001222,32.11,64.3058195731041
65702,-8.203793,-3.736392,4.348357,-0.019242,-0.020617,-0.000916,32.11,64.2487901783022
65712,-8.203195,-3.745964,4.347759,-0.019242,-0.020617,-0.000611,32.15,64.2603954698348
65722,-8.209774,-3.738187,4.353143,-0.01909,-0.020006,-0.001069,32.15,64.2395082360869
65732,-8.202596,-3.727419,4.347759,-0.019853,-0.0197,-0.001222,32.1,64.239918075023
65742,-8.197212,-3.734,4.353741,-0.019395,-0.018479,-0.001222,32.1,64.2036498894985
65752,-8.195418,-3.741776,4.35733,-0.018937,-0.017562,-0.001833,32.11,64.1891217333049
65762,-8.201998,-3.743571,4.354938,-0.019395,-0.016646,-0.001374,32.11,64.2182150605789
65772,-8.20798,-3.736991,4.369893,-0.019395,-0.016035,-0.001222,32.1,64.1479731270665
65782,-8.196015,-3.735196,4.360919,-0.01909,-0.014508,-0.001069,32.1,64.1651695929249
65792,-8.201998,-3.728018,4.353741,-0.018784,-0.012217,-0.000611,32.09,64.2083312356735
65802,-8.210373,-3.738786,4.367499,-0.0197,-0.011301,-0.000764,32.09,64.1675711296932
65812,-8.196614,-3.739383,4.369893,-0.0197,-0.009621,-0.000611,32.11,64.1246426834528
65822,-8.18764,-3.731607,4.361517,-0.01909,-0.007636,-0.001527,32.11,64.1393396061695
65832,-8.203195,-3.732804,4.362116,-0.019548,-0.003818,-0.000764,32.12,64.1728269739872
65842,-8.203793,-3.733402,4.363312,-0.020006,-0.002443,-0.001069,32.13,64.1686416130743
65852,-8.205587,-3.731009,4.357928,-0.020006,-0.000153,-0.000764,32.13,64.1979747419319
65862,-8.199606,-3.735795,4.361517,-0.020006,0.00168,-0.000764,32.11,64.170858836452
65872,-8.198408,-3.743571,4.361517,-0.020159,0.00336,-0.001222,32.11,64.1761866571746
65882,-8.193025,-3.734598,4.360321,-0.0197,0.005651,-0.001374,32.11,64.1608428547885
65892,-8.202596,-3.741776,4.361517,-0.019853,0.007789,-0.000611,32.11,64.1838238915287
65902,-8.201998,-3.745964,4.347161,-0.019548,0.010079,-0.000764,32.11,64.2607721230151
65912,-8.194819,-3.741776,4.360919,-0.020159,0.011148,-0.001374,32.11,64.1692676692442
65922,-8.203793,-3.735196,4.351348,-0.019853,0.012217,-0.001222,32.1,64.23213674292
65932,-8.20798,-3.739383,4.354938,-0.020311,0.013286,-0.000458,32.1,64.2274339582714
65942,-8.208578,-3.735795,4.354339,-0.020311,0.014813,-0.000458,32.09,64.2281751337641
65952,-8.208578,-3.732205,4.347759,-0.020159,0.01573,-0.000916,32.09,64.2583905349119
65962,-8.218747,-3.731607,4.348357,-0.020922,0.01741,-0.001069,32.07,64.2776903549808
65972,-8.209177,-3.739982,4.339982,-0.020311,0.016952,-0.000916,32.07,64.3078480696139
65982,-8.20798,-3.735795,4.345366,-0.019853,0.01741,-0.000305,32.1,64.273070032461
65992,-8.222337,-3.735795,4.346562,-0.019548,0.017868,0.000611,32.1,64.299341373848
66002,-8.214561,-3.728616,4.341777,-0.01909,0.016799,0.001069,32.15,64.2990774490117
66012,-8.215756,-3.731607,4.338188,-0.01909,0.01573,-0.000153,32.13,64.3233532769721
66022,-8.203793,-3.74058,4.335794,-0.018631,0.014661,-0.000153,32.13,64.3179132465098
66032,-8.216354,-3.74058,4.34058,-0.018326,0.013286,0.000305,32.11,64.3215769690665
66042,-8.219944,-3.73041,4.331009,-0.018326,0.012065,-0.000153,32.11,64.3686082438425
66052,-8.219944,-3.727419,4.335794,-0.017562,0.010232,0.000153,32.12,64.340863599929
66062,-8.215158,-3.735795,4.33041,-0.017868,0.008247,0.000611,32.12,64.3664250492403
66072,-8.216354,-3.726821,4.334,-0.017562,0.005498,0.000611,32.1,64.341403978713
66082,-8.219346,-3.733402,4.326224,-0.018326,0.003207,0,32.1,64.3950145651216
66092,-8.220542,-3.726821,4.338786,-0.018021,0.000458,0.000305,32.11,64.3261712085043
66102,-8.219346,-3.737589,4.336991,-0.017562,-0.00168,0.000764,32.11,64.3437582818224
66112,-8.230712,-3.733402,4.338188,-0.017715,-0.003512,0.000764,32.06,64.3589154678801
66122,-8.228318,-3.733402,4.331607,-0.018173,-0.006414,0.000153,32.06,64.3874452983397
66132,-8.222337,-3.736392,4.326224,-0.018021,-0.008705,-0.000458,32.12,64.4048058700117
66142,-8.216354,-3.729812,4.328018,-0.018326,-0.010843,0.000611,32.12,64.3753390777753
66152,-8.226524,-3.741776,4.331607,-0.018937,-0.012828,0.000916,32.09,64.3919683589571
66162,-8.219346,-3.738786,4.33041,-0.01909,-0.014813,-0.000305,32.09,64.3789257199558
66172,-8.213365,-3.743571,4.341777,-0.018784,-0.018021,-0.000305,32.06,64.3117370353315
66182,-8.215756,-3.729214,4.346562,-0.01909,-0.019548,-0.000611,32.08,64.2777234564142
66192,-8.20798,-3.741179,4.339384,-0.019395,-0.020311,-0.000305,32.08,64.3094613258615
66202,-8.212766,-3.729214,4.338786,-0.019395,-0.021228,0.001069,32.08,64.3110613743458
66212,-8.213962,-3.728018,4.34417,-0.019395,-0.021838,0,32.08,64.2847706513443
66222,-8.215158,-3.735196,4.354339,-0.019242,-0.022144,-0.001069,32.12,64.2424492935864
66232,-8.201998,-3.738786,4.348955,-0.019395,-0.022297,-0.000458,32.12,64.2441128493185
66242,-8.195418,-3.735196,4.351348,-0.018937,-0.022144,0.000305,32.11,64.2131580056179
66252,-8.207382,-3.726821,4.344768,-0.018631,-0.021533,0.000153,32.11,64.2655705920371
66262,-8.204391,-3.737589,4.353143,-0.018631,-0.020311,-0.001222,32.13,64.2267070778195
66272,-8.193025,-3.735795,4.353143,-0.018937,-0.019395,-0.000611,32.13,64.1990918654705
66282,-8.206783,-3.728018,4.352544,-0.018631,-0.018173,-0.000611,32.12,64.22534995653
66292,-8.191828,-3.736392,4.354938,-0.019242,-0.016493,-0.000153,32.12,64.1877361410959
66302,-8.194221,-3.735795,4.348955,-0.018784,-0.015577,0,32.13,64.2234072600602
66312,-8.2014,-3.738786,4.360919,-0.019242,-0.014355,-0.001069,32.13,64.1811010767022
66322,-8.200802,-3.733402,4.350152,-0.019242,-0.012065,0.000153,32.12,64.2296774602134
66332,-8.19123,-3.73041,4.36391,-0.0197,-0.010385,-0.000305,32.12,64.1339275979298
66342,-8.201998,-3.728616,4.354339,-0.019242,-0.009468,0.000153,32.12,64.2058648468018
66352,-8.203793,-3.732804,4.354938,-0.018937,-0.004887,0,32.13,64.2111658489515
66362,-8.203195,-3.734598,4.354339,-0.018326,-0.003207,0.000153,32.13,64.2147482226654
66372,-8.199007,-3.727419,4.363312,-0.01909,-0.001222,-0.001069,32.12,64.1515945369952
66382,-8.207382,-3.729214,4.354339,-0.019548,0.001222,-0.001069,32.12,64.2186873805235
66392,-8.193025,-3.736991,4.358526,-0.018937,0.002138,-0.000916,32.12,64.1725733214278
66402,-8.196015,-3.736392,4.362116,-0.018937,0.00336,-0.000916,32.12,64.1602393113284
66413,-8.207382,-3.736991,4.358526,-0.019548,0.005192,-0.001374,32.11,64.205131484262
66422,-8.20798,-3.734598,4.362714,-0.019548,0.007178,-0.001833,32.11,64.182452159602
66432,-8.20798,-3.741179,4.359723,-0.018631,0.008858,-0.001374,32.09,64.2046430269094
66442,-8.208578,-3.736392,4.353143,-0.019853,0.010232,-0.001374,32.09,64.2349523282711
66453,-8.20798,-3.738786,4.347759,-0.019853,0.010996,-0.000764,32.12,64.2638125734251
66462,-8.209177,-3.742973,4.341777,-0.01909,0.011912,-0.001374,32.12,64.30166923831
66472,-8.200203,-3.731607,4.351946,-0.018326,0.013134,-0.001527,32.12,64.2172172055987
66482,-8.212168,-3.739982,4.35075,-0.018784,0.013286,-0.002138,32.12,64.2590994029985
66492,-8.213962,-3.735795,4.350152,-0.018937,0.013897,-0.001985,32.1,64.261928076889
66502,-8.209774,-3.738786,4.338786,-0.018937,0.013592,-0.001833,32.1,64.3141348256552
66512,-8.207382,-3.72383,4.345964,-0.018631,0.014813,-0.001833,32.1,64.256327548727
66522,-8.219944,-3.736392,4.348357,-0.017868,0.012675,-0.001222,32.1,64.2853053015077
66532,-8.210373,-3.732205,4.336991,-0.018784,0.012828,-0.002138,32.17,64.3179858817882
66542,-8.223534,-3.741776,4.329813,-0.018479,0.012065,-0.001833,32.13,64.3944930572199
66552,-8.215158,-3.733402,4.341179,-0.018173,0.010537,-0.001069,32.13,64.3084203479739
66562,-8.218149,-3.732804,4.33041,-0.018173,0.009316,-0.001222,32.09,64.3701028787229
66572,-8.216354,-3.729214,4.332804,-0.018479,0.007178,-0.000916,32.09,64.350025757827
66582,-8.212766,-3.729812,4.332206,-0.017715,0.006414,-0.000916,32.13,64.345627516117
66592,-8.225328,-3.735196,4.331607,-0.018173,0.003971,-0.000764,32.13,64.3825475057081
66602,-8.225926,-3.728616,4.333402,-0.018326,0.001374,-0.001833,32.13,64.3679136749001
66612,-8.221141,-3.729812,4.332804,-0.018173,-0.000611,-0.000764,32.13,64.3614346599901
66622,-8.221141,-3.722634,4.334598,-0.017257,-0.002138,-0.000611,32.12,64.3448409022849
66632,-8.219346,-3.738187,4.331607,-0.017562,-0.004734,-0.000764,32.12,64.3721373171877
66642,-8.216354,-3.74058,4.336392,-0.017868,-0.007025,-0.000764,32.11,64.3431697832011
66652,-8.215158,-3.728018,4.322634,-0.017715,-0.008705,-0.000153,32.11,64.3986088754376
66662,-8.213365,-3.735196,4.333402,-0.018021,-0.010232,-0.000153,32.11,64.3463281471497
66672,-8.221141,-3.732804,4.334,-0.018326,-0.012217,0,32.11,64.3583271384181
66682,-8.22772,-3.736392,4.342375,-0.017715,-0.01405,0.000153,32.07,64.3336614753483
66692,-8.224131,-3.733402,4.339982,-0.018021,-0.016952,0,32.07,64.3348396190047
66702,-8.210971,-3.736991,4.338786,-0.018631,-0.018173,-0.000153,32.12,64.3149923508373
66712,-8.207382,-3.732804,4.345964,-0.018021,-0.019242,0.000153,32.11,64.2655557947638
66722,-8.207382,-3.733402,4.355535,-0.018631,-0.0197,0.001069,32.11,64.2168387194662
66732,-8.217552,-3.72383,4.348357,-0.019242,-0.020311,0.000611,32.11,64.2670116465047
66742,-8.216953,-3.731607,4.347161,-0.019242,-0.021533,0.000153,32.11,64.2797983391373
66752,-8.204391,-3.737589,4.355535,-0.018937,-0.021533,0.000611,32.13,64.2143808334847
66762,-8.204391,-3.739383,4.348357,-0.018173,-0.021075,0.000764,32.13,64.2532272534052
66772,-8.20798,-3.736991,4.356134,-0.018631,-0.020464,-0.000305,32.12,64.218806633621
66782,-8.200802,-3.742374,4.350152,-0.018479,-0.019548,-0.000305,32.12,64.2389383364511
66792,-8.206185,-3.734598,4.353741,-0.0197,-0.019548,-0.000458,32.12,64.2246039351404
66802,-8.196614,-3.732804,4.354938,-0.019395,-0.018021,0.000153,32.12,64.1948857438285
66812,-8.198408,-3.724428,4.351348,-0.018937,-0.016341,0,32.08,64.2088258699219
66822,-8.203793,-3.729214,4.364508,-0.01909,-0.014508,0.000611,32.08,64.1581585719413
66832,-8.2014,-3.728616,4.361517,-0.018937,-0.012523,0.000916,32.1,64.1675145455873
66842,-8.194819,-3.74058,4.359125,-0.01909,-0.010996,0.000153,32.1,64.1772735784181
66852,-8.200802,-3.732205,4.358526,-0.019395,-0.009163,0.000305,32.11,64.1852743203316
66862,-8.185846,-3.723232,4.353143,-0.020006,-0.007483,0.001069,32.11,64.1697882619548
66872,-8.206783,-3.734,4.353741,-0.020006,-0.002902,0.000305,32.1,64.2253420348514
66882,-8.210971,-3.715455,4.368098,-0.019548,-0.000458,-0.000153,32.11,64.1418042293314
66892,-8.200203,-3.734,4.365107,-0.019853,0.001527,-0.000153,32.11,64.1518662469721
66902,-8.208578,-3.741179,4.362116,-0.020006,0.004123,0.000153,32.12,64.1936772795337
66912,-8.196614,-3.735196,4.354339,-0.019395,0.005956,-0.000153,32.12,64.2004461285318
66922,-8.204989,-3.73041,4.35733,-0.019242,0.007789,0.000305,32.13,64.1990823088363
66932,-8.2014,-3.739383,4.359125,-0.019395,0.009468,0.000153,32.13,64.1909596336722
66942,-8.212168,-3.729214,4.358526,-0.019548,0.009927,-0.000153,32.09,64.207962922746
66952,-8.200203,-3.734598,4.360919,-0.019395,0.011606,0,32.09,64.1740570545779
66962,-8.209774,-3.734598,4.355535,-0.019242,0.012523,-0.000153,32.1,64.2234885632711
66972,-8.202596,-3.729812,4.356732,-0.018631,0.013897,0.000153,32.1,64.196119958265
66982,-8.217552,-3.733402,4.35733,-0.018937,0.014508,0.000764,32.09,64.2306199537103
66992,-8.215158,-3.731607,4.35075,-0.01909,0.015424,0,32.09,64.2572470724381
67002,-8.208578,-3.736991,4.34417,-0.018937,0.015272,-0.000153,32.07,64.2818198186288
67012,-8.212766,-3.737589,4.345366,-0.018631,0.015272,-0.000916,32.07,64.2857332675109
67022,-8.221739,-3.735795,4.339384,-0.018631,0.014966,-0.000153,32.13,64.3349786475362
67032,-8.220542,-3.733402,4.335794,-0.01909,0.014661,-0.001527,32.13,64.3483370339063
67042,-8.222337,-3.737589,4.339384,-0.018021,0.013286,-0.001069,32.16,64.3381651071021
67052,-8.228318,-3.732804,4.339384,-0.018631,0.012065,-0.000916,32.11,64.3467482693776
67062,-8.214561,-3.734,4.329215,-0.018326,0.01069,-0.001069,32.11,64.3694070178241
67072,-8.227122,-3.732205,4.334,-0.018021,0.009621,-0.000458,32.11,64.3711915271413
67082,-8.215158,-3.745365,4.335794,-0.018021,0.007483,-0.001527,32.11,64.3484712528877
67092,-8.221739,-3.727419,4.332206,-0.018784,0.005956,-0.00168,32.08,64.3634208490996
67102,-8.221739,-3.732804,4.338786,-0.018326,0.004276,-0.000916,32.08,64.334997461378
67112,-8.216953,-3.742973,4.33041,-0.018173,0.002749,-0.001222,32.05,64.3778289006265
67122,-8.216953,-3.724428,4.331009,-0.018326,0.000611,-0.001527,32.05,64.3557424677099
67132,-8.217552,-3.739383,4.333402,-0.018326,-0.002291,-0.001222,32.13,64.3600625096527
67142,-8.223534,-3.720839,4.333402,-0.018937,-0.00504,-0.001985,32.13,64.3545776162245
67152,-8.22772,-3.736392,4.331009,-0.019395,-0.006567,-0.001833,32.13,64.3922373282567
67162,-8.215756,-3.736991,4.332206,-0.018937,-0.007483,-0.001527,32.13,64.3597318290102
67172,-8.214561,-3.736991,4.332206,-0.018937,-0.009468,-0.001527,32.11,64.3570378341878
67182,-8.213365,-3.739383,4.331009,-0.018479,-0.011148,-0.001985,32.11,64.3629723455101
67192,-8.214561,-3.735196,4.334,-0.018784,-0.013439,-0.001985,32.11,64.3459405905003
67202,-8.215756,-3.734,4.345366,-0.018631,-0.014508,-0.001222,32.11,64.2888007920569
67212,-8.210971,-3.739982,4.328018,-0.019548,-0.017104,0,32.11,64.3736293126551
67222,-8.216354,-3.735795,4.341777,-0.018173,-0.018173,-0.000916,32.11,64.3104937308601
67232,-8.218149,-3.739383,4.341777,-0.018937,-0.018326,-0.000764,32.11,64.3182272875778
67242,-8.212766,-3.737589,4.34417,-0.019242,-0.018784,-0.000458,32.15,64.2918982646737
67252,-8.218149,-3.739383,4.337589,-0.018631,-0.0197,-0.000458,32.15,64.3398161664861
67262,-8.206185,-3.737589,4.343571,-0.018784,-0.0197,0.000305,32.16,64.2801147208034
67272,-8.212168,-3.726223,4.348955,-0.019395,-0.020311,0.000305,32.16,64.2542007505588
67282,-8.209774,-3.736392,4.34058,-0.01909,-0.020159,0,32.07,64.3024201009699
67292,-8.200802,-3.736991,4.341777,-0.019242,-0.019853,-0.000764,32.07,64.2765797446729
67302,-8.206185,-3.729214,4.348357,-0.01909,-0.019395,-0.000305,32.17,64.246812338027
67312,-8.199007,-3.738187,4.353143,-0.019242,-0.018784,-0.000458,32.17,64.2151281511036
67322,-8.208578,-3.736392,4.351348,-0.019242,-0.017868,-0.001833,32.12,64.2442017315688
67333,-8.193623,-3.736392,4.359125,-0.01909,-0.01741,-0.00168,32.12,64.1702229765882
67342,-8.199606,-3.732205,4.357928,-0.019548,-0.016035,-0.000764,32.14,64.1856424386222
67352,-8.210971,-3.737589,4.353143,-0.019395,-0.015119,-0.001222,32.14,64.2416004715189
67362,-8.210373,-3.739982,4.363312,-0.019853,-0.013744,-0.001374,32.13,64.1903516263536
67372,-8.206185,-3.735196,4.354339,-0.020464,-0.012217,-0.001985,32.13,64.2221388506116
67382,-8.208578,-3.735795,4.360321,-0.019395,-0.010232,-0.001222,32.14,64.197363740705
67392,-8.195418,-3.735795,4.357928,-0.019395,-0.007636,-0.001374,32.14,64.1798496292199
67402,-8.213365,-3.743571,4.351946,-0.019548,-0.005498,-0.000611,32.14,64.259339552528
67412,-8.198408,-3.728616,4.36391,-0.018631,-0.00336,0.000153,32.09,64.1483891921003
67422,-8.209774,-3.727419,4.359125,-0.018784,-0.00168,-0.000764,32.09,64.1976038140433
67432,-8.203793,-3.734,4.362714,-0.019548,-0.000305,-0.001527,32.12,64.1723388256542
67442,-8.199007,-3.731607,4.35733,-0.018937,0.000764,-0.000305,32.12,64.1867477687467
67452,-8.195418,-3.725625,4.36391,-0.018479,0.002902,-0.000458,32.11,64.1385005032365
67462,-8.192427,-3.735196,4.356732,-0.018937,0.004581,-0.001069,32.11,64.1786067275912
67472,-8.200802,-3.735795,4.36391,-0.01909,0.006261,-0.000153,32.08,64.1612467924681
67482,-8.205587,-3.729812,4.349553,-0.018173,0.007789,-0.000764,32.08,64.239906660696
67492,-8.203195,-3.729812,4.358526,-0.018479,0.009316,-0.000611,32.08,64.1882338632554
67502,-8.197212,-3.732205,4.362116,-0.018326,0.01069,-0.000305,32.08,64.1586257688915
67512,-8.204989,-3.746562,4.351348,-0.018021,0.01237,0,32.12,64.246571280729
67522,-8.210971,-3.732205,4.356134,-0.018021,0.012981,-0.000305,32.12,64.2206495622889
67532,-8.202596,-3.720241,4.348955,-0.017562,0.01405,0.000458,32.12,64.2263602757541
67542,-8.215756,-3.722634,4.353143,-0.017868,0.014203,0.001069,32.12,64.2370577353479
67552,-8.212766,-3.733402,4.351946,-0.018021,0.014661,0.000764,32.15,64.2475191625172
67562,-8.215158,-3.734,4.35075,-0.017715,0.015119,0.000153,32.14,64.2597061225874
67572,-8.21157,-3.74058,4.347161,-0.018784,0.015119,0,32.14,64.2768565390844
67582,-8.214561,-3.733402,4.342973,-0.018479,0.014661,0,32.12,64.2978223807709
67592,-8.218747,-3.726821,4.338188,-0.018784,0.013897,-0.000153,32.12,64.3252023497642
67602,-8.212766,-3.725027,4.338786,-0.018784,0.013134,0.000153,32.11,64.3067670760916
67612,-8.21157,-3.734598,4.333402,-0.019242,0.011759,-0.000153,32.11,64.3416646384232
67622,-8.218149,-3.737589,4.33041,-0.018326,0.010232,-0.001527,32.1,64.3750034365529
67632,-8.212168,-3.728616,4.336991,-0.018326,0.009774,-0.002138,32.1,64.3183574946752
67642,-8.219944,-3.736392,4.338786,-0.018784,0.008094,0,32.15,64.3346252653313
67652,-8.22772,-3.741179,4.334,-0.018631,0.004887,-0.000305,32.15,64.3817126559917
67662,-8.224131,-3.73041,4.332804,-0.018631,0.004123,0.000153,32.08,64.3687856959827
67672,-8.222935,-3.739383,4.334598,-0.018021,0.002138,-0.000305,32.08,64.3660211895798
67682,-8.22772,-3.73041,4.335197,-0.018631,-0.000458,-0.000916,32.16,64.3645337824223
67692,-8.216953,-3.731009,4.332206,-0.018937,-0.002902,-0.000916,32.16,64.3563009559522
67702,-8.215756,-3.735795,4.339384,-0.019395,-0.004581,-0.001374,32.14,64.3214816595561
67712,-8.229516,-3.727419,4.336392,-0.019242,-0.006261,-0.001069,32.14,64.359366598414
67722,-8.223534,-3.725625,4.341777,-0.01909,-0.008858,-0.001069,32.13,64.3162829007057
67732,-8.216953,-3.729214,4.336991,-0.018784,-0.012828,-0.000764,32.13,64.3297766511297
67742,-8.217552,-3.733402,4.325027,-0.019395,-0.014966,-0.00168,32.09,64.3971530991363
67752,-8.22473,-3.732205,4.344768,-0.018479,-0.016493,-0.001527,32.13,64.3103046381988
67762,-8.21157,-3.732804,4.336991,-0.019242,-0.01741,-0.000611,32.13,64.3213042990841
67772,-8.225328,-3.744169,4.342375,-0.019242,-0.018631,-0.001222,32.14,64.3362388381634
67782,-8.209774,-3.744768,4.339384,-0.020006,-0.020311,-0.002291,32.14,64.3172042983625
67792,-8.214561,-3.739982,4.336991,-0.0197,-0.020617,-0.001374,32.15,64.3354238793804
67802,-8.2014,-3.732205,4.343571,-0.018937,-0.021075,-0.000458,32.15,64.2637442184556
67812,-8.21157,-3.731009,4.348357,-0.020159,-0.020617,-0.000458,32.12,64.2608477215977
67822,-8.210971,-3.731009,4.347161,-0.020159,-0.021228,-0.000916,32.12,64.2656577289206
67832,-8.20798,-3.733402,4.345366,-0.020006,-0.020464,-0.001374,32.14,64.2706075535811
67842,-8.204989,-3.734598,4.354938,-0.019395,-0.019548,-0.000764,32.14,64.2157262808449
67852,-8.207382,-3.737589,4.355535,-0.0197,-0.018021,-0.000764,32.12,64.2211548114855
67862,-8.2014,-3.733402,4.357928,-0.019853,-0.018173,-0.001374,32.12,64.1909484102633
67872,-8.203195,-3.731009,4.354938,-0.019548,-0.016493,-0.000916,32.08,64.2079591204785
67882,-8.2014,-3.744169,4.355535,-0.019548,-0.015577,-0.000916,32.08,64.2144029558934
67892,-8.181659,-3.739982,4.362116,-0.019395,-0.01405,-0.000764,32.08,64.1313424992488
67902,-8.203195,-3.731009,4.348955,-0.019548,-0.011606,-0.000764,32.08,64.2388047155983
67912,-8.189436,-3.728018,4.366303,-0.0197,-0.008705,-0.000611,32.07,64.1150342367628
67922,-8.203195,-3.731009,4.356134,-0.019548,-0.007025,-0.000611,32.13,64.2017950184276
67932,-8.207382,-3.736392,4.359723,-0.0197,-0.005192,-0.000611,32.13,64.1983488786549
67942,-8.204391,-3.751348,4.357928,-0.019242,-0.003818,0,32.09,64.2162699956497
67952,-8.199007,-3.738786,4.360321,-0.018479,-0.00168,0.000153,32.09,64.1787544783675
67962,-8.189436,-3.736991,4.355535,-0.018631,0.000305,-0.000458,32.12,64.1798479964359
67972,-8.194221,-3.732804,4.35733,-0.018784,0.00168,-0.000764,32.12,64.1771214579256
67982,-8.190034,-3.729214,4.355535,-0.018479,0.003512,-0.000458,32.13,64.1731547152831
67992,-8.206185,-3.724428,4.366303,-0.018784,0.005345,-0.000458,32.13,64.1494105647284
68002,-8.19781,-3.731607,4.354938,-0.018479,0.00672,-0.000305,32.1,64.1963627884749
68012,-8.205587,-3.729214,4.358526,-0.018479,0.008247,-0.000916,32.1,64.1930433327614
68022,-8.200802,-3.736392,4.353741,-0.018326,0.009621,-0.000764,32.12,64.2142592087929
68032,-8.206783,-3.74716,4.348955,-0.018479,0.010996,-0.00168,32.12,64.2635753299436
68042,-8.209177,-3.731607,4.359723,-0.01741,0.012217,-0.000611,32.09,64.1974837523662
68052,-8.20798,-3.735196,4.347161,-0.017715,0.013134,-0.001374,32.09,64.2631986897277
68062,-8.217552,-3.728616,4.341179,-0.017562,0.013286,-0.000764,32.14,64.3089188073106
68072,-8.214561,-3.741179,4.344768,-0.017562,0.01405,-0.000305,32.14,64.2965602982634
68082,-8.209177,-3.734598,4.341777,-0.017257,0.013897,-0.000916,32.11,64.29305294084
68092,-8.214561,-3.733402,4.34058,-0.017715,0.013439,-0.000611,32.13,64.3101608113387
68102,-8.210373,-3.744169,4.339982,-0.018021,0.013439,-0.000764,32.13,64.3148556863259
68112,-8.216953,-3.742374,4.331607,-0.018173,0.012828,-0.000611,32.15,64.371039541564
68122,-8.215158,-3.739982,4.339982,-0.018326,0.011454,-0.000916,32.15,64.3213475965489
68132,-8.219346,-3.726223,4.329215,-0.018173,0.009927,0.000153,32.1,64.3722357816369
68142,-8.223534,-3.735196,4.329215,-0.018937,0.008399,-0.000916,32.1,64.3908457565465
68152,-8.220542,-3.728018,4.332804,-0.018479,0.007178,-0.001069,32.15,64.3582490036409
68162,-8.222337,-3.737589,4.335794,-0.018479,0.005498,-0.000916,32.15,64.3566707523755
68172,-8.220542,-3.737589,4.331009,-0.019548,0.004581,0.000305,32.09,64.3773032757507
68182,-8.218149,-3.737589,4.335197,-0.018479,0.002291,-0.000153,32.09,64.3503107994969
68192,-8.224131,-3.737589,4.331607,-0.018631,0.000305,-0.000153,32.09,64.3823001139477
68202,-8.217552,-3.735795,4.333402,-0.018784,-0.002138,-0.000916,32.09,64.3563843942441
68212,-8.222935,-3.722634,4.342973,-0.018631,-0.003971,-0.000458,32.13,64.3057060550812
68222,-8.218149,-3.728616,4.335794,-0.018631,-0.005803,-0.000611,32.13,64.3380380276978
68232,-8.20798,-3.742374,4.337589,-0.01909,-0.008094,-0.000458,32.07,64.3199504671055
68242,-8.225328,-3.728616,4.338786,-0.018173,-0.009774,-0.001374,32.07,64.3388071878453
68252,-8.213365,-3.745365,4.333402,-0.01909,-0.013286,-0.001374,32.13,64.3567682368877
68262,-8.215756,-3.734598,4.336392,-0.018631,-0.01405,-0.000916,32.08,64.335683795603
68272,-8.216354,-3.731009,4.339982,-0.018173,-0.01573,0.000153,32.08,64.3148384969153
68282,-8.216354,-3.739982,4.332206,-0.018784,-0.016799,-0.000153,32.13,64.3641467499367
68292,-8.216354,-3.738187,4.345366,-0.018784,-0.017715,-0.000764,32.13,64.2944517595759
68302,-8.212168,-3.736392,4.336392,-0.018631,-0.018784,-0.000916,32.07,64.3294283520114
68312,-8.212766,-3.732205,4.343571,-0.018784,-0.019242,-0.001069,32.07,64.2894540353429
68322,-8.206185,-3.738187,4.336392,-0.01909,-0.018631,-0.000764,32.12,64.3177660140331
68332,-8.209177,-3.732804,4.339384,-0.018937,-0.019548,-0.001527,32.12,64.3035527369289
68342,-8.221141,-3.739982,4.353143,-0.018937,-0.019548,-0.001527,32.11,64.2670502577785
68352,-8.209177,-3.736392,4.346562,-0.01909,-0.0197,-0.001069,32.11,64.2702248988894
68362,-8.207382,-3.739982,4.349553,-0.018479,-0.018937,-0.000458,32.16,64.2544456112929
68372,-8.199007,-3.72383,4.344768,-0.018631,-0.018479,-0.000305,32.16,64.2435196253268
68382,-8.20798,-3.744768,4.35075,-0.0197,-0.018021,-0.000916,32.12,64.2545637468052
68392,-8.202596,-3.737589,4.356732,-0.0197,-0.016646,-0.001374,32.12,64.2041461440172
68402,-8.204391,-3.741179,4.348955,-0.019395,-0.015577,-0.001527,32.13,64.2519967298206
68412,-8.209774,-3.738786,4.364508,-0.019242,-0.013592,-0.000305,32.13,64.1816048390213
68422,-8.199606,-3.725027,4.355535,-0.018479,-0.010537,-0.000458,32.07,64.1905698336762
68432,-8.204989,-3.728616,4.358526,-0.018784,-0.008552,-0.001069,32.1,64.1910704372196
68442,-8.200802,-3.735795,4.361517,-0.018479,-0.006872,-0.000764,32.1,64.1735726174318
68454,-8.205587,-3.733402,4.372285,-0.018631,-0.005651,0,32.12,64.1265250522846
68462,-8.19781,-3.732804,4.361517,-0.018784,-0.003054,0.000611,32.12,64.163689628299
68472,-8.196015,-3.736392,4.365107,-0.018021,-0.000764,-0.000305,32.1,64.1448301661949
68482,-8.200802,-3.737589,4.356134,-0.018479,0.000764,-0.000305,32.1,64.2031616870178
68492,-8.206185,-3.729812,4.357928,-0.018021,0.002596,-0.000916,32.07,64.1980968289347
68502,-8.203793,-3.736991,4.352544,-0.018173,0.003818,-0.000458,32.07,64.2278231594653
68512,-8.198408,-3.732205,4.34417,-0.018479,0.005498,-0.000916,32.12,64.25387822243
68522,-8.196614,-3.73041,4.348357,-0.018479,0.00733,-0.000764,32.12,64.226356613464
68532,-8.197212,-3.738187,4.35733,-0.018479,0.008399,-0.000611,32.13,64.1894762778813
68542,-8.206783,-3.731607,4.353741,-0.018479,0.009774,-0.000305,32.13,64.2228764738548
68552,-8.209774,-3.727419,4.35075,-0.018631,0.010996,-0.001069,32.12,64.2407568315074
68562,-8.206783,-3.736991,4.351946,-0.018479,0.011148,-0.000611,32.12,64.2376747584676
68572,-8.200203,-3.735196,4.350152,-0.017868,0.011606,0.000153,32.15,64.2301712474727
68582,-8.209774,-3.744768,4.347161,-0.018937,0.012217,-0.001374,32.15,64.2771118626851
68592,-8.206783,-3.729214,4.34058,-0.018173,0.012675,-0.001069,32.15,64.2882802300009
68602,-8.21157,-3.735795,4.338188,-0.017868,0.012981,-0.00168,32.1,64.3182006109795
68612,-8.215756,-3.738187,4.34058,-0.017715,0.012675,-0.000764,32.1,64.3177705160933
68622,-8.206783,-3.734,4.335197,-0.017868,0.012065,-0.000611,32.14,64.3209786971828
68632,-8.215158,-3.722634,4.337589,-0.017868,0.010996,-0.000611,32.14,64.3158971987052
68642,-8.204391,-3.734,4.335197,-0.017715,0.011148,0,32.12,64.3155745315377
68652,-8.222935,-3.738786,4.338786,-0.017257,0.009163,-0.000458,32.12,64.3438215062653
68662,-8.220542,-3.735795,4.336991,-0.017562,0.007941,-0.000611,32.15,64.3446160409929
68672,-8.222935,-3.731607,4.338188,-0.018173,0.007483,-0.000916,32.15,64.3395522917567
68682,-8.226524,-3.738786,4.33041,-0.018937,0.005651,-0.000916,32.12,64.3950820456323
68692,-8.22473,-3.734598,4.337589,-0.018173,0.003665,-0.001833,32.12,64.3497478283771
68702,-8.217552,-3.729812,4.333402,-0.017715,0.002902,-0.000305,32.09,64.3502554508723
68712,-8.206185,-3.732205,4.335197,-0.018326,0.000916,-0.000611,32.09,64.317782939676
68722,-8.228318,-3.731607,4.334598,-0.018631,0.000153,-0.000458,32.11,64.370191568447
68732,-8.222337,-3.734,4.335794,-0.018326,-0.001527,-0.000458,32.11,64.3529959718103
68742,-8.222337,-3.738187,4.332206,-0.018326,-0.003512,-0.000916,32.13,64.3757839881429
68752,-8.223534,-3.736392,4.333402,-0.018173,-0.005192,-0.001985,32.13,64.3704749231417
68762,-8.223534,-3.729812,4.339982,-0.018631,-0.006261,-0.000764,32.08,64.3298187432692
68772,-8.218149,-3.731009,4.334598,-0.018784,-0.009468,-0.000305,32.08,64.3466579531762
68782,-8.225328,-3.726223,4.334,-0.018173,-0.010996,-0.001069,32.12,64.3610375849824
68792,-8.216354,-3.727419,4.344768,-0.018479,-0.012065,0,32.15,64.2864812053924
68802,-8.212766,-3.738786,4.341179,-0.018784,-0.012828,-0.000305,32.15,64.3085488130876
68812,-8.217552,-3.735795,4.35075,-0.018479,-0.014661,0,32.15,64.2669625061641
68822,-8.203195,-3.735795,4.345964,-0.018631,-0.01573,-0.000916,32.15,64.2591617034166
68832,-8.221141,-3.734598,4.335794,-0.018784,-0.017257,-0.000305,32.12,64.3509122463221
68842,-8.202596,-3.734,4.341179,-0.019242,-0.017715,-0.001222,32.12,64.2806421138064
68852,-8.210373,-3.735196,4.354339,-0.01909,-0.018173,-0.001527,32.14,64.2316216540463
68862,-8.219944,-3.728616,4.341777,-0.019395,-0.019395,-0.001527,32.14,64.3112381736553
68872,-8.213365,-3.729214,4.348955,-0.018326,-0.018326,-0.001069,32.14,64.2599821077584
68882,-8.210971,-3.727419,4.351946,-0.01909,-0.018631,-0.000611,32.14,64.2373035428205
68892,-8.204391,-3.728018,4.339982,-0.018784,-0.017868,-0.000764,32.09,64.2847249640863
68902,-8.200203,-3.739383,4.347759,-0.018173,-0.017104,-0.000916,32.09,64.2468331413402
68912,-8.200802,-3.725625,4.350152,-0.018784,-0.016188,-0.000764,32.11,64.2216599530229
68922,-8.198408,-3.734,4.349553,-0.018479,-0.015119,-0.000458,32.11,64.2279587882172
68932,-8.210373,-3.728018,4.359723,-0.018631,-0.014661,-0.000916,32.14,64.1964986680617
68942,-8.206783,-3.734598,4.363312,-0.018479,-0.011606,-0.000305,32.14,64.1766589966631
68952,-8.203195,-3.743571,4.356134,-0.018479,-0.01069,-0.000611,32.09,64.2147632069129
68962,-8.204391,-3.734598,4.361517,-0.018326,-0.008858,0.000305,32.11,64.180477568837
68972,-8.209774,-3.739383,4.356732,-0.018326,-0.007636,-0.000916,32.11,64.2222541415183
68982,-8.204989,-3.735795,4.362116,-0.018479,-0.006261,-0.00168,32.12,64.1799847213938
68992,-8.194819,-3.738786,4.355535,-0.018479,-0.004734,-0.001374,32.12,64.1939213514464
69002,-8.2014,-3.736991,4.364508,-0.018173,-0.002902,-0.000916,32.09,64.1607608884183
69012,-8.205587,-3.73041,4.357928,-0.017715,-0.000764,-0.000458,32.09,64.1973572055064
69022,-8.205587,-3.738187,4.356134,-0.018479,0.001069,-0.000916,32.08,64.2146207842343
69032,-8.20798,-3.74058,4.354938,-0.018326,0.002749,-0.001527,32.08,64.228668377531
69042,-8.200802,-3.735795,4.366901,-0.017715,0.004123,-0.000916,32.08,64.1458444091701
69052,-8.202596,-3.736392,4.35075,-0.018021,0.006109,-0.000458,32.08,64.2337422386221
69062,-8.204391,-3.736392,4.347161,-0.017562,0.007636,-0.000611,32.13,64.256310530041
69072,-8.214561,-3.734,4.35075,-0.018021,0.008858,-0.001069,32.13,64.2583561161115
69082,-8.215756,-3.738187,4.35733,-0.018479,0.010385,0,32.13,64.2314786484962
69092,-8.212766,-3.734,4.354339,-0.019395,0.011606,-0.000458,32.13,64.2358067834118
69102,-8.205587,-3.741776,4.356134,-0.01909,0.011912,-0.000153,32.13,64.218324955358
69112,-8.208578,-3.731607,4.365107,-0.018784,0.012828,-0.000458,32.13,64.1684035949511
69122,-8.200203,-3.732205,4.344768,-0.01909,0.01405,-0.001069,32.13,64.2548578768455
69132,-8.207382,-3.737589,4.338188,-0.018937,0.01405,-0.001527,32.12,64.3105870844154
69142,-8.215158,-3.738786,4.349553,-0.019395,0.013592,-0.001222,32.12,64.270792962765
69152,-8.216354,-3.735196,4.341777,-0.019853,0.013439,-0.000916,32.17,64.3098789398367
69162,-8.223534,-3.729214,4.333402,-0.01909,0.012981,-0.000611,32.17,64.3631334688132
69172,-8.219346,-3.739383,4.320839,-0.019395,0.012217,-0.000916,32.11,64.4289314309603
69182,-8.222337,-3.737589,4.335794,-0.019853,0.010843,-0.001833,32.11,64.3566707523755
69192,-8.225926,-3.743571,4.335794,-0.019395,0.009774,-0.001833,32.11,64.3708784552591
69202,-8.225328,-3.744169,4.335197,-0.019548,0.008247,-0.000764,32.11,64.3732220487823
69212,-8.227122,-3.731009,4.333402,-0.019242,0.00733,-0.000764,32.13,64.3730528059035
69222,-8.228917,-3.726223,4.339982,-0.019395,0.005345,-0.001833,32.13,64.3382926002938
69232,-8.221739,-3.736991,4.329215,-0.019548,0.00336,-0.00168,32.14,64.3886408586537
69242,-8.221739,-3.732205,4.331009,-0.018937,0.002443,-0.000458,32.14,64.374489792325
69252,-8.225328,-3.719643,4.335197,-0.018784,0.000611,-0.000611,32.09,64.348146332685
69262,-8.216354,-3.73041,4.325625,-0.018631,-0.001374,-0.000916,32.09,64.3883052046166
69272,-8.222337,-3.743571,4.335794,-0.018326,-0.003971,-0.001222,32.12,64.3628000438374
69282,-8.221141,-3.739383,4.333402,-0.018173,-0.005651,-0.000764,32.12,64.3681477333712
69292,-8.222337,-3.739383,4.341777,-0.018479,-0.00901,-0.000153,32.14,64.3276721088465
69302,-8.225328,-3.737589,4.332206,-0.017868,-0.011301,-0.000916,32.12,64.3819058541598
69312,-8.213365,-3.731607,4.347759,-0.018021,-0.013439,-0.000611,32.12,64.2686047252873
69322,-8.218149,-3.726821,4.333402,-0.017715,-0.015119,-0.000458,32.07,64.3485407536955
69332,-8.216953,-3.731009,4.346562,-0.018021,-0.016035,-0.000153,32.07,64.2822714377379
69342,-8.218149,-3.734598,4.333402,-0.018326,-0.017104,-0.000916,32.09,64.3565037347557
69352,-8.216354,-3.74058,4.337589,-0.018784,-0.018173,-0.000611,32.09,64.3369973998132
69362,-8.21157,-3.732205,4.345366,-0.018479,-0.018784,-0.000611,32.11,64.2774956458455
69372,-8.213365,-3.737589,4.343571,-0.018173,-0.019242,-0.000611,32.11,64.2963390560546
69382,-8.216953,-3.743571,4.345964,-0.018326,-0.018937,-0.000153,32.13,64.2982555838223
69392,-8.218747,-3.742374,4.345366,-0.017715,-0.019242,-0.001222,32.13,64.3041540180129
69402,-8.209177,-3.735196,4.34417,-0.018173,-0.01909,-0.000153,32.16,64.2813271196873
69412,-8.21157,-3.736392,4.353143,-0.018937,-0.018631,-0.000153,32.16,64.2417231844761
69422,-8.20798,-3.743571,4.347161,-0.018631,-0.017715,0.000305,32.07,64.2718251364328
69432,-8.21157,-3.741179,4.347759,-0.018479,-0.016952,0,32.07,64.2743913782829
69442,-8.196015,-3.736392,4.360321,-0.018173,-0.015424,0.001069,32.15,64.1694887869069
69452,-8.200802,-3.71725,4.350152,-0.018326,-0.015119,0.000458,32.15,64.2130362687871
69462,-8.198408,-3.731607,4.351348,-0.018631,-0.011759,-0.000305,32.1,64.2162312088428
69472,-8.200802,-3.737589,4.349553,-0.018631,-0.009316,-0.000305,32.09,64.2370863660185
69482,-8.199606,-3.731009,4.345964,-0.018631,-0.008552,-0.000611,32.09,64.2461020952175
69492,-8.201998,-3.736392,4.354938,-0.018631,-0.006414,-0.000153,32.09,64.2107999139683
69502,-8.198408,-3.739383,4.357928,-0.01909,-0.004887,-0.000458,32.09,64.1903436278386
69512,-8.196015,-3.725027,4.361517,-0.018479,-0.003054,-0.000458,32.14,64.1515733195327
69522,-8.209177,-3.737589,4.348955,-0.018631,-0.000764,-0.000764,32.14,64.2591221724725
69532,-8.199007,-3.732804,4.353143,-0.018937,0.000611,-0.000916,32.13,64.2095687686581
69542,-8.210971,-3.736991,4.351348,-0.018326,0.002902,-0.000611,32.13,64.2502325222187
69552,-8.203195,-3.74058,4.369295,-0.018173,0.005956,-0.000458,32.12,64.143903285183
69562,-8.203195,-3.738786,4.353143,-0.018784,0.007941,0,32.12,64.2252338489112
69572,-8.201998,-3.739383,4.353741,-0.018021,0.008705,-0.000764,32.12,64.2200572357059
69582,-8.210373,-3.731009,4.348955,-0.017257,0.009621,-0.000764,32.12,64.2550568703948
69592,-8.212168,-3.737589,4.351946,-0.017715,0.01069,-0.001222,32.11,64.2504745232882
69602,-8.215158,-3.732205,4.361517,-0.018021,0.011606,-0.000458,32.11,64.202415532696
69612,-8.197212,-3.734598,4.348955,-0.018021,0.01237,-0.000916,32.11,64.2289501601462
69622,-8.200802,-3.74716,4.348357,-0.017715,0.013134,-0.000611,32.11,64.2531368867716
69632,-8.217552,-3.731607,4.335197,-0.017104,0.013592,-0.000305,32.12,64.342833834861
69642,-8.209774,-3.746562,4.34058,-0.017868,0.013439,-0.001374,32.11,64.3128837944612
69652,-8.218149,-3.748955,4.337589,-0.018326,0.013134,-0.001069,32.11,64.3496424392087
69662,-8.212766,-3.734598,4.342973,-0.018021,0.012217,-0.002749,32.14,64.2949954908604
69672,-8.218747,-3.725625,4.339982,-0.018173,0.011148,-0.002138,32.14,64.314726181298
69682,-8.215756,-3.734,4.337589,-0.017868,0.01069,-0.001527,32.14,64.3288967372089
69692,-8.21157,-3.736991,4.331607,-0.017562,0.009621,-0.001527,32.14,64.3533843161807
69702,-8.216354,-3.733402,4.339982,-0.018021,0.008399,-0.001527,32.1,64.3172927565415
69712,-8.216953,-3.733402,4.339982,-0.018021,0.007025,-0.000764,32.1,64.3186449446754
69722,-8.227122,-3.734,4.331607,-0.018479,0.005345,-0.001985,32.06,64.3853639221533
69732,-8.220542,-3.750151,4.338786,-0.017715,0.00336,-0.001985,32.06,64.3500899183105
69742,-8.223534,-3.725625,4.328616,-0.017868,0.002443,-0.002138,32.12,64.3841570423766
69752,-8.224131,-3.729214,4.332804,-0.018937,-0.000611,-0.002291,32.12,64.367563300709
69762,-8.218747,-3.733402,4.329813,-0.018021,-0.002443,-0.001527,32.08,64.3751433112207
69772,-8.215158,-3.732205,4.335794,-0.017562,-0.004429,-0.002443,32.08,64.3349651497566
69782,-8.23131,-3.742973,4.332206,-0.017868,-0.005498,-0.001833,32.12,64.4008656698297
69792,-8.224131,-3.732804,4.334,-0.017868,-0.00733,-0.001222,32.12,64.3650656905343
69802,-8.20798,-3.73041,4.33041,-0.017868,-0.009316,-0.000916,32.15,64.3447083777753
69812,-8.217552,-3.741179,4.329813,-0.018021,-0.012828,-0.00168,32.1,64.3804180789799
69822,-8.220542,-3.731009,4.334598,-0.018021,-0.013592,-0.001222,32.1,64.3520552194158
69832,-8.22473,-3.732205,4.335794,-0.017715,-0.014661,-0.000764,32.11,64.3565529863169
69842,-8.212766,-3.735795,4.328616,-0.018173,-0.017104,-0.00168,32.11,64.3702924390349
69852,-8.210971,-3.737589,4.339384,-0.018631,-0.017715,-0.001833,32.14,64.3125225239791
69862,-8.222337,-3.727419,4.345964,-0.018326,-0.018173,-0.000764,32.14,64.2938383335869
69872,-8.216354,-3.734598,4.345366,-0.018326,-0.018479,-0.000916,32.11,64.2907657587609
69882,-8.217552,-3.735196,4.350152,-0.018479,-0.019242,-0.000916,32.11,64.2694273832377
69892,-8.212766,-3.735795,4.343571,-0.018173,-0.019853,-0.001069,32.14,64.2931423146154
69902,-8.203195,-3.739982,4.345366,-0.018326,-0.020006,-0.000916,32.14,64.2665620928662
69912,-8.205587,-3.734,4.351946,-0.018479,-0.020464,-0.001222,32.09,64.2318842801107
69922,-8.205587,-3.731009,4.343571,-0.018173,-0.0197,-0.001374,32.09,64.2719894016531
69932,-8.206185,-3.73041,4.35075,-0.018326,-0.0197,-0.001374,32.11,64.2357056410709
69942,-8.200203,-3.735795,4.349553,-0.018937,-0.018784,-0.001222,32.11,64.233878302828
69952,-8.210373,-3.732205,4.352544,-0.018631,-0.017257,-0.001374,32.05,64.2377907234058
69962,-8.195418,-3.739982,4.354339,-0.017715,-0.016952,-0.001069,32.05,64.2026831907534
69972,-8.208578,-3.736991,4.354938,-0.017257,-0.015882,-0.001222,32.14,64.2263216950258
69982,-8.196015,-3.738786,4.356732,-0.018021,-0.012675,-0.000764,32.14,64.1904633518972
69992,-8.191828,-3.738786,4.356134,-0.017104,-0.011301,0,32.11,64.1840475570946
70002,-8.194221,-3.733402,4.358526,-0.01741,-0.009774,0,32.11,64.1715741191663
70012,-8.20798,-3.744169,4.357928,-0.017562,-0.008247,-0.000916,32.11,64.2169722345583
70022,-8.200802,-3.739982,4.358526,-0.017868,-0.00672,-0.000305,32.08,64.1933092014123
70032,-8.201998,-3.738187,4.362116,-0.017715,-0.004429,-0.000153,32.08,64.1756727312231
70042,-8.194819,-3.726821,4.371687,-0.018021,-0.001833,0,32.11,64.0983098477528
70052,-8.194221,-3.738187,4.359125,-0.01741,0.000458,0.000458,32.11,64.1734387638322
70062,-8.202596,-3.731009,4.355535,-0.017257,0.002138,-0.000305,32.12,64.2035238800112
70072,-8.202596,-3.732804,4.358526,-0.018479,0.003207,-0.000611,32.12,64.1899623932909
70082,-8.198408,-3.737589,4.352544,-0.017562,0.006414,-0.000458,32.11,64.2162410795931
70092,-8.196614,-3.734598,4.360321,-0.017715,0.008399,0,32.11,64.1689925167693
70102,-8.203195,-3.732804,4.352544,-0.017715,0.009621,0.000305,32.12,64.2221501827607
70112,-8.196614,-3.733402,4.353741,-0.017868,0.01069,0.000305,32.12,64.2016756953209
70122,-8.201998,-3.733402,4.356134,-0.018326,0.012523,0.000305,32.08,64.2015497232501
70132,-8.20798,-3.732205,4.360321,-0.017715,0.013439,0.000458,32.08,64.1923068335671
70142,-8.204989,-3.738786,4.342375,-0.018326,0.014966,0.000916,32.12,64.2848123790406
70152,-8.215158,-3.736392,4.348357,-0.017868,0.014966,-0.001069,32.12,64.2744936157596
70162,-8.209177,-3.736392,4.344768,-0.018021,0.01573,-0.000764,32.14,64.2794740800575
70172,-8.212168,-3.736392,4.353741,-0.017868,0.015577,-0.000458,32.1,64.2399957012475
70182,-8.205587,-3.732205,4.348955,-0.017562,0.015119,0.000458,32.1,64.2454540390782
70192,-8.224131,-3.743571,4.341777,-0.017715,0.014966,0.000153,32.14,64.3360095760535
70202,-8.216953,-3.732205,4.345366,-0.018479,0.013592,0.000458,32.14,64.2896625955387
70212,-8.217552,-3.74058,4.335794,-0.018479,0.013286,0.000305,32.13,64.3489539313914
70222,-8.216953,-3.737589,4.339384,-0.018784,0.012523,-0.000458,32.13,64.3260235764727
70232,-8.213962,-3.733402,4.342973,-0.018021,0.012065,0,32.16,64.2964691482806
70242,-8.20798,-3.733402,4.338188,-0.017715,0.010537,-0.000458,32.16,64.3076330235572
70252,-8.212168,-3.724428,4.334598,-0.018173,0.009316,-0.001374,32.12,64.32641283684
70262,-8.218149,-3.735196,4.334,-0.018021,0.007789,-0.000916,32.12,64.3540317964684
70272,-8.215158,-3.728018,4.341777,-0.018021,0.006414,-0.000764,32.13,64.2998132840112
70282,-8.221141,-3.731607,4.332206,-0.018479,0.004429,-0.001527,32.13,64.3663556435275
70292,-8.223534,-3.731607,4.334598,-0.017868,0.001985,-0.002138,32.12,64.3594124810222
70302,-8.212168,-3.732205,4.335794,-0.018326,0.000916,-0.001069,32.12,64.3282157058034
70312,-8.226524,-3.732205,4.33041,-0.018173,-0.000764,-0.001374,32.12,64.3883567460191
70322,-8.215158,-3.723232,4.333402,-0.018173,-0.002138,-0.001833,32.12,64.3381152508404
70332,-8.210373,-3.731009,4.335794,-0.018479,-0.006414,-0.001833,32.09,64.3229346816753
70342,-8.233703,-3.738187,4.328616,-0.018479,-0.008552,-0.001833,32.11,64.4198601185655
70352,-8.22473,-3.731607,4.339982,-0.018631,-0.010843,-0.002138,32.11,64.3343533487075
70362,-8.218747,-3.739383,4.326224,-0.018326,-0.012065,-0.001833,32.12,64.3997873631487
70372,-8.22772,-3.729214,4.333402,-0.018326,-0.012981,-0.001222,32.12,64.3725666555565
70382,-8.219346,-3.731607,4.329215,-0.018326,-0.014203,-0.002291,32.09,64.3777419952657
70392,-8.210971,-3.737589,4.338188,-0.018784,-0.015424,-0.002596,32.09,64.3186914131424
70402,-8.21157,-3.738786,4.332206,-0.018937,-0.016493,-0.001985,32.12,64.3521357000672
70412,-8.22473,-3.73041,4.335197,-0.018173,-0.018173,-0.001374,32.12,64.3577955905025
70422,-8.205587,-3.734598,4.331607,-0.018479,-0.018631,-0.00168,32.08,64.3374251683454
70432,-8.209774,-3.728018,4.334598,-0.018173,-0.018784,-0.001222,32.08,64.3246847649884
70442,-8.210373,-3.738187,4.349553,-0.018479,-0.018937,-0.001069,32.1,64.2593606850476
70455,-8.205587,-3.729214,4.359125,-0.018326,-0.019242,-0.001069,32.1,64.1899573159054
70462,-8.205587,-3.729214,4.359125,-0.018631,-0.019242,-0.001069,32.09,64.1899573159054
70472,-8.209177,-3.735196,4.350152,-0.018021,-0.019395,-0.001222,32.09,64.2504891503386
70482,-8.218149,-3.724428,4.341179,-0.018326,-0.01909,-0.001527,32.11,64.3059769583058
70492,-8.212168,-3.726223,4.35733,-0.018173,-0.017562,-0.001222,32.11,64.2110460222424
70502,-8.200802,-3.728018,4.353741,-0.017715,-0.016035,-0.002443,32.11,64.2056183818939
70512,-8.200203,-3.741179,4.350152,-0.017562,-0.014661,-0.001374,32.15,64.2363481371781
70522,-8.20798,-3.735795,4.356134,-0.017715,-0.013897,-0.001985,32.15,64.2175736856989
70532,-8.210971,-3.733402,4.349553,-0.018326,-0.012675,-0.000916,32.08,64.2557889969376
70542,-8.205587,-3.737589,4.354339,-0.016799,-0.01069,-0.000916,32.08,64.2232522052623
70552,-8.205587,-3.736392,4.357928,-0.017868,-0.009468,-0.001069,32.13,64.2035267714668
70562,-8.215158,-3.74716,4.363312,-0.017868,-0.007789,-0.001833,32.13,64.2085879694781
70572,-8.2014,-3.728616,4.354339,-0.018021,-0.005956,-0.001833,32.09,64.2045084598083
70582,-8.205587,-3.734598,4.36391,-0.017257,-0.00336,-0.000916,32.09,64.1708673369387
70592,-8.209177,-3.733402,4.356732,-0.016952,-0.001374,-0.000764,32.12,64.2147384740978
70602,-8.21157,-3.735795,4.358526,-0.01741,0.000153,-0.00168,32.12,64.2133840857655
70612,-8.199606,-3.736991,4.360919,-0.01741,0.001833,-0.001374,32.11,64.1751761625099
70622,-8.201998,-3.731009,4.351348,-0.017257,0.003665,-0.000764,32.11,64.2237528313229
70632,-8.203195,-3.732205,4.355535,-0.018326,0.004734,-0.002138,32.14,64.2061156777767
70642,-8.198408,-3.747759,4.353143,-0.017868,0.00672,-0.001985,32.14,64.2236687743054
70652,-8.208578,-3.733402,4.356732,-0.017562,0.007941,-0.000916,32.12,64.2133815301364
70662,-8.200802,-3.729812,4.344768,-0.017868,0.009163,-0.000611,32.12,64.2537486706722
70672,-8.203793,-3.733402,4.356134,-0.018479,0.010996,-0.000458,32.13,64.2056191524539
70682,-8.209774,-3.741776,4.351348,-0.017104,0.012217,-0.000916,32.08,64.252454011491
70692,-8.200802,-3.741179,4.354938,-0.018173,0.012675,-0.001069,32.08,64.2130344946555
70702,-8.213962,-3.744768,4.356732,-0.018173,0.012065,-0.001527,32.09,64.2372782358782
70712,-8.212766,-3.736392,4.351348,-0.017715,0.012217,-0.000458,32.09,64.2536758785963
70722,-8.219944,-3.736991,4.354339,-0.017562,0.011912,0.000458,32.09,64.2551158499037
70732,-8.219944,-3.732804,4.344768,-0.018173,0.011912,-0.001527,32.09,64.300114671953
70742,-8.22473,-3.725027,4.348357,-0.018173,0.011148,-0.000153,32.08,64.2844680510929
70752,-8.218747,-3.735795,4.341777,-0.017715,0.010843,0.000305,32.08,64.3158948577805
70762,-8.216354,-3.729812,4.332804,-0.016952,0.009774,0.000153,32.11,64.3506381886658
70772,-8.212766,-3.742374,4.329813,-0.016646,0.008399,0.000305,32.11,64.3708644306244
70782,-8.224131,-3.734,4.331607,-0.017104,0.007025,0,32.09,64.3786292977148
70792,-8.213962,-3.73041,4.337589,-0.017562,0.005498,0.000153,32.09,64.3211646254543
70802,-8.221739,-3.735795,4.336991,-0.017715,0.004123,0.000153,32.13,64.3473144866114
70812,-8.230712,-3.73041,4.338188,-0.017715,0.002596,0.000458,32.13,64.3558594384847
70822,-8.220542,-3.735795,4.338188,-0.017715,0.001833,0.000153,32.1,64.3384447595161
70832,-8.215756,-3.731009,4.341777,-0.017868,0.000153,-0.000153,32.1,64.3042322939639
70842,-8.21157,-3.733402,4.332804,-0.018173,-0.001527,0.000153,32.14,64.3435235212901
70852,-8.213365,-3.731009,4.333402,-0.018631,-0.003971,0,32.11,64.3420340647895
70862,-8.219346,-3.737589,4.338786,-0.01909,-0.006414,-0.000458,32.11,64.3345039547886
70872,-8.221141,-3.742973,4.337589,-0.018784,-0.00733,-0.000153,32.09,64.3502411000197
70882,-8.210373,-3.731607,4.339982,-0.018326,-0.008705,0,32.09,64.3019408856922
70892,-8.208578,-3.739383,4.335197,-0.018631,-0.009621,-0.000458,32.07,64.3305648938867
70902,-8.215158,-3.723232,4.334598,-0.018937,-0.011454,-0.000153,32.07,64.3319428969176
70912,-8.218149,-3.73041,4.332206,-0.018631,-0.012217,-0.000458,32.12,64.3583850044415
70922,-8.218149,-3.725625,4.342375,-0.018631,-0.012981,-0.000764,32.12,64.3010363106867
70932,-8.206783,-3.727419,4.338786,-0.018784,-0.012981,-0.000458,32.12,64.2956932592499
70942,-8.218747,-3.732205,4.34058,-0.018937,-0.014203,-0.000916,32.12,64.3183840597238
70952,-8.214561,-3.732205,4.339982,-0.017868,-0.015119,-0.000916,32.11,64.3120161952754
70962,-8.218149,-3.741776,4.341777,-0.017715,-0.015577,-0.001069,32.11,64.3206840435009
70972,-8.21157,-3.726223,4.348955,-0.019395,-0.015424,-0.001222,32.1,64.2528469869246
70982,-8.20798,-3.743571,4.356732,-0.018784,-0.014508,-0.000916,32.1,64.2225140062491
70992,-8.198408,-3.74058,4.347759,-0.019242,-0.01405,-0.001069,32.14,64.2440057076919
71002,-8.199606,-3.723232,4.34417,-0.0197,-0.013592,-0.001374,32.14,64.2473483995723
71012,-8.219346,-3.729812,4.345964,-0.01909,-0.012828,-0.001527,32.07,64.2895329293379
71022,-8.204391,-3.737589,4.352544,-0.018784,-0.010537,-0.000458,32.07,64.2297941930403
71032,-8.210971,-3.729812,4.354938,-0.018631,-0.009927,-0.001374,32.07,64.2243478488973
71042,-8.20798,-3.734,4.354938,-0.01909,-0.008247,-0.001069,32.12,64.2218853657427
71052,-8.206185,-3.732205,4.353741,-0.01909,-0.00733,-0.001222,32.12,64.2221377663715
71062,-8.210971,-3.731009,4.358526,-0.018479,-0.005651,-0.001374,32.13,64.2070981895274
71072,-8.203195,-3.735795,4.354339,-0.018326,-0.004887,-0.001374,32.13,64.2159832310176
71082,-8.194221,-3.733402,4.356134,-0.018479,-0.002291,0.000305,32.14,64.1839064972651
71092,-8.198408,-3.727419,4.366303,-0.017715,-0.000916,-0.000611,32.14,64.1348241953037
71102,-8.198408,-3.734598,4.351348,-0.017868,0.000153,-0.000764,32.11,64.2193188243866
71112,-8.206185,-3.729812,4.353741,-0.018631,0.001374,-0.001374,32.11,64.2196724681577
71122,-8.203793,-3.742973,4.350152,-0.018479,0.002443,-0.001985,32.11,64.2463248972669
71132,-8.207382,-3.739982,4.35733,-0.018784,0.003971,-0.001527,32.11,64.2143769990486
71142,-8.204391,-3.737589,4.345964,-0.018784,0.004734,-0.002138,32.16,64.2637166480227
71152,-8.206783,-3.74058,4.339384,-0.018021,0.006109,-0.000916,32.16,64.3061417630428
71162,-8.2014,-3.733402,4.342375,-0.018173,0.007636,-0.001222,32.14,64.271148584539
71172,-8.20798,-3.736991,4.348357,-0.017257,0.008399,-0.001833,32.14,64.2588813288769
71182,-8.20798,-3.731009,4.339982,-0.017562,0.008399,-0.001985,32.14,64.2959173670061
71192,-8.208578,-3.73041,4.348955,-0.018173,0.008247,-0.00168,32.14,64.2503780060026
71202,-8.215756,-3.729812,4.348357,-0.017562,0.008858,-0.001069,32.06,64.2690863881003
71212,-8.200802,-3.741776,4.347161,-0.01741,0.009163,-0.002138,32.11,64.2537428971191
71222,-8.222337,-3.735795,4.345366,-0.017257,0.008705,-0.002443,32.11,64.3055023388301
71232,-8.212168,-3.734,4.342973,-0.017562,0.007789,-0.002138,32.09,64.2930299229759
71242,-8.213365,-3.739982,4.339384,-0.017104,0.007178,-0.001374,32.09,64.3203854120884
71252,-8.219346,-3.726223,4.339384,-0.017104,0.006567,-0.001527,32.1,64.3197750047564
71262,-8.215756,-3.742374,4.334,-0.016799,0.004887,-0.002138,32.1,64.3559995754145
71272,-8.223534,-3.73041,4.331607,-0.016799,0.003207,-0.001985,32.11,64.3736142554031
71282,-8.218747,-3.738786,4.334598,-0.017104,0.00168,-0.002443,32.11,64.3559748978399
71292,-8.210971,-3.738786,4.345366,-0.017104,0.000611,-0.002749,32.13,64.2829087816125
71302,-8.20798,-3.737589,4.337589,-0.017562,-0.001833,-0.002443,32.13,64.3150281431045
71312,-8.218747,-3.735795,4.341777,-0.016646,-0.002902,-0.002291,32.09,64.3158948577805
71322,-8.222337,-3.734598,4.34058,-0.016646,-0.004581,-0.001374,32.09,64.328936534712
71332,-8.217552,-3.734598,4.339384,-0.016341,-0.006109,-0.002749,32.13,64.3243067609705
71342,-8.209774,-3.731607,4.345366,-0.017562,-0.007941,-0.002291,32.13,64.272819318822
71352,-8.216953,-3.746562,4.339982,-0.01741,-0.008399,-0.001527,32.11,64.3321551554398
71362,-8.218149,-3.732205,4.34058,-0.018173,-0.010079,-0.000764,32.11,64.317034165073
71372,-8.223534,-3.734,4.338188,-0.017562,-0.011301,-0.000916,32.09,64.3433523329203
71382,-8.215158,-3.742374,4.337589,-0.017562,-0.012217,-0.001374,32.12,64.3361428406066
71392,-8.212168,-3.738187,4.347161,-0.017868,-0.012981,-0.001833,32.12,64.2757455017947
71402,-8.209177,-3.734,4.346562,-0.017868,-0.012981,-0.000916,32.13,64.2677635903927
71412,-8.208578,-3.728018,4.342375,-0.018173,-0.012675,-0.000458,32.13,64.2818510144248
71422,-8.208578,-3.736392,4.339384,-0.018021,-0.013592,-0.001069,32.1,64.3058874829544
71432,-8.204989,-3.734598,4.351946,-0.018326,-0.013592,-0.001222,32.1,64.2311463334287
71442,-8.224131,-3.728018,4.352544,-0.018021,-0.013897,-0.000764,32.11,64.264614240358
71452,-8.208578,-3.734598,4.348357,-0.018021,-0.012981,-0.000764,32.11,64.2577703392069
71462,-8.206185,-3.736991,4.347759,-0.01909,-0.01237,-0.000611,32.13,64.2579035541015
71472,-8.201998,-3.732804,4.359723,-0.018326,-0.011759,0.000153,32.13,64.1824385187693
71482,-8.199007,-3.725625,4.357928,-0.018631,-0.010996,0.000305,32.13,64.1774895618874
71492,-8.206185,-3.733402,4.351946,-0.01909,-0.01069,0.001069,32.13,64.2326223605204
71502,-8.200802,-3.729214,4.354339,-0.019548,-0.010079,-0.000611,32.11,64.2037687646148
71512,-8.207382,-3.728616,4.35075,-0.019395,-0.00901,-0.000764,32.11,64.2365703167619
71522,-8.210971,-3.732804,4.352544,-0.018784,-0.007789,-0.000305,32.09,64.2397607866718
71532,-8.207382,-3.736991,4.35075,-0.018937,-0.005956,-0.000916,32.09,64.2451942078841
71542,-8.204391,-3.74058,4.353143,-0.019242,-0.004887,0.000305,32.07,64.2297933111558
71552,-8.200802,-3.737589,4.359723,-0.01909,-0.004276,0.000153,32.1,64.1846687743602
71562,-8.193623,-3.732205,4.351348,-0.018784,-0.002749,0.000458,32.1,64.2059955650129
71572,-8.202596,-3.734598,4.350152,-0.018937,-0.000764,0.000458,32.16,64.2349750610897
71582,-8.204391,-3.744768,4.351348,-0.01909,-0.000764,0,32.16,64.2433665503009
71592,-8.214561,-3.729214,4.362116,-0.019853,0.000916,0.000153,32.11,64.1949018604141
71602,-8.196614,-3.735795,4.36391,-0.019242,0.00168,-0.000458,32.11,64.1517387586586
71612,-8.200203,-3.729214,4.351946,-0.01909,0.002749,0.000153,32.11,64.2147488497298
71622,-8.20798,-3.74058,4.348955,-0.019548,0.004276,-0.000916,32.11,64.2594962693722
71632,-8.206185,-3.739383,4.354339,-0.019395,0.006109,-0.000153,32.1,64.2264567126149
71642,-8.213962,-3.74058,4.360321,-0.018937,0.006414,-0.000305,32.1,64.2144882100012
71652,-8.209774,-3.741179,4.344768,-0.019242,0.007636,-0.000764,32.09,64.2857498381953
71662,-8.206783,-3.739383,4.358526,-0.018631,0.008705,-0.000153,32.09,64.2062426016019
71672,-8.213365,-3.734,4.341777,-0.018631,0.00901,-0.000458,32.08,64.3019011886508
71682,-8.206185,-3.726223,4.352544,-0.018784,0.010537,0.000611,32.08,64.2221468941342
71692,-8.203793,-3.729214,4.353741,-0.01909,0.011148,0,32.1,64.2136343932144
71702,-8.209177,-3.737589,4.34058,-0.018937,0.011759,-0.000458,32.1,64.3023023643486
71712,-8.206185,-3.73041,4.341179,-0.018326,0.011912,-0.001374,32.09,64.2850665233962
71722,-8.215756,-3.736991,4.342973,-0.018021,0.012217,-0.000611,32.09,64.3042063902152
71732,-8.22473,-3.741776,4.339384,-0.017715,0.011759,-0.000916,32.09,64.3478476273755
71742,-8.218747,-3.734,4.336991,-0.017257,0.011454,-0.002138,32.13,64.338728910072
71752,-8.216953,-3.738786,4.338188,-0.018021,0.011148,-0.001985,32.13,64.3334183552103
71762,-8.215756,-3.731607,4.332206,-0.016952,0.010537,-0.001222,32.13,64.3542136082828
71772,-8.222337,-3.74058,4.335197,-0.016952,0.010079,-0.000916,32.13,64.3628124184415
71782,-8.232506,-3.734,4.323233,-0.017715,0.008705,-0.001374,32.12,64.4406601470129
71792,-8.224131,-3.732804,4.337589,-0.016952,0.007178,-0.00168,32.12,64.3465618886417
71802,-8.222935,-3.742374,4.342375,-0.017104,0.005956,-0.001374,32.11,64.3290063793696
71812,-8.223534,-3.73041,4.336991,-0.017104,0.003818,-0.00168,32.11,64.3458494404922
71822,-8.223534,-3.723232,4.332804,-0.017257,0.002291,-0.001069,32.14,64.3601059909963
71832,-8.217552,-3.74716,4.332206,-0.017562,0.000458,-0.001527,32.14,64.374209317732
71842,-8.231908,-3.733402,4.32742,-0.016646,-0.001527,-0.00168,32.11,64.4171116871135
71852,-8.221739,-3.737589,4.331607,-0.017104,-0.003665,-0.002291,32.11,64.3769144654071
71862,-8.223534,-3.731009,4.331607,-0.016952,-0.006109,-0.002596,32.12,64.3742265473413
71872,-8.222337,-3.728616,4.328018,-0.016188,-0.00733,-0.001527,32.12,64.3876004691449
71882,-8.212766,-3.725027,4.333402,-0.016799,-0.009468,-0.001222,32.08,64.3345507184281
71892,-8.220542,-3.731607,4.336991,-0.017104,-0.01237,-0.002443,32.11,64.3403264904292
71902,-8.213365,-3.729214,4.323233,-0.01741,-0.01405,-0.002443,32.11,64.3926972173565
71912,-8.21157,-3.741776,4.34058,-0.017868,-0.016035,-0.001985,32.09,64.3120116713019
71922,-8.225328,-3.74058,4.334,-0.016952,-0.016952,-0.00168,32.09,64.37571710277
71932,-8.224131,-3.734598,4.339982,-0.016952,-0.018326,-0.002596,32.11,64.3360640380345
71942,-8.215158,-3.731009,4.337589,-0.016799,-0.019548,-0.001985,32.11,64.3244795190014
71952,-8.221739,-3.734,4.342973,-0.017257,-0.020006,-0.002291,32.11,64.314642399361
71962,-8.207382,-3.733402,4.335197,-0.017257,-0.020617,-0.001833,32.11,64.3217172284311
71972,-8.206185,-3.741179,4.339982,-0.017562,-0.020617,-0.001833,32.1,64.3023230602219
71982,-8.209774,-3.729214,4.339384,-0.01741,-0.02138,-0.002596,32.1,64.3012144205642
71992,-8.204391,-3.738187,4.345964,-0.01741,-0.020769,-0.002138,32.12,64.2643329464602
72002,-8.210971,-3.736991,4.353741,-0.018021,-0.021228,-0.001985,32.12,64.2379040857482
72012,-8.198408,-3.731009,4.350152,-0.018326,-0.020159,-0.002443,32.11,64.221782576996
72022,-8.2014,-3.728616,4.353741,-0.017715,-0.0197,-0.002443,32.11,64.2075914697033
72032,-8.21157,-3.737589,4.356732,-0.017715,-0.018784,-0.001985,32.11,64.224470344865
72042,-8.201998,-3.737589,4.365107,-0.017868,-0.017562,-0.00168,32.11,64.1596517713263
72052,-8.200203,-3.728616,4.35733,-0.018021,-0.016799,-0.00168,32.14,64.1863741129384
72062,-8.19781,-3.735196,4.353741,-0.018326,-0.012828,-0.001069,32.15,64.2062416151172
72072,-8.199606,-3.73041,4.363312,-0.018173,-0.011301,-0.001833,32.15,64.1560455822917
72082,-8.19781,-3.736392,4.356732,-0.018326,-0.009316,-0.001374,32.12,64.1920587063534
72092,-8.206185,-3.73041,4.354938,-0.018173,-0.00672,-0.000153,32.12,64.2141196082005
72102,-8.2014,-3.739383,4.360919,-0.018631,-0.005651,-0.001374,32.11,64.1817182568069
72112,-8.197212,-3.743571,4.35733,-0.018784,-0.004276,-0.001069,32.11,64.1950470601853
72122,-8.197212,-3.735196,4.362714,-0.01909,-0.001374,0.000458,32.12,64.1586383838153
72132,-8.190632,-3.738786,4.367499,-0.018631,0,-0.000153,32.12,64.1227578359764
72142,-8.199606,-3.738187,4.368098,-0.018173,0.001833,-0.000305,32.11,64.1394409636452
72152,-8.198408,-3.745365,4.368098,-0.018326,0.00336,0.000153,32.11,64.1441574452802
72162,-8.205587,-3.742973,4.367499,-0.018021,0.004734,0.000153,32.08,64.1610471166289
72172,-8.197212,-3.74716,4.361517,-0.018021,0.007025,0.000458,32.08,64.1771926610173
72182,-8.209177,-3.745964,4.359125,-0.018479,0.008552,-0.000153,32.12,64.2153709119974
72192,-8.204391,-3.731009,4.363312,-0.017715,0.010385,0,32.12,64.1675282170062
72202,-8.207382,-3.736392,4.351348,-0.018021,0.011454,0.000153,32.12,64.2414950847809
72212,-8.210971,-3.741179,4.358526,-0.018631,0.012523,0.000458,32.12,64.2175771887396
72222,-8.202596,-3.720241,4.356134,-0.018326,0.013744,-0.000153,32.14,64.1893378146997
72232,-8.209177,-3.734598,4.346562,-0.018173,0.01573,0,32.14,64.2683788362206
72242,-8.215756,-3.733402,4.353143,-0.018479,0.016188,0.000764,32.14,64.2481171501168
72252,-8.210373,-3.737589,4.343571,-0.018326,0.016646,0.000305,32.13,64.2895801861173
72262,-8.205587,-3.734598,4.338188,-0.017868,0.016493,-0.000153,32.13,64.3034549345759
72272,-8.207382,-3.738786,4.345366,-0.01741,0.016035,-0.000153,32.13,64.2747972613018
72282,-8.209774,-3.750151,4.344768,-0.018173,0.015119,0.000153,32.13,64.2949921592699
72292,-8.215158,-3.739982,4.331607,-0.018021,0.014355,0,32.11,64.3645421163641
72302,-8.212766,-3.736392,4.333402,-0.018173,0.014203,0.000153,32.11,64.3462041073371
72312,-8.213962,-3.735196,4.339982,-0.017562,0.013439,-0.000153,32.11,64.3137335383709
72322,-8.221739,-3.735196,4.332804,-0.01741,0.012523,-0.000153,32.11,64.3682913542989
72332,-8.213962,-3.728018,4.336392,-0.017562,0.011148,-0.000153,32.15,64.3248873025755
72342,-8.230114,-3.735795,4.341179,-0.018326,0.009927,-0.001069,32.15,64.3446057253836
72352,-8.226524,-3.731009,4.341179,-0.018021,0.008247,-0.000305,32.11,64.3316190339772
72362,-8.233105,-3.722634,4.32742,-0.018173,0.006414,-0.000916,32.11,64.4088347396463
72372,-8.216354,-3.724428,4.338188,-0.017715,0.005345,0.000305,32.11,64.3173469455686
72382,-8.212168,-3.731009,4.335794,-0.017715,0.002443,-0.000916,32.11,64.3269885767358
72392,-8.22473,-3.734,4.328018,-0.017562,0.000764,-0.000916,32.09,64.3984902835628
72402,-8.21157,-3.731009,4.332804,-0.017562,-0.000916,-0.000764,32.09,64.3410686896177
72412,-8.230114,-3.736991,4.334598,-0.018326,-0.005345,-0.001527,32.09,64.3797355127123
72422,-8.218747,-3.726821,4.32742,-0.017562,-0.006872,-0.001222,32.11,64.3807616374806
72432,-8.230114,-3.738786,4.33041,-0.01741,-0.009774,-0.001374,32.11,64.4031562378288
72442,-8.21157,-3.725027,4.333402,-0.017562,-0.011454,-0.000764,32.13,64.3318489616526
72456,-8.215158,-3.72383,4.332804,-0.017715,-0.013592,-0.001527,32.13,64.3418137497315
72462,-8.221739,-3.729214,4.331009,-0.018326,-0.015424,-0.00168,32.16,64.3714312320485
72472,-8.225926,-3.725027,4.334598,-0.018021,-0.016493,-0.000916,32.16,64.3580806734102
72482,-8.216354,-3.735795,4.34417,-0.017562,-0.017104,-0.001069,32.12,64.2981588160511
72492,-8.205587,-3.728018,4.335794,-0.017562,-0.018479,-0.002138,32.12,64.3090474530083
72502,-8.212766,-3.738187,4.338188,-0.016799,-0.019548,-0.002291,32.13,64.323357393832
72512,-8.223534,-3.732205,4.342973,-0.016799,-0.020159,-0.001374,32.13,64.3168539441504
72522,-8.212766,-3.726223,4.341777,-0.017868,-0.020006,-0.001833,32.09,64.29256479625
72532,-8.21157,-3.735196,4.347161,-0.017715,-0.020159,-0.002291,32.09,64.2713173754952
72542,-8.20798,-3.738187,4.345964,-0.017868,-0.0197,-0.001527,32.12,64.2724492152211
72552,-8.216953,-3.733402,4.348955,-0.018173,-0.020006,-0.002291,32.12,64.2723974457176
72562,-8.21157,-3.731607,4.350152,-0.017562,-0.0197,-0.001985,32.13,64.2522111344991
72572,-8.210373,-3.732205,4.355535,-0.017868,-0.0197,-0.002443,32.13,64.2223807805895
72582,-8.21157,-3.735196,4.360321,-0.017562,-0.017257,-0.001527,32.15,64.2035248171795
72592,-8.2014,-3.739982,4.34417,-0.018326,-0.016646,-0.002138,32.1,64.2686707830168
72602,-8.191828,-3.728018,4.354938,-0.018021,-0.015272,-0.002138,32.1,64.179073272454
72612,-8.193025,-3.731009,4.347759,-0.017562,-0.014203,-0.003054,32.12,64.2219215080965
72622,-8.190632,-3.73041,4.360321,-0.017257,-0.012828,-0.002902,32.12,64.1510693145428
72632,-8.185846,-3.724428,4.362116,-0.017562,-0.010385,-0.002138,32.11,64.1247287922838
72642,-8.194221,-3.734598,4.358526,-0.017715,-0.008552,-0.001527,32.11,64.1728115515282
72652,-8.200203,-3.734598,4.353143,-0.018173,-0.007178,-0.002749,32.14,64.2141322303419
72662,-8.199606,-3.728018,4.354339,-0.018784,-0.00504,-0.001985,32.14,64.1998216544581
72672,-8.198408,-3.728018,4.369893,-0.018326,-0.002749,-0.00168,32.09,64.11695386194
72682,-8.190034,-3.73041,4.355535,-0.017868,-0.001222,-0.001527,32.09,64.1743922298018
72692,-8.206783,-3.735795,4.362714,-0.017715,0.000305,-0.001374,32.12,64.1809733460776
72702,-8.193025,-3.732205,4.354339,-0.017104,0.002749,-0.000916,32.12,64.1892103813506
72712,-8.2014,-3.735196,4.358526,-0.017715,0.004581,-0.000916,32.09,64.1897196496526
72722,-8.206185,-3.737589,4.354938,-0.01741,0.00672,-0.000764,32.09,64.221520030342
72732,-8.201998,-3.739982,4.359125,-0.018021,0.006872,-0.001069,32.13,64.1929342323056
72742,-8.200802,-3.728616,4.352544,-0.017257,0.008399,-0.000764,32.13,64.2124069712914
72752,-8.202596,-3.731009,4.354938,-0.017868,0.011912,-0.000916,32.13,64.2066009729065
72762,-8.196015,-3.74058,4.351946,-0.018479,0.012065,-0.001527,32.1,64.2169933422979
72772,-8.194819,-3.739982,4.341179,-0.017562,0.013134,-0.001069,32.1,64.2692150046192
72782,-8.209177,-3.734598,4.351348,-0.01741,0.013286,-0.000916,32.12,64.2437098161267
72792,-8.210373,-3.735196,4.348955,-0.017715,0.013744,-0.000611,32.12,64.2593639728326
72802,-8.204391,-3.727419,4.334,-0.018173,0.012675,-0.001527,32.11,64.314990443817
72812,-8.221739,-3.735795,4.351348,-0.018326,0.012675,-0.000764,32.11,64.273342886668
72822,-8.212766,-3.735196,4.339384,-0.017868,0.012981,-0.000305,32.14,64.3141170574142
72832,-8.209177,-3.741179,4.34058,-0.018479,0.012523,-0.000916,32.14,64.3059954880724
72842,-8.208578,-3.723232,4.343571,-0.018784,0.011759,-0.001069,32.11,64.2707653553712
72852,-8.208578,-3.734598,4.333402,-0.018021,0.010996,-0.000458,32.11,64.3349114858682
72862,-8.210373,-3.734598,4.343571,-0.018021,0.010232,-0.000305,32.15,64.286504409177
72872,-8.208578,-3.736392,4.34058,-0.018479,0.008247,-0.001374,32.15,64.299718091526
72882,-8.218747,-3.735795,4.34058,-0.018173,0.007178,-0.001069,32.14,64.322064921592
72892,-8.213365,-3.738187,4.338786,-0.017715,0.005956,-0.000764,32.14,64.3216251412882
72902,-8.219346,-3.728616,4.341179,-0.017868,0.004581,-0.000916,32.11,64.3129705868013
72912,-8.212766,-3.731009,4.331009,-0.018479,0.002596,-0.001069,32.11,64.3530329754266
72922,-8.217552,-3.735196,4.332804,-0.018784,-0.000305,-0.001069,32.15,64.3588554324374
72932,-8.226524,-3.745964,4.329813,-0.019242,-0.001527,-0.000305,32.14,64.4055027023975
72942,-8.226524,-3.731607,4.331009,-0.018631,-0.002749,-0.000611,32.14,64.3846566984691
72952,-8.222337,-3.739383,4.325625,-0.018631,-0.004276,-0.001833,32.1,64.4109557298653
72962,-8.222337,-3.731009,4.333402,-0.018326,-0.005651,-0.000764,32.1,64.3622707057471
72972,-8.226524,-3.736392,4.344768,-0.018021,-0.006109,0.000153,32.09,64.3186395188166
72982,-8.203793,-3.736392,4.34417,-0.017715,-0.008094,-0.000916,32.09,64.2703829446392
72992,-8.216354,-3.731607,4.333402,-0.017868,-0.009774,-0.001222,32.11,64.349391386629
73002,-8.227122,-3.739383,4.333402,-0.018479,-0.01069,-0.001069,32.11,64.3816123882255
73012,-8.217552,-3.732804,4.326822,-0.017868,-0.011759,-0.001069,32.09,64.3872750066805
73022,-8.215756,-3.729214,4.345964,-0.017562,-0.012828,-0.001222,32.09,64.2808057139868
73032,-8.204391,-3.736991,4.328616,-0.017562,-0.013897,-0.000611,32.1,64.3526304712393
73042,-8.21157,-3.72383,4.345366,-0.018021,-0.014355,-0.001222,32.1,64.2688940370612
73052,-8.221141,-3.739383,4.345366,-0.017562,-0.014661,-0.001374,32.16,64.306484086602
73062,-8.214561,-3.737589,4.344768,-0.017868,-0.015272,-0.001374,32.16,64.2928702134904
73072,-8.212168,-3.733402,4.351348,-0.017715,-0.015424,-0.000764,32.11,64.2492472489274
73082,-8.208578,-3.735196,4.347759,-0.018021,-0.015577,-0.000764,32.11,64.2614685372473
73092,-8.216354,-3.729214,4.346562,-0.018021,-0.016341,-0.00168,32.09,64.2790754598143
73102,-8.20798,-3.731009,4.345366,-0.017257,-0.015577,-0.001833,32.1,64.2681459431972
73112,-8.20798,-3.74058,4.347161,-0.017562,-0.014966,-0.001222,32.1,64.2687431184405
73122,-8.209177,-3.731009,4.35075,-0.017562,-0.014508,-0.000764,32.13,64.2430976909463
73132,-8.206783,-3.729214,4.345964,-0.017257,-0.013744,-0.001222,32.13,64.2605067283515
73142,-8.208578,-3.736991,4.352544,-0.01741,-0.011912,-0.001069,32.16,64.2386558555126
73152,-8.196015,-3.735795,4.341777,-0.017715,-0.011454,-0.000916,32.16,64.264512868681
73162,-8.203195,-3.735795,4.354339,-0.017868,-0.010079,-0.001527,32.12,64.2159832310176
73172,-8.203793,-3.728616,4.348357,-0.017257,-0.009621,-0.001527,32.12,64.2407785727922
73182,-8.197212,-3.737589,4.345366,-0.016646,-0.007636,-0.001374,32.07,64.2505534597513
73192,-8.195418,-3.732804,4.352544,-0.017104,-0.006261,-0.00168,32.07,64.2045177345299
73202,-8.199007,-3.729812,4.347759,-0.017104,-0.005192,-0.001527,32.12,64.2342499253577
73212,-8.203793,-3.736392,4.347161,-0.01741,-0.003512,-0.001222,32.12,64.2549572660612
73222,-8.20798,-3.74058,4.355535,-0.017104,-0.001985,-0.001222,32.11,64.2255931649696
73232,-8.194819,-3.728616,4.362116,-0.017104,-0.000305,-0.00168,32.11,64.1494772005113
73242,-8.196015,-3.734,4.352544,-0.017715,0.000458,-0.002291,32.09,64.2071076622134
73252,-8.196015,-3.738187,4.356732,-0.017257,0.002596,-0.001833,32.09,64.1898436451949
73262,-8.208578,-3.739383,4.354938,-0.016646,0.003512,-0.001222,32.16,64.2287874305243
73272,-8.210971,-3.729812,4.348955,-0.017715,0.00672,-0.001527,32.16,64.2551794354647
73282,-8.203195,-3.736991,4.346562,-0.017868,0.007025,-0.00168,32.12,64.2573104124121
73292,-8.210373,-3.724428,4.351946,-0.017868,0.008247,-0.002138,32.11,64.2328743156844
73302,-8.208578,-3.725625,4.350152,-0.018173,0.00901,-0.002749,32.11,64.2392857829502
73312,-8.212168,-3.724428,4.349553,-0.017868,0.010232,-0.00168,32.11,64.2492746861602
73322,-8.213962,-3.735196,4.344768,-0.017562,0.010843,-0.000305,32.11,64.2890582927785
73332,-8.204989,-3.744169,4.347759,-0.017257,0.01069,-0.00168,32.1,64.2625988651082
73342,-8.212168,-3.732804,4.353143,-0.017257,0.011301,-0.001222,32.1,64.2393839109607
73352,-8.210373,-3.726223,4.343571,-0.017257,0.010996,-0.001069,32.14,64.2778992441816
73362,-8.210971,-3.731607,4.342375,-0.017257,0.009927,-0.001527,32.14,64.2909497708341
73372,-8.216953,-3.72383,4.335794,-0.018021,0.010537,-0.001069,32.1,64.3304381446136
73382,-8.218747,-3.726223,4.343571,-0.017868,0.00901,-0.001069,32.1,64.2968345443874
73392,-8.216354,-3.727419,4.341777,-0.017715,0.007789,-0.001527,32.14,64.3019018530665
73402,-8.207382,-3.723232,4.344768,-0.018173,0.007025,-0.000916,32.14,64.2618823395062
73412,-8.22473,-3.732205,4.348955,-0.018937,0.00672,-0.001985,32.17,64.2887388193925
73422,-8.216953,-3.733402,4.339982,-0.018173,0.005498,-0.00168,32.17,64.3186449446754
73432,-8.219944,-3.725027,4.338786,-0.018479,0.003512,-0.001374,32.13,64.3229849828775
73442,-8.220542,-3.729214,4.346562,-0.018326,0.000764,-0.001222,32.13,64.2885407651971
73452,-8.210971,-3.735795,4.325625,-0.018479,-0.000458,-0.001222,32.13,64.3816891763824
73462,-8.222935,-3.722036,4.335197,-0.018479,-0.002443,-0.001527,32.14,64.3451891115199
73472,-8.224131,-3.727419,4.339384,-0.018479,-0.003971,-0.001527,32.14,64.3318002488342
73482,-8.219346,-3.737589,4.335197,-0.017868,-0.005192,-0.00168,32.1,64.3530088881985
73492,-8.212766,-3.731009,4.339982,-0.018326,-0.00733,-0.001527,32.1,64.3067341538423
73502,-8.20798,-3.736392,4.335197,-0.018479,-0.008552,-0.001527,32.14,64.326140415969
73512,-8.212766,-3.728018,4.338786,-0.018631,-0.009621,-0.002291,32.14,64.3098344534472
73522,-8.219346,-3.722634,4.339384,-0.018326,-0.010232,-0.001527,32.12,64.3161015925322
73532,-8.215158,-3.735795,4.335794,-0.017868,-0.011759,-0.001374,32.12,64.3386469726166
73542,-8.219944,-3.731009,4.338786,-0.018173,-0.012981,-0.00168,32.14,64.3291094400943
73552,-8.21157,-3.729812,4.345964,-0.018326,-0.013897,-0.002291,32.14,64.271953632484
73562,-8.199007,-3.732804,4.351946,-0.018479,-0.014355,-0.002291,32.11,64.2157409356291
73572,-8.200203,-3.732205,4.347161,-0.017715,-0.014661,-0.001374,32.11,64.2425123567923
73582,-8.214561,-3.735795,4.337589,-0.018021,-0.014661,-0.001222,32.13,64.3280416018201
73592,-8.20798,-3.738187,4.342973,-0.018631,-0.014813,-0.000764,32.13,64.2878716409242
73602,-8.203793,-3.746562,4.350152,-0.018021,-0.014508,-0.001069,32.09,64.2500302582609
73612,-8.200203,-3.727419,4.352544,-0.017868,-0.014508,-0.001985,32.09,64.2098140689696
73622,-8.204391,-3.739383,4.350152,-0.018173,-0.013134,-0.000916,32.07,64.2439738069783
73632,-8.212766,-3.723232,4.355535,-0.017868,-0.013134,-0.000611,32.1,64.2185736542258
73642,-8.204989,-3.72383,4.350152,-0.017715,-0.011148,0.000153,32.1,64.2293058948965
73652,-8.204391,-3.731607,4.352544,-0.017868,-0.010385,-0.000764,32.14,64.223626325845
73662,-8.19123,-3.739383,4.344768,-0.017715,-0.008552,0,32.14,64.2419444234745
73672,-8.20798,-3.733402,4.353143,-0.01741,-0.007636,0.000153,32.15,64.2305183405219
73682,-8.201998,-3.738187,4.358526,-0.01741,-0.006872,0.000153,32.15,64.194165245333
73692,-8.201998,-3.733402,4.354339,-0.017104,-0.00504,0,32.11,64.2108013339798
73702,-8.206185,-3.723232,4.34417,-0.01741,-0.003818,-0.000305,32.11,64.2622563481064
73712,-8.19781,-3.74058,4.347759,-0.018021,-0.002902,-0.000916,32.12,64.2426518553436
73722,-8.19781,-3.731607,4.351946,-0.01741,-0.001374,0.000305,32.12,64.2117911105294
73732,-8.199606,-3.732205,4.348955,-0.01741,-0.000305,-0.000305,32.11,64.2319059295863
73742,-8.19123,-3.732804,4.353741,-0.017257,0.001222,-0.000764,32.11,64.1888394884747
73752,-8.200203,-3.73041,4.349553,-0.01741,0.002291,0.000611,32.14,64.2283234239787
73762,-8.207382,-3.742374,4.348357,-0.016493,0.003512,0.000153,32.14,64.263075312969
73772,-8.194221,-3.736392,4.35075,-0.017257,0.004887,-0.000153,32.17,64.2147646170409
73782,-8.209177,-3.738187,4.345964,-0.017257,0.005956,-0.001374,32.17,64.2751552205568
73792,-8.208578,-3.739982,4.345964,-0.016493,0.007178,0,32.16,64.2756493470038
73802,-8.199007,-3.725625,4.339384,-0.017257,0.008552,-0.000764,32.11,64.2731611211078
73812,-8.188837,-3.731607,4.345964,-0.016799,0.008247,-0.000153,32.11,64.2223041965423
73822,-8.210971,-3.725625,4.349553,-0.016799,0.009316,0.000153,32.11,64.247793738566
73832,-8.208578,-3.729214,4.34058,-0.016493,0.009468,-0.001222,32.11,64.292339879366
73842,-8.216354,-3.729812,4.338786,-0.016952,0.00901,-0.001374,32.1,64.3197790316405
73852,-8.216354,-3.731009,4.335794,-0.016035,0.009316,-0.001222,32.1,64.3364383494869
73862,-8.212168,-3.726821,4.335794,-0.016341,0.008552,-0.000611,32.15,64.3226932817443
73872,-8.215158,-3.725625,4.347759,-0.016952,0.008858,-0.000764,32.15,64.2665183683239
73882,-8.216354,-3.732804,4.336392,-0.016952,0.008858,-0.000916,32.11,64.3351935693803
73892,-8.219346,-3.738187,4.335794,-0.016799,0.008094,-0.000611,32.11,64.3505433165834
73902,-8.224131,-3.731607,4.337589,-0.017257,0.007025,-0.001069,32.12,64.3453371929333
73912,-8.209177,-3.729812,4.341777,-0.01741,0.006109,-0.000916,32.12,64.2881338153803
73922,-8.200802,-3.728616,4.335197,-0.017715,0.005192,-0.00168,32.11,64.3019224778724
73932,-8.215756,-3.731009,4.337589,-0.018021,0.004734,-0.001222,32.11,64.3258296044585
73942,-8.199007,-3.738786,4.335197,-0.018173,0.003818,-0.001833,32.09,64.308334642165
73952,-8.210971,-3.732804,4.335794,-0.017868,0.002138,-0.00168,32.09,64.3261277280758
73962,-8.210971,-3.741776,4.341777,-0.017868,-0.000916,-0.002749,32.11,64.3044876630766
73972,-8.217552,-3.728616,4.334598,-0.017562,-0.001833,-0.002443,32.12,64.3428604552226
73982,-8.221141,-3.735795,4.335794,-0.018173,-0.003512,-0.00168,32.12,64.3521381357594
73992,-8.218149,-3.726821,4.326822,-0.017868,-0.004581,-0.001833,32.13,64.3825005441311
74002,-8.218149,-3.732804,4.335794,-0.01741,-0.006414,-0.002138,32.13,64.3423276609923
74012,-8.220542,-3.732205,4.32742,-0.018173,-0.008399,-0.002291,32.07,64.3903113448363
74022,-8.212766,-3.736991,4.335197,-0.018326,-0.009774,-0.002596,32.07,64.337557650385
74032,-8.208578,-3.719643,4.331607,-0.018173,-0.010996,-0.002596,32.1,64.3288378084965
74042,-8.216354,-3.735795,4.341777,-0.017562,-0.012065,-0.001985,32.1,64.3104937308601
74052,-8.216953,-3.731009,4.335197,-0.017562,-0.012981,-0.001985,32.09,64.3408696947154
74062,-8.213365,-3.739383,4.34058,-0.017562,-0.014966,-0.002138,32.09,64.3136029637838
74072,-8.200802,-3.734598,4.345366,-0.018021,-0.015272,-0.002291,32.07,64.2555958342144
74082,-8.210373,-3.736991,4.344768,-0.017562,-0.015882,-0.002749,32.07,64.2827936216977
74093,-8.213962,-3.735795,4.338786,-0.018021,-0.016646,-0.002291,32.1,64.3205162849479
74102,-8.210373,-3.734598,4.339982,-0.018173,-0.017257,-0.002443,32.1,64.3050137227688
74112,-8.213962,-3.735795,4.344768,-0.017562,-0.017868,-0.001985,32.11,64.2896737375025
74122,-8.217552,-3.736392,4.348955,-0.017562,-0.018021,-0.002138,32.11,64.2768220028561
74132,-8.205587,-3.726223,4.347161,-0.017715,-0.018326,-0.003512,32.12,64.2485482188325
74142,-8.203195,-3.725027,4.354938,-0.017562,-0.016799,-0.002138,32.09,64.2017931808016
74152,-8.209774,-3.735196,4.354339,-0.017715,-0.016646,-0.001833,32.09,64.2302656980205
74162,-8.199606,-3.724428,4.356732,-0.017562,-0.01573,-0.002138,32.12,64.183780592717
74172,-8.191828,-3.721437,4.354339,-0.017868,-0.01405,-0.002138,32.12,64.1753632574052
74182,-8.195418,-3.725027,4.362116,-0.017562,-0.013286,-0.001527,32.11,64.1471285208855
74192,-8.208578,-3.742374,4.360919,-0.01741,-0.010996,-0.000764,32.11,64.2010729972618
74202,-8.203793,-3.728616,4.360919,-0.017562,-0.009927,-0.001374,32.13,64.1760278407881
74212,-8.201998,-3.739982,4.361517,-0.018021,-0.007941,-0.00168,32.13,64.1806133894815
74222,-8.200802,-3.727419,4.355535,-0.016952,-0.007025,-0.001833,32.08,64.1957514929209
74232,-8.197212,-3.736392,4.359125,-0.017104,-0.005192,-0.001374,32.08,64.1783687928474
74242,-8.19781,-3.731607,4.362714,-0.016799,-0.002902,-0.001222,32.08,64.156284436622
74252,-8.196614,-3.746562,4.359723,-0.016188,-0.001833,-0.001527,32.08,64.1844590096409
74262,-8.21157,-3.731607,4.349553,-0.016799,0.000305,-0.001069,32.13,64.2552981870089
74272,-8.2014,-3.733402,4.35733,-0.016952,0.001222,-0.000153,32.13,64.194030036838
74282,-8.201998,-3.729812,4.357928,-0.017104,0.002749,-0.000916,32.11,64.1885996058713
74292,-8.191828,-3.745365,4.362116,-0.016799,0.004276,-0.001069,32.11,64.1600340265144
74302,-8.199007,-3.731607,4.353143,-0.016952,0.006567,-0.000153,32.1,64.2083331456192
74312,-8.213365,-3.732205,4.354339,-0.016493,0.009468,0.000153,32.16,64.235315906494
74322,-8.203195,-3.736392,4.354938,-0.017715,0.009774,-0.000764,32.16,64.2135122977126
74332,-8.204989,-3.728616,4.353143,-0.017104,0.010996,0.000458,32.1,64.2188121008828
74342,-8.204391,-3.729812,4.354339,-0.016799,0.011454,-0.000305,32.1,64.2125240007988
74352,-8.204391,-3.739982,4.342973,-0.017715,0.012523,-0.000153,32.16,64.2816083112319
74362,-8.209177,-3.731607,4.347759,-0.017562,0.012828,-0.000611,32.16,64.2591308004981
74372,-8.209177,-3.73041,4.34417,-0.01741,0.01405,0.000458,32.13,64.276405869988
74382,-8.212766,-3.73041,4.345964,-0.017562,0.013744,-0.000153,32.13,64.2752729455689
74392,-8.20798,-3.736991,4.341777,-0.017104,0.013744,0.000305,32.12,64.2928090354055
74402,-8.206783,-3.729214,4.342375,-0.017715,0.012981,0.000611,32.12,64.2790192350179
74412,-8.203793,-3.736392,4.35075,-0.017868,0.012675,0,32.11,64.2364527687187
74422,-8.215158,-3.735196,4.346562,-0.017868,0.012217,-0.000153,32.11,64.2825142181909
74432,-8.217552,-3.722634,4.336392,-0.017257,0.011454,0.000153,32.11,64.3274818913409
74442,-8.224131,-3.739383,4.338188,-0.017868,0.010079,-0.000305,32.11,64.3502098517889
74452,-8.21157,-3.735196,4.335794,-0.017715,0.009774,-0.000458,32.14,64.3299357531084
74462,-8.214561,-3.73041,4.337589,-0.018326,0.008399,0,32.14,64.3225172974544
74472,-8.222337,-3.731009,4.338786,-0.017868,0.007178,-0.000305,32.08,64.3345085775274
74482,-8.221141,-3.725027,4.326224,-0.017868,0.004887,0.000458,32.08,64.3904987894441
74492,-8.216354,-3.734,4.339384,-0.017715,0.003054,-0.000153,32.13,64.3209896770228
74502,-8.226524,-3.732804,4.329215,-0.017868,0.001985,-0.000153,32.12,64.3951319219466
74512,-8.228917,-3.73041,4.34058,-0.017104,0.000764,-0.000153,32.12,64.3394888713927
74522,-8.224131,-3.743571,4.334598,-0.01741,-0.001833,-0.000611,32.13,64.373003273753
74532,-8.228917,-3.736392,4.325625,-0.017715,-0.003054,-0.000764,32.13,64.4226954418985
74542,-8.212766,-3.726223,4.332206,-0.017104,-0.004887,-0.000916,32.12,64.3419495419764
74552,-8.224131,-3.732205,4.324429,-0.018021,-0.00672,0,32.12,64.4138272052499
74562,-8.219944,-3.726821,4.333402,-0.017868,-0.007789,-0.000611,32.11,64.3525907798988
74572,-8.222935,-3.721437,4.331009,-0.018021,-0.00901,-0.001222,32.11,64.3661829594542
74582,-8.219944,-3.73041,4.32742,-0.018631,-0.010537,-0.001985,32.11,64.3871287296076
74592,-8.219944,-3.732804,4.343571,-0.018479,-0.011759,-0.001833,32.11,64.3062832017575
74602,-8.215158,-3.733402,4.339384,-0.018479,-0.012065,-0.000916,32.15,64.317676310127
74612,-8.219346,-3.73041,4.336392,-0.017562,-0.012981,-0.001527,32.15,64.3394917211924
74622,-8.215158,-3.72383,4.335794,-0.017715,-0.014966,-0.001069,32.1,64.3263835282151
74632,-8.209177,-3.724428,4.339384,-0.017715,-0.014355,-0.001069,32.1,64.2949512750154
74642,-8.206783,-3.725625,4.347161,-0.017104,-0.015424,-0.001985,32.1,64.2506423253509
74652,-8.212766,-3.729812,4.347161,-0.017257,-0.016188,-0.002291,32.1,64.2684881522611
74662,-8.213962,-3.727419,4.333402,-0.017868,-0.014813,-0.002596,32.14,64.3397023067025
74672,-8.203793,-3.733402,4.342973,-0.01741,-0.014966,-0.002902,32.09,64.2734781284827
74682,-8.207382,-3.731009,4.348955,-0.01741,-0.014661,-0.002291,32.09,64.2482867886349
74692,-8.212766,-3.732804,4.351946,-0.01741,-0.014203,-0.002443,32.12,64.2469041353464
74702,-8.201998,-3.725625,4.347759,-0.017868,-0.013286,-0.002749,32.12,64.236715438489
74712,-8.204989,-3.731009,4.34058,-0.01741,-0.011606,-0.002596,32.07,64.2860678892598
74722,-8.197212,-3.73041,4.348357,-0.017104,-0.010996,-0.002749,32.07,64.2277124763178
74732,-8.201998,-3.731607,4.353143,-0.016493,-0.009774,-0.002291,32.07,64.2151149069687
74742,-8.206185,-3.734,4.356732,-0.016952,-0.008858,-0.002596,32.07,64.2085759670308
74752,-8.213365,-3.729812,4.348955,-0.016341,-0.006872,-0.002138,32.12,64.2605964483082
74762,-8.213365,-3.735196,4.348955,-0.016952,-0.006414,-0.002749,32.12,64.2661300126992
74772,-8.203793,-3.734,4.354339,-0.017257,-0.005498,-0.002596,32.12,64.2154864759362
74782,-8.202596,-3.737589,4.359125,-0.01741,-0.003971,-0.002749,32.12,64.1918172048821
74792,-8.205587,-3.734598,4.347759,-0.016799,-0.003207,-0.003207,32.11,64.2540853000386
74802,-8.213365,-3.74058,4.344768,-0.01741,-0.002596,-0.003512,32.11,64.2932440398677
74812,-8.210971,-3.739982,4.353143,-0.01741,-0.00168,-0.00336,32.13,64.2440652615053
74822,-8.209177,-3.738786,4.34417,-0.017257,-0.001222,-0.003818,32.13,64.2850208489477
74832,-8.198408,-3.735795,4.354339,-0.01741,0.001374,-0.002749,32.12,64.2051333280558
74842,-8.212766,-3.735196,4.349553,-0.016952,0.00168,-0.003054,32.15,64.2616941682561
74852,-8.212766,-3.737589,4.341777,-0.016952,0.002749,-0.002749,32.15,64.3042353313574
74862,-8.204989,-3.737589,4.350152,-0.016952,0.003512,-0.002749,32.12,64.2434771725535
74872,-8.200203,-3.731607,4.345366,-0.016493,0.005192,-0.002596,32.12,64.2511561593563
74882,-8.215756,-3.737589,4.349553,-0.015882,0.005651,-0.002291,32.08,64.2709134953315
74892,-8.204989,-3.737589,4.35075,-0.016188,0.006261,-0.001833,32.08,64.240394686482
74902,-8.213365,-3.738187,4.343571,-0.015424,0.006872,-0.001985,32.11,64.2969536812541
74912,-8.205587,-3.739982,4.352544,-0.015882,0.007483,-0.002138,32.11,64.234970160506
74922,-8.207382,-3.73041,4.342375,-0.015882,0.007178,-0.001985,32.11,64.2816039478142
74932,-8.202596,-3.73041,4.337589,-0.016493,0.007025,-0.002596,32.11,64.2954757397137
74942,-8.214561,-3.724428,4.34417,-0.016035,0.007941,-0.001833,32.14,64.282442385781
74952,-8.229516,-3.741179,4.335794,-0.016341,0.008552,-0.002596,32.14,64.3765080811128
74962,-8.21157,-3.74058,4.34058,-0.016493,0.008552,-0.001222,32.11,64.3107817710362
74972,-8.205587,-3.736991,4.345366,-0.016341,0.007636,-0.001374,32.11,64.268889628934
74982,-8.216354,-3.732804,4.34058,-0.016341,0.007178,-0.001374,32.09,64.3135959442441
74992,-8.21157,-3.736991,4.337589,-0.017104,0.006261,-0.000764,32.09,64.3225190029085
75002,-8.210373,-3.736392,4.339384,-0.017715,0.005192,-0.001069,32.11,64.3099418854288
75012,-8.215158,-3.734598,4.332804,-0.016952,0.004887,-0.000916,32.12,64.3528446047169
75022,-8.212766,-3.729812,4.336392,-0.017868,0.003054,-0.001069,32.12,64.3240256450133
75032,-8.216354,-3.735795,4.335794,-0.018021,0.001833,-0.000611,32.12,64.3413447757211
75042,-8.213962,-3.733402,4.338188,-0.018326,0.000916,-0.001374,32.12,64.321144339381
75052,-8.209774,-3.73041,4.336991,-0.018479,-0.001069,-0.00168,32.11,64.3147896833864
75062,-8.21157,-3.735196,4.338188,-0.018631,-0.002596,-0.001374,32.11,64.3175853585338
75072,-8.215756,-3.738786,4.334598,-0.018021,-0.002902,-0.00168,32.13,64.3492331689465
75082,-8.215158,-3.734598,4.341179,-0.018021,-0.003818,-0.000458,32.13,64.3096478897394
75092,-8.214561,-3.722036,4.341179,-0.018631,-0.005956,-0.000611,32.11,64.2954153288768
75102,-8.222935,-3.747759,4.336392,-0.018326,-0.007636,-0.000916,32.11,64.3653580623242
75112,-8.20798,-3.734,4.337589,-0.018479,-0.009316,-0.001222,32.13,64.3113384135493
75122,-8.199606,-3.739383,4.344768,-0.018173,-0.010232,-0.000764,32.13,64.2609093205784
75132,-8.212766,-3.735196,4.336991,-0.018784,-0.011759,-0.001374,32.15,64.3264600841977
75142,-8.209774,-3.742374,4.342973,-0.018631,-0.012523,-0.000916,32.15,64.2962339850574
75152,-8.218747,-3.734598,4.341179,-0.018631,-0.012981,-0.000764,32.12,64.3177496143524
75162,-8.215756,-3.731607,4.343571,-0.018784,-0.013744,-0.000153,32.12,64.2955967606125
75172,-8.208578,-3.73041,4.345366,-0.018326,-0.014355,-0.001222,32.12,64.2688829863168
75182,-8.209774,-3.736392,4.336392,-0.018479,-0.014203,-0.000764,32.14,64.3240244601456
75192,-8.200802,-3.731009,4.344768,-0.017257,-0.014508,0.000458,32.14,64.254981901343
75202,-8.209177,-3.738786,4.353741,-0.017562,-0.014508,-0.001222,32.14,64.2356938752794
75212,-8.202596,-3.732804,4.353741,-0.017715,-0.013897,-0.000916,32.14,64.214622337311
75222,-8.214561,-3.733402,4.349553,-0.01741,-0.013134,0,32.14,64.2639087477909
75232,-8.202596,-3.736392,4.351348,-0.016799,-0.012217,-0.000305,32.14,64.2306593437629
75242,-8.20798,-3.732205,4.35075,-0.016493,-0.011148,-0.001069,32.11,64.2416186194038
75252,-8.206783,-3.728018,4.360919,-0.016341,-0.010079,-0.000458,32.11,64.1821963023605
75262,-8.208578,-3.737589,4.353741,-0.016341,-0.008858,-0.000764,32.11,64.233104702033
75272,-8.200203,-3.738187,4.355535,-0.016035,-0.007025,-0.000611,32.11,64.205508871763
75282,-8.203793,-3.735795,4.353143,-0.016952,-0.006261,0,32.12,64.2235020877536
75292,-8.201998,-3.728018,4.356134,-0.016341,-0.004429,-0.000611,32.12,64.1959952561797
75302,-8.202596,-3.737589,4.353143,-0.015882,-0.003512,-0.000305,32.1,64.2226417849308
75312,-8.19781,-3.74058,4.357928,-0.015424,-0.002291,-0.000611,32.1,64.1902258852184
75322,-8.203793,-3.720839,4.35075,-0.014966,-0.00168,0.000153,32.1,64.2204322488395
75332,-8.202596,-3.738786,4.362714,-0.014661,0,0.001069,32.1,64.1745684044004
75342,-8.20798,-3.731607,4.351348,-0.015119,0.001069,-0.000305,32.12,64.2379207526975
75352,-8.20798,-3.734,4.347759,-0.015119,0.004276,0.000764,32.13,64.2588846247579
75362,-8.19123,-3.731607,4.351348,-0.015119,0.00504,0,32.13,64.1999468380809
75372,-8.204989,-3.726223,4.342973,-0.014966,0.005803,0.000153,32.12,64.2687983535246
75382,-8.196015,-3.734,4.346562,-0.01573,0.00672,-0.000458,32.12,64.2379657956223
75392,-8.206783,-3.74058,4.347759,-0.01573,0.007483,-0.00168,32.1,64.26295429215
75402,-8.212168,-3.732804,4.34058,-0.015882,0.008552,-0.000305,32.1,64.3041417014733
75412,-8.203793,-3.719643,4.339384,-0.01573,0.009774,-0.000611,32.11,64.2778515551482
75422,-8.209774,-3.727419,4.354339,-0.015882,0.009927,-0.000458,32.11,64.222260308978
75432,-8.201998,-3.735795,4.343571,-0.016035,0.009927,-0.000764,32.13,64.2687967438096
75442,-8.214561,-3.731607,4.339384,-0.016646,0.010232,-0.000305,32.13,64.3144866587024
75452,-8.202596,-3.734598,4.346562,-0.016952,0.009927,-0.000305,32.07,64.2534880190828
75462,-8.215158,-3.734598,4.341179,-0.017562,0.010537,-0.000611,32.07,64.3096478897394
75472,-8.213365,-3.733402,4.347759,-0.018173,0.009774,-0.000764,32.1,64.2704492735445
75482,-8.216953,-3.733402,4.342973,-0.017562,0.009468,-0.001222,32.1,64.3032251186604
75492,-8.21157,-3.733402,4.345366,-0.018173,0.008858,-0.002443,32.1,64.2787259040102
75502,-8.216953,-3.73041,4.333402,-0.018021,0.008858,-0.000916,32.1,64.3495165171362
75512,-8.216354,-3.728616,4.331607,-0.018326,0.007178,-0.001985,32.12,64.3555904370562
75522,-8.222935,-3.726223,4.332206,-0.018479,0.005803,-0.002749,32.12,64.3648952958758
75532,-8.228318,-3.731009,4.344768,-0.018021,0.004123,-0.002596,32.09,64.3171760559738
75542,-8.216354,-3.731009,4.334598,-0.018479,0.00336,-0.002749,32.1,64.3426082257822
75552,-8.225926,-3.735795,4.341179,-0.018784,0.001527,-0.002291,32.1,64.3351681383678
75562,-8.224131,-3.735196,4.347161,-0.019853,-0.001069,-0.004123,32.14,64.2996909724637
75572,-8.209774,-3.731607,4.338188,-0.019548,-0.001527,-0.004734,32.14,64.3098425096825
75582,-8.215756,-3.735196,4.338786,-0.018631,-0.003207,-0.00504,32.14,64.3239506295266
75592,-8.230712,-3.736991,4.338188,-0.018021,-0.004276,-0.005498,32.14,64.3625830568516
75602,-8.235497,-3.729812,4.339982,-0.017868,-0.005651,-0.004429,32.12,64.3567861093082
75612,-8.22473,-3.735795,4.337589,-0.017868,-0.006261,-0.004276,32.12,64.3509728709693
75622,-8.219944,-3.741179,4.336392,-0.017715,-0.007636,-0.004123,32.11,64.3518751856312
75632,-8.216953,-3.734,4.33041,-0.018021,-0.008705,-0.005192,32.11,64.3686318405776
75642,-8.207382,-3.729812,4.34417,-0.016952,-0.009468,-0.005192,32.09,64.2717301133873
75652,-8.217552,-3.726821,4.341777,-0.016493,-0.010996,-0.003818,32.09,64.3039959466501
75662,-8.216953,-3.731607,4.336392,-0.017257,-0.011912,-0.00336,32.11,64.3353183423254
75672,-8.212168,-3.734598,4.333402,-0.016646,-0.01405,-0.003512,32.11,64.3430140194321
75682,-8.212168,-3.742374,4.339982,-0.017104,-0.014813,-0.003207,32.1,64.3170596035337
75692,-8.206783,-3.732804,4.342973,-0.01741,-0.016341,-0.002596,32.1,64.279626457692
75702,-8.200203,-3.736392,4.344768,-0.01741,-0.01573,-0.002902,32.11,64.2591747652819
75712,-8.209774,-3.736392,4.343571,-0.017562,-0.015272,-0.002749,32.1,64.286995424014
75722,-8.216354,-3.741179,4.349553,-0.018173,-0.015119,-0.001833,32.1,64.2759555839152
75732,-8.207382,-3.739982,4.34417,-0.016952,-0.014203,-0.001985,32.12,64.2821957101235
75742,-8.207382,-3.729812,4.341777,-0.016799,-0.013439,-0.002291,32.12,64.2840741082566
75752,-8.206783,-3.735795,4.348955,-0.016952,-0.012675,-0.001527,32.12,64.2518587969571
75762,-8.204391,-3.738187,4.351946,-0.016341,-0.011301,-0.002138,32.12,64.2334931410407
75772,-8.201998,-3.735196,4.351348,-0.016952,-0.009468,-0.001985,32.13,64.2280709726503
75782,-8.207382,-3.728616,4.359723,-0.017257,-0.00901,-0.001527,32.13,64.1903318813396
75792,-8.215158,-3.728616,4.348955,-0.017257,-0.007789,-0.001374,32.12,64.2634242930998
75802,-8.206185,-3.751348,4.351946,-0.017868,-0.006261,-0.001985,32.12,64.2511367252778
75812,-8.200802,-3.732804,4.345964,-0.017715,-0.005651,-0.001527,32.08,64.2506614771684
75822,-8.195418,-3.734,4.348357,-0.017715,-0.004123,-0.001069,32.08,64.2273513657302
75832,-8.206783,-3.729812,4.350152,-0.01741,-0.002596,-0.000764,32.08,64.2395273126417
75842,-8.2014,-3.726821,4.351348,-0.016952,-0.002138,-0.001527,32.08,64.2180802255239
75852,-8.21157,-3.726821,4.345366,-0.017868,-0.000916,-0.001985,32.1,64.2719647427259
75862,-8.214561,-3.735795,4.354938,-0.01741,0.000305,-0.001374,32.1,64.2386301569431
75872,-8.18764,-3.727419,4.351946,-0.017257,0.00168,-0.001222,32.11,64.1843763498677
75882,-8.201998,-3.732205,4.349553,-0.017257,0.002138,-0.001527,32.16,64.2342417963879
75892,-8.2014,-3.728018,4.344768,-0.016799,0.00336,0.000153,32.16,64.2532555234337
75902,-8.208578,-3.739383,4.348357,-0.016952,0.003512,-0.000305,32.1,64.2626973335232
75912,-8.201998,-3.734,4.350152,-0.016035,0.004734,-0.000305,32.1,64.2330038442322
75922,-8.210373,-3.726223,4.348955,-0.01573,0.005803,-0.000305,32.14,64.2501368478768
75932,-8.195418,-3.736392,4.349553,-0.01573,0.006567,-0.000611,32.14,64.223652600414
75942,-8.207382,-3.732205,4.354339,-0.015882,0.007789,-0.000458,32.13,64.2217678963979
75952,-8.209774,-3.732205,4.341179,-0.015882,0.007941,-0.000153,32.13,64.2950269776631
75962,-8.216354,-3.738187,4.338188,-0.016188,0.008094,0.000153,32.12,64.3314526476534
75972,-8.210373,-3.732804,4.338786,-0.016035,0.008552,0.000305,32.12,64.3093401221134
75982,-8.205587,-3.724428,4.348357,-0.014966,0.009468,0.001374,32.11,64.2405334850286
75992,-8.209774,-3.725625,4.349553,-0.015119,0.009774,0.001374,32.11,64.2450829404437
76002,-8.213365,-3.724428,4.345964,-0.016341,0.010079,0.000764,32.07,64.2704865554762
76012,-8.210373,-3.732804,4.339982,-0.016952,0.010537,0.000764,32.07,64.3031704742752
76022,-8.209177,-3.731607,4.339384,-0.016035,0.010537,0.001374,32.08,64.3023228645135
76032,-8.206783,-3.726223,4.333402,-0.01573,0.009774,0.001222,32.08,64.3222578926991
76042,-8.215158,-3.729812,4.335794,-0.016188,0.008399,0.000305,32.12,64.3325120263037
76052,-8.21157,-3.724428,4.334598,-0.016646,0.007941,0.000764,32.11,64.3250615703517
76062,-8.217552,-3.73041,4.335197,-0.016952,0.006872,0.000611,32.11,64.3416076438853
76072,-8.218747,-3.728616,4.335197,-0.017104,0.005498,0.000611,32.09,64.3424670202649
76082,-8.214561,-3.731607,4.335794,-0.017562,0.004734,0.000153,32.09,64.3330045462653
76092,-8.213365,-3.725027,4.338188,-0.018021,0.002596,-0.000153,32.08,64.3112062574189
76102,-8.220542,-3.74058,4.339982,-0.017715,0.001222,0.000153,32.08,64.3341031484639
76112,-8.209774,-3.722634,4.329215,-0.018479,-0.001069,0,32.1,64.346958918324
76122,-8.228917,-3.731009,4.320839,-0.01909,-0.002596,0.000153,32.1,64.4418988986442
76132,-8.214561,-3.74058,4.339982,-0.019548,-0.00504,-0.001069,32.07,64.3206149747431
76142,-8.210971,-3.729214,4.338786,-0.018631,-0.00733,-0.000764,32.07,64.3070052039851
76152,-8.220542,-3.726821,4.335794,-0.01909,-0.009316,-0.000764,32.13,64.3416011949865
76162,-8.217552,-3.724428,4.345964,-0.018784,-0.010385,-0.000916,32.13,64.279958280215
76172,-8.215756,-3.734,4.333402,-0.019548,-0.01237,-0.002596,32.1,64.3504948672209
76182,-8.221141,-3.735795,4.336991,-0.01909,-0.013744,-0.001374,32.1,64.34596644872
76192,-8.213365,-3.732205,4.338188,-0.018479,-0.014355,-0.00168,32.15,64.3185680315608
76202,-8.210971,-3.733402,4.341777,-0.018937,-0.014966,-0.001374,32.15,64.295877999021
76212,-8.221739,-3.734,4.341777,-0.018326,-0.015882,-0.002138,32.13,64.3208058258404
76222,-8.204391,-3.739383,4.347759,-0.017562,-0.016493,-0.002443,32.14,64.2563103373353
76232,-8.204391,-3.735795,4.348357,-0.018479,-0.017257,-0.002443,32.14,64.2495283576335
76242,-8.216354,-3.731607,4.34058,-0.018326,-0.017104,-0.002443,32.14,64.3123681960187
76252,-8.20798,-3.731607,4.353143,-0.017104,-0.016646,-0.002443,32.14,64.2286697375481
76262,-8.210373,-3.736991,4.357928,-0.017104,-0.016493,-0.002291,32.15,64.2149853663253
76272,-8.200203,-3.736991,4.349553,-0.016188,-0.015119,-0.001985,32.15,64.2351126302434
76282,-8.200802,-3.733402,4.353143,-0.016646,-0.014508,-0.002596,32.15,64.2142555765836
76292,-8.190034,-3.736392,4.344768,-0.016646,-0.013286,-0.001985,32.15,64.2361408583684
76302,-8.215158,-3.721437,4.351946,-0.015882,-0.01237,-0.001527,32.16,64.2406426818896
76312,-8.209177,-3.731009,4.356732,-0.016646,-0.011301,-0.002596,32.16,64.2122736401722
76322,-8.196015,-3.735795,4.35075,-0.016799,-0.009774,-0.002138,32.12,64.2182148104343
76332,-8.198408,-3.732804,4.356732,-0.016952,-0.009774,-0.002749,32.12,64.1897074178905
76342,-8.209177,-3.73041,4.347161,-0.017257,-0.008247,-0.002291,32.1,64.2609827743184
76352,-8.208578,-3.735196,4.352544,-0.016341,-0.005956,-0.001222,32.1,64.2368067254674
76362,-8.207382,-3.734,4.353143,-0.016341,-0.004734,-0.001374,32.15,64.2297801883638
76372,-8.199007,-3.735795,4.350152,-0.016493,-0.002902,-0.002749,32.15,64.2280797966521
76382,-8.203195,-3.741179,4.356134,-0.016493,-0.00168,-0.001985,32.13,64.2122920175234
76392,-8.205587,-3.736991,4.350152,-0.017562,0.00168,-0.002291,32.15,64.2442141706981
76402,-8.207382,-3.733402,4.362116,-0.017104,0.002443,-0.00168,32.15,64.1829416143054
76412,-8.215158,-3.728616,4.356732,-0.016952,0.003971,-0.002138,32.11,64.2233601600194
76422,-8.204391,-3.735795,4.351348,-0.016952,0.005956,-0.002291,32.11,64.2341086008633
76432,-8.205587,-3.732804,4.344768,-0.017562,0.006261,-0.002596,32.1,64.2676623753524
76442,-8.205587,-3.728018,4.353741,-0.017257,0.00733,-0.001374,32.1,64.216469281455
76452,-8.212168,-3.732804,4.347161,-0.01741,0.008247,-0.001527,32.11,64.2702101930842
76462,-8.209177,-3.737589,4.341777,-0.016952,0.008858,-0.000611,32.11,64.2961288992718
76472,-8.209774,-3.734,4.353741,-0.017104,0.009163,-0.001222,32.1,64.2321148927163
76482,-8.218149,-3.728616,4.353741,-0.017257,0.010232,-0.001222,32.1,64.2455345888886
76492,-8.21157,-3.732205,4.347161,-0.017257,0.009774,-0.003054,32.11,64.2682420736736
76502,-8.214561,-3.722036,4.345366,-0.01741,0.009468,-0.002138,32.11,64.2738227296137
76512,-8.214561,-3.732205,4.338188,-0.01741,0.009621,-0.001069,32.11,64.3212686241352
76522,-8.212766,-3.735196,4.34417,-0.017562,0.009621,-0.001222,32.11,64.2894386759501
76532,-8.215756,-3.722634,4.339384,-0.01741,0.008705,-0.00168,32.12,64.3079887410873
76542,-8.218747,-3.74058,4.345964,-0.017715,0.00733,-0.001374,32.12,64.2992304832002
76552,-8.20798,-3.731009,4.339982,-0.017868,0.007178,-0.001985,32.11,64.2959173670061
76562,-8.225328,-3.726821,4.342973,-0.017562,0.004887,-0.001069,32.15,64.3153926550692
76572,-8.217552,-3.736392,4.339384,-0.018173,0.003971,-0.001527,32.15,64.326146837546
76582,-8.212766,-3.733402,4.342375,-0.01909,0.002138,-0.001527,32.11,64.2968502821471
76592,-8.208578,-3.731009,4.336392,-0.018631,0.000916,-0.002902,32.11,64.3157935335378
76602,-8.219944,-3.734,4.337589,-0.018021,0,-0.001527,32.1,64.3383452139649
76612,-8.215756,-3.734,4.337589,-0.018173,-0.001527,-0.001374,32.1,64.3288967372089
76622,-8.222337,-3.735196,4.336991,-0.018326,-0.00336,-0.001374,32.12,64.3480490136841
76632,-8.224131,-3.744169,4.338786,-0.018326,-0.004276,-0.001374,32.12,64.3520325353384
76642,-8.219346,-3.733402,4.344768,-0.018937,-0.004734,-0.00168,32.13,64.299377618944
76652,-8.222935,-3.728018,4.331009,-0.018784,-0.00672,-0.002291,32.13,64.3729045176356
76662,-8.215756,-3.741776,4.335794,-0.018937,-0.00672,-0.002291,32.15,64.3461332613782
76672,-8.225926,-3.741776,4.338786,-0.017868,-0.006261,-0.001374,32.15,64.3536222874328
76682,-8.22473,-3.736991,4.338188,-0.017868,-0.00672,-0.000611,32.1,64.3491098880091
76692,-8.215158,-3.738187,4.34058,-0.017868,-0.008399,-0.000764,32.1,64.3164210156544
76702,-8.215756,-3.741179,4.346562,-0.018479,-0.00901,-0.001222,32.13,64.2900137202566
76712,-8.205587,-3.729214,4.336991,-0.018631,-0.009163,-0.001222,32.13,64.3040972753489
76722,-8.21157,-3.734598,4.344768,-0.018021,-0.009927,0.000305,32.09,64.2830382658085
76732,-8.206783,-3.734,4.338188,-0.017257,-0.011301,-0.000458,32.09,64.3055428585785
76742,-8.210373,-3.737589,4.338786,-0.017868,-0.01069,0,32.14,64.3142567161237
76752,-8.200203,-3.737589,4.34058,-0.017562,-0.010996,0,32.15,64.2820181775305
76762,-8.217552,-3.738786,4.354938,-0.017715,-0.01069,-0.000458,32.15,64.2484706771056
76772,-8.206783,-3.738187,4.349553,-0.018479,-0.009927,-0.000611,32.08,64.2512407548163
76782,-8.212766,-3.734598,4.352544,-0.017868,-0.010232,-0.001069,32.08,64.2456686151073
76792,-8.204391,-3.739982,4.348955,-0.017715,-0.01069,-0.000611,32.12,64.2507620858152
76802,-8.202596,-3.734,4.35733,-0.017868,-0.009316,-0.000305,32.12,64.1973595017144
76812,-8.195418,-3.736392,4.348357,-0.017868,-0.008247,0,32.12,64.2298222934027
76822,-8.206783,-3.735795,4.34058,-0.017868,-0.007025,0,32.12,64.2950477097333
76832,-8.199606,-3.722036,4.356134,-0.018326,-0.006261,-0.000916,32.11,64.1843971070042
76842,-8.203793,-3.731009,4.349553,-0.017715,-0.00504,-0.001222,32.11,64.2370757030499
76852,-8.209774,-3.736392,4.352544,-0.018021,-0.003512,-0.001222,32.07,64.2407453851225
76862,-8.194819,-3.733402,4.353741,-0.017715,-0.002749,-0.000611,32.07,64.197603481653
76872,-8.208578,-3.739383,4.354938,-0.018021,-0.001374,-0.000916,32.12,64.2287874305243
76882,-8.213962,-3.738187,4.35075,-0.018021,0.000305,0,32.12,64.2613074888983
76892,-8.2014,-3.734598,4.35075,-0.01741,0.001527,-0.001069,32.11,64.2291825333334
76902,-8.199606,-3.74058,4.345366,-0.018021,0.003054,-0.000916,32.11,64.2590599734145
76912,-8.206783,-3.748955,4.348955,-0.018021,0.004734,-0.001069,32.07,64.2654276348944
76922,-8.215158,-3.725625,4.345964,-0.018631,0.006567,-0.001374,32.08,64.275771111111
76932,-8.204391,-3.744169,4.339384,-0.018479,0.007178,-0.000916,32.08,64.3044363921185
76942,-8.20798,-3.735196,4.344768,-0.017715,0.008247,-0.000764,32.14,64.2755371174805
76952,-8.206783,-3.731009,4.347161,-0.017257,0.008399,-0.001222,32.14,64.256180690765
76962,-8.209774,-3.726821,4.344768,-0.017104,0.008552,-0.00168,32.1,64.2709845587972
76972,-8.210971,-3.735795,4.342375,-0.016952,0.008247,-0.001833,32.1,64.2952535370965
76982,-8.214561,-3.733402,4.339982,-0.016646,0.008552,-0.001527,32.12,64.3132445292902
76992,-8.218747,-3.727419,4.345964,-0.016493,0.008399,-0.000916,32.12,64.2857259466939
77002,-8.212168,-3.73041,4.339982,-0.017104,0.008552,-0.001222,32.09,64.3047681458047
77012,-8.216953,-3.742973,4.339982,-0.016952,0.008247,-0.001069,32.09,64.3284680560543
77022,-8.221739,-3.734,4.34417,-0.016493,0.007178,-0.001833,32.1,64.3084744580047
77032,-8.207382,-3.734598,4.33041,-0.016493,0.005803,-0.002596,32.1,64.3476577749816
77042,-8.22772,-3.73041,4.339384,-0.016646,0.00504,-0.002291,32.11,64.3429530684762
77052,-8.215158,-3.737589,4.335197,-0.016646,0.003971,-0.002138,32.11,64.3435669394731
77062,-8.216354,-3.732804,4.332206,-0.016952,0.003512,-0.002291,32.09,64.3567887015866
77072,-8.217552,-3.736392,4.335197,-0.016646,0.001985,-0.001833,32.09,64.347737690238
77082,-8.202596,-3.731607,4.325625,-0.017562,0.000153,-0.001527,32.09,64.3584983424594
77092,-8.216354,-3.739383,4.33041,-0.017104,-0.000916,-0.001527,32.11,64.3727984496017
77102,-8.216953,-3.741776,4.336392,-0.016646,-0.00168,-0.001527,32.11,64.3457475143229
77112,-8.209774,-3.734598,4.332206,-0.017104,-0.002902,-0.001985,32.11,64.3437843680005
77122,-8.213365,-3.735795,4.332804,-0.017715,-0.003665,-0.001374,32.11,64.3500283383736
77132,-8.219346,-3.736991,4.337589,-0.018326,-0.00504,-0.00168,32.11,64.3400619938141
77142,-8.216953,-3.739982,4.34058,-0.017715,-0.00672,-0.001985,32.11,64.3223141116875
77152,-8.209177,-3.73041,4.344768,-0.017868,-0.007025,-0.001833,32.14,64.2733219621045
77162,-8.213962,-3.735196,4.338188,-0.017868,-0.007789,-0.002138,32.14,64.3229855239709
77172,-8.215756,-3.732804,4.337589,-0.018021,-0.007941,-0.001374,32.11,64.3276701318169
77182,-8.212766,-3.725027,4.335197,-0.017868,-0.009163,-0.001833,32.11,64.3252863445135
77192,-8.223534,-3.738187,4.341179,-0.018021,-0.010385,-0.002138,32.1,64.3322259989943
77202,-8.209774,-3.731009,4.328018,-0.018479,-0.010537,-0.002291,32.1,64.3617242395083
77212,-8.215158,-3.738187,4.342973,-0.017715,-0.011454,-0.001985,32.1,64.3040847387333
77222,-8.20798,-3.727419,4.332804,-0.018479,-0.011606,-0.001833,32.1,64.3292780193359
77232,-8.214561,-3.732804,4.354339,-0.018173,-0.012217,-0.002138,32.11,64.2386386807391
77242,-8.217552,-3.729812,4.346562,-0.017562,-0.012065,-0.001985,32.11,64.282397090053
77252,-8.215756,-3.734,4.334598,-0.01741,-0.013439,-0.002596,32.12,64.3443246486493
77262,-8.213365,-3.729812,4.351946,-0.016646,-0.013592,-0.001527,32.12,64.2451835490211
77272,-8.213962,-3.731607,4.353741,-0.017715,-0.013286,-0.000764,32.12,64.239132510681
77282,-8.212168,-3.739982,4.349553,-0.017562,-0.012675,-0.001222,32.09,64.2652664861282
77292,-8.206185,-3.74058,4.347759,-0.016952,-0.012523,-0.001374,32.09,64.2616020576695
77302,-8.203195,-3.735795,4.355535,-0.017868,-0.012981,-0.001985,32.09,64.209819650509
77312,-8.212168,-3.728616,4.339982,-0.017257,-0.011912,-0.001374,32.09,64.3029269120558
77322,-8.21157,-3.734,4.347759,-0.016799,-0.011454,-0.001069,32.08,64.2670051756219
77332,-8.196015,-3.736392,4.352544,-0.016952,-0.01069,-0.001222,32.08,64.2095796777579
77342,-8.2014,-3.731607,4.364508,-0.016799,-0.00901,-0.001833,32.11,64.1551959730788
77352,-8.209177,-3.735795,4.358526,-0.016493,-0.008552,-0.000764,32.11,64.2079644377999
77362,-8.215158,-3.73041,4.360321,-0.016952,-0.007483,-0.000611,32.12,64.2067252615214
77372,-8.210971,-3.741179,4.357928,-0.016952,-0.00672,-0.000764,32.12,64.2206561224755
77382,-8.194819,-3.736991,4.351946,-0.016952,-0.005345,-0.000916,32.11,64.2105711039734
77392,-8.194221,-3.729812,4.35075,-0.016493,-0.003971,-0.000458,32.11,64.2079651135175
77402,-8.2014,-3.735795,4.345964,-0.017104,-0.002291,-0.000611,32.07,64.2550990109993
77412,-8.207382,-3.736991,4.351348,-0.016341,-0.000458,0.000305,32.07,64.2421122923464
77422,-8.214561,-3.735196,4.35075,-0.01741,0.001985,-0.001069,32.13,64.2595856471081
77432,-8.200203,-3.728018,4.359723,-0.017104,0.003665,-0.000916,32.07,64.17342348216
77442,-8.200203,-3.739982,4.348955,-0.017868,0.005498,-0.001069,32.07,64.241283952282
77452,-8.204391,-3.734598,4.360919,-0.01741,0.006414,-0.001374,32.1,64.1835575508069
77462,-8.209774,-3.738187,4.351946,-0.018021,0.007483,-0.001069,32.1,64.2456752829324
77472,-8.200802,-3.731607,4.35075,-0.017562,0.009468,-0.000305,32.13,64.2247423076318
77482,-8.208578,-3.725027,4.347759,-0.01741,0.010385,-0.001527,32.13,64.2510092852977
77492,-8.208578,-3.736991,4.350152,-0.017715,0.011148,-0.001069,32.08,64.2509822718182
77502,-8.206185,-3.726821,4.341777,-0.018173,0.012065,-0.000916,32.08,64.2782914353527
77512,-8.209177,-3.726821,4.34058,-0.017562,0.012828,-0.000611,32.07,64.2912367522648
77522,-8.214561,-3.736991,4.334,-0.018173,0.013134,-0.00168,32.07,64.3477818846956
77532,-8.206783,-3.741179,4.34058,-0.018021,0.013439,-0.00168,32.09,64.3005891477689
77542,-8.213365,-3.729812,4.34058,-0.017868,0.013592,-0.000611,32.09,64.3037748697306
77552,-8.221141,-3.727419,4.338188,-0.017257,0.012828,-0.000916,32.12,64.3312188344097
77562,-8.216354,-3.744169,4.336392,-0.016646,0.012675,-0.000611,32.12,64.3468542676307
77572,-8.213365,-3.73041,4.334598,-0.017104,0.012523,-0.000916,32.09,64.335248178277
77582,-8.212766,-3.74058,4.332206,-0.017257,0.011912,-0.000458,32.09,64.3566741579657
77592,-8.218747,-3.74058,4.341179,-0.016799,0.01069,-0.000153,32.11,64.3238867906961
77602,-8.212766,-3.727419,4.332804,-0.016341,0.007483,-0.000764,32.13,64.3400883024107
77612,-8.216953,-3.734598,4.333402,-0.016646,0.005498,-0.000305,32.13,64.3538071662547
77622,-8.223534,-3.73041,4.329215,-0.016952,0.004276,0,32.12,64.3859537326348
77632,-8.23131,-3.72383,4.332206,-0.016799,0.002443,-0.001374,32.12,64.3813286764431
77642,-8.225328,-3.724428,4.325625,-0.01573,0,-0.001374,32.14,64.4024128355232
77652,-8.216953,-3.728616,4.322634,-0.017257,-0.001527,-0.002138,32.14,64.4032650766271
77662,-8.219346,-3.738187,4.325625,-0.017104,-0.003207,-0.001527,32.1,64.4030023881446
77672,-8.226524,-3.723232,4.338188,-0.016188,-0.005192,-0.002291,32.1,64.3390864122228
77682,-8.219944,-3.73041,4.322036,-0.016035,-0.007025,-0.002138,32.14,64.4149228053543
77692,-8.222935,-3.735196,4.326822,-0.016188,-0.008399,-0.001374,32.14,64.4018431879788
77702,-8.217552,-3.734598,4.335794,-0.016799,-0.010537,-0.00168,32.11,64.3428195728537
77712,-8.219346,-3.726821,4.331009,-0.016188,-0.012065,-0.00168,32.11,64.3635888930978
77722,-8.220542,-3.731009,4.337589,-0.015882,-0.01405,-0.002138,32.13,64.3366306414052
77732,-8.215756,-3.732804,4.326822,-0.016799,-0.015424,-0.002902,32.13,64.3832281002787
77742,-8.210373,-3.74058,4.325027,-0.016646,-0.016493,-0.002749,32.13,64.3883385875384
77752,-8.219346,-3.741776,4.335197,-0.016952,-0.018326,-0.003207,32.13,64.3573014430868
77762,-8.214561,-3.734,4.34058,-0.016341,-0.018937,-0.002443,32.12,64.3107745993036
77772,-8.199007,-3.741179,4.347161,-0.016341,-0.020311,-0.002749,32.12,64.2490644766882
77782,-8.20798,-3.736392,4.34417,-0.01741,-0.020464,-0.002138,32.11,64.2798515657853
77792,-8.216354,-3.723232,4.346562,-0.017257,-0.020922,-0.002596,32.13,64.2729399574378
77802,-8.213365,-3.737589,4.348955,-0.017257,-0.020311,-0.002596,32.13,64.2685908995986
77812,-8.212766,-3.729812,4.349553,-0.01741,-0.019853,-0.002902,32.12,64.2561592525217
77822,-8.203793,-3.731607,4.347161,-0.017257,-0.019548,-0.002596,32.12,64.250027042277
77832,-8.207382,-3.736991,4.347759,-0.017715,-0.018173,-0.001985,32.12,64.2606113400893
77842,-8.200802,-3.735196,4.354339,-0.016493,-0.017257,-0.002138,32.12,64.2099419009128
77852,-8.204989,-3.729812,4.35075,-0.016493,-0.015577,-0.00168,32.1,64.2323804319147
77862,-8.2014,-3.725625,4.351946,-0.016952,-0.013744,-0.002291,32.1,64.2137639078431
77872,-8.195418,-3.732804,4.363312,-0.017868,-0.011759,-0.002291,32.13,64.1490075211057
77882,-8.199007,-3.729812,4.360321,-0.017104,-0.009774,-0.001374,32.13,64.169478579152
77892,-8.196614,-3.739982,4.352544,-0.017562,-0.008399,-0.001222,32.11,64.2146488883483
77902,-8.193025,-3.741776,4.354339,-0.016646,-0.005651,-0.000764,32.11,64.1991145229733
77912,-8.188837,-3.736392,4.351348,-0.017104,-0.004123,-0.001985,32.13,64.1994670035489
77922,-8.197212,-3.734,4.359723,-0.016646,-0.001374,-0.001374,32.13,64.1728133393788
77932,-8.199007,-3.735795,4.353143,-0.017868,0.000305,-0.001833,32.11,64.2126572301487
77942,-8.201998,-3.738786,4.354339,-0.017562,0.004429,-0.001527,32.11,64.2163587859209
77952,-8.199007,-3.744169,4.362116,-0.016646,0.00672,-0.001527,32.12,64.1750787549786
77962,-8.215158,-3.74058,4.360321,-0.016035,0.008399,-0.000611,32.09,64.217194418138
77972,-8.196614,-3.729812,4.350152,-0.016493,0.009316,-0.001069,32.09,64.216479034643
78002,-8.208578,-3.729812,4.346562,-0.016799,0.013897,-0.000458,32.11,64.2621007746867
78012,-8.202596,-3.744768,4.346562,-0.016646,0.014203,-0.000916,32.11,64.2639778561105
78022,-8.210373,-3.731607,4.344768,-0.016341,0.014355,-0.000764,32.08,64.2772575300879
78032,-8.215756,-3.732804,4.337589,-0.016646,0.01405,-0.000458,32.08,64.3276701318169
78042,-8.202596,-3.734598,4.339982,-0.017562,0.014661,-0.001069,32.11,64.2874348299417
78052,-8.20798,-3.748357,4.347161,-0.017104,0.013592,-0.001374,32.11,64.2767595859187
78062,-8.218149,-3.732205,4.338188,-0.017562,0.012981,-0.000611,32.12,64.3293676294542
78072,-8.221141,-3.738187,4.341179,-0.016493,0.01237,-0.001069,32.12,64.3268305833929
78082,-8.231908,-3.731009,4.341777,-0.017868,0.011912,-0.001069,32.15,64.340676439677
78092,-8.214561,-3.72383,4.333402,-0.017562,0.010996,-0.001374,32.15,64.3373790927039
78102,-8.22772,-3.73041,4.331009,-0.018021,0.009163,-0.000611,32.1,64.3861274576044
78112,-8.219944,-3.727419,4.335794,-0.016341,0.008094,-0.000153,32.1,64.340863599929
78122,-8.228917,-3.732205,4.337589,-0.017715,0.004887,-0.000611,32.08,64.3567355514742
78132,-8.219346,-3.736991,4.332804,-0.016952,0.003512,-0.000916,32.06,64.3647377708496
78142,-8.220542,-3.731607,4.326822,-0.016799,0.001833,-0.001527,32.06,64.3927860757806
78152,-8.217552,-3.731009,4.334,-0.01741,-0.000153,-0.001069,32.1,64.3483961121242
78162,-8.217552,-3.731009,4.322036,-0.017715,-0.001069,-0.000611,32.1,64.4101491537424
78172,-8.222935,-3.732804,4.332206,-0.017104,-0.002902,-0.000764,32.11,64.3716227876323
78182,-8.220542,-3.732205,4.344768,-0.017257,-0.004429,-0.001069,32.11,64.3008508325873
78192,-8.212766,-3.737589,4.345366,-0.017257,-0.005651,-0.002749,32.12,64.2857332675109
78202,-8.206185,-3.733402,4.333402,-0.016646,-0.006872,-0.002443,32.12,64.3282791508367
78212,-8.215158,-3.734,4.332804,-0.016493,-0.007941,-0.001833,32.14,64.3522315467958
78222,-8.218149,-3.731607,4.335197,-0.016341,-0.008705,-0.000916,32.14,64.3441806398208
78232,-8.222337,-3.735795,4.338188,-0.016341,-0.010079,-0.001985,32.06,64.3424918257654
78242,-8.215158,-3.732205,4.334,-0.016952,-0.011301,-0.001985,32.06,64.3442205845777
78252,-8.217552,-3.735196,4.336392,-0.016646,-0.011454,-0.001222,32.05,64.3403484646557
78262,-8.214561,-3.733402,4.34417,-0.016035,-0.01237,-0.001069,32.05,64.2916515469267
78272,-8.210971,-3.73041,4.346562,-0.016493,-0.01237,-0.001374,32.08,64.268130095657
78282,-8.212168,-3.735196,4.337589,-0.016341,-0.013592,-0.001985,32.08,64.3220253946628
78292,-8.214561,-3.736991,4.348357,-0.016493,-0.012065,-0.001069,32.12,64.2737602326744
78302,-8.216354,-3.743571,4.341777,-0.016952,-0.012675,-0.001833,32.09,64.3184796428369
78312,-8.195418,-3.73041,4.351348,-0.016341,-0.013286,-0.002291,32.09,64.2082137115818
78322,-8.206783,-3.726821,4.34417,-0.016493,-0.012217,-0.001527,32.1,64.2672992357274
78332,-8.202596,-3.73041,4.341179,-0.016646,-0.012217,-0.001833,32.1,64.2769461347919
78342,-8.201998,-3.724428,4.345964,-0.017104,-0.012217,-0.002443,32.13,64.2447437733505
78352,-8.2014,-3.729812,4.352544,-0.016341,-0.011454,-0.001069,32.13,64.2149962853219
78362,-8.200203,-3.732804,4.353143,-0.016646,-0.010079,-0.001222,32.11,64.2122805227066
78372,-8.200203,-3.735795,4.347759,-0.016952,-0.009316,-0.00168,32.11,64.2431304590505
78382,-8.209177,-3.736392,4.354339,-0.016952,-0.009468,-0.001374,32.1,64.2301462869835
78392,-8.200203,-3.736392,4.354339,-0.017104,-0.009163,-0.001527,32.1,64.2098191533494
78402,-8.201998,-3.727419,4.344768,-0.017104,-0.007941,-0.002443,32.13,64.2539934632137
78412,-8.200203,-3.729812,4.347161,-0.016952,-0.007178,-0.002443,32.13,64.2400454715619
78422,-8.213365,-3.736392,4.354339,-0.016952,-0.006261,-0.001833,32.11,64.2396236753838
78432,-8.197212,-3.74058,4.354938,-0.017104,-0.005345,-0.002443,32.11,64.204280571337
78442,-8.200802,-3.723232,4.351348,-0.017104,-0.004887,-0.001374,32.09,64.2130258387793
78452,-8.206783,-3.735196,4.356134,-0.017715,-0.003818,-0.000916,32.09,64.2142448776303
78462,-8.203793,-3.729812,4.356134,-0.01741,-0.001222,-0.001069,32.13,64.2019167561138
78472,-8.207382,-3.73041,4.339384,-0.017257,-0.000305,-0.001833,32.12,64.2970351900067
78482,-8.203195,-3.739982,4.34417,-0.017868,0.000305,-0.002443,32.12,64.2727303791673
78492,-8.209177,-3.731607,4.356134,-0.017562,0.001374,-0.002138,32.09,64.2159701111021
78502,-8.197212,-3.731009,4.355535,-0.017104,0.001985,-0.002291,32.09,64.1913101644515
78512,-8.216953,-3.744169,4.347161,-0.016952,0.003054,-0.002138,32.15,64.2927039696897
78522,-8.215158,-3.736991,4.345366,-0.01741,0.004429,-0.001374,32.15,64.2905220875099
78532,-8.205587,-3.726223,4.353741,-0.017257,0.004734,-0.001527,32.09,64.2146208201054
78542,-8.207382,-3.742374,4.341777,-0.016952,0.005192,-0.002138,32.09,64.2969990627995
78552,-8.207382,-3.729812,4.351946,-0.016952,0.006109,-0.001833,32.14,64.2316362720522
78562,-8.20798,-3.733402,4.34417,-0.016799,0.007178,-0.001527,32.14,64.276775146045
78572,-8.213962,-3.734598,4.335197,-0.016799,0.007636,-0.003054,32.14,64.3378003337255
78582,-8.205587,-3.727419,4.344768,-0.01741,0.007941,-0.001985,32.14,64.2621216567076
78592,-8.204391,-3.739383,4.341777,-0.016493,0.008094,-0.001833,32.11,64.2871602929654
78602,-8.205587,-3.73041,4.347161,-0.016493,0.008705,-0.000916,32.11,64.2528566295216
78612,-8.218149,-3.739383,4.35075,-0.016646,0.008247,-0.001833,32.11,64.2719983628877
78622,-8.207382,-3.735196,4.339982,-0.016799,0.008247,-0.00168,32.11,64.2988702829182
78632,-8.212766,-3.736392,4.341777,-0.016646,0.007789,-0.00168,32.11,64.3030053376151
78642,-8.216354,-3.733402,4.342375,-0.014966,0.007025,-0.001527,32.11,64.3049550799842
78652,-8.212168,-3.73041,4.331607,-0.016035,0.006109,-0.001069,32.11,64.3479826634354
78662,-8.221739,-3.731009,4.341179,-0.016035,0.005192,-0.000916,32.09,64.3208239170038
78672,-8.210971,-3.74058,4.34058,-0.016188,0.004429,-0.001374,32.09,64.3094295949134
78682,-8.215158,-3.729812,4.342375,-0.016341,0.002443,-0.00168,32.11,64.2985699328459
78692,-8.221739,-3.726821,4.34417,-0.015424,0.00168,-0.001069,32.11,64.3011196926929
78702,-8.223534,-3.726223,4.342375,-0.015424,0.000916,-0.000611,32.08,64.3138125040238
78712,-8.210971,-3.736392,4.338188,-0.01573,0.000153,-0.001374,32.08,64.3174614697923
78722,-8.224131,-3.735196,4.334598,-0.015882,-0.001527,-0.00168,32.11,64.3644291226877
78732,-8.212168,-3.728616,4.335794,-0.016035,-0.004123,-0.00168,32.11,64.324533943254
78742,-8.225926,-3.737589,4.335794,-0.016341,-0.005345,-0.000611,32.09,64.3647549802539
78752,-8.222337,-3.74058,4.339982,-0.016493,-0.006414,-0.001069,32.09,64.338148930932
78762,-8.22473,-3.736392,4.335794,-0.016493,-0.008399,-0.001222,32.12,64.3608363998481
78772,-8.224131,-3.726223,4.336392,-0.016646,-0.009927,-0.002291,32.12,64.346003196659
78782,-8.212766,-3.731607,4.34417,-0.016341,-0.01069,-0.00168,32.11,64.2857514324372
78792,-8.218149,-3.731607,4.338786,-0.016952,-0.012217,-0.002291,32.11,64.3256711395416
78802,-8.210971,-3.725625,4.336392,-0.017715,-0.013134,-0.002443,32.09,64.3156759223542
78812,-8.212168,-3.731607,4.345366,-0.016799,-0.014813,-0.001222,32.11,64.2782333039424
78822,-8.21157,-3.732205,4.345366,-0.016952,-0.015882,-0.001222,32.11,64.2774956458455
78832,-8.204989,-3.73041,4.341777,-0.016799,-0.015882,-0.001069,32.13,64.2792754233314
78842,-8.199606,-3.727419,4.346562,-0.017257,-0.015882,-0.000916,32.13,64.2393167321628
78852,-8.216953,-3.733402,4.342375,-0.017715,-0.014966,-0.001069,32.1,64.3063077334595
78862,-8.209774,-3.734,4.349553,-0.017562,-0.014813,-0.00168,32.1,64.2536960912247
78872,-8.200203,-3.731607,4.344768,-0.016799,-0.013744,-0.000764,32.1,64.2542415429507
78882,-8.212766,-3.728018,4.357928,-0.016799,-0.012523,-0.000153,32.1,64.2111672844254
78892,-8.199007,-3.732205,4.347759,-0.017257,-0.010843,0,32.11,64.2367178035939
78902,-8.21157,-3.735196,4.357928,-0.01741,-0.010232,-0.000916,32.11,64.2158463820951
78912,-8.206783,-3.738786,4.353741,-0.017257,-0.008247,-0.000916,32.12,64.2302757649968
78922,-8.197212,-3.737589,4.358526,-0.018021,-0.006872,-0.000458,32.12,64.1826938291944
78932,-8.208578,-3.738187,4.347161,-0.018173,-0.004887,-0.000153,32.12,64.2676304339252
78942,-8.208578,-3.731009,4.356134,-0.017562,-0.003207,-0.000153,32.12,64.2139970753543
78952,-8.203195,-3.732804,4.355535,-0.017104,-0.000916,-0.000305,32.1,64.206733558213
78962,-8.210971,-3.731607,4.357928,-0.017715,0.000611,-0.001222,32.1,64.2107936989372
78972,-8.208578,-3.733402,4.354938,-0.017104,0.002596,-0.001374,32.1,64.2226236889904
78982,-8.208578,-3.725625,4.345366,-0.017257,0.005498,-0.002291,32.1,64.2639646178731
78992,-8.196614,-3.739982,4.348357,-0.017257,0.00672,-0.001222,32.09,64.2362413215003
79002,-8.200203,-3.733402,4.355535,-0.016646,0.007789,-0.000305,32.11,64.200566744228
79012,-8.205587,-3.725625,4.34417,-0.017104,0.00901,-0.001833,32.11,64.2633617850668
79022,-8.201998,-3.738786,4.349553,-0.016799,0.010232,-0.001985,32.12,64.2410295692432
79032,-8.209774,-3.731607,4.348955,-0.017104,0.010385,-0.002291,32.12,64.2543163631196
79042,-8.212168,-3.724428,4.347759,-0.016952,0.010385,-0.001833,32.09,64.2585228895585
79052,-8.219346,-3.73041,4.342375,-0.016646,0.009927,-0.001374,32.09,64.3086433332731
79062,-8.224131,-3.734,4.350152,-0.016799,0.00901,-0.001527,32.12,64.2830621549992
79072,-8.219944,-3.738786,4.34417,-0.016799,0.009316,-0.001833,32.12,64.3093325295574
79082,-8.216953,-3.741776,4.339384,-0.016799,0.00901,-0.00168,32.11,64.3303214428044
79092,-8.21157,-3.738187,4.339384,-0.016952,0.007941,-0.002443,32.11,64.314489502335
79102,-8.213962,-3.735795,4.344768,-0.016035,0.007483,-0.001985,32.12,64.2896737375025
79112,-8.219944,-3.729214,4.343571,-0.01573,0.00672,-0.001985,32.12,64.3026035494868
79122,-8.22772,-3.732804,4.341179,-0.016188,0.006567,-0.00168,32.08,64.3361517512453
79132,-8.224131,-3.726223,4.339982,-0.016341,0.005192,-0.00168,32.08,64.3274945839444
79142,-8.215756,-3.719045,4.337589,-0.016341,0.004734,-0.00168,32.08,64.3135746449228
79152,-8.21157,-3.726223,4.335794,-0.017104,0.00336,-0.002291,32.08,64.320728970662
79162,-8.212766,-3.733402,4.338786,-0.015577,0.002596,-0.001833,32.12,64.3153593586683
79172,-8.210971,-3.731607,4.336991,-0.016646,0.002291,-0.002138,32.14,64.3187226893353
79182,-8.218747,-3.729214,4.332804,-0.016799,0.000916,-0.002443,32.14,64.3554241791348
79192,-8.218149,-3.732804,4.328018,-0.015577,0.000764,-0.000916,32.1,64.3824469814706
79202,-8.213365,-3.731607,4.332804,-0.016493,-0.001069,-0.001985,32.1,64.3457332219598
79212,-8.219944,-3.739383,4.34058,-0.016341,-0.001833,-0.002443,32.15,64.3284450474836
79222,-8.225926,-3.727419,4.335197,-0.015882,-0.001985,-0.002443,32.15,64.3574350063937
79232,-8.214561,-3.735196,4.32742,-0.016188,-0.002902,-0.00168,32.12,64.3798981643379
79242,-8.224131,-3.737589,4.331009,-0.01573,-0.004276,-0.002291,32.12,64.3853839935742
79252,-8.212766,-3.734,4.341777,-0.016188,-0.004887,-0.002291,32.11,64.3005480546305
79262,-8.210373,-3.722634,4.333402,-0.01573,-0.005956,-0.00168,32.11,64.3266916999614
79272,-8.218747,-3.742374,4.336392,-0.01573,-0.007025,-0.002138,32.11,64.3504039372931
79282,-8.220542,-3.729812,4.329215,-0.016341,-0.007636,-0.002596,32.11,64.3786013284106
79292,-8.222337,-3.736392,4.332804,-0.016188,-0.009316,-0.002902,32.14,64.3708626169995
79302,-8.222337,-3.736392,4.339982,-0.016188,-0.009927,-0.002596,32.14,64.3338565433938
79312,-8.209774,-3.733402,4.346562,-0.016646,-0.011301,-0.002596,32.11,64.2684987313372
79322,-8.221739,-3.739982,4.347759,-0.016799,-0.011912,-0.001527,32.11,64.2961223478398
79332,-8.218747,-3.729214,4.34417,-0.016646,-0.012981,-0.003207,32.11,64.2968122456232
79342,-8.22772,-3.724428,4.346562,-0.016799,-0.013744,-0.002291,32.12,64.2998560937655
79352,-8.215158,-3.732804,4.338188,-0.016952,-0.014355,-0.002443,32.12,64.323230886679
79362,-8.22473,-3.734598,4.345366,-0.016035,-0.014203,-0.002596,32.1,64.3096752185065
79372,-8.209177,-3.727419,4.345366,-0.016646,-0.015119,-0.002291,32.1,64.2671639282604
79382,-8.21157,-3.733402,4.351348,-0.016646,-0.015119,-0.002291,32.14,64.2478941901363
79392,-8.190034,-3.723232,4.345366,-0.016646,-0.01405,-0.002291,32.14,64.2194568888986
79402,-8.202596,-3.734598,4.344768,-0.017257,-0.01405,-0.002138,32.11,64.262741504014
79412,-8.209177,-3.73041,4.355535,-0.017257,-0.012981,-0.00168,32.11,64.2178235210829
79422,-8.193025,-3.739383,4.354339,-0.017104,-0.012523,-0.001833,32.12,64.1966369246239
79432,-8.200203,-3.735196,4.356134,-0.016799,-0.011301,-0.001222,32.12,64.1993319118919
79442,-8.208578,-3.737589,4.347161,-0.017257,-0.009163,-0.001374,32.11,64.2670147125397
79452,-8.198408,-3.731009,4.348955,-0.018173,-0.008858,-0.001222,32.11,64.2279568985586
79462,-8.199606,-3.734598,4.354938,-0.017104,-0.007789,-0.001985,32.12,64.2035253256288
79472,-8.192427,-3.737589,4.352544,-0.017257,-0.005956,-0.002443,32.12,64.2026809206043
79482,-8.201998,-3.726821,4.35075,-0.017715,-0.003818,-0.001985,32.1,64.2225201804995
79492,-8.200203,-3.722634,4.362116,-0.01741,-0.002596,-0.001527,32.1,64.1555351184667
79502,-8.199606,-3.732804,4.360321,-0.016799,0.000764,-0.001069,32.12,64.1739294648775
79512,-8.203195,-3.73041,4.353741,-0.016493,0.002291,-0.000764,32.1,64.2135114595675
79522,-8.199007,-3.72383,4.365107,-0.016341,0.00336,-0.001374,32.1,64.1386393255549
79532,-8.193025,-3.731607,4.351946,-0.016646,0.005192,-0.000458,32.1,64.2009356214396
79542,-8.206783,-3.729214,4.355535,-0.016799,0.00672,-0.000916,32.1,64.2111665174356
79552,-8.205587,-3.731009,4.360321,-0.017104,0.007941,-0.001069,32.13,64.1856470817716
79562,-8.201998,-3.728018,4.352544,-0.016646,0.009927,-0.000611,32.13,64.2145027662976
79572,-8.196015,-3.741179,4.347161,-0.015882,0.010843,-0.000458,32.11,64.2422911787094
79582,-8.199606,-3.725027,4.347161,-0.015577,0.010843,-0.000305,32.11,64.2337616827671
79592,-8.207382,-3.741776,4.346562,-0.015577,0.012523,-0.000305,32.14,64.2717114267136
79602,-8.215756,-3.735196,4.345366,-0.01573,0.013592,0,32.14,64.290028986207
79612,-8.218149,-3.725027,4.338786,-0.016493,0.014508,-0.001069,32.11,64.318930939831
79622,-8.214561,-3.729812,4.341777,-0.016035,0.014508,-0.001374,32.11,64.3003044227067
79632,-8.216953,-3.738786,4.342973,-0.016035,0.015272,-0.001374,32.12,64.3087516140721
79642,-8.215756,-3.731009,4.329215,-0.015424,0.014966,-0.00168,32.12,64.3690373896443
79652,-8.21157,-3.734598,4.334,-0.016035,0.014355,-0.001833,32.13,64.3385786876693
79662,-8.223534,-3.731607,4.335197,-0.015577,0.014203,-0.000458,32.13,64.3563237561769
79672,-8.217552,-3.725625,4.335794,-0.01573,0.011912,-0.001222,32.13,64.3336281802078
79682,-8.215756,-3.739383,4.332804,-0.014966,0.01069,-0.000916,32.12,64.3590998327497
79692,-8.216953,-3.725625,4.33041,-0.016646,0.008705,-0.001833,32.12,64.3600586835349
79702,-8.213962,-3.738187,4.331009,-0.015882,0.007483,-0.001527,32.1,64.363090886817
79712,-8.215158,-3.738786,4.325027,-0.016341,0.006261,-0.001833,32.1,64.397275111324
79722,-8.227122,-3.74058,4.332206,-0.016188,0.004429,-0.002443,32.14,64.3890020497661
79732,-8.231908,-3.722634,4.34058,-0.016035,0.002138,-0.003207,32.14,64.3382942147752
79742,-8.228917,-3.734598,4.322634,-0.016341,0.000305,-0.001833,32.11,64.4362953014811
79752,-8.218747,-3.733402,4.331607,-0.016646,-0.001069,-0.002443,32.11,64.3658869389489
79762,-8.222337,-3.728616,4.329813,-0.017562,-0.002749,-0.002749,32.09,64.3783383306327
79772,-8.226524,-3.734,4.339982,-0.016646,-0.003971,-0.002138,32.09,64.3408466962923
79782,-8.222935,-3.738187,4.33041,-0.016493,-0.00672,-0.003207,32.1,64.3863929705537
79792,-8.206185,-3.737589,4.329215,-0.017257,-0.008552,-0.003512,32.1,64.3541997011724
79802,-8.224131,-3.728018,4.331607,-0.016952,-0.009163,-0.003512,32.11,64.3725152522801
79812,-8.214561,-3.737589,4.332804,-0.016646,-0.010843,-0.003207,32.11,64.3545657831117
79822,-8.229516,-3.735795,4.338188,-0.016646,-0.012981,-0.00336,32.1,64.3586674538716
79832,-8.22473,-3.732205,4.334,-0.015882,-0.013897,-0.002902,32.1,64.3658028357612
79842,-8.205587,-3.734598,4.34058,-0.015577,-0.014966,-0.002749,32.11,64.2911125532598
79852,-8.210373,-3.735196,4.338786,-0.017104,-0.016799,-0.003512,32.06,64.3117974723423
79862,-8.218747,-3.739383,4.347759,-0.01573,-0.016952,-0.002749,32.06,64.2887541354728
79872,-8.22473,-3.736392,4.345366,-0.01573,-0.017562,-0.003512,32.12,64.3115133839857
79882,-8.210971,-3.723232,4.35075,-0.016493,-0.018173,-0.003054,32.12,64.2391649339079
79892,-8.221739,-3.738187,4.334598,-0.015882,-0.019548,-0.003971,32.09,64.3621024452849
79902,-8.210373,-3.744169,4.342375,-0.015424,-0.01909,-0.003207,32.09,64.3025171711458
79912,-8.216953,-3.735795,4.342973,-0.015882,-0.018173,-0.002443,32.11,64.3056809116434
79922,-8.197212,-3.741776,4.354339,-0.015272,-0.018021,-0.002596,32.11,64.208605349956
79932,-8.204989,-3.729214,4.354339,-0.014813,-0.017562,-0.002291,32.12,64.2132634342579
79942,-8.207382,-3.73041,4.348955,-0.014661,-0.016646,-0.003207,32.12,64.2476703361416
79952,-8.204391,-3.732205,4.351946,-0.015119,-0.015424,-0.002138,32.1,64.2273252578417
79962,-8.214561,-3.731009,4.354938,-0.014966,-0.014203,-0.002902,32.1,64.2337078984148
79972,-8.213962,-3.732804,4.347759,-0.015272,-0.012981,-0.003512,32.12,64.2711845654756
79982,-8.198408,-3.734598,4.350152,-0.01573,-0.010843,-0.003054,32.12,64.2254867128784
79992,-8.200203,-3.734598,4.35733,-0.01573,-0.008858,-0.002902,32.1,64.1925503175164
80002,-8.188837,-3.734598,4.357928,-0.015424,-0.007636,-0.002749,32.1,64.1636670918309
80012,-8.212168,-3.727419,4.356134,-0.015882,-0.005651,-0.002596,32.09,64.2184366965615
80022,-8.20798,-3.728616,4.360919,-0.015272,-0.001985,-0.002749,32.09,64.1855280408614
80032,-8.198408,-3.734,4.357928,-0.015272,-0.001069,-0.001833,32.12,64.1847785897022
80042,-8.199606,-3.732804,4.350152,-0.016035,0.001374,-0.00168,32.11,64.2263502766342
80052,-8.201998,-3.729214,4.350152,-0.016035,0.003207,-0.002138,32.11,64.2280698733105
80062,-8.197212,-3.724428,4.357928,-0.015882,0.005345,-0.001985,32.14,64.1721767477084
80072,-8.210373,-3.735196,4.358526,-0.016341,0.006872,-0.001985,32.14,64.2100561177026
80082,-8.197212,-3.725027,4.35075,-0.016188,0.008552,-0.001374,32.13,64.2098140968521
80092,-8.212168,-3.732205,4.349553,-0.016188,0.009927,-0.001833,32.13,64.2572659956926
80102,-8.206783,-3.72383,4.343571,-0.016341,0.010996,-0.000916,32.11,64.2673154319407
80112,-8.199007,-3.732205,4.345366,-0.016188,0.012675,-0.000916,32.11,64.2490636106751
80122,-8.205587,-3.732205,4.365107,-0.016493,0.013134,-0.000916,32.12,64.1622338931229
80132,-8.220542,-3.73041,4.348955,-0.017104,0.013592,-0.000916,32.12,64.2774382942406
80142,-8.200802,-3.739383,4.35075,-0.016799,0.013439,-0.001527,32.11,64.2327665395926
80152,-8.200802,-3.731009,4.345366,-0.016646,0.013897,-0.000916,32.11,64.2518965811901
80162,-8.215158,-3.732804,4.353741,-0.017562,0.013744,-0.001222,32.13,64.24306955454
80172,-8.219346,-3.737589,4.347161,-0.017868,0.013897,-0.001527,32.13,64.2913446746255
80182,-8.210373,-3.728018,4.337589,-0.017104,0.013134,-0.000458,32.07,64.3106022626704
80192,-8.203793,-3.731607,4.34058,-0.016341,0.011606,-0.000764,32.07,64.2839775993251
80202,-8.215158,-3.73041,4.341777,-0.016646,0.010843,-0.000916,32.12,64.3022668434202
80212,-8.212766,-3.73041,4.334598,-0.017104,0.009468,-0.001985,32.1,64.3338958574698
80222,-8.213962,-3.736392,4.335794,-0.016646,0.008552,-0.001374,32.1,64.3365613605345
80232,-8.224131,-3.739982,4.329813,-0.016341,0.008094,-0.000916,32.11,64.3940002255303
80242,-8.214561,-3.736392,4.336991,-0.016646,0.005956,-0.002138,32.11,64.3317385679481
80252,-8.215756,-3.728018,4.336991,-0.015424,0.004429,-0.002443,32.1,64.3258485863825
80262,-8.203793,-3.738187,4.335197,-0.016035,0.003207,-0.00168,32.1,64.3185311967966
80272,-8.223534,-3.735795,4.338786,-0.015882,0.001527,-0.001527,32.11,64.3421078015346
80282,-8.212766,-3.724428,4.333402,-0.01573,0.000305,-0.001985,32.11,64.3339370618892
80292,-8.219346,-3.737589,4.338188,-0.01573,-0.001374,-0.001527,32.11,64.337586852391
80302,-8.228917,-3.732205,4.336392,-0.014813,-0.003054,-0.00168,32.11,64.3629045290367
80312,-8.221141,-3.735196,4.334,-0.015882,-0.004581,-0.002291,32.08,64.3607758028094
80322,-8.228318,-3.732804,4.331009,-0.015424,-0.006414,-0.002443,32.08,64.389918073837
80332,-8.222935,-3.736991,4.341179,-0.015119,-0.009316,-0.003207,32.11,64.3296499610218
80342,-8.224131,-3.731607,4.333402,-0.014661,-0.010537,-0.002596,32.11,64.3669253996452
80352,-8.204989,-3.722036,4.341777,-0.014966,-0.011606,-0.002291,32.12,64.2706665540851
80362,-8.216953,-3.732205,4.345964,-0.014508,-0.012981,-0.002596,32.12,64.2865806736664
80372,-8.218747,-3.729812,4.339384,-0.015119,-0.015272,-0.001527,32.09,64.3220981801542
80382,-8.218747,-3.725027,4.339982,-0.015272,-0.016341,-0.002291,32.11,64.3141138851454
80392,-8.20798,-3.735196,4.345964,-0.015272,-0.017104,-0.001985,32.11,64.2693701615057
80402,-8.216953,-3.732804,4.341777,-0.016035,-0.01741,-0.002291,32.11,64.3087770570091
80412,-8.213962,-3.731009,4.34058,-0.016035,-0.017715,-0.002902,32.11,64.3063520183814
80422,-8.204989,-3.724428,4.34058,-0.016188,-0.01741,-0.003207,32.16,64.2793019745633
80432,-8.209774,-3.732205,4.348955,-0.015424,-0.01741,-0.002443,32.16,64.2549315054808
80442,-8.219944,-3.735196,4.353741,-0.015882,-0.016646,-0.002138,32.07,64.2563506424247
80452,-8.202596,-3.734,4.348357,-0.016188,-0.016493,-0.002749,32.07,64.243614341291
80462,-8.199007,-3.725625,4.344768,-0.015424,-0.014813,-0.002596,32.12,64.2453682829823
80472,-8.21157,-3.734598,4.348955,-0.016493,-0.013897,-0.002291,32.12,64.2614560668643
80482,-8.212168,-3.732804,4.353143,-0.016035,-0.012981,-0.003054,32.16,64.2393839109607
80492,-8.206185,-3.735795,4.351946,-0.016188,-0.011759,-0.002291,32.16,64.2350883318238
80502,-8.194221,-3.743571,4.352544,-0.016493,-0.011148,-0.002443,32.11,64.2129394354948
80512,-8.200802,-3.734,4.365705,-0.016188,-0.007941,-0.002291,32.11,64.1501467322321
80522,-8.210971,-3.738786,4.355535,-0.017257,-0.007025,-0.003818,32.13,64.2305125392277
80532,-8.206783,-3.719045,4.35733,-0.016799,-0.005651,-0.002749,32.13,64.1914482717307
80542,-8.204391,-3.731009,4.357928,-0.017104,-0.001527,-0.002902,32.11,64.1952626363047
80552,-8.206185,-3.726223,4.360919,-0.016493,0.001527,-0.002749,32.13,64.1789894127275
80562,-8.199007,-3.733402,4.362714,-0.016799,0.003054,-0.002138,32.13,64.1608585449009
80572,-8.196614,-3.74058,4.352544,-0.015882,0.004887,-0.002138,32.07,64.2152672556571
80582,-8.183454,-3.736991,4.353741,-0.016341,0.006567,-0.00168,32.07,64.1755181646149
80592,-8.196015,-3.729812,4.349553,-0.017104,0.007789,-0.002443,32.15,64.218210571572
80602,-8.210373,-3.729812,4.355535,-0.016493,0.00901,-0.001833,32.15,64.2199175830636
80612,-8.198408,-3.735795,4.354938,-0.016188,0.011148,-0.002291,32.1,64.2020453767789
80622,-8.215756,-3.728018,4.345366,-0.016493,0.012217,-0.001222,32.1,64.2826610221794
80632,-8.212168,-3.722036,4.347161,-0.016341,0.013744,-0.00168,32.11,64.2591507206701
80642,-8.202596,-3.731607,4.346562,-0.01573,0.014203,-0.001527,32.11,64.2504059373124
80652,-8.209774,-3.732205,4.347161,-0.015577,0.014661,-0.001374,32.11,64.2641795274591
80662,-8.207382,-3.738187,4.350152,-0.016188,0.014203,-0.002138,32.11,64.2495085895516
80672,-8.209774,-3.731009,4.338188,-0.016035,0.014203,-0.00168,32.15,64.3092283713686
80682,-8.213962,-3.731009,4.337589,-0.016035,0.012675,-0.002138,32.15,64.3217790014141
80692,-8.21157,-3.725027,4.342375,-0.015577,0.012675,-0.001833,32.14,64.285548318521
80702,-8.212168,-3.729812,4.333402,-0.016188,0.011759,-0.001527,32.14,64.3381047110487
80712,-8.217552,-3.724428,4.34417,-0.016188,0.011148,-0.002291,32.13,64.2892062294976
80722,-8.218149,-3.725027,4.345964,-0.016188,0.009163,-0.003054,32.12,64.2819222260326
80732,-8.221739,-3.742374,4.336392,-0.016188,0.007789,-0.002902,32.12,64.3571438683747
80742,-8.219346,-3.732804,4.328616,-0.016035,0.005803,-0.002138,32.09,64.382057794484
80752,-8.222337,-3.726223,4.31725,-0.01573,0.004581,-0.002596,32.09,64.440752513993
80762,-8.219346,-3.731009,4.331009,-0.015882,0.002749,-0.003054,32.11,64.3678730690053
80772,-8.215158,-3.729214,4.34417,-0.016188,0.000916,-0.003054,32.11,64.2887017900395
80782,-8.219944,-3.728018,4.334,-0.016035,-0.001069,-0.003207,32.09,64.3507303239956
80792,-8.220542,-3.741776,4.335197,-0.016035,-0.002138,-0.002443,32.09,64.3599954581482
80802,-8.225926,-3.739982,4.335197,-0.015424,-0.004429,-0.002291,32.12,64.370280978998
80812,-8.222935,-3.737589,4.334,-0.015577,-0.005803,-0.001833,32.12,64.3672675065655
80822,-8.218149,-3.721437,4.331009,-0.015882,-0.007483,-0.001985,32.15,64.3553834583887
80832,-8.212168,-3.731607,4.339982,-0.015424,-0.00901,-0.002291,32.15,64.3059969328112
80842,-8.220542,-3.738187,4.332804,-0.015424,-0.010843,-0.002138,32.13,64.3686573701358
80852,-8.224131,-3.729812,4.334598,-0.016035,-0.012217,-0.001833,32.13,64.3589226830367
80862,-8.217552,-3.731607,4.332804,-0.015882,-0.012523,-0.001985,32.09,64.3551788785544
80872,-8.212766,-3.733402,4.342375,-0.015882,-0.013439,-0.002596,32.09,64.2968502821471
80882,-8.207382,-3.732804,4.345964,-0.015882,-0.015272,-0.001833,32.1,64.2655557947638
80892,-8.212168,-3.732804,4.345366,-0.015424,-0.014508,-0.001833,32.07,64.279463258793
80902,-8.207382,-3.728616,4.344768,-0.015577,-0.014355,-0.000916,32.07,64.2674159675505
80912,-8.21157,-3.73041,4.341777,-0.015577,-0.014203,-0.002443,32.11,64.2941584373848
80922,-8.2014,-3.729812,4.343571,-0.016035,-0.013897,-0.001527,32.11,64.261279383569
80932,-8.212766,-3.725625,4.346562,-0.014966,-0.012065,-0.00168,32.09,64.267276455301
80942,-8.196015,-3.734,4.351348,-0.015119,-0.012065,-0.002596,32.09,64.2132759416002
80952,-8.194819,-3.743571,4.352544,-0.015272,-0.011301,-0.00168,32.11,64.2142944184972
80962,-8.213365,-3.728018,4.354339,-0.014966,-0.009927,-0.001069,32.11,64.2310108007388
80972,-8.196614,-3.72383,4.347161,-0.015577,-0.00901,-0.001374,32.09,64.2257418223452
80982,-8.200203,-3.72383,4.351348,-0.015272,-0.007789,-0.000611,32.09,64.2122828017967
80992,-8.199007,-3.724428,4.351348,-0.014813,-0.006261,-0.000764,32.11,64.2101852115508
81002,-8.19781,-3.734598,4.355535,-0.015272,-0.004887,-0.001069,32.11,64.1963747742832
81012,-8.201998,-3.736392,4.352544,-0.015272,-0.003054,-0.001069,32.08,64.2231393808111
81022,-8.205587,-3.731009,4.347759,-0.015272,-0.002749,-0.001222,32.08,64.250389465726
81032,-8.188239,-3.733402,4.354938,-0.015577,-0.00168,-0.002138,32.12,64.1764916109936
81042,-8.198408,-3.732804,4.344768,-0.016035,-0.000764,-0.001833,32.12,64.2514100956975
81052,-8.203793,-3.741179,4.351348,-0.016799,0,-0.001985,32.11,64.2383088209853
81062,-8.213365,-3.73041,4.349553,-0.016188,0.002902,-0.002138,32.1,64.2581290267111
81072,-8.20798,-3.735196,4.346562,-0.016646,0.003971,-0.002291,32.1,64.2662869234076
81082,-8.207382,-3.726821,4.345964,-0.016952,0.004734,-0.001527,32.11,64.2594019269597
81092,-8.212766,-3.725027,4.342973,-0.017104,0.005651,-0.001833,32.11,64.2851694001027
81102,-8.206783,-3.738187,4.348357,-0.016493,0.006567,-0.002749,32.11,64.2574057271662
81112,-8.210971,-3.728616,4.344768,-0.016646,0.007789,-0.002596,32.11,64.2755367317127
81122,-8.207382,-3.735196,4.34417,-0.016188,0.008094,-0.001527,32.12,64.2772686501634
81132,-8.212766,-3.726821,4.344768,-0.015882,0.009163,-0.002443,32.12,64.2777539355658
81142,-8.207382,-3.729214,4.347759,-0.016341,0.009621,-0.002291,32.07,64.2526062947513
81152,-8.203793,-3.74058,4.347759,-0.016952,0.009927,-0.002291,32.07,64.2561919650859
81162,-8.206783,-3.74058,4.341179,-0.016493,0.010079,-0.002596,32.1,64.2968828234556
81172,-8.210373,-3.729812,4.341777,-0.016188,0.010232,-0.002291,32.1,64.2908382002365
81182,-8.225926,-3.731607,4.337589,-0.015577,0.009468,-0.002749,32.05,64.349383868735
81192,-8.225926,-3.727419,4.332206,-0.015882,0.009163,-0.004123,32.05,64.372859118688
81202,-8.209774,-3.736991,4.335794,-0.015577,0.009621,-0.003512,32.08,64.3277254039005
81212,-8.222935,-3.735795,4.341179,-0.015424,0.008094,-0.00336,32.08,64.3284245108258
81222,-8.215158,-3.729214,4.341777,-0.015577,0.008094,-0.002596,32.07,64.3010399551873
81232,-8.213962,-3.736392,4.331607,-0.014813,0.005956,-0.003054,32.07,64.3581638063744
81242,-8.230712,-3.734598,4.335794,-0.015119,0.003665,-0.00336,32.09,64.3724731551557
81252,-8.222337,-3.731009,4.342973,-0.014508,0.002443,-0.002749,32.1,64.3129276075816
81262,-8.213365,-3.726223,4.344768,-0.014661,0.001374,-0.002596,32.1,64.2784951200501
81272,-8.21157,-3.73041,4.335197,-0.014508,0.000458,-0.002596,32.12,64.3281042219726
81282,-8.219944,-3.733402,4.34058,-0.01405,-0.001374,-0.002596,32.12,64.3223124497704
81292,-8.225328,-3.738187,4.334598,-0.01405,-0.002443,-0.002596,32.11,64.3701853879062
81302,-8.218747,-3.735196,4.335794,-0.014508,-0.004429,-0.003054,32.11,64.346127379499
81312,-8.223534,-3.741776,4.338786,-0.014661,-0.005956,-0.00336,32.13,64.348235153748
81322,-8.221739,-3.74058,4.341179,-0.01405,-0.007636,-0.003512,32.13,64.3306328278802
81332,-8.215158,-3.727419,4.335197,-0.01405,-0.008705,-0.00336,32.11,64.3331400189508
81342,-8.215158,-3.732804,4.336991,-0.014661,-0.009163,-0.003971,32.11,64.3294047911194
81352,-8.210971,-3.728018,4.339384,-0.014661,-0.009774,-0.00336,32.12,64.3026924892579
81362,-8.213365,-3.733402,4.345366,-0.015119,-0.010232,-0.00336,32.12,64.2827835170284
81372,-8.213962,-3.726223,4.336392,-0.015119,-0.010843,-0.003054,32.12,64.3230475202474
81382,-8.21157,-3.733402,4.335794,-0.014813,-0.01069,-0.002902,32.12,64.32809403691
81392,-8.221141,-3.732205,4.347759,-0.015272,-0.010996,-0.00336,32.14,64.2867934318108
81402,-8.207382,-3.735795,4.339384,-0.015882,-0.010079,-0.003512,32.14,64.3025714377974
81412,-8.213962,-3.732205,4.34058,-0.015882,-0.010079,-0.00336,32.12,64.3075794096469
81422,-8.210373,-3.734598,4.342375,-0.016188,-0.009621,-0.003512,32.09,64.2926718217694
81432,-8.216354,-3.727419,4.347161,-0.016952,-0.008858,-0.002596,32.09,64.2741465337054
81442,-8.204391,-3.734598,4.348357,-0.016799,-0.009163,-0.001985,32.11,64.2482947955538
81452,-8.204989,-3.735196,4.347759,-0.016646,-0.008399,-0.002291,32.11,64.2533479470407
81462,-8.20798,-3.733402,4.354339,-0.016799,-0.007789,-0.002902,32.13,64.224355549281
81472,-8.213365,-3.736991,4.341777,-0.017715,-0.007789,-0.002291,32.13,64.3049734679986
81482,-8.208578,-3.729812,4.348955,-0.01741,-0.00672,-0.001374,32.11,64.2497628319134
81492,-8.203793,-3.726821,4.338188,-0.017257,-0.006414,-0.002443,32.11,64.2914009988222
81502,-8.210373,-3.732205,4.338786,-0.016952,-0.005956,-0.001985,32.15,64.3087248928909
81512,-8.209177,-3.741776,4.352544,-0.016799,-0.005345,-0.001374,32.15,64.2449423025938
81522,-8.212168,-3.739982,4.346562,-0.016799,-0.004887,-0.001985,32.07,64.2806792632266
81532,-8.201998,-3.728616,4.345366,-0.016952,-0.004123,-0.001833,32.07,64.252140568304
81542,-8.208578,-3.729812,4.354938,-0.016493,-0.003207,-0.00168,32.1,64.2189266103318
81552,-8.203195,-3.729812,4.345964,-0.016493,-0.00168,-0.001985,32.1,64.2529982875812
81562,-8.201998,-3.735196,4.347161,-0.016188,-0.001374,-0.001985,32.11,64.2496613066933
81572,-8.215158,-3.735795,4.347759,-0.016035,-0.001527,-0.001833,32.11,64.2769613648994
81582,-8.203793,-3.734,4.348955,-0.015882,0.000916,-0.001985,32.09,64.2432412103291
81592,-8.214561,-3.734,4.351348,-0.016341,0.001222,-0.002902,32.09,64.2552753267302
81602,-8.201998,-3.734,4.354938,-0.015882,0.002596,-0.001833,32.09,64.2083309678302
81612,-8.210971,-3.734,4.353143,-0.014966,0.003207,-0.002749,32.1,64.2379054283625
81622,-8.208578,-3.728018,4.348357,-0.014966,0.003971,-0.001833,32.1,64.2510007504243
81632,-8.213365,-3.736991,4.346562,-0.015119,0.004276,-0.00168,32.11,64.2803075530702
81642,-8.20798,-3.739383,4.351348,-0.014813,0.004429,-0.002291,32.11,64.2459304365379
81652,-8.216354,-3.731607,4.342973,-0.014355,0.004887,-0.002443,32.07,64.300030524772
81662,-8.209774,-3.736991,4.34058,-0.015119,0.005192,-0.001985,32.07,64.3030359662815
81672,-8.21157,-3.732205,4.35075,-0.015424,0.005192,-0.001527,32.09,64.2497444036423
81682,-8.214561,-3.731607,4.341777,-0.015119,0.005192,-0.002291,32.09,64.3021463163614
81692,-8.225328,-3.736991,4.347759,-0.015424,0.004887,-0.003207,32.09,64.3011523128116
81702,-8.215756,-3.731009,4.347759,-0.01573,0.005345,-0.003054,32.09,64.2733969963987
81712,-8.209177,-3.726223,4.341777,-0.015424,0.005498,-0.002443,32.11,64.2844472662599
81722,-8.209774,-3.731607,4.338188,-0.014355,0.00504,-0.001833,32.11,64.3098425096825
81732,-8.213365,-3.729812,4.343571,-0.014661,0.004887,-0.002138,32.1,64.2883507749995
81742,-8.223534,-3.723232,4.341777,-0.014813,0.004581,-0.002138,32.1,64.3138354909875
81752,-8.216953,-3.735196,4.336392,-0.015577,0.00504,-0.001527,32.13,64.3389973827816
81762,-8.205587,-3.732205,4.354339,-0.01405,0.004581,-0.001222,32.13,64.2177010081906
81772,-8.20798,-3.720839,4.34058,-0.01405,0.004429,-0.001527,32.13,64.2823874605702
81782,-8.214561,-3.738786,4.34058,-0.013897,0.003665,-0.002443,32.14,64.3156889046578
81792,-8.213365,-3.732804,4.345366,-0.013897,0.00336,-0.001374,32.14,64.2821691666847
81802,-8.21157,-3.738187,4.339982,-0.01405,0.002596,-0.000916,32.14,64.3114054665266
81812,-8.219944,-3.736392,4.341777,-0.013439,0.002902,-0.000916,32.14,64.3192080669507
81822,-8.219346,-3.736392,4.335794,-0.012981,0.002138,-0.001069,32.13,64.348703553612
81832,-8.213365,-3.736392,4.341777,-0.013134,0.001222,-0.002138,32.13,64.3043580820069
81842,-8.213365,-3.734,4.337589,-0.012523,0.000916,-0.000764,32.12,64.3234999030699
81852,-8.215158,-3.741179,4.341777,-0.012981,-0.000458,-0.001374,32.12,64.3133237218105
81862,-8.216354,-3.729214,4.326822,-0.013592,-0.001222,-0.001222,32.09,64.3809014139757
81872,-8.219944,-3.729214,4.341179,-0.013592,-0.00168,-0.00168,32.09,64.3149334820195
81882,-8.216953,-3.738187,4.333402,-0.013134,-0.002596,-0.00168,32.16,64.3574862422665
81892,-8.223534,-3.736392,4.336392,-0.013744,-0.003512,-0.001527,32.16,64.355059192978
81902,-8.209774,-3.73041,4.336991,-0.014508,-0.004123,-0.002291,32.09,64.3147896833864
81912,-8.215158,-3.73041,4.335794,-0.014203,-0.005803,-0.002596,32.09,64.333124969599
81922,-8.221141,-3.732205,4.34058,-0.015119,-0.006872,-0.003971,32.09,64.3237869966588
81932,-8.215756,-3.734598,4.335197,-0.015119,-0.007636,-0.002443,32.12,64.341847792653
81942,-8.208578,-3.734598,4.344768,-0.015272,-0.008399,-0.002749,32.12,64.2762740637556
81952,-8.22772,-3.744768,4.338786,-0.016493,-0.009163,-0.003054,32.12,64.3607252717326
81962,-8.215158,-3.736392,4.346562,-0.016799,-0.009468,-0.003207,32.12,64.2837430341323
81972,-8.214561,-3.733402,4.34058,-0.016493,-0.010079,-0.002749,32.13,64.3101608113387
81982,-8.222935,-3.738786,4.345366,-0.016952,-0.010537,-0.004123,32.13,64.3099186722685
81992,-8.215756,-3.736991,4.347759,-0.01741,-0.010537,-0.004581,32.12,64.2795415871126
82002,-8.219346,-3.738786,4.334598,-0.016952,-0.010537,-0.003054,32.12,64.3573247003021
82012,-8.216953,-3.732205,4.345366,-0.017104,-0.01069,-0.003207,32.13,64.2896625955387
82022,-8.219944,-3.728018,4.346562,-0.017715,-0.011606,-0.003054,32.13,64.2859636117573
82032,-8.219346,-3.727419,4.34058,-0.017562,-0.011759,-0.00336,32.09,64.3148327770688
82042,-8.206185,-3.737589,4.344768,-0.018021,-0.012981,-0.004581,32.09,64.2739416940684
82052,-8.221739,-3.720839,4.348955,-0.017104,-0.012523,-0.004581,32.09,64.2703380300621
82062,-8.215158,-3.74058,4.348955,-0.01741,-0.01237,-0.004429,32.09,64.2757186065882
82072,-8.221141,-3.738786,4.345366,-0.01741,-0.01237,-0.00336,32.11,64.3058714845026
82082,-8.207382,-3.734598,4.351946,-0.017257,-0.011912,-0.003512,32.11,64.2365649124119
82092,-8.210373,-3.744169,4.351946,-0.01573,-0.012523,-0.002902,32.14,64.2531938322493
