t_ms,ax,ay,az,gx,gy,gz,temp,ang_deg
12,-8.222935,-3.681956,4.183851,-0.066432,-0.108734,0.111636,32.25,65.0910052218573
22,-8.23131,-3.678965,4.211368,-0.0562,-0.122173,0.121868,32.25,64.9628850469486
32,-8.248059,-3.672385,4.232305,-0.046884,-0.134848,0.129045,32.25,64.8845628484058
42,-8.244471,-3.659822,4.252046,-0.038179,-0.144317,0.133932,32.25,64.7614226071366
52,-8.258827,-3.658028,4.278367,-0.031918,-0.152716,0.137292,32.25,64.6552389553545
62,-8.252247,-3.649653,4.311268,-0.026878,-0.157756,0.138972,32.25,64.4618095802476
72,-8.253444,-3.63051,4.345366,-0.024282,-0.159436,0.13775,32.21,64.2693280128597
82,-8.244471,-3.638287,4.384848,-0.023366,-0.157451,0.135307,32.21,64.0533866380899
92,-8.243872,-3.624528,4.41416,-0.025045,-0.151495,0.130114,32.26,63.8875742706403
102,-8.251051,-3.632305,4.431507,-0.028863,-0.143401,0.1237,32.26,63.8230898959225
112,-8.236693,-3.620939,4.464409,-0.034361,-0.1321,0.115606,32.23,63.6100636609197
122,-8.226524,-3.617948,4.482355,-0.042302,-0.118508,0.107054,32.23,63.4916892168789
132,-8.228318,-3.619144,4.499703,-0.051313,-0.102778,0.096059,32.24,63.4086082816805
142,-8.235497,-3.601198,4.511069,-0.061545,-0.085368,0.083994,32.24,63.3490894091577
152,-8.245069,-3.606582,4.518248,-0.072693,-0.067653,0.070708,32.26,63.340470594414
162,-8.258827,-3.616751,4.527221,-0.085063,-0.049633,0.05681,32.26,63.3374350126565
172,-8.277969,-3.623332,4.518248,-0.09728,-0.031765,0.041081,32.25,63.4342535398579
182,-8.300103,-3.629314,4.503891,-0.122631,-0.002138,0.007025,32.25,63.564413812396
192,-8.299506,-3.635296,4.489533,-0.134543,0.010232,-0.012217,32.24,63.6419311866909
202,-8.312068,-3.643072,4.461418,-0.145539,0.019548,-0.032681,32.23,63.8214557764388
212,-8.327621,-3.659224,4.459025,-0.155923,0.026267,-0.051924,32.23,63.8853345675653
222,-8.342576,-3.656831,4.421937,-0.164017,0.029322,-0.071166,32.2,64.1054904363388
232,-8.341978,-3.684349,4.40399,-0.171348,0.029932,-0.091935,32.2,64.2228644303668
242,-8.33121,-3.690331,4.375276,-0.176387,0.027947,-0.110567,32.26,64.3511204770928
252,-8.328817,-3.71067,4.362116,-0.180053,0.023824,-0.126449,32.26,64.433261853405
262,-8.302496,-3.72383,4.332206,-0.182343,0.017257,-0.140194,32.27,64.5408768049059
272,-8.286345,-3.725625,4.310072,-0.182191,0.009774,-0.149204,32.27,64.6204584960281
282,-8.261221,-3.742973,4.295715,-0.179747,0.00168,-0.154854,32.27,64.6559429860466
292,-8.229516,-3.758526,4.271188,-0.176082,-0.005803,-0.155771,32.27,64.7279278459352
302,-8.192427,-3.76391,4.259823,-0.172111,-0.013439,-0.152258,32.24,64.7097648331669
312,-8.167302,-3.774678,4.246662,-0.166003,-0.020617,-0.144164,32.24,64.733240466214
322,-8.130812,-3.79741,4.237689,-0.160199,-0.026573,-0.131794,32.2,64.722142216731
332,-8.105686,-3.80399,4.233501,-0.15348,-0.032223,-0.11469,32.2,64.6947300256016
342,-8.079964,-3.824329,4.226323,-0.145844,-0.03711,-0.094226,32.25,64.6961795857703
352,-8.050054,-3.827918,4.229314,-0.138208,-0.043219,-0.044746,32.25,64.6172202224376
362,-8.043473,-3.835097,4.219743,-0.121257,-0.045357,-0.018479,32.24,64.6603565675491
372,-8.04467,-3.843472,4.231109,-0.113163,-0.047342,0.009163,32.21,64.6123646524904
382,-8.053642,-3.860819,4.233501,-0.105069,-0.048564,0.035736,32.21,64.6385632608415
392,-8.068598,-3.858427,4.248456,-0.097891,-0.049633,0.06185,32.25,64.5912392033984
402,-8.085348,-3.858427,4.248456,-0.089492,-0.050549,0.085827,32.25,64.6287136700167
412,-8.10449,-3.851846,4.259823,-0.08262,-0.051465,0.107054,32.22,64.6051910722778
422,-8.11466,-3.854239,4.269393,-0.076053,-0.051924,0.126296,32.22,64.5806199423531
432,-8.145168,-3.859025,4.283153,-0.070097,-0.052382,0.142332,32.28,64.582251224171
442,-8.166704,-3.855436,4.288536,-0.064599,-0.054214,0.155312,32.28,64.5985022914212
452,-8.203793,-3.854837,4.298108,-0.059407,-0.055589,0.165086,32.23,64.6306979629079
462,-8.213962,-3.845864,4.292724,-0.055131,-0.058032,0.170431,32.23,64.6716772623213
472,-8.225926,-3.847061,4.298706,-0.05116,-0.060781,0.174555,32.25,64.6685173246133
482,-8.254042,-3.833302,4.320839,-0.046731,-0.064446,0.175318,32.25,64.6026131146804
492,-8.264212,-3.832105,4.323233,-0.042455,-0.067806,0.172722,32.23,64.6115788472949
502,-8.276175,-3.817749,4.332804,-0.039248,-0.072082,0.168446,32.23,64.574249060897
512,-8.307282,-3.818945,4.362116,-0.034972,-0.074526,0.161727,32.25,64.4943480748116
522,-8.303095,-3.808775,4.371687,-0.032681,-0.07758,0.140194,32.25,64.4258671896303
532,-8.306684,-3.801597,4.388436,-0.030085,-0.079871,0.12874,32.24,64.3411205080446
542,-8.309077,-3.787838,4.405785,-0.030849,-0.078038,0.114843,32.23,64.2440869340879
552,-8.298308,-3.773481,4.418945,-0.032223,-0.075442,0.100029,32.23,64.1383437308215
562,-8.296515,-3.777669,4.430311,-0.03543,-0.071471,0.083078,32.25,64.0807802694762
572,-8.300702,-3.771089,4.44407,-0.04047,-0.065057,0.065821,32.25,64.0135579883675
582,-8.291729,-3.753142,4.456034,-0.046884,-0.056963,0.048258,32.25,63.914147302772
592,-8.278568,-3.74058,4.457829,-0.054062,-0.048258,0.030696,32.25,63.862275756196
602,-8.273782,-3.735795,4.46082,-0.062308,-0.038637,0.013744,32.25,63.8312664890117
612,-8.257631,-3.727419,4.459025,-0.070708,-0.028405,-0.002902,32.25,63.7949472992737
622,-8.240283,-3.715455,4.448855,-0.080176,-0.019395,-0.01909,32.24,63.7947724291664
632,-8.222935,-3.716054,4.430909,-0.089797,-0.009316,-0.030849,32.24,63.8473675615342
642,-8.204391,-3.702295,4.430909,-0.098807,0.000305,-0.040623,32.25,63.7905710706633
652,-8.178668,-3.705286,4.408776,-0.107054,0.008858,-0.048258,32.25,63.8481367255912
662,-8.147561,-3.690331,4.383053,-0.114232,0.016188,-0.049633,32.2,63.8934706025874
672,-8.126026,-3.691527,4.368098,-0.119424,0.022755,-0.0478,32.2,63.9223971299499
682,-8.097312,-3.691527,4.351348,-0.124464,0.028863,-0.041844,32.23,63.9429663541844
692,-8.070393,-3.672983,4.305884,-0.12706,0.03375,-0.03146,32.23,64.0981956034944
702,-8.051848,-3.685545,4.293322,-0.128129,0.041692,0.001374,32.23,64.134344121714
712,-8.050054,-3.67059,4.272983,-0.126602,0.04383,0.02306,32.24,64.2211078007993
722,-8.05125,-3.67418,4.254438,-0.123089,0.04444,0.046426,32.24,64.3250891791941
732,-8.072187,-3.678965,4.249055,-0.117897,0.045357,0.070402,32.25,64.4064371549939
742,-8.081758,-3.675375,4.235296,-0.111177,0.043982,0.094684,32.25,64.4968905827987
752,-8.10449,-3.669992,4.238287,-0.104153,0.041692,0.118355,32.25,64.5274455892051
762,-8.141579,-3.659822,4.237689,-0.096059,0.038485,0.139888,32.25,64.6044546448786
772,-8.18764,-3.655635,4.237689,-0.087965,0.03375,0.156534,32.25,64.7043614739545
782,-8.222935,-3.658028,4.247859,-0.081092,0.027947,0.17089,32.25,64.7331271893517
792,-8.262416,-3.658028,4.254438,-0.072235,0.022449,0.18158,32.24,64.7873603447997
802,-8.300103,-3.67059,4.265206,-0.064752,0.015882,0.185856,32.24,64.8279503949106
812,-8.335996,-3.649055,4.280162,-0.057727,0.00672,0.184787,32.25,64.8094291234461
822,-8.372486,-3.651447,4.293322,-0.052229,-0.000458,0.180053,32.25,64.8249339624997
832,-8.410173,-3.651447,4.292724,-0.047953,-0.009163,0.170126,32.23,64.9111919758908
842,-8.421539,-3.661019,4.310072,-0.045051,-0.017562,0.156229,32.23,64.8565531218768
852,-8.449656,-3.649055,4.313661,-0.043066,-0.025809,0.138208,32.21,64.8886367955451
862,-8.461619,-3.659822,4.332206,-0.043066,-0.033292,0.118966,32.21,64.8305934216951
872,-8.440084,-3.657429,4.329215,-0.044899,-0.049327,0.074373,32.24,64.7962022199959
882,-8.442476,-3.665804,4.341777,-0.052534,-0.057269,0.049938,32.26,64.7454616160707
892,-8.436494,-3.652046,4.328018,-0.059101,-0.065668,0.025962,32.26,64.7892617083596
902,-8.41436,-3.669992,4.321437,-0.067195,-0.073915,0.004429,32.23,64.7912583380599
912,-8.391031,-3.678366,4.32742,-0.075595,-0.082772,-0.01573,32.23,64.7172485857853
922,-8.366504,-3.684947,4.31725,-0.083841,-0.090103,-0.034819,32.26,64.721421569391
932,-8.335398,-3.701099,4.314857,-0.09331,-0.097891,-0.050549,32.26,64.6805645390895
942,-8.29472,-3.703491,4.308277,-0.104153,-0.105527,-0.063988,32.21,64.6262632616863
952,-8.276773,-3.702295,4.303492,-0.113621,-0.11133,-0.074526,32.21,64.6096673347299
962,-8.25464,-3.725027,4.297509,-0.122937,-0.116828,-0.082161,32.25,64.6139141350078
972,-8.214561,-3.717848,4.301697,-0.133169,-0.121257,-0.087201,32.25,64.4951456853903
982,-8.207382,-3.726223,4.298706,-0.141721,-0.124922,-0.089797,32.21,64.5030229261532
992,-8.175079,-3.737589,4.286742,-0.148898,-0.128587,-0.091019,32.21,64.5040206734105
1002,-8.158927,-3.738187,4.287939,-0.154243,-0.131336,-0.090103,32.25,64.4619963833169
1012,-8.146365,-3.744768,4.296313,-0.158825,-0.133016,-0.087048,32.25,64.396906585446
1022,-8.143373,-3.756732,4.299902,-0.161421,-0.133169,-0.083841,32.25,64.3839535871106
1032,-8.126624,-3.763312,4.303492,-0.16249,-0.132863,-0.079107,32.25,64.3342657579911
1042,-8.120044,-3.771687,4.316054,-0.161421,-0.131183,-0.065515,32.23,64.2628897299851
1052,-8.112864,-3.762115,4.316054,-0.154549,-0.124006,-0.057574,32.2,64.236474527768
1062,-8.094321,-3.77049,4.318447,-0.147677,-0.11805,-0.048258,32.2,64.1906680004657
1072,-8.082357,-3.779463,4.322634,-0.13943,-0.111483,-0.036041,32.24,64.1511551733263
1082,-8.072187,-3.781258,4.328018,-0.130878,-0.103084,-0.025045,32.24,64.1018358152443
1092,-8.07458,-3.782454,4.336991,-0.119882,-0.094073,-0.010385,32.24,64.0619426800512
1102,-8.068,-3.789035,4.348357,-0.10797,-0.084605,0.003512,32.24,63.9949014493181
1112,-8.072187,-3.78066,4.353741,-0.094837,-0.073762,0.017562,32.18,63.9675475115549
1122,-8.073982,-3.780062,4.36391,-0.08262,-0.061087,0.032681,32.18,63.9182791031632
1132,-8.073383,-3.778267,4.372883,-0.070708,-0.048258,0.047342,32.29,63.8684637118474
1142,-8.090732,-3.776472,4.384848,-0.059101,-0.034361,0.062766,32.29,63.8445345482372
1152,-8.106883,-3.78066,4.403392,-0.048411,-0.020006,0.078038,32.24,63.7904422846617
1162,-8.118848,-3.775276,4.408178,-0.040623,-0.005956,0.091172,32.24,63.7875299456909
1172,-8.136793,-3.761517,4.412963,-0.034972,0.008399,0.103084,32.24,63.7894897865853
1182,-8.139186,-3.760919,4.422534,-0.030543,0.022297,0.112399,32.24,63.7451414900284
1192,-8.175676,-3.759723,4.429713,-0.028253,0.035277,0.119882,32.25,63.7908383843254
1202,-8.2014,-3.752544,4.436892,-0.028711,0.046731,0.124769,32.25,63.8054514302802
1212,-8.274979,-3.744768,4.436294,-0.031612,0.057269,0.124922,32.2,63.967999928718
1222,-8.290532,-3.745964,4.441677,-0.043677,0.071471,0.117286,32.23,63.9770485992385
1232,-8.327023,-3.731009,4.432106,-0.051771,0.076053,0.109498,32.23,64.0928835174581
1242,-8.349755,-3.739383,4.42732,-0.061697,0.078343,0.098502,32.21,64.1766801321248
1252,-8.340781,-3.735196,4.424329,-0.072082,0.079412,0.084758,32.21,64.1675343488647
1262,-8.366504,-3.750151,4.414758,-0.084147,0.07926,0.071166,32.28,64.2886333291749
1272,-8.359326,-3.744169,4.398606,-0.095295,0.077274,0.055741,32.28,64.3486855078753
1282,-8.363514,-3.756134,4.381258,-0.106138,0.073762,0.040928,32.23,64.4581430475497
1292,-8.355738,-3.757928,4.365107,-0.11637,0.069944,0.026114,32.23,64.5249399833527
1302,-8.3348,-3.744169,4.353741,-0.125686,0.06521,0.011606,32.25,64.522791774658
1312,-8.325229,-3.75733,4.328616,-0.134543,0.060323,-0.000916,32.25,64.6432609571274
1322,-8.301898,-3.768696,4.308277,-0.141721,0.054978,-0.010996,32.25,64.707376308327
1332,-8.286345,-3.775276,4.28734,-0.147066,0.047953,-0.020159,32.25,64.7873310736838
1342,-8.258228,-3.765705,4.27717,-0.149967,0.042761,-0.02474,32.21,64.7679822031958
1352,-8.238488,-3.777071,4.255635,-0.151647,0.03543,-0.028253,32.21,64.8471935213526
1362,-8.222337,-3.795615,4.235895,-0.150426,0.028253,-0.028863,32.22,64.9327312645058
1372,-8.208578,-3.784847,4.222734,-0.147219,0.020311,-0.025809,32.22,64.959819918272
1382,-8.188239,-3.786044,4.198207,-0.141263,0.01237,-0.021686,32.26,65.0439968560211
1392,-8.166105,-3.790829,4.176074,-0.134543,-0.004276,-0.006567,32.26,65.1158242827276
1402,-8.142776,-3.795615,4.169494,-0.114995,-0.012217,0.003512,32.25,65.1037794051773
1412,-8.157133,-3.78724,4.157529,-0.104153,-0.020922,0.014966,32.27,65.1896310338842
1422,-8.152347,-3.789035,4.161717,-0.092393,-0.030391,0.027794,32.27,65.15894570371
1432,-8.146963,-3.78066,4.148556,-0.080329,-0.039401,0.040164,32.22,65.2076508905438
1442,-8.149356,-3.777071,4.147958,-0.06857,-0.050091,0.054367,32.22,65.212399814179
1452,-8.149954,-3.767499,4.152145,-0.056352,-0.060628,0.068875,32.23,65.181936975446
1462,-8.148758,-3.758526,4.170092,-0.045357,-0.071166,0.082314,32.23,65.0758369748313
1472,-8.157133,-3.760321,4.175476,-0.034972,-0.081703,0.09728,32.25,65.0679657729194
1482,-8.170293,-3.754339,4.174279,-0.026725,-0.091783,0.112094,32.25,65.097271946107
1492,-8.192427,-3.75075,4.190431,-0.019395,-0.102625,0.124006,32.24,65.0580132711099
1502,-8.194819,-3.74058,4.198207,-0.013439,-0.111177,0.136834,32.24,65.0123742501377
1512,-8.210971,-3.722036,4.22393,-0.008705,-0.120799,0.147371,32.25,64.8952687736649
1522,-8.230712,-3.714857,4.235895,-0.006414,-0.128893,0.156687,32.25,64.8696564247517
1532,-8.234302,-3.699902,4.256832,-0.004887,-0.136681,0.163712,32.23,64.7538501236658
1542,-8.279764,-3.699304,4.282554,-0.005956,-0.143095,0.167835,32.23,64.7214314425317
1552,-8.28455,-3.689135,4.316652,-0.008705,-0.149967,0.168141,32.28,64.5460980257277
1562,-8.344969,-3.67418,4.339982,-0.012217,-0.155007,0.160352,32.28,64.5465290678202
1572,-8.352147,-3.67059,4.365705,-0.023671,-0.165239,0.150578,32.22,64.4274290905773
1582,-8.367702,-3.643671,4.39083,-0.032834,-0.168599,0.13775,32.24,64.3076697178537
1592,-8.378469,-3.649653,4.402793,-0.041386,-0.171195,0.121409,32.24,64.2768019309924
1602,-8.38804,-3.651447,4.429713,-0.051007,-0.173486,0.102167,32.25,64.1633149828666
1612,-8.382656,-3.637091,4.442276,-0.062003,-0.173486,0.081398,32.25,64.0733535591014
1622,-8.371889,-3.643671,4.466204,-0.071777,-0.172264,0.058948,32.23,63.9341722332049
1632,-8.365308,-3.64068,4.472784,-0.082314,-0.169057,0.036805,32.23,63.8829324245023
1642,-8.346166,-3.638287,4.485346,-0.092241,-0.163254,0.014661,32.23,63.7732729943089
1652,-8.303694,-3.639483,4.501498,-0.102014,-0.155771,-0.006261,32.23,63.595108874469
1662,-8.277969,-3.640081,4.506283,-0.111788,-0.144622,-0.026725,32.27,63.5120074973067
1672,-8.231908,-3.644269,4.515256,-0.120188,-0.130267,-0.043219,32.27,63.363680992896
1682,-8.190034,-3.64068,4.518846,-0.127365,-0.114079,-0.056658,32.24,63.2436839939825
1692,-8.170892,-3.642474,4.515256,-0.133321,-0.095142,-0.066584,32.24,63.2188765313423
1702,-8.126624,-3.64068,4.508676,-0.138056,-0.073304,-0.074984,32.25,63.1461672093814
1712,-8.088339,-3.655635,4.497908,-0.141721,-0.05116,-0.078496,32.25,63.1266361150422
1732,-8.036894,-3.675375,4.469792,-0.144622,-0.004123,-0.07758,32.24,63.1706253136403
1742,-8.027322,-3.681956,4.451249,-0.142637,0.042761,-0.067806,32.22,63.2508984082905
1752,-8.024929,-3.67418,4.439284,-0.140957,0.064446,-0.060476,32.22,63.2987284321303
1762,-8.039885,-3.696911,4.415954,-0.13775,0.083841,-0.052382,32.22,63.4795401090434
1772,-8.03809,-3.699304,4.400999,-0.133779,0.102625,-0.042302,32.22,63.555488385176
1782,-8.04826,-3.707081,4.395017,-0.128282,0.118202,-0.032834,32.22,63.6187353554427
1792,-8.076375,-3.716652,4.363312,-0.124311,0.129809,-0.022907,32.25,63.8590002397224
1802,-8.099705,-3.729812,4.349553,-0.119577,0.139277,-0.013286,32.25,63.9982519812483
1812,-8.123035,-3.727419,4.326224,-0.113926,0.14508,-0.00336,32.28,64.1703370923346
1822,-8.145168,-3.72383,4.311867,-0.10965,0.148135,0.004429,32.28,64.2916090683594
1832,-8.170293,-3.736991,4.296911,-0.106443,0.147677,0.011912,32.25,64.4398197064363
1842,-8.194819,-3.754937,4.28076,-0.101556,0.143706,0.0197,32.25,64.5972276209753
1852,-8.220542,-3.741776,4.268795,-0.098807,0.137445,0.026725,32.25,64.7033318527979
1862,-8.233105,-3.751348,4.256832,-0.097586,0.12874,0.032529,32.25,64.8030178113024
1872,-8.262416,-3.745964,4.247859,-0.095906,0.117897,0.038332,32.26,64.909010896618
1882,-8.27139,-3.75733,4.236493,-0.09499,0.105832,0.044593,32.26,64.9990388223562
1892,-8.288737,-3.765705,4.226323,-0.095448,0.091935,0.050244,32.26,65.0981127978964
1902,-8.310272,-3.778865,4.214957,-0.095295,0.07758,0.055741,32.26,65.2169598718487
1912,-8.325229,-3.778267,4.217948,-0.095906,0.04612,0.064904,32.25,65.233400554313
1922,-8.332406,-3.775874,4.211368,-0.09728,0.029932,0.067348,32.25,65.2806155574825
1932,-8.34796,-3.784847,4.205984,-0.098197,0.013134,0.069639,32.25,65.3508594145502
1942,-8.362316,-3.793222,4.204788,-0.098655,-0.004581,0.069791,32.23,65.3961453838972
1952,-8.36112,-3.795615,4.197011,-0.098655,-0.021838,0.069639,32.23,65.4360364784526
1962,-8.37129,-3.804588,4.200002,-0.099724,-0.039859,0.067653,32.21,65.4511785012266
1972,-8.359925,-3.8004,4.208377,-0.099266,-0.057421,0.063835,32.21,65.3795044565383
1982,-8.38445,-3.805784,4.211368,-0.099266,-0.074526,0.058032,32.26,65.422007776442
1992,-8.373683,-3.811767,4.219743,-0.098197,-0.092393,0.051465,32.26,65.3616477047847
2002,-8.365907,-3.812963,4.221537,-0.096517,-0.108887,0.043066,32.26,65.3368751344837
2012,-8.35813,-3.809972,4.231109,-0.095295,-0.124311,0.034361,32.26,65.2679300378211
2022,-8.327621,-3.813561,4.240082,-0.092393,-0.138056,0.025351,32.24,65.1593013890027
2032,-8.320443,-3.812365,4.238885,-0.090408,-0.150578,0.014966,32.24,65.1487098680802
2042,-8.298308,-3.82074,4.258028,-0.087965,-0.162032,0.006261,32.24,65.0102637618003
2052,-8.286943,-3.816552,4.271188,-0.08491,-0.171348,-0.002902,32.24,64.9134095952719
2062,-8.257033,-3.81715,4.281956,-0.082009,-0.178373,-0.01069,32.21,64.7928192135731
2072,-8.22473,-3.799803,4.295117,-0.077427,-0.182954,-0.015577,32.21,64.6356991635321
2082,-8.169695,-3.805784,4.320241,-0.073915,-0.184481,-0.020769,32.22,64.3891361688181
2092,-8.134401,-3.795615,4.325625,-0.066432,-0.180053,-0.01909,32.21,64.2710308509199
2102,-8.117052,-3.795017,4.338786,-0.06353,-0.173791,-0.014813,32.21,64.1628925751231
2112,-8.086544,-3.782454,4.34058,-0.059559,-0.164323,-0.007636,32.25,64.0706699352476
2122,-8.058429,-3.78066,4.350152,-0.05681,-0.154243,0.001527,32.25,63.9545795182868
2132,-8.04467,-3.766303,4.366303,-0.053145,-0.142026,0.011912,32.25,63.8234274836468
2142,-8.026724,-3.772285,4.363312,-0.049327,-0.129045,0.02474,32.25,63.8039363140751
2152,-8.039286,-3.762714,4.371687,-0.044746,-0.11469,0.039554,32.24,63.7791047053582
2162,-8.036894,-3.750151,4.381856,-0.041692,-0.101098,0.05452,32.24,63.7071093749889
2172,-8.035697,-3.74716,4.375875,-0.039095,-0.086896,0.07086,32.25,63.7321522494341
2182,-8.037491,-3.743571,4.386642,-0.036499,-0.073762,0.087354,32.25,63.6765122580669
2192,-8.055437,-3.726821,4.387838,-0.034819,-0.061697,0.102473,32.25,63.6939813450845
2202,-8.073982,-3.716054,4.387838,-0.034667,-0.050702,0.116981,32.25,63.7255598395053
2212,-8.07817,-3.71725,4.397409,-0.032834,-0.039248,0.131641,32.25,63.6869977425184
2222,-8.096714,-3.695715,4.405785,-0.033139,-0.029932,0.142637,32.25,63.6638478182546
2232,-8.134999,-3.697509,4.411169,-0.035277,-0.020617,0.152105,32.23,63.7268710456966
2242,-8.147561,-3.680759,4.420142,-0.038026,-0.011454,0.160963,32.23,63.6921638675482
2252,-8.205587,-3.659224,4.422534,-0.040928,-0.003512,0.165544,32.26,63.7917723571396
2262,-8.24148,-3.657429,4.435695,-0.050549,0.012523,0.165392,32.27,63.8051884717602
2272,-8.268997,-3.655635,4.456632,-0.057116,0.019395,0.159894,32.27,63.7597062319468
2282,-8.295319,-3.647858,4.443472,-0.064294,0.025656,0.150731,32.24,63.8792927383708
2292,-8.325827,-3.64068,4.45065,-0.072235,0.032681,0.139125,32.24,63.9052657815731
2302,-8.350353,-3.640081,4.45065,-0.080176,0.038179,0.123547,32.24,63.9605434834725
2312,-8.374879,-3.638885,4.454239,-0.088881,0.04383,0.10568,32.24,63.9968507912067
2322,-8.383853,-3.628117,4.444668,-0.097433,0.048106,0.085063,32.23,64.0551308966836
2332,-8.396414,-3.63051,4.431507,-0.106138,0.051313,0.062308,32.23,64.1526143537569
2342,-8.410173,-3.643671,4.439284,-0.113316,0.054672,0.037568,32.22,64.1570320832868
2352,-8.419147,-3.652644,4.423133,-0.120188,0.056505,0.013439,32.22,64.2677171098594
2362,-8.398808,-3.633501,4.408776,-0.126449,0.057421,-0.011454,32.29,64.27632740595
2372,-8.389236,-3.650251,4.400401,-0.1321,0.057574,-0.034819,32.29,64.3137299734172
2382,-8.370691,-3.649653,4.38066,-0.135459,0.057116,-0.053451,32.24,64.3720954740411
2392,-8.336594,-3.663411,4.35733,-0.138972,0.055131,-0.071013,32.24,64.4283464931638
2402,-8.316854,-3.667599,4.345366,-0.140194,0.05284,-0.085063,32.23,64.4495134969751
2412,-8.279166,-3.676572,4.323233,-0.139583,0.050549,-0.0956,32.23,64.4875870002561
2422,-8.207382,-3.702295,4.281358,-0.138056,0.047037,-0.100029,32.28,64.5686050465744
2432,-8.175676,-3.708875,4.252046,-0.132558,0.039095,-0.094837,32.28,64.6564553889424
2442,-8.139785,-3.716652,4.233501,-0.128282,0.035736,-0.083383,32.27,64.6805117885733
2452,-8.136793,-3.731607,4.216752,-0.124158,0.030391,-0.071013,32.24,64.7768499851862
2462,-8.110473,-3.73041,4.198207,-0.118966,0.024435,-0.055131,32.24,64.8138544757301
2472,-8.087142,-3.736991,4.196413,-0.112094,0.019242,-0.035736,32.23,64.777661148974
2482,-8.085348,-3.751946,4.183252,-0.105222,0.012217,-0.015119,32.23,64.8584895936652
2492,-8.083553,-3.753142,4.171886,-0.09896,0.005345,0.00504,32.22,64.9156162305658
2502,-8.102098,-3.760321,4.168297,-0.092699,-0.001985,0.025045,32.22,64.9834121131406
2512,-8.115258,-3.75733,4.16411,-0.085827,-0.010996,0.04444,32.22,65.0316846626415
2522,-8.128419,-3.762714,4.162315,-0.079565,-0.020922,0.062003,32.22,65.0759080916776
2532,-8.155338,-3.760321,4.179065,-0.074373,-0.03146,0.076358,32.3,65.0451655268798
2542,-8.185248,-3.75733,4.182654,-0.069944,-0.041844,0.088423,32.3,65.089493521498
2552,-8.212766,-3.762115,4.19402,-0.066279,-0.052687,0.096211,32.25,65.0956332327143
2562,-8.235497,-3.768696,4.208975,-0.063072,-0.063683,0.101251,32.25,65.0743638700116
2572,-8.247462,-3.763312,4.225725,-0.062156,-0.074526,0.102931,32.22,65.0082204837214
2582,-8.270193,-3.756732,4.239483,-0.06185,-0.086132,0.101709,32.22,64.9803197524541
2592,-8.28156,-3.75733,4.268795,-0.062461,-0.096059,0.096975,32.26,64.8543945855775
2602,-8.325827,-3.758526,4.291527,-0.063377,-0.114385,0.081092,32.26,64.8360498054053
2612,-8.330612,-3.75733,4.295117,-0.068722,-0.121715,0.071471,32.25,64.8269491780119
2622,-8.336594,-3.754937,4.320241,-0.072693,-0.129351,0.059865,32.23,64.7088933591876
2632,-8.334201,-3.744768,4.341179,-0.076664,-0.134696,0.048869,32.23,64.5862911348081
2642,-8.33121,-3.743571,4.348357,-0.081245,-0.138514,0.038026,32.2,64.5417456210901
2652,-8.327023,-3.734598,4.359125,-0.085674,-0.141568,0.028253,32.2,64.4684163349418
2662,-8.313264,-3.746562,4.381856,-0.089339,-0.141873,0.019242,32.25,64.3335936827087
2672,-8.300702,-3.74058,4.383651,-0.093462,-0.142332,0.010232,32.25,64.2902575352466
2682,-8.3013,-3.741776,4.389035,-0.097128,-0.142179,0.003207,32.22,64.265309881957
2692,-8.287541,-3.752544,4.393821,-0.100182,-0.140804,-0.002749,32.22,64.2209002537999
2702,-8.282756,-3.733402,4.399803,-0.10232,-0.138208,-0.008247,32.24,64.1601084789042
2712,-8.261221,-3.738786,4.408776,-0.104305,-0.134848,-0.012828,32.24,64.0710972531222
2722,-8.257033,-3.74716,4.408776,-0.104763,-0.129962,-0.015577,32.24,64.0702078820985
2732,-8.232506,-3.738786,4.408776,-0.105069,-0.124617,-0.018937,32.24,64.0059631761276
2742,-8.219944,-3.749553,4.418945,-0.104153,-0.117592,-0.020922,32.23,63.9364823124927
2752,-8.204391,-3.746562,4.422534,-0.103084,-0.109498,-0.020159,32.23,63.8795230413255
2762,-8.189436,-3.737589,4.430909,-0.101862,-0.100029,-0.019853,32.25,63.7930105487429
2772,-8.152946,-3.741776,4.429115,-0.100182,-0.089644,-0.01741,32.25,63.722718029215
2782,-8.148159,-3.744169,4.435695,-0.096517,-0.065515,-0.014508,32.24,63.6804301752304
2792,-8.128419,-3.742973,4.432106,-0.094379,-0.051924,-0.010996,32.23,63.6519950547724
2802,-8.106883,-3.752544,4.4339,-0.09163,-0.037415,-0.005956,32.23,63.6031332969524
2812,-8.099107,-3.751946,4.423133,-0.089492,-0.021838,0.000916,32.22,63.6399180102862
2822,-8.087142,-3.741179,4.418945,-0.086896,-0.006567,0.007789,32.22,63.6221932899941
2832,-8.061419,-3.750151,4.416552,-0.084299,0.00901,0.016646,32.24,63.5844143892449
2842,-8.066205,-3.753142,4.406384,-0.08262,0.023976,0.025656,32.24,63.6513485729243
2852,-8.06441,-3.750151,4.398606,-0.080023,0.038026,0.035736,32.25,63.6841928730552
2862,-8.070992,-3.745365,4.38425,-0.076969,0.05284,0.046426,32.25,63.7686455148759
2872,-8.065607,-3.744768,4.371687,-0.075595,0.064294,0.058338,32.23,63.8206805292061
2882,-8.068,-3.761517,4.355535,-0.074373,0.074984,0.068417,32.23,63.9280393861784
2892,-8.08475,-3.748357,4.345366,-0.072846,0.08491,0.079107,32.23,64.0053123323821
2902,-8.102098,-3.753741,4.332206,-0.071471,0.092699,0.089186,32.23,64.1191521250492
2912,-8.12124,-3.761517,4.32742,-0.070097,0.097433,0.098502,32.25,64.1958872124839
2922,-8.145168,-3.76391,4.308876,-0.07025,0.099113,0.10736,32.25,64.3489184454619
2932,-8.169096,-3.749553,4.298108,-0.069944,0.099418,0.114995,32.25,64.4438929694183
2942,-8.21157,-3.756134,4.273581,-0.070402,0.098044,0.121104,32.25,64.6731183761879
2952,-8.240881,-3.74716,4.265805,-0.07254,0.087506,0.128587,32.27,64.7695546863209
2962,-8.255836,-3.734598,4.255037,-0.074373,0.078954,0.129962,32.3,64.8458757699292
2972,-8.28156,-3.739383,4.263412,-0.076511,0.069791,0.129503,32.3,64.8642603956907
2982,-8.306085,-3.738786,4.256233,-0.078954,0.057269,0.126449,32.25,64.9548237751388
2992,-8.333005,-3.742374,4.244269,-0.08094,0.044746,0.121104,32.25,65.0791453046006
3002,-8.358727,-3.73041,4.242475,-0.084147,0.030543,0.114079,32.21,65.1328664023239
3012,-8.385049,-3.729214,4.243671,-0.087201,0.015119,0.104153,32.21,65.1828539482868
3022,-8.398808,-3.726821,4.244868,-0.089797,0,0.093768,32.24,65.2042707759742
3032,-8.410771,-3.728616,4.252644,-0.092241,-0.016341,0.080329,32.24,65.1920170278108
3042,-8.428718,-3.726223,4.252046,-0.095142,-0.032376,0.065973,32.23,65.2316582548797
3052,-8.432905,-3.713063,4.249653,-0.096975,-0.048869,0.049786,32.23,65.2404231732439
3062,-8.437093,-3.708875,4.256832,-0.09896,-0.06521,0.033445,32.23,65.2087052383126
3072,-8.426325,-3.701697,4.25743,-0.099724,-0.08094,0.016188,32.23,65.1754403107021
3082,-8.417951,-3.710072,4.260421,-0.099113,-0.096364,-0.000916,32.29,65.1499148745831
3092,-8.403594,-3.71067,4.259823,-0.098349,-0.111483,-0.017257,32.29,65.1223243362092
3102,-8.370691,-3.712464,4.265206,-0.096517,-0.124311,-0.031001,32.26,65.0245640586392
3112,-8.337193,-3.7005,4.276572,-0.093768,-0.134696,-0.041844,32.26,64.8807866715284
3122,-8.254042,-3.708277,4.289733,-0.090255,-0.150273,-0.055894,32.23,64.6359024800078
3132,-8.22473,-3.707081,4.295715,-0.081703,-0.154091,-0.058032,32.25,64.5380438638622
3142,-8.181659,-3.70409,4.305884,-0.076205,-0.155312,-0.054978,32.25,64.3851071675927
3152,-8.142178,-3.704688,4.312464,-0.071471,-0.153022,-0.049022,32.24,64.2618163305577
3162,-8.097312,-3.707081,4.313661,-0.066279,-0.14844,-0.039095,32.24,64.1554417235432
3172,-8.07458,-3.712464,4.322036,-0.060781,-0.142026,-0.026573,32.23,64.0651953342041
3182,-8.058429,-3.698706,4.336392,-0.055894,-0.133779,-0.01069,32.23,63.9384128409169
3192,-8.030313,-3.711268,4.336392,-0.051465,-0.123395,0.006872,32.25,63.886590938475
3202,-8.023134,-3.70409,4.347759,-0.046884,-0.111788,0.025045,32.25,63.8028153112907
3213,-8.036295,-3.702295,4.354339,-0.044288,-0.100182,0.043982,32.22,63.797237997071
3222,-8.023732,-3.702893,4.370491,-0.04215,-0.088881,0.061087,32.22,63.6843795030117
3232,-8.038688,-3.698706,4.376472,-0.041997,-0.075747,0.078496,32.26,63.6837044084308
3242,-8.053642,-3.698107,4.393223,-0.041692,-0.063683,0.093921,32.26,63.630979456175
3252,-8.085946,-3.696313,4.392624,-0.043677,-0.051618,0.104763,32.27,63.7075273250081
3262,-8.109276,-3.68734,4.412365,-0.046884,-0.040012,0.114079,32.27,63.6502117773667
3272,-8.134401,-3.690331,4.422534,-0.051465,-0.028863,0.11973,32.27,63.6593521394301
3282,-8.161918,-3.686741,4.439284,-0.056352,-0.018173,0.12202,32.27,63.6333008937007
3292,-8.216354,-3.684349,4.435097,-0.062003,-0.009468,0.115912,32.24,63.778067353706
3302,-8.247462,-3.682554,4.443472,-0.078954,0.007789,0.108429,32.27,63.8048721207975
3312,-8.277372,-3.68375,4.445267,-0.086896,0.016035,0.096364,32.27,63.8654137786036
3322,-8.299506,-3.68375,4.436294,-0.094837,0.022449,0.082467,32.21,63.9615955349681
3332,-8.316854,-3.689733,4.439284,-0.103542,0.028405,0.067195,32.21,63.9918146042368
3342,-8.318647,-3.692724,4.443472,-0.111636,0.034361,0.050091,32.25,63.9775970771617
3352,-8.343773,-3.694518,4.430909,-0.119119,0.039401,0.031307,32.25,64.1000834247977
3362,-8.346764,-3.696313,4.42074,-0.125686,0.042913,0.013439,32.29,64.1602995613936
3372,-8.345568,-3.702295,4.409972,-0.132252,0.045662,-0.005651,32.29,64.2183419769588
3382,-8.349755,-3.708875,4.412963,-0.137445,0.0478,-0.024587,32.23,64.2190894758169
3392,-8.340781,-3.708875,4.377669,-0.141873,0.047953,-0.043066,32.23,64.3787710417728
3402,-8.353344,-3.727419,4.369295,-0.14447,0.047647,-0.057574,32.27,64.4679369210965
3412,-8.340183,-3.732205,4.338786,-0.14615,0.046578,-0.072388,32.27,64.599307727967
3422,-8.326425,-3.737589,4.328018,-0.147371,0.043677,-0.084605,32.23,64.6292931145056
3432,-8.333005,-3.738786,4.318447,-0.14676,0.039706,-0.093615,32.23,64.6941165238695
3442,-8.306684,-3.748955,4.303492,-0.144317,0.034819,-0.099876,32.28,64.7227894275079
3452,-8.278568,-3.768098,4.278367,-0.141568,0.0281,-0.102625,32.28,64.8091966539276
3462,-8.230712,-3.772285,4.244269,-0.137139,0.020769,-0.103084,32.28,64.8840720145373
3472,-8.217552,-3.779463,4.242475,-0.126755,0.005345,-0.092088,32.28,64.8715656547946
3482,-8.193623,-3.789633,4.224528,-0.120493,-0.003818,-0.081856,32.27,64.9223242468401
3492,-8.179267,-3.788436,4.213761,-0.113621,-0.012828,-0.069944,32.21,64.9454548210164
3502,-8.15773,-3.799204,4.217948,-0.107054,-0.022144,-0.053756,32.21,64.8869738515068
3512,-8.138588,-3.792624,4.198207,-0.099724,-0.031612,-0.036957,32.22,64.9409151963429
3522,-8.111669,-3.812365,4.195815,-0.092546,-0.039554,-0.017562,32.22,64.9141921869468
3532,-8.112864,-3.81057,4.194618,-0.084452,-0.0478,0.003818,32.21,64.921249983591
3542,-8.105686,-3.802794,4.203591,-0.076053,-0.055741,0.02642,32.21,64.8501056608454
3552,-8.099107,-3.812963,4.197011,-0.069333,-0.063683,0.046578,32.27,64.8806109991011
3562,-8.096116,-3.802195,4.196413,-0.061545,-0.070555,0.067348,32.27,64.8658077574343
3572,-8.096714,-3.811767,4.210171,-0.054978,-0.076511,0.087506,32.24,64.8050040199004
3582,-8.102695,-3.81057,4.220341,-0.047953,-0.083078,0.106138,32.24,64.7638176623666
3592,-8.100902,-3.811168,4.23051,-0.043066,-0.087201,0.122937,32.27,64.707217315964
3602,-8.117651,-3.806383,4.251448,-0.038485,-0.090561,0.137292,32.27,64.6302881517155
3612,-8.132008,-3.801597,4.259224,-0.033445,-0.09331,0.149509,32.25,64.6168833246699
3622,-8.146963,-3.799803,4.277769,-0.030238,-0.095906,0.158061,32.25,64.5520139957837
3632,-8.164909,-3.779463,4.312464,-0.027794,-0.096364,0.163865,32.25,64.3911157674649
3642,-8.208578,-3.781856,4.323831,-0.025656,-0.095142,0.166155,32.25,64.4329722305264
3652,-8.222337,-3.769294,4.353143,-0.026267,-0.093157,0.163101,32.24,64.2999217916326
3662,-8.245667,-3.757928,4.362714,-0.027489,-0.090103,0.157756,32.24,64.2915379577749
3672,-8.252846,-3.756732,4.378268,-0.02978,-0.087201,0.149509,32.24,64.2266970892187
3682,-8.278568,-3.743571,4.380062,-0.031612,-0.082467,0.138666,32.25,64.2619453167779
3692,-8.297711,-3.745964,4.396811,-0.035583,-0.078038,0.125838,32.25,64.2218004482508
3702,-8.307282,-3.726223,4.403392,-0.039859,-0.073457,0.111483,32.23,64.1897728557839
3712,-8.320443,-3.719045,4.408178,-0.043371,-0.068722,0.094684,32.23,64.1877587754391
3722,-8.325827,-3.728018,4.421339,-0.048411,-0.065057,0.077122,32.22,64.1419077720198
3732,-8.334201,-3.714857,4.421339,-0.053145,-0.060476,0.059865,32.22,64.1475205274008
3742,-8.334201,-3.701099,4.417151,-0.058032,-0.057574,0.041539,32.28,64.1550423327121
3752,-8.325229,-3.698706,4.423133,-0.063377,-0.053603,0.023518,32.28,64.1019631849855
3762,-8.342576,-3.696313,4.432704,-0.068264,-0.050396,0.005498,32.24,64.0900569201769
3772,-8.324032,-3.682554,4.424329,-0.072693,-0.046884,-0.010996,32.24,64.0769792833953
3782,-8.31446,-3.675974,4.424329,-0.077733,-0.043524,-0.025809,32.23,64.0486980798989
3792,-8.293524,-3.682554,4.423731,-0.082314,-0.040775,-0.038637,32.23,64.0108295681162
3802,-8.277372,-3.67059,4.411169,-0.087354,-0.037721,-0.0478,32.24,64.0261647666262
3812,-8.222935,-3.663411,4.405785,-0.092088,-0.03375,-0.056963,32.24,63.921987831961
3822,-8.196614,-3.672385,4.399803,-0.09896,-0.022449,-0.056963,32.21,63.9014676212095
3832,-8.1679,-3.656831,4.396214,-0.102167,-0.01573,-0.053298,32.2,63.8376698755971
3842,-8.154739,-3.655036,4.392624,-0.104763,-0.008705,-0.047037,32.2,63.8238766120862
3852,-8.126624,-3.674777,4.383053,-0.106901,-0.000916,-0.037721,32.27,63.8288069203734
3862,-8.112864,-3.656831,4.380062,-0.10797,0.007025,-0.02642,32.27,63.7935468026508
3872,-8.10808,-3.664608,4.360919,-0.109192,0.015424,-0.013439,32.22,63.8898931762703
3882,-8.098508,-3.674777,4.360321,-0.109192,0.025045,0.001527,32.22,63.8814807733542
3892,-8.085946,-3.67059,4.356134,-0.10797,0.032834,0.016646,32.25,63.8696745290523
3902,-8.100902,-3.681358,4.348955,-0.106901,0.040928,0.032223,32.25,63.9530008187945
3912,-8.096714,-3.690929,4.332804,-0.104153,0.047953,0.046578,32.25,64.0373939538823
3922,-8.110473,-3.690331,4.33041,-0.101404,0.054672,0.060476,32.25,64.0809169452513
3932,-8.135597,-3.707679,4.314259,-0.098502,0.059559,0.072388,32.27,64.24057940462
3942,-8.137392,-3.690331,4.301099,-0.095448,0.06353,0.083994,32.27,64.2951352146601
3952,-8.164311,-3.70409,4.307679,-0.09163,0.066279,0.092241,32.25,64.3364336237212
3962,-8.179864,-3.705286,4.289135,-0.087506,0.067195,0.097433,32.25,64.4692187327319
3972,-8.205587,-3.707081,4.285545,-0.081856,0.067653,0.102473,32.2,64.5477010838569
3982,-8.245667,-3.721437,4.274179,-0.077733,0.065057,0.103847,32.2,64.7109079378099
3992,-8.266006,-3.72383,4.267599,-0.070097,0.055741,0.101862,32.21,64.7926187815919
4002,-8.283952,-3.718446,4.266403,-0.06689,0.049022,0.096669,32.22,64.8332376204216
4012,-8.3013,-3.72383,4.262215,-0.064599,0.040775,0.089034,32.22,64.8985821406462
4022,-8.325229,-3.73041,4.255037,-0.062614,0.031307,0.079718,32.25,64.9948021315262
4032,-8.33121,-3.729214,4.246064,-0.061392,0.020617,0.070402,32.25,65.0530406032111
4042,-8.35155,-3.736392,4.24068,-0.060781,0.008552,0.057574,32.21,65.1322945585141
4052,-8.36471,-3.732205,4.243671,-0.063072,-0.004276,0.044899,32.21,65.1414937916507
4062,-8.372486,-3.732205,4.236493,-0.063988,-0.017868,0.031001,32.29,65.1953857004681
4072,-8.388638,-3.741776,4.249653,-0.066737,-0.031612,0.016646,32.29,65.1720507975971
4082,-8.393424,-3.742973,4.249653,-0.07025,-0.046426,0.001527,32.25,65.1835950884866
4092,-8.376674,-3.738187,4.259823,-0.075289,-0.060934,-0.013286,32.25,65.0902932317608
4102,-8.385049,-3.742973,4.25085,-0.080329,-0.076053,-0.028711,32.22,65.1592665585413
4112,-8.373085,-3.747759,4.261019,-0.085521,-0.090866,-0.041692,32.22,65.0856494859406
4122,-8.36471,-3.745365,4.274778,-0.091324,-0.104763,-0.054062,32.22,64.9943716856121
4132,-8.343175,-3.75075,4.271188,-0.096517,-0.118202,-0.063988,32.22,64.9709885864241
4142,-8.332406,-3.74716,4.268795,-0.101709,-0.130572,-0.072082,32.26,64.9561595601959
4152,-8.270193,-3.754937,4.286742,-0.106291,-0.140804,-0.07758,32.26,64.7342254405439
4162,-8.244471,-3.749553,4.294518,-0.110567,-0.158978,-0.08094,32.27,64.6314627247029
4172,-8.217552,-3.753142,4.294518,-0.115148,-0.165239,-0.077733,32.27,64.5750029901351
4182,-8.197212,-3.76391,4.294518,-0.115454,-0.16921,-0.07254,32.27,64.5405070825689
4192,-8.166704,-3.772883,4.31725,-0.114843,-0.171042,-0.06353,32.25,64.3635233084164
4202,-8.139785,-3.769294,4.313661,-0.112246,-0.170584,-0.05284,32.25,64.3175472166602
4212,-8.112267,-3.763312,4.323233,-0.109498,-0.168293,-0.040928,32.25,64.1990851497448
4222,-8.080563,-3.771687,4.336991,-0.104305,-0.163406,-0.025198,32.25,64.0641138155332
4232,-8.07817,-3.768696,4.345366,-0.098197,-0.15684,-0.008858,32.28,64.0119234260723
4242,-8.051848,-3.768696,4.358526,-0.090255,-0.147982,0.008247,32.28,63.8830012605438
4252,-8.039286,-3.778865,4.366303,-0.082009,-0.137597,0.025962,32.25,63.8246041376785
4262,-8.045268,-3.772285,4.369893,-0.073915,-0.124922,0.043066,32.25,63.8126459233833
4272,-8.029117,-3.774678,4.390232,-0.065057,-0.110261,0.059407,32.24,63.6722598575134
4282,-8.032706,-3.766901,4.406384,-0.055436,-0.09331,0.076969,32.24,63.5883833092922
4292,-8.033303,-3.765705,4.400999,-0.047037,-0.076816,0.091324,32.22,63.6163697798902
4302,-8.035098,-3.75733,4.424329,-0.03879,-0.05849,0.105527,32.22,63.4906174614104
4312,-8.062616,-3.761517,4.435097,-0.031612,-0.039554,0.117286,32.26,63.5037782916869
4322,-8.063214,-3.751348,4.452445,-0.025351,-0.0197,0.125686,32.26,63.4046896153686
4332,-8.118848,-3.744768,4.462016,-0.021075,-0.000611,0.137445,32.23,63.4781010412344
4342,-8.137392,-3.726223,4.472784,-0.016035,0.036041,0.138514,32.21,63.4462112399139
4352,-8.173882,-3.726223,4.466204,-0.017104,0.053603,0.137903,32.21,63.5645651029352
4362,-8.210373,-3.732804,4.465605,-0.019242,0.068722,0.132405,32.23,63.6587038818702
4372,-8.242676,-3.72383,4.453641,-0.023213,0.082161,0.124617,32.23,63.7844887024925
4382,-8.274979,-3.720839,4.466802,-0.028863,0.093004,0.115606,32.26,63.7882241616263
4392,-8.295319,-3.728616,4.445267,-0.034972,0.101098,0.102473,32.26,63.9519272937868
4402,-8.327023,-3.714259,4.436892,-0.042913,0.107207,0.086132,32.23,64.0516815737662
4412,-8.346764,-3.713063,4.421937,-0.052382,0.109498,0.069333,32.23,64.1709374802355
4422,-8.359925,-3.711866,4.419543,-0.061239,0.110108,0.05284,32.23,64.2114498543772
4432,-8.373085,-3.727419,4.400999,-0.07086,0.10797,0.035125,32.23,64.3505169896968
4442,-8.369495,-3.716652,4.372285,-0.08094,0.102473,0.016646,32.26,64.4779555177837
4452,-8.378469,-3.715455,4.353143,-0.090103,0.096669,-0.000458,32.26,64.5942746255776
4462,-8.374281,-3.722036,4.337589,-0.098197,0.088728,-0.016646,32.25,64.6708654478524
4472,-8.350951,-3.725027,4.322036,-0.106138,0.080023,-0.029322,32.25,64.7017980124622
4482,-8.335996,-3.720241,4.305286,-0.112857,0.070402,-0.041386,32.21,64.7499047522722
4492,-8.328817,-3.723232,4.275376,-0.118813,0.059559,-0.04948,32.21,64.8908034044765
4502,-8.275578,-3.726821,4.251448,-0.123547,0.050091,-0.054825,32.21,64.9003976382451
4512,-8.252247,-3.729812,4.244269,-0.129198,0.029932,-0.056963,32.26,64.8889492225051
4522,-8.235497,-3.727419,4.23051,-0.129809,0.019853,-0.05284,32.26,64.9208872610243
4532,-8.227122,-3.732804,4.218546,-0.129351,0.011606,-0.047037,32.23,64.9699891405449
4542,-8.19781,-3.746562,4.208975,-0.127365,0.002749,-0.039095,32.23,64.9688249769392
4552,-8.169695,-3.742374,4.207779,-0.124006,-0.004429,-0.028405,32.25,64.9083625119536
4562,-8.163713,-3.748955,4.208975,-0.119882,-0.012065,-0.016952,32.25,64.8955092347135
4572,-8.154739,-3.74716,4.182654,-0.113926,-0.020617,-0.004429,32.26,65.0115724058019
4582,-8.143373,-3.744169,4.193422,-0.107512,-0.027336,0.009468,32.26,64.9267444360546
4592,-8.158927,-3.741179,4.186243,-0.100029,-0.034667,0.024129,32.23,64.9959571819326
4602,-8.142178,-3.738187,4.187439,-0.092546,-0.043219,0.038026,32.23,64.9493432314394
4612,-8.154739,-3.727419,4.186243,-0.084299,-0.05116,0.051771,32.24,64.9726195078626
4622,-8.155338,-3.744768,4.191029,-0.074831,-0.058032,0.066584,32.24,64.9665494380903
4632,-8.161918,-3.742973,4.191627,-0.066584,-0.066279,0.079565,32.23,64.9762167493565
4642,-8.179864,-3.732804,4.203591,-0.057421,-0.073915,0.091019,32.23,64.9431549999022
4652,-8.194221,-3.73041,4.205984,-0.048717,-0.081551,0.100793,32.22,64.9601321678846
4662,-8.202596,-3.725027,4.22094,-0.04047,-0.090103,0.109192,32.22,64.8952460384501
4672,-8.243872,-3.725625,4.244269,-0.032681,-0.097433,0.11637,32.22,64.8661834492849
4682,-8.258827,-3.717848,4.252644,-0.018937,-0.113621,0.124464,32.22,64.848145717391
4692,-8.266603,-3.726223,4.271787,-0.015272,-0.120493,0.124006,32.21,64.7746776656829
4702,-8.283354,-3.707081,4.290331,-0.012217,-0.126755,0.121715,32.21,64.6970178862676
4712,-8.300103,-3.692724,4.302295,-0.009163,-0.1321,0.118355,32.21,64.6583751851172
4722,-8.305488,-3.705286,4.323233,-0.008552,-0.137292,0.111483,32.23,64.5751338947131
4732,-8.312068,-3.708875,4.346562,-0.008705,-0.141263,0.103084,32.23,64.473671022765
4742,-8.319845,-3.692126,4.354339,-0.011301,-0.144317,0.092699,32.22,64.4345451083532
4752,-8.315658,-3.692724,4.38425,-0.015119,-0.146302,0.079565,32.22,64.2727011876023
4762,-8.321041,-3.692126,4.393821,-0.019853,-0.14615,0.065973,32.22,64.2353374674353
4772,-8.326425,-3.686144,4.411767,-0.026114,-0.144011,0.051465,32.22,64.1499687473547
4782,-8.31147,-3.681358,4.438088,-0.033292,-0.14111,0.035736,32.25,63.9772484690454
4792,-8.300103,-3.685545,4.457231,-0.041844,-0.13607,0.021533,32.25,63.8582189510896
4802,-8.297711,-3.698107,4.466204,-0.051771,-0.12874,0.005192,32.23,63.8199098892556
4812,-8.279764,-3.680759,4.468596,-0.061392,-0.118966,-0.009927,32.23,63.7490606834393
4822,-8.265409,-3.692724,4.475775,-0.07254,-0.108123,-0.024129,32.26,63.6918501802424
4832,-8.248059,-3.686144,4.488935,-0.082772,-0.096059,-0.036957,32.26,63.5782180532301
4842,-8.243872,-3.689733,4.494917,-0.092699,-0.082772,-0.048564,32.24,63.5418373547277
4852,-8.190034,-3.685545,4.49731,-0.102931,-0.052229,-0.065515,32.24,63.4004216272237
4862,-8.17149,-3.699304,4.48415,-0.121715,-0.036499,-0.072082,32.24,63.438893587617
4872,-8.159525,-3.705286,4.476971,-0.130114,-0.020922,-0.076358,32.21,63.4540686005073
4882,-8.148159,-3.709473,4.466802,-0.136528,-0.005345,-0.076664,32.21,63.4841179819146
4892,-8.130812,-3.715455,4.444668,-0.14111,0.009774,-0.076816,32.24,63.5637062564751
4902,-8.103892,-3.720839,4.438088,-0.144164,0.02474,-0.073304,32.24,63.540662589728
4912,-8.103294,-3.739982,4.418945,-0.145997,0.039095,-0.067959,32.25,63.6583885693189
4922,-8.096116,-3.736991,4.408178,-0.145997,0.052687,-0.059101,32.25,63.6941064873091
4932,-8.087741,-3.739982,4.385446,-0.144775,0.064599,-0.049786,32.25,63.7954397900325
4942,-8.081161,-3.734,4.372883,-0.141873,0.075595,-0.037568,32.25,63.8389165759761
4952,-8.090134,-3.745964,4.349553,-0.136987,0.085674,-0.023671,32.22,63.9933950847902
4962,-8.081758,-3.748357,4.333402,-0.131947,0.093768,-0.008247,32.22,64.0606258466729
4972,-8.088937,-3.760919,4.314857,-0.125533,0.100487,0.006414,32.26,64.1869010318636
4982,-8.094321,-3.766303,4.30409,-0.118813,0.10568,0.021075,32.26,64.2609390277647
4992,-8.119445,-3.778865,4.288536,-0.110261,0.108581,0.036041,32.25,64.4121442767678
5002,-8.140981,-3.774678,4.269992,-0.10232,0.109345,0.049786,32.25,64.5528175179629
5012,-8.163713,-3.767499,4.262215,-0.094379,0.108581,0.062461,32.26,64.6368441081013
5022,-8.223534,-3.778267,4.24726,-0.085521,0.105374,0.081703,32.26,64.8587494069775
5032,-8.246264,-3.779463,4.238287,-0.07086,0.09163,0.087659,32.22,64.9566709885956
5042,-8.268398,-3.759723,4.232305,-0.06353,0.082467,0.091019,32.23,65.0165513675379
5052,-8.286943,-3.765106,4.224528,-0.057421,0.071471,0.092088,32.23,65.102886438254
5062,-8.313862,-3.765705,4.22393,-0.05116,0.059712,0.092241,32.2,65.1653666375591
5072,-8.338987,-3.77049,4.223332,-0.046578,0.044899,0.088423,32.2,65.227811986814
5082,-8.352147,-3.779463,4.221537,-0.043066,0.031001,0.081856,32.26,65.2743823431771
5092,-8.353942,-3.788436,4.225127,-0.040012,0.015424,0.076205,32.26,65.2685485871701
5102,-8.356335,-3.783651,4.224528,-0.039248,-0.000305,0.068111,32.27,65.2721210865037
5112,-8.362316,-3.786044,4.231109,-0.038485,-0.016188,0.059254,32.27,65.2534970625194
5122,-8.35813,-3.78724,4.24068,-0.038943,-0.031612,0.049786,32.27,65.1963540374642
5132,-8.359925,-3.772285,4.234698,-0.039401,-0.045968,0.041081,32.27,65.2163832184939
5142,-8.342576,-3.776472,4.240082,-0.041997,-0.060628,0.032529,32.23,65.1551079066742
5152,-8.343773,-3.77408,4.245465,-0.045204,-0.074678,0.024129,32.23,65.1276294263963
5162,-8.309675,-3.775874,4.237091,-0.047953,-0.087506,0.016341,32.24,65.0982888965077
5172,-8.297112,-3.773481,4.25384,-0.051313,-0.09896,0.010385,32.24,64.9819477266404
5182,-8.282157,-3.768696,4.250251,-0.053451,-0.109192,0.006261,32.25,64.9628785665573
5192,-8.240881,-3.765705,4.265206,-0.056352,-0.118202,0.002902,32.25,64.7914140999781
5202,-8.220542,-3.769892,4.268795,-0.06185,-0.13271,0.002138,32.21,64.7319358614881
5214,-8.215756,-3.742973,4.272983,-0.063072,-0.137597,0.004123,32.25,64.6721516978489
5222,-8.184052,-3.756134,4.291527,-0.065057,-0.141721,0.008094,32.25,64.5184777167481
5232,-8.17448,-3.753142,4.307081,-0.067501,-0.143859,0.01237,32.25,64.413223537621
5242,-8.163713,-3.746562,4.305884,-0.067653,-0.144011,0.018479,32.25,64.3883062964922
5252,-8.162517,-3.739982,4.322634,-0.067501,-0.144164,0.024893,32.23,64.2919417735152
5262,-8.138588,-3.739383,4.317849,-0.067042,-0.14111,0.031918,32.23,64.2617963485672
5272,-8.133802,-3.725027,4.336392,-0.06689,-0.136223,0.039859,32.28,64.1396655325192
5282,-8.117052,-3.727419,4.352544,-0.065668,-0.130725,0.048106,32.28,64.0200655063903
5292,-8.117052,-3.714259,4.362116,-0.064446,-0.123242,0.0562,32.22,63.9565896981432
5302,-8.11466,-3.720839,4.380062,-0.063225,-0.115148,0.062461,32.22,63.8651148180426
5312,-8.116454,-3.714259,4.387838,-0.060934,-0.10568,0.068722,32.24,63.8220853436025
5322,-8.130214,-3.701099,4.396811,-0.058796,-0.094531,0.074678,32.24,63.793652150618
5332,-8.146365,-3.696911,4.406981,-0.057574,-0.08323,0.080176,32.21,63.7741366161355
5342,-8.154739,-3.697509,4.406981,-0.055741,-0.071471,0.083383,32.21,63.79411175621
5352,-8.156534,-3.698107,4.41416,-0.054214,-0.059865,0.084758,32.23,63.761918197683
5362,-8.167302,-3.681358,4.435097,-0.052076,-0.047953,0.085368,32.23,63.6616593023126
5372,-8.197212,-3.671786,4.430909,-0.051618,-0.023213,0.083536,32.25,63.7424191542844
5382,-8.208578,-3.675375,4.433302,-0.049327,-0.012523,0.079718,32.27,63.7600876899606
5392,-8.22473,-3.669394,4.433302,-0.048564,-0.001374,0.076053,32.27,63.7911421508397
5402,-8.244471,-3.677171,4.44407,-0.049175,0.008858,0.070708,32.24,63.7894368301968
5412,-8.254042,-3.677171,4.436892,-0.049786,0.017868,0.063072,32.24,63.8480663472939
5422,-8.266006,-3.673581,4.431507,-0.050702,0.02642,0.056352,32.23,63.8993069531239
5432,-8.278568,-3.663411,4.424329,-0.052534,0.033903,0.046731,32.23,63.9543742785609
5442,-8.28455,-3.667001,4.427918,-0.055131,0.040012,0.038026,32.24,63.9533250225843
5452,-8.306085,-3.665206,4.409972,-0.057727,0.043982,0.028405,32.24,64.0921414130699
5462,-8.292925,-3.67059,4.412963,-0.061239,0.047342,0.018173,32.25,64.0523821594016
5472,-8.288737,-3.672385,4.390232,-0.065821,0.04948,0.008399,32.25,64.1609230630324
5482,-8.297711,-3.681358,4.386642,-0.070097,0.050244,-0.00168,32.25,64.2086133106237
5492,-8.292327,-3.68375,4.372285,-0.073762,0.04948,-0.010996,32.25,64.2723703393007
5502,-8.289934,-3.697509,4.365705,-0.078191,0.049175,-0.020006,32.26,64.3145073123153
5512,-8.289336,-3.684947,4.348357,-0.08323,0.047037,-0.027642,32.26,64.3895866199353
5522,-8.278568,-3.698706,4.335794,-0.087506,0.043982,-0.034056,32.25,64.4437339991557
5532,-8.263015,-3.708875,4.329215,-0.091935,0.04215,-0.039859,32.25,64.4528929223574
5542,-8.236693,-3.719045,4.318447,-0.096211,0.03879,-0.048258,32.25,64.4595555763953
5552,-8.221739,-3.723232,4.323831,-0.104763,0.033445,-0.048258,32.23,64.4023683034797
5562,-8.212168,-3.724428,4.308876,-0.108276,0.031612,-0.046426,32.23,64.459321160108
5572,-8.196614,-3.734,4.291527,-0.111177,0.029932,-0.045051,32.24,64.5239625949462
5582,-8.178668,-3.731607,4.291527,-0.112705,0.0281,-0.040928,32.24,64.4811087261874
5592,-8.155936,-3.748357,4.271787,-0.113774,0.027947,-0.034361,32.22,64.5497816241935
5602,-8.158329,-3.75733,4.271787,-0.114232,0.026573,-0.027794,32.22,64.5644472469418
5612,-8.160722,-3.754339,4.260421,-0.113926,0.025656,-0.020769,32.24,64.6258852071832
5622,-8.151749,-3.760919,4.254438,-0.112705,0.023976,-0.012217,32.24,64.6437253058578
5632,-8.158329,-3.766901,4.253242,-0.109803,0.021533,-0.003818,32.24,64.6708860100224
5642,-8.172088,-3.765705,4.234099,-0.106138,0.018479,0.005803,32.24,64.8001391892057
5652,-8.168499,-3.778267,4.229912,-0.102473,0.014355,0.014355,32.27,64.8268904224753
5662,-8.167302,-3.780062,4.216752,-0.096059,0.008247,0.022449,32.27,64.8947369415571
5672,-8.194221,-3.783053,4.205984,-0.090255,0.002596,0.030391,32.26,65.0135632468731
5682,-8.217552,-3.786642,4.205984,-0.083383,-0.006414,0.03711,32.26,65.0685976074751
5692,-8.226524,-3.778865,4.202394,-0.076511,-0.016035,0.043219,32.24,65.0991438992749
5702,-8.234302,-3.783651,4.207779,-0.070097,-0.02642,0.048411,32.24,65.0930236924892
5712,-8.26481,-3.773481,4.214957,-0.062461,-0.038179,0.051618,32.24,65.1124013061416
5722,-8.277372,-3.77408,4.219144,-0.048564,-0.063225,0.055436,32.24,65.1187781510662
5732,-8.283354,-3.768696,4.229912,-0.041844,-0.075595,0.057116,32.25,65.0707223962884
5742,-8.298907,-3.778267,4.246662,-0.038179,-0.088881,0.055894,32.27,65.0277082622201
5752,-8.300702,-3.768696,4.254438,-0.03375,-0.10064,0.053603,32.27,64.9819657279025
5762,-8.308478,-3.761517,4.264608,-0.031001,-0.111636,0.051313,32.25,64.9394303699216
5772,-8.309675,-3.750151,4.277769,-0.029016,-0.122478,0.047953,32.25,64.8629462614258
5782,-8.31147,-3.75075,4.299902,-0.0281,-0.131336,0.043982,32.25,64.7536167195563
5792,-8.293524,-3.747759,4.320241,-0.028253,-0.138972,0.04047,32.25,64.6063319345368
5802,-8.301898,-3.744768,4.334598,-0.029932,-0.144775,0.036194,32.23,64.5482499581839
5812,-8.285149,-3.736991,4.356732,-0.031001,-0.148746,0.031765,32.23,64.3895290056257
5822,-8.277372,-3.739383,4.369295,-0.033903,-0.15012,0.027184,32.26,64.310130698683
5832,-8.260024,-3.732804,4.383651,-0.037568,-0.149509,0.023366,32.26,64.1908319150035
5842,-8.244471,-3.731009,4.402793,-0.041386,-0.146302,0.020311,32.21,64.0557601948695
5852,-8.223534,-3.732804,4.418945,-0.044899,-0.140957,0.016952,32.21,63.9272949359032
5862,-8.208578,-3.72383,4.429713,-0.048564,-0.133016,0.016188,32.25,63.8286705154862
5872,-8.182856,-3.734598,4.432106,-0.052687,-0.123242,0.01405,32.25,63.7686356726243
5882,-8.173882,-3.732205,4.460222,-0.057421,-0.111788,0.012981,32.27,63.6014720264349
5892,-8.141579,-3.722036,4.455436,-0.060476,-0.083994,0.015882,32.27,63.540418066574
5902,-8.119445,-3.73041,4.459025,-0.066126,-0.067806,0.016188,32.27,63.4794630202041
5912,-8.107481,-3.732804,4.457829,-0.067501,-0.050855,0.019242,32.24,63.4603013044032
5922,-8.102098,-3.741776,4.460222,-0.067653,-0.033292,0.02306,32.24,63.4451037936333
5932,-8.098508,-3.741179,4.451847,-0.067806,-0.015272,0.02642,32.21,63.4791396512086
5942,-8.096116,-3.731009,4.45065,-0.067653,0.002749,0.031001,32.21,63.4687812874547
5952,-8.083553,-3.731607,4.431507,-0.066279,0.020769,0.03543,32.24,63.5387398476911
5962,-8.09133,-3.723232,4.433302,-0.064752,0.03711,0.039401,32.24,63.5386143134615
5972,-8.08475,-3.726821,4.415356,-0.063225,0.052993,0.04444,32.22,63.6197491268874
5982,-8.114061,-3.72383,4.409972,-0.062308,0.067653,0.047953,32.22,63.7123891088789
5992,-8.117651,-3.73041,4.400401,-0.06017,0.081398,0.052993,32.23,63.7770693617187
6002,-8.137392,-3.729214,4.389633,-0.059559,0.091935,0.055283,32.23,63.876879828977
6012,-8.165507,-3.728018,4.369893,-0.058948,0.101098,0.058032,32.26,64.0419459145006
6022,-8.17807,-3.729214,4.354938,-0.058338,0.108429,0.059865,32.26,64.1490286843358
6032,-8.199007,-3.732804,4.346562,-0.059101,0.112857,0.060018,32.27,64.2435107392201
6042,-8.236693,-3.713063,4.34417,-0.060018,0.11469,0.059407,32.27,64.3208459956774
6052,-8.263614,-3.714857,4.314857,-0.062308,0.113163,0.05681,32.24,64.5342355008413
6062,-8.306684,-3.71067,4.305884,-0.063835,0.109956,0.049327,32.24,64.6723593036396
6072,-8.319246,-3.722634,4.295715,-0.070708,0.094531,0.042761,32.23,64.7644035135557
6082,-8.349156,-3.705884,4.279563,-0.073609,0.084452,0.035888,32.27,64.8970353653001
6092,-8.356335,-3.714857,4.268795,-0.077427,0.071319,0.029169,32.27,64.9769698242111
6102,-8.365907,-3.707081,4.249055,-0.081551,0.056963,0.020617,32.23,65.0919917957103
6112,-8.369495,-3.706482,4.253242,-0.085216,0.040317,0.012217,32.23,65.0776976981183
6122,-8.38146,-3.713063,4.24068,-0.087506,0.023518,0.004734,32.27,65.1748424324125
6132,-8.365308,-3.716652,4.235296,-0.090713,0.006872,-0.002749,32.27,65.1708590695593
6142,-8.350951,-3.716652,4.234698,-0.091783,-0.010537,-0.008247,32.24,65.1426154206872
6152,-8.349156,-3.706482,4.224528,-0.093157,-0.026725,-0.013897,32.24,65.1813377717626
6162,-8.319246,-3.72383,4.223332,-0.09331,-0.042455,-0.017257,32.26,65.139036528186
6172,-8.301898,-3.719643,4.22752,-0.092393,-0.057421,-0.0197,32.26,65.0752045744564
6182,-8.280961,-3.726223,4.22094,-0.08995,-0.069944,-0.020311,32.25,65.0697903575639
6192,-8.249854,-3.728018,4.226323,-0.087201,-0.081245,-0.017868,32.25,64.975033007835
6202,-8.234302,-3.728616,4.219743,-0.082161,-0.091477,-0.01573,32.25,64.9754498675206
6212,-8.210373,-3.732205,4.232903,-0.076816,-0.09896,-0.011301,32.25,64.857467359763
6222,-8.182258,-3.732205,4.242475,-0.071013,-0.105374,-0.006261,32.25,64.7448985594866
6232,-8.161918,-3.735795,4.245465,-0.063988,-0.109956,0.001069,32.25,64.687422897636
6242,-8.140981,-3.734,4.265805,-0.049022,-0.113774,0.016646,32.24,64.5323790091027
6252,-8.13799,-3.734598,4.280162,-0.041233,-0.113774,0.026114,32.19,64.4514173427742
6262,-8.122437,-3.739982,4.281358,-0.033598,-0.112094,0.034056,32.19,64.4155645410845
6272,-8.130812,-3.731009,4.304688,-0.027184,-0.109039,0.042455,32.25,64.303747976204
6282,-8.119445,-3.735196,4.322634,-0.021075,-0.104458,0.049786,32.25,64.188947317223
6292,-8.132008,-3.731009,4.338188,-0.016188,-0.099571,0.055589,32.22,64.132519030022
6302,-8.151151,-3.723232,4.348955,-0.012828,-0.093615,0.060781,32.22,64.1123489350626
6312,-8.154141,-3.716054,4.361517,-0.010537,-0.086437,0.065057,32.25,64.0467250979115
6322,-8.15773,-3.726223,4.381258,-0.009621,-0.078954,0.068111,32.25,63.96364142274
6332,-8.166704,-3.731607,4.399205,-0.010843,-0.071624,0.068875,32.23,63.8973941637936
6342,-8.194221,-3.723232,4.40399,-0.013286,-0.063683,0.06857,32.23,63.9270842620319
6352,-8.196614,-3.720241,4.409972,-0.017257,-0.055283,0.067195,32.24,63.8987372089452
6362,-8.216354,-3.711268,4.414758,-0.021991,-0.046884,0.064904,32.24,63.9100686791316
6372,-8.236095,-3.709473,4.424329,-0.029016,-0.039401,0.058796,32.28,63.9043359968913
6382,-8.25464,-3.705884,4.421937,-0.035277,-0.032376,0.053298,32.28,63.9552002081085
6392,-8.255836,-3.713063,4.432704,-0.043219,-0.025198,0.046731,32.24,63.9102779698031
6402,-8.259426,-3.704688,4.434498,-0.051618,-0.01909,0.039401,32.24,63.9007284995743
6412,-8.277372,-3.711268,4.436294,-0.061087,-0.00901,0.020311,32.22,63.9391718063075
6422,-8.297112,-3.705884,4.416552,-0.079412,-0.004887,0.010385,32.27,64.0791539654839
6432,-8.295319,-3.713661,4.421937,-0.087354,-0.000916,0.000916,32.27,64.0555094160849
6442,-8.294122,-3.714857,4.407579,-0.094684,0.002138,-0.008399,32.25,64.1272498894656
6452,-8.296515,-3.714857,4.409972,-0.101556,0.004123,-0.016799,32.25,64.1204442585079
6462,-8.279764,-3.713661,4.396811,-0.107054,0.005498,-0.025809,32.24,64.1486020031181
6472,-8.283354,-3.724428,4.380062,-0.111025,0.007025,-0.032681,32.24,64.2532941821433
6482,-8.276175,-3.729812,4.377669,-0.114995,0.007789,-0.039401,32.23,64.2548391923318
6492,-8.257033,-3.729812,4.367499,-0.116981,0.007483,-0.044746,32.23,64.2638482204672
6502,-8.255239,-3.741776,4.354938,-0.117439,0.007789,-0.048258,32.21,64.3364788485816
6512,-8.236095,-3.729214,4.348357,-0.116217,0.007941,-0.05116,32.21,64.3144034006546
6522,-8.214561,-3.741776,4.341777,-0.11469,0.007789,-0.051924,32.25,64.3125901853335
6532,-8.2014,-3.736991,4.34058,-0.11133,0.008552,-0.052076,32.25,64.2841090383157
6542,-8.193025,-3.749553,4.323831,-0.107818,0.009927,-0.049786,32.26,64.364650318172
6552,-8.179267,-3.754937,4.326224,-0.103389,0.011301,-0.047189,32.26,64.3267938912747
6562,-8.155936,-3.761517,4.323233,-0.097891,0.013134,-0.041081,32.23,64.2963576301575
6572,-8.14457,-3.759723,4.313063,-0.092546,0.01573,-0.034667,32.23,64.3214643578457
6582,-8.128419,-3.771687,4.312464,-0.086285,0.0197,-0.016646,32.21,64.3005268487938
6592,-8.125427,-3.765705,4.302295,-0.073151,0.026267,-0.006414,32.25,64.3402872121226
6602,-8.124829,-3.774678,4.296313,-0.066737,0.029932,0.004887,32.25,64.3794577694667
6612,-8.122437,-3.773481,4.285545,-0.060628,0.033598,0.016035,32.25,64.4288156565747
6622,-8.117052,-3.786044,4.278965,-0.054825,0.035888,0.0281,32.25,64.46412223934
6632,-8.123632,-3.775874,4.279563,-0.049175,0.037874,0.039554,32.25,64.465168562149
6642,-8.140383,-3.78066,4.27717,-0.044135,0.037721,0.050244,32.25,64.520357694083
6652,-8.156534,-3.771687,4.259224,-0.039554,0.037415,0.060018,32.24,64.6406659864579
6662,-8.166105,-3.779463,4.261617,-0.03543,0.035277,0.068722,32.24,64.6576783920946
6672,-8.188239,-3.771089,4.256832,-0.030696,0.031154,0.07758,32.29,64.7233314457048
6682,-8.20798,-3.779463,4.246662,-0.027184,0.025809,0.083841,32.29,64.8286231123817
6692,-8.214561,-3.772285,4.235296,-0.024893,0.017868,0.089034,32.23,64.8949414166878
6702,-8.24148,-3.768696,4.239483,-0.022297,0.00901,0.09331,32.23,64.9290562912847
6712,-8.258228,-3.774678,4.236493,-0.020159,-0.000458,0.095448,32.29,64.9874774659332
6722,-8.277372,-3.77408,4.237091,-0.019395,-0.011606,0.096517,32.29,65.0258238389231
6732,-8.287541,-3.768696,4.238287,-0.019242,-0.022907,0.0956,32.25,65.036557062223
6742,-8.304291,-3.754937,4.237689,-0.020159,-0.035888,0.092852,32.25,65.0626784299078
6752,-8.320443,-3.744768,4.256832,-0.020464,-0.047953,0.088117,32.23,64.9891914918212
6762,-8.318049,-3.742374,4.267599,-0.025045,-0.07254,0.076664,32.23,64.9260605130585
6772,-8.325827,-3.739982,4.273581,-0.028558,-0.084147,0.06857,32.23,64.9099857448227
6782,-8.321639,-3.729214,4.283751,-0.032376,-0.095448,0.059254,32.24,64.8377634445219
6792,-8.335996,-3.71725,4.296911,-0.036499,-0.104916,0.050855,32.24,64.789973875371
6802,-8.337193,-3.72383,4.315455,-0.041081,-0.113163,0.040928,32.25,64.7039124045002
6812,-8.315658,-3.718446,4.320839,-0.045509,-0.120035,0.031612,32.25,64.6231718072964
6822,-8.303095,-3.716054,4.34058,-0.050244,-0.12538,0.021838,32.23,64.4914636898775
6832,-8.29472,-3.71067,4.353741,-0.05452,-0.12874,0.012217,32.23,64.3998158516416
6842,-8.279764,-3.70409,4.357928,-0.060018,-0.13042,0.003512,32.2,64.3381199239856
6852,-8.257631,-3.714857,4.368098,-0.063835,-0.130572,-0.003207,32.2,64.2469124482136
6862,-8.23789,-3.703491,4.374678,-0.067348,-0.12874,-0.009468,32.26,64.1568524343903
6872,-8.229516,-3.696313,4.385446,-0.070708,-0.124769,-0.01405,32.26,64.075154013811
6882,-8.201998,-3.68734,4.397409,-0.072998,-0.118966,-0.017715,32.24,63.9415593786824
6892,-8.181061,-3.697509,4.398606,-0.074526,-0.110567,-0.018784,32.24,63.8978632033368
6902,-8.177471,-3.684947,4.408178,-0.075747,-0.101556,-0.019242,32.21,63.8272966221153
6912,-8.145766,-3.685545,4.413561,-0.075747,-0.090408,-0.017715,32.21,63.7269196941054
6922,-8.108678,-3.681358,4.413561,-0.073915,-0.07926,-0.013744,32.27,63.6363088911818
6932,-8.097312,-3.688536,4.434498,-0.072693,-0.052534,-0.004276,32.27,63.5093202350573
6942,-8.087142,-3.698706,4.427918,-0.066737,-0.038026,0.003207,32.26,63.5303485435252
6952,-8.090134,-3.685545,4.428516,-0.06353,-0.022144,0.010385,32.21,63.5202069417196
6962,-8.090732,-3.68375,4.422534,-0.059865,-0.007025,0.018937,32.21,63.5505904376589
6972,-8.085946,-3.695116,4.424329,-0.055436,0.008705,0.027336,32.25,63.5422495154094
6982,-8.102098,-3.68734,4.414758,-0.051007,0.023824,0.035277,32.25,63.6211245032466
6992,-8.103892,-3.688536,4.426124,-0.047953,0.038485,0.042761,32.24,63.567898980432
7002,-8.11466,-3.677171,4.419543,-0.044593,0.052382,0.049633,32.24,63.6149421080732
7012,-8.14457,-3.691527,4.400401,-0.041539,0.064904,0.055283,32.23,63.7982682566919
7022,-8.173882,-3.696313,4.399803,-0.038943,0.076664,0.059254,32.23,63.8739520776453
7032,-8.179864,-3.705286,4.391428,-0.037874,0.086896,0.062614,32.23,63.9401442844585
7042,-8.215158,-3.708277,4.384848,-0.037263,0.094531,0.062461,32.23,64.0577858584284
7052,-8.233703,-3.708277,4.373481,-0.038179,0.100029,0.061392,32.25,64.1583883178949
7062,-8.255836,-3.713063,4.375276,-0.039554,0.103542,0.058185,32.25,64.2041949941223
7072,-8.286345,-3.715455,4.359723,-0.042761,0.104458,0.052382,32.22,64.3551537681463
7082,-8.297112,-3.719045,4.348955,-0.046731,0.103236,0.045051,32.22,64.4381213527869
7092,-8.327023,-3.728018,4.319045,-0.050702,0.099266,0.03543,32.28,64.6671180846239
7102,-8.347363,-3.728018,4.313661,-0.055283,0.085827,0.014355,32.28,64.7397318763213
7112,-8.36471,-3.718446,4.302295,-0.067653,0.076511,0.002443,32.22,64.8268451777654
7122,-8.362915,-3.736991,4.285545,-0.073304,0.065363,-0.00901,32.23,64.9269745532165
7132,-8.359925,-3.726821,4.281956,-0.080634,0.054214,-0.020922,32.23,64.9288864640829
7142,-8.365907,-3.738187,4.274778,-0.085674,0.041081,-0.032987,32.23,64.9899686721922
7152,-8.34796,-3.734598,4.27059,-0.090866,0.027642,-0.043371,32.23,64.9686767839156
7162,-8.340781,-3.743571,4.244868,-0.096517,0.012981,-0.052382,32.26,65.0942224998099
7172,-8.319246,-3.753142,4.237689,-0.101251,-0.000611,-0.060781,32.26,65.0936250993271
7182,-8.297711,-3.764508,4.235296,-0.103847,-0.014203,-0.065973,32.25,65.0701349040922
7192,-8.28455,-3.762714,4.222734,-0.107207,-0.027642,-0.068875,32.25,65.1045631904742
7202,-8.274979,-3.772285,4.226922,-0.108123,-0.040775,-0.070555,32.24,65.0714411975462
7215,-8.252247,-3.77408,4.222734,-0.107818,-0.052993,-0.068875,32.24,65.0450873627015
7222,-8.22772,-3.775276,4.214359,-0.107207,-0.06521,-0.066584,32.24,65.0358799758802
7232,-8.203793,-3.777669,4.216154,-0.103694,-0.074526,-0.060628,32.24,64.9762068709286
7242,-8.181061,-3.773481,4.216752,-0.098807,-0.083536,-0.051924,32.22,64.9185152815254
7252,-8.168499,-3.772883,4.22752,-0.094226,-0.091019,-0.043066,32.22,64.8338294090617
7262,-8.146963,-3.781258,4.236493,-0.088423,-0.097433,-0.031765,32.24,64.7476584926342
7272,-8.121839,-3.774678,4.237689,-0.080787,-0.101098,-0.004581,32.24,64.6783531559435
7282,-8.105088,-3.781856,4.255635,-0.064446,-0.105985,0.009316,32.24,64.5544433862827
7292,-8.106883,-3.77049,4.273581,-0.055283,-0.107054,0.023518,32.22,64.4528674500164
7302,-8.107481,-3.77049,4.268198,-0.045357,-0.10568,0.038179,32.22,64.482305420572
7312,-8.109874,-3.77408,4.281358,-0.036499,-0.104,0.052076,32.23,64.4228579953574
7322,-8.111669,-3.767499,4.291527,-0.027489,-0.101709,0.065515,32.23,64.3670214307882
7332,-8.129017,-3.765705,4.313063,-0.019853,-0.098044,0.077274,32.21,64.2924847842897
7342,-8.135597,-3.762714,4.325027,-0.011759,-0.09331,0.087659,32.21,64.2422004522503
7352,-8.153543,-3.759125,4.338188,-0.005192,-0.08827,0.09499,32.2,64.2110181074932
7362,-8.15773,-3.75733,4.354339,0.000611,-0.082009,0.101556,32.2,64.1351607377188
7372,-8.184649,-3.74716,4.363312,0.004887,-0.076816,0.105527,32.23,64.139435811506
7382,-8.196614,-3.735795,4.381258,0.007636,-0.07025,0.108123,32.23,64.062436394028
7392,-8.225926,-3.735196,4.383651,0.008858,-0.06353,0.108734,32.25,64.1161256562939
7402,-8.230712,-3.741776,4.404588,0.010079,-0.057269,0.104916,32.25,64.0264189707896
7412,-8.246863,-3.726223,4.398008,0.007636,-0.051465,0.099418,32.23,64.0807791882464
7422,-8.263015,-3.725027,4.405187,0.005192,-0.045968,0.094073,32.23,64.0794325580771
7432,-8.283354,-3.722036,4.430311,0.002902,-0.039554,0.085674,32.24,63.9942291679723
7442,-8.289336,-3.706482,4.430909,-0.002138,-0.034667,0.076205,32.24,63.9889353826317
7452,-8.298308,-3.716652,4.430909,-0.014966,-0.026267,0.053756,32.25,64.0195988321528
7462,-8.305488,-3.702295,4.4339,-0.022602,-0.021838,0.043066,32.26,64.0061039453342
7472,-8.292925,-3.702295,4.429115,-0.030391,-0.017868,0.030391,32.26,64.0019790185751
7482,-8.285748,-3.711268,4.427918,-0.03879,-0.013134,0.020464,32.25,64.000898963345
7492,-8.270791,-3.71067,4.425525,-0.045968,-0.009316,0.008705,32.25,63.9785247016408
7502,-8.255836,-3.715455,4.424927,-0.054825,-0.00504,-0.000764,32.24,63.9524453528701
7512,-8.248658,-3.699902,4.426124,-0.062614,0.000458,-0.008705,32.24,63.9140263473446
7522,-8.238488,-3.705286,4.412365,-0.069028,0.005498,-0.015882,32.24,63.9667324648534
7532,-8.235497,-3.70409,4.409374,-0.075747,0.011301,-0.022144,32.24,63.9740019553492
7542,-8.217552,-3.705286,4.412963,-0.083078,0.016341,-0.025656,32.23,63.9158354087142
7552,-8.210971,-3.707679,4.406384,-0.08827,0.023366,-0.0281,32.23,63.9369969959922
7562,-8.187043,-3.711866,4.389035,-0.091477,0.029932,-0.029474,32.24,63.9757441212088
7572,-8.170892,-3.706482,4.383053,-0.09499,0.036041,-0.029169,32.24,63.963959717923
7582,-8.161918,-3.711866,4.374678,-0.096975,0.043524,-0.027031,32.24,63.9921921980929
7592,-8.154141,-3.718446,4.367499,-0.098197,0.049786,-0.02474,32.24,64.0183087024391
7602,-8.152347,-3.727419,4.354938,-0.097738,0.057421,-0.019548,32.23,64.0885023412942
7612,-8.140981,-3.722036,4.329813,-0.097738,0.063225,-0.015424,32.23,64.1870567719478
7622,-8.165507,-3.724428,4.325625,-0.0956,0.072082,-0.003818,32.24,64.2670943948281
7632,-8.160722,-3.733402,4.311867,-0.089492,0.075747,0.002138,32.27,64.336857825595
7642,-8.180463,-3.723232,4.304688,-0.085827,0.078191,0.008247,32.27,64.4082669619525
7652,-8.183454,-3.726223,4.281358,-0.081092,0.079107,0.013134,32.26,64.5391639354642
7662,-8.19781,-3.722036,4.269393,-0.076511,0.07758,0.018326,32.26,64.6293036548792
7672,-8.201998,-3.727419,4.267599,-0.071777,0.074831,0.023213,32.23,64.653492750115
7682,-8.228318,-3.723232,4.252644,-0.066584,0.069639,0.027031,32.23,64.7857132478507
7692,-8.234302,-3.725625,4.246662,-0.061392,0.063225,0.029932,32.26,64.8325028900966
7702,-8.245667,-3.736392,4.231707,-0.056352,0.055589,0.032987,32.26,64.946182408363
7712,-8.256434,-3.72383,4.22752,-0.050549,0.045204,0.035125,32.23,64.979179165828
7722,-8.280362,-3.725027,4.214359,-0.045662,0.034056,0.035736,32.23,65.1014470915843
7732,-8.287541,-3.721437,4.204189,-0.041692,0.020769,0.035277,32.25,65.1664787435273
7742,-8.307282,-3.722036,4.206582,-0.037721,0.00672,0.035277,32.25,65.1978806880936
7752,-8.309077,-3.726821,4.205984,-0.034667,-0.008094,0.035125,32.25,65.2095959132711
7762,-8.312068,-3.72383,4.205984,-0.03146,-0.024282,0.033903,32.25,65.2132019750957
7772,-8.312666,-3.731607,4.211967,-0.029169,-0.039401,0.031307,32.28,65.1911192018027
7782,-8.315059,-3.735795,4.228117,-0.027489,-0.055131,0.029474,32.28,65.1168594486245
7792,-8.30788,-3.727419,4.232903,-0.026878,-0.070097,0.024129,32.23,65.0681258429313
7802,-8.297711,-3.721437,4.246662,-0.027184,-0.097891,0.023213,32.2,64.9686812798979
7812,-8.288737,-3.725625,4.256832,-0.027642,-0.110261,0.02138,32.2,64.9004360227235
7822,-8.276773,-3.726223,4.268795,-0.027947,-0.120951,0.019853,32.24,64.8127115595329
7832,-8.272586,-3.73041,4.277769,-0.029627,-0.130572,0.017868,32.24,64.7612359972614
7842,-8.25464,-3.732205,4.290929,-0.031765,-0.137292,0.016646,32.23,64.6551336052786
7852,-8.234302,-3.731009,4.301697,-0.034972,-0.141873,0.014355,32.23,64.5528396788662
7862,-8.231908,-3.731009,4.333402,-0.037568,-0.14447,0.013744,32.25,64.3838297726737
7872,-8.217552,-3.736991,4.338188,-0.039859,-0.145844,0.012675,32.25,64.3329277686346
7882,-8.204391,-3.720839,4.35733,-0.043219,-0.143859,0.010996,32.23,64.1878641748433
7892,-8.193623,-3.734598,4.365705,-0.045815,-0.139735,0.010232,32.23,64.1344565290786
7902,-8.177471,-3.720241,4.378866,-0.047953,-0.133627,0.01069,32.24,64.014919985761
7912,-8.166704,-3.728018,4.400401,-0.050396,-0.125686,0.009927,32.24,63.8874797116755
7922,-8.161918,-3.732804,4.406981,-0.053451,-0.114995,0.009316,32.24,63.847659826854
7932,-8.149954,-3.732205,4.422534,-0.056352,-0.103542,0.009468,32.24,63.7395190733719
7942,-8.148758,-3.729214,4.432106,-0.057574,-0.090408,0.010232,32.24,63.6844099052129
7952,-8.13799,-3.725027,4.435097,-0.057879,-0.076664,0.010079,32.24,63.6397022027921
7962,-8.148159,-3.726821,4.432704,-0.060018,-0.062919,0.010232,32.24,63.6774239562296
7972,-8.148758,-3.73041,4.43749,-0.062461,-0.03375,0.011606,32.24,63.6580243496407
7982,-8.160124,-3.728018,4.4339,-0.062461,-0.019242,0.011606,32.21,63.7001768060313
7992,-8.152347,-3.713661,4.434498,-0.062919,-0.006109,0.011454,32.26,63.6640012156168
8002,-8.172088,-3.720241,4.442276,-0.063835,0.006872,0.011912,32.26,63.6766373408782
8012,-8.180463,-3.726821,4.424329,-0.063225,0.018173,0.011301,32.25,63.7948703091575
8022,-8.191828,-3.735196,4.417151,-0.063225,0.028711,0.012065,32.25,63.8665196738657
8032,-8.192427,-3.732804,4.406981,-0.063225,0.037874,0.011454,32.21,63.9175842594686
8042,-8.194819,-3.724428,4.402196,-0.063988,0.045509,0.011301,32.21,63.9389101480545
8052,-8.212168,-3.732804,4.386044,-0.063072,0.051924,0.010996,32.24,64.0701254791176
8062,-8.2349,-3.731009,4.38724,-0.063835,0.05681,0.010079,32.24,64.1137524525452
8072,-8.22772,-3.722634,4.37408,-0.063835,0.060323,0.009163,32.22,64.1564396197955
8082,-8.22473,-3.725027,4.371687,-0.063835,0.062919,0.008247,32.22,64.164415526602
8092,-8.244471,-3.735196,4.365107,-0.064294,0.063835,0.007636,32.19,64.2532910727518
8102,-8.255836,-3.724428,4.351348,-0.065363,0.064294,0.006109,32.19,64.3386218462309
8112,-8.26481,-3.731009,4.343571,-0.065821,0.063072,0.005803,32.23,64.4054333957021
8122,-8.249256,-3.736392,4.339384,-0.065515,0.062308,0.005192,32.23,64.3975127779622
8132,-8.253444,-3.74716,4.32742,-0.066584,0.060018,0.004276,32.21,64.4794224633684
8142,-8.252846,-3.744768,4.306482,-0.066584,0.053451,0.002749,32.21,64.5835461582712
8152,-8.233703,-3.751348,4.307679,-0.065668,0.049938,0.003512,32.23,64.541285244317
8162,-8.24148,-3.746562,4.290331,-0.064446,0.046273,0.003818,32.21,64.6433945420046
8172,-8.230114,-3.753741,4.281956,-0.063072,0.041692,0.003818,32.21,64.6686551560325
8182,-8.23131,-3.758526,4.265805,-0.062156,0.03711,0.004123,32.21,64.7597975322709
8192,-8.225328,-3.762714,4.271188,-0.06017,0.032834,0.005345,32.21,64.7228709721339
8202,-8.212168,-3.753741,4.262814,-0.058338,0.0281,0.007025,32.25,64.7278547647722
8212,-8.221739,-3.762115,4.259224,-0.055589,0.023213,0.00901,32.25,64.7762910859809
8222,-8.207382,-3.760919,4.258626,-0.053451,0.018326,0.012217,32.23,64.7462483953507
8232,-8.19781,-3.765705,4.256832,-0.050244,0.013592,0.014813,32.23,64.7391393524716
8242,-8.202596,-3.760919,4.243073,-0.047953,0.007636,0.018479,32.25,64.816408917752
8252,-8.204391,-3.759723,4.245465,-0.04444,0.002291,0.021838,32.25,64.8067441242959
8262,-8.202596,-3.764508,4.243671,-0.041386,-0.00336,0.02474,32.2,64.8169581327297
8272,-8.201998,-3.760321,4.240082,-0.038332,-0.010079,0.028405,32.2,64.8300257731265
8282,-8.198408,-3.76391,4.252644,-0.035125,-0.015577,0.032834,32.26,64.7603942174394
8292,-8.202596,-3.753741,4.245465,-0.032987,-0.022449,0.036957,32.26,64.7966587532555
8302,-8.212168,-3.748357,4.256832,-0.031001,-0.029016,0.041081,32.23,64.753426896083
8312,-8.230114,-3.751946,4.258028,-0.029016,-0.03543,0.0478,32.23,64.790779857115
8322,-8.233703,-3.746562,4.262814,-0.027336,-0.048106,0.050396,32.23,64.7684947946175
8332,-8.236693,-3.743571,4.261617,-0.025962,-0.054367,0.053298,32.24,64.778321357174
8342,-8.254042,-3.738187,4.283751,-0.025351,-0.059865,0.054214,32.24,64.696919676555
8352,-8.258228,-3.723232,4.285545,-0.026267,-0.066432,0.053451,32.28,64.6819198562264
8362,-8.263614,-3.729812,4.293322,-0.027794,-0.072388,0.053756,32.28,64.6603679213932
8372,-8.273782,-3.722634,4.302295,-0.029322,-0.077274,0.053298,32.26,64.6295299148378
8382,-8.278568,-3.718446,4.307679,-0.031154,-0.082314,0.052534,32.26,64.6082551162781
8392,-8.273185,-3.708875,4.325625,-0.032987,-0.087201,0.049786,32.28,64.4941910151326
8402,-8.28156,-3.703491,4.311268,-0.034972,-0.091477,0.046273,32.28,64.5814776224644
8412,-8.263614,-3.704688,4.328018,-0.037263,-0.096059,0.042608,32.23,64.4561845383023
8422,-8.275578,-3.693322,4.342375,-0.039859,-0.098502,0.038485,32.23,64.3977676588054
8432,-8.27139,-3.693322,4.346562,-0.042455,-0.10064,0.034667,32.24,64.3668115289392
8442,-8.268398,-3.690331,4.353143,-0.04444,-0.101556,0.029627,32.24,64.3232252714488
8452,-8.255836,-3.686144,4.36391,-0.047037,-0.101709,0.025045,32.23,64.2352586646352
8462,-8.251051,-3.684947,4.371089,-0.04948,-0.099571,0.020311,32.23,64.1863050467347
8472,-8.240881,-3.695116,4.381856,-0.051313,-0.097891,0.014966,32.25,64.1182337735468
8482,-8.222337,-3.684349,4.387838,-0.052382,-0.094531,0.01069,32.25,64.0342425497144
8492,-8.212168,-3.685545,4.398606,-0.05452,-0.082314,0.003054,32.25,63.9568685491795
8502,-8.213365,-3.672385,4.412365,-0.054825,-0.075136,-0.001527,32.2,63.8754227535039
8512,-8.182856,-3.690331,4.41057,-0.055131,-0.066279,-0.002443,32.2,63.8329942175913
8522,-8.183454,-3.699902,4.415954,-0.054978,-0.057421,-0.004581,32.21,63.8166499808421
8532,-8.176275,-3.699304,4.418347,-0.054214,-0.046884,-0.005192,32.21,63.7871947228835
8542,-8.158329,-3.690331,4.429115,-0.053756,-0.035888,-0.005956,32.21,63.6809937708226
8552,-8.152946,-3.705884,4.425525,-0.053298,-0.023366,-0.006109,32.21,63.7033165058714
8562,-8.148758,-3.703491,4.419543,-0.051924,-0.010843,-0.006109,32.23,63.7218852431768
8572,-8.140981,-3.705884,4.42732,-0.052076,0.002138,-0.004581,32.23,63.6663790089791
8582,-8.146963,-3.705884,4.423731,-0.051007,0.014508,-0.001527,32.24,63.6986995231265
8592,-8.142776,-3.721437,4.423731,-0.051007,0.027336,0,32.24,63.7054178443368
8602,-8.151151,-3.722036,4.423133,-0.050855,0.039095,0.001069,32.2,63.7284724474188
8612,-8.150552,-3.720241,4.408776,-0.050702,0.049938,0.003207,32.2,63.7990654830659
8622,-8.16132,-3.731607,4.409374,-0.051771,0.059865,0.00504,32.25,63.8327201998687
8632,-8.170293,-3.728616,4.394419,-0.05284,0.069333,0.007025,32.25,63.9271220020046
8642,-8.19123,-3.733402,4.385446,-0.054062,0.077885,0.007483,32.29,64.0261415885746
8652,-8.193025,-3.738187,4.36391,-0.054978,0.084147,0.008858,32.29,64.1460647498773
8662,-8.215756,-3.735795,4.349553,-0.057269,0.092241,0.010232,32.23,64.2690695288355
8672,-8.233105,-3.74716,4.341777,-0.062461,0.092852,0.009163,32.25,64.3598861197397
8682,-8.240283,-3.744169,4.325027,-0.064752,0.091783,0.007941,32.25,64.4592256283627
8692,-8.257033,-3.755535,4.314857,-0.066279,0.089492,0.006261,32.23,64.5606338095998
8702,-8.273782,-3.757928,4.298706,-0.069333,0.084758,0.004123,32.23,64.6835172234759
8712,-8.280362,-3.755535,4.279563,-0.071777,0.078343,0.003054,32.19,64.7943781669232
8722,-8.285748,-3.762115,4.275376,-0.07422,0.071013,-0.000916,32.19,64.834468856087
8732,-8.291729,-3.755535,4.254438,-0.075136,0.061239,-0.003207,32.22,64.9491507923998
8742,-8.300103,-3.761517,4.241877,-0.077122,0.049175,-0.005956,32.22,65.0383838358551
8752,-8.302496,-3.765106,4.238885,-0.077427,0.037568,-0.008858,32.27,65.0626482681811
8762,-8.304291,-3.753741,4.22752,-0.078649,0.023366,-0.012065,32.27,65.1140834250971
8772,-8.304291,-3.756134,4.222135,-0.078343,0.008858,-0.014966,32.21,65.1443143507951
8782,-8.297711,-3.772285,4.219743,-0.078496,-0.00504,-0.016952,32.21,65.1583195665092
8792,-8.296515,-3.775874,4.211967,-0.076816,-0.020006,-0.017562,32.21,65.1995360765331
8802,-8.286345,-3.767499,4.21735,-0.076053,-0.035888,-0.018021,32.21,65.1411434976812
8812,-8.273782,-3.769294,4.222135,-0.073151,-0.050396,-0.018631,32.29,65.0906406902392
8822,-8.259426,-3.76391,4.223332,-0.07086,-0.063225,-0.017257,32.29,65.0475552444073
8832,-8.242078,-3.762115,4.225725,-0.068264,-0.075136,-0.011759,32.22,64.9951571287188
8842,-8.225328,-3.763312,4.240082,-0.060018,-0.095448,-0.009621,32.22,64.8848042402676
8852,-8.20798,-3.755535,4.248456,-0.056505,-0.102778,-0.003818,32.22,64.7949150542061
8862,-8.193623,-3.762714,4.258626,-0.051618,-0.108734,0.002443,32.25,64.7174260003959
8872,-8.184052,-3.754339,4.266403,-0.046884,-0.111788,0.009163,32.25,64.6470459092799
8882,-8.175079,-3.756134,4.276572,-0.042608,-0.113468,0.015882,32.25,64.5759499747976
8892,-8.145168,-3.748357,4.298706,-0.037568,-0.113163,0.024129,32.25,64.385498127139
8902,-8.151151,-3.746562,4.316054,-0.032681,-0.110872,0.032376,32.22,64.307125031985
8912,-8.142776,-3.760321,4.322634,-0.028253,-0.107207,0.040928,32.22,64.2683895138772
8922,-8.132008,-3.74058,4.331607,-0.023671,-0.101862,0.049327,32.21,64.1766820857773
8932,-8.133802,-3.741179,4.351946,-0.019242,-0.0956,0.058032,32.21,64.076020794639
8942,-8.138588,-3.744169,4.35733,-0.01573,-0.08827,0.065821,32.27,64.0622455767626
8952,-8.136793,-3.744169,4.373481,-0.012828,-0.079718,0.072693,32.27,63.974658361561
8962,-8.151151,-3.737589,4.378866,-0.009927,-0.070708,0.079107,32.25,63.9728250822444
8972,-8.148159,-3.732205,4.382454,-0.00733,-0.060934,0.083994,32.25,63.9418011138539
8982,-8.16132,-3.728616,4.394419,-0.006109,-0.05116,0.087506,32.28,63.9065488752019
8992,-8.177471,-3.725027,4.396811,-0.004734,-0.041539,0.090408,32.28,63.9275089359072
9002,-8.201998,-3.715455,4.409972,-0.004734,-0.032223,0.091783,32.23,63.9060962701452
9012,-8.230712,-3.713063,4.412963,-0.007941,-0.015272,0.088423,32.23,63.9539210326022
9022,-8.245069,-3.707081,4.41416,-0.011148,-0.008705,0.083383,32.23,63.974389687359
9032,-8.252247,-3.702893,4.417749,-0.014813,-0.001833,0.077733,32.22,63.9681002742126
9042,-8.275578,-3.697509,4.416552,-0.018937,0.003818,0.07086,32.22,64.0218299336758
9052,-8.27139,-3.708277,4.412365,-0.024282,0.008552,0.062766,32.21,64.0446560465332
9062,-8.277372,-3.706482,4.40399,-0.030543,0.012675,0.053909,32.21,64.0992026716748
9072,-8.290532,-3.7005,4.41057,-0.037415,0.014813,0.044135,32.23,64.0893391005062
9082,-8.291729,-3.691527,4.405187,-0.043371,0.017104,0.03375,32.23,64.1104834296804
9092,-8.300702,-3.694518,4.399803,-0.051465,0.017715,0.022144,32.24,64.1613037049755
9102,-8.286943,-3.687938,4.396214,-0.058032,0.01741,0.010537,32.24,64.1418948104945
9112,-8.310272,-3.692724,4.378268,-0.065668,0.016952,0.000458,32.24,64.2911642028336
9122,-8.291131,-3.706482,4.374678,-0.073151,0.016341,-0.009163,32.24,64.2802519489088
9132,-8.282157,-3.705286,4.37408,-0.079565,0.015577,-0.017104,32.23,64.2618885495478
9142,-8.274979,-3.702295,4.365705,-0.08491,0.014661,-0.025504,32.23,64.2856244739802
9152,-8.273185,-3.707081,4.355535,-0.089797,0.01405,-0.032681,32.21,64.3386092925998
9162,-8.249854,-3.708277,4.35733,-0.095142,0.013439,-0.037415,32.21,64.2779813553982
9172,-8.222935,-3.704688,4.34417,-0.099266,0.012675,-0.041692,32.23,64.281202783998
9182,-8.210373,-3.719045,4.331607,-0.102014,0.012523,-0.044593,32.23,64.3322834715839
9192,-8.192427,-3.717848,4.324429,-0.105527,0.012981,-0.044135,32.2,64.3275533542594
9202,-8.184649,-3.714259,4.319643,-0.106291,0.014355,-0.041997,32.26,64.3310154591347
9216,-8.166704,-3.722634,4.316054,-0.10568,0.015577,-0.039554,32.26,64.3175585973294
9222,-8.169096,-3.728616,4.304688,-0.103084,0.017257,-0.032834,32.23,64.3881102934814
9232,-8.158927,-3.727419,4.302894,-0.099724,0.018937,-0.026725,32.23,64.3731606709223
9242,-8.158927,-3.722036,4.295117,-0.096059,0.020617,-0.021228,32.26,64.4079939503151
9252,-8.148758,-3.726821,4.297509,-0.091477,0.021228,-0.013592,32.26,64.3774712597179
9262,-8.149954,-3.747759,4.290331,-0.086285,0.02306,-0.004734,32.18,64.439221580409
9272,-8.154739,-3.729812,4.282554,-0.080023,0.023518,0.003054,32.18,64.4718810386649
9282,-8.164311,-3.733402,4.268795,-0.072846,0.022144,0.010996,32.21,64.5687736836849
9292,-8.1679,-3.741179,4.263412,-0.066584,0.021838,0.018021,32.21,64.6128658053205
9302,-8.17149,-3.739982,4.27059,-0.060018,0.019548,0.025351,32.21,64.5823513960956
9312,-8.185248,-3.735196,4.25384,-0.053451,0.016646,0.03207,32.21,64.6954538879358
9322,-8.203793,-3.745365,4.249055,-0.045968,0.012217,0.038332,32.23,64.7721326694466
9332,-8.212766,-3.748357,4.253242,-0.040775,0.006567,0.041539,32.23,64.773401772611
9342,-8.233703,-3.741776,4.246064,-0.034972,-0.000305,0.046578,32.24,64.8505425550619
9352,-8.242078,-3.739982,4.245465,-0.029627,-0.007941,0.050396,32.24,64.8704166774718
9362,-8.26481,-3.748955,4.238885,-0.022907,-0.025656,0.051924,32.22,64.963784635981
9372,-8.2678,-3.738786,4.246662,-0.020311,-0.035736,0.051465,32.22,64.9199248645277
9382,-8.27139,-3.737589,4.25384,-0.0197,-0.046273,0.050244,32.22,64.889496040711
9392,-8.280961,-3.735196,4.25384,-0.018784,-0.056047,0.048411,32.24,64.9082536761506
9402,-8.286943,-3.735196,4.261617,-0.0197,-0.066737,0.045662,32.24,64.8812557837421
9412,-8.277969,-3.742374,4.27717,-0.021075,-0.076511,0.043371,32.22,64.7882429660197
9422,-8.279166,-3.735795,4.289135,-0.023518,-0.085979,0.039554,32.22,64.722566262291
9432,-8.276773,-3.734598,4.3005,-0.026573,-0.094684,0.036346,32.23,64.6574509596887
9442,-8.278568,-3.737589,4.309474,-0.030085,-0.102778,0.033292,32.23,64.6182222589424
9452,-8.267202,-3.728018,4.314857,-0.034514,-0.108581,0.029322,32.21,64.5555150228347
9462,-8.257033,-3.723232,4.325625,-0.040164,-0.113316,0.025962,32.21,64.4724524874583
9472,-8.260024,-3.728018,4.339384,-0.044593,-0.116523,0.022449,32.24,64.4131891005973
9482,-8.246264,-3.723232,4.354938,-0.049786,-0.117133,0.019548,32.24,64.2973837012897
9492,-8.231908,-3.724428,4.365107,-0.055589,-0.116523,0.017104,32.24,64.2138885168761
9502,-8.222337,-3.727419,4.383651,-0.061545,-0.113163,0.012981,32.24,64.0999715774573
9512,-8.210373,-3.722634,4.401597,-0.065821,-0.109803,0.011606,32.25,63.9756595728712
9522,-8.192427,-3.734598,4.411169,-0.070555,-0.102625,0.010079,32.25,63.8979577140554
9532,-8.183454,-3.728616,4.425525,-0.079107,-0.086285,0.008399,32.22,63.7974854900428
9542,-8.173284,-3.726821,4.42074,-0.082772,-0.0759,0.00672,32.22,63.7967901085844
9552,-8.173284,-3.726821,4.429115,-0.084758,-0.064446,0.007178,32.22,63.7538024826884
9562,-8.169695,-3.726223,4.44407,-0.085827,-0.052229,0.006261,32.21,63.6682097436452
9572,-8.160124,-3.721437,4.432106,-0.086743,-0.039248,0.005498,32.21,63.702453530916
9582,-8.158329,-3.732804,4.430311,-0.087048,-0.025504,0.007178,32.2,63.7195078339729
9592,-8.152946,-3.736392,4.427918,-0.086285,-0.013134,0.006567,32.2,63.7231743919019
9602,-8.147561,-3.732804,4.424329,-0.085063,0.000916,0.007483,32.28,63.7254052574917
9612,-8.15773,-3.733402,4.421339,-0.08262,0.012981,0.007483,32.28,63.7648416808377
9622,-8.155936,-3.734,4.414758,-0.079412,0.025809,0.00901,32.21,63.7951698821659
9632,-8.155936,-3.74058,4.400999,-0.076358,0.037263,0.009468,32.21,63.8728825343288
9642,-8.172686,-3.725027,4.393821,-0.073151,0.047342,0.011912,32.25,63.9319327002943
9652,-8.1679,-3.731607,4.385446,-0.06918,0.055894,0.013439,32.25,63.9709766172441
9662,-8.179267,-3.729214,4.377071,-0.065363,0.062766,0.013897,32.22,64.0376079632803
9672,-8.176275,-3.738786,4.355535,-0.061087,0.068722,0.016493,32.22,64.1518071294373
9682,-8.19123,-3.735795,4.35075,-0.056963,0.072846,0.018631,32.22,64.2073638778867
9692,-8.206185,-3.738786,4.324429,-0.053756,0.075595,0.021228,32.22,64.3801478845713
9702,-8.222935,-3.741179,4.311268,-0.047189,0.076511,0.027489,32.21,64.4882568942311
9712,-8.227122,-3.748357,4.289733,-0.045204,0.07422,0.028863,32.21,64.6162681642239
9722,-8.228318,-3.739982,4.292126,-0.043371,0.069944,0.031001,32.21,64.5980450473624
9732,-8.239684,-3.74716,4.278965,-0.04215,0.065057,0.033139,32.21,64.6987714570306
9742,-8.246863,-3.739383,4.273581,-0.041539,0.058032,0.034819,32.21,64.7347464302635
9752,-8.256434,-3.74058,4.262814,-0.041233,0.050091,0.037568,32.23,64.8129321018398
9762,-8.270791,-3.751348,4.267001,-0.042302,0.041386,0.037721,32.23,64.8338765397633
9772,-8.276773,-3.737589,4.263412,-0.043219,0.031765,0.039095,32.26,64.8518858925692
9782,-8.276773,-3.739383,4.256233,-0.045204,0.021075,0.037721,32.26,64.890800510255
9792,-8.292925,-3.745964,4.254438,-0.046884,0.010232,0.037568,32.27,64.9422563925421
9802,-8.28455,-3.746562,4.252644,-0.049786,-0.000458,0.035888,32.27,64.9336783014688
9812,-8.295916,-3.751946,4.253242,-0.052534,-0.011606,0.033292,32.26,64.9609644040987
9822,-8.282157,-3.739383,4.25743,-0.055741,-0.02306,0.030543,32.26,64.8965002022482
9832,-8.282157,-3.736991,4.256832,-0.058796,-0.033598,0.027794,32.24,64.8972084270816
9842,-8.282157,-3.736991,4.258028,-0.061697,-0.044593,0.025045,32.24,64.8910243895237
9852,-8.275578,-3.738786,4.25743,-0.064446,-0.053909,0.021686,32.24,64.8813727019687
9862,-8.2678,-3.748955,4.273581,-0.067501,-0.062919,0.01909,32.24,64.7908544314845
9872,-8.253444,-3.734598,4.278965,-0.06918,-0.077274,0.01237,32.25,64.7167147219204
9882,-8.249854,-3.725027,4.283153,-0.070708,-0.082467,0.010537,32.24,64.6774211538376
9892,-8.229516,-3.728616,4.281358,-0.071624,-0.087659,0.008399,32.24,64.6449236056831
9902,-8.218149,-3.732804,4.290331,-0.070402,-0.090408,0.008247,32.23,64.5772701648459
9912,-8.196015,-3.728616,4.299902,-0.068722,-0.093157,0.00733,32.23,64.4736929131147
9922,-8.198408,-3.729214,4.307679,-0.066584,-0.093768,0.008705,32.24,64.4394175212864
9932,-8.19123,-3.718446,4.304688,-0.064599,-0.094073,0.009468,32.24,64.4276775818832
9942,-8.181659,-3.721437,4.308876,-0.06185,-0.093462,0.011301,32.23,64.387412628447
9952,-8.173284,-3.709473,4.326224,-0.058338,-0.090713,0.013897,32.23,64.2662020020157
9962,-8.176275,-3.71725,4.329813,-0.054672,-0.08659,0.017257,32.23,64.2624431458926
9972,-8.1679,-3.712464,4.335197,-0.051313,-0.082467,0.022755,32.23,64.2105738209792
9982,-8.178668,-3.708277,4.347759,-0.0478,-0.078496,0.027031,32.22,64.1657925457486
9992,-8.166105,-3.704688,4.34417,-0.04444,-0.072235,0.031918,32.22,64.1519837263791
10002,-8.168499,-3.696911,4.360919,-0.040928,-0.065973,0.036194,32.21,64.0627850026685
10012,-8.179267,-3.706482,4.366303,-0.038332,-0.060781,0.040623,32.21,64.0695307404153
10022,-8.17807,-3.691527,4.373481,-0.036346,-0.054214,0.04444,32.22,64.0142705606397
10032,-8.181659,-3.707679,4.376472,-0.034667,-0.047953,0.047342,32.22,64.0237922723663
10042,-8.213962,-3.690929,4.381856,-0.034361,-0.041997,0.05116,32.23,64.0526196496015
10052,-8.218747,-3.695116,4.377669,-0.034972,-0.031154,0.05116,32.25,64.0893685961709
10062,-8.226524,-3.699902,4.396214,-0.036041,-0.025656,0.050091,32.25,64.0167177478136
10072,-8.235497,-3.692126,4.392624,-0.038943,-0.021533,0.047037,32.23,64.0476437278353
10082,-8.233105,-3.699304,4.399803,-0.040928,-0.016799,0.04444,32.23,64.0127010070002
10092,-8.247462,-3.697509,4.394419,-0.044899,-0.013134,0.040928,32.25,64.0711758959115
10102,-8.250452,-3.69392,4.395017,-0.048411,-0.008705,0.036957,32.25,64.0712538968157
10112,-8.258827,-3.70409,4.396811,-0.052534,-0.005651,0.029932,32.23,64.0914490165479
10122,-8.248059,-3.705286,4.395615,-0.056658,-0.002902,0.023824,32.23,64.074337889138
10132,-8.258827,-3.714259,4.396811,-0.060781,0.000611,0.017562,32.22,64.1018099029822
10142,-8.263614,-3.708875,4.398606,-0.064904,0.002902,0.010385,32.22,64.0979903665855
10152,-8.252247,-3.718446,4.395017,-0.06918,0.005956,0.003207,32.27,64.1003513087838
10162,-8.246863,-3.73041,4.380062,-0.073151,0.008705,-0.002138,32.27,64.1770454800332
10172,-8.245069,-3.719643,4.374678,-0.075747,0.011301,-0.007789,32.21,64.1896103220616
10182,-8.232506,-3.718446,4.376472,-0.07926,0.013744,-0.012217,32.21,64.1507102447848
10192,-8.2349,-3.735795,4.365705,-0.081398,0.016952,-0.016188,32.26,64.2292243462201
10202,-8.23131,-3.734,4.352544,-0.083383,0.019853,-0.020159,32.26,64.2869550853643
10212,-8.203793,-3.759125,4.339384,-0.084605,0.022755,-0.021686,32.26,64.3185184429159
10222,-8.199606,-3.750151,4.342973,-0.085827,0.028253,-0.023366,32.26,64.2812878698833
10232,-8.19781,-3.760321,4.339982,-0.085063,0.030696,-0.021686,32.21,64.3031776735116
10242,-8.190632,-3.753741,4.331607,-0.084758,0.032834,-0.0197,32.28,64.3233997286115
10252,-8.189436,-3.759125,4.323831,-0.083383,0.034514,-0.017257,32.28,64.3664499628377
10262,-8.184052,-3.764508,4.307679,-0.081703,0.035888,-0.013439,32.21,64.4434436903815
10272,-8.190034,-3.762714,4.30409,-0.080634,0.036194,-0.009316,32.21,64.4736137839877
10282,-8.198408,-3.764508,4.292724,-0.078802,0.036041,-0.005651,32.24,64.5530911567148
10292,-8.202596,-3.762115,4.292126,-0.076816,0.034667,-0.001527,32.24,64.5631055892132
10302,-8.203793,-3.757928,4.292126,-0.074067,0.032376,0.003054,32.23,64.5614887848282
10312,-8.208578,-3.763312,4.278965,-0.071929,0.029016,0.007025,32.23,64.6458729299417
10322,-8.227122,-3.766303,4.267001,-0.069944,0.025809,0.010537,32.25,64.7521971153454
10332,-8.230114,-3.772883,4.262814,-0.068264,0.020159,0.013592,32.25,64.7872154835491
10342,-8.239087,-3.773481,4.252046,-0.066279,0.013744,0.017104,32.21,64.8634748389636
10352,-8.255239,-3.769892,4.256832,-0.065057,0.00672,0.019395,32.21,64.8707490459354
10362,-8.257033,-3.766303,4.262215,-0.063072,-0.001374,0.021075,32.26,64.8432439584206
10372,-8.25464,-3.773481,4.250251,-0.060934,-0.010843,0.023366,32.26,64.9071095511838
10382,-8.260024,-3.749553,4.24068,-0.058796,-0.020006,0.023366,32.27,64.9445240146646
10392,-8.270791,-3.75075,4.249653,-0.057727,-0.038485,0.025198,32.27,64.9229991356396
10402,-8.258228,-3.747759,4.252046,-0.054978,-0.048869,0.025198,32.27,64.8798669818831
10412,-8.260622,-3.754339,4.248456,-0.052993,-0.058948,0.02642,32.2,64.9103523124674
10422,-8.249854,-3.749553,4.251448,-0.050855,-0.067195,0.0281,32.2,64.8662416486762
10432,-8.242676,-3.744768,4.255037,-0.049633,-0.076816,0.028558,32.21,64.8269186160931
10442,-8.242676,-3.746562,4.261617,-0.047189,-0.084758,0.02978,32.21,64.7946299059972
10452,-8.224131,-3.739982,4.271787,-0.044899,-0.09163,0.031307,32.28,64.6940059670802
10462,-8.228917,-3.737589,4.277769,-0.043219,-0.097128,0.033292,32.28,64.6712650674546
10472,-8.203195,-3.738786,4.274179,-0.040623,-0.101098,0.036041,32.23,64.6335968262273
10482,-8.200802,-3.733402,4.287939,-0.03879,-0.104153,0.039859,32.23,64.5513615875751
10492,-8.204391,-3.725625,4.307081,-0.036652,-0.105527,0.04383,32.25,64.452319236273
10502,-8.188837,-3.725027,4.318447,-0.034667,-0.106138,0.046731,32.25,64.3577658546995
10512,-8.186445,-3.731009,4.33041,-0.033292,-0.104,0.050244,32.25,64.2966274266217
10522,-8.17149,-3.73041,4.348955,-0.031765,-0.100945,0.053603,32.25,64.1661972576943
10532,-8.163115,-3.720839,4.355535,-0.030391,-0.096517,0.057421,32.26,64.1031495383472
10542,-8.163115,-3.720241,4.37408,-0.028253,-0.091324,0.061239,32.26,64.0067552602578
10552,-8.176873,-3.71725,4.398008,-0.027794,-0.083536,0.063835,32.24,63.9118680199324
10562,-8.176275,-3.711866,4.394419,-0.028558,-0.076205,0.067501,32.24,63.9233572052144
10572,-8.175676,-3.702893,4.415356,-0.030085,-0.058338,0.068264,32.23,63.8049299452259
10582,-8.194819,-3.702295,4.418945,-0.031765,-0.048564,0.066279,32.29,63.8299196525978
10592,-8.204391,-3.701099,4.421937,-0.033445,-0.038332,0.064904,32.29,63.8353209799097
10602,-8.213962,-3.703491,4.432704,-0.035583,-0.027947,0.063072,32.24,63.8046071573701
10612,-8.216953,-3.698107,4.423731,-0.038485,-0.018326,0.060323,32.24,63.8518627768189
10622,-8.226524,-3.695116,4.427918,-0.040623,-0.009316,0.054825,32.24,63.8492845501008
10632,-8.234302,-3.701099,4.424329,-0.043982,0,0.04948,32.24,63.8916237097509
10642,-8.246863,-3.686741,4.420142,-0.049175,0.007941,0.04444,32.23,63.9270564731168
10652,-8.252247,-3.694518,4.420142,-0.05284,0.015882,0.038179,32.23,63.9473004250537
10662,-8.254042,-3.702295,4.414758,-0.056658,0.023671,0.030849,32.25,63.9868774379367
10672,-8.260622,-3.699304,4.408776,-0.060476,0.02978,0.024435,32.25,64.0294059414651
10682,-8.258228,-3.715455,4.405785,-0.065057,0.03375,0.016799,32.23,64.0557416970718
10692,-8.256434,-3.696911,4.40399,-0.06857,0.038179,0.00901,32.23,64.0419376652265
10702,-8.257033,-3.702295,4.386044,-0.072388,0.040775,0.00168,32.24,64.1407263818549
10712,-8.279764,-3.698706,4.365705,-0.076358,0.042608,-0.004581,32.24,64.2927963584265
10722,-8.272586,-3.707679,4.363312,-0.079565,0.043371,-0.010537,32.24,64.2979432787069
10732,-8.255239,-3.704688,4.352544,-0.082772,0.04444,-0.016952,32.24,64.3111093844265
10742,-8.256434,-3.713063,4.328018,-0.087965,0.043371,-0.026573,32.25,64.4485039400492
10752,-8.255836,-3.71067,4.322634,-0.089644,0.041081,-0.030391,32.23,64.4724887298949
10762,-8.245069,-3.707679,4.314857,-0.090713,0.037568,-0.032681,32.23,64.4853997899368
10772,-8.233703,-3.724428,4.315455,-0.091935,0.035277,-0.032681,32.23,64.4737484021551
10782,-8.2349,-3.725027,4.302894,-0.092546,0.031918,-0.034667,32.23,64.5419252419777
10792,-8.228917,-3.729214,4.292126,-0.092546,0.028558,-0.034514,32.23,64.5884500715186
10802,-8.22772,-3.746562,4.282554,-0.092088,0.024587,-0.033598,32.23,64.6529256405657
10812,-8.210971,-3.731607,4.285545,-0.091019,0.020922,-0.030238,32.25,64.584755267211
10822,-8.209177,-3.741179,4.271188,-0.089492,0.016035,-0.028405,32.25,64.664936826245
10832,-8.209177,-3.737589,4.261019,-0.087812,0.011148,-0.02474,32.25,64.7140674300441
10842,-8.200203,-3.732804,4.266403,-0.084147,0.007636,-0.019242,32.25,64.6611702947064
10852,-8.193623,-3.74716,4.255037,-0.081398,0.003207,-0.015882,32.24,64.7201730965124
10862,-8.195418,-3.747759,4.262215,-0.07758,-0.001527,-0.010843,32.24,64.6874864338286
10872,-8.196015,-3.753741,4.253242,-0.074526,-0.006872,-0.005345,32.23,64.7415644975474
10882,-8.197212,-3.748955,4.244868,-0.069944,-0.011912,0.000305,32.23,64.7828999652424
10892,-8.200203,-3.751946,4.249055,-0.065668,-0.017257,0.00672,32.22,64.770835481603
10902,-8.189436,-3.754339,4.243073,-0.061239,-0.022297,0.012828,32.22,64.7804070148415
10912,-8.197212,-3.754937,4.252644,-0.056352,-0.032376,0.025198,32.22,64.7485632582769
10922,-8.212168,-3.754937,4.255635,-0.046578,-0.037568,0.030543,32.28,64.7663344263583
10932,-8.209177,-3.759723,4.263412,-0.04215,-0.044288,0.03543,32.28,64.7241860230518
10942,-8.200802,-3.754937,4.258626,-0.037874,-0.049786,0.040775,32.27,64.7254827310108
10952,-8.217552,-3.768696,4.262215,-0.03375,-0.054367,0.045509,32.27,64.758176443141
10962,-8.222935,-3.769294,4.275376,-0.02978,-0.059407,0.048564,32.26,64.702562844739
10972,-8.230114,-3.744768,4.271188,-0.027184,-0.064904,0.051924,32.26,64.715299888386
10982,-8.239684,-3.754937,4.288536,-0.024587,-0.070402,0.054825,32.21,64.6571640143865
10992,-8.243275,-3.747759,4.295117,-0.023366,-0.074678,0.055131,32.21,64.6238830203504
11002,-8.240881,-3.738187,4.311268,-0.020922,-0.077885,0.05681,32.23,64.525435050244
11012,-8.245667,-3.739982,4.306482,-0.020922,-0.082314,0.057116,32.23,64.5626616540004
11022,-8.253444,-3.739982,4.321437,-0.021533,-0.08491,0.056047,32.21,64.5029469014816
11032,-8.255239,-3.739982,4.342973,-0.02306,-0.087354,0.054825,32.21,64.396136250582
11042,-8.255836,-3.728616,4.34058,-0.024893,-0.089492,0.052076,32.25,64.3982396109697
11052,-8.250452,-3.729812,4.356134,-0.027336,-0.090103,0.048411,32.25,64.3073772223523
11062,-8.250452,-3.736392,4.359723,-0.030543,-0.089644,0.045204,32.27,64.2956454838479
11072,-8.246863,-3.726821,4.39083,-0.034972,-0.087659,0.041081,32.27,64.1181660858394
11082,-8.235497,-3.731009,4.396811,-0.038943,-0.086285,0.031612,32.27,64.0660332033183
11092,-8.234302,-3.725027,4.40399,-0.04948,-0.079107,0.026573,32.21,64.0203776276846
11102,-8.232506,-3.715455,4.406384,-0.054825,-0.07422,0.022449,32.21,63.9941769534523
11112,-8.237292,-3.725027,4.417749,-0.060628,-0.068111,0.01909,32.27,63.9567430397184
11122,-8.220542,-3.721437,4.41416,-0.065668,-0.060781,0.014661,32.27,63.9332135915089
11132,-8.206783,-3.717848,4.412365,-0.07086,-0.052076,0.010996,32.26,63.9072519180899
11142,-8.196015,-3.726821,4.421339,-0.075289,-0.042608,0.00672,32.26,63.8458982027477
11152,-8.196015,-3.724428,4.420142,-0.07926,-0.03375,0.004734,32.24,63.8495427364155
11162,-8.194221,-3.725625,4.423731,-0.083536,-0.025198,0.002291,32.24,63.8282739631006
11172,-8.182856,-3.726223,4.421339,-0.085368,-0.014355,0.000611,32.21,63.8150841446911
11182,-8.172088,-3.713063,4.413561,-0.086132,-0.004276,0.000458,32.21,63.8165174121918
11192,-8.167302,-3.71725,4.406981,-0.085216,0.005498,0.000916,32.27,63.8437245025713
11202,-8.164909,-3.721437,4.406384,-0.086132,0.015272,0.000764,32.27,63.8456783999206
11212,-8.162517,-3.735795,4.386044,-0.084758,0.024435,0.001985,32.2,63.9599582108106
11222,-8.159525,-3.728616,4.383053,-0.082772,0.032834,0.003665,32.2,63.9610034942953
11232,-8.166105,-3.731607,4.38066,-0.079871,0.040317,0.005956,32.26,63.9915326185829
11242,-8.1679,-3.734598,4.355535,-0.0759,0.047037,0.009316,32.26,64.1283873049685
11252,-8.173284,-3.729214,4.341179,-0.071929,0.053451,0.012828,32.23,64.2092286607064
11262,-8.176275,-3.735795,4.329215,-0.06353,0.060476,0.018631,32.26,64.284715770319
11272,-8.196614,-3.732205,4.323831,-0.058796,0.063072,0.021991,32.26,64.3548762577866
11282,-8.204391,-3.728018,4.312464,-0.053756,0.063988,0.025809,32.23,64.4269134856345
11292,-8.206783,-3.734598,4.299902,-0.048411,0.063377,0.028253,32.23,64.5040411857962
11302,-8.213962,-3.738187,4.293921,-0.044288,0.061697,0.030238,32.23,64.5547843135428
11312,-8.215158,-3.74058,4.290331,-0.040317,0.057879,0.031765,32.23,64.5784917743605
11322,-8.242078,-3.736991,4.284349,-0.036805,0.053603,0.032987,32.23,64.6659662240748
11332,-8.248059,-3.739982,4.284947,-0.034667,0.048564,0.034361,32.23,64.6792271948929
11342,-8.258827,-3.734598,4.268795,-0.033139,0.041692,0.034819,32.24,64.7812825876448
11352,-8.249854,-3.733402,4.269393,-0.03146,0.03375,0.034514,32.24,64.757048813278
11362,-8.266603,-3.732205,4.266403,-0.032223,0.024435,0.032223,32.26,64.808511460067
11372,-8.267202,-3.746562,4.263412,-0.032529,0.016188,0.03146,32.26,64.8396925934942
11382,-8.278568,-3.74058,4.26401,-0.033445,0.007178,0.030085,32.25,64.8557516891858
11392,-8.271988,-3.732804,4.259224,-0.034667,-0.00168,0.028405,32.25,64.8581787142657
11402,-8.292327,-3.734598,4.265206,-0.037415,-0.011606,0.025198,32.26,64.8740111783446
11412,-8.285149,-3.739383,4.261617,-0.040164,-0.02138,0.023366,32.26,64.8814644344741
11422,-8.28156,-3.737589,4.269393,-0.04383,-0.031154,0.019548,32.25,64.8315679903812
11432,-8.280362,-3.732804,4.261617,-0.048258,-0.049938,0.01405,32.25,64.8643285345634
11442,-8.271988,-3.729812,4.284349,-0.055894,-0.058185,0.010843,32.28,64.7253261816909
11452,-8.272586,-3.723232,4.278965,-0.060323,-0.065515,0.008552,32.24,64.747875209692
11462,-8.255836,-3.725027,4.289135,-0.064294,-0.071624,0.005803,32.24,64.6598395734226
11472,-8.254042,-3.722634,4.292724,-0.067195,-0.078038,0.004276,32.3,64.6348832568509
11482,-8.260024,-3.719643,4.297509,-0.070555,-0.082314,0.00168,32.3,64.6205181831731
11492,-8.231908,-3.718446,4.302894,-0.072235,-0.085521,0.001222,32.23,64.5285414617911
11502,-8.227122,-3.710072,4.310072,-0.073762,-0.087506,0.001222,32.23,64.4721823420985
11512,-8.215756,-3.722036,4.326822,-0.075442,-0.088881,0.000611,32.25,64.3722114460618
11522,-8.210373,-3.714857,4.332206,-0.076053,-0.089339,0.000611,32.25,64.324902769756
11532,-8.206185,-3.717848,4.321437,-0.075747,-0.087506,0.002291,32.2,64.37414371874
11542,-8.192427,-3.716054,4.335794,-0.074678,-0.085368,0.004581,32.2,64.266941085527
11552,-8.185846,-3.720839,4.342375,-0.073304,-0.082467,0.005956,32.22,64.2229249623029
11562,-8.17149,-3.71067,4.34417,-0.069639,-0.078649,0.008399,32.22,64.1704630916674
11572,-8.17448,-3.721437,4.347759,-0.066584,-0.074526,0.011301,32.29,64.1698724094828
11582,-8.170892,-3.715455,4.351946,-0.062766,-0.068111,0.015577,32.29,64.1338533291601
11592,-8.165507,-3.708277,4.362714,-0.059101,-0.062003,0.019395,32.25,64.058456721037
11602,-8.167302,-3.726223,4.359723,-0.054214,-0.055283,0.02642,32.25,64.0966738616344
11612,-8.166105,-3.71725,4.369295,-0.045662,-0.041081,0.029016,32.21,64.0351753878694
11622,-8.172088,-3.720839,4.360919,-0.040775,-0.033445,0.031918,32.24,64.0958198161536
11632,-8.173882,-3.717848,4.374678,-0.036652,-0.026267,0.034972,32.24,64.0258137449667
11642,-8.190034,-3.717848,4.373481,-0.032987,-0.020159,0.037263,32.21,64.0688739509533
11652,-8.192427,-3.716054,4.373481,-0.030085,-0.013592,0.038485,32.21,64.072475468916
11662,-8.195418,-3.724428,4.372883,-0.027794,-0.007178,0.040928,32.23,64.0910374869611
11672,-8.20798,-3.734,4.378866,-0.026878,-0.001833,0.041997,32.23,64.0987314056948
11682,-8.219944,-3.725027,4.382454,-0.025504,0.002596,0.041692,32.24,64.0982205517473
11692,-8.227122,-3.725027,4.381856,-0.025198,0.007178,0.041081,32.24,64.1175938130852
11702,-8.232506,-3.719045,4.371089,-0.02642,0.011301,0.040775,32.2,64.1789821595248
11712,-8.240881,-3.721437,4.37408,-0.028863,0.01405,0.037568,32.2,64.1850339014165
11722,-8.243872,-3.726821,4.375276,-0.031307,0.015424,0.033903,32.22,64.1911666242098
11732,-8.236693,-3.729214,4.37408,-0.034514,0.015882,0.030696,32.22,64.1835140317472
11742,-8.250452,-3.728616,4.365705,-0.03879,0.016646,0.027489,32.24,64.2569967059434
11752,-8.26481,-3.735196,4.370491,-0.043677,0.016646,0.022755,32.24,64.2715018118214
11762,-8.260622,-3.739383,4.35733,-0.048717,0.017257,0.018326,32.26,64.3338586645714
11772,-8.263614,-3.737589,4.355535,-0.054367,0.016646,0.012523,32.26,64.3479715586985
11782,-8.268997,-3.747759,4.362714,-0.064599,0.013592,0.001527,32.23,64.3335648976667
11792,-8.263614,-3.738786,4.347161,-0.070708,0.011912,-0.003665,32.26,64.3921893473196
11802,-8.258827,-3.744768,4.348357,-0.075289,0.010079,-0.008094,32.26,64.3813847709969
11812,-8.252846,-3.748955,4.342973,-0.079412,0.008858,-0.012065,32.25,64.3998997797097
11822,-8.257631,-3.746562,4.342973,-0.083536,0.007483,-0.01573,32.25,64.4081924428424
11832,-8.252846,-3.760321,4.334598,-0.086132,0.005803,-0.019548,32.23,64.4545438658482
11842,-8.234302,-3.752544,4.32742,-0.088881,0.00504,-0.02138,32.23,64.4420279773519
11852,-8.234302,-3.759125,4.319045,-0.089644,0.003818,-0.022755,32.25,64.4919219365318
11862,-8.222935,-3.760321,4.307679,-0.090713,0.003512,-0.024587,32.25,64.5263590693902
11872,-8.210971,-3.748955,4.312464,-0.089186,0.003512,-0.024435,32.25,64.4631747881451
11882,-8.197212,-3.761517,4.311268,-0.08827,0.001985,-0.023213,32.25,64.4513665098108
11892,-8.199606,-3.756134,4.293921,-0.085521,0.001069,-0.021533,32.24,64.5409714877895
11902,-8.197212,-3.757928,4.295117,-0.082009,0.001222,-0.018784,32.24,64.531253398347
11912,-8.190632,-3.760919,4.289135,-0.078343,-0.000153,-0.015424,32.23,64.5505709323691
11922,-8.177471,-3.754339,4.284947,-0.074526,-0.001374,-0.011606,32.23,64.5359811515433
11932,-8.184649,-3.764508,4.286742,-0.068417,-0.001833,-0.006567,32.27,64.5532626228662
11942,-8.170293,-3.752544,4.271787,-0.063072,-0.003512,-0.000764,32.27,64.5863747606214
11952,-8.182856,-3.747759,4.267001,-0.057574,-0.007941,0.010232,32.21,64.6345061920939
11962,-8.17448,-3.755535,4.272983,-0.045662,-0.010385,0.016341,32.2,64.5926361417182
11972,-8.190632,-3.751348,4.262215,-0.04047,-0.014203,0.022755,32.2,64.6804605162707
11982,-8.197212,-3.752544,4.262814,-0.034667,-0.017868,0.029016,32.21,64.6932732701498
11992,-8.19781,-3.737589,4.262215,-0.030238,-0.02138,0.034056,32.21,64.6824520127507
12002,-8.193623,-3.754339,4.25743,-0.025656,-0.025809,0.040012,32.22,64.7150699540559
12012,-8.209774,-3.741179,4.26401,-0.022144,-0.030696,0.045357,32.22,64.703521485114
12022,-8.209774,-3.737589,4.274179,-0.018937,-0.035277,0.048717,32.27,64.6470991400658
12032,-8.219944,-3.725625,4.281956,-0.017104,-0.040775,0.053756,32.27,64.617376868721
12042,-8.219944,-3.735196,4.291527,-0.016188,-0.045662,0.057879,32.25,64.5775345445884
12052,-8.23131,-3.732205,4.295117,-0.014813,-0.050396,0.060018,32.25,64.5813704622864
12062,-8.234302,-3.716652,4.290929,-0.014661,-0.054978,0.062003,32.22,64.593979909287
12072,-8.230712,-3.722634,4.308876,-0.014813,-0.059101,0.06353,32.22,64.4991883472554
12082,-8.226524,-3.708875,4.319045,-0.016952,-0.062461,0.064904,32.22,64.42324982852
12092,-8.231908,-3.71725,4.329813,-0.019395,-0.065973,0.063225,32.22,64.3883163063123
12102,-8.246863,-3.701099,4.33041,-0.022297,-0.068417,0.062308,32.27,64.4025532469713
12112,-8.25464,-3.701099,4.345366,-0.024282,-0.070402,0.060934,32.27,64.3430509803097
12122,-8.248059,-3.701697,4.355535,-0.027031,-0.069639,0.056352,32.23,64.2764765149643
12132,-8.247462,-3.684349,4.36391,-0.034972,-0.069486,0.053451,32.27,64.2144592358939
12142,-8.248059,-3.704688,4.371687,-0.038943,-0.066126,0.049633,32.27,64.1964960072838
12152,-8.252247,-3.701099,4.38066,-0.042455,-0.062766,0.044746,32.23,64.1562727254565
12162,-8.226524,-3.699304,4.388436,-0.045968,-0.058948,0.040164,32.23,64.0560407270602
12172,-8.228917,-3.699902,4.404588,-0.050091,-0.053756,0.035888,32.27,63.9792169484281
12182,-8.232506,-3.698706,4.408178,-0.052382,-0.048106,0.030696,32.27,63.9677792128838
12192,-8.220542,-3.698107,4.40399,-0.055436,-0.040775,0.025504,32.2,63.9613046095739
12202,-8.212168,-3.69392,4.405785,-0.058338,-0.034056,0.020311,32.2,63.9286165950155
12212,-8.223534,-3.699304,4.415356,-0.060781,-0.026573,0.015272,32.23,63.9110924560367
12222,-8.219944,-3.707081,4.41057,-0.062156,-0.019242,0.011148,32.23,63.9354274616735
12232,-8.221739,-3.707679,4.411169,-0.063988,-0.01069,0.006567,32.21,63.9370761437104
12242,-8.215158,-3.716054,4.407579,-0.065515,-0.002291,0.000916,32.21,63.9490901095002
12252,-8.223534,-3.720241,4.406384,-0.066126,0.003971,-0.002902,32.23,63.9786561789645
12262,-8.216354,-3.712464,4.393223,-0.066737,0.011759,-0.005345,32.23,64.0217936410814
12272,-8.209774,-3.718446,4.389633,-0.06689,0.018784,-0.008247,32.24,64.0314026982388
12282,-8.207382,-3.706482,4.375276,-0.067806,0.025351,-0.010537,32.24,64.087452039392
12292,-8.210971,-3.719643,4.374678,-0.067501,0.031307,-0.016341,32.26,64.1122529320664
12302,-8.208578,-3.722036,4.35733,-0.068111,0.040012,-0.017104,32.24,64.1985988553302
12312,-8.212168,-3.731009,4.356134,-0.068875,0.042608,-0.017715,32.24,64.2221295881216
12322,-8.218747,-3.723232,4.339982,-0.068417,0.045051,-0.018784,32.25,64.3122762991661
12332,-8.217552,-3.736991,4.335197,-0.068111,0.045662,-0.019548,32.25,64.3483518125185
12342,-8.22473,-3.735196,4.318447,-0.068264,0.045968,-0.018173,32.24,64.4491059659586
12352,-8.222935,-3.732804,4.308277,-0.069028,0.044288,-0.018326,32.24,64.4951685331677
12362,-8.236095,-3.738786,4.296313,-0.068417,0.040928,-0.018326,32.21,64.5925693017806
12372,-8.231908,-3.739383,4.298108,-0.067959,0.038026,-0.017257,32.21,64.5745343341211
12382,-8.24148,-3.737589,4.277769,-0.068111,0.033903,-0.016493,32.21,64.6992795878329
12392,-8.243275,-3.743571,4.276572,-0.067195,0.028863,-0.014508,32.21,64.7155150918073
12402,-8.243275,-3.743571,4.261019,-0.066584,0.021686,-0.013134,32.27,64.7960409637079
12412,-8.240881,-3.75075,4.268198,-0.066279,0.014813,-0.011148,32.27,64.7607911141735
12422,-8.245069,-3.753142,4.26401,-0.06521,0.007025,-0.010843,32.25,64.7941876132442
12432,-8.236693,-3.762714,4.258626,-0.063225,-0.000153,-0.008247,32.25,64.8131803580303
12442,-8.243275,-3.762115,4.246064,-0.062156,-0.007789,-0.005192,32.25,64.8922519301799
12452,-8.246264,-3.751348,4.229912,-0.059559,-0.016799,-0.003054,32.25,64.9718243672853
12462,-8.295916,-3.704688,4.168297,-0.049633,-0.020769,-0.007941,32.2,65.3551044233965
12472,-8.181061,-3.749553,4.258626,0.004429,-0.017715,-0.051465,32.2,64.6758754242647
12482,-8.178668,-3.765705,4.263412,0.006872,-0.02138,-0.044593,32.23,64.6622322748072
12492,-8.182258,-3.750151,4.269992,0.009316,-0.024587,-0.036499,32.27,64.6200777470349
12502,-8.180463,-3.754937,4.266403,0.011606,-0.028711,-0.0281,32.27,64.6396260643285
12512,-8.17807,-3.758526,4.271787,0.014203,-0.031612,-0.020922,32.25,64.6099797774547
12522,-8.17807,-3.763312,4.290331,0.017104,-0.034056,-0.01405,32.25,64.5186543022735
12532,-8.175079,-3.76391,4.297509,0.019242,-0.036041,-0.007636,32.24,64.475331540845
12542,-8.1679,-3.752544,4.296911,0.020769,-0.037874,-0.002138,32.24,64.4505034846884
12552,-8.17448,-3.762115,4.30409,0.022449,-0.038943,0.002138,32.25,64.4380156520632
12562,-8.185846,-3.776472,4.322036,0.02474,-0.039095,0.007025,32.25,64.3856183972996
12572,-8.200802,-3.766303,4.332804,0.026725,-0.038179,0.010996,32.29,64.353139509916
12582,-8.208578,-3.761517,4.335794,0.027947,-0.038026,0.014203,32.29,64.3502789962738
12592,-8.204989,-3.762714,4.35075,0.029016,-0.036805,0.01573,32.26,64.2663486453828
12602,-8.2014,-3.764508,4.356134,0.029322,-0.034208,0.016035,32.26,64.2323756749202
12612,-8.215158,-3.760321,4.361517,0.029169,-0.031612,0.016799,32.24,64.2314093019238
12622,-8.213962,-3.751348,4.37408,0.029322,-0.028711,0.016493,32.24,64.1548412917633
12632,-8.228318,-3.745964,4.376472,0.028711,-0.025504,0.015882,32.24,64.16948866738
12642,-8.228318,-3.736991,4.375875,0.026725,-0.018631,0.012523,32.24,64.1633205193996
12652,-8.236693,-3.747759,4.394419,0.02474,-0.014813,0.009621,32.22,64.0982456512221
12662,-8.225926,-3.731009,4.397409,0.022755,-0.011148,0.007025,32.26,64.0412231835595
12672,-8.239087,-3.753142,4.389633,0.020617,-0.007178,0.003971,32.26,64.133729566361
12682,-8.242676,-3.732205,4.390232,0.01909,-0.003818,0.001527,32.23,64.1172624959464
12692,-8.246863,-3.732804,4.383651,0.017715,-0.001222,-0.003665,32.23,64.1610908709725
12702,-8.245069,-3.731009,4.38425,0.015272,0,-0.010232,32.24,64.1521225882976
12712,-8.22473,-3.72383,4.387838,0.013897,0.00336,-0.014203,32.24,64.0802155153873
12722,-8.229516,-3.726821,4.387838,0.012065,0.007025,-0.018021,32.2,64.0941642224554
12732,-8.210971,-3.733402,4.382454,0.008705,0.011454,-0.0197,32.2,64.0864679073058
12742,-8.224131,-3.736991,4.392624,0.007178,0.014966,-0.020769,32.23,64.0678566519215
12752,-8.214561,-3.729812,4.387838,0.004734,0.019395,-0.021686,32.23,64.0632614374966
12762,-8.214561,-3.724428,4.377669,0.002291,0.022449,-0.022907,32.26,64.10996231929
12772,-8.206783,-3.735795,4.378866,0.001374,0.026267,-0.023366,32.26,64.0978674785034
12782,-8.208578,-3.73041,4.368696,-0.001222,0.029474,-0.023824,32.23,64.1486959510198
12792,-8.202596,-3.719643,4.362714,-0.001833,0.032376,-0.023518,32.23,64.1548083082445
12802,-8.199606,-3.72383,4.354339,-0.002596,0.035583,-0.022144,32.25,64.1955024793838
12812,-8.193025,-3.729812,4.350152,-0.00336,0.038332,-0.01909,32.25,64.2083364779939
12822,-8.192427,-3.723232,4.350152,-0.002291,0.041997,-0.017562,32.22,64.2001837983136
12832,-8.199606,-3.731607,4.334,-0.001527,0.044135,-0.015119,32.27,64.3084764679972
12842,-8.179864,-3.735795,4.32742,0.000916,0.044593,-0.012523,32.27,64.3021330714818
12852,-8.185248,-3.738786,4.325625,0.002443,0.045968,-0.010079,32.23,64.3266935559421
12862,-8.190632,-3.725625,4.319643,0.004734,0.046578,-0.007025,32.23,64.3562504820537
12872,-8.213962,-3.726223,4.308876,0.007789,0.045509,-0.005956,32.25,64.465191154101
12882,-8.221739,-3.732205,4.307679,0.012065,0.042302,-0.005345,32.25,64.4949634056155
12892,-8.221739,-3.721437,4.303492,0.015577,0.038026,-0.007025,32.29,64.5056493215162
12902,-8.213365,-3.720839,4.307081,0.020006,0.033139,-0.009163,32.29,64.4676397327377
12912,-8.210373,-3.731009,4.3005,0.024129,0.029322,-0.009927,32.25,64.5053453464575
12922,-8.210373,-3.729812,4.307679,0.027794,0.026267,-0.007636,32.25,64.4669734096913
12932,-8.218149,-3.725027,4.302295,0.031307,0.022755,-0.005956,32.28,64.5074287097753
12942,-8.220542,-3.726223,4.299304,0.033292,0.019853,-0.006261,32.28,64.5294956932401
12952,-8.208578,-3.737589,4.317849,0.034514,0.017562,-0.006261,32.23,64.4183090948308
12962,-8.226524,-3.74058,4.311867,0.036805,0.01573,-0.004581,32.23,64.4926037564149
12972,-8.222935,-3.72383,4.31725,0.03711,0.012523,-0.004429,32.26,64.4396586723918
12982,-8.2349,-3.73041,4.328616,0.036805,0.009927,-0.006567,32.26,64.4146229914799
12992,-8.250452,-3.726821,4.332206,0.034361,0.005956,-0.011301,32.21,64.4274250106136
13002,-8.252247,-3.721437,4.329215,0.03146,0.003665,-0.014966,32.29,64.4414037921343
13012,-8.251051,-3.728018,4.331009,0.028863,0.001222,-0.018173,32.29,64.4361483249258
13022,-8.249854,-3.720241,4.339982,0.025504,-0.000153,-0.022602,32.22,64.3793701834213
13032,-8.249256,-3.711268,4.34058,0.021838,-0.002596,-0.025962,32.22,64.3658449549649
13042,-8.240881,-3.715455,4.345366,0.017715,-0.004581,-0.029474,32.23,64.3265731281247
13052,-8.249256,-3.708277,4.347759,0.012675,-0.005651,-0.033445,32.23,64.3258606210708
13062,-8.248059,-3.716652,4.342375,0.007941,-0.007178,-0.036041,32.29,64.3593688724966
13072,-8.232506,-3.720241,4.342375,0.004123,-0.008247,-0.038637,32.29,64.327954535597
13082,-8.233703,-3.717848,4.341777,-0.000764,-0.009774,-0.041539,32.23,64.3312972955545
13092,-8.229516,-3.714259,4.339384,-0.004887,-0.009468,-0.042761,32.23,64.3305202909038
13102,-8.221141,-3.711866,4.344768,-0.009163,-0.009927,-0.044746,32.22,64.2813871870046
13112,-8.219944,-3.708875,4.34417,-0.011912,-0.009316,-0.045662,32.22,64.2787046188754
13122,-8.212168,-3.720241,4.34417,-0.014203,-0.008399,-0.044288,32.24,64.2727335203491
13132,-8.202596,-3.721437,4.342375,-0.015577,-0.008247,-0.04215,32.24,64.2615434172262
13142,-8.200802,-3.71725,4.336991,-0.016188,-0.007025,-0.039859,32.22,64.2809746397389
13152,-8.181061,-3.719643,4.334598,-0.016799,-0.005803,-0.037568,32.22,64.2510258607813
13162,-8.179267,-3.726223,4.334,-0.014661,-0.001374,-0.030849,32.27,64.2568446212485
13172,-8.17149,-3.722634,4.339982,-0.009927,0.001222,-0.026267,32.22,64.2045174271589
13182,-8.170293,-3.725027,4.351946,-0.006261,0.003054,-0.02138,32.22,64.1424240248837
13192,-8.170293,-3.736991,4.342973,-0.002596,0.006109,-0.016646,32.25,64.20123063292
13202,-8.188239,-3.728018,4.342973,0.000916,0.009468,-0.01237,32.25,64.2326831823316
13212,-8.18764,-3.727419,4.337589,0.005192,0.011912,-0.007483,32.23,64.2585207278186
13222,-8.173284,-3.734,4.352544,0.010079,0.015424,-0.003054,32.23,64.1554700818262
13232,-8.176873,-3.736392,4.35075,0.014966,0.01909,0.001527,32.21,64.1753820320697
13242,-8.185248,-3.737589,4.345366,0.019395,0.022602,0.004887,32.21,64.2234402171892
13252,-8.191828,-3.734,4.35075,0.022755,0.025045,0.007941,32.23,64.2068638200526
13262,-8.198408,-3.739982,4.361517,0.026573,0.029322,0.010079,32.23,64.1724716196123
13272,-8.209774,-3.737589,4.359125,0.029474,0.032376,0.010996,32.24,64.2080814788711
13282,-8.216953,-3.742374,4.357928,0.031612,0.034056,0.010996,32.24,64.2354175337441
13292,-8.214561,-3.744768,4.364508,0.032376,0.036652,0.010843,32.26,64.1986172698295
13302,-8.229516,-3.74058,4.368696,0.032529,0.040317,0.009774,32.26,64.2065987730581
13312,-8.23789,-3.736392,4.371089,0.031612,0.041692,0.00733,32.26,64.2089359207523
13322,-8.230712,-3.744169,4.362714,0.030391,0.043066,0.00504,32.26,64.2437287648943
13332,-8.252247,-3.738786,4.362116,0.0281,0.043677,-0.001833,32.2,64.2898414189214
13342,-8.253444,-3.74058,4.361517,0.02138,0.04444,-0.006567,32.22,64.2974411850803
13352,-8.260622,-3.743571,4.354938,0.016952,0.043524,-0.010996,32.22,64.3503991701098
13362,-8.27139,-3.749553,4.355535,0.011606,0.041997,-0.015272,32.22,64.3775689878517
13372,-8.260024,-3.747759,4.352544,0.005651,0.039706,-0.019853,32.22,64.3656105270563
13382,-8.26481,-3.752544,4.347759,0.000764,0.03711,-0.025351,32.21,64.4057743904631
13392,-8.27139,-3.754937,4.337589,-0.004429,0.033903,-0.029474,32.21,64.4751449523822
13402,-8.2678,-3.754937,4.325625,-0.008705,0.029322,-0.03375,32.21,64.5286216915985
13412,-8.265409,-3.756134,4.322036,-0.013439,0.025656,-0.037721,32.21,64.5429633059442
13422,-8.257033,-3.752544,4.312464,-0.018479,0.020769,-0.040928,32.26,64.5699287970097
13432,-8.256434,-3.760321,4.311867,-0.022755,0.015424,-0.04383,32.26,64.5795568319841
13442,-8.251051,-3.762115,4.308277,-0.025962,0.010385,-0.045662,32.23,64.5878838147149
13452,-8.253444,-3.757928,4.304688,-0.028253,0.004429,-0.047647,32.23,64.6074679308965
13462,-8.235497,-3.754339,4.295117,-0.030543,-0.000305,-0.047342,32.26,64.6132149998088
13472,-8.232506,-3.753741,4.289135,-0.031765,-0.005956,-0.047953,32.26,64.636854210272
13482,-8.22473,-3.756134,4.295715,-0.030849,-0.010537,-0.045968,32.23,64.5879142901242
13492,-8.213962,-3.752544,4.278965,-0.02978,-0.014966,-0.043677,32.23,64.646890886476
13502,-8.194221,-3.752544,4.285545,-0.027794,-0.01909,-0.040928,32.21,64.5686182214962
13512,-8.182856,-3.760919,4.279563,-0.02138,-0.026267,-0.033445,32.21,64.5827893520002
13522,-8.187043,-3.741776,4.275974,-0.017104,-0.029474,-0.027947,32.21,64.5911373915286
13532,-8.180463,-3.744169,4.27717,-0.012523,-0.03207,-0.022755,32.27,64.5726126206798
13542,-8.17448,-3.753142,4.286144,-0.007025,-0.034056,-0.017257,32.27,64.5218115922542
13552,-8.172686,-3.747759,4.289135,-0.000916,-0.034819,-0.010232,32.22,64.4966929649107
13562,-8.156534,-3.738187,4.284349,0.005803,-0.035583,-0.004276,32.22,64.4752582653228
13572,-8.158329,-3.732205,4.295715,0.012523,-0.035736,0.002138,32.2,64.4140475965407
13582,-8.160124,-3.74716,4.299902,0.018326,-0.036194,0.007941,32.2,64.4118565894069
13592,-8.165507,-3.739383,4.305286,0.024129,-0.034056,0.014355,32.26,64.3880241337984
13602,-8.155338,-3.733402,4.304688,0.029474,-0.033292,0.021686,32.26,64.3619133117485
13612,-8.169695,-3.722634,4.322634,0.034667,-0.031918,0.027031,32.23,64.2902430689292
13622,-8.170892,-3.719045,4.323233,0.038943,-0.030391,0.031612,32.23,64.2861465711214
13632,-8.173284,-3.725625,4.331607,0.042302,-0.028253,0.035583,32.24,64.2550238801988
13642,-8.182258,-3.71725,4.342973,0.044288,-0.025809,0.038943,32.24,64.2079732256129
13652,-8.199007,-3.707679,4.35075,0.04612,-0.023213,0.041997,32.24,64.1960276492709
13662,-8.196015,-3.711866,4.354339,0.047189,-0.019853,0.04383,32.24,64.1750124343448
13672,-8.203793,-3.694518,4.380062,0.046426,-0.017104,0.044899,32.23,64.0423114512743
13682,-8.213365,-3.695715,4.395615,0.043524,-0.010385,0.042761,32.23,63.9854359314775
13692,-8.22772,-3.701099,4.386044,0.037568,-0.007483,0.040928,32.2,64.0728913487084
13702,-8.229516,-3.7005,4.394419,0.032987,-0.003818,0.037263,32.23,64.0333675252464
13712,-8.240283,-3.694518,4.409374,0.027184,0,0.03146,32.23,63.9751146978351
13722,-8.250452,-3.694518,4.409374,0.021075,0.003665,0.026573,32.23,63.9983095189274
13732,-8.251051,-3.693322,4.415954,0.014203,0.006872,0.02138,32.23,63.9647747124442
13742,-8.256434,-3.701099,4.414758,0.006567,0.011148,0.015577,32.22,63.9911038059351
13752,-8.258827,-3.7005,4.421339,-0.000916,0.015272,0.007941,32.22,63.9622953280933
13762,-8.260622,-3.689135,4.415954,-0.008094,0.018937,0.000153,32.27,63.9823322249178
13772,-8.25165,-3.699304,4.42074,-0.014508,0.022907,-0.007025,32.27,63.9477721926378
13782,-8.260024,-3.696313,4.412365,-0.021228,0.026725,-0.013897,32.23,64.0066375686957
13792,-8.25464,-3.699902,4.412365,-0.027947,0.03146,-0.021228,32.23,63.9980380707322
13802,-8.249854,-3.689135,4.409374,-0.033292,0.036194,-0.027489,32.21,63.9914536760491
13812,-8.240881,-3.704688,4.394419,-0.039248,0.039859,-0.03375,32.21,64.0635369821537
13822,-8.240283,-3.712464,4.399205,-0.042761,0.043524,-0.03879,32.21,64.045600513421
13832,-8.250452,-3.710072,4.393821,-0.045815,0.046731,-0.043677,32.21,64.0938538315588
13842,-8.236693,-3.725027,4.368696,-0.048869,0.049938,-0.048717,32.23,64.2068824434614
13852,-8.222935,-3.729812,4.353741,-0.050702,0.055436,-0.053298,32.23,64.2575864560372
13862,-8.220542,-3.73041,4.337589,-0.050396,0.058032,-0.055131,32.24,64.3360173350846
13872,-8.226524,-3.728018,4.326822,-0.048564,0.059712,-0.057269,32.23,64.4025911980143
13882,-8.202596,-3.729812,4.313661,-0.04444,0.062003,-0.057727,32.23,64.4185132517027
13892,-8.213365,-3.731009,4.292724,-0.038485,0.064599,-0.057116,32.23,64.5523233841161
13902,-8.206185,-3.734,4.290929,-0.032529,0.06689,-0.056963,32.23,64.5485604360329
13912,-8.206783,-3.748357,4.286742,-0.027336,0.068264,-0.05681,32.25,64.5862675138821
13922,-8.208578,-3.742374,4.278965,-0.021075,0.067806,-0.054214,32.25,64.6244807995655
13932,-8.209774,-3.734,4.272983,-0.016035,0.066737,-0.05116,32.24,64.6496499318974
13942,-8.202596,-3.742973,4.264608,-0.010537,0.063072,-0.048106,32.24,64.6862113362462
13952,-8.222337,-3.751946,4.259823,-0.005345,0.060018,-0.043371,32.25,64.7641846450869
13962,-8.222337,-3.753142,4.24726,0,0.054825,-0.040012,32.25,64.8305975754505
13972,-8.221739,-3.759125,4.246662,0.004429,0.049022,-0.03543,32.23,64.8384405398327
13982,-8.219944,-3.765705,4.247859,0.007483,0.04215,-0.031765,32.23,64.8349239069051
13992,-8.220542,-3.757928,4.243671,0.011912,0.032681,-0.028253,32.23,64.8501042694578
14002,-8.233703,-3.764508,4.235296,0.014813,0.022755,-0.024129,32.23,64.9293863159635
14012,-8.231908,-3.758526,4.239483,0.017104,0.012981,-0.021075,32.22,64.8976358822213
14022,-8.243275,-3.769294,4.251448,0.01909,0.002291,-0.017562,32.22,64.8715950539449
14032,-8.240881,-3.764508,4.254438,0.021686,-0.017257,-0.010843,32.25,64.845970447987
14042,-8.237292,-3.762115,4.258626,0.022449,-0.026725,-0.00733,32.23,64.8139015447569
14052,-8.247462,-3.767499,4.272983,0.022602,-0.035736,-0.004123,32.23,64.7675817555034
14062,-8.240283,-3.767499,4.278367,0.022297,-0.044746,-0.002291,32.24,64.7238166543234
14072,-8.244471,-3.761517,4.280162,0.021991,-0.052687,0,32.24,64.7177697546059
14082,-8.232506,-3.759125,4.281956,0.020464,-0.060476,0.000458,32.25,64.679456307059
14092,-8.234302,-3.757928,4.299902,0.019548,-0.066126,0.001527,32.25,64.5894834961762
14102,-8.239684,-3.754937,4.302894,0.017715,-0.071166,0.002902,32.27,64.5830033949972
14112,-8.225328,-3.761517,4.31725,0.017104,-0.07422,0.003207,32.27,64.4835358680713
14122,-8.234302,-3.765705,4.331607,0.015424,-0.077885,0.002443,32.23,64.4339262651523
14132,-8.233703,-3.745365,4.329813,0.013744,-0.079718,0.002443,32.23,64.4210175365922
14142,-8.224131,-3.742374,4.341179,0.012828,-0.080023,0.001985,32.21,64.3378629458747
14152,-8.219346,-3.742973,4.348357,0.011301,-0.078343,0.000611,32.21,64.2907144993543
14162,-8.210373,-3.748955,4.364508,0.010385,-0.076664,0.001069,32.23,64.1934627253759
14172,-8.202596,-3.747759,4.371089,0.008552,-0.073915,0.001069,32.23,64.1407473215668
14182,-8.204989,-3.745365,4.37408,0.007941,-0.068722,0.000153,32.22,64.1283105251586
14192,-8.176275,-3.739383,4.406981,0.007178,-0.064141,-0.000916,32.22,63.8874909971652
14202,-8.176275,-3.734598,4.408776,0.006414,-0.049938,-0.000764,32.2,63.87325686684
14212,-8.183454,-3.735196,4.405187,0.005803,-0.042608,-0.000305,32.24,63.908764792701
14222,-8.170892,-3.736392,4.402793,0.005498,-0.033598,0.000764,32.24,63.8935519593379
14232,-8.17149,-3.735196,4.415356,0.005498,-0.026114,0.000305,32.18,63.8291032199252
14242,-8.156534,-3.721437,4.422534,0.005651,-0.016799,0.001527,32.18,63.7433429551099
14252,-8.155936,-3.727419,4.418945,0.00672,-0.007483,0.002902,32.25,63.766711159469
14262,-8.159525,-3.726223,4.408178,0.006872,0.001985,0.004734,32.25,63.8290894356802
14272,-8.176873,-3.720241,4.411767,0.007025,0.011759,0.007025,32.23,63.8442420413797
14282,-8.1679,-3.720241,4.421339,0.007178,0.020617,0.008094,32.23,63.7744242390175
14292,-8.17448,-3.714259,4.406384,0.006872,0.029627,0.009316,32.22,63.8601680216629
14302,-8.185248,-3.707679,4.404588,0.007178,0.037721,0.009774,32.22,63.8872768878638
14312,-8.204989,-3.716054,4.384848,0.006414,0.044593,0.009774,32.22,64.042619121757
14322,-8.246863,-3.701697,4.36391,0.009163,0.049175,0.006261,32.22,64.230706161186
14332,-8.236693,-3.703491,4.366303,0.01237,0.049786,-0.002443,32.2,64.1971864454259
14342,-8.200802,-3.711268,4.383651,0.013439,0.050702,-0.006872,32.2,64.0342797545793
14352,-8.201998,-3.721437,4.375276,0.012675,0.052687,-0.008094,32.26,64.0906083670154
14362,-8.199606,-3.718446,4.374678,0.011148,0.056047,-0.007636,32.26,64.0851487759886
14372,-8.213365,-3.719643,4.35733,0.009927,0.059407,-0.00672,32.21,64.2069974136425
14382,-8.209177,-3.711268,4.355535,0.007941,0.064141,-0.00672,32.21,64.1981434671637
14392,-8.221739,-3.724428,4.350152,0.005956,0.064904,-0.00733,32.21,64.2678467514938
14402,-8.221141,-3.718446,4.345366,0.004734,0.064904,-0.008552,32.26,64.2850321774407
14412,-8.233703,-3.729214,4.344768,0.002596,0.064294,-0.009774,32.26,64.3274858978097
14422,-8.23789,-3.729812,4.334598,0.00168,0.062308,-0.010843,32.22,64.3899079451067
14432,-8.23789,-3.720241,4.334,0.001069,0.059865,-0.01405,32.22,64.3832476179342
14442,-8.245069,-3.733402,4.319643,-0.000305,0.057574,-0.017257,32.25,64.4867596005478
14452,-8.248059,-3.729812,4.326822,-0.00168,0.054672,-0.018937,32.25,64.4528205235231
14462,-8.249256,-3.731607,4.322634,-0.002596,0.051007,-0.021228,32.25,64.4789065936634
14472,-8.246863,-3.721437,4.318447,-0.003512,0.046884,-0.023976,32.25,64.4848206393179
14482,-8.245667,-3.726821,4.308277,-0.003054,0.043677,-0.025809,32.23,64.5400646217336
14492,-8.240881,-3.731607,4.314259,-0.003818,0.039554,-0.027489,32.23,64.5033199945565
14502,-8.24148,-3.735196,4.30409,-0.004276,0.036041,-0.028558,32.23,64.5607936006513
14512,-8.235497,-3.729214,4.311268,-0.004123,0.032529,-0.030543,32.23,64.5042556949101
14522,-8.233105,-3.738187,4.299902,-0.003971,0.029322,-0.031918,32.2,64.5667251220192
14532,-8.226524,-3.724428,4.308277,-0.003512,0.025962,-0.03146,32.2,64.4947009829035
14542,-8.215158,-3.736991,4.297509,-0.002596,0.022297,-0.030849,32.2,64.5376746530993
14552,-8.221141,-3.734598,4.299304,-0.002291,0.015577,-0.029627,32.26,64.539365987645
14562,-8.223534,-3.736392,4.3005,-0.001222,0.012828,-0.028253,32.26,64.540372584088
14572,-8.221141,-3.734598,4.30409,-0.000611,0.010537,-0.027489,32.21,64.5146147758663
14582,-8.21157,-3.735196,4.307679,-0.001069,0.007483,-0.025656,32.21,64.4751695269359
14592,-8.219346,-3.732804,4.305286,-0.000611,0.005345,-0.024893,32.25,64.5025724492465
14602,-8.216354,-3.742374,4.311867,0.000153,0.002749,-0.023518,32.25,64.4716095550777
14612,-8.214561,-3.734,4.302894,-0.000611,0.000305,-0.022144,32.22,64.5054191704734
14622,-8.215756,-3.736991,4.306482,-0.000916,-0.002443,-0.019853,32.22,64.4925998112649
14632,-8.229516,-3.736991,4.295715,-0.000611,-0.005803,-0.018173,32.23,64.5791232777229
14642,-8.230114,-3.731009,4.301099,-0.00168,-0.008858,-0.017715,32.23,64.5465475511851
14652,-8.222337,-3.734598,4.309474,-0.001222,-0.010537,-0.016646,32.27,64.4894687420238
14662,-8.230712,-3.724428,4.316054,-0.001527,-0.014203,-0.015272,32.27,64.4639350992725
14672,-8.248059,-3.732804,4.314259,-0.002596,-0.01741,-0.014508,32.23,64.520615521484
14682,-8.239087,-3.744169,4.3005,-0.002443,-0.021533,-0.013439,32.23,64.5830877495335
14692,-8.224131,-3.72383,4.311867,-0.003512,-0.024282,-0.013134,32.23,64.470161296305
14702,-8.240283,-3.737589,4.318447,-0.003665,-0.027336,-0.012523,32.23,64.4864520307022
14712,-8.233105,-3.73041,4.316652,-0.004123,-0.030238,-0.012217,32.27,64.4723082485565
14722,-8.232506,-3.728018,4.326224,-0.005803,-0.036041,-0.010843,32.23,64.4191376617658
14732,-8.24148,-3.726223,4.323831,-0.005498,-0.037874,-0.009774,32.23,64.4498237799596
14742,-8.22473,-3.732205,4.32742,-0.00504,-0.039554,-0.00901,32.22,64.3997415310198
14752,-8.213962,-3.723232,4.32742,-0.004887,-0.041692,-0.007178,32.22,64.3662978511335
14762,-8.216953,-3.721437,4.331009,-0.005345,-0.042608,-0.005803,32.21,64.3526835534882
14772,-8.214561,-3.73041,4.338188,-0.004429,-0.042302,-0.004581,32.21,64.3194275183066
14782,-8.200802,-3.72383,4.344768,-0.004734,-0.042761,-0.003054,32.21,64.247588875455
14792,-8.206185,-3.731607,4.353143,-0.004276,-0.041233,-0.000305,32.21,64.2246035986336
14802,-8.199007,-3.72383,4.351946,-0.00336,-0.039706,0.00168,32.24,64.2064842738771
14812,-8.201998,-3.723232,4.360919,-0.002749,-0.036957,0.00336,32.24,64.1663989677028
14822,-8.182856,-3.729812,4.373481,-0.001833,-0.032987,0.005956,32.23,64.0649150945929
14832,-8.190632,-3.728018,4.37408,-0.001527,-0.029322,0.007483,32.23,64.0776904562437
14842,-8.189436,-3.742374,4.371687,-0.000916,-0.023671,0.010079,32.27,64.1021942894503
14852,-8.178668,-3.731009,4.394419,-0.000764,-0.018784,0.010996,32.27,63.9487975397336
14862,-8.177471,-3.735196,4.394419,0.000458,-0.01237,0.014203,32.21,63.9504314631373
14872,-8.173882,-3.735196,4.384848,0.000916,-0.005498,0.015424,32.21,63.9914866071143
14882,-8.184649,-3.732804,4.39083,0.001374,0.000764,0.015882,32.23,63.9828046678911
14892,-8.193025,-3.736991,4.392026,0.001374,0.014508,0.016493,32.25,64.0001329963781
14902,-8.18764,-3.745964,4.387838,0.001069,0.020769,0.015577,32.25,64.0187320704723
14912,-8.203793,-3.745964,4.396811,-0.000305,0.027184,0.014355,32.23,64.0094221530332
14922,-8.200802,-3.745365,4.389035,-0.000764,0.032681,0.012675,32.23,64.0419250728884
14932,-8.209177,-3.742973,4.385446,-0.002138,0.037874,0.009927,32.23,64.0769213014463
14942,-8.218747,-3.735795,4.380062,-0.004123,0.042302,0.00672,32.23,64.1188880661532
14952,-8.214561,-3.742374,4.377669,-0.005956,0.04612,0.003512,32.25,64.1284789487058
14962,-8.240283,-3.746562,4.379463,-0.008094,0.048717,-0.000916,32.25,64.1818015649732
14972,-8.270193,-3.741179,4.326822,-0.010537,0.051007,-0.005498,32.23,64.5138869948452
14982,-8.299506,-3.734598,4.274179,-0.00504,0.0562,-0.015577,32.23,64.8435570848941
14992,-8.266603,-3.728616,4.325625,0.003665,0.063988,-0.030543,32.19,64.4993306976963
15002,-8.254042,-3.738786,4.317849,0.005345,0.065973,-0.037568,32.19,64.52155879132
15012,-8.249256,-3.743571,4.332804,0.003818,0.065668,-0.042761,32.23,64.4386790160937
15022,-8.239684,-3.745365,4.328018,0.002291,0.064141,-0.046273,32.23,64.4436889526717
15032,-8.23789,-3.748357,4.318447,-0.000764,0.060476,-0.047189,32.22,64.4920509186621
15042,-8.2349,-3.741776,4.314259,-0.004429,0.056658,-0.049022,32.22,64.5002530915704
15052,-8.239684,-3.738187,4.292724,-0.00733,0.05116,-0.049938,32.22,64.6185313932128
15062,-8.23131,-3.742973,4.288536,-0.008858,0.045357,-0.048411,32.22,64.6263403702938
15072,-8.23131,-3.734,4.281358,-0.011912,0.032987,-0.047647,32.26,64.6543857140496
15082,-8.231908,-3.75075,4.274778,-0.012523,0.025504,-0.045968,32.25,64.706767701389
15092,-8.219346,-3.745365,4.274778,-0.012217,0.017868,-0.044135,32.25,64.6732948938436
15102,-8.228318,-3.736991,4.258626,-0.011759,0.010537,-0.041081,32.24,64.7685538789375
15112,-8.209774,-3.744768,4.264608,-0.010079,0.004581,-0.036957,32.24,64.7040699096555
15122,-8.222935,-3.731607,4.265805,-0.007178,-0.001985,-0.032529,32.23,64.7138667864865
15132,-8.210971,-3.739383,4.27059,-0.004276,-0.008858,-0.027642,32.23,64.6702201862809
15142,-8.19781,-3.734598,4.262814,-0.000916,-0.013744,-0.023213,32.23,64.6762895870556
15152,-8.204391,-3.731607,4.265206,0.00336,-0.01909,-0.016646,32.23,64.6755414569798
15162,-8.186445,-3.737589,4.281956,0.007636,-0.023518,-0.010843,32.25,64.5544398138129
15172,-8.186445,-3.731009,4.286742,0.012828,-0.02642,-0.005803,32.25,64.5228471231511
15182,-8.185846,-3.727419,4.289135,0.018173,-0.02978,0,32.25,64.5053967724533
15192,-8.189436,-3.725027,4.294518,0.022602,-0.031612,0.005651,32.25,64.4831038254563
15202,-8.188837,-3.726821,4.304688,0.027642,-0.032529,0.010385,32.23,64.4308689118222
15212,-8.185248,-3.725625,4.316054,0.031612,-0.03207,0.015119,32.23,64.3626528231009
15222,-8.194819,-3.723232,4.326822,0.03543,-0.031918,0.018021,32.22,64.3261256683759
15232,-8.195418,-3.714259,4.339384,0.038179,-0.030391,0.02138,32.22,64.2533302275492
15242,-8.199007,-3.708875,4.355535,0.04215,-0.023824,0.025045,32.26,64.1725686901973
15252,-8.203793,-3.704688,4.363312,0.042761,-0.020464,0.024435,32.23,64.1390535576438
15262,-8.209774,-3.708277,4.366901,0.042913,-0.017104,0.024893,32.23,64.1378653019558
15272,-8.210373,-3.716652,4.376472,0.041997,-0.013286,0.022755,32.25,64.0985820097507
15282,-8.231908,-3.716054,4.385446,0.039554,-0.008705,0.02138,32.25,64.1008174789823
15292,-8.219346,-3.705884,4.393821,0.036957,-0.003207,0.019395,32.25,64.0187730504287
15302,-8.22473,-3.71067,4.397409,0.032987,0.00168,0.01573,32.25,64.0175552509586
15312,-8.242676,-3.714259,4.399803,0.028405,0.006109,0.012523,32.23,64.0498167470312
15322,-8.248658,-3.714857,4.400401,0.023366,0.009621,0.007941,32.23,64.0609594416148
15332,-8.246264,-3.710072,4.402793,0.018326,0.013744,0.003054,32.23,64.0383709726716
15342,-8.243872,-3.703491,4.404588,0.012675,0.016799,-0.001069,32.23,64.0169985181519
15352,-8.240881,-3.707679,4.394419,0.006109,0.01909,-0.006414,32.24,64.0665964827164
15362,-8.269596,-3.715455,4.399205,0.000611,0.022144,-0.011148,32.24,64.1151756911289
15372,-8.255836,-3.712464,4.392624,-0.00504,0.024587,-0.015424,32.21,64.114642402598
15382,-8.269596,-3.714857,4.381856,-0.011606,0.025656,-0.020617,32.21,64.2033828650829
15392,-8.26481,-3.71725,4.37408,-0.016646,0.025504,-0.025351,32.21,64.234860659682
15402,-8.248059,-3.711268,4.35733,-0.020769,0.025045,-0.029322,32.21,64.2769651160348
15412,-8.249256,-3.718446,4.364508,-0.025656,0.023976,-0.036805,32.21,64.25008191212
15422,-8.242078,-3.731607,4.351946,-0.032529,0.023213,-0.040317,32.23,64.3118684799434
15432,-8.240881,-3.738187,4.351946,-0.034514,0.021228,-0.04383,32.23,64.315889738559
15442,-8.243872,-3.726223,4.334,-0.035888,0.0197,-0.045815,32.2,64.402791558832
15452,-8.22473,-3.734598,4.334598,-0.035736,0.018173,-0.046731,32.2,64.3651667501131
15462,-8.226524,-3.733402,4.32742,-0.036499,0.016035,-0.048717,32.22,64.4050016103162
15472,-8.223534,-3.729812,4.315455,-0.034667,0.015119,-0.048564,32.22,64.4563763814435
15482,-8.218747,-3.744169,4.314857,-0.032376,0.013134,-0.048258,32.23,64.463372768812
15492,-8.203195,-3.74716,4.309474,-0.030391,0.011454,-0.04612,32.23,64.4593181846231
15502,-8.201998,-3.747759,4.307679,-0.026725,0.010232,-0.043219,32.23,64.466527605039
15512,-8.199606,-3.748357,4.306482,-0.023518,0.00901,-0.040623,32.23,64.4679583160659
15522,-8.19123,-3.748955,4.3005,-0.019548,0.007636,-0.037263,32.23,64.4807120421362
15532,-8.179267,-3.751348,4.302295,-0.014355,0.006872,-0.033598,32.23,64.4469579189665
15542,-8.184052,-3.748357,4.303492,-0.010537,0.006567,-0.027794,32.21,64.448444385073
15552,-8.175079,-3.760919,4.296911,-0.00504,0.005498,-0.023518,32.21,64.4753361813266
15562,-8.17149,-3.756134,4.296313,-0.000611,0.004887,-0.018784,32.2,64.4654092059739
15572,-8.1679,-3.759125,4.293921,0.003207,0.005345,-0.013592,32.2,64.4728339065674
15582,-8.173882,-3.754937,4.301697,0.007483,0.004429,-0.002749,32.23,64.4416384281359
15592,-8.187043,-3.750151,4.301099,0.016188,0.003665,0.001985,32.21,64.4694237816705
15602,-8.184649,-3.752544,4.304688,0.018173,0.002749,0.00504,32.21,64.4479127815368
15612,-8.185248,-3.748357,4.308277,0.020006,0.001985,0.009316,32.28,64.4263538239163
15622,-8.204391,-3.748955,4.311268,0.022449,0.002138,0.013592,32.28,64.454572658238
15632,-8.203195,-3.734598,4.319643,0.02306,0.000764,0.015119,32.25,64.3938387536521
15642,-8.22772,-3.748357,4.322036,0.022144,-0.001069,0.01573,32.25,64.4507422158401
15652,-8.230114,-3.731607,4.325625,0.022755,-0.002749,0.017104,32.25,64.4205052243917
15662,-8.217552,-3.734598,4.336991,0.020922,-0.004123,0.017715,32.25,64.3366462777832
15672,-8.234302,-3.74716,4.342973,0.018631,-0.004734,0.016493,32.21,64.3564216677591
15682,-8.242078,-3.742973,4.341777,0.01573,-0.006414,0.014966,32.21,64.3757789190047
15692,-8.250452,-3.738786,4.350152,0.01237,-0.007178,0.012523,32.2,64.3472613885465
15702,-8.248059,-3.728018,4.343571,0.00901,-0.00901,0.010385,32.2,64.3647615381653
15712,-8.245667,-3.73041,4.34417,0.004734,-0.010843,0.007178,32.21,64.358731174757
15722,-8.233105,-3.72383,4.354339,0.001222,-0.011912,0.004276,32.21,64.2713697369031
15732,-8.242078,-3.720241,4.353741,-0.002902,-0.012828,0.001527,32.23,64.2910477453264
15742,-8.240283,-3.719045,4.349553,-0.006109,-0.012981,-0.001069,32.23,64.3073255464471
15752,-8.239684,-3.719045,4.35733,-0.009774,-0.012981,-0.003818,32.19,64.2659624348791
15762,-8.22473,-3.721437,4.356732,-0.016952,-0.013744,-0.007483,32.19,64.2376659791431
15772,-8.232506,-3.706482,4.36391,-0.019395,-0.013592,-0.009316,32.23,64.2030520360518
15782,-8.222935,-3.719643,4.365107,-0.021838,-0.012217,-0.010079,32.21,64.1886600455921
15792,-8.20798,-3.708875,4.358526,-0.023366,-0.010385,-0.009927,32.21,64.1775493921764
15802,-8.22473,-3.722036,4.363312,-0.024282,-0.008399,-0.010996,32.27,64.2044169437455
15812,-8.209177,-3.724428,4.356134,-0.025504,-0.006109,-0.010079,32.27,64.2085808170197
15822,-8.19781,-3.71725,4.360919,-0.025504,-0.003971,-0.009774,32.22,64.1507093256925
15832,-8.198408,-3.715455,4.360321,-0.025198,-0.001833,-0.008858,32.22,64.1533016039701
15842,-8.199007,-3.708875,4.356732,-0.025045,0.001069,-0.007025,32.21,64.1663942424254
15852,-8.194221,-3.717848,4.347759,-0.023518,0.004123,-0.005345,32.21,64.2110572482888
15862,-8.194819,-3.714857,4.356134,-0.022449,0.007483,-0.003971,32.23,64.1661139098943
15872,-8.202596,-3.714259,4.356732,-0.020769,0.010232,-0.002291,32.23,64.1800962947088
15882,-8.203195,-3.725027,4.341777,-0.020159,0.012217,-0.001222,32.22,64.2696780016325
15892,-8.182258,-3.71725,4.346562,-0.018021,0.014966,0.001222,32.22,64.1894267496033
15902,-8.202596,-3.718446,4.350152,-0.016188,0.018173,0.002138,32.19,64.2183388338384
15912,-8.201998,-3.714857,4.34058,-0.014966,0.020617,0.003665,32.19,64.2626934890684
15922,-8.19781,-3.716652,4.342973,-0.013744,0.022297,0.00504,32.24,64.2426830835962
15932,-8.22473,-3.713661,4.336991,-0.012828,0.027184,0.007483,32.24,64.3314397201558
15942,-8.262416,-3.71725,4.3005,-0.007636,0.0281,0.003665,32.23,64.6080156623223
15952,-8.2678,-3.716652,4.293322,0.000764,0.029169,-0.004276,32.22,64.6564851979194
15962,-8.23131,-3.725625,4.329813,0.005192,0.027947,-0.010385,32.22,64.3954978962962
15972,-8.221141,-3.725027,4.335794,0.006261,0.027489,-0.011606,32.24,64.3411180466245
15982,-8.205587,-3.720241,4.336991,0.006567,0.02642,-0.011606,32.24,64.2948824495074
15992,-8.228917,-3.731607,4.321437,0.005803,0.025656,-0.010079,32.21,64.4394222183751
16002,-8.223534,-3.73041,4.329813,0.004734,0.025198,-0.008552,32.21,64.3828686243784
16012,-8.2349,-3.744768,4.333402,0.003818,0.023824,-0.007636,32.22,64.4046039004287
16022,-8.24148,-3.739982,4.320839,0.003207,0.021533,-0.008858,32.22,64.4792342910948
16032,-8.252247,-3.745365,4.319045,0.002138,0.018021,-0.009621,32.23,64.5180530648365
16042,-8.257033,-3.735795,4.299902,0.001527,0.014966,-0.012217,32.23,64.6177630948662
16052,-8.258827,-3.738187,4.314857,0.00168,0.011912,-0.015272,32.22,64.5470672195549
16062,-8.240283,-3.75075,4.311268,0.001069,0.00901,-0.018021,32.22,64.5368692020012
16072,-8.243275,-3.742973,4.307679,-0.001222,0.004276,-0.019548,32.17,64.5541715303672
16082,-8.255239,-3.756732,4.307081,-0.002749,0.000458,-0.021228,32.17,64.5979169144332
16092,-8.251051,-3.764508,4.319045,-0.004123,-0.003818,-0.023671,32.2,64.5348383594185
16102,-8.254042,-3.744768,4.316652,-0.005651,-0.008247,-0.028558,32.2,64.533789611819
16112,-8.2349,-3.753741,4.313063,-0.009621,-0.017257,-0.030238,32.27,64.5186167994925
16122,-8.240881,-3.747759,4.306482,-0.01069,-0.020769,-0.031307,32.25,64.559859070908
16132,-8.22772,-3.750151,4.314857,-0.011759,-0.023824,-0.032376,32.25,64.4896177426995
16142,-8.223534,-3.751348,4.317849,-0.011301,-0.025809,-0.033139,32.22,64.4660136868864
16152,-8.215158,-3.754937,4.323233,-0.011912,-0.0281,-0.03375,32.22,64.4231026951173
16162,-8.215756,-3.745964,4.328018,-0.011912,-0.029627,-0.033445,32.23,64.3905441555041
16172,-8.212766,-3.746562,4.32742,-0.012217,-0.031154,-0.033139,32.23,64.3875143849472
16182,-8.200203,-3.746562,4.323831,-0.011606,-0.031154,-0.030849,32.23,64.3777503816218
16192,-8.197212,-3.755535,4.332804,-0.010385,-0.031001,-0.029169,32.23,64.3339207015373
16202,-8.194221,-3.743571,4.333402,-0.00901,-0.029627,-0.026878,32.21,64.3117238968652
16212,-8.17807,-3.738786,4.338188,-0.007483,-0.028711,-0.023671,32.21,64.2454826171353
16222,-8.175676,-3.739383,4.337589,-0.005345,-0.027336,-0.020311,32.25,64.2437684269706
16232,-8.183454,-3.739982,4.339384,-0.004123,-0.024893,-0.016341,32.25,64.2527471413791
16242,-8.1679,-3.732205,4.348357,-0.001985,-0.022602,-0.012217,32.22,64.1629826443413
16252,-8.177471,-3.743571,4.336991,0.000153,-0.019242,-0.007483,32.22,64.2552743605907
16262,-8.180463,-3.725027,4.34417,0.001985,-0.016188,-0.004581,32.21,64.2057480294277
16272,-8.202596,-3.713063,4.342375,0.004429,-0.014203,-0.002138,32.21,64.2529398090132
16282,-8.19123,-3.716054,4.356732,0.010232,-0.013286,-0.003665,32.22,64.1560978054091
16292,-8.186445,-3.722036,4.358526,0.012065,-0.012828,-0.002443,32.23,64.142134454404
16302,-8.179267,-3.73041,4.361517,0.013134,-0.010843,0.000153,32.23,64.1190424012898
16312,-8.176275,-3.73041,4.378268,0.014508,-0.006414,0.003207,32.25,64.0258547712486
16322,-8.183454,-3.722634,4.374678,0.01405,-0.002443,0.006567,32.25,64.0526550831996
16332,-8.191828,-3.726223,4.377669,0.014508,0.001833,0.009927,32.19,64.0600741775345
16342,-8.190632,-3.720241,4.367499,0.013897,0.00672,0.012828,32.19,64.1035403875106
16352,-8.196614,-3.723232,4.370491,0.013744,0.010843,0.014813,32.25,64.104842359985
16362,-8.197212,-3.714259,4.383053,0.013286,0.014966,0.016341,32.25,64.0322534198402
16372,-8.2014,-3.720241,4.383053,0.012065,0.018326,0.017104,32.22,64.0479947331497
16382,-8.209177,-3.715455,4.381856,0.01069,0.021991,0.017104,32.22,64.0669329168681
16392,-8.204989,-3.71725,4.38425,0.009621,0.025962,0.017104,32.25,64.0469295803777
16402,-8.218149,-3.725027,4.377071,0.007789,0.028558,0.016341,32.25,64.1218051914956
16412,-8.213365,-3.726223,4.389035,0.005956,0.03146,0.01405,32.22,64.0506857311131
16422,-8.219944,-3.712464,4.382454,0.004123,0.033598,0.012675,32.22,64.0852959235933
16432,-8.229516,-3.716054,4.377669,0.001833,0.035736,0.009927,32.25,64.1353249124615
16442,-8.245667,-3.735196,4.373481,-0.000764,0.037874,0.006261,32.25,64.2130012756726
16452,-8.226524,-3.728018,4.372883,-0.002749,0.041386,0.001527,32.21,64.1654065362832
16462,-8.231908,-3.732804,4.369893,-0.006872,0.042761,-0.000764,32.23,64.1978743833384
16472,-8.237292,-3.734,4.363312,-0.00901,0.044135,-0.002749,32.23,64.2450855290588
16482,-8.239087,-3.731009,4.357928,-0.010232,0.045204,-0.005498,32.23,64.2737529828681
16492,-8.240881,-3.731009,4.351348,-0.011759,0.04612,-0.008094,32.23,64.3116362145501
16502,-8.215756,-3.733402,4.34417,-0.013592,0.046273,-0.009621,32.18,64.2943513522509
16512,-8.24148,-3.728018,4.336392,-0.014355,0.045662,-0.012065,32.18,64.3869164537642
16522,-8.237292,-3.735795,4.336392,-0.015577,0.045051,-0.013439,32.24,64.3854194778879
16532,-8.236095,-3.734,4.332804,-0.017104,0.043982,-0.014966,32.24,64.3993820904326
16542,-8.22772,-3.749553,4.328018,-0.018326,0.042913,-0.016493,32.24,64.421116766119
16552,-8.245667,-3.745365,4.319045,-0.019395,0.041233,-0.017257,32.24,64.5033337274468
16562,-8.230114,-3.739982,4.320839,-0.0197,0.038637,-0.018937,32.19,64.4537376977866
16572,-8.226524,-3.751348,4.313063,-0.0197,0.034972,-0.018326,32.19,64.4974207534915
16582,-8.229516,-3.745365,4.305884,-0.020311,0.031612,-0.01909,32.25,64.5350884784453
16592,-8.225926,-3.745964,4.296313,-0.020617,0.027947,-0.0197,32.25,64.5771282040436
16602,-8.239087,-3.736991,4.28734,-0.020769,0.024129,-0.020311,32.24,64.6438242007143
16612,-8.242078,-3.748955,4.262215,-0.020159,0.018021,-0.019395,32.24,64.79261994806
16622,-8.27139,-3.727419,4.222734,-0.019395,0.01405,-0.023518,32.22,65.0405992808624
16632,-8.269596,-3.721437,4.256233,-0.007178,0.011759,-0.029169,32.24,64.8570173929221
16642,-8.243872,-3.731607,4.267599,-0.00168,0.007636,-0.030696,32.24,64.751224365908
16652,-8.231908,-3.743571,4.269992,-0.000305,0.003054,-0.031612,32.22,64.7242787898036
16662,-8.228917,-3.741776,4.286144,0.001527,-0.002443,-0.031001,32.22,64.6321559681523
16672,-8.229516,-3.732804,4.276572,0.001833,-0.009163,-0.027642,32.23,64.673954065077
16682,-8.234302,-3.734,4.281358,0.001833,-0.015119,-0.025656,32.23,64.6610663731969
16692,-8.243275,-3.731607,4.283751,0.002291,-0.020922,-0.023671,32.23,64.6662886140611
16702,-8.235497,-3.735795,4.283751,0.003207,-0.025656,-0.020464,32.23,64.6531663789502
16712,-8.22473,-3.741776,4.289733,0.004123,-0.030391,-0.017104,32.26,64.6042265031202
16722,-8.219944,-3.732205,4.298108,0.00504,-0.035583,-0.01573,32.26,64.5404314612432
16732,-8.215158,-3.734598,4.299304,0.006261,-0.04047,-0.012828,32.22,64.5259442678527
16742,-8.218149,-3.720241,4.306482,0.006414,-0.044746,-0.010843,32.22,64.4808946974597
16752,-8.216354,-3.729214,4.306482,0.007636,-0.047647,-0.00901,32.24,64.48600423871
16762,-8.217552,-3.714259,4.314259,0.008552,-0.050702,-0.00672,32.24,64.4332396176476
16772,-8.210373,-3.720241,4.316652,0.00901,-0.052076,-0.005192,32.22,64.4107844235902
16782,-8.2014,-3.722634,4.345366,0.009774,-0.05284,-0.00336,32.22,64.2446276634272
16792,-8.204391,-3.71725,4.343571,0.010537,-0.05284,-0.002443,32.23,64.255136460911
16802,-8.196614,-3.716652,4.348357,0.010843,-0.048869,0.000458,32.22,64.2121735922808
16812,-8.185248,-3.713063,4.362116,0.011606,-0.045815,0.002749,32.22,64.1116009166117
16822,-8.195418,-3.720839,4.369893,0.012065,-0.040928,0.003207,32.23,64.102724948137
16832,-8.191828,-3.718446,4.385446,0.011148,-0.036194,0.003818,32.23,64.0119807018636
16842,-8.199007,-3.711268,4.38724,0.009927,-0.031307,0.003971,32.19,64.011717360265
16852,-8.192427,-3.727419,4.392026,0.009468,-0.025198,0.004429,32.19,63.9888163360681
16862,-8.190034,-3.728616,4.396811,0.007789,-0.018784,0.004429,32.2,63.9599953094091
16872,-8.193025,-3.721437,4.402196,0.007025,-0.012217,0.005803,32.2,63.9316972013097
16882,-8.191828,-3.719045,4.395017,0.005956,-0.005345,0.004887,32.23,63.9633710001352
16892,-8.19123,-3.714857,4.398008,0.003971,0.002596,0.004734,32.23,63.9422764605679
16902,-8.186445,-3.726223,4.392624,0.001985,0.009621,0.00336,32.22,63.9708292442076
16912,-8.191828,-3.721437,4.395615,-0.000153,0.016493,0.002749,32.22,63.962780773786
16922,-8.208578,-3.725625,4.405187,-0.001985,0.022449,0.001833,32.22,63.9562374698255
16932,-8.204989,-3.718446,4.398606,-0.004123,0.027947,0.000305,32.22,63.9743883759452
16942,-8.196015,-3.721437,4.382454,-0.005651,0.032834,-0.001222,32.23,64.0400338831446
16952,-8.217552,-3.722036,4.38724,-0.00901,0.037263,-0.002596,32.23,64.0651149522061
16962,-8.218747,-3.728616,4.37408,-0.011606,0.040775,-0.004581,32.22,64.1422330443726
16972,-8.226524,-3.731009,4.377071,-0.016035,0.045815,-0.008399,32.22,64.1469622850651
16982,-8.228917,-3.728018,4.368098,-0.018937,0.046426,-0.011301,32.21,64.1954208611065
16992,-8.240881,-3.731009,4.348357,-0.021228,0.047495,-0.013592,32.25,64.3270227484815
17002,-8.243275,-3.734,4.341179,-0.022602,0.047342,-0.014355,32.25,64.372398131822
17012,-8.248658,-3.728018,4.339384,-0.024435,0.044746,-0.017562,32.21,64.3876551112489
17022,-8.239087,-3.735795,4.339384,-0.025504,0.042455,-0.018326,32.21,64.3740486048296
17032,-8.245667,-3.735795,4.331009,-0.027184,0.039706,-0.019242,32.23,64.4319611931146
17042,-8.235497,-3.737589,4.325625,-0.028405,0.036194,-0.020464,32.23,64.4386999191574
17052,-8.23789,-3.742374,4.312464,-0.029322,0.032834,-0.02138,32.23,64.5168221260121
17062,-8.236095,-3.742973,4.314857,-0.030085,0.029169,-0.022297,32.23,64.5010637327882
17072,-8.238488,-3.749553,4.315455,-0.030391,0.024893,-0.021533,32.24,64.5100382300822
17082,-8.243275,-3.750151,4.316652,-0.029322,0.020922,-0.02138,32.24,64.5151850863876
17092,-8.2349,-3.744768,4.302894,-0.028711,0.017104,-0.019242,32.22,64.5619721186844
17102,-8.213365,-3.748357,4.305286,-0.028558,0.013134,-0.017868,32.22,64.5050403472547
17112,-8.222935,-3.756732,4.305884,-0.027947,0.009927,-0.016952,32.25,64.5319596049402
17122,-8.221141,-3.746562,4.296313,-0.026725,0.006567,-0.015119,32.25,64.5670315678982
17132,-8.209774,-3.751348,4.294518,-0.024893,0.003512,-0.013286,32.25,64.5557582274078
17142,-8.205587,-3.747759,4.296911,-0.023671,-0.001985,-0.007483,32.25,64.530311069102
17152,-8.196614,-3.74716,4.308277,-0.018479,-0.003665,-0.004581,32.25,64.4507107094113
17162,-8.198408,-3.751946,4.301099,-0.01573,-0.005651,-0.000611,32.25,64.4968151317218
17172,-8.201998,-3.750151,4.298108,-0.014203,-0.00733,0.002596,32.25,64.5185147611773
17182,-8.199007,-3.746562,4.3005,-0.011759,-0.008399,0.006109,32.23,64.4957315918653
17192,-8.200802,-3.745365,4.305884,-0.008705,-0.010385,0.009927,32.23,64.4706680769011
17202,-8.189436,-3.739982,4.310072,-0.005498,-0.011301,0.012675,32.2,64.4178663888723
17212,-8.194819,-3.74716,4.301099,-0.004734,-0.012523,0.014966,32.2,64.4838324633788
17222,-8.188239,-3.743571,4.310072,-0.00336,-0.013286,0.016799,32.27,64.418864939333
17232,-8.214561,-3.744169,4.312464,-0.002291,-0.014508,0.018631,32.27,64.466334370185
17242,-8.214561,-3.732804,4.313063,-0.001069,-0.015577,0.021228,32.23,64.4516122310421
17252,-8.214561,-3.73041,4.326224,-0.000305,-0.017104,0.021991,32.23,64.3811709229592
17262,-8.255239,-3.727419,4.302894,0.000153,-0.018479,0.022144,32.21,64.5898649731955
17272,-8.316256,-3.708875,4.272385,0.004887,-0.020769,0.015272,32.21,64.864357390199
17282,-8.274381,-3.707081,4.307679,0.012217,-0.026267,0.000916,32.25,64.5875198521826
17292,-8.233105,-3.714857,4.333402,0.014355,-0.032681,-0.007483,32.25,64.3700701013719
17302,-8.228318,-3.728616,4.341179,0.013134,-0.034819,-0.008858,32.27,64.3332183973163
17312,-8.218149,-3.724428,4.347759,0.011301,-0.036346,-0.007483,32.27,64.2720570183501
17322,-8.229516,-3.729214,4.351946,0.005498,-0.034819,-0.00733,32.25,64.2810843944321
17332,-8.224131,-3.734,4.366303,0.002291,-0.034819,-0.008247,32.26,64.1999567955568
17342,-8.226524,-3.722036,4.365705,-0.001069,-0.03375,-0.008858,32.26,64.1961717372875
17352,-8.230114,-3.719045,4.360321,-0.004429,-0.032529,-0.010385,32.22,64.2289342439171
17362,-8.22473,-3.720241,4.368696,-0.007941,-0.030696,-0.011148,32.22,64.1748823452198
17372,-8.225328,-3.715455,4.378268,-0.010843,-0.029932,-0.012981,32.17,64.1221218315916
17382,-8.218149,-3.71067,4.375276,-0.013897,-0.028405,-0.014966,32.17,64.1162725038503
17392,-8.233703,-3.719045,4.377669,-0.016799,-0.025962,-0.015424,32.25,64.1478903894387
17402,-8.225926,-3.717848,4.386642,-0.019853,-0.023824,-0.016799,32.25,64.0829231990561
17412,-8.217552,-3.716054,4.38066,-0.022297,-0.021838,-0.018479,32.23,64.0927654710412
17422,-8.199606,-3.714857,4.378866,-0.023518,-0.018631,-0.018326,32.23,64.0598822789698
17432,-8.205587,-3.716054,4.384848,-0.023824,-0.015272,-0.018479,32.24,64.0439827423975
17442,-8.209177,-3.726223,4.369295,-0.024587,-0.010996,-0.019395,32.24,64.1426552899547
17452,-8.196614,-3.725027,4.381258,-0.024435,-0.00672,-0.018631,32.22,64.051272431547
17462,-8.198408,-3.722036,4.369295,-0.024893,-0.002596,-0.017868,32.22,64.1138496927463
17472,-8.192427,-3.724428,4.379463,-0.023366,0.002443,-0.016035,32.23,64.0503433099207
17482,-8.170892,-3.739982,4.368696,-0.021686,0.007025,-0.01405,32.23,64.0728948291756
17492,-8.172686,-3.728018,4.380062,-0.018937,0.017562,-0.011148,32.24,64.0059167629757
17502,-8.17149,-3.727419,4.366303,-0.016493,0.022449,-0.008552,32.23,64.0735092825445
17512,-8.169096,-3.738187,4.36391,-0.014203,0.027947,-0.004887,32.23,64.0916174446646
17522,-8.182856,-3.731009,4.368696,-0.011912,0.032223,-0.002749,32.18,64.0908188077676
17532,-8.17448,-3.728018,4.359125,-0.010385,0.036957,-0.001374,32.18,64.1179963249633
17542,-8.185846,-3.744169,4.359723,-0.008705,0.040775,0.001527,32.25,64.1575466957664
17552,-8.176873,-3.74058,4.359125,-0.00733,0.044135,0.003054,32.25,64.1365071988279
17562,-8.190034,-3.739383,4.354339,-0.005956,0.048258,0.005498,32.27,64.1898516800938
17572,-8.196614,-3.743571,4.348955,-0.005192,0.051007,0.00672,32.27,64.2368670911133
17582,-8.196015,-3.749553,4.341777,-0.004429,0.052534,0.008094,32.25,64.2787247646158
17592,-8.208578,-3.752544,4.342375,-0.003818,0.052993,0.008705,32.25,64.3070953200256
17602,-8.213962,-3.749553,4.336991,-0.003665,0.054214,0.009774,32.23,64.343909031823
17612,-8.225328,-3.744169,4.328018,-0.004123,0.054062,0.010232,32.23,64.4102333330957
17622,-8.238488,-3.737589,4.325625,-0.005498,0.052534,0.009316,32.21,64.4454148775869
17632,-8.230712,-3.749553,4.326224,-0.007025,0.049938,0.007941,32.21,64.4370820635233
17642,-8.243872,-3.753741,4.313063,-0.008705,0.046578,0.007178,32.27,64.5386767429659
17652,-8.256434,-3.75733,4.305884,-0.010385,0.043524,0.005651,32.27,64.6073552798922
17662,-8.260024,-3.75733,4.297509,-0.012523,0.032987,0.001527,32.24,64.658525335972
17672,-8.265409,-3.748955,4.298706,-0.016341,0.026573,-0.000764,32.26,64.6558679747465
17682,-8.268997,-3.753142,4.294518,-0.018173,0.019548,-0.00336,32.26,64.6896578456485
17692,-8.260024,-3.738786,4.285545,-0.019853,0.012523,-0.004887,32.24,64.7015636858682
17702,-8.270791,-3.744169,4.295715,-0.021533,0.00504,-0.007025,32.24,64.678435154548
17712,-8.2678,-3.748955,4.299902,-0.022755,-0.002443,-0.008094,32.22,64.6550193136073
17722,-8.251051,-3.748357,4.28734,-0.024587,-0.009774,-0.010537,32.22,64.6819845630639
17732,-8.249854,-3.742973,4.286742,-0.025351,-0.01741,-0.011759,32.22,64.6769689794003
17742,-8.249256,-3.731009,4.291527,-0.02642,-0.023976,-0.011759,32.22,64.6388280961122
17752,-8.243872,-3.744768,4.289135,-0.027642,-0.029474,-0.012217,32.25,64.6530907468431
17762,-8.229516,-3.725625,4.290929,-0.028253,-0.035888,-0.011759,32.25,64.5923452096878
17772,-8.233105,-3.723232,4.279563,-0.027031,-0.038943,-0.01069,32.21,64.656794604948
17782,-8.237292,-3.720839,4.27717,-0.023366,-0.040317,-0.011454,32.21,64.6761268707985
17792,-8.225926,-3.712464,4.284349,-0.020617,-0.042455,-0.014203,32.26,64.6050436640762
17802,-8.217552,-3.724428,4.31067,-0.018021,-0.043066,-0.01405,32.26,64.4621603928863
17812,-8.19781,-3.719643,4.303492,-0.015577,-0.042761,-0.01237,32.23,64.4499501402989
17822,-8.184649,-3.711866,4.332206,-0.01405,-0.043524,-0.009621,32.23,64.263527449327
17832,-8.195418,-3.715455,4.331607,-0.013592,-0.042302,-0.004429,32.21,64.294749918873
17842,-8.184649,-3.71725,4.342973,-0.011148,-0.039859,-0.001222,32.22,64.2134093053808
17852,-8.190632,-3.717848,4.338786,-0.009468,-0.03711,0.002902,32.22,64.2492525254711
17862,-8.197212,-3.718446,4.34417,-0.008399,-0.034667,0.005192,32.2,64.236991982708
17872,-8.194221,-3.708875,4.337589,-0.006414,-0.032223,0.005192,32.2,64.2543528861699
17882,-8.200203,-3.720839,4.354339,-0.003818,-0.028711,0.006261,32.23,64.1937751709667
17892,-8.200203,-3.71725,4.356134,-0.002596,-0.025656,0.006567,32.23,64.1808212018812
17902,-8.184052,-3.714259,4.364508,-0.000611,-0.021533,0.00733,32.23,64.097770544629
17912,-8.186445,-3.716652,4.356732,0,-0.01741,0.00901,32.23,64.145822501175
17922,-8.194221,-3.715455,4.368098,0.001527,-0.013134,0.010232,32.25,64.1036819873175
17932,-8.196614,-3.708875,4.368098,0.00168,-0.008858,0.012065,32.25,64.1023430720637
17942,-8.199606,-3.715455,4.371687,0.002138,-0.005192,0.012065,32.25,64.0974612905299
17952,-8.202596,-3.713063,4.372883,0.001985,-0.001069,0.011912,32.25,64.0956460518468
17962,-8.225926,-3.716054,4.365107,0.00168,0.001527,0.011759,32.22,64.191762984717
17972,-8.213365,-3.718446,4.367499,0.001374,0.004734,0.010996,32.22,64.1534038395879
17982,-8.224131,-3.709473,4.371089,0.000305,0.007941,0.010232,32.19,64.150176867524
17992,-8.214561,-3.71725,4.377071,-0.001833,0.010079,0.008399,32.19,64.105645075486
18002,-8.23789,-3.723232,4.368098,-0.003818,0.012065,0.00672,32.24,64.2108271845407
18012,-8.234302,-3.727419,4.368696,-0.007789,0.01573,0.002138,32.24,64.2039214009688
18022,-8.243275,-3.720241,4.368098,-0.010079,0.016188,0.000305,32.21,64.2199521606586
18032,-8.233105,-3.713063,4.368696,-0.012217,0.016646,-0.00336,32.23,64.1865202486056
18042,-8.24148,-3.731607,4.365705,-0.014813,0.017715,-0.006567,32.23,64.2397993880829
18052,-8.249854,-3.725027,4.365107,-0.018631,0.018021,-0.010079,32.26,64.2550594660394
18062,-8.247462,-3.742973,4.353741,-0.020617,0.018021,-0.012523,32.26,64.3263624911579
18072,-8.243275,-3.742973,4.351348,-0.023671,0.01741,-0.01573,32.23,64.3292429631205
18082,-8.238488,-3.750151,4.346562,-0.025809,0.016035,-0.018784,32.23,64.3504278226811
18092,-8.237292,-3.738187,4.347161,-0.0281,0.01573,-0.020006,32.2,64.3324211040579
18102,-8.228318,-3.742374,4.342973,-0.030391,0.014813,-0.022144,32.2,64.3380539042828
18112,-8.223534,-3.74716,4.334,-0.031918,0.013744,-0.023671,32.22,64.3784201794264
18122,-8.22772,-3.750151,4.326822,-0.033292,0.012217,-0.024587,32.22,64.4278949666497
18132,-8.222935,-3.759125,4.336392,-0.034667,0.010385,-0.025962,32.21,64.3770250275874
18142,-8.225926,-3.75075,4.32742,-0.034361,0.009163,-0.025809,32.21,64.4213966481836
18152,-8.216953,-3.756134,4.32742,-0.034819,0.007789,-0.024435,32.23,64.4067617653947
18162,-8.208578,-3.751348,4.323233,-0.03375,0.00672,-0.023671,32.23,64.4046223115107
18172,-8.21157,-3.757928,4.316652,-0.034208,0.00504,-0.023366,32.23,64.4520932621828
18182,-8.193025,-3.755535,4.319045,-0.032529,0.001833,-0.0197,32.23,64.3955656455996
18192,-8.200203,-3.754339,4.309474,-0.029474,0.001069,-0.017868,32.23,64.4599723481082
18202,-8.201998,-3.750151,4.318447,-0.027336,0.000305,-0.014813,32.25,64.4133090386343
18212,-8.194221,-3.751348,4.312464,-0.025198,-0.001222,-0.012828,32.25,64.4279737752421
18222,-8.205587,-3.751946,4.305884,-0.021686,-0.001222,-0.010079,32.22,64.4881733705927
18232,-8.224131,-3.748955,4.283153,-0.017868,-0.000764,-0.009468,32.22,64.6442481863799
18242,-8.226524,-3.748955,4.294518,-0.009774,0.002749,-0.010996,32.22,64.5907934744166
18252,-8.214561,-3.731607,4.305286,-0.003818,0.003207,-0.011759,32.22,64.4906025796251
18262,-8.198408,-3.734598,4.307081,0.000916,0.00168,-0.011759,32.25,64.4480351102896
18272,-8.204391,-3.739383,4.311867,0.003207,0.000458,-0.010232,32.25,64.4416500479904
18282,-8.19781,-3.749553,4.322036,0.005498,-0.000764,-0.007789,32.27,64.384714294511
18292,-8.194819,-3.738786,4.318447,0.007483,-0.00168,-0.004887,32.27,64.3854366866153
18302,-8.198408,-3.744768,4.318447,0.008247,-0.002443,-0.001069,32.25,64.3996851854878
18312,-8.205587,-3.741179,4.324429,0.008552,-0.002291,0.001374,32.25,64.3812583412611
18322,-8.214561,-3.736392,4.325625,0.009316,-0.002291,0.003207,32.22,64.3903903274781
18332,-8.199606,-3.725027,4.333402,0.009927,-0.002443,0.005803,32.22,64.3047968569025
18342,-8.222337,-3.732205,4.338188,0.009774,-0.003207,0.008399,32.24,64.3388157258793
18352,-8.22772,-3.731607,4.337589,0.009316,-0.003971,0.009774,32.24,64.3534272516272
18362,-8.218149,-3.735196,4.342973,0.007636,-0.004429,0.01069,32.25,64.3077662057918
18372,-8.222935,-3.731009,4.344768,0.006872,-0.004734,0.010996,32.24,64.3050281615091
18382,-8.233105,-3.722036,4.345366,0.005651,-0.00504,0.010996,32.24,64.3157306671649
18392,-8.222935,-3.720839,4.351348,0.003971,-0.005498,0.010385,32.25,64.2607158463631
18402,-8.228917,-3.722634,4.350152,0.002291,-0.005651,0.00901,32.25,64.2822373211126
18412,-8.239684,-3.716054,4.348357,0.000153,-0.00504,0.008094,32.23,64.3090835647414
18422,-8.221141,-3.719045,4.34417,-0.000764,-0.004734,0.008705,32.23,64.2918099952334
18432,-8.22772,-3.732205,4.360321,-0.002291,-0.003207,0.008399,32.22,64.2369968753713
18442,-8.23131,-3.719643,4.353143,-0.004276,-0.002443,0.00733,32.22,64.2691904919829
18452,-8.227122,-3.716054,4.368098,-0.00504,-0.001527,0.005345,32.21,64.1790903407052
18462,-8.235497,-3.72383,4.356732,-0.006567,-0.000916,0.003971,32.21,64.2644622674705
18472,-8.23131,-3.724428,4.359125,-0.008399,0.000916,0.00336,32.23,64.24329983326
18482,-8.225328,-3.722036,4.35733,-0.010385,0.00168,0.002291,32.23,64.2365547143393
18492,-8.230114,-3.712464,4.360919,-0.011148,0.003665,0.002291,32.29,64.2191290555151
18502,-8.226524,-3.719643,4.354339,-0.012828,0.004581,0,32.29,64.2522092085739
18512,-8.22473,-3.732205,4.354938,-0.014508,0.006872,-0.000916,32.26,64.2579359743487
18522,-8.231908,-3.734,4.349553,-0.015424,0.007789,-0.002596,32.26,64.303696780839
18532,-8.231908,-3.720241,4.35733,-0.019242,0.011301,-0.005192,32.22,64.2496053378082
18542,-8.222935,-3.722634,4.354938,-0.0197,0.012981,-0.005803,32.28,64.2440657935557
18552,-8.22772,-3.732205,4.345366,-0.020617,0.014203,-0.006567,32.28,64.3139706745555
18562,-8.221141,-3.733402,4.34417,-0.021228,0.015119,-0.007025,32.23,64.3065116993893
18572,-8.22473,-3.731607,4.336392,-0.021075,0.015272,-0.007941,32.23,64.3528584150649
18582,-8.213962,-3.732205,4.337589,-0.021686,0.015577,-0.008705,32.23,64.3230058646148
18592,-8.223534,-3.725625,4.334,-0.021533,0.014813,-0.008858,32.23,64.3563812493476
18602,-8.221739,-3.737589,4.329813,-0.021838,0.014661,-0.009316,32.21,64.3861679786023
18612,-8.222935,-3.732205,4.325625,-0.021686,0.014355,-0.009163,32.21,64.4049631430731
18622,-8.227122,-3.733402,4.323831,-0.021075,0.012675,-0.008858,32.2,64.4248633714443
18632,-8.209774,-3.723232,4.319643,-0.02138,0.011301,-0.009468,32.2,64.397028727165
18642,-8.233703,-3.723232,4.320241,-0.020311,0.010232,-0.00901,32.27,64.4478280259913
18652,-8.221739,-3.73041,4.306482,-0.020006,0.007636,-0.007789,32.27,64.4993219436245
18662,-8.221141,-3.724428,4.319643,-0.018631,0.005192,-0.007636,32.25,64.4238690532159
18672,-8.223534,-3.726223,4.315455,-0.017715,0.00336,-0.00733,32.25,64.4527177818307
18682,-8.231908,-3.735196,4.31067,-0.017562,0.000305,-0.007789,32.2,64.505375653197
18692,-8.227122,-3.737589,4.307081,-0.016646,-0.002596,-0.00733,32.2,64.5156187382237
18702,-8.227122,-3.736991,4.308277,-0.016341,-0.007636,-0.005651,32.23,64.5088303680767
18712,-8.213962,-3.738187,4.313063,-0.015424,-0.00901,-0.005345,32.24,64.4557702321337
18722,-8.215158,-3.734598,4.311867,-0.014813,-0.01237,-0.00504,32.24,64.460970692723
18732,-8.224131,-3.736991,4.307081,-0.015119,-0.014203,-0.005345,32.23,64.5083013880254
18742,-8.242078,-3.739383,4.289135,-0.013744,-0.01573,-0.005192,32.23,64.6436386834738
18752,-8.229516,-3.728018,4.298108,-0.009316,-0.016035,-0.007636,32.23,64.5576345985156
18762,-8.206185,-3.734598,4.311867,-0.006872,-0.014355,-0.009927,32.23,64.4407828424242
18772,-8.218747,-3.742374,4.31725,-0.006567,-0.015272,-0.010232,32.25,64.4491772501813
18782,-8.218747,-3.74058,4.322634,-0.005803,-0.016188,-0.009774,32.25,64.4195424896973
18792,-8.222935,-3.738187,4.322634,-0.006261,-0.016188,-0.009316,32.25,64.4265126238448
18802,-8.209177,-3.736392,4.323233,-0.006872,-0.017104,-0.008247,32.25,64.3906125888681
18812,-8.210373,-3.739982,4.342375,-0.00672,-0.017715,-0.007178,32.24,64.2982084494191
18822,-8.205587,-3.734,4.343571,-0.007178,-0.018173,-0.006567,32.24,64.275067451263
18832,-8.202596,-3.731009,4.338786,-0.007941,-0.018631,-0.006872,32.25,64.2899131778898
18842,-8.206783,-3.726821,4.334,-0.008247,-0.018937,-0.005803,32.25,64.3197840895021
18852,-8.207382,-3.734,4.335197,-0.00901,-0.018479,-0.005803,32.25,64.3223317082853
18862,-8.213365,-3.720241,4.337589,-0.00901,-0.018326,-0.005498,32.25,64.3093929844489
18872,-8.206185,-3.735795,4.337589,-0.009468,-0.018784,-0.005803,32.23,64.309128514069
18882,-8.21157,-3.725625,4.344768,-0.00901,-0.018631,-0.005651,32.25,64.2738204129364
18892,-8.212766,-3.726821,4.348955,-0.00901,-0.017104,-0.005956,32.25,64.2561685643497
18902,-8.200203,-3.733402,4.354938,-0.010079,-0.016799,-0.005651,32.25,64.2036440889367
18912,-8.215756,-3.719643,4.354339,-0.010079,-0.014966,-0.005498,32.25,64.2278267264729
18922,-8.199007,-3.735795,4.365107,-0.009927,-0.012217,-0.005498,32.24,64.1510070746886
18932,-8.212168,-3.728616,4.360919,-0.010537,-0.009774,-0.005498,32.24,64.1950248276805
18942,-8.206185,-3.725027,4.359125,-0.012065,-0.007941,-0.005192,32.25,64.186999387634
18952,-8.2014,-3.71725,4.36391,-0.012217,-0.004734,-0.005345,32.25,64.1434594587279
18962,-8.209774,-3.724428,4.365107,-0.01237,-0.00168,-0.004581,32.21,64.1637190835128
18972,-8.200203,-3.719643,4.36391,-0.012981,0.001527,-0.004123,32.21,64.143204832777
18982,-8.203793,-3.727419,4.369893,-0.013439,0.004581,-0.004429,32.2,64.1285785096979
18992,-8.209177,-3.717848,4.37408,-0.015272,0.008552,-0.00504,32.2,64.1093995733141
19002,-8.209177,-3.726223,4.362714,-0.015882,0.011301,-0.005192,32.26,64.1765343520559
19012,-8.223534,-3.732804,4.362714,-0.017104,0.014661,-0.00504,32.26,64.2158349467925
19022,-8.210373,-3.731607,4.366901,-0.018173,0.016646,-0.006414,32.22,64.163241852646
19032,-8.205587,-3.738187,4.359723,-0.019242,0.019395,-0.005345,32.22,64.1961337348892
19042,-8.218149,-3.728616,4.364508,-0.0197,0.021075,-0.00504,32.25,64.1901077514484
19052,-8.209177,-3.726821,4.355535,-0.020922,0.025504,-0.00504,32.24,64.214129377089
19062,-8.221141,-3.746562,4.356134,-0.02138,0.027184,-0.004429,32.24,64.2584214962249
19072,-8.215756,-3.727419,4.345366,-0.022449,0.029016,-0.004429,32.23,64.2820465232728
19082,-8.209177,-3.725625,4.354938,-0.021991,0.029169,-0.004581,32.23,64.2159750691955
19092,-8.216953,-3.74058,4.346562,-0.021686,0.029932,-0.003054,32.21,64.2921003761217
19102,-8.215756,-3.739982,4.341179,-0.021686,0.029322,-0.001527,32.21,64.3165258840617
19112,-8.219944,-3.741776,4.331607,-0.021686,0.029169,-0.000611,32.22,64.377161418453
19122,-8.212168,-3.738187,4.325625,-0.021991,0.029169,0.000305,32.22,64.3868394889949
19132,-8.219944,-3.742374,4.323233,-0.021533,0.028253,0.001985,32.24,64.4209788977397
19142,-8.225328,-3.742973,4.315455,-0.020006,0.027184,0.003207,32.24,64.4738355093849
19152,-8.219346,-3.74716,4.322036,-0.018937,0.026267,0.004581,32.2,64.430713788584
19162,-8.213365,-3.745964,4.304688,-0.019242,0.023518,0.004734,32.2,64.5056833437972
19172,-8.22473,-3.745964,4.311268,-0.01741,0.022297,0.005651,32.25,64.4971686566796
19182,-8.255239,-3.750151,4.274778,-0.015119,0.020311,0.005498,32.25,64.7580222401834
19192,-8.257033,-3.743571,4.25384,-0.008858,0.01909,0.00168,32.26,64.8637285696424
19202,-8.239684,-3.744768,4.279563,-0.002749,0.018479,-0.00336,32.26,64.693256084354
19212,-8.217552,-3.747759,4.305884,0.001069,0.01573,-0.00504,32.2,64.5107267739405
19223,-8.224131,-3.746562,4.296313,0.001985,0.008705,-0.004123,32.22,64.573722140812
19232,-8.216953,-3.74716,4.303492,0.003054,0.005803,-0.003665,32.22,64.5211371727971
19242,-8.226524,-3.74716,4.296911,0.002902,0.001833,-0.00336,32.19,64.5765920898642
19252,-8.236095,-3.742973,4.290331,0.002749,-0.003971,-0.003512,32.19,64.6277412404641
19262,-8.258228,-3.748357,4.292126,0.00336,-0.009163,-0.005651,32.23,64.6732376747366
19272,-8.240881,-3.733402,4.302894,0.004581,-0.013897,-0.007483,32.23,64.5638111029655
19282,-8.239087,-3.737589,4.304688,0.004887,-0.01909,-0.008705,32.23,64.5547792634311
19292,-8.239684,-3.735795,4.307679,0.005651,-0.023976,-0.009316,32.23,64.5388510394939
19302,-8.230712,-3.736991,4.31067,0.004429,-0.027794,-0.01069,32.24,64.5045206914658
19312,-8.233105,-3.734,4.311867,0.00336,-0.03146,-0.011148,32.24,64.5006624866046
19322,-8.233703,-3.733402,4.322036,0.002291,-0.034667,-0.01237,32.23,64.4489145824302
19332,-8.232506,-3.72383,4.322634,0.001833,-0.036957,-0.013134,32.23,64.4333953198201
19342,-8.236095,-3.725027,4.322634,0.000916,-0.039859,-0.014355,32.25,64.4426825165963
19352,-8.229516,-3.735196,4.331607,0.000153,-0.04215,-0.014661,32.25,64.3919735532401
19362,-8.22473,-3.729812,4.34058,-0.00168,-0.042761,-0.014203,32.21,64.3294348214913
19372,-8.226524,-3.723232,4.34417,-0.002291,-0.043219,-0.014813,32.21,64.3082555957491
19382,-8.221141,-3.722036,4.351348,-0.003054,-0.041997,-0.014813,32.26,64.25788257977
19392,-8.209177,-3.723232,4.35733,-0.004734,-0.040623,-0.014508,32.26,64.2011880327024
19402,-8.199606,-3.718446,4.355535,-0.005803,-0.038485,-0.01405,32.23,64.1837857602489
19412,-8.196614,-3.711268,4.363312,-0.005956,-0.034972,-0.013134,32.25,64.1294808860619
19422,-8.201998,-3.706482,4.373481,-0.00672,-0.030849,-0.011454,32.25,64.0844195878598
19432,-8.193025,-3.720839,4.366303,-0.007789,-0.027184,-0.009927,32.23,64.1157737214167
19442,-8.187043,-3.716054,4.377669,-0.00733,-0.022297,-0.008399,32.23,64.0386127610436
19452,-8.185846,-3.705286,4.375875,-0.007025,-0.016799,-0.00672,32.25,64.0339670347009
19462,-8.172686,-3.716652,4.38066,-0.007178,-0.011454,-0.005803,32.25,63.9909915427241
19472,-8.17149,-3.71067,4.382454,-0.006567,-0.004887,-0.00336,32.26,63.9727769525485
19482,-8.17448,-3.714857,4.388436,-0.006414,0.001069,-0.003054,32.26,63.9531647624277
19492,-8.182856,-3.709473,4.378866,-0.005956,0.007178,-0.001527,32.23,64.0160518398363
19502,-8.179864,-3.717848,4.38066,-0.005345,0.014203,0.000611,32.23,64.0086596086631
19512,-8.185248,-3.725625,4.389035,-0.00504,0.020617,0.001985,32.25,63.9859341324863
19522,-8.179267,-3.722036,4.378866,-0.004581,0.027031,0.003207,32.25,64.0208920348168
19532,-8.182856,-3.721437,4.38066,-0.003971,0.031918,0.004276,32.23,64.0192284072927
19542,-8.19123,-3.71725,4.369295,-0.003512,0.037568,0.005803,32.23,64.0925520976804
19552,-8.190632,-3.715455,4.373481,-0.004123,0.041692,0.005956,32.23,64.0677608590053
19562,-8.201998,-3.719045,4.368696,-0.003818,0.045051,0.006261,32.23,64.1220161373436
19572,-8.216953,-3.717848,4.357928,-0.003665,0.050549,0.005651,32.25,64.2102107752789
19582,-8.216354,-3.729812,4.359125,-0.005345,0.052076,0.005345,32.25,64.2149763971087
19592,-8.220542,-3.725027,4.345366,-0.005498,0.053451,0.003818,32.25,64.2904140669647
19602,-8.235497,-3.728616,4.346562,-0.006567,0.052993,0.003512,32.21,64.321683859419
19612,-8.246863,-3.727419,4.344768,-0.008705,0.05284,0.00168,32.21,64.3553020887239
19622,-8.240283,-3.733402,4.325625,-0.009621,0.051465,-0.000153,32.18,64.4451830679849
19632,-8.246863,-3.729214,4.334,-0.010385,0.04948,-0.001833,32.18,64.4125540162291
19642,-8.25165,-3.741776,4.332206,-0.013286,0.046731,-0.003665,32.29,64.4452981424325
19652,-8.258827,-3.736392,4.323831,-0.015272,0.043371,-0.005956,32.29,64.4990255381474
19662,-8.261818,-3.743571,4.31725,-0.017104,0.038943,-0.008705,32.28,64.5468664172066
19672,-8.259426,-3.738187,4.314857,-0.018479,0.035277,-0.010232,32.28,64.5484055547641
19682,-8.267202,-3.74716,4.31067,-0.021228,0.031154,-0.011759,32.23,64.5963916224158
19692,-8.260622,-3.734,4.305884,-0.02306,0.02642,-0.014203,32.23,64.5931010721923
19702,-8.268398,-3.739383,4.301697,-0.025198,0.021533,-0.015882,32.21,64.637450982084
19712,-8.252846,-3.745365,4.298706,-0.026114,0.016035,-0.018021,32.21,64.6242685574293
19722,-8.242676,-3.742973,4.301099,-0.027642,0.010537,-0.018631,32.24,64.5867987428065
19732,-8.236693,-3.74716,4.294518,-0.028405,0.004887,-0.020464,32.24,64.611683098934
19742,-8.240881,-3.75075,4.290929,-0.029016,-0.00504,-0.021838,32.23,64.6432156120581
19752,-8.236693,-3.75075,4.287939,-0.028405,-0.010232,-0.021838,32.23,64.6493349225902
19762,-8.231908,-3.74716,4.295117,-0.0281,-0.014661,-0.021686,32.23,64.5979010633203
19772,-8.222935,-3.744169,4.292724,-0.027031,-0.018631,-0.020617,32.24,64.5871720803054
19782,-8.224131,-3.747759,4.289135,-0.025656,-0.02306,-0.018631,32.24,64.6120712458512
19792,-8.215158,-3.745964,4.297509,-0.024129,-0.026725,-0.018021,32.24,64.546836131774
19802,-8.212168,-3.741776,4.295117,-0.02306,-0.02978,-0.016799,32.24,64.548235078743
19812,-8.21157,-3.739982,4.299304,-0.021075,-0.032529,-0.014813,32.24,64.5233901369852
19822,-8.2014,-3.739982,4.302295,-0.018784,-0.034667,-0.011606,32.24,64.4850658932795
19832,-8.208578,-3.734,4.309474,-0.016952,-0.037263,-0.009927,32.23,64.4579331115282
19842,-8.209177,-3.732804,4.306482,-0.014966,-0.037568,-0.008094,32.23,64.4735345595984
19852,-8.193623,-3.733402,4.308876,-0.012065,-0.038179,-0.004276,32.22,64.4267314678541
19862,-8.200203,-3.731009,4.320241,-0.009621,-0.038332,-0.00168,32.22,64.3803126209683
19872,-8.203793,-3.744768,4.324429,-0.00733,-0.037874,0.001069,32.25,64.3809051997171
19882,-8.194819,-3.729214,4.325625,-0.006567,-0.037568,0.003818,32.25,64.3384673579799
19892,-8.205587,-3.737589,4.33041,-0.004276,-0.036805,0.006261,32.26,64.346679851458
19902,-8.200802,-3.726821,4.336392,-0.001985,-0.035277,0.008552,32.26,64.2939052351545
19912,-8.194819,-3.720241,4.339982,-0.001374,-0.032376,0.013439,32.23,64.2550380491232
19922,-8.209774,-3.722634,4.344768,-0.000611,-0.031307,0.014966,32.24,64.2666846857623
19932,-8.255239,-3.727419,4.316652,0.001985,-0.02978,0.013439,32.24,64.5189027305878
19942,-8.268398,-3.713063,4.33041,0.007789,-0.030543,0.005956,32.25,64.4630420082525
19952,-8.216953,-3.709473,4.34417,0.010843,-0.032376,0.000458,32.25,64.2725419572723
19962,-8.204391,-3.73041,4.358526,0.010537,-0.032223,-0.000916,32.27,64.1915637530036
19972,-8.200802,-3.726223,4.364508,0.009774,-0.030543,-0.000611,32.27,64.1482766180681
19982,-8.199007,-3.727419,4.366303,0.008247,-0.027031,0.00168,32.25,64.1361859430397
19992,-8.202596,-3.726821,4.368098,0.006872,-0.023976,0.003665,32.25,64.1344818532356
20002,-8.212168,-3.718446,4.372285,0.005498,-0.021228,0.003512,32.24,64.126053818402
20012,-8.202596,-3.713063,4.373481,0.00336,-0.017562,0.003207,32.24,64.092567049448
20022,-8.212168,-3.724428,4.380062,0.000916,-0.013897,0.002902,32.21,64.0922190953723
20032,-8.21157,-3.719045,4.381258,-0.002138,-0.01069,0.000916,32.21,64.0791587116329
20042,-8.210373,-3.722036,4.387838,-0.004581,-0.007483,-0.000611,32.27,64.0456982560035
20052,-8.217552,-3.714857,4.383651,-0.006567,-0.003818,-0.001527,32.27,64.076161199057
20062,-8.212766,-3.720839,4.386044,-0.009316,0.000458,-0.003054,32.27,64.0591313233069
20072,-8.218747,-3.728616,4.384848,-0.011759,0.003818,-0.005651,32.27,64.0869010418133
20082,-8.209177,-3.723232,4.386642,-0.01405,0.008705,-0.010079,32.24,64.0503553116329
20092,-8.215756,-3.729214,4.383651,-0.018479,0.017104,-0.011759,32.22,64.0868689031936
20102,-8.210971,-3.711866,4.382454,-0.020922,0.021533,-0.012981,32.22,64.0642465065707
20112,-8.204391,-3.734598,4.378268,-0.022297,0.025656,-0.014813,32.22,64.0942671372745
20122,-8.199007,-3.724428,4.373481,-0.023213,0.02978,-0.016341,32.22,64.0961301960888
20132,-8.212168,-3.741776,4.375276,-0.023976,0.03543,-0.017257,32.22,64.1347331992889
20142,-8.206783,-3.738187,4.360919,-0.025045,0.037721,-0.018326,32.22,64.1926848372439
20152,-8.202596,-3.739383,4.369893,-0.024587,0.041844,-0.016952,32.24,64.1382275601389
20162,-8.199007,-3.731607,4.359125,-0.024435,0.045051,-0.016035,32.24,64.1774963553037
20172,-8.192427,-3.746562,4.350152,-0.024129,0.0478,-0.015272,32.26,64.2243078001693
20182,-8.199606,-3.74058,4.342375,-0.024435,0.050091,-0.014661,32.26,64.2744902655879
20192,-8.199007,-3.739982,4.34058,-0.022755,0.051618,-0.014508,32.21,64.2817810205411
20202,-8.196614,-3.739982,4.329215,-0.021228,0.052534,-0.012065,32.21,64.3350570042179
20212,-8.196015,-3.737589,4.322634,-0.020006,0.052382,-0.010537,32.27,64.3652522388788
20222,-8.204989,-3.748955,4.315455,-0.018326,0.052229,-0.008399,32.27,64.4342718929787
20232,-8.20798,-3.751348,4.310072,-0.016188,0.050396,-0.00733,32.21,64.4712763962765
20242,-8.219346,-3.747759,4.313063,-0.014508,0.04948,-0.004887,32.21,64.4776564681938
20252,-8.225328,-3.745964,4.299304,-0.013286,0.047037,-0.002749,32.25,64.5603263806695
20262,-8.232506,-3.743571,4.292126,-0.009316,0.039859,0.000458,32.25,64.6110523878521
20272,-8.225328,-3.746562,4.287939,-0.008399,0.03543,0.001833,32.26,64.6197157472437
20282,-8.230712,-3.739982,4.277769,-0.007636,0.030238,0.002902,32.24,64.6776960547761
20292,-8.23789,-3.748357,4.282554,-0.005803,0.024893,0.002596,32.24,64.6774225861978
20302,-8.246264,-3.754339,4.276572,-0.005345,0.020006,0.004429,32.25,64.7330473659132
20312,-8.252247,-3.739383,4.281358,-0.004429,0.014661,0.004734,32.25,64.7064999509158
20322,-8.248658,-3.731009,4.282554,-0.003971,0.008552,0.004123,32.26,64.6838799514372
20332,-8.240283,-3.745365,4.293322,-0.003971,0.002596,0.005803,32.26,64.6240542057283
20342,-8.266603,-3.744169,4.266403,-0.003971,-0.004123,0.005803,32.22,64.820500139665
20352,-8.278568,-3.741776,4.274778,-0.001374,-0.011606,0.000916,32.22,64.8013207160301
20362,-8.266006,-3.739982,4.282554,0.000764,-0.019395,-0.003818,32.23,64.7315105510199
20372,-8.245069,-3.726821,4.281358,0.001222,-0.02642,-0.006109,32.23,64.6778408169485
20382,-8.2349,-3.728018,4.302894,0.000916,-0.031612,-0.00733,32.21,64.5449588278023
20392,-8.237292,-3.735795,4.301697,0.000153,-0.036499,-0.00672,32.21,64.5643905927568
20402,-8.230114,-3.74058,4.313661,-0.000458,-0.039554,-0.005803,32.24,64.4913923561345
20412,-8.221739,-3.729214,4.305884,-0.001527,-0.04215,-0.006261,32.24,64.5011952189945
20422,-8.22473,-3.735196,4.322036,-0.002443,-0.045051,-0.004887,32.23,64.4305792864893
20432,-8.233703,-3.729812,4.334,-0.004429,-0.0478,-0.005803,32.23,64.3835671921203
20442,-8.215158,-3.729812,4.338188,-0.005192,-0.048564,-0.004887,32.24,64.3201625200676
20452,-8.212168,-3.719045,4.345964,-0.006109,-0.049175,-0.005192,32.23,64.2622545852073
20462,-8.212168,-3.716652,4.351946,-0.006414,-0.049175,-0.005345,32.23,64.2289570348876
20472,-8.212168,-3.71067,4.346562,-0.006567,-0.046578,-0.005192,32.25,64.2505858251423
20482,-8.225328,-3.726223,4.359723,-0.007789,-0.045509,-0.005956,32.25,64.2285295191557
20492,-8.221739,-3.727419,4.365107,-0.009163,-0.042913,-0.006414,32.2,64.1939302980733
20502,-8.218149,-3.716054,4.369893,-0.010385,-0.039859,-0.007178,32.2,64.1494923578611
20512,-8.208578,-3.726223,4.366901,-0.010996,-0.036346,-0.007941,32.21,64.1536173009913
20523,-8.206185,-3.715455,4.372285,-0.011301,-0.032987,-0.007178,32.21,64.1093633399904
20532,-8.204989,-3.722036,4.377669,-0.012065,-0.028405,-0.00733,32.21,64.0857225858367
20542,-8.194221,-3.710072,4.381258,-0.011912,-0.023671,-0.008247,32.21,64.0303314301449
20552,-8.199007,-3.713661,4.38066,-0.012981,-0.018784,-0.008094,32.25,64.04804674238
20562,-8.192427,-3.706482,4.375875,-0.013134,-0.013897,-0.007636,32.25,64.0502447072227
20572,-8.18764,-3.723232,4.379463,-0.013134,-0.008399,-0.005651,32.23,64.0381815877038
20582,-8.188239,-3.711268,4.371089,-0.013897,-0.003054,-0.007025,32.23,64.070293898397
20592,-8.192427,-3.720241,4.381258,-0.014661,0.001985,-0.005803,32.21,64.0367634686306
20602,-8.199007,-3.72383,4.376472,-0.015272,0.006567,-0.00504,32.21,64.0801153495998
20612,-8.199007,-3.717848,4.377071,-0.016799,0.016799,-0.00504,32.23,64.0708468034527
20622,-8.196015,-3.734598,4.368098,-0.017104,0.020769,-0.003207,32.22,64.1275668363579
20632,-8.202596,-3.726821,4.353143,-0.016952,0.025045,-0.004276,32.22,64.211536902954
20642,-8.206783,-3.722634,4.350152,-0.01573,0.029322,-0.004123,32.22,64.2321426390155
20652,-8.213962,-3.720241,4.34417,-0.015119,0.032987,-0.005956,32.22,64.2767942489527
20662,-8.204989,-3.736392,4.348357,-0.014203,0.036652,-0.006414,32.23,64.2514970542097
20672,-8.205587,-3.722036,4.349553,-0.013439,0.039248,-0.006872,32.23,64.2319052740701
20682,-8.207382,-3.726821,4.347161,-0.013286,0.040775,-0.006567,32.22,64.2532287452902
20692,-8.216953,-3.731009,4.336392,-0.012981,0.041539,-0.005803,32.22,64.3347055291864
20702,-8.209774,-3.732205,4.332206,-0.013592,0.04047,-0.005192,32.23,64.3413281467035
20712,-8.219944,-3.732205,4.323233,-0.013592,0.040775,-0.004734,32.23,64.410576873773
20722,-8.214561,-3.738187,4.326822,-0.013897,0.039401,-0.004581,32.2,64.386050464877
20732,-8.221739,-3.739383,4.324429,-0.014355,0.037568,-0.003971,32.2,64.4157823176796
20742,-8.224131,-3.741179,4.314857,-0.014355,0.035583,-0.003665,32.24,64.472404738117
20752,-8.226524,-3.736991,4.305286,-0.013134,0.033903,-0.00336,32.24,64.5229442668415
20762,-8.231908,-3.744768,4.309474,-0.012523,0.030696,-0.004429,32.21,64.5212967876072
20772,-8.236693,-3.752544,4.302894,-0.011454,0.026878,-0.005345,32.21,64.5738901189959
20782,-8.221739,-3.759125,4.307679,-0.010079,0.0197,-0.006109,32.29,64.5224586535366
20792,-8.233703,-3.752544,4.307081,-0.009316,0.015272,-0.006567,32.24,64.5455910955861
20802,-8.237292,-3.756134,4.311867,-0.009927,0.010996,-0.007483,32.24,64.5325760969616
20812,-8.236693,-3.750151,4.299902,-0.009927,0.007483,-0.006872,32.23,64.5869068805098
20822,-8.22772,-3.752544,4.302295,-0.010079,0.003665,-0.007025,32.23,64.5569289424003
20832,-8.23789,-3.74058,4.304688,-0.009621,-0.000305,-0.008399,32.25,64.5551383149237
20842,-8.232506,-3.74716,4.308277,-0.008094,-0.003665,-0.008552,32.25,64.5312527186766
20852,-8.2349,-3.742374,4.307081,-0.00733,-0.006872,-0.009621,32.24,64.5379143617206
20862,-8.240881,-3.731607,4.314259,-0.006567,-0.009163,-0.010079,32.24,64.5033199945565
20872,-8.230712,-3.741179,4.303492,-0.006109,-0.010996,-0.009774,32.24,64.5458606800413
20882,-8.234302,-3.731607,4.313063,-0.005345,-0.013286,-0.011759,32.24,64.4947390908539
20892,-8.219944,-3.741179,4.315455,-0.004887,-0.014966,-0.01237,32.21,64.4599146639189
20902,-8.230114,-3.733402,4.318447,-0.005192,-0.016341,-0.011148,32.21,64.4593726841751
20912,-8.220542,-3.728616,4.329813,-0.005651,-0.01741,-0.012217,32.23,64.3742926634103
20922,-8.229516,-3.735196,4.326224,-0.004581,-0.018326,-0.011301,32.23,64.4197318239157
20932,-8.222935,-3.725625,4.320839,-0.004276,-0.019395,-0.011606,32.25,64.4229525690522
20942,-8.209774,-3.728616,4.328616,-0.004581,-0.020006,-0.011454,32.25,64.356182533846
20952,-8.210373,-3.729214,4.331607,-0.004734,-0.020006,-0.012065,32.25,64.3427042760426
20962,-8.215158,-3.724428,4.34417,-0.004887,-0.0197,-0.01069,32.25,64.2837926722195
20972,-8.219944,-3.720241,4.334598,-0.004276,-0.018937,-0.009621,32.25,64.3396927681341
20982,-8.208578,-3.719045,4.342375,-0.004734,-0.018021,-0.008552,32.23,64.2726379994928
20992,-8.209177,-3.725027,4.34417,-0.00504,-0.017104,-0.008705,32.23,64.2708749054139
21002,-8.206783,-3.720241,4.342375,-0.005345,-0.015882,-0.007483,32.21,64.2698002014113
21012,-8.216953,-3.720241,4.348955,-0.005192,-0.014966,-0.006414,32.21,64.258895044005
21022,-8.224131,-3.719045,4.341777,-0.005803,-0.013592,-0.005345,32.2,64.3109043452672
21032,-8.194819,-3.726821,4.354938,-0.005956,-0.011759,-0.003818,32.2,64.1846302343221
21042,-8.208578,-3.72383,4.35075,-0.00733,-0.010843,-0.002443,32.22,64.234357384356
21052,-8.204989,-3.721437,4.355535,-0.007025,-0.008552,-0.00168,32.22,64.1990895748869
21062,-8.201998,-3.725625,4.351348,-0.007483,-0.007636,-0.001527,32.21,64.2182041188579
21072,-8.207382,-3.725625,4.352544,-0.008399,-0.005651,-0.000458,32.21,64.2242447457128
21082,-8.209177,-3.722634,4.348955,-0.00901,-0.003971,0.000916,32.2,64.2437401259114
21092,-8.205587,-3.716652,4.359125,-0.008705,-0.001527,0.002443,32.2,64.1770192805622
21102,-8.205587,-3.725027,4.356732,-0.009163,-0.000305,0.003207,32.19,64.1979733456615
21112,-8.210373,-3.716054,4.348955,-0.009468,0.002138,0.003665,32.19,64.2396946727116
21122,-8.212168,-3.728018,4.350152,-0.009468,0.004581,0.005345,32.21,64.2498752193585
21132,-8.208578,-3.726223,4.360321,-0.010232,0.007636,0.005345,32.2,64.1874995421892
21142,-8.212766,-3.72383,4.356732,-0.010843,0.009163,0.006261,32.2,64.213021632947
21152,-8.214561,-3.723232,4.356134,-0.011148,0.011148,0.005651,32.26,64.2195558430405
21162,-8.209774,-3.735795,4.34417,-0.010996,0.011912,0.006109,32.26,64.2832927719684
21172,-8.213365,-3.74716,4.350152,-0.01069,0.012981,0.005956,32.21,64.2722764025278
21182,-8.226524,-3.738187,4.352544,-0.010996,0.014203,0.004887,32.21,64.2804441962633
21192,-8.220542,-3.729812,4.346562,-0.012065,0.015577,0.003971,32.24,64.2891537294387
21202,-8.220542,-3.734598,4.347161,-0.01237,0.01573,0.003971,32.24,64.290975599046
21212,-8.221739,-3.731009,4.346562,-0.01237,0.016188,0.002749,32.23,64.2930845630029
21224,-8.212766,-3.731009,4.34417,-0.012981,0.016799,0.001833,32.23,64.2851372528744
21232,-8.222935,-3.739383,4.344768,-0.012981,0.016341,0.001222,32.28,64.3136112734391
21242,-8.228917,-3.732804,4.336392,-0.013286,0.01741,0.000916,32.28,64.363516534094
21252,-8.230712,-3.742374,4.341179,-0.014355,0.016799,-0.000764,32.2,64.3526826651827
21262,-8.226524,-3.739982,4.325625,-0.015272,0.016188,-0.002138,32.2,64.4209827470532
21272,-8.230712,-3.732804,4.333402,-0.01573,0.014966,-0.002749,32.21,64.382969496486
21282,-8.221141,-3.748357,4.32742,-0.016646,0.014661,-0.004734,32.21,64.4081946476748
21292,-8.226524,-3.743571,4.323831,-0.01741,0.01237,-0.00504,32.22,64.4339051934073
21302,-8.228917,-3.744768,4.319045,-0.020617,0.010079,-0.007483,32.25,64.4651921395919
21312,-8.242078,-3.745964,4.31067,-0.020922,0.008399,-0.008552,32.25,64.5391004182769
21322,-8.240283,-3.73041,4.293921,-0.020769,0.007636,-0.010079,32.22,64.6058072299272
21332,-8.249256,-3.732804,4.286144,-0.017715,0.008858,-0.014355,32.22,64.6684611386678
21342,-8.232506,-3.738786,4.296911,-0.013744,0.010843,-0.016646,32.25,64.5814529346321
21352,-8.2349,-3.74058,4.308876,-0.012828,0.01069,-0.018326,32.25,64.5268213885044
21362,-8.230712,-3.724428,4.30409,-0.01237,0.00901,-0.018784,32.22,64.5257439308309
21372,-8.236095,-3.738786,4.313063,-0.012065,0.007178,-0.017257,32.22,64.5060601470871
21382,-8.228917,-3.741179,4.314857,-0.012217,0.004581,-0.017104,32.2,64.4831442144024
21392,-8.218149,-3.738786,4.320241,-0.012981,0.002443,-0.016035,32.2,64.4287164109444
21402,-8.221141,-3.735196,4.317849,-0.012523,0.000458,-0.014813,32.25,64.444126497852
21412,-8.21157,-3.73041,4.311867,-0.012065,-0.002138,-0.013439,32.25,64.4486179872848
21422,-8.22473,-3.738786,4.314857,-0.011759,-0.00504,-0.012828,32.18,64.4713065302387
21432,-8.221141,-3.729812,4.313063,-0.011301,-0.007789,-0.012065,32.18,64.4633543636324
21442,-8.215756,-3.73041,4.323233,-0.009621,-0.008858,-0.011148,32.21,64.3993093899298
21452,-8.216354,-3.737589,4.31725,-0.008858,-0.010843,-0.009621,32.21,64.438902520024
21462,-8.219944,-3.732804,4.313661,-0.008399,-0.01237,-0.007941,32.25,64.460626541276
21472,-8.21157,-3.729812,4.322036,-0.007178,-0.015577,-0.005498,32.25,64.395446677219
21482,-8.215158,-3.724428,4.323233,-0.00504,-0.015882,-0.004123,32.24,64.3918440774457
21492,-8.207382,-3.726223,4.323831,-0.00336,-0.016188,-0.002749,32.23,64.373049191105
21502,-8.208578,-3.72383,4.320241,-0.003054,-0.016341,-0.001985,32.23,64.3918514208372
21512,-8.220542,-3.732205,4.324429,-0.001833,-0.016646,-0.000764,32.22,64.4057489511344
21522,-8.204391,-3.713063,4.34058,-0.00168,-0.015577,0,32.22,64.2662775040068
21532,-8.228917,-3.721437,4.339384,-0.001374,-0.015424,0.00168,32.25,64.3364885922732
21542,-8.209774,-3.729214,4.344768,-0.001069,-0.014203,0.002443,32.25,64.2734432670992
21552,-8.206783,-3.726223,4.343571,-0.001069,-0.013286,0.002749,32.21,64.2697745778115
21562,-8.213365,-3.727419,4.333402,-0.001069,-0.012675,0.004276,32.21,64.3383543640422
21572,-8.216354,-3.723232,4.346562,-0.001069,-0.011912,0.004887,32.25,64.2729399574378
21582,-8.230712,-3.720241,4.361517,-0.002138,-0.010385,0.004581,32.25,64.2253585490058
21592,-8.219944,-3.711268,4.35733,-0.00336,-0.008399,0.00336,32.21,64.2133292737537
21602,-8.217552,-3.731009,4.354938,-0.003971,-0.007636,0.002291,32.21,64.240476826678
21612,-8.233703,-3.721437,4.365705,-0.00504,-0.005651,0.00168,32.24,64.2118154860574
21622,-8.225328,-3.723232,4.360919,-0.007025,-0.003818,0.000916,32.24,64.2193096075867
21632,-8.221739,-3.722634,4.35733,-0.00901,-0.002596,-0.000764,32.23,64.2290426778833
21642,-8.224131,-3.725027,4.364508,-0.011606,-0.000458,-0.003512,32.23,64.1999748596305
21652,-8.219944,-3.719643,4.366303,-0.015424,0.003054,-0.004276,32.21,64.1757230927369
21662,-8.225926,-3.734598,4.357928,-0.017562,0.004887,-0.005956,32.19,64.2477068973719
21672,-8.231908,-3.732205,4.35733,-0.020311,0.00733,-0.006414,32.19,64.2618447885086
21682,-8.224131,-3.721437,4.35075,-0.022602,0.008247,-0.008247,32.21,64.2671136118424
21692,-8.225328,-3.725625,4.361517,-0.024435,0.009468,-0.009163,32.21,64.2186858413326
21702,-8.224131,-3.736991,4.349553,-0.025809,0.010843,-0.010996,32.2,64.2892135223574
21712,-8.224131,-3.728616,4.348357,-0.026725,0.011606,-0.011454,32.2,64.2867891778423
21722,-8.22473,-3.735196,4.342973,-0.026573,0.013286,-0.011759,32.21,64.3226152361797
21732,-8.224131,-3.734,4.341777,-0.028405,0.013744,-0.013744,32.21,64.32620170533
21742,-8.227122,-3.737589,4.331607,-0.028405,0.015119,-0.013439,32.21,64.3890318335821
21752,-8.218747,-3.735196,4.337589,-0.027794,0.015119,-0.015119,32.21,64.3368711107136
21762,-8.215158,-3.741179,4.325625,-0.026114,0.016188,-0.01405,32.25,64.3966407579684
21772,-8.212168,-3.74058,4.326822,-0.025198,0.017104,-0.013592,32.25,64.3831142161798
21782,-8.210373,-3.742374,4.322036,-0.023671,0.017104,-0.013744,32.2,64.4056261719924
21792,-8.213365,-3.74058,4.311867,-0.021533,0.017257,-0.012828,32.2,64.4630587048782
21802,-8.206185,-3.751946,4.298706,-0.018937,0.017562,-0.011912,32.2,64.5266520613176
21812,-8.215756,-3.747759,4.296911,-0.015577,0.018479,-0.011301,32.2,64.5531034964057
21822,-8.206783,-3.742973,4.293322,-0.009774,0.017868,-0.008858,32.23,64.5466774971663
21832,-8.207382,-3.743571,4.303492,-0.006872,0.017868,-0.007025,32.25,64.495990173371
21842,-8.207382,-3.751946,4.307679,-0.004429,0.016035,-0.005803,32.25,64.4829198975553
21852,-8.216354,-3.751348,4.310072,-0.002749,0.012675,-0.003971,32.23,64.4900695604885
21862,-8.224131,-3.753142,4.298108,-0.000916,0.00901,-0.00504,32.23,64.5711515971628
21872,-8.225926,-3.734,4.294518,0.001374,0.004123,-0.003971,32.23,64.5742378801925
21882,-8.216953,-3.75075,4.296911,0.003207,0.000305,-0.001985,32.23,64.5588398011296
21892,-8.227122,-3.752544,4.303492,0.004276,-0.004276,-0.00168,32.22,64.5494073427207
21902,-8.218747,-3.738786,4.301697,0.00672,-0.008094,-0.000611,32.22,64.5258896507661
21912,-8.235497,-3.737589,4.301099,0.008247,-0.012981,0,32.21,64.5652848300286
21922,-8.221739,-3.742374,4.31067,0.008552,-0.016799,0.000764,32.21,64.4898827567657
21932,-8.233105,-3.736392,4.321437,0.009163,-0.020006,0.00168,32.23,64.4537075876742
21942,-8.224131,-3.728616,4.317849,0.009468,-0.022144,0.002291,32.23,64.4441346309929
21952,-8.216354,-3.736392,4.319045,0.009163,-0.025198,0.001985,32.22,64.4284058552081
21962,-8.238488,-3.731607,4.328616,0.007789,-0.027184,0.001833,32.22,64.4239072836004
21972,-8.220542,-3.73041,4.335197,0.007178,-0.028711,0.001374,32.22,64.3483527638821
21982,-8.219944,-3.719045,4.337589,0.006261,-0.030085,0.000764,32.22,64.3230401108329
21992,-8.223534,-3.734,4.347759,0.00336,-0.030391,-0.001374,32.2,64.2940375879992
22002,-8.21157,-3.729214,4.362116,0.00168,-0.029016,-0.003665,32.23,64.1881216423015
22012,-8.229516,-3.73041,4.374678,-0.000764,-0.026878,-0.004581,32.23,64.1654194376382
22022,-8.216354,-3.718446,4.373481,-0.002138,-0.025198,-0.006109,32.23,64.1294153898549
22032,-8.218747,-3.721437,4.375276,-0.004734,-0.022907,-0.007789,32.23,64.1286973600775
22042,-8.215158,-3.719045,4.367499,-0.00672,-0.020769,-0.009774,32.27,64.1580917360275
22052,-8.216953,-3.728616,4.377669,-0.008399,-0.018173,-0.011606,32.27,64.1197117301058
22062,-8.206783,-3.718446,4.383651,-0.010537,-0.01405,-0.012675,32.25,64.0553340058148
22072,-8.196614,-3.720839,4.371089,-0.012065,-0.010232,-0.013592,32.25,64.0992880832392
22082,-8.209774,-3.731009,4.383053,-0.013744,-0.006109,-0.013897,32.29,64.078194872462
22092,-8.205587,-3.719045,4.372883,-0.013592,-0.002291,-0.014508,32.29,64.1086253365247
22102,-8.198408,-3.710072,4.372285,-0.015272,0.002138,-0.014508,32.21,64.0860953345469
22112,-8.2014,-3.720241,4.373481,-0.017104,0.005651,-0.014203,32.21,64.0972511571635
22122,-8.198408,-3.722036,4.369295,-0.017257,0.010079,-0.014661,32.23,64.1138496927463
22132,-8.194221,-3.729214,4.364508,-0.017104,0.014355,-0.013134,32.23,64.1364090607166
22142,-8.204989,-3.733402,4.365107,-0.017257,0.018173,-0.011912,32.23,64.1621125883299
22152,-8.193025,-3.728018,4.347161,-0.016646,0.021991,-0.011148,32.23,64.2219191568049
22162,-8.193025,-3.72383,4.348955,-0.016341,0.0281,-0.007789,32.2,64.208336893601
22172,-8.194221,-3.723232,4.356134,-0.015424,0.030238,-0.006109,32.27,64.1733965781465
22182,-8.202596,-3.725625,4.345964,-0.014355,0.032987,-0.003971,32.27,64.2473309797197
22192,-8.200802,-3.720839,4.344768,-0.013744,0.034667,-0.002291,32.22,64.2445110231636
22202,-8.206185,-3.720241,4.335197,-0.012675,0.035736,-0.001527,32.22,64.3054989070446
22212,-8.215756,-3.731607,4.34417,-0.012828,0.036805,-0.000611,32.25,64.292508919784
22222,-8.212168,-3.731009,4.338188,-0.011606,0.036957,0.000611,32.25,64.3146371660522
22232,-8.204391,-3.741179,4.328018,-0.011148,0.037568,0.001985,32.21,64.3600248200789
22242,-8.222337,-3.739383,4.334,-0.011606,0.036499,0.002138,32.21,64.3677577024516
22252,-8.220542,-3.739383,4.317849,-0.010843,0.034972,0.003207,32.21,64.4470586515039
22262,-8.222935,-3.739982,4.320839,-0.01069,0.034361,0.004429,32.21,64.4376121326007
22272,-8.227122,-3.722634,4.312464,-0.011301,0.032834,0.003818,32.21,64.4725837767618
22282,-8.250452,-3.739383,4.301099,-0.009316,0.031001,0.001069,32.21,64.6005257636562
22292,-8.246264,-3.738786,4.305286,-0.007636,0.0281,-0.001069,32.23,64.5689561853452
22302,-8.237292,-3.742973,4.302894,-0.007178,0.024282,-0.003054,32.23,64.5654965122564
22312,-8.237292,-3.741179,4.30409,-0.00672,0.021228,-0.003665,32.2,64.5574971908707
22322,-8.233105,-3.747759,4.316652,-0.007483,0.017562,-0.003971,32.2,64.4899808191842
22332,-8.231908,-3.742374,4.304688,-0.007789,0.014508,-0.004734,32.23,64.5435756215807
22342,-8.22772,-3.745964,4.308876,-0.009468,0.005803,-0.005651,32.25,64.5162232545564
22352,-8.246863,-3.739383,4.306482,-0.009927,0.001527,-0.005956,32.25,64.5647278264619
22362,-8.231908,-3.743571,4.310072,-0.009621,-0.00168,-0.005803,32.26,64.5169898887598
22372,-8.247462,-3.747759,4.314259,-0.010232,-0.006567,-0.006414,32.26,64.5344522781252
22382,-8.228917,-3.747759,4.305286,-0.010843,-0.010079,-0.006414,32.19,64.5392763894142
22392,-8.240283,-3.748357,4.30409,-0.010537,-0.013744,-0.007941,32.19,64.5714771872151
22402,-8.22473,-3.741179,4.299304,-0.010079,-0.016952,-0.009163,32.21,64.554112132097
22412,-8.23789,-3.739383,4.304688,-0.009927,-0.020006,-0.009621,32.21,64.5539224988835
22422,-8.231908,-3.739383,4.302295,-0.009163,-0.022602,-0.010843,32.21,64.5528959193423
22432,-8.239087,-3.737589,4.320839,-0.008705,-0.024587,-0.011454,32.21,64.4714345262888
22442,-8.227122,-3.732205,4.310072,-0.008399,-0.02642,-0.012217,32.23,64.494682409315
22452,-8.222337,-3.738786,4.321437,-0.007636,-0.0281,-0.012523,32.23,64.4319587357265
22462,-8.218149,-3.732804,4.321437,-0.007178,-0.029016,-0.011912,32.25,64.4164219084116
22472,-8.222337,-3.737589,4.324429,-0.007941,-0.02978,-0.012981,32.25,64.4152926248201
22482,-8.210971,-3.737589,4.333402,-0.00733,-0.029322,-0.012675,32.26,64.3433836784037
22492,-8.225328,-3.734,4.333402,-0.00672,-0.029016,-0.013439,32.26,64.3720687516785
22502,-8.20798,-3.732804,4.338188,-0.005803,-0.028253,-0.012523,32.21,64.3070184306122
22512,-8.208578,-3.729214,4.341179,-0.00504,-0.026114,-0.012981,32.21,64.289249630526
22522,-8.215756,-3.719045,4.339982,-0.00504,-0.024587,-0.012675,32.23,64.301228882398
22532,-8.216953,-3.734,4.352544,-0.004581,-0.022144,-0.013134,32.23,64.2545239934602
22542,-8.201998,-3.720839,4.354339,-0.004276,-0.020159,-0.011912,32.23,64.1978507608419
22552,-8.20798,-3.728616,4.351348,-0.003818,-0.018326,-0.011301,32.24,64.2348423124375
22562,-8.203793,-3.732804,4.35733,-0.003512,-0.016341,-0.011454,32.24,64.1988393799959
22572,-8.215158,-3.719045,4.351348,-0.003665,-0.013439,-0.010079,32.24,64.2412706407017
22582,-8.201998,-3.729214,4.360919,-0.003512,-0.010537,-0.007941,32.24,64.1725704802345
22592,-8.210971,-3.71725,4.359125,-0.003818,-0.008247,-0.007789,32.21,64.1898601826322
22602,-8.197212,-3.713063,4.357928,-0.004123,-0.006414,-0.00733,32.21,64.1604548305501
22612,-8.207382,-3.726223,4.356732,-0.003971,-0.003512,-0.007178,32.21,64.2032764255694
22622,-8.209774,-3.733402,4.360321,-0.004123,-0.000764,-0.005651,32.21,64.197607011913
22632,-8.207382,-3.716054,4.358526,-0.004734,0.001222,-0.004581,32.21,64.1835683790751
22642,-8.198408,-3.721437,4.353143,-0.004581,0.003054,-0.003665,32.21,64.1964836246726
22652,-8.203793,-3.729812,4.360919,-0.004581,0.005803,-0.003512,32.25,64.177261690306
22662,-8.210971,-3.720241,4.360321,-0.00504,0.008247,-0.003512,32.25,64.1867736713446
22672,-8.210971,-3.728018,4.353741,-0.006261,0.010537,-0.002596,32.23,64.2286696564611
22682,-8.22473,-3.719045,4.367499,-0.006414,0.014966,-0.001374,32.23,64.1798120035109
22692,-8.216953,-3.732205,4.353143,-0.00733,0.017104,-0.001222,32.2,64.249594614488
22702,-8.215158,-3.727419,4.355535,-0.00901,0.018021,-0.001527,32.28,64.2282948767594
22712,-8.209177,-3.73041,4.343571,-0.010232,0.019853,-0.001374,32.28,64.2794950952568
22722,-8.215756,-3.726223,4.358526,-0.010537,0.020464,-0.001069,32.24,64.2130170923958
22732,-8.216953,-3.732205,4.346562,-0.010843,0.021533,-0.002291,32.24,64.2834989114464
22742,-8.214561,-3.725027,4.347161,-0.011606,0.022602,-0.002443,32.26,64.2676364585972
22752,-8.206185,-3.732804,4.352544,-0.012523,0.023976,-0.001833,32.26,64.2289240650979
22762,-8.216953,-3.743571,4.342973,-0.012981,0.025198,-0.00168,32.21,64.3136669309887
22772,-8.218149,-3.738786,4.343571,-0.013897,0.025656,-0.001833,32.21,64.3083687928549
22782,-8.225926,-3.732205,4.341179,-0.014661,0.025962,-0.003512,32.23,64.3314939460064
22792,-8.216354,-3.745964,4.344768,-0.015272,0.026267,-0.003207,32.23,64.3055266106732
22802,-8.227122,-3.742374,4.33041,-0.016035,0.027184,-0.002443,32.25,64.4000961220443
22812,-8.229516,-3.735795,4.325625,-0.016799,0.02642,-0.00336,32.25,64.4234326822679
22822,-8.228318,-3.741776,4.332804,-0.016188,0.026267,-0.003207,32.22,64.389832905044
22832,-8.219944,-3.753142,4.334598,-0.016952,0.025504,-0.002596,32.22,64.3734000084659
22842,-8.224131,-3.74716,4.31725,-0.015882,0.024435,-0.001833,32.27,64.4661612393177
22852,-8.219944,-3.744169,4.316054,-0.016493,0.02306,-0.00336,32.27,64.4598787280678
22862,-8.240881,-3.748357,4.319643,-0.015882,0.01909,-0.00336,32.21,64.4925820700684
22872,-8.228917,-3.734,4.316054,-0.01573,0.017562,-0.003207,32.23,64.4696466051289
22882,-8.23789,-3.741776,4.310072,-0.01573,0.014966,-0.003054,32.23,64.5285584282706
22892,-8.219944,-3.736991,4.31067,-0.015119,0.013286,-0.002749,32.21,64.4803564188264
22902,-8.246863,-3.732205,4.296911,-0.013897,0.010232,-0.003054,32.21,64.6068766953535
22912,-8.258827,-3.725625,4.267599,-0.009774,0.009163,-0.00672,32.23,64.7784697511544
22922,-8.236095,-3.728616,4.301099,-0.004429,0.009927,-0.01069,32.23,64.5575184611038
22932,-8.237292,-3.719045,4.303492,-0.002596,0.00672,-0.012981,32.22,64.5381366988207
22942,-8.232506,-3.738786,4.303492,-0.002596,0.002902,-0.013592,32.22,64.5474430351321
22952,-8.230712,-3.736392,4.307679,-0.001985,0.000153,-0.01405,32.21,64.5193589657967
22962,-8.229516,-3.739982,4.302295,-0.001985,-0.003512,-0.013134,32.21,64.5481498539756
22972,-8.22473,-3.738187,4.302295,-0.00168,-0.00672,-0.012523,32.24,64.5356007478014
22982,-8.222337,-3.731607,4.311867,-0.001833,-0.010232,-0.011454,32.24,64.4740529582067
22992,-8.220542,-3.735795,4.306482,-0.001527,-0.013744,-0.011148,32.25,64.5021244026348
23002,-8.222337,-3.724428,4.304688,-0.00168,-0.01573,-0.010232,32.25,64.5038500910872
23012,-8.233703,-3.727419,4.305884,-0.000764,-0.01909,-0.009468,32.23,64.5262181189571
23022,-8.216953,-3.732205,4.313661,-0.000458,-0.021686,-0.008858,32.23,64.4532896210531
23032,-8.221739,-3.732205,4.317849,-0.000153,-0.025962,-0.007178,32.23,64.4424168219008
23042,-8.228917,-3.722036,4.322036,-0.000305,-0.027031,-0.005956,32.26,64.4265807452829
23052,-8.221141,-3.736392,4.323831,-0.000153,-0.028863,-0.004429,32.26,64.4144644156897
23062,-8.219944,-3.725625,4.323831,-0.000458,-0.029627,-0.004581,32.27,64.40076657704
23072,-8.225328,-3.729812,4.333402,-0.000458,-0.030085,-0.003054,32.27,64.3677879852844
23082,-8.230114,-3.729812,4.334598,-0.000611,-0.030085,-0.002291,32.19,64.3724038977042
23092,-8.221739,-3.720241,4.341777,0.000153,-0.029322,-0.001833,32.19,64.306721678736
23102,-8.222337,-3.724428,4.345366,-0.000458,-0.028863,-0.00168,32.28,64.2938573986244
23112,-8.212766,-3.718446,4.360321,-0.001222,-0.027184,-0.002138,32.28,64.1890021993585
23122,-8.214561,-3.724428,4.353741,-0.001222,-0.02474,-0.001833,32.2,64.233111875777
23132,-8.216953,-3.71725,4.366901,-0.002749,-0.022449,-0.002443,32.2,64.1634005331125
23142,-8.2014,-3.71725,4.364508,-0.003207,-0.019242,-0.002443,32.27,64.1403781804536
23152,-8.222337,-3.71725,4.372285,-0.004276,-0.015882,-0.003512,32.27,64.1479272602453
23162,-8.210971,-3.71725,4.377669,-0.005498,-0.01237,-0.004734,32.25,64.0944017588413
23172,-8.209177,-3.73041,4.383053,-0.006414,-0.008094,-0.005498,32.25,64.076217976046
23182,-8.208578,-3.720839,4.376472,-0.007178,-0.003971,-0.006109,32.21,64.098813284155
23192,-8.20798,-3.720241,4.38425,-0.009316,-0.000153,-0.007636,32.21,64.0568348790415
23202,-8.204391,-3.718446,4.377669,-0.010843,0.008552,-0.008552,32.25,64.0806543147343
23212,-8.21157,-3.723232,4.376472,-0.012675,0.012675,-0.009316,32.25,64.1080858029856
23225,-8.207382,-3.725625,4.369295,-0.01405,0.015882,-0.011301,32.25,64.1379610787086
23232,-8.203195,-3.731607,4.372883,-0.015272,0.019853,-0.01069,32.25,64.1161574503836
23242,-8.202596,-3.719643,4.361517,-0.016035,0.022297,-0.010996,32.25,64.1609762608613
23252,-8.212766,-3.722634,4.362116,-0.018021,0.025351,-0.011301,32.18,64.1840631837581
23262,-8.207382,-3.725027,4.353143,-0.018631,0.027489,-0.011759,32.18,64.2205418538733
23272,-8.214561,-3.733402,4.346562,-0.018937,0.029932,-0.010996,32.18,64.279322106749
23282,-8.210971,-3.731009,4.348357,-0.019548,0.031154,-0.010385,32.18,64.2594924742892
23292,-8.212168,-3.724428,4.338188,-0.020464,0.030696,-0.011148,32.22,64.3078864321125
23302,-8.224131,-3.729214,4.333402,-0.021228,0.03146,-0.010232,32.22,64.364479159194
23312,-8.221141,-3.738786,4.33041,-0.021228,0.030849,-0.009621,32.23,64.3829674825272
23322,-8.22473,-3.748357,4.326224,-0.022602,0.030085,-0.008858,32.23,64.4224280150324
23332,-8.228318,-3.739982,4.326224,-0.021991,0.028711,-0.008399,32.23,64.4219252945669
23342,-8.222337,-3.729214,4.296911,-0.021533,0.02642,-0.007483,32.23,64.5489476491333
23352,-8.239087,-3.742374,4.291527,-0.020159,0.025351,-0.009316,32.24,64.6276292868835
23362,-8.228318,-3.739383,4.303492,-0.016188,0.025656,-0.011148,32.24,64.5386712864568
23372,-8.228318,-3.750151,4.312464,-0.013286,0.025045,-0.010996,32.23,64.5033095914384
23382,-8.222935,-3.742973,4.305884,-0.009774,0.021075,-0.009163,32.21,64.5179061096935
23392,-8.218149,-3.741776,4.305884,-0.009927,0.017715,-0.007941,32.21,64.5059509815703
23402,-8.219944,-3.748955,4.3005,-0.008858,0.014355,-0.007636,32.22,64.5451420665431
23412,-8.223534,-3.744768,4.304688,-0.008552,0.010843,-0.005345,32.22,64.5272608917119
23422,-8.222337,-3.738786,4.299304,-0.007483,0.008094,-0.004276,32.22,64.5463135666101
23432,-8.230114,-3.736392,4.302295,-0.005498,0.004429,-0.003207,32.22,64.545837122915
23442,-8.23131,-3.753741,4.305884,-0.005192,0.001069,-0.002138,32.25,64.547640524773
23452,-8.226524,-3.758526,4.301697,-0.004581,-0.002902,-0.001833,32.25,64.5634494329853
23462,-8.230712,-3.749553,4.312464,-0.003512,-0.005498,-0.000153,32.24,64.5080614703287
23472,-8.223534,-3.747759,4.316652,-0.002291,-0.008552,0.000458,32.24,64.4685210294941
23482,-8.23131,-3.735196,4.302894,-0.001069,-0.011759,0.001222,32.22,64.5442046523658
23492,-8.233105,-3.733402,4.306482,-0.000458,-0.015424,0.001069,32.22,64.5278651648964
23502,-8.230712,-3.719643,4.304688,0.001527,-0.019548,-0.000305,32.25,64.5177964517814
23512,-8.225328,-3.732205,4.316652,0.00168,-0.023671,-0.003207,32.25,64.4566668689663
23522,-8.225328,-3.74058,4.323233,0.00336,-0.026267,-0.00336,32.23,64.4312463386412
23532,-8.219346,-3.733402,4.331607,0.003512,-0.0281,-0.003818,32.23,64.3672370331706
23542,-8.218747,-3.728018,4.336991,0.003207,-0.030696,-0.004276,32.21,64.332601383355
23552,-8.213962,-3.729812,4.342973,0.003207,-0.031307,-0.005192,32.26,64.292783655014
23562,-8.228318,-3.729214,4.346562,0.002443,-0.030696,-0.004581,32.26,64.3061002850421
23572,-8.218149,-3.735795,4.352544,0.001985,-0.030696,-0.005803,32.26,64.2590723120728
23582,-8.212766,-3.728018,4.35075,0.000916,-0.029932,-0.005956,32.26,64.248146984241
23592,-8.213962,-3.726821,4.35733,-0.000458,-0.028405,-0.006414,32.23,64.2157261879704
23602,-8.228318,-3.722036,4.362714,-0.000764,-0.026878,-0.007483,32.23,64.2156192186334
23612,-8.206783,-3.719643,4.371687,-0.001985,-0.025504,-0.008247,32.24,64.1181189596919
23622,-8.209177,-3.731009,4.368696,-0.004276,-0.023671,-0.009927,32.24,64.150673591185
23632,-8.207382,-3.721437,4.366901,-0.005956,-0.019853,-0.010385,32.18,64.1459682975139
23642,-8.216354,-3.716652,4.375875,-0.007483,-0.016341,-0.011148,32.18,64.1152578180611
23652,-8.209177,-3.726223,4.367499,-0.007941,-0.013134,-0.011606,32.23,64.1518991930419
23662,-8.216953,-3.722036,4.362714,-0.009774,-0.009163,-0.01237,32.23,64.1898670522646
23672,-8.206783,-3.710072,4.370491,-0.010843,-0.005498,-0.012523,32.25,64.114416887013
23682,-8.2014,-3.729214,4.376472,-0.012217,-0.001222,-0.012981,32.25,64.0911324975289
23692,-8.206783,-3.725625,4.381258,-0.013439,0.002749,-0.012523,32.23,64.0750538856171
23702,-8.21157,-3.728616,4.37408,-0.015119,0.006261,-0.012523,32.23,64.1259397349627
23712,-8.203195,-3.725027,4.364508,-0.01573,0.009316,-0.012981,32.24,64.1524796107846
23722,-8.210373,-3.726821,4.369295,-0.016341,0.016188,-0.012217,32.24,64.1459878271839
23732,-8.215756,-3.733402,4.35733,-0.017104,0.018326,-0.011912,32.25,64.2265555557588
23752,-8.210373,-3.738187,4.350152,-0.017104,0.022297,-0.009927,32.23,64.2562739808942
23762,-8.213962,-3.729812,4.338786,-0.016799,0.023976,-0.009468,32.26,64.3143767504435
23772,-8.19781,-3.735795,4.345964,-0.016646,0.025809,-0.007483,32.26,64.2469704991489
23782,-8.193025,-3.733402,4.34417,-0.016493,0.02642,-0.006872,32.23,64.2429171615453
23792,-8.200802,-3.74058,4.344768,-0.014661,0.027184,-0.005498,32.23,64.2648504149182
23802,-8.197212,-3.741776,4.335794,-0.014203,0.027642,-0.004581,32.23,64.3042784663043
23812,-8.205587,-3.731607,4.34058,-0.013744,0.028405,-0.002443,32.23,64.2880355539021
23822,-8.204989,-3.738786,4.335197,-0.012217,0.028711,-0.000916,32.24,64.3218487085549
23832,-8.217552,-3.74716,4.334,-0.01069,0.028253,0.000611,32.24,64.3649578160278
23842,-8.21157,-3.734598,4.334598,-0.009621,0.028253,0.002902,32.22,64.3354928966138
23852,-8.216354,-3.741179,4.324429,-0.009163,0.028253,0.003665,32.22,64.405506351369
23862,-8.215158,-3.733402,4.317849,-0.008705,0.027184,0.005192,32.22,64.4288341711916
23872,-8.214561,-3.735795,4.321437,-0.008094,0.026114,0.006261,32.22,64.4114048288096
23882,-8.216354,-3.744169,4.322634,-0.008858,0.024587,0.006872,32.18,64.4178365385713
23892,-8.221141,-3.737589,4.311867,-0.008705,0.022755,0.007178,32.18,64.4774700624006
23902,-8.229516,-3.73041,4.31725,-0.008552,0.020311,0.006872,32.22,64.4611604681665
23912,-8.22473,-3.726821,4.313661,-0.009468,0.018021,0.00733,32.22,64.4652843100483
23922,-8.229516,-3.731607,4.314259,-0.009621,0.016493,0.007483,32.22,64.4778222467898
23932,-8.244471,-3.739982,4.322036,-0.010843,0.012981,0.005498,32.23,64.4797671041912
23942,-8.25464,-3.73041,4.294518,-0.010996,0.010232,0.004123,32.23,64.6347866470781
23952,-8.267202,-3.741179,4.296911,-0.008094,0.007941,-0.000764,32.23,64.6612762858338
23962,-8.25165,-3.726223,4.307081,-0.006872,0.002749,-0.007483,32.23,64.5590250024467
23972,-8.243872,-3.745365,4.311268,-0.007483,-0.00168,-0.009927,32.22,64.5394185734055
23982,-8.225926,-3.741179,4.314857,-0.007789,-0.004276,-0.009621,32.22,64.4764334654596
23992,-8.2349,-3.741179,4.316652,-0.007483,-0.006261,-0.010079,32.21,64.4872973913485
24002,-8.221141,-3.736392,4.315455,-0.008552,-0.009163,-0.010079,32.21,64.4577125008397
24012,-8.230114,-3.736991,4.313661,-0.008705,-0.011301,-0.009774,32.21,64.4877352751451
24022,-8.228318,-3.735196,4.307679,-0.009163,-0.014203,-0.010385,32.21,64.5127741512868
24032,-8.225328,-3.732205,4.321437,-0.009316,-0.017562,-0.010843,32.28,64.4319626146439
24042,-8.22772,-3.731607,4.31067,-0.009621,-0.019242,-0.011301,32.28,64.4923265516624
24052,-8.22473,-3.728018,4.325625,-0.009163,-0.021228,-0.012523,32.23,64.404728755179
24062,-8.22473,-3.724428,4.326822,-0.008858,-0.022602,-0.012523,32.23,64.3948881419916
24072,-8.216354,-3.732804,4.324429,-0.007789,-0.025351,-0.012523,32.23,64.3969301755077
24082,-8.221739,-3.734598,4.334,-0.008094,-0.026725,-0.012217,32.21,64.3615112061176
24092,-8.225926,-3.739982,4.341179,-0.007789,-0.027489,-0.011606,32.21,64.3394557904411
24102,-8.220542,-3.733402,4.338786,-0.007636,-0.026573,-0.011454,32.23,64.332909951686
24112,-8.209774,-3.733402,4.34058,-0.007941,-0.026878,-0.01069,32.23,64.2993467271723
24122,-8.207382,-3.734598,4.337589,-0.008094,-0.026725,-0.011912,32.23,64.3106020573243
24132,-8.212766,-3.72383,4.345366,-0.006109,-0.025045,-0.010079,32.23,64.2716008348193
24142,-8.200203,-3.732804,4.347161,-0.007025,-0.022755,-0.00901,32.23,64.2431299874551
24152,-8.204391,-3.732205,4.349553,-0.006414,-0.022449,-0.008552,32.23,64.2396623995583
24162,-8.208578,-3.732205,4.351946,-0.006872,-0.0197,-0.007941,32.29,64.2368084005511
24172,-8.193623,-3.72383,4.35075,-0.007178,-0.017104,-0.007025,32.29,64.2004312982386
24182,-8.20798,-3.739383,4.363312,-0.006567,-0.013439,-0.00504,32.26,64.1843116546348
24192,-8.197212,-3.724428,4.361517,-0.00672,-0.010385,-0.003818,32.26,64.1536756139063
24202,-8.208578,-3.729214,4.356732,-0.006872,-0.007483,-0.004123,32.21,64.20906770124
24212,-8.209177,-3.720241,4.362116,-0.00733,-0.00504,-0.003207,32.21,64.1734557150315
24222,-8.209177,-3.726223,4.360919,-0.006872,-0.001222,-0.00168,32.2,64.1857783998768
24232,-8.216354,-3.721437,4.357928,-0.006872,0.001985,-0.001833,32.2,64.2125360529609
24242,-8.213365,-3.725625,4.36391,-0.008247,0.007483,-0.000916,32.19,64.1792624981221
24252,-8.199007,-3.721437,4.360919,-0.009621,0.010996,-0.000764,32.24,64.1577505728627
24262,-8.202596,-3.732804,4.362116,-0.010843,0.013592,-0.001527,32.24,64.1714677308698
24272,-8.21157,-3.722036,4.355535,-0.011148,0.016341,-0.000916,32.2,64.2146335533615
24282,-8.216953,-3.733402,4.367499,-0.011606,0.018173,0,32.2,64.1769342438213
24292,-8.221739,-3.721437,4.350152,-0.012523,0.020159,-0.002749,32.21,64.264783291986
24302,-8.228318,-3.735196,4.344768,-0.01237,0.022297,-0.003512,32.21,64.3214601810946
24312,-8.219346,-3.736991,4.356732,-0.012828,0.023976,-0.00504,32.27,64.241445537094
24322,-8.218149,-3.736392,4.363312,-0.013134,0.025504,-0.00504,32.27,64.2042602994392
24332,-8.23131,-3.739982,4.343571,-0.013897,0.026573,-0.006261,32.23,64.3392640848549
24342,-8.229516,-3.735196,4.333402,-0.014966,0.026878,-0.00672,32.23,64.3827202230832
24352,-8.227122,-3.737589,4.338188,-0.015272,0.027184,-0.007789,32.19,64.3551106005643
24362,-8.218747,-3.741179,4.336392,-0.016341,0.026878,-0.007025,32.19,64.3491780286809
24372,-8.213962,-3.744768,4.334,-0.016493,0.026114,-0.007636,32.23,64.3544154355446
24382,-8.220542,-3.738786,4.332804,-0.016952,0.025198,-0.008247,32.23,64.3692709567582
24392,-8.224131,-3.741776,4.325027,-0.018021,0.024435,-0.008399,32.25,64.4205226836935
24402,-8.225328,-3.74058,4.321437,-0.01909,0.022755,-0.00901,32.25,64.4405139643451
24412,-8.221739,-3.74716,4.318447,-0.018784,0.019853,-0.008247,32.26,64.4546136695316
24422,-8.223534,-3.751946,4.302894,-0.016799,0.018479,-0.008705,32.2,64.5438585831875
24432,-8.227122,-3.742973,4.30409,-0.015577,0.017562,-0.008399,32.2,64.5365585897512
24442,-8.230114,-3.734598,4.306482,-0.012675,0.016341,-0.00901,32.22,64.5223769224782
24452,-8.213962,-3.744169,4.313063,-0.01069,0.014813,-0.009163,32.22,64.4618934602335
24462,-8.214561,-3.746562,4.303492,-0.010385,0.013439,-0.008858,32.23,64.5151625046555
24472,-8.210971,-3.748955,4.311268,-0.008858,0.010996,-0.008247,32.23,64.4693560164895
24482,-8.224131,-3.745964,4.303492,-0.008247,0.007789,-0.007636,32.23,64.5359994109849
24492,-8.229516,-3.74716,4.302295,-0.007941,0.004276,-0.006567,32.23,64.5554581627401
24502,-8.233703,-3.745964,4.306482,-0.006567,0.000305,-0.005498,32.22,64.5419817402584
24512,-8.234302,-3.744169,4.302295,-0.004581,-0.003818,-0.006261,32.22,64.5631195796286
24522,-8.230712,-3.73041,4.309474,-0.004123,-0.007941,-0.007025,32.26,64.504001619057
24532,-8.222337,-3.732804,4.31725,-0.002596,-0.010843,-0.005498,32.26,64.4474665031248
24542,-8.221141,-3.743571,4.312464,-0.00168,-0.013897,-0.004581,32.23,64.4804961943221
24552,-8.221739,-3.738786,4.313063,-0.000611,-0.018173,-0.003818,32.23,64.4738563889639
24562,-8.22473,-3.741179,4.310072,0.000458,-0.021075,-0.003512,32.24,64.498462069082
24572,-8.210373,-3.735196,4.329813,0.001527,-0.023366,-0.003971,32.24,64.3581025166096
24582,-8.218747,-3.734598,4.322634,0.001833,-0.025809,-0.001985,32.22,64.4134217319839
24592,-8.224131,-3.743571,4.335197,0.002443,-0.028863,-0.002596,32.16,64.3699157239067
24602,-8.220542,-3.729214,4.336991,0.002291,-0.029627,-0.002749,32.16,64.3378766562668
24612,-8.221739,-3.726223,4.334598,0.001985,-0.029932,-0.002596,32.27,64.3498591612348
24622,-8.228318,-3.720839,4.345964,0.00168,-0.030085,-0.002138,32.27,64.3006196188458
24632,-8.220542,-3.734,4.353143,0.001374,-0.02978,-0.001985,32.25,64.2595531355696
24642,-8.217552,-3.722634,4.34417,0.000458,-0.029169,-0.002443,32.25,64.2873681433217
24652,-8.215756,-3.729812,4.348955,-0.000611,-0.028253,-0.003054,32.21,64.2660048224223
24662,-8.216953,-3.728616,4.364508,-0.001833,-0.027184,-0.003971,32.21,64.1873971900372
24672,-8.215158,-3.720241,4.362116,-0.002902,-0.025351,-0.004887,32.24,64.1870302380845
24682,-8.210971,-3.715455,4.359125,-0.002902,-0.022602,-0.004276,32.24,64.1880158911708
24692,-8.21157,-3.72383,4.375276,-0.003665,-0.019395,-0.005498,32.23,64.1148535286651
24702,-8.206783,-3.731009,4.373481,-0.005192,-0.016799,-0.006261,32.23,64.1206161754623
24712,-8.213962,-3.732205,4.371089,-0.00733,-0.013439,-0.006872,32.25,64.1504537934031
24722,-8.208578,-3.719643,4.364508,-0.008705,-0.009927,-0.007178,32.25,64.1591604840231
24732,-8.2014,-3.721437,4.380062,-0.009163,-0.006261,-0.008858,32.21,64.0646181032885
24742,-8.202596,-3.710072,4.371687,-0.010232,-0.002138,-0.008858,32.21,64.098721285804
24752,-8.203195,-3.722634,4.370491,-0.012217,0.00168,-0.007636,32.21,64.1191999758642
24762,-8.205587,-3.714857,4.372883,-0.014203,0.009621,-0.00901,32.21,64.1043073834547
24772,-8.202596,-3.738786,4.374678,-0.014966,0.013286,-0.009468,32.21,64.1129886876187
24782,-8.201998,-3.717848,4.369893,-0.016646,0.017104,-0.009774,32.23,64.114616638736
24792,-8.204391,-3.727419,4.366901,-0.017562,0.020159,-0.008094,32.23,64.1453413635177
24802,-8.206185,-3.722036,4.370491,-0.018021,0.023976,-0.007483,32.21,64.1253827429021
24812,-8.19781,-3.728616,4.349553,-0.018021,0.026725,-0.007941,32.21,64.2210476126488
24822,-8.210373,-3.72383,4.353143,-0.018479,0.029474,-0.00733,32.23,64.2260903731214
24832,-8.202596,-3.724428,4.35075,-0.01909,0.031612,-0.007789,32.23,64.2214114237496
24842,-8.214561,-3.736392,4.334598,-0.017715,0.033903,-0.008552,32.22,64.3440823316035
24852,-8.209177,-3.734,4.322036,-0.016493,0.03711,-0.010079,32.22,64.3943435583609
24862,-8.215756,-3.734598,4.331009,-0.013744,0.039554,-0.011301,32.22,64.3634551813045
24872,-8.212168,-3.736392,4.332804,-0.013286,0.040928,-0.011148,32.22,64.3479409685925
24882,-8.209177,-3.731009,4.325027,-0.013592,0.040164,-0.011606,32.23,64.3758255457548
24892,-8.219944,-3.735196,4.331009,-0.012828,0.040164,-0.009163,32.23,64.3735061910294
24902,-8.219944,-3.738187,4.31725,-0.012828,0.038485,-0.008858,32.24,64.4475854448008
24912,-8.203195,-3.741776,4.309474,-0.011912,0.03711,-0.007636,32.24,64.4537915531722
24922,-8.220542,-3.739383,4.307679,-0.01237,0.035277,-0.006567,32.18,64.4995983603971
24932,-8.216953,-3.738786,4.301697,-0.011606,0.029322,-0.004276,32.18,64.5218656023543
24942,-8.233105,-3.738187,4.299902,-0.010385,0.025656,-0.00336,32.23,64.5667251220192
24952,-8.230712,-3.738786,4.307081,-0.010537,0.021686,-0.003207,32.19,64.5248842808459
24962,-8.229516,-3.739383,4.295117,-0.009621,0.017562,-0.002443,32.19,64.584646630632
24972,-8.232506,-3.738187,4.305286,-0.009163,0.012523,-0.002138,32.21,64.5375659641051
24982,-8.230114,-3.739982,4.290331,-0.008247,0.008094,-0.002443,32.21,64.6113453869132
24992,-8.242676,-3.745964,4.298706,-0.00733,0.00336,-0.002596,32.24,64.6021898493805
25002,-8.229516,-3.739982,4.296313,-0.00672,-0.001985,-0.002749,32.24,64.5790713744088
25012,-8.246863,-3.735795,4.30409,-0.006414,-0.007178,-0.003054,32.23,64.5734384094438
25022,-8.230712,-3.745365,4.299902,-0.005803,-0.011759,-0.002596,32.23,64.5686708266514
25032,-8.23789,-3.742374,4.308277,-0.005803,-0.015882,-0.003054,32.25,64.5384315960246
25042,-8.230114,-3.738786,4.308876,-0.006261,-0.019395,-0.002138,32.25,64.5142727078395
25052,-8.230712,-3.732205,4.308876,-0.005498,-0.024129,-0.002749,32.21,64.5089162034579
25062,-8.223534,-3.735795,4.313661,-0.005345,-0.027794,-0.003512,32.21,64.4717455591683
25072,-8.23131,-3.735196,4.313661,-0.005192,-0.030696,-0.003818,32.2,64.4885905506297
25082,-8.240283,-3.734,4.322634,-0.005192,-0.033139,-0.004429,32.2,64.4612113212
25092,-8.228318,-3.739383,4.326822,-0.004887,-0.034819,-0.004123,32.26,64.4182292661197
25102,-8.225328,-3.738187,4.33041,-0.00504,-0.036652,-0.005651,32.26,64.3917786287464
25112,-8.206185,-3.734,4.332206,-0.004887,-0.038179,-0.005345,32.2,64.3350682500308
25122,-8.216953,-3.720839,4.331607,-0.005192,-0.038332,-0.006261,32.21,64.3489853807055
25132,-8.205587,-3.727419,4.339384,-0.005192,-0.037721,-0.006872,32.21,64.2899015580066
25142,-8.206783,-3.720241,4.348955,-0.005803,-0.035888,-0.006872,32.26,64.2358554542229
25152,-8.2014,-3.737589,4.348357,-0.005651,-0.034056,-0.007789,32.26,64.2446076397227
25162,-8.201998,-3.738187,4.353741,-0.005956,-0.03207,-0.008399,32.22,64.2188223221684
25172,-8.201998,-3.734,4.357928,-0.006567,-0.02978,-0.008247,32.22,64.1929220732445
25182,-8.20798,-3.724428,4.367499,-0.006567,-0.026725,-0.008399,32.24,64.1473305324954
25192,-8.19781,-3.717848,4.365705,-0.007178,-0.023671,-0.010079,32.24,64.1266585704433
25202,-8.210373,-3.720241,4.372883,-0.007636,-0.020159,-0.009163,32.22,64.1207444056431
25212,-8.196614,-3.726223,4.368696,-0.009163,-0.016952,-0.00901,32.22,64.1171810914496
25226,-8.203195,-3.742374,4.369295,-0.009774,-0.00901,-0.010843,32.23,64.145759905758
25232,-8.203195,-3.742374,4.369295,-0.009774,-0.00901,-0.010843,32.23,64.145759905758
25242,-8.198408,-3.725027,4.366303,-0.010385,-0.004887,-0.010537,32.23,64.1323521785282
25252,-8.196015,-3.728018,4.360919,-0.011606,-0.000458,-0.009774,32.23,64.1577465468591
25262,-8.209774,-3.725625,4.371089,-0.011759,0.003665,-0.010537,32.22,64.134162815881
25272,-8.204391,-3.726821,4.357928,-0.012675,0.00733,-0.009621,32.22,64.1909448140959
25282,-8.210373,-3.732804,4.369893,-0.014203,0.014355,-0.009774,32.25,64.1490805707602
25292,-8.205587,-3.728018,4.366901,-0.015119,0.016646,-0.009621,32.21,64.1486761567302
25302,-8.197212,-3.722036,4.36391,-0.01573,0.0197,-0.00901,32.21,64.1388721561108
25312,-8.213365,-3.739383,4.364508,-0.016493,0.02306,-0.008858,32.22,64.1903558660912
25322,-8.212766,-3.732205,4.359125,-0.017104,0.025656,-0.008399,32.22,64.2093115386141
25332,-8.200203,-3.742374,4.356732,-0.017562,0.027947,-0.008399,32.23,64.2036681230976
25342,-8.216354,-3.725625,4.347161,-0.016952,0.029932,-0.006567,32.23,64.2723062586079
25352,-8.205587,-3.729214,4.345964,-0.01741,0.031765,-0.006109,32.21,64.2577991334948
25362,-8.216354,-3.736991,4.343571,-0.018021,0.033292,-0.005498,32.21,64.3024741790908
25372,-8.198408,-3.731009,4.348955,-0.017868,0.034056,-0.004276,32.23,64.2279568985586
25382,-8.202596,-3.736991,4.332804,-0.017562,0.034972,-0.003207,32.23,64.3269508563855
25392,-8.212766,-3.737589,4.329215,-0.017257,0.034819,-0.001833,32.21,64.3690404215434
25402,-8.218747,-3.736991,4.34058,-0.016952,0.034667,-0.000458,32.21,64.3232916247903
25412,-8.208578,-3.733402,4.326822,-0.016799,0.034208,-0.000305,32.21,64.367657084292
25422,-8.210971,-3.736991,4.324429,-0.016493,0.032834,0.001985,32.21,64.3890921000632
25432,-8.212168,-3.742973,4.321437,-0.015577,0.032223,0.004123,32.23,64.4133742906581
25442,-8.223534,-3.731009,4.313661,-0.015424,0.030696,0.004429,32.23,64.4668641380554
25452,-8.228917,-3.736392,4.307679,-0.014966,0.027031,0.00733,32.25,64.515334898449
25462,-8.236095,-3.745964,4.298706,-0.013134,0.024587,0.00733,32.21,64.5874929659124
25472,-8.249256,-3.735196,4.289733,-0.011301,0.021533,0.006109,32.21,64.6523255151874
25482,-8.243872,-3.739383,4.295715,-0.007483,0.018021,0.001069,32.23,64.6136383443679
25492,-8.2349,-3.743571,4.313063,-0.005498,0.01405,-0.000458,32.23,64.5082529025783
25502,-8.232506,-3.731607,4.305884,-0.004429,0.010843,-0.000305,32.23,64.5277878100271
25512,-8.23131,-3.743571,4.302295,-0.00504,0.007636,-0.000611,32.23,64.5558178874757
25522,-8.230712,-3.742374,4.302894,-0.004581,0.004734,0.000153,32.24,64.5501665203943
25532,-8.236693,-3.735795,4.314259,-0.004276,0.002138,0.000153,32.24,64.4981861095988
25542,-8.238488,-3.738786,4.309474,-0.004429,-0.000916,-0.001069,32.25,64.5299446722217
25552,-8.243872,-3.743571,4.305286,-0.004429,-0.004734,0,32.25,64.5684626885595
25562,-8.236095,-3.731009,4.302295,-0.004276,-0.008705,-0.001222,32.18,64.5537653264797
25572,-8.228917,-3.729812,4.310072,-0.003818,-0.013439,-0.003971,32.18,64.4962758533871
25582,-8.238488,-3.729214,4.312464,-0.003971,-0.017868,-0.004429,32.25,64.5047894025532
25592,-8.240283,-3.739982,4.309474,-0.004581,-0.020006,-0.006261,32.25,64.5351778942617
25602,-8.230712,-3.735795,4.314259,-0.004734,-0.02306,-0.006567,32.21,64.4847714115135
25612,-8.2349,-3.732205,4.324429,-0.00504,-0.025504,-0.007636,32.21,64.4380415515543
25622,-8.222935,-3.720839,4.32742,-0.005498,-0.027947,-0.007483,32.22,64.3840945736402
25632,-8.228318,-3.731607,4.337589,-0.006109,-0.031154,-0.008094,32.25,64.3547748152589
25643,-8.22473,-3.729214,4.322036,-0.006261,-0.032376,-0.008552,32.25,64.4244735994187
25652,-8.228318,-3.732205,4.333402,-0.006261,-0.032987,-0.008094,32.25,64.376968084744
25662,-8.218149,-3.729214,4.335197,-0.007178,-0.033445,-0.00733,32.25,64.3417298864856
25672,-8.216953,-3.728616,4.338786,-0.007789,-0.03375,-0.00733,32.24,64.3199059015097
25682,-8.212168,-3.727419,4.341179,-0.007941,-0.034208,-0.007789,32.24,64.2955242487252
25692,-8.225926,-3.713063,4.341777,-0.007636,-0.033445,-0.007941,32.2,64.3088530529371
25702,-8.212766,-3.722634,4.35733,-0.007941,-0.032223,-0.007483,32.2,64.2087120000408
25712,-8.215158,-3.71725,4.345964,-0.008247,-0.030849,-0.007636,32.22,64.2671853217858
25722,-8.203793,-3.709473,4.351348,-0.008094,-0.028711,-0.007178,32.22,64.2056629231495
25732,-8.206185,-3.722634,4.35075,-0.008399,-0.027031,-0.00672,32.22,64.2277034438409
25742,-8.203793,-3.726821,4.356134,-0.009163,-0.024282,-0.006109,32.22,64.1988336122775
25752,-8.209177,-3.715455,4.364508,-0.009621,-0.021533,-0.006567,32.25,64.1562120632453
25762,-8.209774,-3.722634,4.365705,-0.009927,-0.018784,-0.005651,32.25,64.1587928227314
25772,-8.198408,-3.725027,4.36391,-0.010385,-0.014508,-0.007025,32.24,64.144681064619
25782,-8.195418,-3.71725,4.371089,-0.010537,-0.010079,-0.007025,32.24,64.0928535279229
25792,-8.2014,-3.722634,4.378268,-0.011606,-0.007025,-0.007636,32.23,64.075086174563
25802,-8.197212,-3.720839,4.375875,-0.011606,0.001527,-0.00672,32.21,64.076005369391
25812,-8.196015,-3.722036,4.365705,-0.012828,0.005956,-0.006414,32.21,64.1268989135334
25822,-8.194221,-3.728018,4.373481,-0.01405,0.010537,-0.006261,32.23,64.0889495959005
25832,-8.203195,-3.723232,4.37408,-0.014966,0.015424,-0.005803,32.23,64.1013426732417
25842,-8.196015,-3.73041,4.373481,-0.015272,0.0197,-0.006261,32.23,64.0955111582626
25852,-8.197212,-3.725625,4.374678,-0.016799,0.023518,-0.005803,32.23,64.0871194531318
25862,-8.2014,-3.714259,4.366303,-0.016799,0.027947,-0.00504,32.18,64.1280463513383
25872,-8.204391,-3.720839,4.365107,-0.018021,0.031001,-0.004276,32.18,64.147793260379
25882,-8.206783,-3.735795,4.353741,-0.019395,0.033139,-0.005345,32.23,64.2271920341061
25892,-8.204391,-3.728018,4.360321,-0.01909,0.035888,-0.004734,32.23,64.1798490106223
25902,-8.212766,-3.726223,4.348955,-0.021075,0.036805,-0.005192,32.22,64.2555543983808
25912,-8.221141,-3.732205,4.322036,-0.020617,0.038485,-0.00504,32.22,64.419451010876
25922,-8.24148,-3.73041,4.315455,-0.017562,0.040928,-0.007178,32.21,64.4972769664071
25932,-8.224131,-3.734598,4.316054,-0.014661,0.043371,-0.010232,32.21,64.4595060929382
25942,-8.214561,-3.735196,4.326822,-0.012828,0.044288,-0.010079,32.21,64.3829852356847
25952,-8.20798,-3.743571,4.324429,-0.013134,0.043982,-0.01069,32.21,64.3891076065678
25962,-8.213365,-3.743571,4.304688,-0.01405,0.041692,-0.010843,32.21,64.5032351663316
25972,-8.219944,-3.742973,4.303492,-0.014355,0.037263,-0.009316,32.21,64.5235650510818
25982,-8.231908,-3.744768,4.295715,-0.013897,0.034819,-0.007789,32.18,64.5923776418894
25992,-8.24148,-3.742973,4.308277,-0.013744,0.031307,-0.008094,32.23,64.5470716730529
26002,-8.230114,-3.734,4.304688,-0.013439,0.027031,-0.006567,32.23,64.5310382212136
26012,-8.240881,-3.743571,4.290929,-0.01405,0.021991,-0.006109,32.26,64.6359365939028
26022,-8.245667,-3.741776,4.298706,-0.012981,0.018021,-0.00672,32.26,64.6046210742503
26032,-8.243275,-3.753741,4.288536,-0.012065,0.01405,-0.006567,32.18,64.6639477414388
26042,-8.236693,-3.751946,4.288536,-0.012217,0.008705,-0.005651,32.18,64.6474627416446
26052,-8.222935,-3.739383,4.295715,-0.010537,0.004276,-0.004887,32.25,64.5668245781947
26062,-8.242078,-3.735196,4.291527,-0.010996,-0.000153,-0.003512,32.25,64.6270361633919
26072,-8.236693,-3.747759,4.298108,-0.009774,-0.004581,-0.003054,32.23,64.5937422970828
26082,-8.225926,-3.74716,4.304688,-0.008552,-0.009774,-0.002138,32.23,64.5350589307786
26092,-8.232506,-3.739383,4.297509,-0.007941,-0.013897,-0.001222,32.21,64.5789682723197
26102,-8.227122,-3.744169,4.3005,-0.007483,-0.017562,-0.000764,32.21,64.5563302559962
26112,-8.233105,-3.745964,4.308277,-0.006567,-0.020464,0.000764,32.23,64.5313752164021
26122,-8.2349,-3.732205,4.304688,-0.005956,-0.024282,0.000916,32.23,64.5399390096334
26132,-8.240283,-3.74058,4.308876,-0.005956,-0.028253,0.001222,32.22,64.5388716995605
26142,-8.239684,-3.732205,4.314259,-0.004429,-0.032223,-0.002138,32.22,64.5012436815742
26152,-8.225328,-3.731607,4.322036,-0.001833,-0.037874,-0.002138,32.25,64.4282605418163
26162,-8.219944,-3.731607,4.329215,-0.001222,-0.040164,-0.002291,32.22,64.3790895451276
26172,-8.210373,-3.73041,4.332206,-0.001985,-0.041844,-0.002443,32.22,64.3408387266722
26182,-8.219346,-3.732804,4.332206,-0.001374,-0.041233,-0.002291,32.17,64.363534634982
26192,-8.213962,-3.715455,4.338786,-0.001069,-0.041844,-0.002291,32.17,64.29966629602
26202,-8.215756,-3.729812,4.341777,-0.000764,-0.041539,-0.002443,32.23,64.3030044656827
26212,-8.216953,-3.717848,4.357928,-0.001374,-0.041539,-0.002902,32.23,64.2102107752789
26222,-8.21157,-3.727419,4.353741,-0.00168,-0.039706,-0.002749,32.22,64.2294105173969
26232,-8.216354,-3.722036,4.357928,-0.002749,-0.038026,-0.003207,32.22,64.2131510132334
26242,-8.214561,-3.728018,4.367499,-0.002902,-0.036346,-0.003971,32.25,64.1659675498174
26252,-8.209774,-3.725027,4.372285,-0.003971,-0.034361,-0.004429,32.25,64.1273923764972
26262,-8.207382,-3.719045,4.370491,-0.005192,-0.030849,-0.005192,32.21,64.1250212533849
26272,-8.200802,-3.724428,4.372883,-0.006414,-0.026573,-0.005956,32.21,64.1032941704116
26282,-8.212168,-3.731607,4.366901,-0.00733,-0.021075,-0.006261,32.2,64.1673135320664
26292,-8.199007,-3.716054,4.375875,-0.00733,-0.016188,-0.006567,32.2,64.0751499086691
26302,-8.212766,-3.728616,4.377071,-0.008094,-0.011301,-0.007483,32.21,64.1132756875743
26312,-8.203195,-3.727419,4.381856,-0.009316,-0.00733,-0.008858,32.21,64.06566561447
26322,-8.201998,-3.728616,4.378866,-0.012217,0.000611,-0.011148,32.22,64.0795579928702
26332,-8.202596,-3.722036,4.372285,-0.013744,0.00504,-0.011912,32.23,64.1079840172684
26342,-8.212168,-3.726821,4.373481,-0.015424,0.00901,-0.011759,32.23,64.1285281502114
26352,-8.203793,-3.722036,4.371687,-0.016188,0.012828,-0.012065,32.25,64.113785874344
26362,-8.199606,-3.726821,4.37408,-0.016646,0.015577,-0.012217,32.25,64.0968849004633
26372,-8.2014,-3.729812,4.377071,-0.018021,0.018937,-0.011454,32.29,64.0886692515747
26382,-8.218747,-3.739383,4.365705,-0.018479,0.021686,-0.012065,32.29,64.1963835708738
26392,-8.20798,-3.733402,4.353143,-0.019395,0.024435,-0.012217,32.19,64.2305183405219
26402,-8.19781,-3.725027,4.360919,-0.020311,0.026573,-0.012065,32.19,64.1587355576731
26412,-8.210971,-3.732205,4.360321,-0.020769,0.029016,-0.010996,32.23,64.1990863567686
26422,-8.202596,-3.738187,4.353741,-0.020922,0.030543,-0.010079,32.23,64.2201769142063
26432,-8.200203,-3.738187,4.345366,-0.020617,0.033139,-0.008705,32.22,64.2579414613903
26442,-8.196015,-3.734,4.34058,-0.019548,0.034819,-0.007025,32.22,64.2688399785222
26452,-8.205587,-3.739982,4.336991,-0.020617,0.03543,-0.005345,32.23,64.3151716045848
26462,-8.20798,-3.743571,4.34058,-0.0197,0.036499,-0.004276,32.23,64.3057551199275
26472,-8.204989,-3.741776,4.336991,-0.0197,0.03711,-0.002596,32.21,64.3156681633913
26482,-8.215158,-3.731009,4.325625,-0.018937,0.036957,-0.001222,32.21,64.3862227365037
26492,-8.215158,-3.742973,4.320839,-0.018173,0.036194,0.001374,32.23,64.4231888612783
26502,-8.206783,-3.732804,4.323233,-0.01741,0.035583,0.00336,32.23,64.3815350660987
26512,-8.216354,-3.742374,4.308277,-0.017104,0.033292,0.00504,32.23,64.4901636442936
26522,-8.221141,-3.732205,4.31725,-0.016188,0.031612,0.006414,32.17,64.4441657014238
26532,-8.219944,-3.741179,4.311867,-0.01573,0.029474,0.006567,32.17,64.4784491083246
26542,-8.250452,-3.745365,4.293921,-0.013744,0.026725,0.005651,32.23,64.6436349123698
26552,-8.259426,-3.742374,4.28734,-0.01069,0.023671,0.00168,32.23,64.6945769128769
26562,-8.247462,-3.742374,4.299304,-0.008094,0.019242,-0.001985,32.22,64.6061456710538
26572,-8.236095,-3.737589,4.301697,-0.007178,0.01405,-0.003971,32.22,64.5635333212487
26582,-8.228917,-3.741179,4.305286,-0.007025,0.010385,-0.002596,32.2,64.532572054401
26592,-8.229516,-3.735196,4.307679,-0.006872,0.007636,-0.001374,32.2,64.5154605841354
26602,-8.228318,-3.738786,4.301697,-0.006414,0.003971,-0.001222,32.22,64.5473404788477
26612,-8.232506,-3.736991,4.298108,-0.005956,0.001069,-0.000305,32.22,64.5734420442046
26622,-8.236693,-3.738187,4.305884,-0.006109,-0.00168,0.000611,32.2,64.5438525138603
26632,-8.229516,-3.73041,4.305286,-0.005651,-0.005956,0.001222,32.2,64.5229570081446
26642,-8.237292,-3.729214,4.313063,-0.005651,-0.009468,0.000764,32.2,64.4990149635152
26652,-8.240283,-3.733402,4.313661,-0.006109,-0.013134,0.001069,32.2,64.5068877053936
26662,-8.248658,-3.733402,4.311867,-0.005651,-0.016799,-0.001222,32.25,64.5348998015839
26672,-8.234302,-3.736991,4.314259,-0.004887,-0.025504,-0.002749,32.25,64.4940417640134
26682,-8.22772,-3.736392,4.326224,-0.004734,-0.029322,-0.00336,32.25,64.4169145083759
26692,-8.226524,-3.732804,4.33041,-0.005651,-0.031307,-0.003818,32.26,64.3889686099093
26702,-8.228318,-3.729812,4.333402,-0.006567,-0.032987,-0.004429,32.26,64.3745243382023
26712,-8.216354,-3.736392,4.33041,-0.006567,-0.034361,-0.004123,32.25,64.3697325460691
26722,-8.221739,-3.731607,4.34417,-0.007025,-0.03375,-0.003512,32.25,64.3060220015889
26732,-8.215158,-3.724428,4.339384,-0.007483,-0.034208,-0.004887,32.24,64.3084749349909
26742,-8.223534,-3.732205,4.347759,-0.008247,-0.034208,-0.006414,32.24,64.2921978340289
26752,-8.222337,-3.731009,4.349553,-0.00901,-0.033139,-0.006872,32.27,64.2790282412867
26762,-8.216354,-3.732205,4.35075,-0.009468,-0.031918,-0.00672,32.27,64.2605662695135
26772,-8.215756,-3.727419,4.351946,-0.010537,-0.029932,-0.00733,32.22,64.2481366794473
26782,-8.215756,-3.728616,4.347759,-0.01069,-0.028711,-0.007636,32.22,64.2709404746182
26792,-8.209774,-3.725027,4.349553,-0.010996,-0.027184,-0.007941,32.25,64.24446834394
26802,-8.213962,-3.725625,4.359125,-0.011759,-0.025045,-0.00901,32.25,64.2052525140392
26812,-8.217552,-3.727419,4.36391,-0.012217,-0.021686,-0.00901,32.21,64.1906012630321
26822,-8.209177,-3.731607,4.366303,-0.012981,-0.019395,-0.008858,32.21,64.1636062122903
26832,-8.204391,-3.719643,4.359723,-0.012828,-0.016646,-0.009774,32.24,64.1742995718152
26842,-8.216354,-3.728616,4.362116,-0.013592,-0.010079,-0.01069,32.17,64.1983500209492
26852,-8.19781,-3.728018,4.366901,-0.013897,-0.006414,-0.009927,32.17,64.1310034924731
26862,-8.207382,-3.73041,4.368098,-0.014508,-0.003512,-0.010079,32.23,64.1490585030841
26872,-8.204989,-3.725625,4.36391,-0.014355,0.000305,-0.009163,32.23,64.1602515741188
26882,-8.203195,-3.719045,4.362714,-0.014508,0.003971,-0.008399,32.21,64.1555535431072
26892,-8.207382,-3.727419,4.355535,-0.014661,0.006567,-0.008399,32.21,64.2106758784718
26902,-8.204989,-3.732205,4.361517,-0.015272,0.010996,-0.00733,32.25,64.1793641009737
26912,-8.201998,-3.731607,4.359125,-0.015424,0.01405,-0.006567,32.25,64.1842839029043
26922,-8.199007,-3.733402,4.35075,-0.016188,0.016799,-0.005651,32.23,64.2225257539378
26932,-8.196015,-3.724428,4.358526,-0.016341,0.019242,-0.004887,32.23,64.1663736734104
26942,-8.202596,-3.735795,4.355535,-0.017104,0.021838,-0.003971,32.21,64.2084621702679
26952,-8.193025,-3.736392,4.348357,-0.017562,0.024282,-0.00336,32.21,64.2243984043865
26962,-8.194221,-3.745365,4.349553,-0.01741,0.026114,-0.002596,32.25,64.2302206255294
26972,-8.210373,-3.738786,4.338786,-0.018326,0.027794,-0.001833,32.25,64.3154871766224
26982,-8.204989,-3.738187,4.345964,-0.017868,0.029627,-0.001985,32.23,64.2656855699339
26992,-8.213365,-3.738187,4.336392,-0.017868,0.030391,-0.001374,32.23,64.3339724411226
27002,-8.239087,-3.734598,4.316054,-0.01741,0.031307,-0.002749,32.24,64.4930743680897
27012,-8.216953,-3.733402,4.326224,-0.012828,0.033598,-0.005803,32.24,64.3896244548849
27022,-8.207382,-3.744768,4.323831,-0.01237,0.033292,-0.005192,32.24,64.3920790089128
27032,-8.225328,-3.738786,4.315455,-0.011912,0.031001,-0.006567,32.23,64.4695612416546
27042,-8.218149,-3.731607,4.313661,-0.012065,0.02978,-0.005803,32.23,64.4553685995153
27052,-8.215756,-3.745365,4.317849,-0.011454,0.0281,-0.005803,32.23,64.442424930462
27062,-8.218747,-3.734,4.31725,-0.010996,0.025809,-0.003971,32.23,64.4406149535111
27072,-8.225926,-3.742973,4.31067,-0.011301,0.023366,-0.00336,32.2,64.4998857712887
27082,-8.2349,-3.735196,4.305286,-0.010996,0.019853,-0.00336,32.2,64.5398876380795
27092,-8.2349,-3.743571,4.303492,-0.010385,0.017715,-0.001527,32.25,64.5576662005816
27102,-8.2349,-3.741179,4.311867,-0.010843,0.013897,-0.001833,32.25,64.5119904730734
27112,-8.228917,-3.748955,4.308277,-0.009927,0.010996,-0.000305,32.2,64.5250482602118
27122,-8.230712,-3.742374,4.307081,-0.00901,0.007483,0.000611,32.2,64.5285372165905
27132,-8.24148,-3.74058,4.298108,-0.008552,0.003512,0.001069,32.2,64.5971476061955
27142,-8.243275,-3.743571,4.292724,-0.008399,-0.001069,0.000305,32.2,64.6320009161059
27152,-8.230114,-3.733402,4.304688,-0.007178,-0.006414,-0.001374,32.26,64.5304301317137
27162,-8.235497,-3.742374,4.295715,-0.006567,-0.009927,-0.002291,32.26,64.5979656113331
27172,-8.228917,-3.729214,4.319643,-0.006872,-0.013134,-0.002902,32.18,64.4462429633307
27182,-8.228917,-3.727419,4.310072,-0.00672,-0.020006,-0.002902,32.18,64.4938416206725
27192,-8.233703,-3.73041,4.308876,-0.005498,-0.022755,-0.002902,32.21,64.5137997118669
27202,-8.224131,-3.726223,4.328616,-0.005651,-0.02474,-0.00168,32.24,64.3861128578326
27212,-8.22772,-3.727419,4.32742,-0.005651,-0.027031,-0.002138,32.24,64.4015875270173
27222,-8.230114,-3.726821,4.332804,-0.006567,-0.029322,-0.002749,32.17,64.378600698957
27232,-8.226524,-3.725027,4.339982,-0.006109,-0.031154,-0.003512,32.17,64.3316723900197
27242,-8.234302,-3.728616,4.342973,-0.006567,-0.032529,-0.003665,32.24,64.3374690219483
27252,-8.225926,-3.722036,4.338786,-0.007025,-0.03375,-0.003512,32.24,64.3334325795714
27262,-8.221141,-3.734598,4.347759,-0.006872,-0.032681,-0.00336,32.23,64.2892477570467
27272,-8.213962,-3.724428,4.35075,-0.007789,-0.032223,-0.00336,32.23,64.2471673782121
27282,-8.217552,-3.723232,4.348357,-0.008399,-0.031612,-0.004276,32.21,64.2663985831183
27292,-8.205587,-3.728018,4.354938,-0.008247,-0.029322,-0.005651,32.21,64.2102997835176
27302,-8.216354,-3.725027,4.359723,-0.00901,-0.026725,-0.004429,32.23,64.2069799229298
27312,-8.21157,-3.729812,4.368098,-0.009468,-0.02474,-0.00504,32.23,64.1579473809447
27322,-8.212766,-3.720241,4.36391,-0.009927,-0.022144,-0.004887,32.24,64.1723653008894
27332,-8.224131,-3.722634,4.366303,-0.010537,-0.017562,-0.006109,32.24,64.1882866358032
27342,-8.219346,-3.720241,4.366303,-0.010996,-0.015424,-0.00733,32.24,64.1749804284447
27352,-8.209177,-3.725027,4.374678,-0.011912,-0.012217,-0.007636,32.24,64.11372412989
27362,-8.209177,-3.728616,4.371089,-0.013134,-0.004734,-0.008399,32.25,64.1358912463978
27372,-8.207382,-3.728018,4.372883,-0.014966,-0.001222,-0.008399,32.23,64.1219655053341
27382,-8.198408,-3.719643,4.362714,-0.014966,0.002291,-0.008247,32.23,64.1452858284719
27392,-8.205587,-3.721437,4.368098,-0.015577,0.005498,-0.008552,32.2,64.1357252627671
27402,-8.209177,-3.726223,4.362116,-0.015424,0.009468,-0.008247,32.2,64.1796138243912
27412,-8.209774,-3.725027,4.368696,-0.01573,0.01237,-0.008247,32.24,64.1458613123362
27422,-8.204391,-3.73041,4.357928,-0.016188,0.01573,-0.008705,32.24,64.1946449043349
27432,-8.200203,-3.73041,4.350152,-0.016952,0.018479,-0.008247,32.23,64.2252340599762
27442,-8.201998,-3.725027,4.360919,-0.017868,0.020769,-0.007941,32.23,64.1682502600086
27452,-8.202596,-3.734,4.35075,-0.018631,0.02306,-0.007636,32.23,64.2312751595084
27462,-8.203793,-3.729812,4.347759,-0.018631,0.025045,-0.006414,32.23,64.2450942567505
27472,-8.216953,-3.744768,4.341179,-0.01909,0.026114,-0.006109,32.25,64.3241423835708
27482,-8.219944,-3.737589,4.341179,-0.01909,0.028405,-0.006109,32.25,64.3235177106053
27492,-8.227122,-3.739383,4.325027,-0.01741,0.030543,-0.006872,32.21,64.4247995974663
27502,-8.216354,-3.739982,4.322634,-0.016799,0.031612,-0.008399,32.21,64.4135468757317
27512,-8.216354,-3.74058,4.329813,-0.015424,0.033139,-0.00733,32.25,64.3771060914465
27522,-8.218149,-3.74716,4.328616,-0.014661,0.033139,-0.007789,32.25,64.3940699457386
27532,-8.225926,-3.738187,4.328616,-0.014661,0.031307,-0.006414,32.21,64.4023760576384
27542,-8.216354,-3.743571,4.321437,-0.014966,0.030391,-0.00504,32.23,64.423403544583
27552,-8.22473,-3.748357,4.322634,-0.014966,0.027794,-0.004276,32.23,64.4409461605076
27562,-8.228917,-3.736991,4.309474,-0.014355,0.025198,-0.003971,32.23,64.5066724437769
27572,-8.224131,-3.741179,4.306482,-0.01405,0.022907,-0.004123,32.23,64.5156669343295
27582,-8.225328,-3.74058,4.305286,-0.012981,0.019548,-0.003512,32.25,64.5239199295251
27592,-8.214561,-3.744768,4.296911,-0.011454,0.016799,-0.002749,32.25,64.5473706081711
27602,-8.240881,-3.739982,4.303492,-0.011148,0.013592,-0.000916,32.21,64.5673963953074
27612,-8.227122,-3.735196,4.306482,-0.009927,0.009621,-0.001527,32.21,64.5162768105542
27622,-8.235497,-3.742374,4.305286,-0.009774,0.005803,-0.001222,32.22,64.5485195035089
27632,-8.228917,-3.74058,4.3005,-0.009316,0.001527,-0.000611,32.22,64.5566942344718
27642,-8.22772,-3.735795,4.303492,-0.008552,-0.00168,-0.000611,32.25,64.5336793309809
27652,-8.240881,-3.741179,4.296911,-0.008094,-0.004887,0,32.25,64.6026005993691
27662,-8.235497,-3.732804,4.310072,-0.007636,-0.009316,0.000611,32.2,64.5140782570676
27672,-8.22473,-3.733402,4.31067,-0.00733,-0.013286,0.000153,32.2,64.4874424316095
27682,-8.23789,-3.732804,4.308876,-0.006261,-0.01741,0.000305,32.21,64.5256166635553
27692,-8.215158,-3.728018,4.308876,-0.005651,-0.02138,-0.000611,32.21,64.4697138869616
27702,-8.221141,-3.735795,4.314259,-0.005498,-0.027336,0.000458,32.22,64.463280812196
27712,-8.22473,-3.733402,4.322036,-0.005956,-0.02978,-0.000305,32.21,64.4287476264316
27722,-8.228318,-3.732804,4.323233,-0.004276,-0.031765,0.000611,32.21,64.4300282079654
27732,-8.224131,-3.73041,4.342375,-0.005192,-0.034972,-0.000764,32.25,64.3194447812465
27742,-8.222935,-3.728018,4.34058,-0.004429,-0.035736,-0.00168,32.25,64.32354884958
27752,-8.227122,-3.720241,4.336392,-0.005956,-0.035736,-0.001374,32.22,64.3466423920728
27762,-8.219944,-3.720839,4.347161,-0.006414,-0.037874,-0.001985,32.22,64.2755221732805
27772,-8.228318,-3.73041,4.356732,-0.007178,-0.037874,-0.002596,32.2,64.2549723429844
27782,-8.21157,-3.726821,4.362714,-0.007025,-0.036805,-0.003207,32.2,64.1825790463374
27792,-8.215756,-3.729214,4.351348,-0.008399,-0.036041,-0.00336,32.22,64.2530608432815
27802,-8.20798,-3.733402,4.354938,-0.007941,-0.033903,-0.003971,32.22,64.2212692414073
27812,-8.204989,-3.729812,4.357928,-0.007789,-0.030238,-0.005192,32.23,64.195384564272
27822,-8.205587,-3.726821,4.360919,-0.007941,-0.025962,-0.004887,32.23,64.1782485611069
27832,-8.21157,-3.724428,4.366303,-0.008399,-0.021075,-0.005651,32.23,64.1616392821485
27842,-8.209774,-3.731009,4.369893,-0.009163,-0.016646,-0.005803,32.23,64.1458692455845
27852,-8.204989,-3.720839,4.365705,-0.009468,-0.012065,-0.007636,32.18,64.1460724675113
27862,-8.212168,-3.722036,4.370491,-0.010996,-0.008094,-0.007941,32.18,64.1389808463628
27872,-8.208578,-3.726223,4.369295,-0.010996,-0.003818,-0.010537,32.22,64.141294745412
27882,-8.194221,-3.719643,4.377669,-0.013439,0.002749,-0.011148,32.25,64.0587130232692
27892,-8.200203,-3.720839,4.371089,-0.014203,0.005803,-0.011759,32.25,64.107459550759
27902,-8.209177,-3.731607,4.373481,-0.016035,0.009621,-0.011606,32.23,64.1266719420832
27912,-8.20798,-3.725625,4.365705,-0.016035,0.011759,-0.011912,32.23,64.1578003355546
27922,-8.208578,-3.723232,4.362116,-0.017257,0.015272,-0.012065,32.22,64.1751744395026
27932,-8.203793,-3.725027,4.365705,-0.018173,0.017562,-0.012828,32.22,64.1476732614216
27942,-8.2014,-3.731607,4.356134,-0.017715,0.020006,-0.011912,32.23,64.1983411542396
27952,-8.21157,-3.727419,4.348955,-0.018326,0.022907,-0.011148,32.23,64.2540757624026
27962,-8.210373,-3.725625,4.354339,-0.018173,0.025045,-0.010537,32.2,64.2217724484591
27972,-8.217552,-3.736991,4.348357,-0.018937,0.026725,-0.009927,32.2,64.2805179270418
27982,-8.201998,-3.734598,4.348357,-0.018784,0.0281,-0.009468,32.21,64.2428766827854
27992,-8.207382,-3.739982,4.345964,-0.01909,0.029169,-0.007789,32.21,64.2729459562731
28002,-8.209177,-3.737589,4.331607,-0.0197,0.029474,-0.007483,32.23,64.3486005297256
28012,-8.207382,-3.738786,4.333402,-0.01909,0.030543,-0.005956,32.23,64.3365154163005
28022,-8.215756,-3.739383,4.325027,-0.019395,0.030849,-0.005345,32.17,64.3992331668935
28032,-8.202596,-3.734598,4.32742,-0.019395,0.030238,-0.003665,32.17,64.3522971303231
28042,-8.230712,-3.734598,4.325625,-0.0197,0.030238,-0.003054,32.21,64.4249000014022
28052,-8.218149,-3.734598,4.322036,-0.019242,0.029016,-0.000611,32.21,64.4151634197895
28062,-8.207382,-3.738187,4.323831,-0.018631,0.028711,0.000611,32.19,64.3853200251118
28072,-8.22473,-3.729812,4.322634,-0.017868,0.027184,0.002138,32.21,64.4219968815606
28082,-8.218149,-3.73041,4.303492,-0.017257,0.025504,0.002443,32.21,64.5067214798391
28092,-8.23789,-3.745365,4.286144,-0.016188,0.024587,0.000153,32.21,64.6558223483818
28102,-8.236693,-3.735196,4.298108,-0.012523,0.022449,-0.003512,32.21,64.5809872895257
28112,-8.224131,-3.744169,4.308876,-0.010996,0.0197,-0.004887,32.23,64.5063483836789
28122,-8.22772,-3.741179,4.306482,-0.010537,0.017104,-0.003207,32.23,64.5237112690486
28132,-8.224131,-3.746562,4.307679,-0.010079,0.014355,-0.001527,32.23,64.5149748738563
28142,-8.212766,-3.744768,4.302295,-0.009316,0.012675,-0.000458,32.23,64.5154921667844
28152,-8.224131,-3.739383,4.290929,-0.008094,0.008858,0.000764,32.21,64.5942634409382
28162,-8.228318,-3.748955,4.296313,-0.008094,0.006261,0.001222,32.21,64.5855229315341
28172,-8.233105,-3.738187,4.305286,-0.00672,0.002138,0.000916,32.2,64.5389074789685
28182,-8.2349,-3.736991,4.301099,-0.005803,-0.001833,-0.000764,32.2,64.5633416563801
28192,-8.251051,-3.74058,4.309474,-0.003971,-0.00672,-0.000305,32.23,64.55986468863
28202,-8.242676,-3.717848,4.303492,-0.003512,-0.011301,-0.000305,32.23,64.5489965624369
28212,-8.23789,-3.739383,4.306482,-0.002749,-0.014508,-0.000153,32.21,64.5446589085516
28222,-8.225328,-3.734,4.319045,-0.002749,-0.021075,-0.001527,32.24,64.4461421584312
28232,-8.237292,-3.737589,4.316652,-0.002291,-0.023824,-0.000611,32.24,64.4890058650103
28242,-8.230712,-3.736392,4.322036,-0.001985,-0.027184,0.000305,32.19,64.4452433483494
28252,-8.236693,-3.727419,4.328018,-0.002443,-0.029474,-0.000458,32.19,64.4186927976037
28262,-8.233105,-3.734598,4.319045,-0.002291,-0.031307,-0.000611,32.27,64.4642211706049
28272,-8.22772,-3.74058,4.329215,-0.003665,-0.033139,-0.002138,32.27,64.4057677646399
28282,-8.226524,-3.734,4.335197,-0.002902,-0.035736,-0.002749,32.21,64.3655083235526
28292,-8.22772,-3.729812,4.333402,-0.003818,-0.035736,-0.003207,32.21,64.3731772983587
28302,-8.219944,-3.736991,4.345366,-0.00336,-0.035583,-0.00336,32.25,64.3013283567312
28312,-8.22473,-3.736991,4.347161,-0.004734,-0.035888,-0.004429,32.25,64.3028825871417
28322,-8.209774,-3.734,4.351946,-0.006414,-0.035125,-0.005651,32.2,64.2413637534036
28332,-8.228318,-3.725625,4.352544,-0.006872,-0.034361,-0.00672,32.2,64.2716272695356
28342,-8.222337,-3.728018,4.354938,-0.007483,-0.032376,-0.006872,32.2,64.2482316719526
28352,-8.218747,-3.723232,4.361517,-0.008247,-0.030238,-0.00733,32.2,64.2013240642251
28362,-8.222935,-3.729214,4.364508,-0.010385,-0.027642,-0.008247,32.22,64.2015639933144
28372,-8.208578,-3.727419,4.365705,-0.010537,-0.025198,-0.009163,32.22,64.1610070834206
28382,-8.203195,-3.728018,4.376472,-0.011454,-0.022297,-0.009774,32.18,64.0939794377764
28392,-8.205587,-3.716652,4.36391,-0.012065,-0.018784,-0.010232,32.18,64.1523641729531
28402,-8.199007,-3.717848,4.367499,-0.013744,-0.012217,-0.010537,32.21,64.1201396773242
28412,-8.204391,-3.71725,4.375276,-0.01405,-0.008094,-0.010385,32.21,64.0917345904544
28422,-8.201998,-3.731009,4.375875,-0.015424,-0.00504,-0.010079,32.21,64.0974216792505
28432,-8.2014,-3.728616,4.372285,-0.017104,-0.001374,-0.010232,32.22,64.1120618658177
28442,-8.196015,-3.731607,4.369893,-0.016341,0.002749,-0.01069,32.22,64.1152254212133
28452,-8.199606,-3.726223,4.367499,-0.016952,0.006414,-0.008552,32.21,64.1301516171552
28462,-8.19781,-3.716054,4.370491,-0.017715,0.01069,-0.008552,32.21,64.1001484226895
28472,-8.198408,-3.716652,4.365107,-0.017868,0.015424,-0.00672,32.2,64.1298669397456
28482,-8.199606,-3.726821,4.37408,-0.017715,0.01909,-0.006414,32.2,64.0968849004633
28492,-8.202596,-3.735196,4.366303,-0.018479,0.022602,-0.005803,32.17,64.1523769083445
28502,-8.200802,-3.73041,4.360321,-0.018631,0.02474,-0.004429,32.17,64.1741713806372
28512,-8.208578,-3.726821,4.35733,-0.017868,0.027947,-0.003054,32.22,64.2035230244994
28522,-8.210971,-3.725027,4.32742,-0.017257,0.031154,-0.002443,32.22,64.3613839096691
28532,-8.22772,-3.738786,4.331607,-0.01573,0.03375,-0.004887,32.23,64.3916009383387
28542,-8.217552,-3.738786,4.332804,-0.011606,0.036194,-0.008247,32.23,64.3625349565628
28552,-8.203195,-3.729214,4.341777,-0.01069,0.037874,-0.007636,32.21,64.2739850560002
28562,-8.213365,-3.731607,4.335197,-0.01069,0.037874,-0.008094,32.21,64.3333849176385
28572,-8.20798,-3.744768,4.329215,-0.010843,0.039859,-0.005498,32.21,64.3656263765359
28582,-8.230712,-3.738786,4.329215,-0.01069,0.039248,-0.005651,32.27,64.4106614101747
28592,-8.223534,-3.753142,4.329813,-0.01069,0.038485,-0.003818,32.27,64.4061369095253
28602,-8.216354,-3.734598,4.319643,-0.011454,0.037263,-0.004429,32.24,64.4234817517251
28612,-8.234302,-3.744169,4.319045,-0.011301,0.034819,-0.004429,32.24,64.4766584117579
28622,-8.235497,-3.744169,4.312464,-0.011301,0.032681,-0.004123,32.23,64.5132901767463
28632,-8.233703,-3.741776,4.302894,-0.012523,0.029322,-0.004123,32.23,64.55625188905
28642,-8.231908,-3.750151,4.312464,-0.012217,0.026267,-0.004887,32.25,64.5113496776275
28652,-8.225328,-3.743571,4.298108,-0.010996,0.02306,-0.003207,32.25,64.5640714339483
28662,-8.230712,-3.74716,4.311867,-0.011301,0.0197,-0.003818,32.24,64.5087021332446
28672,-8.240881,-3.742973,4.296911,-0.010996,0.014966,-0.004734,32.24,64.6044198397607
28682,-8.240881,-3.74058,4.302894,-0.009927,0.010537,-0.004581,32.2,64.5710910388271
28692,-8.233703,-3.753741,4.298108,-0.009774,0.005498,-0.004581,32.2,64.5931494643082
28702,-8.230712,-3.739383,4.299902,-0.009927,0.000916,-0.003665,32.22,64.562585364447
28712,-8.247462,-3.742973,4.293921,-0.009163,-0.003665,-0.004734,32.22,64.6345498197917
28722,-8.237292,-3.737589,4.305884,-0.009316,-0.007941,-0.004429,32.23,64.5445859253179
28732,-8.230712,-3.744768,4.294518,-0.008399,-0.011912,-0.004429,32.23,64.5958926971159
28742,-8.236693,-3.736991,4.307081,-0.008247,-0.019548,-0.003665,32.23,64.5364562336401
28752,-8.239087,-3.739383,4.313661,-0.007941,-0.02306,-0.00336,32.21,64.5102848283421
28762,-8.229516,-3.728018,4.321437,-0.00733,-0.025351,-0.003818,32.21,64.4371116983989
28772,-8.236095,-3.729812,4.316054,-0.006872,-0.027489,-0.003665,32.23,64.4814986337089
28782,-8.229516,-3.735795,4.331607,-0.006261,-0.030391,-0.003512,32.23,64.3925853087909
28792,-8.226524,-3.73041,4.331607,-0.006261,-0.031765,-0.002902,32.23,64.3803501085356
28802,-8.222935,-3.725027,4.338786,-0.006414,-0.034208,-0.003665,32.23,64.3297379006565
28812,-8.221739,-3.73041,4.331009,-0.005651,-0.035583,-0.00336,32.23,64.3726540848086
28822,-8.225926,-3.726821,4.339384,-0.005345,-0.036041,-0.004581,32.23,64.3352387631586
28832,-8.21157,-3.739982,4.347759,-0.00504,-0.035125,-0.003512,32.18,64.2731592884022
28842,-8.218747,-3.732205,4.348955,-0.005345,-0.034361,-0.003512,32.18,64.2752232097205
28852,-8.216354,-3.727419,4.345366,-0.005803,-0.033445,-0.004123,32.2,64.283398586331
28862,-8.214561,-3.731607,4.355535,-0.006109,-0.031307,-0.004581,32.2,64.2312480029836
28872,-8.215158,-3.72383,4.345964,-0.005956,-0.029627,-0.005192,32.23,64.2739300330792
28882,-8.206185,-3.722634,4.35733,-0.006872,-0.02642,-0.005956,32.23,64.1937844298385
28892,-8.206783,-3.714857,4.360321,-0.00672,-0.023671,-0.005651,32.25,64.1717265908786
28902,-8.203195,-3.735795,4.367499,-0.006261,-0.020617,-0.005345,32.25,64.1481985000631
28912,-8.199606,-3.728616,4.368696,-0.00672,-0.016493,-0.006567,32.25,64.1264604209757
28922,-8.212168,-3.739982,4.373481,-0.007636,-0.007483,-0.007483,32.27,64.1421081786686
28932,-8.205587,-3.737589,4.370491,-0.008247,-0.004276,-0.007483,32.27,64.1400837833445
28942,-8.212168,-3.721437,4.373481,-0.00901,-0.001222,-0.008552,32.23,64.1229803533133
28952,-8.208578,-3.73041,4.376472,-0.010079,0.001985,-0.009468,32.23,64.1086911996486
28962,-8.216354,-3.734,4.368098,-0.010996,0.004734,-0.009468,32.23,64.1731114763825
28972,-8.213365,-3.726223,4.372883,-0.011759,0.008094,-0.009468,32.23,64.1337064412353
28982,-8.216354,-3.726821,4.354938,-0.012828,0.010996,-0.009621,32.21,64.2334636462429
28992,-8.205587,-3.725027,4.368098,-0.013134,0.012828,-0.010232,32.21,64.1394276105493
29002,-8.21157,-3.734598,4.348955,-0.014661,0.016035,-0.009468,32.22,64.2614560668643
29012,-8.215158,-3.734598,4.353741,-0.014508,0.018173,-0.009468,32.22,64.2449141047261
29022,-8.204989,-3.745365,4.354339,-0.015577,0.020311,-0.00901,32.22,64.2299244832993
29032,-8.215756,-3.735795,4.351348,-0.016035,0.021838,-0.008705,32.22,64.2598226974161
29042,-8.205587,-3.731009,4.34417,-0.016493,0.022449,-0.008247,32.23,64.2688995313694
29052,-8.201998,-3.743571,4.342973,-0.017104,0.022907,-0.007789,32.23,64.2798995816068
29062,-8.20798,-3.73041,4.335794,-0.016493,0.02474,-0.006414,32.21,64.3169134294414
29072,-8.221141,-3.735795,4.336991,-0.016646,0.025656,-0.005498,32.21,64.34596644872
29082,-8.200802,-3.742374,4.325027,-0.016799,0.025198,-0.004887,32.23,64.3686100670778
29092,-8.214561,-3.741179,4.32742,-0.017257,0.024435,-0.003818,32.25,64.3860315267997
29102,-8.219346,-3.732804,4.328616,-0.015119,0.023671,-0.002596,32.25,64.382057794484
29112,-8.216953,-3.741179,4.31067,-0.014661,0.024129,-0.002138,32.26,64.4779184162416
29122,-8.223534,-3.744169,4.31725,-0.012828,0.023671,-0.002138,32.26,64.4617638582345
29132,-8.234302,-3.738786,4.31725,-0.011301,0.023213,-0.003512,32.21,64.4804339296999
29142,-8.209774,-3.744169,4.322036,-0.011148,0.021228,-0.00336,32.21,64.4061200560228
29152,-8.227122,-3.731607,4.318447,-0.010537,0.01909,-0.002596,32.21,64.4508209681192
29162,-8.220542,-3.727419,4.308876,-0.010537,0.018326,-0.001374,32.21,64.4812084050342
29172,-8.224131,-3.731607,4.316652,-0.010232,0.016493,-0.001374,32.25,64.4533666242819
29182,-8.233703,-3.732205,4.316054,-0.009621,0.014203,-0.000458,32.25,64.4785634446929
29192,-8.233703,-3.742374,4.311268,-0.009316,0.012217,0.000153,32.25,64.5136173651021
29202,-8.222337,-3.747759,4.304688,-0.008094,0.009621,-0.000611,32.25,64.5276320361525
29212,-8.242078,-3.746562,4.313063,-0.008094,0.006567,-0.000458,32.24,64.5273641092603
29222,-8.221739,-3.735196,4.320241,-0.006109,0.003971,-0.000305,32.24,64.4331196130005
29232,-8.230114,-3.74058,4.313063,-0.006109,0.000458,-0.001069,32.23,64.4944795734719
29242,-8.217552,-3.739982,4.306482,-0.006567,-0.002902,-0.001527,32.23,64.4996872918044
29252,-8.229516,-3.736991,4.320839,-0.005498,-0.005803,-0.000916,32.22,64.4493438223001
29262,-8.222935,-3.729812,4.322634,-0.00504,-0.010996,-0.002749,32.22,64.4179573848658
29272,-8.239087,-3.738786,4.319045,-0.004887,-0.012981,-0.002138,32.22,64.4819041391899
29282,-8.231908,-3.735196,4.335197,-0.004429,-0.014966,-0.002596,32.2,64.3788523244681
29292,-8.22772,-3.735196,4.323831,-0.004887,-0.017104,-0.002596,32.2,64.4280387688344
29302,-8.228917,-3.720839,4.328616,-0.005498,-0.018631,-0.00336,32.21,64.3914057656886
29312,-8.221739,-3.729812,4.332206,-0.005498,-0.020311,-0.003207,32.21,64.3658675668163
29322,-8.220542,-3.733402,4.326224,-0.005498,-0.022449,-0.003512,32.22,64.3977078016808
29332,-8.217552,-3.722036,4.32742,-0.005345,-0.023213,-0.003054,32.22,64.3731759426918
29342,-8.230712,-3.728018,4.342973,-0.005345,-0.023824,-0.003971,32.18,64.3287642598371
29352,-8.223534,-3.729214,4.34058,-0.006109,-0.024282,-0.004734,32.18,64.3261244985104
29362,-8.229516,-3.729812,4.333402,-0.007025,-0.02474,-0.006261,32.19,64.3772225760345
29372,-8.214561,-3.728018,4.345366,-0.007178,-0.024129,-0.005803,32.19,64.279959004908
29382,-8.216354,-3.728616,4.347759,-0.008094,-0.023671,-0.006261,32.21,64.2722928072061
29392,-8.212766,-3.72383,4.356732,-0.008705,-0.022602,-0.007789,32.21,64.213021632947
29402,-8.212766,-3.729812,4.347161,-0.00901,-0.021533,-0.008094,32.26,64.2684881522611
29412,-8.215158,-3.735795,4.366303,-0.009774,-0.020006,-0.009468,32.26,64.1814840195603
29422,-8.213365,-3.729812,4.35733,-0.010537,-0.017868,-0.008552,32.23,64.2174493796469
29432,-8.222337,-3.726821,4.353741,-0.011759,-0.013592,-0.009163,32.23,64.2531674325346
29442,-8.207382,-3.729214,4.368098,-0.012675,-0.011912,-0.010537,32.23,64.1478244578206
29452,-8.206185,-3.729214,4.361517,-0.013439,-0.008858,-0.010079,32.18,64.1789923244166
29462,-8.206185,-3.731009,4.353741,-0.01405,-0.005345,-0.009774,32.18,64.2209055234874
29472,-8.210373,-3.73041,4.366901,-0.014661,-0.002443,-0.009927,32.23,64.1620077437444
29482,-8.19781,-3.729812,4.365705,-0.016341,0,-0.009774,32.23,64.1390193101293
29492,-8.203793,-3.723232,4.366303,-0.017104,0.002749,-0.010537,32.19,64.1427417791911
29502,-8.213962,-3.731009,4.365705,-0.01741,0.00504,-0.010079,32.19,64.1769200994951
29512,-8.199007,-3.732804,4.356134,-0.017562,0.008399,-0.009316,32.23,64.1941488944103
29522,-8.198408,-3.731009,4.358526,-0.018173,0.010996,-0.00901,32.23,64.1786060920331
29532,-8.21157,-3.734,4.348955,-0.018173,0.013897,-0.007483,32.23,64.2608409997931
29542,-8.20798,-3.731607,4.339384,-0.018021,0.017257,-0.008705,32.23,64.2996172705199
29552,-8.20798,-3.734598,4.347759,-0.015882,0.021075,-0.00901,32.22,64.2595001711496
29562,-8.206783,-3.738786,4.342375,-0.01405,0.024893,-0.008858,32.22,64.2888671747384
29572,-8.203793,-3.734598,4.343571,-0.013897,0.027947,-0.008094,32.23,64.2716247840281
29582,-8.204391,-3.738786,4.339384,-0.013286,0.02978,-0.007636,32.23,64.2988909940806
29592,-8.215158,-3.741179,4.336991,-0.013134,0.030849,-0.007178,32.23,64.3379992684847
29602,-8.206783,-3.738786,4.339982,-0.012828,0.031612,-0.005498,32.23,64.301210383767
29612,-8.218149,-3.731009,4.333402,-0.01237,0.032223,-0.004734,32.2,64.3528277692182
29622,-8.222935,-3.748955,4.326224,-0.012828,0.032681,-0.002902,32.24,64.4190079307891
29632,-8.223534,-3.743571,4.312464,-0.012217,0.031612,-0.004123,32.24,64.4858657311562
29642,-8.219944,-3.741776,4.310072,-0.010537,0.031154,-0.003971,32.23,64.4883335329407
29652,-8.218149,-3.739383,4.311867,-0.009774,0.029474,-0.004276,32.23,64.4725828825225
29662,-8.225328,-3.738187,4.316054,-0.009774,0.027031,-0.004581,32.2,64.4658570781565
29672,-8.215756,-3.738786,4.313063,-0.008858,0.024893,-0.003054,32.2,64.4604155945491
29682,-8.233703,-3.739982,4.311867,-0.00901,0.022297,-0.003207,32.21,64.5080900919695
29692,-8.230114,-3.734,4.308876,-0.007941,0.019853,-0.00168,32.21,64.5094010427269
29702,-8.230712,-3.742374,4.305884,-0.007941,0.016646,-0.001833,32.25,64.5347199138488
29712,-8.221141,-3.733402,4.306482,-0.00672,0.013897,-0.000764,32.25,64.5010287112039
29722,-8.239087,-3.737589,4.299902,-0.006261,0.010079,-0.000611,32.24,64.5794988708409
29732,-8.22473,-3.745964,4.305286,-0.005956,0.005803,0.000153,32.24,64.5280704052057
29742,-8.217552,-3.736991,4.30409,-0.00504,0.002443,-0.000611,32.21,64.509001310404
29752,-8.222337,-3.736392,4.302894,-0.004887,-0.001527,-0.000458,32.21,64.5253101010121
29762,-8.234302,-3.734598,4.298706,-0.004276,-0.006567,-0.000611,32.21,64.5719403728966
29772,-8.225926,-3.735795,4.301099,-0.00336,-0.009163,-0.000305,32.21,64.5420287353495
29782,-8.230114,-3.735196,4.308876,-0.002138,-0.017257,-0.000153,32.23,64.5106181279539
29792,-8.236095,-3.732804,4.31067,-0.002596,-0.020159,-0.000153,32.22,64.5123312310533
29802,-8.231908,-3.723232,4.317849,-0.002749,-0.022602,-0.000305,32.22,64.4561395200399
29812,-8.233105,-3.728018,4.324429,-0.002443,-0.025351,-0.000916,32.24,64.4297437819924
29822,-8.22772,-3.728616,4.325625,-0.002596,-0.027336,-0.000916,32.24,64.4120694076287
29832,-8.229516,-3.732205,4.323831,-0.002596,-0.029474,-0.000764,32.21,64.4290253891186
29842,-8.232506,-3.734,4.32742,-0.002291,-0.030849,-0.001374,32.21,64.4190658950893
29852,-8.227122,-3.722634,4.335197,-0.003054,-0.03207,-0.002291,32.21,64.3552461839972
29862,-8.216953,-3.728616,4.341179,-0.00336,-0.032529,-0.002596,32.21,64.3075657239445
29872,-8.23131,-3.732205,4.342973,-0.002749,-0.032223,-0.002596,32.18,64.3343906082399
29882,-8.22473,-3.722634,4.343571,-0.003207,-0.032376,-0.003818,32.18,64.306679030525
29892,-8.219944,-3.731009,4.352544,-0.003971,-0.031612,-0.003971,32.25,64.2582155437734
29902,-8.217552,-3.732205,4.364508,-0.004429,-0.02978,-0.004123,32.25,64.1924464581726
29912,-8.212168,-3.729214,4.362714,-0.00504,-0.0281,-0.006261,32.19,64.186398831126
29922,-8.213962,-3.720241,4.366303,-0.006109,-0.025045,-0.006567,32.19,64.1627614256728
29932,-8.206185,-3.729214,4.365107,-0.007025,-0.023213,-0.00733,32.19,64.1605047414187
29942,-8.2014,-3.720241,4.372883,-0.00733,-0.020159,-0.008399,32.19,64.1003297635405
29952,-8.218747,-3.718446,4.357928,-0.008705,-0.013897,-0.009163,32.23,64.2148910996089
29962,-8.201998,-3.733402,4.363312,-0.009927,-0.00901,-0.009468,32.22,64.1645680227544
29972,-8.20798,-3.717848,4.374678,-0.010537,-0.004887,-0.010232,32.22,64.1035988333576
29982,-8.199606,-3.725027,4.365107,-0.011148,-0.001374,-0.010996,32.23,64.141237424847
29992,-8.193623,-3.725625,4.371089,-0.012065,0.002596,-0.012217,32.23,64.0974284810637
30002,-8.203195,-3.722634,4.37408,-0.012828,0.005803,-0.012065,32.23,64.1007250728965
30012,-8.207382,-3.723232,4.370491,-0.013592,0.009621,-0.012675,32.23,64.1293373540006
30022,-8.207382,-3.724428,4.36391,-0.014661,0.013439,-0.012523,32.24,64.1644517955706
30032,-8.213365,-3.727419,4.368696,-0.015424,0.016493,-0.012675,32.24,64.1564781955577
30042,-8.2014,-3.726223,4.354938,-0.015424,0.020006,-0.012675,32.22,64.1989529183283
30052,-8.203793,-3.733402,4.353143,-0.015272,0.022449,-0.012981,32.22,64.2210341324651
30062,-8.191828,-3.732205,4.356732,-0.015424,0.026267,-0.012217,32.21,64.1741511786079
30072,-8.204989,-3.732804,4.348357,-0.015882,0.028253,-0.011301,32.21,64.2478003708619
30082,-8.206185,-3.732804,4.347759,-0.016188,0.030849,-0.011606,32.18,64.2535912714848
30092,-8.209774,-3.729812,4.338188,-0.015119,0.032223,-0.009621,32.18,64.3079992306411
30102,-8.209774,-3.737589,4.331009,-0.015119,0.033292,-0.009316,32.27,64.3530339555926
30112,-8.205587,-3.735196,4.335197,-0.014813,0.034361,-0.00901,32.27,64.3195065522873
30122,-8.217552,-3.74058,4.326822,-0.014203,0.034819,-0.007025,32.21,64.3952376764202
30132,-8.217552,-3.737589,4.322634,-0.013439,0.03375,-0.007025,32.2,64.4137925171123
30142,-8.208578,-3.736392,4.317849,-0.012675,0.033445,-0.005192,32.2,64.4170819851452
30152,-8.218747,-3.744768,4.312464,-0.01237,0.031612,-0.005192,32.2,64.4763467093001
30162,-8.222337,-3.734598,4.316054,-0.011148,0.030238,-0.004887,32.2,64.4554746797821
30172,-8.222337,-3.736392,4.31067,-0.011759,0.028253,-0.004123,32.25,64.4851185648369
30182,-8.231908,-3.743571,4.308277,-0.011148,0.025045,-0.003512,32.25,64.5262581857296
30192,-8.224131,-3.739982,4.305884,-0.009927,0.022755,-0.002749,32.2,64.5175366003487
30202,-8.234302,-3.739383,4.3005,-0.008858,0.020311,-0.002443,32.2,64.5675283462377
30212,-8.223534,-3.737589,4.308876,-0.007941,0.017257,-0.001985,32.24,64.4982959991387
30222,-8.238488,-3.736392,4.308876,-0.007789,0.013592,-0.002138,32.24,64.530599639674
30232,-8.232506,-3.745365,4.298706,-0.00733,0.009927,-0.002749,32.22,64.5788628034368
30242,-8.237292,-3.74058,4.308277,-0.00733,0.00672,-0.001985,32.22,64.5352694790686
30252,-8.239684,-3.736991,4.307679,-0.006872,0.003054,-0.002291,32.23,64.5400651526079
30262,-8.243275,-3.749553,4.310072,-0.007178,-0.000305,-0.001985,32.23,64.5485092426124
30272,-8.23131,-3.741179,4.317849,-0.00672,-0.004581,-0.002596,32.23,64.4730701889912
30282,-8.228917,-3.745365,4.308277,-0.007178,-0.008399,-0.002443,32.23,64.5213873801232
30292,-8.234302,-3.735196,4.313063,-0.006567,-0.012217,-0.003665,32.23,64.4983889004055
30302,-8.222337,-3.739982,4.313063,-0.006567,-0.018173,-0.002443,32.23,64.4764203622821
30312,-8.239684,-3.74058,4.307679,-0.006261,-0.020922,-0.002902,32.19,64.5437097925147
30322,-8.23131,-3.732205,4.316054,-0.006414,-0.023213,-0.002596,32.18,64.4731915791572
30332,-8.215756,-3.721437,4.32742,-0.006414,-0.025809,-0.00336,32.18,64.368511073714
30342,-8.22473,-3.731009,4.328616,-0.006414,-0.028253,-0.002291,32.23,64.3923495151798
30352,-8.219944,-3.731607,4.33041,-0.006261,-0.030391,-0.003512,32.23,64.3729234604294
30362,-8.2349,-3.732205,4.339982,-0.00672,-0.03146,-0.004429,32.21,64.3578832386166
30372,-8.219346,-3.734,4.338786,-0.005956,-0.031307,-0.003971,32.21,64.3308246779323
30382,-8.224131,-3.734,4.344768,-0.006414,-0.031612,-0.004581,32.2,64.3107915028745
30392,-8.212766,-3.72383,4.348357,-0.00733,-0.031918,-0.004734,32.2,64.2561799234772
30402,-8.204989,-3.720839,4.352544,-0.007483,-0.030696,-0.003971,32.25,64.2138942051103
30412,-8.210373,-3.732205,4.356732,-0.007941,-0.029474,-0.004581,32.25,64.2162148334718
30422,-8.208578,-3.738187,4.348357,-0.007789,-0.027947,-0.004581,32.22,64.2614655173376
30432,-8.210373,-3.733402,4.349553,-0.008094,-0.026114,-0.00504,32.22,64.2544360542792
30442,-8.21157,-3.732804,4.354938,-0.007789,-0.023213,-0.005345,32.19,64.2287832347545
30452,-8.205587,-3.727419,4.365107,-0.009163,-0.019853,-0.005651,32.19,64.1572954002085
30462,-8.213365,-3.722036,4.36391,-0.00901,-0.016799,-0.005651,32.21,64.1755706617892
30472,-8.209774,-3.736392,4.357928,-0.009621,-0.009774,-0.00672,32.21,64.213011611665
30482,-8.210373,-3.731607,4.364508,-0.010232,-0.006414,-0.007483,32.21,64.1755585562604
30492,-8.201998,-3.725625,4.359723,-0.010385,-0.002596,-0.008094,32.25,64.1750300679734
30502,-8.206185,-3.72383,4.360919,-0.010843,0.000458,-0.007789,32.25,64.1765237739627
30512,-8.202596,-3.732804,4.367499,-0.010232,0.003818,-0.007178,32.24,64.1437468674
30522,-8.209177,-3.729214,4.358526,-0.01069,0.007483,-0.007178,32.24,64.2011838541707
30532,-8.203793,-3.735196,4.364508,-0.011606,0.010537,-0.006872,32.22,64.1643357602033
30542,-8.196015,-3.731009,4.357928,-0.011301,0.013592,-0.007636,32.22,64.1762558365197
30552,-8.203195,-3.734598,4.35733,-0.01237,0.015882,-0.008247,32.2,64.1993347932695
30562,-8.212168,-3.736392,4.359723,-0.01237,0.019395,-0.006567,32.2,64.2091901712007
30572,-8.204989,-3.733402,4.352544,-0.013439,0.020922,-0.00672,32.24,64.2268312065892
30582,-8.210971,-3.725027,4.342973,-0.012675,0.023824,-0.007025,32.24,64.2811087446725
30592,-8.213962,-3.736991,4.341179,-0.01237,0.026573,-0.006414,32.25,64.3094046810584
30602,-8.212168,-3.738786,4.339384,-0.013286,0.027642,-0.006109,32.25,64.3164549944699
30612,-8.216354,-3.732804,4.345366,-0.01237,0.029016,-0.006414,32.21,64.2889240028091
30622,-8.215756,-3.739982,4.343571,-0.012217,0.031001,-0.005803,32.21,64.3041964991039
30632,-8.214561,-3.738187,4.334598,-0.012828,0.031765,-0.005956,32.24,64.3459241087698
30642,-8.221739,-3.733402,4.332206,-0.012828,0.03207,-0.005651,32.24,64.3695397792661
30652,-8.214561,-3.733402,4.331607,-0.012065,0.031612,-0.006567,32.17,64.3564488246744
30662,-8.218747,-3.735196,4.326822,-0.011759,0.031001,-0.006414,32.2,64.3924147862517
30672,-8.224131,-3.739383,4.326822,-0.012065,0.030391,-0.006109,32.2,64.4088151201465
30682,-8.220542,-3.734598,4.319045,-0.011454,0.029016,-0.005651,32.21,64.4359922796445
30692,-8.228318,-3.734,4.309474,-0.011606,0.027336,-0.006109,32.21,64.5022832588577
30702,-8.230712,-3.735795,4.306482,-0.011759,0.025656,-0.005803,32.18,64.5249350616021
30712,-8.230712,-3.731607,4.311268,-0.011454,0.02306,-0.005651,32.18,64.4959529143336
30722,-8.222935,-3.741776,4.313661,-0.010843,0.020769,-0.005651,32.23,64.4765062245109
30732,-8.24148,-3.742973,4.317849,-0.009927,0.018173,-0.004887,32.23,64.497693253677
30742,-8.228318,-3.744169,4.311268,-0.009774,0.014661,-0.005498,32.21,64.5033800777793
30752,-8.232506,-3.736991,4.303492,-0.009774,0.012065,-0.00504,32.21,64.5456180995809
30762,-8.228318,-3.745964,4.3005,-0.009621,0.008552,-0.004581,32.24,64.5608350382154
30772,-8.236693,-3.739982,4.302894,-0.008705,0.005192,-0.004276,32.24,64.5611181947991
30782,-8.236693,-3.734598,4.305884,-0.008552,0.002138,-0.003665,32.24,64.5402072307192
30792,-8.226524,-3.736991,4.307679,-0.007636,-0.001222,-0.003818,32.24,64.5105788330436
30802,-8.239087,-3.744768,4.307081,-0.007636,-0.005192,-0.002902,32.21,64.5497166412759
30812,-8.236095,-3.729214,4.302295,-0.007178,-0.009468,-0.003818,32.21,64.5519445374347
30822,-8.227122,-3.734598,4.314259,-0.005803,-0.017257,-0.003207,32.22,64.4754937929895
30832,-8.226524,-3.731009,4.308876,-0.005192,-0.0197,-0.002443,32.16,64.4983017700245
30842,-8.228917,-3.733402,4.318447,-0.004429,-0.022907,-0.001833,32.16,64.4566839265878
30852,-8.231908,-3.73041,4.317849,-0.003665,-0.025198,-0.001985,32.22,64.4634417455974
30862,-8.218747,-3.720839,4.320839,-0.003665,-0.028253,-0.001985,32.22,64.4086361295188
30872,-8.218747,-3.728616,4.328616,-0.00336,-0.030238,-0.002138,32.18,64.3764236755687
30882,-8.220542,-3.735196,4.331607,-0.003818,-0.03207,-0.002291,32.18,64.3717686034633
30892,-8.210373,-3.731607,4.339982,-0.002749,-0.032987,-0.002138,32.21,64.3019408856922
30902,-8.23131,-3.731607,4.336392,-0.003207,-0.034667,-0.002291,32.21,64.3676835610113
30912,-8.22473,-3.731607,4.342375,-0.003512,-0.036194,-0.003207,32.25,64.3220215453895
30922,-8.218149,-3.735795,4.345366,-0.004581,-0.036041,-0.003207,32.25,64.2960485658207
30932,-8.217552,-3.736991,4.354339,-0.004581,-0.035736,-0.003512,32.23,64.2497089503684
30942,-8.21157,-3.726821,4.348357,-0.00504,-0.035583,-0.004276,32.23,64.2565439873903
30952,-8.212168,-3.724428,4.358526,-0.005803,-0.034208,-0.005803,32.23,64.2030398181949
30962,-8.210971,-3.728616,4.359723,-0.006261,-0.031918,-0.005345,32.23,64.1984700218663
30972,-8.216953,-3.728616,4.356134,-0.007483,-0.029932,-0.004734,32.18,64.2305039928455
30982,-8.217552,-3.729812,4.372285,-0.008705,-0.027642,-0.00672,32.18,64.1499820967778
30992,-8.201998,-3.731009,4.369893,-0.008247,-0.021838,-0.008399,32.21,64.1282082721749
31002,-8.213962,-3.725625,4.366303,-0.01069,-0.017715,-0.009316,32.23,64.1682999640946
31012,-8.212168,-3.726223,4.377071,-0.011148,-0.014355,-0.009468,32.23,64.1094487451527
31022,-8.212766,-3.738187,4.37408,-0.011912,-0.010843,-0.00901,32.23,64.1385310734472
31032,-8.20798,-3.732205,4.376472,-0.013134,-0.006567,-0.008552,32.23,64.1091865274537
31042,-8.202596,-3.728616,4.372285,-0.01405,-0.002443,-0.009316,32.22,64.1147814505178
31052,-8.199606,-3.733402,4.371687,-0.014355,0.001222,-0.009774,32.22,64.1160119668291
31062,-8.196614,-3.734598,4.364508,-0.015577,0.004734,-0.010232,32.2,64.1474192296034
31072,-8.209177,-3.720839,4.367499,-0.01573,0.009316,-0.009621,32.2,64.1463522018376
31082,-8.200802,-3.725625,4.362714,-0.016493,0.013286,-0.009163,32.22,64.1569016519175
31092,-8.203195,-3.735795,4.362714,-0.017562,0.016646,-0.010843,32.22,64.1728361738385
31102,-8.205587,-3.732804,4.353143,-0.017104,0.021686,-0.010385,32.19,64.2244822145038
31112,-8.194221,-3.729812,4.362714,-0.016646,0.025504,-0.011148,32.19,64.1462730638235
31122,-8.193623,-3.725625,4.359723,-0.015577,0.030085,-0.010996,32.19,64.1560018473995
31132,-8.19781,-3.726223,4.356134,-0.014661,0.03375,-0.010843,32.19,64.1846375507499
31142,-8.213962,-3.733402,4.357928,-0.014813,0.038943,-0.009621,32.21,64.2194154437345
31152,-8.210971,-3.748357,4.34417,-0.015272,0.041081,-0.009774,32.21,64.2989266441764
31162,-8.208578,-3.745365,4.34058,-0.014508,0.043524,-0.00901,32.26,64.3089523304545
31172,-8.210971,-3.736991,4.332804,-0.012675,0.047342,-0.008247,32.23,64.3458556321441
31182,-8.21157,-3.742374,4.342375,-0.012981,0.047953,-0.008247,32.23,64.3033719870932
31192,-8.210971,-3.739982,4.324429,-0.012065,0.047037,-0.007789,32.22,64.3921599923353
31202,-8.221739,-3.734598,4.325027,-0.012065,0.046273,-0.007789,32.22,64.4078029983019
31212,-8.219944,-3.731009,4.314259,-0.011148,0.043677,-0.007483,32.19,64.4557045155551
31222,-8.218747,-3.738187,4.313661,-0.010843,0.04215,-0.006261,32.19,64.4634345317425
31232,-8.224131,-3.733402,4.314857,-0.009774,0.038943,-0.006567,32.21,64.4644680106427
31242,-8.223534,-3.738786,4.308277,-0.009468,0.035583,-0.006414,32.21,64.5026119764131
31252,-8.232506,-3.738187,4.31067,-0.008247,0.032376,-0.005651,32.19,64.5097601197709
31262,-8.222935,-3.731607,4.295715,-0.007789,0.027794,-0.004887,32.19,64.5589106426651
31272,-8.234302,-3.734598,4.295117,-0.007178,0.023366,-0.004887,32.24,64.5904932969575
31282,-8.233105,-3.739383,4.307081,-0.005803,0.019395,-0.003665,32.24,64.5308526188386
31292,-8.238488,-3.738187,4.295715,-0.004734,0.014203,-0.002749,32.2,64.6004007098135
31302,-8.233703,-3.739982,4.295715,-0.004429,0.009621,-0.002138,32.2,64.5915269563605
31312,-8.238488,-3.731607,4.308277,-0.003665,0.004429,-0.001374,32.23,64.5288343079961
31322,-8.237292,-3.731607,4.292126,-0.003971,0,-0.000916,32.23,64.6096129312431
31332,-8.232506,-3.735795,4.298108,-0.003054,-0.004581,-0.000764,32.2,64.5722273259272
31342,-8.237292,-3.735795,4.307679,-0.002902,-0.013134,-0.000305,32.2,64.533494888139
31352,-8.238488,-3.742973,4.30409,-0.002291,-0.017257,0,32.2,64.5619946711574
31362,-8.240881,-3.735196,4.303492,-0.001833,-0.02138,-0.000305,32.2,64.5625415743092
31372,-8.234302,-3.739982,4.307679,-0.002291,-0.025809,-0.001069,32.2,64.5310545257026
31382,-8.237292,-3.729214,4.319045,-0.003054,-0.028711,-0.000611,32.23,64.468143568419
31392,-8.230712,-3.735196,4.320241,-0.002902,-0.031001,-0.000764,32.23,64.4532856044722
31402,-8.239087,-3.732804,4.319643,-0.003512,-0.03375,-0.000458,32.24,64.4727364709409
31412,-8.22772,-3.722036,4.324429,-0.004581,-0.035736,-0.000764,32.24,64.4115344703077
31422,-8.217552,-3.738187,4.331607,-0.004581,-0.036957,-0.001069,32.19,64.3680957786453
31432,-8.224131,-3.727419,4.336392,-0.005192,-0.038332,-0.001222,32.19,64.3472256830629
31442,-8.224131,-3.725027,4.34058,-0.004734,-0.039248,-0.002138,32.19,64.323189085037
31452,-8.218747,-3.735196,4.334598,-0.00504,-0.039401,-0.002443,32.19,64.3522955850603
31462,-8.214561,-3.731607,4.356134,-0.005345,-0.03879,-0.00336,32.21,64.2281631320136
31472,-8.225926,-3.715455,4.341777,-0.006261,-0.037415,-0.002902,32.21,64.3112941866848
31482,-8.224131,-3.720241,4.347759,-0.007025,-0.035736,-0.003971,32.23,64.2812979589157
31492,-8.213365,-3.714857,4.356134,-0.006414,-0.033445,-0.003971,32.23,64.2082460658431
31502,-8.225328,-3.722036,4.369295,-0.007483,-0.030391,-0.004734,32.16,64.1749993511615
31512,-8.203793,-3.726223,4.365107,-0.007636,-0.024129,-0.005651,32.16,64.1519870042578
31522,-8.200203,-3.719045,4.364508,-0.008094,-0.020769,-0.00672,32.23,64.1395066096636
31532,-8.215158,-3.716652,4.369893,-0.008094,-0.016646,-0.007178,32.18,64.1433120889123
31542,-8.200203,-3.728018,4.370491,-0.00901,-0.011759,-0.008399,32.18,64.1179570327936
31552,-8.208578,-3.731009,4.371687,-0.00901,-0.00733,-0.00901,32.21,64.1339233702843
31562,-8.196614,-3.738187,4.376472,-0.010079,-0.002138,-0.009316,32.21,64.0895404959779
31572,-8.199606,-3.725625,4.375276,-0.010079,0.001833,-0.010385,32.21,64.0894917638577
31582,-8.200802,-3.726223,4.369295,-0.011301,0.004887,-0.010232,32.21,64.1236220876408
31592,-8.210373,-3.726223,4.376472,-0.011454,0.009163,-0.010079,32.23,64.1084490957229
31602,-8.20798,-3.727419,4.370491,-0.01237,0.012828,-0.011759,32.23,64.1350146797907
31612,-8.213962,-3.739982,4.360919,-0.012828,0.016493,-0.011759,32.2,64.2107941682155
31622,-8.203793,-3.729214,4.366901,-0.013134,0.018937,-0.011606,32.2,64.145835953348
31632,-8.207382,-3.731607,4.355535,-0.013897,0.021533,-0.012675,32.2,64.2149891922448
31642,-8.209774,-3.739383,4.351946,-0.013897,0.024435,-0.011606,32.2,64.2469073420987
31652,-8.202596,-3.721437,4.349553,-0.014508,0.027031,-0.011454,32.23,64.2245061907955
31662,-8.199606,-3.73041,4.342973,-0.014813,0.028253,-0.012065,32.23,64.2609186242211
31672,-8.212766,-3.724428,4.34058,-0.014813,0.029627,-0.011148,32.21,64.296897889336
31682,-8.207382,-3.728018,4.329215,-0.014661,0.031918,-0.010232,32.21,64.3470751028905
31692,-8.204391,-3.728616,4.338786,-0.014203,0.033139,-0.009774,32.21,64.2915125791607
31702,-8.208578,-3.734598,4.328616,-0.01405,0.032681,-0.010079,32.21,64.3596198302821
31712,-8.213962,-3.744768,4.331607,-0.013897,0.031765,-0.008399,32.21,64.3667598896383
31722,-8.220542,-3.735795,4.328018,-0.013744,0.030849,-0.007636,32.19,64.3908977846352
31732,-8.213365,-3.726821,4.325027,-0.013897,0.030543,-0.006567,32.19,64.3809819254238
31742,-8.221141,-3.742973,4.316054,-0.012828,0.029016,-0.007025,32.2,64.4613436489515
31752,-8.218149,-3.742374,4.319643,-0.012217,0.027794,-0.006109,32.2,64.4354762049814
31762,-8.210971,-3.735795,4.311867,-0.01237,0.026267,-0.004581,32.22,64.452778770402
31772,-8.233105,-3.735795,4.316652,-0.01237,0.023213,-0.005192,32.22,64.47778884866
31782,-8.23131,-3.750151,4.316652,-0.011454,0.021075,-0.004429,32.2,64.4883996716921
31792,-8.234302,-3.742973,4.306482,-0.01069,0.018173,-0.004123,32.2,64.5402782961516
31802,-8.221739,-3.738187,4.308876,-0.010385,0.015882,-0.003971,32.17,64.4948778535
31812,-8.221141,-3.734,4.315455,-0.010232,0.011912,-0.003971,32.17,64.4552699786829
31822,-8.222935,-3.753741,4.313661,-0.009774,0.009316,-0.003512,32.23,64.488737470145
31832,-8.2349,-3.738187,4.31725,-0.00901,0.006567,-0.002749,32.23,64.4811652232146
31842,-8.222935,-3.745365,4.313063,-0.00901,0.00336,-0.003665,32.19,64.4832610357556
31852,-8.224131,-3.75075,4.313661,-0.008399,0.000153,-0.003207,32.19,64.4883592423475
31862,-8.225926,-3.735196,4.311268,-0.007789,-0.006414,-0.002749,32.18,64.4888664142396
31872,-8.230712,-3.731607,4.319643,-0.00733,-0.010232,-0.003054,32.25,64.4527146513697
31882,-8.230114,-3.734,4.316652,-0.007025,-0.013286,-0.003207,32.25,64.469247225922
31892,-8.219346,-3.743571,4.314857,-0.007636,-0.015577,-0.003207,32.2,64.4641061947105
31902,-8.227122,-3.731607,4.316054,-0.007025,-0.017868,-0.003971,32.2,64.463176395269
31912,-8.219944,-3.731607,4.323233,-0.00733,-0.020464,-0.003971,32.19,64.4099656555864
31922,-8.216354,-3.735196,4.320839,-0.006872,-0.022602,-0.003971,32.19,64.4179163910118
31932,-8.232506,-3.731607,4.329215,-0.005956,-0.024282,-0.004581,32.21,64.4073704445587
31942,-8.218747,-3.735795,4.329813,-0.006567,-0.025351,-0.003971,32.21,64.3775932868473
31952,-8.221141,-3.734598,4.334598,-0.00672,-0.02642,-0.004887,32.25,64.3570796265418
31962,-8.222337,-3.737589,4.335794,-0.006414,-0.027336,-0.004734,32.25,64.3566707523755
31972,-8.212766,-3.741179,4.339982,-0.006109,-0.027794,-0.004276,32.21,64.3171803983228
31982,-8.215756,-3.732804,4.341179,-0.006872,-0.028405,-0.004734,32.21,64.3091571496649
31992,-8.226524,-3.735795,4.352544,-0.007025,-0.027184,-0.004734,32.22,64.2779914067118
32002,-8.206783,-3.729812,4.34058,-0.00672,-0.025198,-0.003971,32.22,64.2888949036266
32012,-8.216953,-3.726821,4.334598,-0.007178,-0.02474,-0.003665,32.2,64.3396706408366
32022,-8.223534,-3.720241,4.355535,-0.006567,-0.023213,-0.003971,32.2,64.239896427177
32032,-8.214561,-3.736392,4.351946,-0.007789,-0.018326,-0.004887,32.23,64.2546543968452
32042,-8.210971,-3.728616,4.347759,-0.007941,-0.016799,-0.005345,32.23,64.260115385836
32052,-8.207382,-3.724428,4.354339,-0.007941,-0.014813,-0.005803,32.23,64.2137609772686
32062,-8.212766,-3.725625,4.359125,-0.00901,-0.012065,-0.005651,32.2,64.2025414355854
32072,-8.219944,-3.729214,4.362714,-0.009621,-0.009927,-0.006414,32.2,64.2040200123792
32082,-8.197212,-3.732804,4.352544,-0.010232,-0.00733,-0.006261,32.18,64.2085869300243
32092,-8.202596,-3.736392,4.359723,-0.01069,-0.005651,-0.007025,32.18,64.1875001797633
32102,-8.20798,-3.738187,4.359125,-0.010843,-0.002443,-0.006414,32.23,64.2046349770967
32112,-8.20798,-3.738786,4.361517,-0.011454,0.000916,-0.006261,32.23,64.1929362898991
32122,-8.204989,-3.731009,4.354339,-0.01237,0.00336,-0.006261,32.18,64.2151131640425
32132,-8.204391,-3.736991,4.356134,-0.012523,0.005803,-0.006567,32.18,64.2106773792441
32142,-8.201998,-3.720839,4.356732,-0.012981,0.008858,-0.006109,32.2,64.1855128985443
32152,-8.206185,-3.727419,4.361517,-0.013592,0.011148,-0.006261,32.2,64.1771417788479
32162,-8.205587,-3.735795,4.356134,-0.013286,0.014508,-0.005651,32.2,64.2121531094968
32172,-8.208578,-3.734,4.345964,-0.01237,0.017104,-0.006109,32.2,64.2694919435279
32182,-8.205587,-3.742374,4.352544,-0.011454,0.020769,-0.006414,32.21,64.2374380877589
32192,-8.21157,-3.734598,4.34417,-0.010537,0.024587,-0.005498,32.21,64.2861213400831
32202,-8.209177,-3.728616,4.349553,-0.009774,0.028405,-0.00504,32.18,64.2468060786316
32212,-8.218149,-3.734,4.348955,-0.010079,0.030085,-0.005498,32.18,64.2757143838471
32222,-8.215756,-3.742374,4.335794,-0.010232,0.031154,-0.005803,32.18,64.3467471882851
32232,-8.216354,-3.728616,4.337589,-0.010537,0.030849,-0.005192,32.23,64.3247270272963
32242,-8.212168,-3.735196,4.334,-0.010537,0.030696,-0.00672,32.23,64.3405418885957
32252,-8.228917,-3.736392,4.335197,-0.010537,0.030696,-0.00672,32.22,64.3733421366712
32262,-8.224131,-3.732205,4.321437,-0.010537,0.029627,-0.007025,32.22,64.4292704553303
32272,-8.223534,-3.73041,4.326224,-0.010385,0.027947,-0.006414,32.21,64.401386823661
32282,-8.218747,-3.732804,4.322634,-0.009927,0.026267,-0.007178,32.21,64.4115871692536
32292,-8.221739,-3.732804,4.320839,-0.009316,0.02474,-0.006872,32.18,64.4275885721183
32302,-8.23131,-3.729812,4.324429,-0.009621,0.021838,-0.007636,32.18,64.4275348626656
32312,-8.229516,-3.734598,4.31725,-0.010385,0.018784,-0.006872,32.21,64.4654268657285
32322,-8.229516,-3.734598,4.315455,-0.010079,0.016188,-0.006872,32.21,64.4746932420822
32332,-8.237292,-3.736392,4.314857,-0.011148,0.01405,-0.00672,32.17,64.4970500781016
32342,-8.233105,-3.734,4.317849,-0.010537,0.010843,-0.005803,32.17,64.4697839678659
32352,-8.221739,-3.742973,4.31725,-0.009621,0.007483,-0.00672,32.23,64.4565109079597
32362,-8.23131,-3.745365,4.316054,-0.009468,0.004123,-0.005803,32.23,64.4866016390964
32372,-8.230712,-3.736991,4.313063,-0.009316,0.000611,-0.005192,32.18,64.4921642625877
32382,-8.233105,-3.739383,4.315455,-0.008705,-0.006109,-0.00504,32.19,64.4876201752017
32392,-8.236095,-3.736991,4.313063,-0.007941,-0.00901,-0.004123,32.19,64.5042343916799
32402,-8.230114,-3.735196,4.320839,-0.00733,-0.012065,-0.003512,32.2,64.4488566718183
32412,-8.219346,-3.735196,4.31067,-0.007483,-0.015272,-0.003207,32.2,64.4771806151611
32422,-8.215158,-3.742374,4.314259,-0.00733,-0.016952,-0.002596,32.21,64.4565629703596
32432,-8.213365,-3.739383,4.316652,-0.006567,-0.019395,-0.001222,32.21,64.4371056152461
32442,-8.221141,-3.728616,4.322634,-0.006109,-0.02138,-0.000458,32.2,64.412697643413
32452,-8.220542,-3.734598,4.31725,-0.00672,-0.024129,-0.001222,32.2,64.4452624888551
32462,-8.215158,-3.736392,4.326224,-0.006567,-0.025351,-0.000764,32.23,64.3886427417534
32472,-8.229516,-3.736392,4.331607,-0.005803,-0.027031,0,32.23,64.3931950755558
32482,-8.227122,-3.73041,4.334,-0.005956,-0.027489,-0.001222,32.21,64.3693576419887
32492,-8.215756,-3.726223,4.333402,-0.007178,-0.028405,-0.001374,32.21,64.3425275411691
32502,-8.21157,-3.736392,4.342973,-0.00672,-0.028711,-0.001222,32.23,64.2941370681567
32512,-8.208578,-3.734598,4.348955,-0.00672,-0.028558,-0.000764,32.23,64.2546878042794
32522,-8.210971,-3.726223,4.351946,-0.007178,-0.0281,-0.001374,32.21,64.2360740464311
32532,-8.204989,-3.742973,4.354938,-0.008094,-0.027642,-0.001833,32.21,64.2243684073509
32542,-8.215756,-3.734,4.36391,-0.007941,-0.026114,-0.003207,32.22,64.1933023163604
32552,-8.21157,-3.733402,4.362714,-0.008399,-0.02306,-0.002749,32.22,64.1893569839899
32562,-8.214561,-3.735196,4.365107,-0.00901,-0.020769,-0.002749,32.23,64.185667599361
32572,-8.21157,-3.731607,4.368696,-0.009774,-0.01741,-0.004734,32.23,64.1567207377396
32582,-8.207382,-3.727419,4.360321,-0.009621,-0.014508,-0.005651,32.23,64.1860182460352
32592,-8.206783,-3.733402,4.365107,-0.009621,-0.01069,-0.006109,32.21,64.1661832105157
32602,-8.209774,-3.732205,4.365107,-0.01069,-0.006567,-0.006261,32.21,64.1717332163977
32612,-8.205587,-3.741776,4.377669,-0.010385,-0.001985,-0.006261,32.2,64.1074953803606
32622,-8.198408,-3.728018,4.368696,-0.010079,0.001833,-0.006872,32.2,64.1231181048567
32632,-8.207382,-3.738187,4.377669,-0.010385,0.00672,-0.007483,32.21,64.1078573146978
32642,-8.212766,-3.725625,4.358526,-0.010079,0.011148,-0.008705,32.21,64.2056263784165
32652,-8.19781,-3.731009,4.36391,-0.010843,0.015424,-0.00901,32.22,64.1495041734492
32662,-8.210971,-3.731009,4.360321,-0.011454,0.020006,-0.009927,32.22,64.1978545182134
32672,-8.206783,-3.729214,4.365705,-0.011912,0.023824,-0.011301,32.19,64.15878331264
32682,-8.217552,-3.728018,4.366303,-0.011912,0.027489,-0.011912,32.19,64.1789040357323
32692,-8.209774,-3.736991,4.356732,-0.011454,0.030238,-0.011148,32.2,64.219788554627
32702,-8.212168,-3.732804,4.348955,-0.012523,0.032834,-0.011759,32.2,64.2609637211255
32712,-8.203195,-3.729214,4.34417,-0.013286,0.03543,-0.01237,32.26,64.2616375964336
32722,-8.219944,-3.737589,4.345366,-0.012981,0.038332,-0.012523,32.26,64.3019420171235
32732,-8.221739,-3.735196,4.34417,-0.012217,0.038943,-0.012675,32.24,64.3097004986556
32742,-8.225328,-3.744169,4.335794,-0.012828,0.038485,-0.012981,32.19,64.3701452517147
32752,-8.202596,-3.74058,4.329813,-0.012981,0.039401,-0.012828,32.19,64.3460891265337
32762,-8.22772,-3.739982,4.331607,-0.012981,0.038332,-0.012065,32.2,64.3928236880013
32772,-8.225926,-3.741776,4.324429,-0.012217,0.036652,-0.012065,32.2,64.4276419904472
32782,-8.227122,-3.731009,4.316054,-0.011606,0.035888,-0.010232,32.17,64.4625670282779
32792,-8.225926,-3.738187,4.318447,-0.010996,0.033903,-0.008552,32.17,64.4548458157797
32802,-8.221141,-3.734598,4.310072,-0.010537,0.031307,-0.008399,32.23,64.483692673726
32812,-8.223534,-3.744768,4.307679,-0.010232,0.028558,-0.007789,32.23,64.5118055305598
32822,-8.239684,-3.73041,4.296911,-0.009621,0.02474,-0.007941,32.18,64.5890130635048
32832,-8.225328,-3.733402,4.298108,-0.008399,0.020769,-0.005345,32.18,64.5537204268712
32842,-8.222935,-3.738786,4.306482,-0.007941,0.01741,-0.004276,32.18,64.5105444121192
32852,-8.24148,-3.738786,4.313063,-0.00733,0.012828,-0.004123,32.18,64.5181228456094
32862,-8.2349,-3.742973,4.297509,-0.00733,0.00901,-0.003971,32.2,64.5879683994935
32872,-8.226524,-3.732205,4.302295,-0.006109,0.004581,-0.003512,32.2,64.5335330235438
32882,-8.225926,-3.739383,4.308277,-0.005192,0.000611,-0.002291,32.2,64.5085857926732
32892,-8.222935,-3.737589,4.308876,-0.004887,-0.003665,-0.001374,32.2,64.4969518396485
32902,-8.229516,-3.741776,4.307081,-0.003207,-0.011759,-0.000153,32.19,64.5252491292104
32912,-8.230712,-3.735795,4.309474,-0.003054,-0.014661,0.000305,32.2,64.5094799559661
32922,-8.223534,-3.734598,4.312464,-0.002749,-0.018784,0.000153,32.2,64.4767077689904
32932,-8.236095,-3.739982,4.31725,-0.002902,-0.022449,0.000153,32.19,64.4856723722951
32942,-8.227122,-3.733402,4.323233,-0.002902,-0.025198,0.000611,32.19,64.4279491077737
32952,-8.224131,-3.738187,4.32742,-0.003818,-0.027947,-0.000305,32.2,64.4045072227918
32962,-8.22772,-3.737589,4.322634,-0.003054,-0.030238,0.000458,32.2,64.4366572759905
32972,-8.227122,-3.735196,4.326224,-0.003207,-0.032681,-0.000458,32.17,64.4143484703796
32982,-8.22772,-3.736991,4.335794,-0.003971,-0.034972,-0.000764,32.17,64.3681828567531
32992,-8.227122,-3.722634,4.331607,-0.003971,-0.036957,-0.000916,32.18,64.3737608573968
33002,-8.220542,-3.731607,4.335197,-0.004734,-0.037721,-0.00168,32.18,64.3495779843168
33012,-8.215158,-3.735795,4.345964,-0.004429,-0.037874,-0.000916,32.23,64.2862114204277
33022,-8.216354,-3.738786,4.342973,-0.004887,-0.037721,-0.002291,32.23,64.3073997204904
33032,-8.222935,-3.720839,4.343571,-0.00672,-0.038179,-0.003665,32.22,64.3007879703642
33042,-8.222337,-3.724428,4.354339,-0.006567,-0.036346,-0.00336,32.22,64.2476352815488
33052,-8.207382,-3.725625,4.350152,-0.006872,-0.033445,-0.004123,32.23,64.2365760900553
33062,-8.216953,-3.715455,4.364508,-0.007483,-0.030696,-0.004276,32.23,64.1738743998631
33072,-8.2014,-3.72383,4.361517,-0.007636,-0.022144,-0.004887,32.2,64.1625757206965
33082,-8.209774,-3.718446,4.354938,-0.00901,-0.019395,-0.005345,32.18,64.2099479707109
33092,-8.20798,-3.726223,4.362116,-0.008858,-0.015119,-0.006261,32.18,64.1768976614348
33102,-8.210971,-3.725027,4.369893,-0.009621,-0.012217,-0.00733,32.19,64.1424197865483
33112,-8.200203,-3.723232,4.368098,-0.010843,-0.007636,-0.007636,32.19,64.1253344143971
33122,-8.214561,-3.726821,4.370491,-0.012217,-0.003818,-0.008247,32.19,64.1493419660918
33132,-8.207382,-3.73041,4.372285,-0.012217,-0.000916,-0.009316,32.19,64.1275117787984
33142,-8.209774,-3.720241,4.371089,-0.013439,0.00336,-0.00901,32.19,64.1286143701494
33152,-8.203793,-3.720839,4.366901,-0.014355,0.006261,-0.009927,32.19,64.1371939258286
33162,-8.199007,-3.724428,4.363312,-0.015577,0.009621,-0.009163,32.2,64.148505421663
33172,-8.203195,-3.723232,4.359125,-0.01573,0.012675,-0.010232,32.2,64.1783625622721
33182,-8.206185,-3.737589,4.359723,-0.016493,0.015882,-0.009774,32.17,64.1968715707578
33192,-8.196614,-3.728616,4.351946,-0.016188,0.019395,-0.009774,32.17,64.2059905158142
33202,-8.206783,-3.727419,4.359125,-0.01573,0.021991,-0.010385,32.21,64.1908203838918
33212,-8.206185,-3.742374,4.35733,-0.016188,0.024587,-0.009927,32.21,64.2141357072418
33222,-8.201998,-3.738187,4.351348,-0.015882,0.028253,-0.010079,32.16,64.2311572839057
33232,-8.21157,-3.726821,4.336991,-0.015424,0.031001,-0.01069,32.16,64.3151651724936
33242,-8.213962,-3.733402,4.338786,-0.014813,0.034514,-0.009621,32.19,64.3180600260553
33252,-8.204391,-3.741776,4.335197,-0.013439,0.036957,-0.008247,32.21,64.3235760829354
33262,-8.200802,-3.742374,4.335197,-0.013134,0.03711,-0.008705,32.21,64.3160880253743
33272,-8.219346,-3.741776,4.335794,-0.012981,0.036957,-0.007789,32.25,64.3542232744364
33282,-8.222337,-3.731607,4.325027,-0.012828,0.036957,-0.007789,32.25,64.4060922756149
33292,-8.237292,-3.74058,4.322036,-0.01237,0.036041,-0.007789,32.2,64.4642809100834
33302,-8.222935,-3.738187,4.324429,-0.01069,0.035277,-0.00672,32.2,64.4172490751551
33312,-8.228917,-3.741179,4.326224,-0.011301,0.032223,-0.007483,32.22,64.4244940715152
33322,-8.221141,-3.731607,4.320839,-0.011454,0.02978,-0.005956,32.22,64.4250204966998
33332,-8.23131,-3.735795,4.316652,-0.01069,0.027184,-0.006261,32.21,64.4737606020684
33342,-8.237292,-3.745365,4.316652,-0.01069,0.024587,-0.006109,32.21,64.4969209125545
33352,-8.230114,-3.74058,4.31067,-0.01069,0.021686,-0.006414,32.19,64.5068351938625
33362,-8.228917,-3.735196,4.311268,-0.01069,0.017868,-0.00672,32.19,64.4955784828832
33372,-8.235497,-3.726223,4.309474,-0.010537,0.014355,-0.007483,32.18,64.5104830292931
33382,-8.23131,-3.74716,4.311867,-0.009774,0.010843,-0.006414,32.18,64.5100415949978
33392,-8.231908,-3.749553,4.315455,-0.00901,0.007025,-0.006414,32.16,64.4953050301805
33402,-8.238488,-3.731009,4.31067,-0.009163,0.004581,-0.005803,32.16,64.5158724602934
33412,-8.236095,-3.732205,4.301697,-0.009316,0.000916,-0.005651,32.22,64.5580685834618
33422,-8.224131,-3.738187,4.31067,-0.009163,-0.004887,-0.005651,32.2,64.4909766951522
33432,-8.230712,-3.735196,4.307679,-0.009163,-0.007025,-0.005956,32.2,64.518142071639
33442,-8.234302,-3.729812,4.315455,-0.008552,-0.009163,-0.004734,32.22,64.480565941349
33452,-8.22473,-3.731607,4.313661,-0.008399,-0.011606,-0.004581,32.22,64.4701611653869
33462,-8.2349,-3.734598,4.311867,-0.008094,-0.013134,-0.004887,32.23,64.5052957662915
33472,-8.225328,-3.722036,4.324429,-0.008247,-0.015424,-0.00504,32.23,64.4061471254235
33482,-8.212766,-3.73041,4.320839,-0.008552,-0.017562,-0.004581,32.22,64.404938450886
33492,-8.213962,-3.735795,4.313661,-0.007941,-0.019548,-0.004276,32.22,64.4502324599826
33502,-8.233105,-3.737589,4.325625,-0.007636,-0.021991,-0.003512,32.17,64.4333276790767
33512,-8.227122,-3.74058,4.329215,-0.007025,-0.023824,-0.004123,32.17,64.4044231656129
33522,-8.23131,-3.736392,4.33041,-0.00733,-0.026573,-0.004123,32.24,64.4034010644038
33532,-8.218747,-3.734598,4.338786,-0.006414,-0.027489,-0.002749,32.24,64.3300862864031
33542,-8.219346,-3.736991,4.335794,-0.007178,-0.029016,-0.003512,32.21,64.3493174371727
33552,-8.230712,-3.737589,4.33041,-0.006414,-0.02978,-0.002902,32.21,64.4032784074273
33562,-8.223534,-3.732804,4.335794,-0.006261,-0.030238,-0.002138,32.22,64.3544700756375
33572,-8.222337,-3.733402,4.32742,-0.006109,-0.029627,-0.000916,32.22,64.3955774548399
33582,-8.210373,-3.744768,4.346562,-0.007025,-0.02978,-0.000916,32.21,64.2815517877958
33592,-8.212766,-3.731009,4.353741,-0.005803,-0.027794,0.000153,32.2,64.2358104388623
33602,-8.206783,-3.735196,4.356732,-0.005651,-0.026725,-0.000458,32.2,64.2111641288667
33612,-8.206783,-3.719643,4.349553,-0.005803,-0.024282,-0.000611,32.21,64.2321568753917
33622,-8.209177,-3.727419,4.356732,-0.006109,-0.021838,-0.000458,32.21,64.2085775085366
33632,-8.219944,-3.726223,4.366901,-0.006872,-0.019548,-0.000916,32.22,64.1794049793177
33642,-8.214561,-3.727419,4.352544,-0.00733,-0.017562,-0.001374,32.22,64.2423508713881
33652,-8.207382,-3.728616,4.365107,-0.00733,-0.014203,-0.002138,32.21,64.1626051003846
33662,-8.212168,-3.727419,4.365107,-0.007789,-0.011148,-0.00168,32.21,64.1722321907088
33672,-8.207382,-3.722634,4.365705,-0.007636,-0.007483,-0.003512,32.21,64.1533599238015
33682,-8.213365,-3.731607,4.365107,-0.007789,-0.00336,-0.003818,32.21,64.1792598588805
33692,-8.20798,-3.728616,4.368098,-0.008247,-0.000458,-0.004429,32.21,64.148565401165
33702,-8.218747,-3.726223,4.362116,-0.008094,0.002138,-0.004581,32.21,64.2013128181267
33712,-8.215756,-3.728018,4.360919,-0.008858,0.00672,-0.005956,32.19,64.2025416328676
33722,-8.200802,-3.735795,4.359723,-0.008705,0.010385,-0.005345,32.19,64.1828148068233
33732,-8.207382,-3.728616,4.363312,-0.009621,0.013134,-0.005803,32.19,64.1718476342405
33742,-8.210373,-3.74058,4.364508,-0.009927,0.016646,-0.005498,32.19,64.1848135287489
33752,-8.215158,-3.733402,4.350152,-0.010537,0.019853,-0.007025,32.23,64.2621724217024
33762,-8.209177,-3.732804,4.358526,-0.010079,0.025809,-0.007789,32.23,64.2048819125285
33772,-8.214561,-3.725027,4.348357,-0.010843,0.028863,-0.007636,32.18,64.261471543042
33782,-8.212168,-3.737589,4.347759,-0.01069,0.031001,-0.007789,32.21,64.2720484696526
33792,-8.213365,-3.741179,4.342973,-0.011301,0.033292,-0.008552,32.21,64.3031121392588
33802,-8.215158,-3.728018,4.353143,-0.011148,0.034514,-0.00901,32.18,64.2412316494743
33812,-8.228917,-3.734,4.339384,-0.010843,0.034667,-0.009316,32.18,64.3493207822872
33822,-8.226524,-3.733402,4.337589,-0.01069,0.03543,-0.00901,32.23,64.3525672286934
33832,-8.218747,-3.732205,4.323233,-0.011759,0.036041,-0.009163,32.23,64.4078819342476
33842,-8.228917,-3.729214,4.338188,-0.011454,0.035583,-0.009621,32.24,64.3505928071171
33852,-8.230712,-3.729812,4.344768,-0.011148,0.034667,-0.009774,32.24,64.3213521231648
33862,-8.235497,-3.732205,4.326224,-0.011148,0.033903,-0.009163,32.2,64.4301264746543
33872,-8.233105,-3.739383,4.32742,-0.011759,0.03207,-0.00901,32.2,64.4259024704662
33882,-8.216354,-3.73041,4.31725,-0.012065,0.029627,-0.009316,32.2,64.4315619628935
33892,-8.222935,-3.739383,4.317849,-0.011454,0.027794,-0.008705,32.2,64.4524355749915
33902,-8.221739,-3.737589,4.310072,-0.010843,0.025809,-0.008552,32.2,64.4880873510128
33912,-8.22772,-3.728018,4.314259,-0.010843,0.022755,-0.007789,32.2,64.4701341806432
33922,-8.229516,-3.732205,4.308277,-0.010996,0.019395,-0.008094,32.21,64.5093277981304
33932,-8.239684,-3.744768,4.31067,-0.010385,0.016188,-0.007789,32.21,64.5325295792013
33942,-8.223534,-3.739982,4.314259,-0.010232,0.008247,-0.006261,32.22,64.4729304626965
33952,-8.220542,-3.738786,4.299902,-0.009468,0.004123,-0.006261,32.2,64.5391978502045
33962,-8.225926,-3.733402,4.31067,-0.010537,-0.000458,-0.007025,32.2,64.4901275125218
33972,-8.222337,-3.732205,4.305884,-0.010385,-0.004734,-0.005498,32.22,64.505585060139
33982,-8.234302,-3.725027,4.306482,-0.010385,-0.008247,-0.005345,32.22,64.522044176243
33992,-8.225328,-3.731009,4.299902,-0.008858,-0.011301,-0.004276,32.23,64.542008383585
34002,-8.227122,-3.73041,4.316054,-0.00901,-0.014813,-0.004429,32.23,64.4619566962911
34012,-8.221739,-3.731009,4.316652,-0.008858,-0.01909,-0.004123,32.21,64.4473784838881
34022,-8.22473,-3.736392,4.322634,-0.008552,-0.021686,-0.00504,32.21,64.4287144058471
34032,-8.230114,-3.734,4.322036,-0.008399,-0.024282,-0.004123,32.18,64.4414609904614
34042,-8.225328,-3.725625,4.32742,-0.008552,-0.027336,-0.003971,32.18,64.3943706342388
34052,-8.231908,-3.736392,4.322634,-0.008705,-0.029016,-0.00336,32.22,64.4448447494458
34062,-8.221141,-3.735196,4.331607,-0.008399,-0.029932,-0.00336,32.22,64.3731180596005
34072,-8.218747,-3.736392,4.328018,-0.007941,-0.031307,-0.003512,32.21,64.3874668088873
34082,-8.233703,-3.735795,4.32742,-0.007636,-0.032223,-0.003054,32.21,64.4235865034849
34092,-8.220542,-3.733402,4.341777,-0.007483,-0.032834,-0.003971,32.2,64.317492014839
34102,-8.220542,-3.743571,4.342973,-0.008247,-0.032376,-0.004581,32.2,64.3217599210606
34112,-8.216354,-3.731607,4.335794,-0.007636,-0.031001,-0.003512,32.21,64.3370512070343
34122,-8.21157,-3.737589,4.35075,-0.007636,-0.029627,-0.003512,32.21,64.2552839753178
34132,-8.213365,-3.734,4.345964,-0.007941,-0.027336,-0.004429,32.21,64.2803154622016
34142,-8.212168,-3.732205,4.352544,-0.008094,-0.025045,-0.004581,32.22,64.241853789599
34152,-8.209177,-3.723232,4.35733,-0.008094,-0.022297,-0.004429,32.22,64.2011880327024
34162,-8.210373,-3.735795,4.362116,-0.008858,-0.019395,-0.005803,32.23,64.1921892887202
34172,-8.20798,-3.729812,4.366303,-0.009468,-0.016035,-0.006109,32.23,64.1590386100708
34182,-8.205587,-3.732205,4.359723,-0.009621,-0.013134,-0.005498,32.22,64.189960958242
34192,-8.202596,-3.729214,4.368098,-0.009621,-0.009163,-0.006109,32.22,64.1369534483502
34202,-8.210971,-3.73041,4.361517,-0.010079,-0.006414,-0.007178,32.22,64.1910793316456
34212,-8.214561,-3.74058,4.373481,-0.010079,-0.001833,-0.007483,32.22,64.1481515840621
34222,-8.206783,-3.724428,4.364508,-0.010079,0.002291,-0.008094,32.21,64.1600120379971
34232,-8.206783,-3.734598,4.361517,-0.010843,0.005956,-0.008705,32.21,64.1859017456445
34242,-8.200802,-3.733402,4.362714,-0.009774,0.010232,-0.00901,32.21,64.1649335279908
34252,-8.203195,-3.727419,4.355535,-0.010232,0.014203,-0.008705,32.21,64.2011807851279
34262,-8.208578,-3.727419,4.351946,-0.009621,0.01741,-0.009468,32.18,64.2318830614645
34272,-8.203195,-3.73041,4.348357,-0.010079,0.020922,-0.009621,32.18,64.2412715263814
34282,-8.208578,-3.737589,4.348357,-0.009774,0.027031,-0.009316,32.23,64.2608496904386
34292,-8.204989,-3.739982,4.345366,-0.009927,0.030391,-0.009774,32.23,64.2706190833714
34302,-8.202596,-3.738786,4.345366,-0.009927,0.03207,-0.009927,32.23,64.2639739218498
34312,-8.212766,-3.732804,4.347759,-0.009621,0.033139,-0.009468,32.16,64.2684802213662
34322,-8.201998,-3.741776,4.329215,-0.009774,0.033903,-0.01069,32.16,64.3490589771933
34332,-8.215158,-3.748357,4.341179,-0.009163,0.035125,-0.009316,32.21,64.3237852887952
34342,-8.219944,-3.731009,4.332206,-0.009163,0.034819,-0.008094,32.21,64.3630455127778
34352,-8.222935,-3.733402,4.33041,-0.009621,0.03375,-0.009163,32.21,64.3814981873927
34362,-8.20798,-3.731009,4.329813,-0.009163,0.032529,-0.008705,32.21,64.3484058548817
34372,-8.229516,-3.745964,4.32742,-0.008705,0.031307,-0.007941,32.2,64.4245622226875
34382,-8.222935,-3.74058,4.32742,-0.008858,0.029169,-0.007941,32.2,64.40426459064
34392,-8.215756,-3.736991,4.311268,-0.00901,0.026725,-0.007178,32.2,64.4678571397276
34402,-8.221141,-3.734598,4.316054,-0.009316,0.023976,-0.007483,32.2,64.4527864949846
34412,-8.23131,-3.731607,4.315455,-0.007483,0.021686,-0.006261,32.22,64.4756751412255
34422,-8.220542,-3.728018,4.313063,-0.007789,0.018631,-0.004429,32.22,64.4601778140803
34432,-8.237292,-3.735196,4.305884,-0.007941,0.015119,-0.00504,32.23,64.5421557835084
34442,-8.22772,-3.739383,4.306482,-0.007178,0.011759,-0.003054,32.23,64.5218815560132
34452,-8.231908,-3.736991,4.310072,-0.007636,0.004887,-0.003512,32.2,64.5102902912904
34462,-8.232506,-3.741179,4.314259,-0.006414,0.00168,-0.002902,32.21,64.4942792499937
34472,-8.227122,-3.742374,4.316652,-0.006567,-0.001527,-0.002138,32.21,64.47107040958
34482,-8.225926,-3.735795,4.309474,-0.005651,-0.004276,-0.000764,32.15,64.4987447163512
34492,-8.231908,-3.731607,4.321437,-0.005803,-0.00733,-0.000305,32.15,64.4461442488268
34502,-8.239087,-3.741776,4.314259,-0.005498,-0.010537,-0.000458,32.19,64.5096328814983
34512,-8.224131,-3.738786,4.314857,-0.005192,-0.013592,-0.00168,32.19,64.4699616221604
34522,-8.230712,-3.733402,4.31725,-0.005192,-0.015882,-0.000916,32.16,64.4668940208363
34532,-8.229516,-3.73041,4.332804,-0.00504,-0.019242,-0.001833,32.16,64.3809159707845
34542,-8.228318,-3.734598,4.328616,-0.005651,-0.021991,-0.002596,32.22,64.4040902780708
34552,-8.218149,-3.729214,4.335197,-0.005651,-0.023518,-0.001833,32.22,64.3417298864856
34562,-8.223534,-3.738187,4.331009,-0.00504,-0.025045,-0.00168,32.2,64.3846519864682
34572,-8.220542,-3.723232,4.333402,-0.006261,-0.027642,-0.001833,32.2,64.350270395041
34582,-8.221739,-3.735196,4.328616,-0.006414,-0.028558,-0.002749,32.23,64.3898946838073
34592,-8.213365,-3.735795,4.335794,-0.006414,-0.028863,-0.003665,32.23,64.3346016589272
34602,-8.204989,-3.726821,4.331607,-0.00733,-0.029474,-0.004123,32.23,64.3280861369192
34612,-8.21157,-3.735795,4.344768,-0.006872,-0.026878,-0.004123,32.23,64.2842688525056
34622,-8.215756,-3.725027,4.345964,-0.007025,-0.025351,-0.005651,32.2,64.2765103891907
34632,-8.207382,-3.726223,4.356732,-0.008247,-0.021228,-0.005192,32.21,64.2032764255694
34642,-8.204391,-3.729214,4.347161,-0.008247,-0.01909,-0.005345,32.21,64.2489171544896
34652,-8.198408,-3.722634,4.352544,-0.007178,-0.016799,-0.005803,32.2,64.2008071814935
34662,-8.213365,-3.729812,4.360321,-0.007636,-0.015119,-0.006567,32.2,64.2020476810894
34672,-8.218149,-3.721437,4.351946,-0.008399,-0.011912,-0.007636,32.2,64.2474159170435
34682,-8.208578,-3.735196,4.357928,-0.008094,-0.009316,-0.006261,32.2,64.209069923146
34692,-8.206783,-3.726821,4.359723,-0.008552,-0.00672,-0.007483,32.17,64.1871236120691
34702,-8.209774,-3.73041,4.357928,-0.008705,-0.003818,-0.007483,32.17,64.2068488775638
34712,-8.208578,-3.728616,4.364508,-0.010079,-0.00168,-0.007941,32.24,64.168403485546
34722,-8.222935,-3.73041,4.361517,-0.010537,0.000611,-0.007636,32.24,64.2181789504475
34732,-8.218149,-3.725625,4.353143,-0.010996,0.002443,-0.008858,32.19,64.2455449246977
34742,-8.220542,-3.720839,4.356732,-0.011454,0.005192,-0.008399,32.19,64.2275706294768
34752,-8.210971,-3.735795,4.351348,-0.011759,0.00733,-0.008247,32.21,64.2490013918253
34772,-8.212168,-3.727419,4.360919,-0.012523,0.012065,-0.008858,32.24,64.1937928989059
34782,-8.213962,-3.734598,4.353741,-0.01237,0.014203,-0.008399,32.24,64.2422084906389
34792,-8.210971,-3.734,4.350152,-0.012675,0.016341,-0.008399,32.2,64.2533172022816
34802,-8.208578,-3.73041,4.352544,-0.012523,0.019853,-0.009163,32.2,64.2318787893402
34812,-8.210971,-3.735196,4.345366,-0.012675,0.021075,-0.008094,32.17,64.2792161723326
34822,-8.214561,-3.728018,4.34058,-0.012981,0.022907,-0.008552,32.21,64.3046371069876
34832,-8.222935,-3.726821,4.342375,-0.012217,0.024129,-0.008247,32.21,64.313071894244
34842,-8.220542,-3.735795,4.341179,-0.011912,0.025198,-0.00733,32.2,64.3230270809886
34852,-8.214561,-3.734598,4.329813,-0.01237,0.025351,-0.007178,32.2,64.3669333689905
34862,-8.206185,-3.72383,4.332804,-0.011759,0.026114,-0.008705,32.22,64.3215382773074
34872,-8.216953,-3.737589,4.336991,-0.011606,0.027031,-0.008247,32.22,64.3383625017533
34882,-8.222337,-3.731607,4.332206,-0.011148,0.026878,-0.008399,32.2,64.3690511000681
34892,-8.223534,-3.738187,4.334598,-0.010843,0.02642,-0.007789,32.2,64.3661455612464
34902,-8.224131,-3.729812,4.332804,-0.010537,0.025809,-0.008399,32.2,64.3681744712965
34912,-8.231908,-3.732804,4.33041,-0.01069,0.024893,-0.008094,32.2,64.4010847997943
34922,-8.216354,-3.739982,4.322036,-0.011148,0.023518,-0.008858,32.21,64.4166344484514
34932,-8.221739,-3.733402,4.317849,-0.010843,0.021533,-0.008094,32.21,64.4436389049085
34942,-8.22473,-3.729214,4.313063,-0.010537,0.020922,-0.00733,32.18,64.4708115867659
34952,-8.234302,-3.738187,4.31725,-0.010537,0.018479,-0.007941,32.18,64.4798239512764
34962,-8.228318,-3.736392,4.319643,-0.009163,0.016952,-0.007483,32.22,64.4522139357177
34972,-8.226524,-3.731009,4.313063,-0.009621,0.010385,-0.00733,32.22,64.4766707597484
34982,-8.22772,-3.733402,4.307081,-0.00901,0.007941,-0.005956,32.2,64.5126965314827
34992,-8.23131,-3.739383,4.318447,-0.009621,0.004734,-0.006414,32.24,64.4681533604594
35002,-8.229516,-3.744169,4.305884,-0.009163,0.001069,-0.006109,32.24,64.5338699121876
35012,-8.222337,-3.74716,4.313063,-0.008858,-0.001527,-0.005956,32.22,64.4837541152066
35022,-8.227122,-3.748357,4.319643,-0.008399,-0.006109,-0.007025,32.22,64.4617459335176
35032,-8.220542,-3.735196,4.314857,-0.00733,-0.008247,-0.00504,32.2,64.4582339247466
35042,-8.230712,-3.732804,4.311268,-0.007636,-0.011301,-0.004581,32.2,64.4971708193576
35052,-8.230712,-3.741179,4.316652,-0.007941,-0.014661,-0.004734,32.21,64.4779057835316
35062,-8.233703,-3.735196,4.314857,-0.007941,-0.017562,-0.004887,32.21,64.4877851030852
35072,-8.227122,-3.744169,4.324429,-0.00733,-0.020159,-0.003818,32.24,64.4327749375267
35082,-8.219346,-3.732205,4.313661,-0.007483,-0.022449,-0.003818,32.24,64.4586706830956
35092,-8.225926,-3.725625,4.319045,-0.006872,-0.024587,-0.003818,32.16,64.4389474589176
35102,-8.219944,-3.738786,4.332804,-0.006414,-0.026267,-0.004123,32.16,64.3679239871534
35112,-8.215158,-3.738187,4.332804,-0.007483,-0.027642,-0.002749,32.21,64.3565251120836
35122,-8.219346,-3.73041,4.335197,-0.007789,-0.029016,-0.001985,32.21,64.3456550623656
35132,-8.205587,-3.74058,4.34417,-0.006872,-0.029016,-0.001833,32.2,64.2787547024141
35142,-8.213962,-3.733402,4.336392,-0.007483,-0.029322,-0.001222,32.2,64.3304085546548
35152,-8.209774,-3.73041,4.337589,-0.006567,-0.028863,-0.00168,32.19,64.3117039717955
35162,-8.20798,-3.732804,4.348357,-0.007178,-0.027794,-0.001985,32.19,64.2545707258379
35172,-8.203195,-3.725625,4.341777,-0.00733,-0.025962,-0.000916,32.19,64.2702929848812
35182,-8.220542,-3.735196,4.345366,-0.006872,-0.023824,-0.000764,32.18,64.3008366653655
35192,-8.202596,-3.732205,4.349553,-0.00733,-0.021991,-0.000611,32.18,64.2355965546505
35202,-8.206185,-3.73041,4.350152,-0.007789,-0.020006,-0.001222,32.19,64.2387885281788
35212,-8.206783,-3.734598,4.359723,-0.008399,-0.01741,-0.001985,32.19,64.1951407869492
35222,-8.202596,-3.732205,4.359125,-0.008705,-0.014508,-0.002902,32.21,64.1862578188425
35233,-8.212766,-3.734,4.365107,-0.008705,-0.012065,-0.003207,32.21,64.1803674656724
35242,-8.212168,-3.735196,4.358526,-0.00901,-0.008247,-0.003512,32.21,64.2141211924492
35252,-8.198408,-3.736392,4.366303,-0.008247,-0.00504,-0.003818,32.21,64.1441051453889
35262,-8.198408,-3.725027,4.358526,-0.008094,-0.002138,-0.004429,32.22,64.1724291722261
35272,-8.2014,-3.731009,4.361517,-0.008399,0.000916,-0.004734,32.22,64.169985269329
35282,-8.200203,-3.736991,4.362714,-0.00901,0.005192,-0.004276,32.2,64.1672841216641
35292,-8.210373,-3.722036,4.364508,-0.009163,0.008552,-0.005345,32.2,64.1657003084361
35302,-8.214561,-3.727419,4.359723,-0.008552,0.012523,-0.005498,32.2,64.2053753174518
35312,-8.209177,-3.728018,4.362116,-0.009163,0.015882,-0.006872,32.2,64.1814627352042
35322,-8.206783,-3.729812,4.355535,-0.009316,0.022144,-0.008247,32.23,64.2117825085639
35332,-8.199606,-3.731607,4.347759,-0.009163,0.025351,-0.008705,32.2,64.2374583636709
35342,-8.216354,-3.735196,4.365705,-0.010079,0.027794,-0.008858,32.2,64.1866530223226
35352,-8.217552,-3.733402,4.349553,-0.010232,0.02978,-0.010232,32.22,64.2706705187346
35362,-8.218149,-3.732205,4.346562,-0.009468,0.032376,-0.009316,32.22,64.2862013682191
35372,-8.217552,-3.735795,4.343571,-0.009163,0.034208,-0.008858,32.21,64.3039510481707
35382,-8.212168,-3.717848,4.34058,-0.009927,0.035125,-0.009163,32.21,64.2888001315038
35392,-8.20798,-3.734,4.328616,-0.009316,0.035583,-0.010385,32.2,64.3576568346974
35402,-8.224131,-3.735196,4.334,-0.009774,0.036194,-0.010537,32.2,64.3675124175252
35412,-8.219346,-3.725625,4.326224,-0.010537,0.036041,-0.009927,32.2,64.3870637697192
35422,-8.228917,-3.743571,4.324429,-0.010232,0.034972,-0.010385,32.2,64.4361951489282
35432,-8.232506,-3.738187,4.324429,-0.009927,0.033139,-0.009774,32.25,64.4387597541003
35442,-8.224131,-3.737589,4.314857,-0.01069,0.030543,-0.00901,32.25,64.4687398761711
35452,-8.228917,-3.747759,4.31725,-0.010232,0.029016,-0.008552,32.16,64.4775083747702
35462,-8.224131,-3.732205,4.320241,-0.010232,0.025351,-0.008705,32.16,64.4354447408853
35472,-8.230114,-3.744768,4.312464,-0.009927,0.022297,-0.008705,32.19,64.5018412503844
35482,-8.226524,-3.742973,4.314857,-0.009927,0.019548,-0.007789,32.19,64.4796063703633
35492,-8.232506,-3.738187,4.30409,-0.009468,0.012523,-0.007178,32.18,64.5437444906836
35502,-8.216953,-3.738187,4.311867,-0.009163,0.009468,-0.005651,32.16,64.4686736488563
35512,-8.222337,-3.735196,4.301697,-0.008858,0.00504,-0.005803,32.16,64.5302808494192
35522,-8.230114,-3.739383,4.311867,-0.008399,0.002443,-0.00504,32.16,64.4994348826054
35532,-8.237292,-3.731009,4.308876,-0.008399,-0.00168,-0.005498,32.16,64.5224542875612
35542,-8.230712,-3.737589,4.314259,-0.008247,-0.00504,-0.004429,32.23,64.4865987489696
35552,-8.2349,-3.731607,4.304688,-0.007941,-0.008247,-0.004429,32.23,64.5393318519455
35562,-8.233703,-3.722634,4.307679,-0.007483,-0.01069,-0.00336,32.23,64.5120876696819
35572,-8.231908,-3.735795,4.314857,-0.007941,-0.013592,-0.003512,32.23,64.4843678486043
35582,-8.228318,-3.726223,4.323233,-0.008094,-0.016188,-0.003971,32.19,64.4233190223259
35592,-8.215158,-3.729812,4.319045,-0.008552,-0.019395,-0.003971,32.19,64.4189837002934
35602,-8.223534,-3.727419,4.320241,-0.008552,-0.021686,-0.004123,32.2,64.4292185903864
35612,-8.221141,-3.722634,4.335197,-0.008399,-0.023366,-0.003512,32.2,64.3417509184187
35622,-8.222935,-3.732205,4.325625,-0.008552,-0.024435,-0.003818,32.23,64.4049631430731
35632,-8.22772,-3.732205,4.332804,-0.008705,-0.025351,-0.003971,32.23,64.378704610981
35642,-8.225926,-3.731009,4.331607,-0.008858,-0.025656,-0.004581,32.19,64.379615072894
35652,-8.224131,-3.735196,4.336392,-0.008399,-0.025198,-0.003971,32.19,64.3551801936338
35662,-8.221141,-3.739383,4.338188,-0.008247,-0.025504,-0.004276,32.21,64.3434725603791
35672,-8.222935,-3.729214,4.336991,-0.00672,-0.024282,-0.003818,32.22,64.3432750997707
35682,-8.216953,-3.735795,4.341777,-0.006872,-0.023213,-0.00504,32.22,64.3118458787543
35692,-8.210971,-3.734598,4.337589,-0.007025,-0.021838,-0.005498,32.21,64.3187086092529
35702,-8.218149,-3.739982,4.346562,-0.007025,-0.0197,-0.004276,32.21,64.2941857840659
35712,-8.216354,-3.735795,4.351348,-0.007789,-0.018173,-0.004887,32.2,64.2611745581314
35722,-8.200802,-3.734,4.358526,-0.007941,-0.016341,-0.005498,32.2,64.1871280253926
35732,-8.206185,-3.737589,4.360321,-0.008094,-0.014508,-0.006567,32.23,64.1937918776333
35742,-8.216953,-3.728018,4.348955,-0.008247,-0.012065,-0.005498,32.23,64.2668705990089
35752,-8.210971,-3.742973,4.351946,-0.008858,-0.009927,-0.007025,32.26,64.2533129493046
35762,-8.205587,-3.742973,4.357928,-0.008399,-0.00672,-0.006261,32.26,64.2103203953435
35772,-8.204989,-3.728018,4.360321,-0.008247,-0.004734,-0.006567,32.21,64.181206071956
35782,-8.213365,-3.732205,4.35733,-0.009621,-0.002596,-0.007483,32.21,64.2199112582055
35792,-8.212766,-3.738786,4.351946,-0.009621,0,-0.007789,32.2,64.2530589060267
35802,-8.220542,-3.734,4.352544,-0.010232,0.002443,-0.008247,32.2,64.2626374378119
35812,-8.217552,-3.729812,4.351348,-0.010537,0.005345,-0.008094,32.21,64.2577376822938
35822,-8.208578,-3.735795,4.354339,-0.01069,0.007483,-0.007789,32.21,64.2281751337641
35832,-8.212168,-3.729812,4.348357,-0.011301,0.009468,-0.008399,32.21,64.260970434553
35842,-8.210971,-3.731009,4.353741,-0.011301,0.014813,-0.008399,32.21,64.2317464401853
35852,-8.216354,-3.733402,4.347759,-0.010843,0.017257,-0.008858,32.21,64.2772059421308
35862,-8.208578,-3.734,4.347759,-0.009621,0.0197,-0.007789,32.19,64.2602375851213
35872,-8.215158,-3.732804,4.34417,-0.010232,0.021228,-0.008094,32.19,64.2923864241923
35882,-8.207382,-3.727419,4.338188,-0.010079,0.022297,-0.007789,32.2,64.3001341637182
35892,-8.215158,-3.734,4.338188,-0.010232,0.023518,-0.007025,32.2,64.3244577921233
35902,-8.212168,-3.731009,4.339384,-0.009468,0.024893,-0.006567,32.18,64.3084675791883
35912,-8.223534,-3.73041,4.345964,-0.009621,0.024282,-0.006567,32.18,64.2996051745966
35922,-8.218149,-3.729214,4.334598,-0.01069,0.023518,-0.007025,32.21,64.3448198721683
35932,-8.218747,-3.735196,4.335794,-0.009927,0.023824,-0.006261,32.21,64.346127379499
35942,-8.218149,-3.732804,4.336392,-0.009927,0.02306,-0.007178,32.23,64.3392434698226
35952,-8.224131,-3.739982,4.341777,-0.009774,0.021228,-0.006567,32.23,64.3323301333859
35962,-8.219944,-3.731009,4.335197,-0.010079,0.020159,-0.006414,32.21,64.3476171628628
35972,-8.224131,-3.738786,4.331009,-0.009774,0.018937,-0.005803,32.21,64.3866086067291
35982,-8.223534,-3.742374,4.32742,-0.009774,0.016035,-0.005803,32.2,64.4074475043583
35992,-8.216953,-3.725027,4.316652,-0.010385,0.014813,-0.006414,32.2,64.4305022529981
36002,-8.226524,-3.738187,4.319643,-0.009163,0.012523,-0.006109,32.21,64.4500156879541
36012,-8.219346,-3.732205,4.32742,-0.009927,0.007483,-0.005956,32.21,64.3876172540202
36022,-8.229516,-3.735795,4.317849,-0.009468,0.00504,-0.005956,32.24,64.4635549492375
36032,-8.226524,-3.742374,4.320839,-0.00901,0.001833,-0.005498,32.22,64.4481189660856
36042,-8.215756,-3.741179,4.315455,-0.008705,-0.000458,-0.005345,32.22,64.4505045600099
36052,-8.216953,-3.738786,4.322634,-0.008552,-0.003054,-0.005345,32.21,64.4136699640896
36062,-8.222935,-3.737589,4.328616,-0.007941,-0.004581,-0.004887,32.21,64.3950348325791
36072,-8.214561,-3.732804,4.325027,-0.007789,-0.007025,-0.004734,32.21,64.3898028145086
36082,-8.230114,-3.735196,4.317849,-0.00733,-0.010232,-0.005192,32.21,64.4642872050304
36092,-8.226524,-3.734598,4.328616,-0.007483,-0.011454,-0.004429,32.17,64.4000539289388
36102,-8.216953,-3.743571,4.331607,-0.006872,-0.013286,-0.004276,32.17,64.3722674522359
36112,-8.218747,-3.735795,4.331009,-0.00672,-0.014508,-0.003512,32.2,64.3714226361067
36122,-8.225926,-3.736392,4.328616,-0.00672,-0.015577,-0.003054,32.2,64.400541399702
36132,-8.226524,-3.726223,4.331607,-0.006567,-0.016952,-0.003665,32.21,64.3760751007097
36142,-8.221141,-3.738786,4.338188,-0.006872,-0.018631,-0.004734,32.21,64.3428605904867
36152,-8.222337,-3.741776,4.331009,-0.00733,-0.01909,-0.003818,32.21,64.3856318442428
36162,-8.222337,-3.729214,4.335197,-0.006872,-0.0197,-0.003971,32.21,64.3511773064042
36172,-8.216354,-3.721437,4.335197,-0.007025,-0.020311,-0.004581,32.2,64.3297164531482
36182,-8.213962,-3.717848,4.347161,-0.007636,-0.019242,-0.004123,32.2,64.2589177655384
36192,-8.221739,-3.721437,4.347759,-0.007941,-0.018631,-0.003971,32.22,64.2771126922512
36202,-8.219944,-3.73041,4.347759,-0.008247,-0.01741,-0.004276,32.19,64.2822483940742
36212,-8.210971,-3.731009,4.348357,-0.008399,-0.016799,-0.004734,32.19,64.2594924742892
36222,-8.203793,-3.729812,4.351348,-0.007941,-0.014813,-0.004581,32.18,64.2265872386465
36232,-8.207382,-3.732205,4.341179,-0.008705,-0.012981,-0.004887,32.18,64.2896193043618
36242,-8.206185,-3.726821,4.355535,-0.009621,-0.011148,-0.00504,32.24,64.207346084281
36252,-8.213962,-3.732804,4.358526,-0.009163,-0.00901,-0.005651,32.24,64.2157209935203
36262,-8.21157,-3.729812,4.359125,-0.009163,-0.007025,-0.005498,32.22,64.2041384611112
36272,-8.207382,-3.729812,4.354339,-0.009621,-0.004276,-0.004887,32.22,64.2193031688463
36282,-8.210971,-3.722634,4.35733,-0.009927,-0.001833,-0.005498,32.22,64.2046418255128
36292,-8.201998,-3.735795,4.35075,-0.010385,0.000916,-0.005345,32.22,64.231772014997
36302,-8.200802,-3.734598,4.362116,-0.009774,0.004123,-0.005803,32.22,64.1692498963708
36312,-8.200203,-3.728616,4.359125,-0.010385,0.005956,-0.005345,32.22,64.1771226039673
36322,-8.204989,-3.735795,4.360919,-0.01069,0.008094,-0.007025,32.16,64.1861492337051
36332,-8.220542,-3.728616,4.357928,-0.010385,0.011606,-0.007025,32.16,64.2293913292914
36342,-8.206185,-3.732205,4.347161,-0.009468,0.013592,-0.00672,32.21,64.2560580954324
36352,-8.209774,-3.734,4.354339,-0.010385,0.015119,-0.00733,32.21,64.2290339767088
36362,-8.213365,-3.733402,4.353143,-0.009927,0.019548,-0.007025,32.19,64.2427078689418
36372,-8.218149,-3.734,4.34417,-0.010385,0.021228,-0.00733,32.21,64.3003698758367
36382,-8.219346,-3.73041,4.337589,-0.010079,0.022755,-0.007636,32.21,64.3333187033679
36392,-8.213365,-3.741776,4.346562,-0.009774,0.024282,-0.007789,32.19,64.2852287757127
36402,-8.214561,-3.739383,4.339384,-0.010385,0.024282,-0.007789,32.19,64.3224686911715
36412,-8.216354,-3.729214,4.336991,-0.009316,0.025198,-0.008247,32.2,64.3284243641933
36422,-8.224131,-3.736392,4.345366,-0.009621,0.025962,-0.007636,32.2,64.3101621384599
36432,-8.210971,-3.732804,4.332804,-0.009927,0.025809,-0.00733,32.24,64.3415580598234
36442,-8.216354,-3.738187,4.334,-0.009774,0.025198,-0.007636,32.24,64.3530514111285
36452,-8.214561,-3.745964,4.326224,-0.009774,0.025351,-0.007789,32.25,64.3971130492446
36462,-8.223534,-3.741179,4.334598,-0.009927,0.024587,-0.007483,32.25,64.369209328123
36472,-8.226524,-3.731607,4.334,-0.009927,0.024282,-0.007483,32.19,64.3692334219521
36482,-8.219346,-3.73041,4.322634,-0.009163,0.023518,-0.007789,32.19,64.4104886241225
36492,-8.229516,-3.738786,4.322634,-0.009468,0.021686,-0.007789,32.25,64.4419138648089
36502,-8.243275,-3.741179,4.318447,-0.009468,0.0197,-0.00733,32.25,64.4968058759456
36512,-8.228318,-3.744169,4.318447,-0.009468,0.017868,-0.007483,32.23,64.4663223638059
36522,-8.228318,-3.73041,4.313661,-0.009316,0.015882,-0.007636,32.23,64.4770013916851
36532,-8.230712,-3.733402,4.311867,-0.008705,0.010385,-0.00672,32.21,64.4946859650167
36542,-8.226524,-3.733402,4.322036,-0.008094,0.007941,-0.006414,32.2,64.4327817431936
36552,-8.219944,-3.727419,4.308876,-0.008399,0.004581,-0.007025,32.2,64.4798642690808
36562,-8.236693,-3.732804,4.314259,-0.008247,0.002291,-0.00672,32.22,64.4951454236632
36572,-8.228917,-3.738786,4.318447,-0.008247,-0.000611,-0.004276,32.22,64.4621734464112
36582,-8.228917,-3.732205,4.313063,-0.008247,-0.00336,-0.004734,32.18,64.4832624213285
36592,-8.23789,-3.728616,4.321437,-0.007483,-0.006872,-0.004429,32.18,64.4565386515019
36602,-8.234302,-3.73041,4.316054,-0.00733,-0.009927,-0.00504,32.26,64.4780821622449
36612,-8.236693,-3.735795,4.318447,-0.00733,-0.012675,-0.003665,32.26,64.4765768545099
36622,-8.228318,-3.73041,4.324429,-0.00672,-0.016035,-0.003818,32.17,64.4214154443814
36632,-8.223534,-3.728018,4.318447,-0.007025,-0.018173,-0.00336,32.17,64.4390936899843
36642,-8.22772,-3.74058,4.321437,-0.007636,-0.020617,-0.003207,32.19,64.445886986815
36652,-8.219346,-3.736991,4.316652,-0.00733,-0.022297,-0.003512,32.19,64.448107392352
36662,-8.226524,-3.74058,4.320839,-0.00672,-0.024587,-0.002749,32.22,64.4462865588464
36672,-8.218747,-3.734,4.322634,-0.00672,-0.026114,-0.002291,32.22,64.4128101571492
36682,-8.224131,-3.732804,4.336991,-0.007483,-0.027642,-0.002291,32.21,64.349644597974
36692,-8.219346,-3.732205,4.341179,-0.007483,-0.027642,-0.001833,32.21,64.3166482062107
36702,-8.212766,-3.731607,4.339982,-0.007025,-0.027794,-0.002902,32.19,64.3073479639996
36712,-8.223534,-3.725027,4.341777,-0.007789,-0.027947,-0.003512,32.2,64.315671222418
36722,-8.22473,-3.728018,4.346562,-0.007483,-0.026573,-0.003054,32.2,64.2967759946409
36732,-8.204989,-3.732804,4.354938,-0.007483,-0.025198,-0.003512,32.19,64.2138764440323
36742,-8.210373,-3.736392,4.357928,-0.008247,-0.022755,-0.002749,32.19,64.2143680671659
36752,-8.215756,-3.733402,4.353741,-0.008094,-0.020464,-0.002749,32.21,64.2450371786175
36762,-8.204989,-3.723232,4.359125,-0.007941,-0.018631,-0.00336,32.21,64.1824357446473
36772,-8.205587,-3.739383,4.353741,-0.007789,-0.015882,-0.003665,32.19,64.2281841456889
36782,-8.201998,-3.717848,4.357928,-0.008399,-0.012828,-0.004887,32.19,64.176266212013
36792,-8.198408,-3.729214,4.354938,-0.008552,-0.010232,-0.00504,32.23,64.1952489139925
36802,-8.206185,-3.722634,4.354938,-0.008705,-0.00672,-0.005498,32.23,64.206112622825
36812,-8.199007,-3.737589,4.366901,-0.009163,-0.003207,-0.005498,32.21,64.1436249195389
36822,-8.204989,-3.729214,4.369295,-0.009316,0.000153,-0.006109,32.21,64.1362280645548
36832,-8.200802,-3.726821,4.357928,-0.00901,0.004581,-0.005803,32.25,64.1827993424695
36842,-8.203793,-3.735196,4.364508,-0.009621,0.008247,-0.006261,32.25,64.1643357602033
36852,-8.204391,-3.717848,4.360919,-0.009774,0.011301,-0.007025,32.19,64.1662878624504
36862,-8.203195,-3.732205,4.357928,-0.010385,0.014355,-0.007178,32.19,64.1937840227607
36872,-8.222337,-3.728018,4.348955,-0.010232,0.018326,-0.008247,32.21,64.2790428253612
36882,-8.212766,-3.733402,4.360919,-0.009468,0.022755,-0.008858,32.2,64.2013074578341
36892,-8.20798,-3.741179,4.350152,-0.009621,0.025198,-0.00901,32.2,64.2539447333833
36902,-8.21157,-3.727419,4.343571,-0.010996,0.027489,-0.008552,32.2,64.2818351202568
36912,-8.206185,-3.731009,4.338188,-0.010843,0.029169,-0.008399,32.2,64.301116225641
36922,-8.21157,-3.75075,4.346562,-0.010232,0.030085,-0.009163,32.18,64.290417736054
36932,-8.210971,-3.736991,4.343571,-0.010537,0.030543,-0.008705,32.18,64.2903163269237
36942,-8.230114,-3.737589,4.342973,-0.010537,0.031154,-0.009468,32.19,64.3372009373682
36952,-8.212168,-3.731009,4.331607,-0.010537,0.031612,-0.009468,32.19,64.3485968016642
36962,-8.227122,-3.734598,4.335197,-0.010385,0.031612,-0.008247,32.2,64.3674665961362
36972,-8.220542,-3.741776,4.333402,-0.010385,0.030238,-0.009163,32.2,64.369250846821
36982,-8.219944,-3.734,4.322036,-0.011301,0.028863,-0.009316,32.23,64.4185916834998
36992,-8.215158,-3.734,4.324429,-0.010079,0.027947,-0.00901,32.23,64.3954602993809
37002,-8.22473,-3.734,4.317849,-0.010232,0.026267,-0.007941,32.22,64.4509730245732
37012,-8.222337,-3.724428,4.328018,-0.009621,0.023366,-0.008247,32.22,64.3833230540483
37022,-8.239684,-3.734598,4.311867,-0.009621,0.021228,-0.008399,32.19,64.5160180084495
37032,-8.23131,-3.731009,4.317849,-0.010079,0.018784,-0.007636,32.19,64.4627083417603
37042,-8.235497,-3.736392,4.315455,-0.009774,0.015119,-0.00733,32.19,64.4899395290257
37052,-8.236095,-3.735795,4.309474,-0.009316,0.00901,-0.006261,32.19,64.521545495581
37062,-8.232506,-3.73041,4.317849,-0.009468,0.005345,-0.005651,32.2,64.4647848487074
37072,-8.234302,-3.731009,4.315455,-0.009621,0.002138,-0.005651,32.18,64.481783108527
37082,-8.236693,-3.737589,4.311867,-0.008858,-0.000916,-0.005803,32.18,64.5123556576302
37092,-8.22772,-3.731607,4.309474,-0.008552,-0.003971,-0.00504,32.21,64.4985052665035
37102,-8.230712,-3.732804,4.308876,-0.008552,-0.006567,-0.004123,32.21,64.5095254787737
37112,-8.233105,-3.735196,4.311867,-0.008552,-0.009774,-0.004429,32.21,64.5018791391791
37122,-8.225328,-3.738786,4.313661,-0.008399,-0.012981,-0.003818,32.21,64.4788252273429
37132,-8.236095,-3.738187,4.319643,-0.008399,-0.015424,-0.003512,32.2,64.4715003741555
37142,-8.217552,-3.729214,4.313063,-0.008399,-0.018173,-0.003665,32.2,64.4546731722732
37152,-8.2349,-3.728616,4.322036,-0.008705,-0.020311,-0.00336,32.21,64.4467319416416
37162,-8.221141,-3.728018,4.328616,-0.007789,-0.02138,-0.003512,32.21,64.3812084469889
37172,-8.22473,-3.735196,4.324429,-0.007178,-0.022755,-0.003512,32.2,64.4182296304899
37182,-8.210971,-3.725625,4.322036,-0.008094,-0.023976,-0.003054,32.2,64.3898100221273
37192,-8.237292,-3.729812,4.32742,-0.007789,-0.024893,-0.003207,32.18,64.4255578381591
37202,-8.210971,-3.731009,4.326224,-0.007941,-0.025198,-0.002596,32.18,64.3736893326651
37212,-8.222337,-3.739982,4.334,-0.007025,-0.025809,-0.003512,32.25,64.3683712115166
37222,-8.210971,-3.725625,4.345366,-0.007789,-0.024435,-0.003665,32.25,64.2693811639075
37234,-8.210373,-3.728018,4.345964,-0.007178,-0.023213,-0.003818,32.15,64.2674022942305
37242,-8.213962,-3.729812,4.339384,-0.007178,-0.021991,-0.00504,32.2,64.3112922798836
37252,-8.206185,-3.733402,4.35075,-0.007025,-0.019853,-0.004581,32.2,64.238787127456
37262,-8.212766,-3.741776,4.351348,-0.007636,-0.018479,-0.004581,32.21,64.2592175860171
37272,-8.21157,-3.735795,4.342375,-0.007178,-0.015882,-0.00504,32.21,64.2966068422008
37282,-8.214561,-3.729214,4.355535,-0.007941,-0.013286,-0.005651,32.23,64.2287877514319
37292,-8.207382,-3.735795,4.352544,-0.008094,-0.011301,-0.005803,32.23,64.2347164302425
37302,-8.204989,-3.731607,4.355535,-0.007483,-0.00901,-0.007025,32.21,64.2095658822089
37312,-8.205587,-3.73041,4.345964,-0.007941,-0.005651,-0.007789,32.21,64.2590298749963
37322,-8.209774,-3.737589,4.357928,-0.007789,-0.002596,-0.005651,32.2,64.2142454292014
37332,-8.205587,-3.722634,4.352544,-0.007789,-0.000153,-0.005956,32.2,64.2170974879974
37342,-8.208578,-3.73041,4.354938,-0.008399,0.002596,-0.00672,32.22,64.2195423107729
37352,-8.20798,-3.729214,4.351946,-0.009163,0.004887,-0.007025,32.22,64.2323753612666
37362,-8.210373,-3.734598,4.355535,-0.009163,0.007789,-0.006872,32.21,64.2248448485271
37372,-8.20798,-3.731009,4.352544,-0.009163,0.010232,-0.007025,32.21,64.2311409885428
37382,-8.210373,-3.732804,4.342973,-0.009316,0.012981,-0.007789,32.17,64.2877439947705
37392,-8.215756,-3.720839,4.345366,-0.009468,0.014813,-0.006872,32.17,64.2752998610067
37402,-8.210971,-3.732205,4.354938,-0.010385,0.018479,-0.006414,32.21,64.2268104467037
37412,-8.216354,-3.727419,4.349553,-0.010232,0.019853,-0.007636,32.15,64.2618195732475
37422,-8.209177,-3.729812,4.34058,-0.010537,0.021075,-0.008247,32.15,64.2943086553921
37432,-8.215756,-3.731009,4.345366,-0.010079,0.022449,-0.006567,32.18,64.2857302285516
37442,-8.222935,-3.746562,4.341777,-0.009927,0.023518,-0.006261,32.18,64.3363837946213
37452,-8.212766,-3.734,4.333402,-0.01069,0.024282,-0.007025,32.2,64.3437497855968
37462,-8.219944,-3.728018,4.335794,-0.010996,0.024435,-0.006261,32.2,64.3414765733085
37472,-8.22772,-3.74058,4.328616,-0.01069,0.023824,-0.00672,32.2,64.4088564739356
37482,-8.212766,-3.734,4.324429,-0.011301,0.023976,-0.00672,32.2,64.3900709982562
37492,-8.220542,-3.731607,4.332804,-0.010537,0.02306,-0.006414,32.21,64.3619206999213
37502,-8.220542,-3.73041,4.32742,-0.010537,0.02306,-0.007941,32.21,64.3884760080931
37512,-8.222935,-3.728616,4.329813,-0.010537,0.022144,-0.006567,32.2,64.3796859040423
37522,-8.213962,-3.724428,4.329813,-0.010537,0.020159,-0.006261,32.2,64.355165373128
37532,-8.220542,-3.735196,4.326224,-0.010232,0.018784,-0.005956,32.21,64.3995426084206
37542,-8.219944,-3.731607,4.319045,-0.010079,0.01741,-0.006261,32.21,64.4315915193886
37552,-8.23131,-3.735196,4.328018,-0.010232,0.015272,-0.006414,32.2,64.4145133359219
37562,-8.219944,-3.728018,4.319045,-0.010232,0.013134,-0.00672,32.2,64.4279265511434
37572,-8.224131,-3.724428,4.328616,-0.009468,0.009468,-0.005956,32.21,64.3842805718944
37582,-8.230114,-3.732804,4.326822,-0.009774,0.007483,-0.00672,32.18,64.4155517309768
37592,-8.229516,-3.732804,4.31725,-0.009163,0.004887,-0.00672,32.18,64.4635989595562
37602,-8.220542,-3.729812,4.311268,-0.00901,0.002902,-0.006109,32.19,64.4712839281634
37612,-8.218149,-3.734598,4.313661,-0.008705,0,-0.00672,32.19,64.4584234552184
37622,-8.22473,-3.732205,4.316054,-0.008094,-0.001985,-0.00672,32.16,64.4584111260957
37632,-8.227122,-3.728616,4.323831,-0.008552,-0.003207,-0.005651,32.16,64.4199810989425
37642,-8.222935,-3.74058,4.320839,-0.007941,-0.006261,-0.005498,32.2,64.4382234082147
37652,-8.222935,-3.73041,4.317849,-0.00733,-0.008399,-0.005803,32.2,64.4432746238005
37662,-8.228318,-3.735196,4.319045,-0.007941,-0.010232,-0.00504,32.22,64.4540806012817
37672,-8.229516,-3.732205,4.325027,-0.007483,-0.012828,-0.004581,32.22,64.4228551157295
37682,-8.225328,-3.739982,4.325027,-0.007636,-0.014355,-0.005803,32.2,64.4213792051139
37692,-8.218747,-3.731607,4.323831,-0.006872,-0.016341,-0.004887,32.2,64.4041829923561
37702,-8.228917,-3.728018,4.334598,-0.007025,-0.017868,-0.004734,32.18,64.3678761755918
37712,-8.221739,-3.736991,4.331607,-0.007178,-0.019395,-0.005651,32.18,64.3763023108851
37722,-8.230114,-3.736392,4.325625,-0.007941,-0.019395,-0.00504,32.21,64.4253860371349
37732,-8.220542,-3.731607,4.338188,-0.007178,-0.021228,-0.004734,32.21,64.3341544691042
37742,-8.224131,-3.741776,4.335794,-0.006872,-0.021838,-0.004429,32.2,64.3649997515979
37752,-8.216953,-3.738187,4.328616,-0.00672,-0.021686,-0.003512,32.22,64.3821789887504
37762,-8.20798,-3.727419,4.351946,-0.007483,-0.021991,-0.003971,32.22,64.2305282177144
37772,-8.206783,-3.732804,4.34058,-0.007483,-0.020922,-0.003207,32.18,64.2919711425569
37782,-8.201998,-3.739383,4.338786,-0.007178,-0.0197,-0.004276,32.18,64.2971837172694
37792,-8.209774,-3.738187,4.357928,-0.007636,-0.020006,-0.004276,32.21,64.2148619040034
37802,-8.209177,-3.729214,4.34058,-0.007025,-0.018479,-0.004276,32.21,64.2936943715172
37812,-8.21157,-3.734598,4.348357,-0.007941,-0.015882,-0.004429,32.23,64.2645380221797
37822,-8.205587,-3.726223,4.361517,-0.008552,-0.013897,-0.004123,32.23,64.1745516886548
37832,-8.20798,-3.729214,4.352544,-0.008858,-0.012065,-0.004429,32.17,64.2292931968011
37842,-8.219346,-3.728018,4.363312,-0.009774,-0.009774,-0.00504,32.17,64.1983593993531
37852,-8.212766,-3.720839,4.353741,-0.00901,-0.007025,-0.005803,32.18,64.2253592870256
37862,-8.20798,-3.727419,4.344768,-0.009163,-0.003818,-0.00504,32.18,64.2675388881433
37872,-8.212168,-3.735196,4.364508,-0.009468,-0.000916,-0.006109,32.21,64.1833274094333
37882,-8.200802,-3.739383,4.356134,-0.010079,0.002443,-0.004734,32.21,64.2050151952054
37892,-8.218747,-3.735196,4.358526,-0.009621,0.005345,-0.006109,32.21,64.2290115263329
37902,-8.212766,-3.736392,4.354938,-0.009621,0.007789,-0.006872,32.21,64.2351833760765
37912,-8.208578,-3.732804,4.356732,-0.009468,0.011454,-0.006567,32.18,64.2127653999041
37922,-8.208578,-3.733402,4.35733,-0.010385,0.016952,-0.008094,32.2,64.2103011305767
37932,-8.20798,-3.726223,4.353143,-0.010537,0.019548,-0.007789,32.2,64.2231278981091
37942,-8.215158,-3.724428,4.350152,-0.010079,0.021991,-0.00733,32.16,64.2529568174173
37952,-8.216953,-3.731009,4.35075,-0.009927,0.024587,-0.00672,32.16,64.2606925331978
37962,-8.218747,-3.738187,4.343571,-0.010537,0.026267,-0.008094,32.19,64.3091033684472
37972,-8.219346,-3.728018,4.342973,-0.010232,0.027031,-0.008705,32.19,64.3031096578718
37982,-8.212168,-3.724428,4.347161,-0.009927,0.029016,-0.008247,32.17,64.2616059439712
37992,-8.206185,-3.738786,4.339384,-0.009927,0.029169,-0.007941,32.17,64.3029443939626
38002,-8.219944,-3.734598,4.336392,-0.009927,0.029627,-0.008552,32.2,64.3451299633423
38012,-8.22772,-3.721437,4.33041,-0.009927,0.02978,-0.008247,32.2,64.3800627207156
38022,-8.23131,-3.732205,4.328018,-0.009621,0.029322,-0.008399,32.18,64.4114624878514
38032,-8.216953,-3.738786,4.329813,-0.009468,0.028253,-0.007941,32.18,64.3766161693812
38042,-8.219944,-3.736392,4.326822,-0.009621,0.026573,-0.008399,32.25,64.3963339310461
38052,-8.225926,-3.734598,4.318447,-0.00901,0.025198,-0.008094,32.25,64.4511834148088
38062,-8.227122,-3.73041,4.323831,-0.008399,0.023518,-0.006872,32.18,64.4218107810595
38072,-8.221141,-3.738187,4.319045,-0.008705,0.021075,-0.007636,32.18,64.441006743192
38082,-8.227122,-3.729214,4.314259,-0.00901,0.018326,-0.00733,32.18,64.4700084017814
38092,-8.235497,-3.738786,4.314857,-0.007789,0.011606,-0.006414,32.19,64.4954615236121
38102,-8.2349,-3.735795,4.313661,-0.008247,0.008858,-0.00733,32.19,64.4972523704908
38112,-8.228318,-3.731607,4.316652,-0.008399,0.005651,-0.006414,32.19,64.4627756713279
38122,-8.222935,-3.739982,4.305286,-0.008552,0.002596,-0.006414,32.19,64.5179455730812
38132,-8.225328,-3.739383,4.316054,-0.008247,-0.000764,-0.005803,32.21,64.4670777365469
38142,-8.233703,-3.745365,4.309474,-0.007789,-0.003818,-0.005345,32.21,64.5259240688594
38152,-8.222337,-3.736392,4.315455,-0.007636,-0.00733,-0.00504,32.18,64.4603998708352
38162,-8.221141,-3.727419,4.305286,-0.007483,-0.009927,-0.004429,32.18,64.5011159071615
38172,-8.237292,-3.735795,4.325027,-0.007636,-0.013134,-0.003818,32.17,64.4439860264089
38182,-8.216354,-3.734598,4.321437,-0.00733,-0.015882,-0.004429,32.17,64.4142161638275
38192,-8.235497,-3.735795,4.319643,-0.00733,-0.018173,-0.003665,32.18,64.4677234830325
38202,-8.219346,-3.741179,4.314259,-0.007789,-0.020617,-0.003512,32.18,64.4647490963939
38212,-8.219944,-3.734,4.32742,-0.006872,-0.022449,-0.002138,32.19,64.3908004712454
38222,-8.222935,-3.736392,4.334598,-0.007483,-0.024435,-0.002291,32.19,64.3629587705042
38232,-8.217552,-3.734598,4.333402,-0.00733,-0.025962,-0.003207,32.22,64.3551577628513
38242,-8.218747,-3.737589,4.332206,-0.007941,-0.027184,-0.003054,32.22,64.3670853802374
38252,-8.215158,-3.725625,4.342973,-0.007636,-0.027489,-0.002291,32.19,64.291192111443
38262,-8.214561,-3.737589,4.334598,-0.00733,-0.027947,-0.003512,32.19,64.3453104710447
38272,-8.213365,-3.729214,4.353143,-0.007025,-0.027642,-0.003818,32.16,64.2384017092557
38282,-8.216953,-3.731607,4.342375,-0.007025,-0.026267,-0.003971,32.19,64.3044663595318
38292,-8.210373,-3.729812,4.351946,-0.006872,-0.025198,-0.00336,32.19,64.2384102266527
38302,-8.206185,-3.726821,4.353143,-0.006872,-0.022755,-0.004276,32.17,64.2196747303992
38312,-8.228917,-3.73041,4.352544,-0.007483,-0.0197,-0.004276,32.17,64.2778778387868
38322,-8.213962,-3.736991,4.354938,-0.007178,-0.017257,-0.004123,32.18,64.2385057813751
38332,-8.210971,-3.733402,4.356134,-0.00733,-0.01573,-0.006261,32.18,64.221881912725
38342,-8.204989,-3.727419,4.357928,-0.007789,-0.012065,-0.005498,32.18,64.1929178843236
38352,-8.200802,-3.73041,4.355535,-0.00733,-0.00901,-0.005803,32.18,64.1988370891071
38362,-8.200203,-3.722634,4.356732,-0.007483,-0.004734,-0.006261,32.16,64.1832863305562
38372,-8.215756,-3.738187,4.35733,-0.007789,-0.001527,-0.006261,32.16,64.2314786484962
38382,-8.212168,-3.733402,4.368098,-0.008399,0.001222,-0.006872,32.17,64.1630047536576
38392,-8.201998,-3.729812,4.352544,-0.007789,0.00504,-0.007483,32.17,64.216352129514
38402,-8.206185,-3.73041,4.355535,-0.008247,0.008399,-0.007483,32.19,64.211043155753
38412,-8.204989,-3.734598,4.360321,-0.00901,0.012217,-0.008552,32.19,64.1879936799142
38422,-8.213962,-3.731607,4.357928,-0.009316,0.015119,-0.007636,32.21,64.2175685035003
38432,-8.213962,-3.729214,4.350152,-0.009774,0.018326,-0.00901,32.21,64.2551641697469
38442,-8.219346,-3.728018,4.359125,-0.009621,0.023824,-0.008552,32.18,64.2199082544207
38452,-8.206783,-3.725625,4.354938,-0.010079,0.025656,-0.008858,32.21,64.2105474421167
38462,-8.2014,-3.735795,4.348357,-0.010996,0.027794,-0.008552,32.21,64.2427569706951
38472,-8.215158,-3.73041,4.34417,-0.010537,0.028558,-0.008858,32.21,64.2899291000177
38482,-8.216953,-3.734,4.337589,-0.01069,0.030391,-0.008247,32.21,64.3315978466708
38492,-8.20798,-3.728018,4.342375,-0.010385,0.031001,-0.008094,32.19,64.2804981243043
38502,-8.21157,-3.735196,4.335197,-0.01069,0.031765,-0.008247,32.19,64.3330160121517
38512,-8.219346,-3.741179,4.336392,-0.011301,0.030391,-0.008247,32.21,64.350527791465
38522,-8.219346,-3.732804,4.337589,-0.01069,0.030391,-0.007789,32.21,64.3357709825143
38532,-8.215158,-3.734,4.325625,-0.010385,0.029322,-0.007636,32.2,64.3892850603991
38542,-8.225328,-3.729214,4.319643,-0.01069,0.027947,-0.00733,32.2,64.4381729551112
38552,-8.233703,-3.729214,4.316652,-0.010537,0.025504,-0.007941,32.19,64.4724344395505
38562,-8.206783,-3.74058,4.331009,-0.010385,0.02306,-0.007178,32.19,64.3493605816103
38572,-8.216953,-3.739982,4.322634,-0.010385,0.020769,-0.007025,32.22,64.4148946111822
38582,-8.229516,-3.732205,4.315455,-0.010537,0.018479,-0.006109,32.22,64.4722557599485
38592,-8.234302,-3.736991,4.313661,-0.009621,0.016188,-0.005345,32.2,64.4971283223631
38602,-8.221739,-3.733402,4.311867,-0.010232,0.013134,-0.006109,32.2,64.4745401971842
38612,-8.232506,-3.729812,4.320241,-0.008858,0.006414,-0.006414,32.16,64.4518315161289
38622,-8.222337,-3.744169,4.31725,-0.008705,0.003665,-0.004734,32.18,64.4590765185248
38632,-8.227122,-3.734598,4.31067,-0.008399,0,-0.005498,32.18,64.4940303949644
38642,-8.222935,-3.732205,4.318447,-0.008247,-0.002596,-0.004123,32.18,64.4420181596756
38652,-8.227122,-3.728616,4.320839,-0.007483,-0.005192,-0.004887,32.18,64.4354238136465
38662,-8.22772,-3.734,4.313661,-0.007483,-0.00733,-0.004887,32.21,64.479315171135
38672,-8.223534,-3.735795,4.317849,-0.007178,-0.009927,-0.004123,32.21,64.4501171750027
38682,-8.229516,-3.727419,4.326822,-0.007025,-0.012523,-0.004429,32.23,64.4087153106584
38692,-8.221141,-3.734598,4.324429,-0.006567,-0.014508,-0.004887,32.23,64.4095435745603
38702,-8.228917,-3.734,4.315455,-0.007025,-0.015577,-0.00504,32.23,64.4727391684295
38712,-8.22473,-3.742374,4.326224,-0.006261,-0.016799,-0.005192,32.23,64.4163057534966
38722,-8.230712,-3.745964,4.319643,-0.007178,-0.018326,-0.005345,32.2,64.4673544179134
38732,-8.218747,-3.73041,4.33041,-0.006109,-0.018631,-0.004734,32.2,64.3690005693128
38742,-8.220542,-3.729812,4.334,-0.006414,-0.020159,-0.005345,32.18,64.3539146815129
38752,-8.218747,-3.737589,4.323233,-0.006109,-0.020311,-0.004734,32.18,64.4133891163852
38762,-8.216953,-3.734598,4.336392,-0.00672,-0.0197,-0.004276,32.22,64.338384244985
38772,-8.213962,-3.729812,4.335197,-0.00672,-0.019395,-0.004734,32.22,64.3328920877491
38782,-8.217552,-3.732205,4.338786,-0.006872,-0.01909,-0.005345,32.22,64.3249366194137
38792,-8.225328,-3.728616,4.336991,-0.00672,-0.018937,-0.006414,32.21,64.3480604021015
38802,-8.215756,-3.738187,4.348357,-0.007178,-0.018021,-0.004887,32.21,64.2776897563701
38812,-8.201998,-3.732804,4.348357,-0.00733,-0.017104,-0.003665,32.18,64.2410271208823
38822,-8.22473,-3.735795,4.353143,-0.00733,-0.015577,-0.00504,32.18,64.2708573381456
38832,-8.21157,-3.722036,4.354938,-0.007025,-0.014508,-0.006567,32.18,64.2177096999253
38842,-8.220542,-3.729214,4.345964,-0.007483,-0.013592,-0.005651,32.18,64.2916220948822
38852,-8.20798,-3.742973,4.352544,-0.008399,-0.011454,-0.005498,32.2,64.2434693486122
38862,-8.209177,-3.734598,4.361517,-0.008094,-0.00901,-0.00504,32.2,64.1913286041559
38872,-8.213962,-3.737589,4.35075,-0.008094,-0.007025,-0.005192,32.21,64.2606923278954
38882,-8.221739,-3.731009,4.356732,-0.008399,-0.005192,-0.005651,32.21,64.2407124054064
38892,-8.212168,-3.728018,4.35075,-0.008552,-0.003207,-0.005498,32.21,64.2467932806681
38902,-8.21157,-3.728616,4.356134,-0.008705,-0.000764,-0.005803,32.21,64.2183130214497
38912,-8.215158,-3.732804,4.347759,-0.008705,0.001374,-0.005498,32.2,64.2738884473031
38922,-8.20798,-3.731009,4.360321,-0.009774,0.003665,-0.006109,32.2,64.1910740197364
38932,-8.209774,-3.738786,4.354339,-0.009163,0.005803,-0.006414,32.16,64.2339642248626
38942,-8.210971,-3.734598,4.351946,-0.009468,0.008552,-0.007178,32.16,64.2446881774395
38952,-8.218747,-3.722634,4.351946,-0.009621,0.012675,-0.006261,32.21,64.2499968846937
38962,-8.212168,-3.731607,4.348357,-0.009927,0.014355,-0.006109,32.2,64.2628152363166
38972,-8.209177,-3.731607,4.348955,-0.010079,0.015577,-0.007178,32.2,64.2529652757092
38982,-8.212766,-3.733402,4.345964,-0.009927,0.017257,-0.00733,32.19,64.2783469598853
38992,-8.215158,-3.728018,4.34417,-0.010385,0.018784,-0.008247,32.19,64.2874746972154
39002,-8.222337,-3.732804,4.337589,-0.009774,0.020311,-0.007483,32.21,64.3425170102058
39012,-8.215756,-3.734598,4.348955,-0.009621,0.021838,-0.007636,32.21,64.2709204459425
39022,-8.212766,-3.729214,4.344768,-0.009163,0.022602,-0.007636,32.18,64.2802106961467
39032,-8.222935,-3.736991,4.345964,-0.009621,0.023824,-0.008094,32.18,64.3049976183206
39042,-8.217552,-3.734598,4.339384,-0.010232,0.023671,-0.007483,32.2,64.3243067609705
39052,-8.215756,-3.735196,4.334,-0.009774,0.023671,-0.007483,32.2,64.3486358654429
39062,-8.227122,-3.735196,4.329813,-0.009163,0.023518,-0.007636,32.2,64.3958370074403
39072,-8.222337,-3.731009,4.320241,-0.009468,0.022755,-0.008247,32.2,64.4301886341843
39082,-8.216953,-3.732804,4.328018,-0.009927,0.021991,-0.007941,32.2,64.3797519281215
39092,-8.22772,-3.737589,4.326822,-0.009927,0.021075,-0.008247,32.2,64.4150524424006
39102,-8.216953,-3.738786,4.316054,-0.009468,0.019548,-0.008705,32.2,64.4476522402991
39112,-8.224131,-3.735196,4.313063,-0.008858,0.018021,-0.008247,32.2,64.4755641727253
39122,-8.229516,-3.742374,4.319045,-0.008399,0.016952,-0.007483,32.2,64.4640925469844
39132,-8.215158,-3.734598,4.315455,-0.008858,0.011912,-0.007483,32.22,64.4424271124
39142,-8.227122,-3.742374,4.320241,-0.008705,0.010537,-0.007789,32.22,64.4525474937771
39152,-8.236693,-3.734,4.322634,-0.008399,0.007025,-0.00733,32.18,64.4531533307059
39162,-8.23789,-3.738786,4.321437,-0.008399,0.004734,-0.007636,32.18,64.4668842087203
39172,-8.228917,-3.737589,4.314259,-0.00733,0.002596,-0.00672,32.24,64.4825713941155
39182,-8.218747,-3.739982,4.317849,-0.006872,0.000153,-0.005803,32.24,64.4436368445239
39192,-8.236693,-3.746562,4.326224,-0.007636,-0.002443,-0.005498,32.16,64.4474457585908
39202,-8.224131,-3.745964,4.318447,-0.007636,-0.005345,-0.005651,32.16,64.4587599927617
39212,-8.228318,-3.742973,4.316054,-0.008094,-0.007178,-0.005956,32.22,64.4774518425896
39222,-8.236095,-3.734598,4.332804,-0.007483,-0.009316,-0.006109,32.22,64.399991760321
39235,-8.231908,-3.736991,4.325625,-0.00733,-0.011148,-0.005651,32.17,64.4300286417853
39242,-8.217552,-3.736991,4.320241,-0.008094,-0.01405,-0.006414,32.17,64.4255370172547
39252,-8.232506,-3.73041,4.32742,-0.007178,-0.015272,-0.005651,32.18,64.4154063469138
39262,-8.221141,-3.733402,4.329215,-0.007025,-0.016646,-0.004887,32.18,64.3836223983519
39272,-8.215158,-3.726821,4.328616,-0.00672,-0.018479,-0.003665,32.19,64.3664934934976
39282,-8.227122,-3.738786,4.33041,-0.007789,-0.019853,-0.004734,32.19,64.3964272824864
39292,-8.20798,-3.732804,4.341777,-0.00733,-0.020617,-0.003512,32.18,64.2885024983289
39302,-8.209774,-3.732205,4.336991,-0.007025,-0.021991,-0.004429,32.18,64.316632807638
39312,-8.20798,-3.737589,4.34417,-0.007636,-0.021533,-0.003512,32.2,64.2810835421098
39322,-8.213962,-3.728018,4.349553,-0.00733,-0.021838,-0.003054,32.22,64.2570225400109
39332,-8.203195,-3.742973,4.351348,-0.007636,-0.02138,-0.003207,32.22,64.2388074563792
39342,-8.223534,-3.729812,4.339982,-0.008552,-0.020464,-0.004276,32.2,64.3298187432692
39352,-8.217552,-3.739982,4.349553,-0.008094,-0.018631,-0.003665,32.2,64.2774305716229
39362,-8.215158,-3.729812,4.351348,-0.007789,-0.01741,-0.004123,32.19,64.2523220564189
39372,-8.203195,-3.728018,4.362116,-0.008705,-0.015424,-0.004123,32.19,64.1678870167543
39382,-8.215158,-3.734,4.356134,-0.007941,-0.012981,-0.003818,32.21,64.2319755103123
39392,-8.210971,-3.729812,4.356134,-0.008094,-0.010996,-0.004734,32.21,64.2181865440028
39402,-8.208578,-3.736392,4.356732,-0.008399,-0.008858,-0.005192,32.17,64.2164629961851
39412,-8.204391,-3.731607,4.348955,-0.008858,-0.006109,-0.00504,32.17,64.2421297768241
39422,-8.212766,-3.725625,4.353741,-0.008705,-0.002291,-0.004734,32.19,64.2302756337752
39432,-8.20798,-3.728616,4.351946,-0.009316,0.000153,-0.00504,32.19,64.2317599352846
39442,-8.208578,-3.731009,4.351946,-0.009621,0.003054,-0.005498,32.24,64.2355772538521
39452,-8.21157,-3.728616,4.353143,-0.008858,0.006261,-0.005803,32.24,64.2337225822437
39462,-8.200203,-3.731009,4.352544,-0.00901,0.00901,-0.006872,32.21,64.2135167805963
39472,-8.215158,-3.725027,4.353143,-0.010079,0.014966,-0.00733,32.21,64.2381598975145
39482,-8.213365,-3.734,4.348357,-0.009774,0.017257,-0.008247,32.25,64.2679820688847
39492,-8.208578,-3.725027,4.34417,-0.010079,0.019548,-0.007636,32.17,64.2695190322425
39502,-8.214561,-3.729812,4.353143,-0.010537,0.021686,-0.007483,32.17,64.2417235888799
39512,-8.214561,-3.732804,4.347759,-0.009927,0.023366,-0.008552,32.19,64.2725388249402
39522,-8.213365,-3.734598,4.345964,-0.010079,0.024893,-0.008247,32.19,64.280929973644
39532,-8.216953,-3.731607,4.337589,-0.009774,0.026267,-0.007941,32.2,64.3291446047493
39542,-8.210373,-3.732205,4.344768,-0.009621,0.027184,-0.009316,32.2,64.2778722059522
39552,-8.218747,-3.734,4.337589,-0.009774,0.027184,-0.008858,32.2,64.3356452600164
39562,-8.221739,-3.738187,4.337589,-0.009774,0.026114,-0.008247,32.2,64.3466822013276
39572,-8.225926,-3.738187,4.331607,-0.009927,0.027031,-0.008858,32.23,64.3869519220096
39582,-8.218149,-3.739982,4.337589,-0.009774,0.027336,-0.007789,32.23,64.3404306738267
39592,-8.214561,-3.741179,4.331607,-0.009316,0.025809,-0.007941,32.21,64.3644250472105
39602,-8.221739,-3.737589,4.326224,-0.008858,0.023671,-0.008399,32.21,64.4046844644161
39612,-8.225926,-3.738786,4.321437,-0.008858,0.021991,-0.007483,32.18,64.4400250190797
39622,-8.22772,-3.727419,4.323233,-0.008705,0.020617,-0.007483,32.18,64.4231923872026
39632,-8.219944,-3.737589,4.320839,-0.008552,0.018631,-0.006872,32.21,64.4284412913466
39642,-8.228318,-3.745365,4.314857,-0.008705,0.015882,-0.007483,32.21,64.4860714932058
39652,-8.232506,-3.733402,4.315455,-0.008094,0.009927,-0.00672,32.16,64.4801868171938
39662,-8.226524,-3.735196,4.319045,-0.00733,0.00733,-0.006109,32.23,64.4500501430333
39672,-8.22772,-3.736392,4.31725,-0.007178,0.004276,-0.005956,32.23,64.4632226297268
39682,-8.220542,-3.734598,4.31725,-0.007025,0.00168,-0.005956,32.2,64.4452624888551
39692,-8.226524,-3.741179,4.321437,-0.007025,-0.001527,-0.005651,32.2,64.4438125288203
39702,-8.228917,-3.736392,4.318447,-0.006872,-0.004276,-0.005803,32.21,64.459731988952
39712,-8.234302,-3.735196,4.323233,-0.007483,-0.007789,-0.005956,32.21,64.4459129563508
39722,-8.225926,-3.729812,4.320839,-0.006414,-0.009774,-0.005498,32.18,64.433953259973
39732,-8.227122,-3.745365,4.316054,-0.00672,-0.012828,-0.005803,32.18,64.47721075441
39742,-8.233105,-3.738786,4.323831,-0.006567,-0.014966,-0.005192,32.18,64.4437997607509
39752,-8.212766,-3.726821,4.323831,-0.007483,-0.016341,-0.004429,32.18,64.3858086545009
39762,-8.226524,-3.735795,4.323233,-0.007178,-0.017257,-0.004581,32.19,64.4290470051117
39772,-8.226524,-3.731607,4.329215,-0.007178,-0.018937,-0.00504,32.19,64.3939094810294
39782,-8.22473,-3.741776,4.328018,-0.00672,-0.019548,-0.004429,32.18,64.4064406105451
39792,-8.221739,-3.738786,4.328018,-0.006567,-0.020922,-0.003818,32.18,64.3966529428377
39802,-8.218149,-3.736991,4.335197,-0.006567,-0.021075,-0.004429,32.18,64.3496977453304
39812,-8.216953,-3.734598,4.337589,-0.006872,-0.02138,-0.00504,32.18,64.3322110361496
39822,-8.209774,-3.734,4.345366,-0.007636,-0.020769,-0.005192,32.23,64.2752799771492
39832,-8.215158,-3.727419,4.338786,-0.007636,-0.019242,-0.004123,32.24,64.3146248098132
39842,-8.209774,-3.73041,4.348357,-0.007941,-0.018784,-0.003971,32.24,64.2561678850425
39852,-8.221739,-3.738187,4.334598,-0.007789,-0.01741,-0.004276,32.24,64.3621024452849
39862,-8.212766,-3.742374,4.349553,-0.008399,-0.015882,-0.005192,32.24,64.2690802017451
39872,-8.206185,-3.722634,4.353741,-0.008399,-0.013897,-0.004734,32.21,64.2122828360245
39882,-8.209177,-3.732205,4.35075,-0.008247,-0.011454,-0.004581,32.21,64.2443284319228
39892,-8.215756,-3.732804,4.356732,-0.00901,-0.00901,-0.004429,32.18,64.2290196072006
39902,-8.212766,-3.73041,4.357928,-0.009316,-0.007178,-0.005956,32.18,64.2136280809956
39912,-8.213365,-3.726821,4.347161,-0.008247,-0.005192,-0.005345,32.16,64.2667716180922
39922,-8.212766,-3.738786,4.346562,-0.008399,-0.002596,-0.005345,32.16,64.2807999649189
39932,-8.218747,-3.728018,4.348955,-0.009316,-0.000611,-0.00733,32.19,64.2709275418896
39942,-8.22772,-3.733402,4.360321,-0.009163,0.001985,-0.00733,32.19,64.2382245126961
39952,-8.209774,-3.729812,4.35075,-0.009468,0.003512,-0.00672,32.26,64.2432178649875
39962,-8.20798,-3.739383,4.353741,-0.009163,0.00672,-0.006567,32.26,64.2336005279302
39972,-8.205587,-3.734598,4.350152,-0.009163,0.009163,-0.007025,32.16,64.2417480074263
39982,-8.214561,-3.73041,4.349553,-0.00901,0.011148,-0.007025,32.16,64.2608346130682
39992,-8.21157,-3.73041,4.348357,-0.00901,0.014966,-0.005956,32.19,64.2602320050349
40002,-8.219346,-3.723232,4.351348,-0.009468,0.016188,-0.007483,32.22,64.255046366123
40012,-8.215158,-3.743571,4.350152,-0.00901,0.018021,-0.007178,32.22,64.2726299581572
40022,-8.197212,-3.735196,4.346562,-0.009621,0.01909,-0.007483,32.2,64.2419124840899
40032,-8.215158,-3.734598,4.344768,-0.009316,0.021075,-0.00733,32.2,64.2911460686055
40042,-8.212766,-3.737589,4.338786,-0.009621,0.021838,-0.007025,32.2,64.3196589710717
40052,-8.213962,-3.735196,4.335197,-0.00901,0.021838,-0.008247,32.2,64.3384138516231
40062,-8.212766,-3.726821,4.334598,-0.009621,0.023213,-0.007941,32.21,64.3302162889472
40072,-8.22772,-3.739383,4.338188,-0.009163,0.023213,-0.008399,32.21,64.3582930533705
40082,-8.225328,-3.718446,4.335794,-0.00901,0.023213,-0.00733,32.21,64.3438457739514
40092,-8.213962,-3.732804,4.331607,-0.009774,0.021991,-0.007941,32.21,64.3544847672248
40102,-8.213365,-3.74058,4.317849,-0.009316,0.021533,-0.008247,32.2,64.4321474111202
40112,-8.212766,-3.731607,4.323831,-0.008705,0.020922,-0.007178,32.2,64.3907082351421
40122,-8.227122,-3.725027,4.316054,-0.009774,0.0197,-0.007178,32.23,64.4564742881105
40132,-8.228318,-3.731607,4.323233,-0.009468,0.018173,-0.007483,32.23,64.4288074063707
40142,-8.218149,-3.734598,4.323233,-0.00901,0.017257,-0.007025,32.21,64.4089830155051
40152,-8.218747,-3.732205,4.325027,-0.010079,0.014661,-0.007941,32.21,64.3986199819747
40162,-8.230712,-3.735795,4.320241,-0.009468,0.012828,-0.006872,32.18,64.4538961593718
40172,-8.227122,-3.742374,4.325625,-0.009163,0.008705,-0.00733,32.19,64.4247712718944
40182,-8.236095,-3.732804,4.315455,-0.009316,0.005651,-0.007178,32.19,64.48763153188
40192,-8.23131,-3.729812,4.316652,-0.00901,0.003207,-0.006567,32.18,64.4676687594731
40202,-8.215158,-3.74058,4.316652,-0.008858,0.001069,-0.006872,32.18,64.4423632871379
40212,-8.226524,-3.736991,4.319643,-0.007789,-0.000611,-0.005651,32.18,64.4487949936581
40222,-8.228917,-3.735795,4.322634,-0.008247,-0.002291,-0.00504,32.18,64.4375163425615
40232,-8.230712,-3.729812,4.314259,-0.008094,-0.004429,-0.006261,32.23,64.4786807275442
40242,-8.228318,-3.724428,4.320839,-0.00733,-0.005803,-0.005498,32.23,64.4338472975733
40252,-8.227122,-3.737589,4.33041,-0.007941,-0.007483,-0.005651,32.17,64.3952037442606
40262,-8.213962,-3.726821,4.315455,-0.007636,-0.008858,-0.004581,32.17,64.4317852704636
40272,-8.23131,-3.741179,4.33041,-0.007025,-0.009774,-0.004734,32.18,64.4082892064967
40282,-8.227122,-3.738786,4.328018,-0.007025,-0.011454,-0.004581,32.18,64.408762277103
40292,-8.223534,-3.731009,4.325027,-0.007025,-0.012217,-0.004734,32.15,64.4081759815062
40302,-8.218747,-3.731607,4.326224,-0.006414,-0.012523,-0.005345,32.15,64.39182930519
40312,-8.220542,-3.732804,4.32742,-0.00672,-0.013439,-0.004887,32.18,64.3909239136988
40322,-8.22473,-3.725625,4.323233,-0.006567,-0.014966,-0.004887,32.18,64.4146335606173
40332,-8.216354,-3.726821,4.338188,-0.00733,-0.013897,-0.004276,32.2,64.3197981835284
40342,-8.219346,-3.734598,4.334,-0.006567,-0.015424,-0.005345,32.2,64.3561176581536
40352,-8.215756,-3.732205,4.341777,-0.007025,-0.015882,-0.005956,32.2,64.3054593134316
40362,-8.212766,-3.728018,4.328018,-0.006872,-0.014966,-0.004581,32.18,64.3654099330619
40372,-8.206783,-3.731607,4.347759,-0.006872,-0.015424,-0.00504,32.18,64.2537126416128
40382,-8.219944,-3.732205,4.343571,-0.007483,-0.015119,-0.005192,32.19,64.3056691073094
40392,-8.213962,-3.725027,4.342375,-0.007178,-0.015119,-0.005192,32.19,64.2909583496883
40402,-8.216953,-3.725625,4.347759,-0.007483,-0.014508,-0.006872,32.22,64.2705790857976
40412,-8.216354,-3.728616,4.346562,-0.007483,-0.013439,-0.006261,32.22,64.2784618699826
40422,-8.217552,-3.726821,4.351348,-0.007941,-0.012217,-0.005956,32.21,64.2546678481689
40432,-8.209774,-3.737589,4.348955,-0.007789,-0.011301,-0.006414,32.21,64.2604722870307
40442,-8.221739,-3.727419,4.342973,-0.008705,-0.009621,-0.00504,32.21,64.3079011361097
40452,-8.212168,-3.733402,4.345366,-0.008399,-0.008858,-0.005192,32.21,64.2800778038428
40462,-8.207382,-3.723232,4.351946,-0.008094,-0.006872,-0.00504,32.21,64.224865854338
40472,-8.201998,-3.72383,4.356134,-0.008094,-0.004887,-0.006567,32.21,64.1916777123009
40482,-8.210373,-3.732804,4.354938,-0.008247,-0.003207,-0.005498,32.19,64.2260729220297
40492,-8.208578,-3.731607,4.359723,-0.009163,-0.001222,-0.005956,32.19,64.1961259364772
40502,-8.21157,-3.732804,4.351946,-0.00901,0.000611,-0.005651,32.21,64.2441977071955
40512,-8.203195,-3.726821,4.356134,-0.008858,0.004887,-0.005803,32.21,64.1974769329566
40522,-8.204989,-3.738187,4.346562,-0.009316,0.006872,-0.006567,32.15,64.2626020160103
40532,-8.201998,-3.737589,4.355535,-0.009468,0.009316,-0.006872,32.21,64.2089591154064
40542,-8.212766,-3.72383,4.356732,-0.009163,0.012065,-0.006261,32.21,64.213021632947
40552,-8.216953,-3.731607,4.348357,-0.009163,0.01405,-0.00733,32.21,64.2736355082949
40562,-8.210373,-3.726821,4.349553,-0.009927,0.016341,-0.007025,32.21,64.2476686912564
40572,-8.210373,-3.731009,4.348955,-0.009927,0.018326,-0.008094,32.19,64.2550568703948
40582,-8.221739,-3.728616,4.345366,-0.009621,0.020311,-0.007789,32.19,64.2967948092463
40592,-8.21157,-3.73041,4.335197,-0.009927,0.021838,-0.008247,32.19,64.3281042219726
40602,-8.222337,-3.733402,4.341179,-0.010232,0.02306,-0.008399,32.19,64.3246242263556
40612,-8.219346,-3.736392,4.341179,-0.009316,0.024893,-0.008552,32.19,64.3209410562798
40622,-8.224131,-3.732804,4.331009,-0.009468,0.025656,-0.008705,32.19,64.3804907675879
40632,-8.216354,-3.728616,4.338786,-0.00901,0.025962,-0.008858,32.2,64.318553167822
40642,-8.221141,-3.727419,4.326224,-0.009163,0.026725,-0.008247,32.2,64.3929418911129
40652,-8.222337,-3.738187,4.331009,-0.009163,0.025962,-0.008858,32.2,64.3819573377108
40662,-8.222935,-3.725625,4.335794,-0.009316,0.024893,-0.00901,32.2,64.3457775986089
40672,-8.23131,-3.731607,4.328018,-0.009621,0.025045,-0.008705,32.18,64.4108526840423
40682,-8.225926,-3.729214,4.318447,-0.009468,0.024282,-0.008552,32.18,64.4456929392535
40692,-8.222935,-3.739383,4.322036,-0.009163,0.02138,-0.008247,32.18,64.4308215664171
40702,-8.221739,-3.73041,4.315455,-0.008399,0.019395,-0.007789,32.23,64.4529504801803
40712,-8.227122,-3.727419,4.320241,-0.008705,0.016646,-0.007789,32.23,64.4372908679783
40722,-8.229516,-3.728616,4.322036,-0.007941,0.01405,-0.007941,32.2,64.4346295551098
40732,-8.226524,-3.737589,4.314857,-0.007789,0.011301,-0.007178,32.2,64.4741128563954
40742,-8.225926,-3.729214,4.314857,-0.007789,0.008552,-0.007178,32.22,64.4642322953139
40752,-8.230114,-3.732804,4.320241,-0.007483,0.005651,-0.007483,32.22,64.4495044704309
40762,-8.236693,-3.736392,4.313063,-0.007636,0.002138,-0.006414,32.2,64.5049656340457
40772,-8.230114,-3.739982,4.304688,-0.007941,-0.001222,-0.005956,32.2,64.537124100738
40782,-8.235497,-3.737589,4.307081,-0.00733,-0.003971,-0.004734,32.21,64.5343856151098
40792,-8.219944,-3.732804,4.317849,-0.00672,-0.00672,-0.004887,32.21,64.4389913778285
40802,-8.222337,-3.726821,4.318447,-0.007178,-0.010079,-0.004887,32.21,64.4351796292968
40812,-8.226524,-3.731607,4.313063,-0.007178,-0.012981,-0.004429,32.21,64.4772799578248
40822,-8.223534,-3.729812,4.31067,-0.007025,-0.015577,-0.004734,32.21,64.4810978800478
40832,-8.227122,-3.73041,4.323831,-0.007025,-0.018173,-0.004429,32.21,64.4218107810595
40842,-8.215756,-3.742374,4.332206,-0.007025,-0.0197,-0.003512,32.22,64.365253397312
40852,-8.217552,-3.725625,4.33041,-0.006414,-0.02138,-0.00336,32.22,64.3614101543294
40862,-8.222337,-3.723232,4.328616,-0.006414,-0.024129,-0.002749,32.2,64.3790157121682
40872,-8.219346,-3.73041,4.335794,-0.006261,-0.025351,-0.003207,32.2,64.3425758909651
40882,-8.215158,-3.737589,4.336991,-0.006567,-0.025045,-0.002902,32.2,64.3343138909591
40892,-8.22473,-3.732804,4.334,-0.006872,-0.024893,-0.002596,32.19,64.3664153079487
40902,-8.208578,-3.735795,4.338786,-0.00733,-0.024893,-0.004887,32.19,64.3083586273696
40912,-8.220542,-3.729214,4.345964,-0.007178,-0.023976,-0.003818,32.2,64.2916220948822
40922,-8.212168,-3.736392,4.348955,-0.006109,-0.02306,-0.003054,32.2,64.2646537020318
40932,-8.219346,-3.726821,4.341179,-0.006567,-0.021533,-0.003665,32.23,64.311131997548
40942,-8.204989,-3.71725,4.35733,-0.00672,-0.020311,-0.003512,32.23,64.1855278881862
40952,-8.209774,-3.726821,4.339384,-0.007483,-0.017562,-0.004581,32.18,64.2987576123932
40962,-8.212766,-3.742374,4.346562,-0.00672,-0.015424,-0.005345,32.18,64.284491344288
40972,-8.210373,-3.726821,4.354339,-0.007025,-0.013286,-0.005956,32.19,64.2230024510628
40982,-8.204989,-3.732804,4.353143,-0.00733,-0.010385,-0.006109,32.19,64.2231274378637
40992,-8.212766,-3.735196,4.36391,-0.00672,-0.007483,-0.005956,32.22,64.1877601157667
41002,-8.209177,-3.736991,4.356732,-0.007025,-0.004429,-0.005498,32.22,64.2184368409536
41012,-8.213962,-3.725027,4.360321,-0.007789,-0.00168,-0.00672,32.19,64.1984790111858
41022,-8.202596,-3.745365,4.353143,-0.007941,0.001527,-0.007025,32.19,64.2306720013358
41032,-8.198408,-3.72383,4.361517,-0.007941,0.007789,-0.007025,32.19,64.1557766495086
41042,-8.213962,-3.72383,4.354938,-0.007483,0.010843,-0.007483,32.18,64.224973927576
41052,-8.2014,-3.725625,4.353741,-0.007941,0.013744,-0.008094,32.18,64.2045079695394
41062,-8.201998,-3.732804,4.348357,-0.008399,0.01573,-0.008858,32.21,64.2410271208823
41072,-8.206783,-3.726223,4.350152,-0.008552,0.017715,-0.008858,32.21,64.235833994575
41082,-8.199007,-3.725027,4.351946,-0.008399,0.019548,-0.00901,32.15,64.2077182671047
41092,-8.217552,-3.720839,4.347161,-0.008399,0.021686,-0.008094,32.15,64.270110341286
41102,-8.210373,-3.721437,4.348357,-0.008858,0.022755,-0.00901,32.22,64.2483036583539
41112,-8.210373,-3.736392,4.348357,-0.00901,0.023671,-0.009163,32.22,64.263676796912
41122,-8.215158,-3.722634,4.341179,-0.008858,0.024282,-0.008399,32.17,64.2973781351786
41132,-8.212766,-3.736991,4.341179,-0.009774,0.024893,-0.009163,32.17,64.3067042511445
41142,-8.224131,-3.738187,4.332206,-0.010232,0.025351,-0.008399,32.16,64.3798231108332
41152,-8.222935,-3.742374,4.337589,-0.009621,0.025656,-0.008552,32.16,64.3536677255321
41162,-8.206185,-3.73041,4.34058,-0.009927,0.025045,-0.008858,32.21,64.2881571321641
41172,-8.218747,-3.732205,4.334,-0.00901,0.024282,-0.009621,32.21,64.3523162668669
41182,-8.226524,-3.738786,4.326822,-0.010232,0.023671,-0.007941,32.21,64.413586190326
41192,-8.228318,-3.728018,4.328616,-0.009927,0.022602,-0.008858,32.21,64.3973750929978
41202,-8.218747,-3.732804,4.323831,-0.009163,0.021533,-0.007178,32.15,64.4054069991513
41212,-8.230114,-3.725625,4.324429,-0.009927,0.018021,-0.00733,32.22,64.4205791871398
41222,-8.222337,-3.731009,4.326224,-0.009774,0.016035,-0.007178,32.22,64.3993035300032
41236,-8.226524,-3.736991,4.326224,-0.010079,0.014661,-0.006872,32.2,64.4148368771649
41242,-8.233703,-3.738187,4.318447,-0.009774,0.012065,-0.00672,32.2,64.4723040863151
41252,-8.236693,-3.736392,4.320839,-0.009621,0.010232,-0.006414,32.22,64.4648457564752
41262,-8.229516,-3.737589,4.318447,-0.009621,0.007636,-0.007025,32.22,64.4622974925976
41272,-8.22772,-3.738786,4.314259,-0.009621,0.005803,-0.006109,32.19,64.4811056460002
41282,-8.225328,-3.738786,4.323831,-0.008705,0.003207,-0.005192,32.19,64.4263275879421
41292,-8.235497,-3.724428,4.313661,-0.008399,0.000764,-0.006109,32.2,64.4870396525007
41302,-8.225926,-3.737589,4.323233,-0.00901,-0.001222,-0.006109,32.2,64.4295346124153
41312,-8.222935,-3.736392,4.317849,-0.008858,-0.003665,-0.005651,32.21,64.4493805785247
41322,-8.225926,-3.731009,4.322036,-0.007941,-0.005956,-0.005192,32.21,64.428995447137
41332,-8.225926,-3.731009,4.318447,-0.007483,-0.007941,-0.004123,32.16,64.4475229522481
41342,-8.22473,-3.736392,4.323233,-0.006872,-0.009621,-0.004581,32.16,64.4256231477799
41352,-8.220542,-3.74058,4.323233,-0.00672,-0.012065,-0.00504,32.23,64.4204874720784
41362,-8.212168,-3.729812,4.331607,-0.00672,-0.013897,-0.00504,32.23,64.3473696046727
41372,-8.225926,-3.731607,4.328616,-0.00672,-0.014661,-0.00504,32.21,64.3956530547103
41382,-8.221739,-3.735196,4.326822,-0.005956,-0.016646,-0.005345,32.21,64.399151222089
41392,-8.215756,-3.729214,4.328018,-0.005803,-0.017104,-0.004887,32.21,64.3733786724661
41402,-8.219346,-3.732205,4.331607,-0.005498,-0.017257,-0.004123,32.22,64.3660117346369
41412,-8.215756,-3.732804,4.337589,-0.005345,-0.018784,-0.004581,32.22,64.3276701318169
41422,-8.223534,-3.735795,4.335197,-0.005956,-0.018631,-0.00504,32.22,64.360608802086
41432,-8.224131,-3.736991,4.329215,-0.006414,-0.018173,-0.004887,32.22,64.3940250319527
41442,-8.218149,-3.723232,4.348955,-0.006109,-0.017868,-0.005498,32.21,64.2646676157674
41452,-8.219346,-3.738187,4.336392,-0.005345,-0.016799,-0.004123,32.21,64.3474598337109
41462,-8.219944,-3.732804,4.346562,-0.005498,-0.016188,-0.004581,32.19,64.2908708040717
41472,-8.219944,-3.726223,4.350152,-0.005956,-0.015882,-0.004429,32.19,64.2656268529253
41482,-8.208578,-3.738786,4.337589,-0.005498,-0.014661,-0.004123,32.2,64.3176093784525
41492,-8.209177,-3.728018,4.35075,-0.006414,-0.013134,-0.005192,32.2,64.2400207613444
41502,-8.210373,-3.721437,4.350152,-0.006567,-0.01237,-0.005651,32.2,64.2390489470051
41512,-8.202596,-3.731009,4.348955,-0.006872,-0.010996,-0.006109,32.2,64.2374477284745
41522,-8.213365,-3.732205,4.348955,-0.006872,-0.008705,-0.005803,32.23,64.2630553814108
41532,-8.215158,-3.732804,4.353143,-0.00672,-0.006414,-0.005192,32.23,64.2461496942515
41542,-8.208578,-3.729812,4.359125,-0.00672,-0.004887,-0.005345,32.23,64.1973564548105
41552,-8.213962,-3.729812,4.356134,-0.007941,-0.001069,-0.005956,32.23,64.2249610763451
41562,-8.20798,-3.728018,4.354938,-0.007789,0.001222,-0.005956,32.21,64.2157245103925
41572,-8.224131,-3.731009,4.345366,-0.007789,0.00336,-0.006414,32.2,64.3046472052639
41582,-8.217552,-3.739982,4.348357,-0.008094,0.005651,-0.006414,32.2,64.2835910573163
41592,-8.215756,-3.742973,4.349553,-0.007483,0.008705,-0.005498,32.22,64.2764503729925
41602,-8.19123,-3.734598,4.352544,-0.008247,0.010385,-0.005651,32.22,64.1968703032431
41612,-8.207382,-3.738786,4.360321,-0.009468,0.012065,-0.007178,32.2,64.1977395680088
41622,-8.203195,-3.733402,4.35733,-0.009468,0.013744,-0.00672,32.2,64.1981005075788
41632,-8.216953,-3.729214,4.353143,-0.00901,0.01573,-0.006872,32.19,64.2465224172116
41642,-8.212168,-3.728018,4.353741,-0.009468,0.017257,-0.007483,32.19,64.2313808341157
41652,-8.218747,-3.735795,4.339384,-0.009621,0.018631,-0.007941,32.25,64.3282304689808
41662,-8.216953,-3.729214,4.332804,-0.009163,0.019242,-0.008705,32.25,64.3513772287086
41672,-8.219346,-3.732804,4.338188,-0.009316,0.020006,-0.008094,32.19,64.3326823465823
41682,-8.223534,-3.733402,4.350152,-0.009621,0.021533,-0.007941,32.19,64.281100819376
41692,-8.221739,-3.727419,4.337589,-0.009468,0.022297,-0.007789,32.22,64.3356571082541
41702,-8.213365,-3.73041,4.328616,-0.009163,0.022907,-0.007636,32.22,64.3661238112676
41712,-8.22473,-3.739383,4.336392,-0.009621,0.022755,-0.008094,32.16,64.3608155620851
41722,-8.224131,-3.739383,4.34058,-0.009316,0.022144,-0.007941,32.16,64.3378835668458
41732,-8.217552,-3.732205,4.33041,-0.009927,0.020922,-0.008705,32.18,64.3681438784668
41742,-8.215158,-3.73041,4.329813,-0.010079,0.020159,-0.008399,32.17,64.3639887539027
41752,-8.212168,-3.74058,4.322634,-0.009468,0.018784,-0.007483,32.17,64.4047384321152
41762,-8.22473,-3.736991,4.329813,-0.008858,0.017257,-0.008247,32.16,64.3922887442587
41772,-8.23131,-3.733402,4.322036,-0.008705,0.016035,-0.007636,32.16,64.4435388131539
41782,-8.221141,-3.736392,4.325625,-0.008705,0.013897,-0.007941,32.21,64.40520545597
41792,-8.221739,-3.732804,4.320241,-0.00901,0.011606,-0.00733,32.21,64.4306762086218
41802,-8.22772,-3.731607,4.320241,-0.008705,0.009621,-0.00672,32.18,64.4429042398295
41812,-8.232506,-3.735795,4.319045,-0.009163,0.00672,-0.007025,32.18,64.4640956244343
41822,-8.222935,-3.735795,4.326224,-0.008399,0.004734,-0.006872,32.21,64.4055411309984
41832,-8.214561,-3.738187,4.329215,-0.00901,0.00168,-0.00672,32.21,64.3736990363832
41842,-8.239684,-3.736392,4.326822,-0.008094,-0.000458,-0.006261,32.16,64.4407109696428
41852,-8.22473,-3.731009,4.318447,-0.008247,-0.001985,-0.006261,32.16,64.4448340544777
41862,-8.232506,-3.738786,4.322634,-0.008094,-0.004276,-0.005498,32.2,64.4486284461935
41872,-8.226524,-3.736991,4.326822,-0.007025,-0.007025,-0.005192,32.2,64.4117521375064
41882,-8.223534,-3.727419,4.323831,-0.007025,-0.009774,-0.006261,32.2,64.4106840768902
41892,-8.222935,-3.745964,4.326822,-0.007178,-0.010996,-0.006109,32.2,64.4128602751626
41902,-8.224131,-3.732804,4.324429,-0.006872,-0.015424,-0.005192,32.22,64.4144389269541
41912,-8.22473,-3.735795,4.332804,-0.006567,-0.016341,-0.005498,32.22,64.3756411182619
41922,-8.21157,-3.739383,4.329813,-0.006414,-0.016952,-0.00504,32.22,64.3650988357223
41932,-8.219346,-3.731607,4.329813,-0.007025,-0.018326,-0.005345,32.2,64.3746561768802
41942,-8.230114,-3.735795,4.339982,-0.00733,-0.018021,-0.00504,32.2,64.3507716927799
41952,-8.222935,-3.733402,4.347759,-0.00733,-0.017715,-0.005192,32.18,64.2920721976139
41962,-8.219346,-3.724428,4.344768,-0.00733,-0.018326,-0.003818,32.18,64.2901793280904
41972,-8.222935,-3.739383,4.34058,-0.007025,-0.018173,-0.004887,32.24,64.3351880672372
41982,-8.219944,-3.735795,4.341777,-0.00733,-0.017562,-0.005192,32.24,64.3185958565606
41992,-8.22473,-3.732205,4.348955,-0.007636,-0.016341,-0.004581,32.24,64.2887388193925
42002,-8.215756,-3.738786,4.354339,-0.00733,-0.015119,-0.005192,32.24,64.2474946248092
42012,-8.214561,-3.73041,4.346562,-0.007789,-0.013897,-0.005803,32.24,64.276249289321
42022,-8.203793,-3.732205,4.348357,-0.00733,-0.012675,-0.005345,32.24,64.2444751748228
42032,-8.216354,-3.72383,4.353741,-0.007789,-0.01069,-0.005345,32.21,64.2365586880875
42042,-8.210373,-3.735196,4.351348,-0.007483,-0.007941,-0.005498,32.21,64.2470318807262
42052,-8.212168,-3.743571,4.348357,-0.007483,-0.00672,-0.005651,32.19,64.2751236479751
42062,-8.213962,-3.738187,4.356732,-0.007789,-0.003818,-0.005345,32.19,64.2304990111296
42072,-8.215158,-3.728018,4.353741,-0.007941,-0.000458,-0.005956,32.2,64.2381510893466
42082,-8.213962,-3.731009,4.349553,-0.007483,0.003054,-0.005345,32.19,64.2600950477139
42092,-8.20798,-3.736392,4.360321,-0.008094,0.005192,-0.004581,32.19,64.1966244268523
42102,-8.215756,-3.728018,4.339982,-0.008247,0.007636,-0.005192,32.19,64.3104212284729
42112,-8.209177,-3.726821,4.350152,-0.007636,0.009468,-0.006414,32.19,64.2418723769831
42122,-8.202596,-3.734,4.344768,-0.008247,0.010996,-0.007178,32.22,64.2621253435613
42132,-8.20798,-3.721437,4.35075,-0.008552,0.013286,-0.005956,32.22,64.2305421662743
42142,-8.21157,-3.736392,4.348357,-0.008094,0.015119,-0.007483,32.23,64.2663833905568
42152,-8.222337,-3.732804,4.337589,-0.008858,0.016341,-0.006414,32.23,64.3425170102058
42162,-8.228917,-3.727419,4.353741,-0.008705,0.018631,-0.005956,32.21,64.2686552167039
42172,-8.223534,-3.729214,4.342973,-0.009163,0.0197,-0.00672,32.21,64.3137915609635
42182,-8.215756,-3.734,4.348357,-0.008399,0.020617,-0.007178,32.2,64.2733872570219
42192,-8.22772,-3.736991,4.34417,-0.008705,0.020922,-0.007789,32.2,64.3250292782381
42202,-8.212766,-3.735196,4.341777,-0.00901,0.021533,-0.007789,32.22,64.3017765878817
42212,-8.21157,-3.728018,4.350152,-0.00901,0.020922,-0.008094,32.22,64.2485215158487
42222,-8.215158,-3.731009,4.336991,-0.00901,0.02138,-0.00733,32.2,64.3275641307842
42232,-8.221739,-3.731607,4.331009,-0.008705,0.020464,-0.007483,32.2,64.3738781766132
42242,-8.216354,-3.732804,4.325625,-0.008399,0.018631,-0.007789,32.22,64.3907551911642
42252,-8.228917,-3.728616,4.322036,-0.008399,0.017104,-0.00733,32.2,64.4332825195198
42262,-8.220542,-3.735196,4.322036,-0.008705,0.016188,-0.008094,32.2,64.4211598460206
42272,-8.218149,-3.722634,4.319045,-0.007636,0.014203,-0.007178,32.22,64.4183885872567
42282,-8.224131,-3.731009,4.323233,-0.007941,0.012523,-0.008094,32.22,64.4187788708204
42292,-8.228917,-3.738187,4.318447,-0.007941,0.01069,-0.007483,32.2,64.4615624913879
42302,-8.230712,-3.742973,4.325027,-0.007941,0.008858,-0.007483,32.2,64.4365310885348
42312,-8.221141,-3.732804,4.332804,-0.008247,0.00672,-0.006414,32.18,64.3644957918082
42322,-8.223534,-3.736392,4.326822,-0.007789,0.004123,-0.006872,32.18,64.4044138595106
42332,-8.22772,-3.737589,4.326224,-0.008247,0.001985,-0.00672,32.25,64.4181368960551
42342,-8.216354,-3.729214,4.32742,-0.007636,-0.000153,-0.005956,32.25,64.3778141623252
42352,-8.218747,-3.722036,4.317849,-0.00733,-0.002291,-0.005498,32.21,64.4253051284334
42362,-8.219346,-3.744768,4.323233,-0.007636,-0.004581,-0.005956,32.21,64.4220857668297
42372,-8.228917,-3.736392,4.329813,-0.007636,-0.005956,-0.005803,32.2,64.401097068905
42382,-8.22473,-3.734,4.332206,-0.008094,-0.008399,-0.005498,32.2,64.3768891767619
42392,-8.210971,-3.729812,4.332206,-0.007636,-0.010385,-0.004734,32.2,64.341575480592
42402,-8.221739,-3.734598,4.321437,-0.007483,-0.012217,-0.005192,32.2,64.42633388558
42412,-8.229516,-3.736392,4.323233,-0.00733,-0.013439,-0.005345,32.21,64.4363809857046
42422,-8.218747,-3.741776,4.322634,-0.007483,-0.014966,-0.004581,32.18,64.4207668775883
42432,-8.222337,-3.736991,4.332804,-0.007178,-0.015577,-0.003818,32.18,64.3714757501225
42442,-8.219944,-3.722634,4.336392,-0.007025,-0.015882,-0.004887,32.21,64.3328841913709
42452,-8.222935,-3.731009,4.339982,-0.007178,-0.016341,-0.004276,32.21,64.3296924252337
42462,-8.214561,-3.729214,4.338188,-0.007483,-0.016188,-0.004429,32.21,64.3182010692745
42472,-8.213365,-3.725625,4.354339,-0.007789,-0.01573,-0.004887,32.21,64.2285514977378
42482,-8.213962,-3.736392,4.341179,-0.008399,-0.014203,-0.004581,32.23,64.3087894451911
42492,-8.221141,-3.735196,4.35075,-0.007483,-0.013592,-0.004276,32.23,64.2744566195459
42502,-8.217552,-3.731009,4.352544,-0.007483,-0.012523,-0.00504,32.21,64.2528061448635
42512,-8.210971,-3.739383,4.34417,-0.008552,-0.010232,-0.004734,32.21,64.2896884106329
42522,-8.207382,-3.734,4.348955,-0.008705,-0.009163,-0.004734,32.19,64.251365750062
42532,-8.213365,-3.729812,4.351946,-0.008094,-0.007941,-0.005956,32.19,64.2451835490211
42542,-8.221141,-3.725625,4.352544,-0.008552,-0.005803,-0.006261,32.2,64.2554002048992
42552,-8.203195,-3.733402,4.353143,-0.008247,-0.004276,-0.005651,32.2,64.2196791061846
42562,-8.21157,-3.744169,4.35733,-0.008094,-0.002291,-0.005803,32.21,64.2281733568912
42572,-8.208578,-3.743571,4.354339,-0.008858,-0.000305,-0.005651,32.21,64.2361919110636
42582,-8.216953,-3.73041,4.359125,-0.00901,0.00168,-0.006872,32.21,64.216947587433
42592,-8.215756,-3.728018,4.35075,-0.008705,0.005651,-0.006872,32.21,64.2549137659779
42602,-8.204989,-3.727419,4.337589,-0.00901,0.007178,-0.007178,32.25,64.2978134928997
42612,-8.215756,-3.735196,4.341179,-0.00901,0.009468,-0.007483,32.21,64.3116118445367
42622,-8.213962,-3.726223,4.35075,-0.009163,0.010996,-0.007483,32.21,64.2490104659058
42632,-8.219944,-3.739383,4.353741,-0.00901,0.01237,-0.007636,32.18,64.2606524508565
42642,-8.210373,-3.736392,4.338786,-0.009468,0.013592,-0.008705,32.18,64.313026472154
42652,-8.217552,-3.734,4.34058,-0.009468,0.015272,-0.007483,32.21,64.3175271819917
42662,-8.223534,-3.739982,4.34417,-0.008858,0.016188,-0.00733,32.21,64.3186566948882
42672,-8.215158,-3.729812,4.349553,-0.008705,0.017257,-0.007941,32.25,64.2615708150355
42682,-8.224131,-3.739982,4.336991,-0.008552,0.018021,-0.007789,32.25,64.356992586347
42692,-8.217552,-3.729812,4.343571,-0.008858,0.018937,-0.007483,32.22,64.2978131251625
42702,-8.20798,-3.735795,4.341777,-0.008399,0.019395,-0.007636,32.22,64.2915786192649
42712,-8.227122,-3.729812,4.343571,-0.009774,0.018631,-0.008552,32.21,64.3194194376224
42722,-8.225926,-3.723232,4.335794,-0.008399,0.018326,-0.007178,32.21,64.350080476894
42732,-8.215158,-3.743571,4.332206,-0.008858,0.018326,-0.007178,32.19,64.3651348049146
42742,-8.229516,-3.728018,4.331607,-0.008094,0.018021,-0.006872,32.19,64.3846469118293
42752,-8.228917,-3.727419,4.329215,-0.008552,0.017257,-0.00733,32.2,64.3950231011243
42762,-8.212766,-3.74058,4.326224,-0.009163,0.015119,-0.007025,32.2,64.3875483310996
42772,-8.221739,-3.731607,4.322036,-0.007789,0.014355,-0.006109,32.25,64.420185895712
42782,-8.216354,-3.728616,4.32742,-0.008094,0.012217,-0.006567,32.22,64.3772022618213
42792,-8.240881,-3.735795,4.334,-0.008094,0.010996,-0.005803,32.22,64.4058078605095
42802,-8.219944,-3.721437,4.317849,-0.008705,0.009316,-0.005956,32.21,64.4273904156156
42812,-8.216354,-3.728018,4.32742,-0.007789,0.007025,-0.005956,32.21,64.3765904154437
42822,-8.225328,-3.731009,4.32742,-0.007941,0.005956,-0.006261,32.2,64.3998662145796
42832,-8.221739,-3.739383,4.313661,-0.007178,0.004276,-0.005498,32.2,64.4713770759508
42842,-8.213962,-3.734598,4.318447,-0.007178,0.002749,-0.004734,32.2,64.4242762912274
42852,-8.225328,-3.731607,4.332206,-0.00672,0.000458,-0.006109,32.2,64.3757899748762
42862,-8.224131,-3.728018,4.32742,-0.007636,-0.001069,-0.004887,32.23,64.3941168352776
42872,-8.221739,-3.736991,4.314857,-0.007483,-0.003207,-0.005498,32.23,64.4627566306818
42882,-8.218149,-3.741179,4.320839,-0.007178,-0.004581,-0.00504,32.2,64.4280777236059
42892,-8.230712,-3.734598,4.332804,-0.007483,-0.006567,-0.005192,32.2,64.3878834953414
42902,-8.228917,-3.731607,4.323831,-0.00733,-0.008247,-0.005345,32.23,64.427068762973
42912,-8.222935,-3.735795,4.323831,-0.007178,-0.008399,-0.005345,32.23,64.417890064172
42922,-8.219346,-3.733402,4.323831,-0.006567,-0.009927,-0.005498,32.2,64.4073671481865
42932,-8.228318,-3.736991,4.325625,-0.007025,-0.011454,-0.005192,32.2,64.4219603748406
42942,-8.228917,-3.736991,4.335197,-0.006567,-0.013744,-0.005345,32.23,64.3739544146796
42952,-8.212168,-3.749553,4.336392,-0.007178,-0.014966,-0.006109,32.2,64.342955651519
42962,-8.209177,-3.741179,4.329813,-0.007178,-0.014966,-0.005498,32.2,64.3615487787855
42972,-8.216354,-3.732205,4.341777,-0.007025,-0.015119,-0.005803,32.2,64.3068099026725
42982,-8.218149,-3.734,4.342973,-0.007178,-0.015272,-0.005803,32.2,64.3065392109394
42992,-8.213962,-3.731009,4.334598,-0.006872,-0.014661,-0.006261,32.2,64.3372099797134
43002,-8.22473,-3.726223,4.348357,-0.00733,-0.014661,-0.005651,32.2,64.2856922307604
43012,-8.209774,-3.733402,4.347161,-0.007025,-0.014203,-0.006414,32.21,64.2654106875326
43022,-8.210373,-3.731009,4.339384,-0.00672,-0.013439,-0.005498,32.21,64.3044115889081
43032,-8.216354,-3.732205,4.339982,-0.007636,-0.012981,-0.006414,32.23,64.3160650055207
43042,-8.209774,-3.73041,4.342375,-0.006414,-0.011301,-0.005803,32.23,64.2870137191293
43052,-8.204989,-3.729214,4.344768,-0.007636,-0.01069,-0.005345,32.23,64.2626143342372
43062,-8.209774,-3.736991,4.347161,-0.008094,-0.009621,-0.005803,32.23,64.2691034128882
43072,-8.199606,-3.73041,4.351946,-0.007636,-0.007483,-0.005956,32.23,64.2146286919945
43082,-8.215756,-3.73041,4.362116,-0.007636,-0.005956,-0.00672,32.23,64.1988402325749
43092,-8.220542,-3.734598,4.351348,-0.007178,-0.004887,-0.006872,32.18,64.2694100420635
43102,-8.205587,-3.72383,4.353143,-0.008247,-0.00336,-0.006567,32.18,64.2152400928771
43112,-8.207382,-3.723232,4.34417,-0.007941,0,-0.006261,32.17,64.2649672283959
43122,-8.22473,-3.738786,4.353143,-0.007941,0.001527,-0.006261,32.18,64.2739262040144
43132,-8.209774,-3.729812,4.347759,-0.008247,0.003207,-0.00733,32.18,64.2586358431667
43142,-8.210373,-3.73041,4.344768,-0.007636,0.005345,-0.007025,32.21,64.2760273135019
43152,-8.213962,-3.720839,4.356732,-0.008705,0.00672,-0.00672,32.21,64.2126599814628
43162,-8.213962,-3.725625,4.345964,-0.008399,0.00901,-0.007178,32.21,64.2730655914167
43172,-8.212168,-3.738187,4.356732,-0.008247,0.010537,-0.006567,32.21,64.2264397423106
43182,-8.214561,-3.728616,4.347759,-0.00901,0.012981,-0.007178,32.2,64.2682377243273
43192,-8.213962,-3.735196,4.347161,-0.00901,0.014203,-0.007636,32.2,64.2767245058228
43202,-8.212766,-3.738786,4.345366,-0.009774,0.015119,-0.007636,32.19,64.2869641120552
43212,-8.210971,-3.731009,4.349553,-0.009316,0.016799,-0.007178,32.19,64.2533278592987
43222,-8.217552,-3.726821,4.343571,-0.00901,0.01741,-0.008094,32.23,64.2947467116097
43232,-8.221739,-3.741179,4.345366,-0.00901,0.018479,-0.008705,32.23,64.3096761374387
43242,-8.21157,-3.732804,4.341179,-0.009316,0.020006,-0.008094,32.23,64.29970128393
43252,-8.21157,-3.736991,4.336991,-0.00901,0.020464,-0.008399,32.23,64.325603783506
43262,-8.216354,-3.729812,4.341777,-0.008858,0.020464,-0.008094,32.2,64.3043554435823
43272,-8.228318,-3.733402,4.335794,-0.00901,0.020922,-0.008399,32.2,64.3658605553934
43282,-8.224131,-3.733402,4.338786,-0.008705,0.020159,-0.007789,32.21,64.3410038165234
43292,-8.22473,-3.73041,4.329813,-0.008858,0.0197,-0.007789,32.2,64.3855626130148
43302,-8.230712,-3.73041,4.331009,-0.008399,0.01909,-0.007636,32.2,64.3928631932505
43312,-8.225328,-3.738187,4.328616,-0.008094,0.018326,-0.007789,32.21,64.4010308429443
43322,-8.234302,-3.737589,4.326224,-0.008094,0.016646,-0.007636,32.21,64.4329277887492
43332,-8.223534,-3.728616,4.32742,-0.008094,0.015272,-0.007636,32.19,64.3933827984194
43342,-8.225328,-3.728018,4.320839,-0.007941,0.013592,-0.007789,32.19,64.4307786126625
43352,-8.230712,-3.728616,4.320241,-0.007636,0.011759,-0.008094,32.21,64.4465822301276
43362,-8.219944,-3.739982,4.325027,-0.008094,0.010232,-0.007789,32.21,64.409271502662
43372,-8.218149,-3.738786,4.323831,-0.008247,0.008399,-0.00733,32.21,64.4101816357852
43382,-8.223534,-3.732804,4.321437,-0.007636,0.00672,-0.007941,32.21,64.4285391296042
43392,-8.219944,-3.74716,4.312464,-0.007483,0.004581,-0.006872,32.22,64.4814794587221
43402,-8.226524,-3.741776,4.325027,-0.007025,0.00168,-0.00733,32.22,64.4259009006824
43412,-8.23131,-3.74058,4.325027,-0.006872,-0.000153,-0.006567,32.18,64.4354310652316
43422,-8.231908,-3.735196,4.318447,-0.006872,-0.002596,-0.00672,32.18,64.4652288156466
43432,-8.219346,-3.735795,4.315455,-0.007025,-0.003971,-0.006414,32.2,64.4530683542383
43442,-8.217552,-3.739982,4.325027,-0.006567,-0.006261,-0.005498,32.2,64.4038893068401
43452,-8.225926,-3.739383,4.323831,-0.006261,-0.009774,-0.00504,32.18,64.4282817012121
43462,-8.225926,-3.733402,4.328616,-0.00672,-0.011759,-0.005956,32.22,64.3974864178118
43472,-8.225926,-3.729812,4.331607,-0.007178,-0.013134,-0.00504,32.22,64.3783923400594
43482,-8.218747,-3.735196,4.325625,-0.007636,-0.014355,-0.003971,32.21,64.3985929364528
43492,-8.218747,-3.737589,4.329813,-0.007178,-0.015577,-0.004429,32.21,64.3794305673205
43502,-8.223534,-3.736392,4.324429,-0.007025,-0.016341,-0.004887,32.18,64.4167614766768
43512,-8.221739,-3.742374,4.326822,-0.00733,-0.016646,-0.004581,32.18,64.4064956533212
43522,-8.222935,-3.738187,4.328616,-0.007025,-0.016188,-0.003818,32.23,64.3956465825363
43532,-8.216953,-3.738786,4.334,-0.006872,-0.016799,-0.003512,32.23,64.3550159323257
43542,-8.212766,-3.736991,4.345366,-0.00733,-0.016799,-0.004276,32.2,64.2851184405531
43552,-8.215756,-3.735196,4.342973,-0.007025,-0.016646,-0.004276,32.2,64.302363299154
43562,-8.217552,-3.735795,4.339982,-0.007178,-0.016188,-0.004123,32.21,64.3224513648885
43572,-8.215756,-3.726821,4.346562,-0.00672,-0.015119,-0.004276,32.21,64.2752680085768
43582,-8.222935,-3.729812,4.342375,-0.00672,-0.014813,-0.00504,32.21,64.3161334145981
43592,-8.20798,-3.728018,4.34417,-0.00733,-0.013439,-0.004887,32.21,64.2712389522146
43602,-8.221141,-3.735196,4.348955,-0.007636,-0.011759,-0.005498,32.19,64.2837009596717
43612,-8.222935,-3.719045,4.343571,-0.007178,-0.010537,-0.004887,32.19,64.2989536406726
43622,-8.214561,-3.729214,4.354339,-0.007178,-0.008705,-0.005651,32.18,64.2349480933293
43632,-8.215158,-3.726821,4.351946,-0.006567,-0.004887,-0.005651,32.18,64.2461691313274
43642,-8.208578,-3.722036,4.346562,-0.00733,-0.002291,-0.006261,32.18,64.2541091483649
43652,-8.206783,-3.728018,4.352544,-0.007636,-0.000611,-0.00733,32.16,64.22534995653
43662,-8.205587,-3.738786,4.352544,-0.007483,0.001222,-0.008094,32.16,64.2337365217048
43672,-8.202596,-3.732205,4.347759,-0.007178,0.004276,-0.006567,32.18,64.2448482698663
43682,-8.216354,-3.723232,4.356732,-0.007636,0.006109,-0.007025,32.18,64.2205384624258
43692,-8.218747,-3.734,4.356134,-0.007789,0.008094,-0.007789,32.17,64.2400952007025
43702,-8.215756,-3.734598,4.348357,-0.007483,0.010079,-0.007941,32.17,64.2740015904706
43712,-8.223534,-3.734,4.35075,-0.007789,0.011759,-0.007941,32.2,64.278634781152
43722,-8.215158,-3.729214,4.35075,-0.00733,0.014661,-0.008247,32.2,64.2547888916812
43732,-8.206783,-3.725625,4.351946,-0.007941,0.016035,-0.008705,32.2,64.2259697070913
43742,-8.217552,-3.738786,4.347161,-0.007941,0.018173,-0.008094,32.2,64.288523388466
43752,-8.215158,-3.742973,4.343571,-0.00733,0.019395,-0.008094,32.2,64.3059210269255
43762,-8.210373,-3.735196,4.334598,-0.008094,0.0197,-0.00901,32.2,64.3334051136224
43772,-8.22473,-3.729214,4.347161,-0.007941,0.020617,-0.008858,32.18,64.294914892957
43782,-8.219944,-3.734,4.336392,-0.008399,0.02138,-0.008705,32.18,64.3445173648801
43792,-8.216354,-3.735795,4.329813,-0.008552,0.022144,-0.008552,32.25,64.3722014678723
43802,-8.22473,-3.737589,4.328018,-0.008399,0.021991,-0.007941,32.25,64.4021586127683
43812,-8.209774,-3.728018,4.33041,-0.008858,0.02138,-0.008705,32.18,64.3463055074442
43822,-8.218747,-3.734598,4.332206,-0.00901,0.020617,-0.008399,32.19,64.3640214327025
43832,-8.219346,-3.731607,4.322036,-0.008399,0.018937,-0.007941,32.19,64.4147997398839
43842,-8.230712,-3.726223,4.338188,-0.008247,0.01909,-0.00733,32.23,64.351585109771
43852,-8.222935,-3.735795,4.320241,-0.008705,0.01741,-0.00672,32.23,64.4364208242822
43862,-8.240283,-3.737589,4.325625,-0.008705,0.01573,-0.007178,32.22,64.4494433704687
43872,-8.225926,-3.738187,4.319643,-0.009163,0.014813,-0.007178,32.22,64.448672338201
43882,-8.225328,-3.735795,4.315455,-0.009927,0.012675,-0.00733,32.19,64.4665095126046
43892,-8.226524,-3.741179,4.318447,-0.009468,0.010843,-0.00733,32.19,64.4592431187642
43902,-8.221141,-3.734,4.321437,-0.009774,0.008552,-0.00733,32.23,64.424377602622
43912,-8.209177,-3.72383,4.322634,-0.009163,0.006414,-0.006109,32.23,64.3808350568721
43922,-8.228917,-3.729812,4.325625,-0.00901,0.003971,-0.005956,32.21,64.4159824500941
43932,-8.224131,-3.731009,4.329215,-0.008858,0.001374,-0.006109,32.21,64.3879103992997
43942,-8.228318,-3.734,4.320839,-0.008858,-0.000458,-0.005956,32.22,64.4436019171152
43952,-8.231908,-3.735795,4.325027,-0.008399,-0.001985,-0.005956,32.22,64.4318929561218
43962,-8.227122,-3.736991,4.320241,-0.008399,-0.005192,-0.005498,32.18,64.4470520487601
43972,-8.213962,-3.738786,4.319643,-0.006872,-0.008705,-0.00504,32.18,64.4223856530073
43982,-8.224131,-3.728018,4.325027,-0.007025,-0.010079,-0.00504,32.2,64.4064663151262
43992,-8.212168,-3.745964,4.312464,-0.006872,-0.011759,-0.005192,32.17,64.4627974552918
44002,-8.220542,-3.738187,4.332206,-0.00733,-0.01405,-0.005345,32.17,64.3717415764769
44012,-8.233105,-3.738187,4.325625,-0.00672,-0.014813,-0.00504,32.19,64.433937520334
44022,-8.224131,-3.736991,4.323831,-0.006567,-0.016493,-0.004734,32.19,64.4218022045244
44032,-8.213365,-3.731009,4.339982,-0.00672,-0.017257,-0.004734,32.2,64.3080874257682
44042,-8.218149,-3.732205,4.33041,-0.006872,-0.017715,-0.004734,32.2,64.3694896563458
44052,-8.221141,-3.736991,4.331009,-0.006261,-0.017868,-0.00504,32.23,64.3780400282925
44062,-8.216354,-3.733402,4.33041,-0.006261,-0.018021,-0.005192,32.23,64.3666690165618
44072,-8.214561,-3.727419,4.335197,-0.005498,-0.018173,-0.005345,32.23,64.3317919584018
44082,-8.208578,-3.738786,4.34058,-0.005345,-0.017104,-0.005803,32.23,64.3021806009475
44092,-8.212168,-3.725625,4.344768,-0.005345,-0.016799,-0.006261,32.23,64.2751734618071
44102,-8.216953,-3.735795,4.348955,-0.006109,-0.015882,-0.006261,32.23,64.2748553474797
44112,-8.209774,-3.736392,4.349553,-0.006414,-0.014813,-0.006414,32.18,64.2561580654127
44122,-8.218747,-3.726821,4.342375,-0.006109,-0.013439,-0.006414,32.18,64.3036127982377
44132,-8.216354,-3.727419,4.353143,-0.005803,-0.011759,-0.006414,32.17,64.2433236236721
44142,-8.216953,-3.737589,4.347161,-0.006414,-0.009774,-0.006414,32.17,64.2859409990816
44152,-8.212168,-3.732804,4.353741,-0.007483,-0.005345,-0.006872,32.15,64.2363031929036
44162,-8.210971,-3.722036,4.354339,-0.007025,-0.003818,-0.00672,32.22,64.2194384416047
44172,-8.215158,-3.731009,4.345366,-0.007025,-0.001069,-0.007025,32.22,64.2843786330964
44182,-8.221739,-3.73041,4.361517,-0.007483,0.001069,-0.007178,32.18,64.2154719768662
44192,-8.219944,-3.738187,4.353143,-0.007025,0.00336,-0.00672,32.18,64.2625021267128
44202,-8.19781,-3.729214,4.358526,-0.00733,0.00504,-0.007941,32.2,64.1753942343798
44212,-8.202596,-3.732205,4.348955,-0.007789,0.00733,-0.00733,32.2,64.2386802995245
44222,-8.222935,-3.72383,4.35733,-0.008247,0.010079,-0.007178,32.23,64.2329764570827
44232,-8.217552,-3.735795,4.354938,-0.008552,0.012981,-0.006872,32.23,64.2453951921084
44242,-8.221141,-3.73041,4.353143,-0.008705,0.014966,-0.007025,32.2,64.2572227814472
44252,-8.207382,-3.724428,4.34417,-0.008399,0.016799,-0.006872,32.2,64.2661959800572
44262,-8.222935,-3.734,4.345964,-0.00901,0.018326,-0.007789,32.21,64.3019312656727
44272,-8.214561,-3.744768,4.341179,-0.009774,0.019853,-0.008094,32.21,64.3187484267496
44282,-8.203793,-3.739982,4.343571,-0.009316,0.021686,-0.007178,32.19,64.2771720178198
44292,-8.222337,-3.738786,4.334598,-0.00901,0.022144,-0.006872,32.19,64.3640629691661
44302,-8.214561,-3.747759,4.342973,-0.00901,0.022144,-0.00672,32.2,64.3125784174552
44312,-8.216354,-3.739982,4.337589,-0.009316,0.022602,-0.008094,32.2,64.3363835729084
44322,-8.2349,-3.731607,4.332206,-0.009316,0.022907,-0.007941,32.18,64.3973367902847
44332,-8.208578,-3.732205,4.34058,-0.008399,0.022297,-0.007789,32.21,64.2954133566264
44342,-8.216953,-3.735795,4.338786,-0.008858,0.02138,-0.008247,32.21,64.3272662449052
44352,-8.218149,-3.731009,4.326822,-0.008399,0.020769,-0.00733,32.17,64.3867834853061
44362,-8.20798,-3.73041,4.331009,-0.008552,0.019548,-0.007636,32.17,64.3416153941621
44372,-8.226524,-3.731607,4.328616,-0.00901,0.018479,-0.00672,32.23,64.3969992185067
44382,-8.225926,-3.725027,4.320839,-0.008705,0.016035,-0.008094,32.23,64.4290751737137
44392,-8.23131,-3.731009,4.325027,-0.007789,0.014203,-0.00733,32.25,64.4256697720739
44402,-8.221141,-3.72383,4.33041,-0.00733,0.012828,-0.006872,32.25,64.3676712168828
44412,-8.219346,-3.732205,4.323233,-0.00733,0.010079,-0.006261,32.23,64.4092305874983
44422,-8.236693,-3.737589,4.329215,-0.007178,0.008552,-0.006414,32.23,64.4228802352675
44432,-8.222337,-3.738187,4.322036,-0.007178,0.005803,-0.006567,32.17,64.428254563894
44442,-8.222935,-3.742374,4.326822,-0.007025,0.003512,-0.006109,32.17,64.4091852942428
44452,-8.225926,-3.745964,4.318447,-0.006567,0.001069,-0.00672,32.2,64.4627885030141
44462,-8.223534,-3.738786,4.31725,-0.005956,-0.001527,-0.006261,32.2,64.4562641321842
44472,-8.228917,-3.739383,4.325027,-0.006567,-0.004429,-0.006261,32.18,64.4288334297681
44482,-8.218149,-3.724428,4.321437,-0.007178,-0.006261,-0.006414,32.18,64.4078630871657
44492,-8.228917,-3.725625,4.310072,-0.005803,-0.010537,-0.005498,32.16,64.4920172750853
44502,-8.223534,-3.731009,4.320241,-0.005803,-0.011606,-0.00504,32.18,64.4328814054003
44512,-8.21157,-3.737589,4.332206,-0.006109,-0.013134,-0.005345,32.18,64.3509067953475
44522,-8.218747,-3.741776,4.326822,-0.006109,-0.01573,-0.004581,32.21,64.3991523913824
44532,-8.219346,-3.739383,4.328018,-0.005651,-0.017104,-0.00504,32.21,64.3918781333903
44542,-8.229516,-3.729214,4.339384,-0.005956,-0.018326,-0.005192,32.18,64.3457797347661
44552,-8.215158,-3.727419,4.334,-0.005956,-0.019853,-0.005192,32.18,64.3393164738234
44562,-8.219346,-3.731009,4.332206,-0.006109,-0.020006,-0.005498,32.2,64.3616972834321
44572,-8.216354,-3.722634,4.336392,-0.005803,-0.020311,-0.005498,32.2,64.3247755282262
44582,-8.223534,-3.739982,4.338786,-0.005651,-0.020464,-0.005651,32.24,64.3463966891807
44592,-8.219346,-3.732804,4.335197,-0.006109,-0.020159,-0.005345,32.24,64.3481064962324
44602,-8.213962,-3.733402,4.349553,-0.006261,-0.0197,-0.00504,32.19,64.2625542376513
44612,-8.213365,-3.739383,4.349553,-0.006261,-0.018631,-0.005192,32.19,64.2673553356932
44622,-8.20798,-3.73041,4.344768,-0.005956,-0.016799,-0.004734,32.18,64.2706138852877
44632,-8.21157,-3.732205,4.354339,-0.006414,-0.016341,-0.005651,32.18,64.2312524928733
44642,-8.229516,-3.729812,4.353143,-0.006872,-0.014813,-0.005651,32.21,64.2755355005545
44652,-8.194221,-3.723232,4.358526,-0.006567,-0.012828,-0.005345,32.21,64.1610606200545
44662,-8.198408,-3.72383,4.355535,-0.006567,-0.010385,-0.005345,32.19,64.1866150173566
44672,-8.203793,-3.728616,4.348357,-0.006872,-0.006109,-0.005345,32.22,64.2407785727922
44682,-8.203793,-3.736392,4.351946,-0.007636,-0.003971,-0.006414,32.22,64.2302876026049
44692,-8.21157,-3.724428,4.352544,-0.00733,-0.001069,-0.005651,32.22,64.2325043093621
44702,-8.2014,-3.735196,4.348357,-0.008094,0.001222,-0.006567,32.22,64.2421391581256
44712,-8.212766,-3.729812,4.354339,-0.008552,0.00336,-0.006872,32.23,64.2314988243227
44722,-8.214561,-3.728616,4.360321,-0.007941,0.006109,-0.007483,32.23,64.2035273928941
44732,-8.204391,-3.736991,4.348357,-0.008094,0.00901,-0.007178,32.19,64.2507611061601
44742,-8.21157,-3.734598,4.347759,-0.008552,0.011759,-0.006872,32.19,64.2676201373244
44752,-8.20798,-3.728018,4.35075,-0.009163,0.01405,-0.00672,32.21,64.2373095833349
44762,-8.209177,-3.731607,4.347161,-0.008552,0.016188,-0.007483,32.21,64.2622138028353
44772,-8.220542,-3.732205,4.345366,-0.009468,0.017715,-0.008094,32.18,64.2977694469717
44782,-8.210971,-3.728616,4.35733,-0.009316,0.018937,-0.008399,32.18,64.2107950011486
44792,-8.209177,-3.731607,4.347161,-0.009163,0.021228,-0.00901,32.21,64.2622138028353
44802,-8.202596,-3.731009,4.341179,-0.010232,0.022144,-0.00901,32.21,64.2775626816929
44812,-8.216354,-3.732804,4.342973,-0.009621,0.024282,-0.009468,32.22,64.301258695364
44822,-8.21157,-3.731607,4.336392,-0.009774,0.024282,-0.008858,32.22,64.323166205171
44832,-8.217552,-3.736392,4.335197,-0.009163,0.025198,-0.00901,32.21,64.347737690238
44842,-8.222337,-3.735196,4.331607,-0.009316,0.026114,-0.008399,32.21,64.3758121201168
44852,-8.222337,-3.732804,4.331607,-0.009468,0.025656,-0.008094,32.2,64.3733650767473
44862,-8.230114,-3.736392,4.328018,-0.009468,0.025198,-0.008858,32.19,64.4130448249311
44872,-8.219944,-3.729812,4.332804,-0.009774,0.023671,-0.00901,32.19,64.3587356722831
44882,-8.224131,-3.731607,4.329215,-0.009774,0.022907,-0.008705,32.22,64.3885214151636
44892,-8.214561,-3.735795,4.322036,-0.009621,0.022144,-0.007636,32.22,64.4083112099317
44902,-8.227122,-3.736392,4.324429,-0.009621,0.020922,-0.007941,32.23,64.4248299566033
44912,-8.22772,-3.727419,4.320839,-0.009316,0.018784,-0.008399,32.23,64.4355488985447
44922,-8.225926,-3.732205,4.320839,-0.008399,0.016188,-0.008247,32.19,64.4363941094107
44932,-8.221141,-3.735196,4.319643,-0.008552,0.014966,-0.007941,32.19,64.4348624416718
44942,-8.220542,-3.738187,4.316054,-0.008247,0.012828,-0.007483,32.16,64.4551063332409
44952,-8.229516,-3.733402,4.314857,-0.007636,0.009774,-0.006872,32.16,64.4765623980057
44962,-8.224131,-3.735196,4.315455,-0.008399,0.00672,-0.00672,32.23,64.463209660727
44972,-8.22473,-3.737589,4.31725,-0.006872,0.004276,-0.005803,32.23,64.4577285305778
44982,-8.240881,-3.729214,4.311268,-0.007025,0.002291,-0.005803,32.22,64.5163278880896
44992,-8.227122,-3.732205,4.31725,-0.007178,-0.000916,-0.005192,32.22,64.4576104718899
45002,-8.233703,-3.742973,4.316054,-0.006872,-0.004123,-0.005651,32.19,64.4895271741175
45012,-8.235497,-3.741776,4.321437,-0.006414,-0.009316,-0.005803,32.19,64.4645620999507
45022,-8.225926,-3.74058,4.320241,-0.005345,-0.011454,-0.004887,32.21,64.4480294914109
45032,-8.228318,-3.735795,4.321437,-0.005498,-0.014203,-0.004276,32.22,64.4423467734654
45042,-8.220542,-3.721437,4.32742,-0.005803,-0.016799,-0.005192,32.22,64.3793086799994
45052,-8.22473,-3.729214,4.332206,-0.005498,-0.018631,-0.005192,32.18,64.3719974512965
45062,-8.222935,-3.741776,4.325027,-0.005651,-0.020006,-0.003512,32.18,64.4178340087647
45072,-8.228318,-3.735795,4.335197,-0.005498,-0.020922,-0.003971,32.16,64.3713833993057
45082,-8.212168,-3.73041,4.328616,-0.005345,-0.022449,-0.004276,32.16,64.363423644036
45092,-8.233105,-3.732804,4.336392,-0.004887,-0.022907,-0.004429,32.2,64.3729469633887
45102,-8.223534,-3.74058,4.331607,-0.005498,-0.022907,-0.004581,32.2,64.3840172763036
45112,-8.213365,-3.737589,4.334,-0.005345,-0.022755,-0.003971,32.16,64.3456982012299
45122,-8.214561,-3.734,4.339384,-0.005651,-0.022602,-0.004581,32.16,64.3169420892911
45132,-8.212168,-3.722634,4.338188,-0.006261,-0.021228,-0.004887,32.24,64.3060473035235
45142,-8.201998,-3.733402,4.34417,-0.005803,-0.020617,-0.005192,32.24,64.2632406392349
45152,-8.203195,-3.714857,4.347161,-0.00504,-0.01909,-0.005651,32.19,64.2314392456299
45162,-8.212766,-3.737589,4.346562,-0.005956,-0.01741,-0.005192,32.19,64.279568909187
45172,-8.219346,-3.736392,4.364508,-0.005192,-0.014813,-0.005498,32.21,64.2008172301466
45182,-8.196015,-3.725625,4.362116,-0.005651,-0.013286,-0.005651,32.21,64.1491038323952
45192,-8.219944,-3.733402,4.35075,-0.006872,-0.007483,-0.005345,32.22,64.2699108175157
45202,-8.215756,-3.732205,4.358526,-0.00672,-0.00504,-0.006567,32.2,64.2191667982249
45212,-8.218747,-3.726821,4.346562,-0.006567,-0.002443,-0.006872,32.2,64.2820310729586
45222,-8.20798,-3.733402,4.362714,-0.007178,-0.000305,-0.007025,32.21,64.1812184902217
45232,-8.199606,-3.731009,4.352544,-0.007178,0.003054,-0.006109,32.21,64.212163051741
45242,-8.199007,-3.724428,4.353143,-0.007789,0.005803,-0.006872,32.2,64.2009270841088
45252,-8.209177,-3.731607,4.354938,-0.007941,0.008094,-0.006567,32.2,64.2221317943411
45262,-8.216354,-3.720839,4.355535,-0.008552,0.010385,-0.006567,32.23,64.2242476393428
45272,-8.206185,-3.723232,4.35733,-0.008705,0.012675,-0.00672,32.23,64.1944000758878
45282,-8.206783,-3.731009,4.351946,-0.008399,0.014661,-0.007178,32.22,64.2315118651926
45292,-8.204391,-3.738187,4.354339,-0.008858,0.016952,-0.00733,32.22,64.2211606727193
45302,-8.213962,-3.728018,4.350152,-0.009468,0.019548,-0.007636,32.18,64.2539356353556
45312,-8.216354,-3.723232,4.353143,-0.009621,0.020769,-0.007636,32.18,64.239025706261
45322,-8.216953,-3.73041,4.335794,-0.009468,0.022297,-0.008094,32.2,64.3371763807105
45332,-8.215158,-3.728616,4.350152,-0.008399,0.022602,-0.008094,32.2,64.2572560462327
45342,-8.212168,-3.729214,4.346562,-0.008858,0.023518,-0.007178,32.16,64.2696090070858
45352,-8.221141,-3.734,4.337589,-0.009163,0.024129,-0.007178,32.16,64.341044705616
45362,-8.217552,-3.73041,4.343571,-0.009316,0.023366,-0.008552,32.17,64.2984263656922
45372,-8.213962,-3.729214,4.334,-0.009468,0.023824,-0.008858,32.2,64.3384556605847
45382,-8.223534,-3.728018,4.34058,-0.008858,0.023213,-0.007941,32.2,64.3249007555334
45392,-8.22473,-3.735795,4.334598,-0.008247,0.022144,-0.008247,32.23,64.3663912642886
45402,-8.220542,-3.736991,4.32742,-0.008705,0.020769,-0.008552,32.23,64.3952072715927
45412,-8.216354,-3.738187,4.334598,-0.008552,0.020006,-0.008552,32.2,64.3499668682941
45422,-8.22473,-3.728018,4.336392,-0.008552,0.018479,-0.008552,32.2,64.3491888893006
45432,-8.218747,-3.734,4.325625,-0.008552,0.017104,-0.007636,32.22,64.3973692024707
45442,-8.22473,-3.738786,4.329813,-0.008705,0.014661,-0.008094,32.22,64.3941244629417
45452,-8.233105,-3.734598,4.322634,-0.00901,0.012675,-0.007941,32.16,64.4457049411739
45462,-8.227122,-3.726821,4.319045,-0.008552,0.010079,-0.00733,32.16,64.4428562150165
45472,-8.218149,-3.731009,4.328616,-0.008705,0.008247,-0.007178,32.21,64.3775237357083
45482,-8.213962,-3.735196,4.325625,-0.007941,0.005956,-0.00733,32.21,64.3878154601648
45492,-8.226524,-3.741179,4.322036,-0.007483,0.003512,-0.00733,32.2,64.4407217278036
45502,-8.22772,-3.729214,4.321437,-0.007941,0.00168,-0.007178,32.2,64.4342915644272
45512,-8.223534,-3.738187,4.331009,-0.007178,-0.000611,-0.007178,32.21,64.3846519864682
45522,-8.217552,-3.728616,4.319643,-0.007025,-0.001833,-0.007483,32.21,64.4200630393915
45532,-8.224131,-3.729214,4.319045,-0.00733,-0.006414,-0.006109,32.21,64.4385683353539
45542,-8.224131,-3.738786,4.320839,-0.007178,-0.007636,-0.00672,32.19,64.4390777513494
45552,-8.225926,-3.73041,4.333402,-0.00672,-0.009621,-0.006567,32.19,64.3697464736397
45562,-8.222935,-3.734598,4.324429,-0.006872,-0.010843,-0.006109,32.2,64.4135805867837
45572,-8.221141,-3.745365,4.322036,-0.006261,-0.012065,-0.005956,32.2,64.4329089277752
45582,-8.222337,-3.72383,4.335197,-0.006261,-0.012981,-0.004734,32.21,64.3456726510899
45592,-8.22473,-3.735196,4.334598,-0.006414,-0.013744,-0.005803,32.21,64.3657784686775
45602,-8.219346,-3.738786,4.338188,-0.006109,-0.01405,-0.005192,32.17,64.3388142883065
45613,-8.221141,-3.733402,4.334,-0.006109,-0.014661,-0.005192,32.17,64.3589392234789
45622,-8.219346,-3.739383,4.339982,-0.006261,-0.015119,-0.004429,32.21,64.3301788096522
45632,-8.216354,-3.731009,4.338786,-0.006567,-0.015272,-0.004887,32.21,64.3210061375414
45642,-8.218747,-3.734,4.33041,-0.006261,-0.013897,-0.00504,32.2,64.3726750638951
45652,-8.213962,-3.720241,4.341777,-0.006261,-0.014508,-0.005651,32.2,64.2891365047594
45662,-8.216354,-3.728018,4.345366,-0.006109,-0.013897,-0.005956,32.21,64.2840129879412
45672,-8.213365,-3.728018,4.347759,-0.006567,-0.012828,-0.005803,32.21,64.2649181231287
45682,-8.209177,-3.71725,4.348357,-0.006414,-0.011606,-0.006109,32.19,64.2412946680398
45692,-8.217552,-3.733402,4.345366,-0.006414,-0.01069,-0.005498,32.19,64.2922442206376
45702,-8.213962,-3.739982,4.351946,-0.006567,-0.00901,-0.006109,32.2,64.2569937279312
45712,-8.20798,-3.731009,4.348955,-0.006872,-0.006109,-0.006261,32.2,64.2496405838313
45722,-8.201998,-3.74058,4.341179,-0.007483,-0.004123,-0.006567,32.2,64.2860696624527
45732,-8.206783,-3.742973,4.353143,-0.007178,-0.002596,-0.00672,32.21,64.2376757163743
45742,-8.216354,-3.735795,4.348955,-0.007483,-0.001985,-0.006109,32.21,64.2735018058293
45752,-8.210373,-3.731009,4.343571,-0.007025,-0.000305,-0.006109,32.19,64.2828154713476
45762,-8.209177,-3.739383,4.345964,-0.007025,0.00168,-0.006109,32.19,64.2763864191641
45772,-8.216953,-3.73041,4.348357,-0.007483,0.003971,-0.006414,32.2,64.2724068007899
45782,-8.210373,-3.745365,4.345366,-0.007483,0.004734,-0.006872,32.2,64.2883306948467
45792,-8.215756,-3.73041,4.348357,-0.007483,0.006261,-0.006109,32.17,64.2697003416347
45802,-8.215158,-3.744169,4.351946,-0.007789,0.007789,-0.007025,32.17,64.2640060772986
45812,-8.216354,-3.735196,4.350152,-0.007483,0.008705,-0.007178,32.19,64.266719756479
45822,-8.216953,-3.738187,4.344768,-0.007789,0.010537,-0.007789,32.19,64.2988857697231
45832,-8.213962,-3.726821,4.350152,-0.00733,0.011301,-0.00672,32.17,64.2527062915902
45842,-8.215756,-3.726223,4.345366,-0.007789,0.012065,-0.00733,32.17,64.2808197403492
45852,-8.214561,-3.731607,4.350152,-0.008247,0.012828,-0.007636,32.2,64.2589778371014
45862,-8.228318,-3.728018,4.334598,-0.007789,0.014661,-0.00733,32.2,64.3665264753271
45872,-8.219346,-3.73041,4.336392,-0.007789,0.014813,-0.00733,32.23,64.3394917211924
45882,-8.23131,-3.734598,4.34058,-0.007941,0.015577,-0.007636,32.2,64.3491616620273
45892,-8.216953,-3.735795,4.337589,-0.007941,0.015119,-0.008247,32.2,64.3334386029188
45902,-8.223534,-3.734598,4.338786,-0.007636,0.015272,-0.007178,32.22,64.3408821597904
45912,-8.210971,-3.734,4.339982,-0.007789,0.015272,-0.007636,32.22,64.3057502413396
45922,-8.21157,-3.736392,4.338786,-0.007636,0.015119,-0.007941,32.23,64.3157293492446
45932,-8.221739,-3.734598,4.32742,-0.00733,0.015119,-0.007636,32.23,64.3954539818454
45942,-8.215158,-3.734598,4.325027,-0.007789,0.014508,-0.008552,32.19,64.3929849691471
45952,-8.213365,-3.732804,4.332804,-0.007636,0.013897,-0.007941,32.19,64.3469605669282
45962,-8.230114,-3.736991,4.339384,-0.007025,0.013286,-0.00672,32.18,64.3550751487473
45972,-8.222337,-3.735795,4.338786,-0.00672,0.01237,-0.007178,32.18,64.3394093506848
45982,-8.226524,-3.722634,4.331607,-0.006567,0.011454,-0.007178,32.18,64.3724127758316
45992,-8.226524,-3.742374,4.331009,-0.007025,0.010079,-0.00733,32.18,64.395663160044
46002,-8.220542,-3.734598,4.32742,-0.00672,0.008705,-0.006567,32.21,64.3927588763292
46012,-8.220542,-3.732205,4.32742,-0.00672,0.007789,-0.006567,32.21,64.3903113448363
46022,-8.215158,-3.728616,4.322634,-0.00733,0.005956,-0.007636,32.21,64.3992204918071
46032,-8.225926,-3.729812,4.328018,-0.008247,0.004429,-0.007483,32.21,64.3969051918983
46042,-8.220542,-3.739383,4.329215,-0.007483,0.002138,-0.007025,32.19,64.3883946994605
46052,-8.222337,-3.735795,4.323831,-0.00733,-0.000764,-0.006872,32.19,64.4165448190931
46062,-8.228318,-3.728616,4.326822,-0.007025,-0.002291,-0.00672,32.21,64.4072395458511
46072,-8.221141,-3.734598,4.325625,-0.007941,-0.003971,-0.007025,32.23,64.4033707760045
46082,-8.218747,-3.736392,4.322036,-0.006872,-0.005956,-0.006261,32.23,64.4183442042349
46092,-8.223534,-3.731009,4.337589,-0.00672,-0.007789,-0.006414,32.21,64.3433792247306
46102,-8.222935,-3.725625,4.33041,-0.007636,-0.008399,-0.005345,32.21,64.3735501362611
46112,-8.219944,-3.72383,4.328616,-0.007941,-0.009621,-0.005498,32.21,64.3742303914395
46122,-8.215158,-3.728018,4.328616,-0.00672,-0.010996,-0.005651,32.21,64.3677186468467
46132,-8.214561,-3.729812,4.335197,-0.006261,-0.011454,-0.00504,32.18,64.3342443910319
46142,-8.21157,-3.737589,4.331607,-0.006414,-0.012675,-0.005803,32.18,64.3539981211508
46152,-8.221739,-3.731607,4.339384,-0.007025,-0.012981,-0.005345,32.2,64.3306889774211
46162,-8.216953,-3.727419,4.33041,-0.007025,-0.013897,-0.005345,32.2,64.3618942367933
46172,-8.213962,-3.738786,4.332206,-0.007025,-0.014203,-0.005192,32.21,64.3575288777547
46182,-8.218747,-3.731607,4.335197,-0.00733,-0.014355,-0.00504,32.21,64.3455295853585
46192,-8.215756,-3.726821,4.343571,-0.007483,-0.01405,-0.004887,32.16,64.2906871028693
46202,-8.215756,-3.727419,4.34058,-0.007025,-0.013286,-0.005345,32.16,64.3067231910491
46212,-8.216354,-3.737589,4.335794,-0.007025,-0.01237,-0.004887,32.2,64.3431848087387
46222,-8.216953,-3.726223,4.347161,-0.006872,-0.01069,-0.00504,32.2,64.2742743805448
46232,-8.209177,-3.729812,4.357928,-0.006872,-0.008705,-0.006109,32.19,64.2048799967208
46242,-8.206185,-3.728018,4.351946,-0.00733,-0.007483,-0.005803,32.2,64.227077364049
46252,-8.204989,-3.737589,4.342375,-0.00672,-0.005651,-0.005651,32.2,64.2835795274937
46262,-8.219346,-3.742374,4.351348,-0.00672,-0.004581,-0.006567,32.19,64.2746965868364
46272,-8.207382,-3.733402,4.347161,-0.007636,-0.001985,-0.00672,32.19,64.2599991512196
46282,-8.206783,-3.726821,4.347161,-0.008094,-0.000611,-0.007025,32.18,64.2518722349768
46292,-8.20798,-3.736392,4.348955,-0.00672,0.002138,-0.006872,32.18,64.2551819904733
46302,-8.210373,-3.729812,4.355535,-0.007483,0.003512,-0.007636,32.18,64.2199175830636
46312,-8.200203,-3.722036,4.34417,-0.00733,0.006109,-0.007178,32.18,64.2474709010913
46322,-8.209774,-3.739982,4.347161,-0.00672,0.007789,-0.00733,32.18,64.2721823456298
46332,-8.216354,-3.734,4.344768,-0.007483,0.010385,-0.007636,32.18,64.2932338254727
46342,-8.213962,-3.722634,4.342973,-0.00733,0.011912,-0.007483,32.21,64.2854205899033
46352,-8.215158,-3.729214,4.345366,-0.007483,0.013439,-0.008094,32.21,64.2825362441816
46362,-8.219944,-3.732804,4.351946,-0.007941,0.016035,-0.008094,32.22,64.2631375164389
46372,-8.216354,-3.731009,4.34417,-0.008247,0.017562,-0.009774,32.22,64.2932464741334
46382,-8.223534,-3.729214,4.334,-0.007636,0.018479,-0.009468,32.23,64.3600493704567
46392,-8.219944,-3.725027,4.345964,-0.007483,0.01909,-0.008247,32.23,64.2859804525427
46402,-8.216953,-3.735196,4.337589,-0.007178,0.021228,-0.007789,32.21,64.3328242796954
46412,-8.216354,-3.72383,4.341179,-0.007483,0.020617,-0.008552,32.2,64.3013075041865
46422,-8.215158,-3.741776,4.335197,-0.008094,0.021075,-0.008247,32.2,64.3478642549274
46432,-8.22473,-3.736392,4.334598,-0.008094,0.020464,-0.008094,32.21,64.3670020677021
46442,-8.216354,-3.737589,4.326224,-0.007025,0.020464,-0.00733,32.21,64.3925626960694
46452,-8.225926,-3.75075,4.32742,-0.007789,0.020769,-0.006872,32.25,64.4213966481836
46462,-8.22772,-3.745365,4.323233,-0.008705,0.018631,-0.007483,32.25,64.441509428982
46472,-8.218149,-3.737589,4.319045,-0.008094,0.01741,-0.008858,32.23,64.4336680728267
46482,-8.223534,-3.733402,4.325625,-0.007636,0.016035,-0.00733,32.23,64.4075343361124
46492,-8.223534,-3.741776,4.318447,-0.008094,0.014508,-0.007789,32.23,64.4531388581173
46502,-8.215756,-3.735196,4.320839,-0.007941,0.012675,-0.006872,32.23,64.4165703645066
46512,-8.243872,-3.742374,4.318447,-0.007483,0.011301,-0.006414,32.17,64.4993575628391
46522,-8.224131,-3.736392,4.316054,-0.008094,0.007789,-0.007789,32.17,64.4613367741655
46532,-8.226524,-3.737589,4.314259,-0.007636,0.006567,-0.007025,32.22,64.4772007240935
46542,-8.222935,-3.734598,4.323831,-0.007636,0.004581,-0.006109,32.22,64.4166668749462
46552,-8.227122,-3.735196,4.314857,-0.007636,0.002443,-0.005803,32.18,64.4730153602978
46562,-8.219346,-3.732205,4.319643,-0.007636,0.000153,-0.006872,32.18,64.4277684221725
46572,-8.215158,-3.73041,4.320839,-0.007178,-0.003971,-0.004734,32.18,64.4103272774863
46582,-8.220542,-3.732205,4.325027,-0.00733,-0.005803,-0.006109,32.16,64.4026621433418
46592,-8.225328,-3.720839,4.322036,-0.007178,-0.007941,-0.005192,32.16,64.4172813667282
46602,-8.223534,-3.734598,4.325625,-0.006872,-0.008858,-0.005498,32.18,64.4087564117567
46612,-8.216953,-3.728018,4.329813,-0.00672,-0.011301,-0.005345,32.18,64.3655885011153
46622,-8.219346,-3.732804,4.334,-0.00733,-0.012217,-0.004276,32.22,64.3542803679114
46632,-8.222935,-3.736991,4.328018,-0.006872,-0.013134,-0.004123,32.22,64.3975080980665
46642,-8.219944,-3.734,4.331009,-0.006567,-0.013897,-0.004734,32.18,64.37228189164
46652,-8.219944,-3.732205,4.332804,-0.005956,-0.01405,-0.003818,32.18,64.361184631722
46662,-8.222935,-3.733402,4.323831,-0.006414,-0.014661,-0.004429,32.2,64.4154449232443
46672,-8.217552,-3.732804,4.334,-0.006109,-0.014813,-0.005192,32.2,64.3502348128948
46682,-8.210971,-3.736991,4.336392,-0.006567,-0.014813,-0.00504,32.18,64.3273419365995
46692,-8.225926,-3.735196,4.338786,-0.006109,-0.014203,-0.004887,32.18,64.3468858391584
46702,-8.206783,-3.732205,4.344768,-0.006109,-0.013592,-0.006109,32.2,64.2697519921288
46712,-8.216953,-3.732205,4.34058,-0.006567,-0.012828,-0.006109,32.2,64.3143340293136
46722,-8.215756,-3.735795,4.338786,-0.006414,-0.011606,-0.005956,32.19,64.3245652533713
46732,-8.216354,-3.727419,4.345964,-0.005956,-0.010996,-0.006261,32.19,64.2803161270169
46742,-8.203793,-3.731009,4.353741,-0.006261,-0.007941,-0.005803,32.2,64.2154845509459
46752,-8.212168,-3.735196,4.344768,-0.007178,-0.006109,-0.006872,32.18,64.2850045099524
46762,-8.213365,-3.729812,4.35075,-0.006567,-0.004581,-0.007483,32.18,64.2513461676429
46772,-8.204391,-3.731009,4.337589,-0.006414,-0.003665,-0.007178,32.16,64.3001514275627
46782,-8.207382,-3.735196,4.349553,-0.006872,-0.002443,-0.006567,32.16,64.249514748952
46792,-8.221739,-3.732205,4.351946,-0.006567,0.000153,-0.007025,32.18,64.2665798504028
46802,-8.212766,-3.728616,4.353143,-0.006567,0.001985,-0.006261,32.18,64.2364308370666
46812,-8.219944,-3.732804,4.351348,-0.007025,0.003207,-0.007483,32.2,64.2662172096154
46822,-8.215158,-3.729214,4.338188,-0.007178,0.005345,-0.008094,32.2,64.3195494196172
46832,-8.209774,-3.727419,4.346562,-0.007025,0.007178,-0.007789,32.22,64.2623476902859
46842,-8.230712,-3.728616,4.344768,-0.007941,0.007789,-0.007483,32.22,64.3201298584175
46852,-8.205587,-3.739383,4.355535,-0.007636,0.00901,-0.00733,32.21,64.2189408704201
46862,-8.218747,-3.733402,4.342973,-0.007941,0.010079,-0.008247,32.21,64.3072759595281
46872,-8.221141,-3.724428,4.35075,-0.007636,0.011148,-0.008094,32.21,64.2634138011127
46882,-8.213365,-3.734,4.338188,-0.007941,0.011454,-0.008399,32.21,64.3204102086555
46892,-8.219346,-3.721437,4.334,-0.008094,0.011759,-0.007941,32.21,64.3426504018062
46902,-8.218149,-3.731009,4.345964,-0.007636,0.012523,-0.007483,32.21,64.2880559186625
46912,-8.217552,-3.731607,4.344768,-0.007636,0.012981,-0.00733,32.18,64.2934843656709
46922,-8.210373,-3.732804,4.346562,-0.007483,0.013592,-0.008399,32.21,64.2692385291916
46932,-8.219944,-3.735196,4.339982,-0.00672,0.015119,-0.007483,32.21,64.327233868342
46942,-8.219346,-3.723232,4.339384,-0.008094,0.015272,-0.008247,32.16,64.316713521395
46952,-8.225328,-3.731607,4.32742,-0.007789,0.014966,-0.008552,32.16,64.4004768781146
46962,-8.206185,-3.741179,4.334,-0.00733,0.014661,-0.008552,32.22,64.3331887430139
46972,-8.209177,-3.745365,4.334598,-0.007941,0.015272,-0.008247,32.22,64.3411587470113
46982,-8.225926,-3.734598,4.336392,-0.00733,0.015119,-0.007483,32.18,64.3586127437806
46992,-8.213962,-3.729812,4.328616,-0.007178,0.014508,-0.007941,32.18,64.3668578354654
47002,-8.221739,-3.734,4.326822,-0.00733,0.014966,-0.008247,32.19,64.3979282454733
47012,-8.219944,-3.728018,4.328616,-0.007941,0.014203,-0.008399,32.19,64.3785105105711
47022,-8.221739,-3.734,4.320839,-0.008094,0.013286,-0.009163,32.2,64.4288102726432
47032,-8.220542,-3.734,4.332804,-0.007483,0.013134,-0.008858,32.2,64.3643699209719
47042,-8.218149,-3.732804,4.329813,-0.007941,0.011759,-0.008247,32.17,64.3731835049278
47052,-8.222935,-3.735196,4.323831,-0.008247,0.010996,-0.00733,32.17,64.4172779316381
47062,-8.220542,-3.736392,4.321437,-0.008552,0.009316,-0.008247,32.23,64.4254749734363
47072,-8.22473,-3.732804,4.32742,-0.008399,0.008094,-0.00733,32.23,64.4003534208085
47082,-8.217552,-3.735795,4.322634,-0.007636,0.00672,-0.00733,32.19,64.4119565647244
47092,-8.219944,-3.738187,4.317849,-0.00672,0.003054,-0.007025,32.19,64.4444919749408
47102,-8.224131,-3.732205,4.323831,-0.006872,0.001222,-0.007636,32.21,64.4169134720284
47112,-8.224131,-3.738187,4.326822,-0.006261,0.000153,-0.006872,32.18,64.4075921637766
47122,-8.215756,-3.739982,4.336392,-0.006414,-0.001833,-0.006567,32.18,64.3412077820578
47132,-8.229516,-3.732205,4.329813,-0.006872,-0.004429,-0.007483,32.19,64.3981700694239
47142,-8.220542,-3.733402,4.322634,-0.007178,-0.005956,-0.005956,32.19,64.416238813706
47152,-8.222337,-3.732804,4.321437,-0.007483,-0.007636,-0.006261,32.18,64.4258464719553
47162,-8.22772,-3.732205,4.320839,-0.006872,-0.009621,-0.006261,32.18,64.4404274139679
47172,-8.223534,-3.739383,4.326224,-0.00672,-0.01069,-0.005651,32.2,64.4105574627588
47182,-8.230114,-3.745964,4.325625,-0.006414,-0.012065,-0.005651,32.2,64.4351600346604
47192,-8.222935,-3.742374,4.328018,-0.005803,-0.013897,-0.004734,32.22,64.4030158473811
47202,-8.218747,-3.728018,4.332206,-0.006872,-0.014813,-0.004734,32.22,64.3572857107987
47212,-8.225926,-3.739383,4.335794,-0.006109,-0.015424,-0.004123,32.18,64.3665908429423
47222,-8.212168,-3.731607,4.334,-0.00672,-0.017715,-0.004429,32.18,64.336859452833
47232,-8.217552,-3.738786,4.346562,-0.006261,-0.018021,-0.005192,32.21,64.2916094472024
47242,-8.216354,-3.734598,4.348357,-0.005956,-0.017257,-0.004276,32.21,64.2753530667678
47252,-8.213365,-3.729812,4.344768,-0.006261,-0.017715,-0.003665,32.19,64.2821791630362
47262,-8.215158,-3.739982,4.34417,-0.005956,-0.016341,-0.00504,32.19,64.2997594929926
47272,-8.226524,-3.733402,4.345366,-0.006109,-0.015577,-0.004734,32.18,64.3124977757576
47282,-8.222935,-3.736392,4.348357,-0.005956,-0.014813,-0.005192,32.19,64.2920582880497
47292,-8.216354,-3.729812,4.347161,-0.005956,-0.012675,-0.00504,32.19,64.2766020210796
47302,-8.225328,-3.735196,4.342375,-0.006261,-0.010385,-0.005803,32.19,64.3270446724524
47312,-8.212766,-3.725625,4.356134,-0.005956,-0.008399,-0.005651,32.19,64.2179471498521
47322,-8.20798,-3.726223,4.355535,-0.006414,-0.005651,-0.005651,32.24,64.2108004312711
47332,-8.215158,-3.726821,4.352544,-0.006261,-0.003054,-0.005651,32.24,64.2430881461096
47342,-8.207382,-3.734598,4.354938,-0.00672,-0.00168,-0.006567,32.23,64.2211471761645
47352,-8.212168,-3.725625,4.347161,-0.007025,0.001527,-0.007178,32.23,64.2628349092767
47362,-8.203793,-3.728616,4.360919,-0.006872,0.004429,-0.00672,32.21,64.1760278407881
47372,-8.209177,-3.729214,4.35733,-0.00672,0.006872,-0.007178,32.21,64.2073446773255
47382,-8.210971,-3.728616,4.357928,-0.007025,0.009163,-0.007636,32.21,64.2077148037432
47392,-8.208578,-3.722634,4.345964,-0.00733,0.011148,-0.008247,32.21,64.257807632823
47402,-8.216354,-3.725625,4.345366,-0.00733,0.012523,-0.008552,32.22,64.281558784881
47412,-8.218747,-3.733402,4.347759,-0.00733,0.014508,-0.008552,32.22,64.2826132657753
47422,-8.213365,-3.746562,4.35733,-0.007178,0.016188,-0.008399,32.23,64.2346997409032
47432,-8.218747,-3.719045,4.345366,-0.007789,0.017868,-0.008858,32.23,64.2802297830066
47442,-8.213962,-3.735795,4.342375,-0.008399,0.020159,-0.008705,32.19,64.3020098703425
47452,-8.212766,-3.729812,4.345964,-0.008705,0.020769,-0.008552,32.21,64.2746587165685
47462,-8.219944,-3.732205,4.337589,-0.008552,0.020617,-0.008705,32.21,64.3365064016972
47472,-8.22772,-3.734598,4.34417,-0.008094,0.021228,-0.008247,32.2,64.3225796172888
47482,-8.222935,-3.731607,4.339982,-0.008399,0.02138,-0.009163,32.2,64.3303045849807
47492,-8.224131,-3.736991,4.333402,-0.008552,0.021533,-0.008247,32.16,64.3724323483051
47502,-8.225926,-3.731607,4.331607,-0.008094,0.021838,-0.007941,32.16,64.3802260096805
47512,-8.225328,-3.731607,4.335794,-0.008399,0.021228,-0.008399,32.22,64.3572892238973
47522,-8.227122,-3.734,4.332206,-0.008399,0.020922,-0.007941,32.22,64.3822753103788
47532,-8.231908,-3.739982,4.328018,-0.007941,0.019853,-0.007789,32.2,64.4207415604675
47542,-8.226524,-3.732804,4.324429,-0.007941,0.019242,-0.007789,32.2,64.419822484569
47552,-8.222935,-3.736991,4.326822,-0.007941,0.017715,-0.00733,32.2,64.4036784988105
47562,-8.22473,-3.741776,4.324429,-0.008094,0.016188,-0.007941,32.2,64.4249542390307
47572,-8.230712,-3.738786,4.320241,-0.007025,0.014661,-0.007941,32.18,64.4569456636714
47582,-8.216953,-3.741179,4.329813,-0.00733,0.013134,-0.007178,32.18,64.3790692518556
47592,-8.223534,-3.741179,4.316652,-0.00733,0.01069,-0.007941,32.19,64.4617959829236
47602,-8.228917,-3.73041,4.318447,-0.007178,0.008705,-0.007636,32.19,64.4536351724129
47612,-8.219944,-3.734,4.311867,-0.007025,0.003971,-0.006567,32.24,64.4711174030978
47622,-8.216953,-3.732804,4.320241,-0.008094,0.001527,-0.006109,32.2,64.4199064070672
47632,-8.222337,-3.732205,4.323831,-0.007636,-0.001069,-0.005803,32.2,64.4128763397119
47642,-8.225328,-3.731607,4.325027,-0.00733,-0.004123,-0.006261,32.2,64.4128241536313
47652,-8.218747,-3.734598,4.322036,-0.00733,-0.005498,-0.005803,32.2,64.4165093155591
47662,-8.225328,-3.732205,4.312464,-0.007483,-0.007178,-0.006414,32.18,64.4782972581699
47672,-8.228917,-3.732205,4.329215,-0.00733,-0.009468,-0.006261,32.18,64.3999059965274
47682,-8.225926,-3.732804,4.33041,-0.006567,-0.010996,-0.005803,32.23,64.3876222902636
47692,-8.218747,-3.720241,4.319643,-0.00672,-0.012217,-0.005345,32.23,64.4142047866234
47702,-8.209774,-3.733402,4.319045,-0.00672,-0.01405,-0.00504,32.18,64.410530878166
47712,-8.21157,-3.731009,4.335197,-0.00672,-0.014355,-0.004581,32.18,64.3287187756014
47722,-8.215158,-3.736991,4.332804,-0.00672,-0.015119,-0.005498,32.2,64.3552984021288
47732,-8.218149,-3.729214,4.332206,-0.006567,-0.016188,-0.005192,32.2,64.3571607766241
47742,-8.215158,-3.742374,4.34417,-0.006567,-0.016799,-0.004887,32.2,64.3022182275962
47752,-8.221141,-3.722036,4.341179,-0.006414,-0.017104,-0.004581,32.2,64.3102893904412
47762,-8.225926,-3.725625,4.341179,-0.006414,-0.016799,-0.005498,32.18,64.3247646976025
47772,-8.224131,-3.734,4.344768,-0.006109,-0.016799,-0.004581,32.18,64.3107915028745
47782,-8.209177,-3.731009,4.34417,-0.006109,-0.016341,-0.006109,32.23,64.2770216071652
47792,-8.204989,-3.74058,4.338786,-0.007025,-0.015577,-0.007025,32.19,64.3051748489612
47802,-8.212168,-3.735795,4.347161,-0.006414,-0.013897,-0.005803,32.19,64.2732852797448
47812,-8.215158,-3.729812,4.350152,-0.005803,-0.011912,-0.005651,32.24,64.2584843004254
47822,-8.210373,-3.731607,4.352544,-0.007178,-0.011148,-0.005803,32.24,64.2371753627123
47832,-8.225926,-3.732205,4.347759,-0.006414,-0.009621,-0.006109,32.21,64.2975981305616
47842,-8.204989,-3.729812,4.351348,-0.00672,-0.007636,-0.005498,32.21,64.2292974206326
47852,-8.210971,-3.737589,4.355535,-0.006414,-0.005498,-0.00672,32.19,64.2292793162328
47862,-8.215158,-3.728018,4.349553,-0.006414,-0.001985,-0.006414,32.19,64.2597286732718
47872,-8.213365,-3.731607,4.354339,-0.00733,-0.000458,-0.007025,32.21,64.2347008751288
47882,-8.215158,-3.728616,4.348357,-0.00733,0.001527,-0.007483,32.21,64.2665060798304
47892,-8.209177,-3.734598,4.355535,-0.007483,0.004123,-0.007483,32.2,64.2221366910837
47902,-8.212766,-3.732804,4.351348,-0.007789,0.006567,-0.007789,32.2,64.2499852175557
47912,-8.204391,-3.734598,4.351946,-0.006872,0.008094,-0.007636,32.17,64.229791965486
47922,-8.210373,-3.733402,4.347759,-0.007178,0.010079,-0.007941,32.17,64.2636829319646
47932,-8.209774,-3.743571,4.355535,-0.007025,0.01237,-0.008094,32.15,64.2327372444409
47942,-8.210373,-3.728018,4.344768,-0.007636,0.013592,-0.007941,32.15,64.273569587665
47952,-8.215756,-3.738786,4.342973,-0.008094,0.014661,-0.007178,32.23,64.3060499684102
47962,-8.213962,-3.732804,4.335197,-0.00733,0.016493,-0.007483,32.21,64.3359601044678
47972,-8.207382,-3.734598,4.336991,-0.007789,0.016799,-0.008094,32.21,64.3136878637469
47982,-8.219346,-3.72383,4.337589,-0.007941,0.01741,-0.008858,32.24,64.3265829957493
47992,-8.212766,-3.73041,4.337589,-0.008247,0.017715,-0.008552,32.24,64.3184634509056
48002,-8.213365,-3.746562,4.339982,-0.007483,0.01741,-0.007941,32.2,64.3240666729032
48012,-8.218747,-3.731607,4.34417,-0.007789,0.016799,-0.008247,32.2,64.2992657767186
48022,-8.219944,-3.732205,4.335794,-0.007941,0.017104,-0.008399,32.18,64.3457627648192
48032,-8.213365,-3.731607,4.342973,-0.00733,0.016493,-0.008399,32.18,64.2932770365328
48042,-8.216354,-3.735795,4.336392,-0.008399,0.015882,-0.008399,32.18,64.3382604998309
48052,-8.216354,-3.735196,4.335197,-0.008705,0.015882,-0.008552,32.18,64.3438098441954
48062,-8.230712,-3.731607,4.326822,-0.008247,0.015119,-0.008705,32.2,64.4156758815159
48072,-8.223534,-3.739383,4.332804,-0.00901,0.014508,-0.008247,32.2,64.376619687463
48082,-8.218149,-3.739383,4.334598,-0.008705,0.013897,-0.008858,32.2,64.3552393711605
48092,-8.225328,-3.736392,4.334598,-0.008247,0.012523,-0.008399,32.2,64.3683488520577
48102,-8.221141,-3.733402,4.328018,-0.008247,0.011148,-0.008705,32.18,64.3897986561548
48112,-8.222337,-3.732804,4.322036,-0.008399,0.01069,-0.008705,32.18,64.4227541082946
48122,-8.226524,-3.732205,4.319045,-0.008094,0.010385,-0.007636,32.18,64.446999401532
48132,-8.223534,-3.742973,4.320839,-0.006872,0.007483,-0.007789,32.17,64.4420157008166
48142,-8.217552,-3.734598,4.315455,-0.007178,0.006109,-0.007483,32.17,64.44781166262
48152,-8.228917,-3.741179,4.322634,-0.007025,0.004734,-0.007941,32.2,64.4430111410108
48162,-8.225926,-3.735795,4.322036,-0.007025,0.003512,-0.006414,32.2,64.4338797213641
48172,-8.216354,-3.732205,4.326224,-0.00733,0.002749,-0.005803,32.18,64.3870496329917
48182,-8.217552,-3.729214,4.314857,-0.006261,0.001069,-0.004887,32.18,64.4454015909468
48192,-8.228318,-3.725625,4.325027,-0.006872,-0.001222,-0.005803,32.22,64.413451603362
48202,-8.225328,-3.734598,4.33041,-0.006872,-0.002902,-0.005498,32.22,64.3881092869362
48212,-8.225328,-3.732804,4.320241,-0.007025,-0.00504,-0.005651,32.19,64.4387475888095
48222,-8.222935,-3.734,4.328018,-0.006567,-0.006567,-0.005803,32.19,64.3944496683101
48232,-8.224131,-3.735795,4.329813,-0.00733,-0.008552,-0.005345,32.18,64.3897175667896
48242,-8.22473,-3.720241,4.328018,-0.006414,-0.01069,-0.00504,32.18,64.3844451926764
48252,-8.213365,-3.725625,4.328018,-0.006109,-0.012065,-0.004276,32.18,64.3643113400613
48262,-8.217552,-3.725625,4.331009,-0.007178,-0.013744,-0.004429,32.18,64.3583186152458
48272,-8.223534,-3.729812,4.334,-0.007483,-0.01405,-0.005498,32.18,64.3606607432292
48282,-8.213365,-3.728018,4.335794,-0.00733,-0.015119,-0.005651,32.18,64.326624420366
48292,-8.22473,-3.735196,4.342375,-0.006567,-0.014355,-0.004581,32.21,64.3256961841884
48302,-8.216354,-3.721437,4.332206,-0.006414,-0.013744,-0.004887,32.21,64.3451525247848
48312,-8.218149,-3.739383,4.341777,-0.006109,-0.012675,-0.003971,32.16,64.3182272875778
48322,-8.219346,-3.746562,4.338188,-0.005956,-0.011454,-0.003971,32.18,64.346793264557
48332,-8.224131,-3.735795,4.339982,-0.00672,-0.010843,-0.004887,32.18,64.3372896972768
48342,-8.212766,-3.736392,4.346562,-0.006109,-0.009927,-0.005498,32.2,64.2783380702386
48352,-8.212766,-3.739982,4.348357,-0.006109,-0.009468,-0.005651,32.2,64.272780349367
48362,-8.221739,-3.734598,4.35733,-0.006567,-0.007178,-0.005803,32.19,64.2413194501986
48372,-8.215158,-3.734,4.347161,-0.006872,-0.006414,-0.007483,32.19,64.2781986731261
48382,-8.199606,-3.729214,4.350152,-0.006872,-0.004887,-0.00733,32.2,64.2226472638287
48392,-8.212168,-3.736392,4.351946,-0.005803,-0.003207,-0.006414,32.2,64.2492425399479
48402,-8.21157,-3.742374,4.354339,-0.00672,-0.002443,-0.006872,32.23,64.2417243857439
48412,-8.216354,-3.728018,4.34417,-0.007025,-0.000153,-0.006414,32.23,64.2901782803597
48422,-8.221739,-3.736392,4.341777,-0.006872,0.001985,-0.007178,32.2,64.3232572800465
48432,-8.204391,-3.729812,4.344768,-0.00733,0.004123,-0.006872,32.2,64.2618759124211
48442,-8.210373,-3.739383,4.355535,-0.007025,0.005345,-0.007483,32.2,64.2297745609418
48452,-8.215756,-3.734,4.342375,-0.007178,0.007483,-0.007483,32.2,64.3042183212765
48462,-8.209177,-3.737589,4.35075,-0.008094,0.00901,-0.00733,32.19,64.2498715129515
48472,-8.213365,-3.732205,4.339384,-0.007483,0.009927,-0.007636,32.19,64.3123991211628
48482,-8.222935,-3.725625,4.352544,-0.007025,0.012065,-0.007941,32.21,64.2594579673669
48492,-8.218149,-3.742973,4.349553,-0.007025,0.012981,-0.006872,32.23,64.281853323232
48502,-8.213962,-3.732804,4.338786,-0.007636,0.014966,-0.007178,32.23,64.3174463532718
48512,-8.219944,-3.734,4.346562,-0.008094,0.015272,-0.007483,32.2,64.2920976318511
48522,-8.214561,-3.725027,4.332804,-0.008247,0.01573,-0.007178,32.2,64.3416911180117
48532,-8.215158,-3.728018,4.337589,-0.007941,0.016952,-0.007025,32.19,64.3214132557643
48542,-8.225328,-3.738786,4.335794,-0.008399,0.017868,-0.00733,32.19,64.3646333441687
48552,-8.223534,-3.727419,4.332206,-0.008247,0.017868,-0.007025,32.19,64.3674678032411
48562,-8.210971,-3.73041,4.338786,-0.008552,0.017715,-0.00733,32.19,64.3082329255317
48572,-8.22772,-3.733402,4.342973,-0.008399,0.017868,-0.006872,32.21,64.3275213482294
48582,-8.221739,-3.738187,4.331009,-0.008399,0.017104,-0.00733,32.21,64.3806109660601
48592,-8.225328,-3.738187,4.329813,-0.008858,0.016952,-0.00733,32.2,64.394857383868
48602,-8.216354,-3.723232,4.326822,-0.009468,0.016035,-0.007789,32.2,64.3747833310334
48612,-8.216953,-3.734,4.328616,-0.009468,0.014966,-0.00733,32.21,64.3778900599369
48622,-8.216354,-3.745964,4.328616,-0.009316,0.013897,-0.006414,32.21,64.3888043871795
48632,-8.225926,-3.726223,4.337589,-0.008705,0.01237,-0.007636,32.22,64.3438805937529
48642,-8.227122,-3.734598,4.319643,-0.007941,0.010843,-0.007636,32.22,64.4476970447502
48652,-8.219346,-3.738187,4.334,-0.008399,0.007789,-0.007178,32.21,64.3597947214248
48662,-8.229516,-3.739383,4.321437,-0.008399,0.005651,-0.006872,32.2,64.448698541092
48672,-8.222337,-3.729214,4.325625,-0.007178,0.003665,-0.007025,32.2,64.4005612724959
48682,-8.219944,-3.733402,4.326224,-0.007025,0.001985,-0.007025,32.2,64.3963612410714
48692,-8.222935,-3.745365,4.317849,-0.007789,0,-0.007025,32.2,64.4585495962446
48702,-8.219346,-3.74058,4.318447,-0.007178,-0.002138,-0.007178,32.16,64.4425067231871
48712,-8.221141,-3.734598,4.322634,-0.007483,-0.004429,-0.007941,32.16,64.4188091291205
48722,-8.225328,-3.733402,4.319643,-0.006872,-0.006261,-0.007789,32.19,64.4424448201724
48732,-8.223534,-3.738786,4.33041,-0.006261,-0.008094,-0.006872,32.19,64.3883541348845
48742,-8.237292,-3.735795,4.325027,-0.006109,-0.009621,-0.006261,32.2,64.4439860264089
48752,-8.239684,-3.729214,4.33041,-0.005803,-0.01069,-0.006261,32.2,64.414913946029
48762,-8.225926,-3.725027,4.335197,-0.005345,-0.01237,-0.005803,32.21,64.3549918334602
48772,-8.23131,-3.734598,4.339982,-0.006261,-0.013286,-0.005956,32.21,64.3522420231334
48782,-8.22772,-3.734,4.326224,-0.005803,-0.013897,-0.005498,32.23,64.4144724217604
48792,-8.221739,-3.732804,4.334,-0.006109,-0.014813,-0.006261,32.23,64.3596750795613
48802,-8.227122,-3.73041,4.337589,-0.005956,-0.014813,-0.006109,32.21,64.3508560627469
48812,-8.222935,-3.729214,4.346562,-0.006261,-0.014966,-0.005345,32.21,64.2939466433465
48822,-8.219346,-3.725625,4.339384,-0.005345,-0.014508,-0.00504,32.16,64.319162804104
48832,-8.22473,-3.729812,4.34417,-0.005956,-0.014661,-0.004429,32.18,64.310935505457
48842,-8.216354,-3.729812,4.347759,-0.006109,-0.013744,-0.004581,32.18,64.2735202517935
48852,-8.206783,-3.731009,4.348955,-0.006414,-0.012523,-0.005956,32.18,64.2469306135343
48862,-8.206783,-3.733402,4.345964,-0.005956,-0.011454,-0.006414,32.18,64.2648159681625
48872,-8.218747,-3.731009,4.342973,-0.006109,-0.009468,-0.006109,32.24,64.304822199246
48882,-8.204391,-3.738187,4.35733,-0.00672,-0.008094,-0.006567,32.24,64.2057499801835
48892,-8.213962,-3.732205,4.353143,-0.007178,-0.00672,-0.006261,32.25,64.2428278160394
48902,-8.209177,-3.741776,4.359125,-0.007025,-0.004429,-0.005956,32.25,64.2110483131959
48912,-8.213962,-3.738187,4.348955,-0.007789,-0.002443,-0.006261,32.17,64.2705552097446
48922,-8.210971,-3.732804,4.353741,-0.00733,0.000153,-0.005498,32.17,64.2335935750375
48932,-8.212168,-3.729214,4.354938,-0.007483,0.001833,-0.006567,32.21,64.2264438441496
48942,-8.206185,-3.723232,4.359723,-0.007941,0.003971,-0.006261,32.21,64.1820695053001
48952,-8.212168,-3.726821,4.365107,-0.007941,0.006872,-0.007025,32.2,64.1716164560064
48962,-8.207382,-3.735795,4.352544,-0.008247,0.008858,-0.006567,32.2,64.2347164302425
48972,-8.215158,-3.726223,4.347759,-0.008094,0.010996,-0.007636,32.21,64.2671319858484
48982,-8.209774,-3.735196,4.348357,-0.007483,0.013744,-0.007789,32.21,64.261091311046
48992,-8.218747,-3.737589,4.349553,-0.007636,0.016799,-0.008247,32.21,64.2776707083142
49002,-8.214561,-3.736392,4.339384,-0.008247,0.018479,-0.008552,32.21,64.319397359836
49012,-8.203793,-3.737589,4.355535,-0.008094,0.019548,-0.009163,32.21,64.2130261439289
49022,-8.217552,-3.737589,4.341179,-0.007636,0.020922,-0.008552,32.21,64.3181213939689
49032,-8.218747,-3.751348,4.333402,-0.008247,0.020922,-0.008858,32.21,64.3750306735875
49042,-8.213962,-3.731009,4.343571,-0.008094,0.02138,-0.00901,32.2,64.2909290312996
49052,-8.214561,-3.734,4.334,-0.008247,0.021075,-0.009163,32.2,64.3447140151111
49062,-8.209774,-3.751946,4.333402,-0.007483,0.020769,-0.008247,32.22,64.3554465089442
49072,-8.219944,-3.744169,4.336392,-0.00733,0.020006,-0.008399,32.22,64.3549419544835
49082,-8.219944,-3.732804,4.338188,-0.007789,0.018784,-0.007941,32.24,64.3340314483416
49093,-8.229516,-3.735795,4.329215,-0.008247,0.017715,-0.008399,32.24,64.4049182239809
49102,-8.227122,-3.721437,4.328018,-0.007789,0.016493,-0.008247,32.21,64.3910559187502
49112,-8.216953,-3.738187,4.325027,-0.007789,0.014355,-0.007941,32.21,64.4007026679173
49122,-8.227122,-3.72383,4.33041,-0.007941,0.013134,-0.008094,32.2,64.3811552241885
49132,-8.235497,-3.748357,4.333402,-0.007636,0.012065,-0.007941,32.2,64.4096114461481
49142,-8.228318,-3.735795,4.332206,-0.00733,0.010079,-0.007025,32.24,64.3868014880205
49152,-8.23131,-3.736392,4.326224,-0.007025,0.008247,-0.005956,32.24,64.4249847478223
49162,-8.226524,-3.742374,4.319643,-0.006872,0.005803,-0.00672,32.21,64.4542908309672
49172,-8.224131,-3.729812,4.322634,-0.006567,0.001833,-0.006109,32.16,64.4206489979443
49182,-8.215756,-3.735196,4.326224,-0.00672,0.000153,-0.005651,32.16,64.3887647146222
49192,-8.225926,-3.738786,4.33041,-0.006567,-0.001833,-0.005956,32.2,64.3937366936931
49202,-8.220542,-3.736991,4.326224,-0.006567,-0.003818,-0.005651,32.2,64.4013789235253
49212,-8.222935,-3.732205,4.323233,-0.00672,-0.005803,-0.005651,32.2,64.4173088251741
49222,-8.230114,-3.732205,4.320839,-0.00672,-0.007789,-0.006109,32.2,64.4458080346785
49232,-8.236095,-3.728018,4.335794,-0.006872,-0.009316,-0.006567,32.18,64.3778783161085
49242,-8.216354,-3.731009,4.326822,-0.00672,-0.010385,-0.00504,32.18,64.3827383047109
49252,-8.22473,-3.739383,4.338786,-0.006109,-0.012217,-0.004123,32.24,64.3484775234263
49262,-8.218149,-3.729812,4.329215,-0.006109,-0.013286,-0.005498,32.24,64.3732074801447
49272,-8.216953,-3.732804,4.328018,-0.005803,-0.013897,-0.004581,32.22,64.3797519281215
49282,-8.222935,-3.735795,4.334,-0.006261,-0.014508,-0.005651,32.22,64.3654311513612
49292,-8.214561,-3.729214,4.335794,-0.006261,-0.014661,-0.005651,32.2,64.3305512516249
49302,-8.21157,-3.724428,4.343571,-0.006109,-0.013439,-0.005192,32.2,64.2787649330574
49312,-8.215756,-3.726223,4.342375,-0.007025,-0.013897,-0.00504,32.21,64.2962406961824
49322,-8.220542,-3.733402,4.354339,-0.00672,-0.013744,-0.005192,32.21,64.2527812806613
49332,-8.213962,-3.739383,4.345366,-0.006567,-0.01237,-0.006109,32.19,64.290279348927
49342,-8.214561,-3.722634,4.342973,-0.007025,-0.009774,-0.005956,32.19,64.2867755750484
49352,-8.219944,-3.727419,4.339384,-0.007025,-0.00901,-0.006109,32.17,64.3223497763729
49362,-8.21157,-3.727419,4.345964,-0.007025,-0.007941,-0.006872,32.2,64.2694954545182
49372,-8.217552,-3.738786,4.346562,-0.006872,-0.006261,-0.005803,32.2,64.2916094472024
49382,-8.210373,-3.738786,4.345366,-0.00672,-0.004887,-0.006261,32.19,64.281557526952
49392,-8.215756,-3.739982,4.353741,-0.006567,-0.002749,-0.006261,32.19,64.2518044987444
49402,-8.215756,-3.732205,4.362116,-0.006567,-0.001833,-0.007025,32.21,64.200687072028
49412,-8.216354,-3.723232,4.349553,-0.00672,0.000611,-0.007025,32.21,64.2575238626967
49422,-8.220542,-3.736392,4.35075,-0.007025,0.001985,-0.006567,32.16,64.2743312458049
49432,-8.226524,-3.726821,4.353741,-0.007636,0.003512,-0.007483,32.16,64.2626348308242
49442,-8.212168,-3.733402,4.350152,-0.006872,0.004581,-0.00733,32.18,64.2554100191584
49452,-8.218149,-3.729214,4.349553,-0.006567,0.005956,-0.007636,32.18,64.2677213114392
49462,-8.204989,-3.729812,4.337589,-0.006567,0.007789,-0.007636,32.18,64.3002730010079
49472,-8.216354,-3.724428,4.342973,-0.007483,0.008705,-0.007178,32.18,64.2926691410967
49482,-8.219346,-3.727419,4.34417,-0.007941,0.009774,-0.007789,32.23,64.2963259233458
49492,-8.218747,-3.726821,4.349553,-0.007483,0.01069,-0.007025,32.23,64.2666188754619
49502,-8.221141,-3.737589,4.343571,-0.007636,0.012065,-0.007483,32.23,64.31389138084
49512,-8.215158,-3.731009,4.343571,-0.008247,0.013439,-0.008399,32.23,64.2936318725844
49522,-8.206783,-3.739982,4.334,-0.007789,0.013897,-0.008705,32.2,64.3333069943343
49532,-8.216953,-3.728616,4.343571,-0.008247,0.014966,-0.007789,32.2,64.2952332583769
49542,-8.212168,-3.731607,4.342375,-0.008094,0.01573,-0.007636,32.2,64.293655369989
49552,-8.217552,-3.744169,4.332206,-0.008705,0.015424,-0.008858,32.2,64.3711400904739
49562,-8.22772,-3.737589,4.333402,-0.008552,0.014966,-0.008552,32.2,64.3811236375369
49572,-8.213962,-3.734598,4.328616,-0.008552,0.014813,-0.008552,32.21,64.3717614210156
49582,-8.224131,-3.733402,4.333402,-0.007636,0.014203,-0.009316,32.21,64.3687609037914
49592,-8.221141,-3.736392,4.334598,-0.008399,0.014508,-0.008552,32.18,64.3589166883777
49602,-8.21157,-3.736392,4.323831,-0.008399,0.013744,-0.007636,32.18,64.3929159192608
49612,-8.220542,-3.732205,4.342973,-0.007789,0.012523,-0.007178,32.22,64.310101100234
49622,-8.218149,-3.736392,4.333402,-0.008094,0.012523,-0.007178,32.22,64.3583419349848
49632,-8.219346,-3.720839,4.335197,-0.007636,0.01069,-0.007636,32.19,64.335863125497
49642,-8.22772,-3.733402,4.322634,-0.007483,0.010537,-0.007483,32.19,64.432384640329
49652,-8.225926,-3.735196,4.32742,-0.007636,0.00901,-0.007789,32.2,64.4054884798777
49662,-8.218149,-3.727419,4.32742,-0.007789,0.008399,-0.007025,32.2,64.3800248778637
49672,-8.227122,-3.735196,4.331607,-0.007789,0.007636,-0.007636,32.19,64.3865860028865
49682,-8.226524,-3.745365,4.336392,-0.008094,0.005803,-0.007178,32.19,64.3709798125059
49692,-8.225328,-3.739982,4.329215,-0.006872,0.002596,-0.00672,32.19,64.3997770474859
49702,-8.223534,-3.741776,4.334598,-0.00672,0.001833,-0.007483,32.21,64.3698208092156
49712,-8.230712,-3.731009,4.335794,-0.006872,0.000611,-0.006567,32.21,64.3688081290179
49722,-8.220542,-3.736991,4.328018,-0.00672,-0.000458,-0.006261,32.21,64.3921216845334
49732,-8.227122,-3.736991,4.331009,-0.006414,-0.001374,-0.006109,32.21,64.3915039010112
49742,-8.213962,-3.735196,4.334,-0.006261,-0.003054,-0.006109,32.21,64.3445893964316
49752,-8.225926,-3.734598,4.333402,-0.006261,-0.003665,-0.005345,32.21,64.3740269407934
49762,-8.222935,-3.735795,4.334,-0.006872,-0.004887,-0.006109,32.18,64.3654311513612
49772,-8.229516,-3.734,4.334,-0.006414,-0.005651,-0.006261,32.18,64.3784160871041
49782,-8.221739,-3.728616,4.328616,-0.006414,-0.006872,-0.007025,32.2,64.3831671945337
49792,-8.218747,-3.739383,4.322634,-0.006261,-0.008247,-0.006414,32.2,64.4183172933202
49802,-8.221141,-3.734598,4.338188,-0.006261,-0.008705,-0.005803,32.19,64.3385690876687
49812,-8.225926,-3.732205,4.342375,-0.005803,-0.009316,-0.006109,32.19,64.3253315093822
49822,-8.225328,-3.731607,4.325625,-0.006109,-0.010537,-0.007636,32.19,64.4097383857926
49832,-8.225328,-3.732205,4.33041,-0.005803,-0.010385,-0.006109,32.19,64.3856637976704
49842,-8.222935,-3.737589,4.334,-0.006261,-0.011606,-0.005803,32.21,64.3672675065655
49852,-8.218149,-3.735196,4.341179,-0.006261,-0.011301,-0.006567,32.21,64.317013358078
49862,-8.22473,-3.738786,4.335197,-0.006261,-0.010232,-0.005651,32.2,64.3663641030024
49872,-8.22772,-3.735196,4.337589,-0.006261,-0.009468,-0.005498,32.18,64.3570964547745
49882,-8.226524,-3.736392,4.339982,-0.006872,-0.008552,-0.005498,32.18,64.3432944164872
49892,-8.213962,-3.734,4.341777,-0.006414,-0.007636,-0.005956,32.2,64.3032496893751
49902,-8.209177,-3.731607,4.348955,-0.007178,-0.006414,-0.006109,32.2,64.2529652757092
49912,-8.219944,-3.733402,4.35733,-0.007941,-0.005956,-0.005803,32.21,64.2360314979453
49922,-8.206185,-3.731009,4.347759,-0.008552,-0.003971,-0.005803,32.21,64.2517433765558
49932,-8.209177,-3.734,4.344768,-0.008399,-0.001833,-0.006109,32.21,64.2770134046658
49942,-8.204989,-3.732205,4.349553,-0.007483,-0.000305,-0.006872,32.21,64.2410166945377
49952,-8.212168,-3.732804,4.352544,-0.007789,0.00168,-0.00672,32.18,64.2424699410019
49962,-8.214561,-3.731009,4.348357,-0.007636,0.003207,-0.006109,32.18,64.2676131716846
49972,-8.215756,-3.728616,4.345366,-0.008094,0.00504,-0.00672,32.19,64.2832745495854
49982,-8.207382,-3.74058,4.346562,-0.008858,0.006872,-0.00733,32.19,64.2704791046655
49992,-8.219346,-3.729214,4.348357,-0.008705,0.008247,-0.007025,32.19,64.2765893830266
50002,-8.20798,-3.74058,4.348357,-0.008399,0.009163,-0.007025,32.19,64.262578392536
50012,-8.224131,-3.734,4.346562,-0.008094,0.009927,-0.00733,32.18,64.3015503852996
50022,-8.222935,-3.736991,4.349553,-0.008094,0.011301,-0.007636,32.18,64.2865137696134
50032,-8.216354,-3.731009,4.341777,-0.008247,0.013439,-0.006872,32.21,64.3055830774607
50042,-8.218747,-3.729812,4.345366,-0.008247,0.013744,-0.007025,32.18,64.2912612424372
50052,-8.218149,-3.731607,4.352544,-0.007789,0.015119,-0.006261,32.18,64.2547704477445
50062,-8.214561,-3.732804,4.337589,-0.007483,0.014813,-0.007178,32.21,64.3249726858703
50072,-8.221739,-3.729812,4.332804,-0.007789,0.014813,-0.007941,32.21,64.3627828531451
50082,-8.219944,-3.737589,4.335794,-0.007636,0.014966,-0.007483,32.19,64.3512782102804
50092,-8.22772,-3.724428,4.34058,-0.007025,0.013897,-0.007483,32.19,64.330677159027
50102,-8.233105,-3.737589,4.339982,-0.006567,0.014355,-0.00733,32.2,64.3593402432989
50112,-8.216354,-3.726821,4.331009,-0.00672,0.013134,-0.008858,32.2,64.3568392718753
50122,-8.219944,-3.732804,4.326224,-0.006567,0.012523,-0.008552,32.2,64.3957496498537
50132,-8.219346,-3.729812,4.33041,-0.006261,0.011606,-0.008094,32.2,64.3697391276996
50142,-8.224131,-3.734598,4.332206,-0.007025,0.01069,-0.008094,32.21,64.3761516531729
50152,-8.228917,-3.732804,4.325027,-0.005956,0.009621,-0.008247,32.21,64.4221190757793
50162,-8.219346,-3.72383,4.337589,-0.006109,0.008399,-0.008705,32.23,64.3265829957493
50172,-8.21157,-3.728018,4.33041,-0.006109,0.007483,-0.008552,32.23,64.3503603198347
50182,-8.224131,-3.739383,4.329813,-0.006414,0.006261,-0.008247,32.23,64.3933873786185
50192,-8.219346,-3.725027,4.326822,-0.006414,0.004581,-0.007941,32.23,64.3833655869662
50202,-8.230712,-3.728018,4.328018,-0.006261,0.003818,-0.008399,32.21,64.4058482715263
50212,-8.23131,-3.743571,4.322036,-0.005956,0.001833,-0.008247,32.23,64.4539096079108
50222,-8.225328,-3.739982,4.333402,-0.00672,0.000305,-0.007789,32.23,64.3781878469413
50232,-8.217552,-3.729214,4.34058,-0.006261,-0.000458,-0.007636,32.22,64.3126202313882
50242,-8.222935,-3.736991,4.323233,-0.006414,-0.000916,-0.007941,32.22,64.422198682271
50252,-8.213365,-3.733402,4.33041,-0.007025,-0.001985,-0.007941,32.18,64.3599291949061
50262,-8.22473,-3.728018,4.331607,-0.006567,-0.002902,-0.007178,32.18,64.3738651790574
50272,-8.221141,-3.744768,4.331009,-0.00672,-0.003207,-0.006872,32.17,64.3860058828277
50282,-8.217552,-3.732205,4.338786,-0.00733,-0.003818,-0.007178,32.17,64.3249366194137
50292,-8.217552,-3.728018,4.329813,-0.00733,-0.005192,-0.007178,32.16,64.3669394667229
50302,-8.219346,-3.738786,4.329813,-0.007483,-0.006414,-0.006872,32.16,64.3820055847726
50312,-8.219346,-3.738786,4.336392,-0.007636,-0.005803,-0.006261,32.18,64.3480739324436
50322,-8.215756,-3.735795,4.334,-0.00733,-0.006872,-0.006414,32.18,64.3492500655483
50332,-8.214561,-3.738187,4.342375,-0.007178,-0.006567,-0.006872,32.16,64.3058195731041
50342,-8.209177,-3.737589,4.334,-0.007789,-0.00672,-0.006414,32.16,64.3362498033389
50352,-8.218149,-3.736991,4.34058,-0.00733,-0.007025,-0.005651,32.2,64.3219425069614
50362,-8.212168,-3.734,4.331009,-0.007789,-0.00672,-0.005651,32.2,64.354750730366
50372,-8.210373,-3.722634,4.332804,-0.007483,-0.007483,-0.006261,32.21,64.3297791015347
50382,-8.216354,-3.731607,4.339384,-0.007483,-0.006872,-0.00504,32.19,64.318535411872
50392,-8.213365,-3.725625,4.338786,-0.007483,-0.007178,-0.005956,32.19,64.308734153247
50402,-8.229516,-3.728018,4.341777,-0.007483,-0.006567,-0.005803,32.2,64.3322281513973
50412,-8.216953,-3.733402,4.34058,-0.007483,-0.005956,-0.005651,32.2,64.3155616912427
50422,-8.215158,-3.731009,4.343571,-0.00672,-0.005345,-0.005803,32.22,64.2936318725844
50432,-8.219346,-3.725027,4.341179,-0.007178,-0.004276,-0.005651,32.22,64.3092949213646
50442,-8.217552,-3.74058,4.34058,-0.007636,-0.003665,-0.00504,32.17,64.3242791265922
50452,-8.217552,-3.738786,4.349553,-0.007025,-0.002902,-0.006109,32.17,64.2762013575119
50462,-8.222337,-3.738187,4.344768,-0.007483,-0.001527,-0.007178,32.19,64.3110358299201
50472,-8.216953,-3.734598,4.34417,-0.007178,-0.000153,-0.007483,32.19,64.2982826997433
50482,-8.212766,-3.742374,4.344768,-0.006414,0.001069,-0.00672,32.18,64.2937368544553
50492,-8.215756,-3.731607,4.354339,-0.006567,0.002291,-0.00733,32.18,64.2401122487474
50502,-8.215756,-3.742374,4.358526,-0.006414,0.004123,-0.007025,32.21,64.2296333593953
50512,-8.21157,-3.736392,4.348955,-0.00733,0.005651,-0.007025,32.21,64.2633015933162
50522,-8.20798,-3.725625,4.345964,-0.00733,0.006567,-0.006872,32.2,64.259526515665
50532,-8.215756,-3.732205,4.341777,-0.006872,0.00901,-0.006872,32.2,64.3054593134316
50542,-8.206783,-3.732804,4.336392,-0.007483,0.009774,-0.007025,32.21,64.313581794814
50552,-8.22473,-3.739982,4.339982,-0.007025,0.011606,-0.008247,32.21,64.3429282633732
50562,-8.220542,-3.741179,4.341179,-0.007025,0.012981,-0.007636,32.16,64.3285488521662
50572,-8.218149,-3.726821,4.343571,-0.00733,0.014508,-0.008094,32.2,64.2960959161794
50582,-8.21157,-3.725625,4.332206,-0.007025,0.015119,-0.006872,32.2,64.3386358103997
50592,-8.221739,-3.729214,4.343571,-0.007178,0.015119,-0.008399,32.19,64.3066573020774
50602,-8.216354,-3.731009,4.338188,-0.006872,0.015272,-0.007941,32.19,64.3240901972993
50612,-8.231908,-3.726821,4.333402,-0.006414,0.014813,-0.007789,32.15,64.3795583482035
50622,-8.226524,-3.735795,4.342973,-0.006567,0.014355,-0.008247,32.15,64.3272739474447
50632,-8.221141,-3.734,4.336392,-0.00672,0.013744,-0.008094,32.17,64.3472163908784
50642,-8.225926,-3.724428,4.333402,-0.006109,0.012828,-0.007789,32.17,64.3636369979042
50652,-8.224131,-3.728616,4.339982,-0.006109,0.012065,-0.007789,32.18,64.329942061323
50662,-8.221141,-3.738187,4.326224,-0.005803,0.010996,-0.008094,32.18,64.4039506413803
50672,-8.226524,-3.739982,4.322634,-0.005651,0.010232,-0.008247,32.19,64.4364134618225
50682,-8.215756,-3.734,4.32742,-0.005651,0.00901,-0.007941,32.19,64.3813658562206
50692,-8.217552,-3.748357,4.322036,-0.006109,0.008094,-0.007636,32.2,64.427909085613
50702,-8.221739,-3.739982,4.332804,-0.006261,0.00672,-0.007483,32.2,64.3731917005432
50712,-8.216354,-3.736392,4.329813,-0.005956,0.004734,-0.00672,32.18,64.3728132042264
50722,-8.220542,-3.729214,4.332804,-0.005803,0.003818,-0.00733,32.18,64.3594723447869
50732,-8.221739,-3.731607,4.325027,-0.005803,0.001222,-0.007025,32.18,64.4047460040479
50742,-8.228318,-3.736991,4.331607,-0.006414,-0.000305,-0.006567,32.18,64.3911117254709
50752,-8.220542,-3.732205,4.32742,-0.006414,-0.001222,-0.005803,32.18,64.3903113448363
50762,-8.220542,-3.741179,4.329813,-0.005956,-0.002291,-0.005192,32.2,64.3871492279771
50772,-8.216354,-3.739383,4.326822,-0.006261,-0.003971,-0.005956,32.2,64.391314161825
50782,-8.217552,-3.74058,4.334598,-0.00672,-0.005345,-0.007178,32.2,64.3551216494216
50792,-8.221739,-3.731009,4.336991,-0.006261,-0.005803,-0.006872,32.2,64.3424142051542
50802,-8.219944,-3.736392,4.329215,-0.006109,-0.00672,-0.006261,32.19,64.3839860636074
50812,-8.216953,-3.729812,4.338786,-0.006567,-0.006567,-0.004429,32.19,64.3211315708685
50822,-8.219346,-3.725027,4.338188,-0.00672,-0.007636,-0.005651,32.18,64.3247185094837
50832,-8.218747,-3.728018,4.334,-0.006414,-0.007789,-0.006109,32.18,64.3480298254882
50842,-8.218747,-3.73041,4.342375,-0.005956,-0.00733,-0.005651,32.19,64.3072906562563
50852,-8.218747,-3.734598,4.334598,-0.006414,-0.007178,-0.005498,32.19,64.3516828969195
50862,-8.212168,-3.73041,4.34417,-0.007025,-0.00733,-0.005651,32.17,64.2831700617131
50872,-8.209774,-3.741776,4.342375,-0.007025,-0.00733,-0.006261,32.17,64.2987017182718
50882,-8.207382,-3.734598,4.337589,-0.006872,-0.00672,-0.005956,32.18,64.3106020573243
50892,-8.224131,-3.732205,4.349553,-0.00733,-0.006567,-0.00504,32.18,64.2843066239911
50902,-8.219944,-3.732205,4.339384,-0.007636,-0.005956,-0.006872,32.19,64.3272514753832
50912,-8.210373,-3.733402,4.348357,-0.006567,-0.004734,-0.007025,32.16,64.2606004795086
50922,-8.219346,-3.726821,4.345366,-0.006567,-0.004429,-0.00733,32.16,64.2895488505287
50932,-8.225926,-3.732804,4.343571,-0.00672,-0.003054,-0.007025,32.17,64.3197828330908
50942,-8.219944,-3.739383,4.344768,-0.00733,-0.001985,-0.007025,32.17,64.3068641917363
50952,-8.208578,-3.731607,4.35075,-0.007178,-0.001069,-0.006567,32.17,64.2423569564397
50962,-8.209177,-3.738187,4.350152,-0.00672,0.000611,-0.006567,32.17,64.2535690758079
50972,-8.212766,-3.724428,4.345964,-0.007483,0.001222,-0.007636,32.15,64.2691310487146
50982,-8.209177,-3.731009,4.345964,-0.007178,0.00168,-0.007483,32.15,64.2677705218116
50992,-8.214561,-3.735795,4.347161,-0.00733,0.002596,-0.007178,32.16,64.2786938180179
51002,-8.209774,-3.729214,4.342375,-0.007636,0.002749,-0.008247,32.16,64.2857849746183
51012,-8.209177,-3.725625,4.346562,-0.007636,0.003512,-0.008247,32.19,64.2591527670256
51022,-8.219346,-3.735196,4.347161,-0.007636,0.004276,-0.007789,32.19,64.288888310468
51032,-8.218747,-3.736392,4.349553,-0.00733,0.005345,-0.007025,32.23,64.2764412884385
51042,-8.221141,-3.732804,4.348955,-0.007636,0.005956,-0.00733,32.23,64.2812470224308
51052,-8.209774,-3.735196,4.339982,-0.008094,0.007025,-0.007636,32.22,64.3042750782722
51062,-8.225328,-3.733402,4.338786,-0.007483,0.007636,-0.008247,32.22,64.3437023509718
51072,-8.221739,-3.738786,4.348357,-0.007178,0.008247,-0.007789,32.21,64.2918150329348
51082,-8.228318,-3.741776,4.342375,-0.00672,0.00901,-0.007025,32.17,64.3405210532633
51092,-8.224131,-3.739383,4.336991,-0.00672,0.009927,-0.00733,32.17,64.3563791036995
51102,-8.213962,-3.734,4.334598,-0.007025,0.011148,-0.00733,32.15,64.3402772479028
51112,-8.218747,-3.736392,4.332804,-0.006567,0.011606,-0.007789,32.15,64.3627743101705
51122,-8.218747,-3.732804,4.335794,-0.007789,0.012065,-0.00672,32.18,64.3436765284687
51132,-8.215756,-3.737589,4.339982,-0.007483,0.011606,-0.008094,32.18,64.3202396599226
51142,-8.219346,-3.725625,4.332804,-0.00733,0.012675,-0.007636,32.2,64.3531036280739
51152,-8.21157,-3.74058,4.329813,-0.006109,0.012675,-0.007941,32.2,64.3663276395215
51162,-8.223534,-3.729812,4.326224,-0.006872,0.012217,-0.007941,32.17,64.4007760838305
51172,-8.215158,-3.725625,4.333402,-0.006414,0.012828,-0.007483,32.17,64.3405651410513
51182,-8.213365,-3.734598,4.332804,-0.006414,0.011912,-0.008094,32.22,64.3488004521191
51192,-8.227122,-3.727419,4.339384,-0.007025,0.011148,-0.008858,32.22,64.3385477630945
51202,-8.227122,-3.734,4.335197,-0.007178,0.010996,-0.008094,32.22,64.3668552658002
51212,-8.22772,-3.741179,4.329813,-0.00672,0.010232,-0.008247,32.22,64.4032967438736
51222,-8.220542,-3.737589,4.323831,-0.007025,0.009316,-0.008552,32.18,64.4143409597237
51232,-8.220542,-3.734,4.317849,-0.007483,0.008858,-0.007941,32.18,64.4415579572081
51243,-8.224131,-3.732205,4.325625,-0.007178,0.007025,-0.007941,32.19,64.4076551492807
51252,-8.221141,-3.734,4.325027,-0.007178,0.006109,-0.006567,32.17,64.4058456964547
51262,-8.216953,-3.733402,4.329215,-0.006872,0.004734,-0.00672,32.17,64.3741862716196
51272,-8.231908,-3.736392,4.331607,-0.00672,0.003971,-0.007483,32.21,64.3985755089333
51282,-8.231908,-3.734598,4.332206,-0.00672,0.002749,-0.008094,32.21,64.3936568394865
51292,-8.231908,-3.728018,4.329215,-0.006261,0.000458,-0.007483,32.19,64.4023665537555
51302,-8.218747,-3.726821,4.336991,-0.006414,0,-0.00733,32.19,64.3313759144106
51312,-8.231908,-3.737589,4.325027,-0.006109,-0.000764,-0.006872,32.21,64.4337225780552
51322,-8.222935,-3.736392,4.331607,-0.006567,-0.002138,-0.006109,32.21,64.3783826292218
51332,-8.215756,-3.737589,4.325027,-0.006109,-0.002596,-0.006109,32.22,64.3973952187871
51342,-8.217552,-3.725027,4.331009,-0.005956,-0.003818,-0.005803,32.22,64.3577069167955
51352,-8.219944,-3.731009,4.337589,-0.006109,-0.004581,-0.005345,32.21,64.3352814804104
51362,-8.224131,-3.739383,4.331009,-0.005956,-0.005803,-0.005803,32.21,64.387219459341
51372,-8.220542,-3.736392,4.336991,-0.005498,-0.006414,-0.006567,32.18,64.3452277328749
51382,-8.221739,-3.728616,4.337589,-0.005956,-0.007025,-0.006261,32.18,64.3368818204886
51392,-8.219944,-3.729812,4.336991,-0.005651,-0.008399,-0.005803,32.18,64.337139538777
51402,-8.209774,-3.733402,4.332804,-0.005803,-0.009163,-0.005956,32.18,64.339469936568
51412,-8.221739,-3.734,4.336392,-0.005651,-0.009163,-0.00504,32.15,64.3485646033308
51422,-8.225926,-3.727419,4.334598,-0.005498,-0.009468,-0.005651,32.2,64.3605236351997
51432,-8.219944,-3.733402,4.347759,-0.005345,-0.009468,-0.005192,32.2,64.2853173635796
51442,-8.213962,-3.731607,4.339384,-0.005651,-0.008858,-0.00504,32.16,64.3131338320443
51452,-8.212168,-3.733402,4.347759,-0.006109,-0.008094,-0.005803,32.16,64.2677426318552
51462,-8.220542,-3.735795,4.342375,-0.006567,-0.007789,-0.00504,32.18,64.3168631876205
51472,-8.221141,-3.73041,4.345964,-0.006261,-0.007483,-0.004887,32.18,64.2942009994189
51482,-8.214561,-3.733402,4.339384,-0.006261,-0.006567,-0.005345,32.17,64.3163284069064
51492,-8.217552,-3.719643,4.349553,-0.006261,-0.005192,-0.005803,32.17,64.256556260575
51502,-8.214561,-3.733402,4.345366,-0.007178,-0.004429,-0.006261,32.2,64.2854865074105
51512,-8.213365,-3.736392,4.338786,-0.005956,-0.003207,-0.005956,32.2,64.3197816689305
51522,-8.203195,-3.735795,4.342973,-0.00672,-0.002291,-0.005803,32.19,64.2745898285007
51532,-8.212168,-3.731009,4.346562,-0.007025,-0.00168,-0.006109,32.19,64.2714531714111
51542,-8.213962,-3.729812,4.341179,-0.007025,0.000611,-0.007178,32.2,64.3020346696234
51552,-8.209774,-3.734,4.346562,-0.007025,0.002443,-0.007025,32.2,64.2691138257148
51562,-8.212168,-3.736991,4.346562,-0.007941,0.003665,-0.007789,32.23,64.2776025445903
51572,-8.215158,-3.733402,4.345964,-0.007636,0.005498,-0.007483,32.23,64.2837534052182
51582,-8.206185,-3.734598,4.347759,-0.007483,0.006567,-0.007941,32.21,64.2554386256695
51592,-8.212766,-3.729812,4.34417,-0.007178,0.009927,-0.007789,32.21,64.2839080297043
51602,-8.210971,-3.731607,4.35075,-0.007483,0.010996,-0.008094,32.18,64.2477737815835
51612,-8.221739,-3.735795,4.343571,-0.00672,0.011759,-0.008399,32.22,64.3134009342867
51622,-8.222935,-3.731607,4.345366,-0.007789,0.013592,-0.007941,32.22,64.3025597683655
51632,-8.212168,-3.723232,4.341777,-0.008094,0.013897,-0.008247,32.17,64.2881441749013
51642,-8.216953,-3.736991,4.342375,-0.00733,0.014508,-0.008705,32.17,64.3099909179784
51652,-8.218149,-3.723232,4.337589,-0.007178,0.015272,-0.008858,32.19,64.3232674898994
51662,-8.209774,-3.724428,4.339982,-0.007941,0.015577,-0.008552,32.19,64.293216074632
51672,-8.219346,-3.735795,4.331009,-0.007483,0.016646,-0.008399,32.25,64.372772225048
51682,-8.217552,-3.735795,4.334,-0.007789,0.016188,-0.008858,32.25,64.3532997133697
51692,-8.222935,-3.731009,4.331607,-0.007636,0.015577,-0.008552,32.14,64.3728768742128
51702,-8.228318,-3.731009,4.328616,-0.007178,0.015272,-0.008552,32.14,64.4004267322467
51712,-8.219944,-3.73041,4.326822,-0.006414,0.015882,-0.007941,32.15,64.3902151752536
51722,-8.218149,-3.742973,4.335794,-0.006567,0.015577,-0.008247,32.15,64.3527544700224
51732,-8.222337,-3.73041,4.335197,-0.007178,0.015272,-0.007483,32.17,64.3524007049819
51742,-8.22473,-3.727419,4.335794,-0.007483,0.013897,-0.007789,32.17,64.3516600261619
51752,-8.218149,-3.742374,4.333402,-0.00733,0.013592,-0.007941,32.15,64.3644748260183
51762,-8.233105,-3.74058,4.32742,-0.007178,0.011759,-0.007636,32.15,64.427123867183
51772,-8.218149,-3.731607,4.313063,-0.00672,0.010385,-0.00733,32.17,64.4584589563296
51782,-8.229516,-3.74058,4.317849,-0.005956,0.009468,-0.007636,32.18,64.4684340360737
51792,-8.223534,-3.738786,4.323831,-0.00672,0.007483,-0.007178,32.18,64.4222943416797
51802,-8.228318,-3.743571,4.320241,-0.00672,0.005956,-0.007483,32.18,64.4564547064735
51812,-8.22772,-3.72383,4.326822,-0.005803,0.004887,-0.007178,32.18,64.4010134397775
51822,-8.22473,-3.732205,4.323831,-0.007483,0.002902,-0.007178,32.18,64.4182612020677
51832,-8.212168,-3.736991,4.320241,-0.007025,0.001374,-0.007025,32.18,64.4134198751007
51842,-8.225328,-3.729214,4.317849,-0.006872,-0.000458,-0.00672,32.2,64.4474361481713
51852,-8.233105,-3.751946,4.319643,-0.006567,-0.003054,-0.006109,32.2,64.4788257330048
51862,-8.224131,-3.735795,4.329813,-0.006872,-0.003818,-0.005498,32.21,64.3897175667896
51872,-8.222935,-3.733402,4.328616,-0.006872,-0.006414,-0.00672,32.21,64.3907530694755
51882,-8.213962,-3.732804,4.329813,-0.00672,-0.007941,-0.00672,32.21,64.3637440942649
51892,-8.216354,-3.735196,4.334,-0.00672,-0.008858,-0.006567,32.21,64.3499844576431
51902,-8.225328,-3.73041,4.334,-0.006414,-0.010079,-0.005956,32.22,64.365315425283
51912,-8.224131,-3.728616,4.337589,-0.007025,-0.011454,-0.005956,32.22,64.342277936163
51922,-8.222935,-3.741776,4.335794,-0.006261,-0.01237,-0.004734,32.18,64.3623068860943
51932,-8.214561,-3.728018,4.32742,-0.005803,-0.013286,-0.005192,32.18,64.3725468988212
51942,-8.219944,-3.731009,4.336991,-0.005345,-0.01405,-0.005498,32.19,64.3383651618065
51952,-8.221141,-3.72383,4.336991,-0.005345,-0.013286,-0.005345,32.19,64.3337203091331
51962,-8.214561,-3.726223,4.338786,-0.00504,-0.013744,-0.005192,32.19,64.3120500406155
51972,-8.209774,-3.731607,4.339982,-0.005651,-0.013439,-0.005345,32.17,64.3005871317388
51982,-8.219346,-3.732205,4.336991,-0.006567,-0.012675,-0.005803,32.17,64.3382410112791
51992,-8.216354,-3.738187,4.352544,-0.005956,-0.011454,-0.00672,32.21,64.2574738623897
52002,-8.228318,-3.738786,4.342973,-0.005192,-0.010996,-0.005803,32.21,64.3343795708214
52012,-8.212168,-3.723232,4.349553,-0.00504,-0.008705,-0.005498,32.18,64.2480465449313
52022,-8.204989,-3.725027,4.348955,-0.005192,-0.008094,-0.005956,32.18,64.2367104409695
52032,-8.21157,-3.731607,4.344768,-0.005651,-0.007025,-0.005803,32.24,64.2799642902575
52042,-8.214561,-3.732205,4.34417,-0.005956,-0.00504,-0.007025,32.24,64.2904224734905
52052,-8.218149,-3.720241,4.355535,-0.005803,-0.003207,-0.00672,32.17,64.2277011917898
52062,-8.219944,-3.731009,4.350152,-0.005498,-0.001527,-0.005956,32.17,64.2705352664423
52072,-8.21157,-3.738786,4.352544,-0.005803,0.000611,-0.00672,32.17,64.2472737985606
52082,-8.206185,-3.729812,4.351946,-0.005651,0.002749,-0.007941,32.17,64.2289245197859
52092,-8.2014,-3.731009,4.353741,-0.006414,0.004887,-0.006872,32.15,64.2100594577343
52102,-8.217552,-3.72383,4.351946,-0.006567,0.007636,-0.007025,32.15,64.2485184310665
52112,-8.220542,-3.725625,4.350152,-0.006261,0.010537,-0.008399,32.23,64.2663662740238
52122,-8.221141,-3.720839,4.353143,-0.00733,0.012675,-0.008399,32.18,64.2474102443021
52132,-8.216354,-3.738786,4.338188,-0.007025,0.014661,-0.008247,32.18,64.3320673919121
52142,-8.219346,-3.738786,4.349553,-0.007483,0.015424,-0.008552,32.18,64.2802530532409
52152,-8.21157,-3.732205,4.344768,-0.007636,0.016035,-0.008552,32.18,64.2805787713294
52162,-8.214561,-3.741179,4.345366,-0.007636,0.01741,-0.008399,32.2,64.29347854428
52172,-8.200802,-3.733402,4.344768,-0.007789,0.018479,-0.008247,32.2,64.2574479850036
52182,-8.224131,-3.728616,4.332804,-0.008399,0.018784,-0.007789,32.17,64.3669521842362
52192,-8.219944,-3.724428,4.334,-0.008094,0.018937,-0.008247,32.17,64.3470583414087
52202,-8.216953,-3.744169,4.333402,-0.008399,0.018479,-0.008399,32.15,64.3636226927545
52212,-8.230114,-3.733402,4.329215,-0.008399,0.018479,-0.00901,32.15,64.4038207333661
52222,-8.204391,-3.726821,4.329813,-0.008399,0.018021,-0.008552,32.2,64.3360009640959
52232,-8.22473,-3.734598,4.325625,-0.008094,0.017868,-0.00733,32.2,64.4114474126708
52242,-8.218747,-3.734,4.32742,-0.007941,0.016646,-0.007636,32.17,64.3881044789435
52252,-8.228917,-3.736392,4.331009,-0.008094,0.015882,-0.007636,32.17,64.3949304836386
52262,-8.217552,-3.732804,4.332206,-0.007941,0.014508,-0.006567,32.17,64.3594901273933
52272,-8.236095,-3.73041,4.322036,-0.007178,0.012828,-0.007483,32.17,64.4512417108239
52282,-8.224131,-3.734598,4.318447,-0.007636,0.009774,-0.006872,32.19,64.4471493877497
52292,-8.219944,-3.737589,4.325027,-0.007483,0.007178,-0.007178,32.17,64.4068224904121
52302,-8.219944,-3.731009,4.324429,-0.007178,0.006261,-0.006109,32.17,64.4031799524563
52312,-8.229516,-3.733402,4.328616,-0.007025,0.004276,-0.007025,32.18,64.4055644296801
52322,-8.221739,-3.738187,4.323831,-0.006109,0.002749,-0.006567,32.18,64.4176452143021
52332,-8.225328,-3.741179,4.33041,-0.006109,0.001222,-0.006414,32.2,64.3948390889245
52342,-8.230712,-3.744768,4.332804,-0.006109,-0.000764,-0.007025,32.2,64.3982749833201
52352,-8.230712,-3.731607,4.329215,-0.005956,-0.00168,-0.005651,32.2,64.4033347163018
52362,-8.22772,-3.72383,4.325027,-0.005651,-0.002596,-0.006109,32.2,64.4102760880439
52372,-8.222337,-3.732804,4.323831,-0.005192,-0.004123,-0.006414,32.17,64.4134882991146
52382,-8.219346,-3.731009,4.332206,-0.005345,-0.005498,-0.00672,32.17,64.3616972834321
52392,-8.221141,-3.73041,4.323233,-0.005956,-0.007178,-0.006567,32.16,64.4114374183468
52402,-8.222337,-3.735196,4.333402,-0.005651,-0.008094,-0.00672,32.16,64.3665545975531
52412,-8.218747,-3.731009,4.326224,-0.005345,-0.00901,-0.006872,32.16,64.3912176821146
52422,-8.213365,-3.735795,4.320241,-0.005498,-0.010079,-0.007636,32.16,64.414889783973
52432,-8.222337,-3.741776,4.334598,-0.005956,-0.010079,-0.007178,32.16,64.3671259272017
52442,-8.215158,-3.742374,4.342973,-0.005345,-0.010537,-0.006261,32.16,64.308387244881
52452,-8.224131,-3.741179,4.342375,-0.005498,-0.011301,-0.006567,32.15,64.3304763859896
52462,-8.216354,-3.736392,4.347161,-0.005345,-0.011454,-0.006567,32.21,64.2833583209245
52472,-8.213962,-3.725625,4.34058,-0.005345,-0.010385,-0.006109,32.21,64.3008293923434
52482,-8.222935,-3.731607,4.331607,-0.005345,-0.009927,-0.00672,32.21,64.3734882950396
52492,-8.210373,-3.744169,4.345366,-0.005651,-0.010232,-0.007636,32.21,64.2870989111342
52502,-8.222337,-3.721437,4.345964,-0.005192,-0.00901,-0.007025,32.17,64.2877147004819
52512,-8.220542,-3.732804,4.341777,-0.005803,-0.007789,-0.007483,32.17,64.3168791464738
52522,-8.21157,-3.728616,4.351348,-0.006414,-0.006414,-0.007483,32.23,64.2429723010782
52532,-8.212766,-3.739982,4.342973,-0.006261,-0.006414,-0.007789,32.23,64.3005290879425
52542,-8.199007,-3.735795,4.347759,-0.005803,-0.005345,-0.006567,32.2,64.2404217684972
52552,-8.212766,-3.731009,4.339384,-0.005956,-0.003665,-0.007178,32.2,64.3098185914097
52562,-8.21157,-3.741776,4.345366,-0.006567,-0.00336,-0.00733,32.22,64.2873386402481
52572,-8.21157,-3.739383,4.353143,-0.006261,-0.002138,-0.006872,32.22,64.2448030195495
52582,-8.210373,-3.738786,4.34417,-0.007178,-0.000153,-0.00733,32.18,64.2877232407687
52592,-8.206783,-3.739982,4.348357,-0.006109,0.00168,-0.007025,32.18,64.2592554411716
52602,-8.219944,-3.722634,4.348357,-0.007025,0.002443,-0.007483,32.19,64.2711971687359
52612,-8.212168,-3.722036,4.352544,-0.007025,0.00336,-0.00672,32.19,64.2314019451146
52622,-8.21157,-3.736392,4.358526,-0.00672,0.004734,-0.008247,32.19,64.2139991273512
52632,-8.210373,-3.742374,4.344768,-0.007178,0.007178,-0.00672,32.19,64.2883330706932
52642,-8.205587,-3.739383,4.345964,-0.007483,0.008399,-0.006261,32.19,64.2682704469084
52652,-8.210373,-3.734598,4.34417,-0.007941,0.009163,-0.007789,32.22,64.2834157864574
52662,-8.207382,-3.736392,4.344768,-0.007789,0.01069,-0.007178,32.22,64.2754158472089
52672,-8.216953,-3.745964,4.348357,-0.008094,0.011606,-0.007789,32.2,64.2883897167232
52682,-8.222337,-3.729214,4.342375,-0.007941,0.012981,-0.007483,32.2,64.3141712874101
52692,-8.210373,-3.731009,4.342973,-0.007025,0.013439,-0.007789,32.24,64.2858994144008
52702,-8.215158,-3.741179,4.342973,-0.007025,0.01405,-0.007941,32.24,64.307159008768
52712,-8.218149,-3.735795,4.339982,-0.007636,0.015424,-0.007636,32.22,64.323798419668
52722,-8.213962,-3.731607,4.342375,-0.00733,0.015577,-0.008094,32.22,64.2977095109041
52732,-8.216953,-3.735196,4.339384,-0.007636,0.015882,-0.007483,32.2,64.3235684015696
52742,-8.220542,-3.73041,4.347161,-0.007483,0.016646,-0.008247,32.2,64.2866805308555
52752,-8.220542,-3.735795,4.337589,-0.007025,0.016799,-0.007941,32.23,64.3415328982396
52762,-8.214561,-3.728018,4.336392,-0.00672,0.016799,-0.007941,32.23,64.3262401305605
52772,-8.221739,-3.73041,4.334,-0.00672,0.016493,-0.008858,32.22,64.3572256215854
52782,-8.212168,-3.74716,4.339384,-0.00672,0.016188,-0.008858,32.22,64.3250657737082
52792,-8.221739,-3.724428,4.338188,-0.006414,0.015119,-0.007178,32.19,64.3295089027081
52802,-8.216953,-3.729812,4.326224,-0.006872,0.013439,-0.008705,32.19,64.3859507630455
52812,-8.221739,-3.739383,4.33041,-0.007178,0.012675,-0.008705,32.22,64.3849249421974
52822,-8.22473,-3.729812,4.331607,-0.007178,0.011148,-0.007789,32.21,64.3756979207183
52832,-8.222337,-3.735795,4.325027,-0.006567,0.009468,-0.008247,32.21,64.4103723807997
52842,-8.23789,-3.74058,4.322036,-0.006414,0.008399,-0.007789,32.17,64.465622156283
52852,-8.224131,-3.735795,4.323831,-0.006414,0.006872,-0.007178,32.17,64.4205802087302
52862,-8.216354,-3.735795,4.326822,-0.005956,0.00504,-0.007178,32.21,64.3876383771875
52872,-8.226524,-3.741179,4.324429,-0.006872,0.002902,-0.007636,32.21,64.4283755947037
52882,-8.228318,-3.729812,4.331009,-0.005956,0.001374,-0.00672,32.18,64.386863545963
52892,-8.238488,-3.737589,4.32742,-0.005956,-0.000764,-0.007636,32.18,64.4361626550708
52902,-8.222337,-3.742374,4.322036,-0.005498,-0.002749,-0.007178,32.16,64.4325359366809
52912,-8.218747,-3.726821,4.325625,-0.005192,-0.003665,-0.006414,32.16,64.3900282687514
52922,-8.219944,-3.733402,4.329215,-0.005651,-0.005498,-0.006261,32.19,64.3809259740196
52932,-8.217552,-3.732205,4.318447,-0.005803,-0.007178,-0.005651,32.19,64.4299087870822
52942,-8.212168,-3.741776,4.331009,-0.004429,-0.008858,-0.005498,32.22,64.3627309948821
52952,-8.215756,-3.733402,4.326224,-0.005803,-0.009927,-0.005956,32.22,64.3869275802753
52962,-8.232506,-3.726821,4.325027,-0.005192,-0.010996,-0.005651,32.22,64.4240931294711
52972,-8.218149,-3.731607,4.332206,-0.004887,-0.011606,-0.005192,32.22,64.3596104725951
52982,-8.222337,-3.748955,4.334598,-0.004734,-0.012981,-0.004887,32.18,64.3744855886288
52992,-8.218747,-3.731607,4.336392,-0.004123,-0.012828,-0.00504,32.18,64.3393662225677
53002,-8.209774,-3.742374,4.332206,-0.00504,-0.013286,-0.004887,32.18,64.3517717756731
53012,-8.222337,-3.728616,4.342375,-0.005192,-0.012981,-0.005651,32.22,64.3135590368475
53022,-8.22473,-3.732804,4.342375,-0.004887,-0.012828,-0.005651,32.22,64.3232468909735
53032,-8.225328,-3.732804,4.336392,-0.00504,-0.010996,-0.00504,32.18,64.3554304192902
53042,-8.215158,-3.74058,4.344768,-0.005498,-0.010232,-0.005345,32.18,64.2972922449652
53052,-8.210373,-3.737589,4.352544,-0.005956,-0.009316,-0.005956,32.23,64.2433334721424
53062,-8.226524,-3.735196,4.337589,-0.006414,-0.008705,-0.006261,32.23,64.3544021429437
53072,-8.216953,-3.739383,4.348955,-0.005498,-0.006567,-0.006109,32.22,64.2785422839061
53082,-8.215158,-3.729214,4.346562,-0.006109,-0.006109,-0.005345,32.22,64.2763713373676
53092,-8.212766,-3.735196,4.342375,-0.006261,-0.004276,-0.006261,32.21,64.2986931591355
53102,-8.215158,-3.73041,4.348955,-0.006567,-0.003054,-0.006872,32.21,64.2652664401237
53112,-8.209177,-3.727419,4.350152,-0.006109,-0.001527,-0.00733,32.2,64.2424872867662
53122,-8.208578,-3.733402,4.348955,-0.006567,0.001222,-0.006872,32.2,64.253456749788
53132,-8.222337,-3.722634,4.354339,-0.006414,0.002138,-0.006261,32.2,64.2457968466675
53142,-8.218747,-3.727419,4.347759,-0.007025,0.003207,-0.007483,32.2,64.2764757661809
53152,-8.213962,-3.737589,4.35075,-0.007178,0.006872,-0.008705,32.21,64.2606923278954
53162,-8.216354,-3.736392,4.355535,-0.006872,0.008094,-0.008094,32.2,64.2402258904877
53172,-8.215756,-3.732804,4.344768,-0.006872,0.009621,-0.008094,32.2,64.2906550754535
53182,-8.210971,-3.735196,4.350152,-0.00733,0.01069,-0.007636,32.2,64.2545477965535
53192,-8.20798,-3.727419,4.351946,-0.007178,0.011759,-0.00733,32.2,64.2305282177144
53202,-8.204989,-3.742973,4.348955,-0.007178,0.013286,-0.007941,32.21,64.2551999763393
53212,-8.218149,-3.736392,4.335794,-0.00733,0.014203,-0.00901,32.21,64.3460048438498
53222,-8.206783,-3.742973,4.342973,-0.007483,0.015272,-0.008399,32.2,64.2900954931782
53232,-8.213962,-3.734598,4.342375,-0.007178,0.01573,-0.008399,32.2,64.3007804850771
53244,-8.218747,-3.753741,4.334,-0.007636,0.016646,-0.00901,32.23,64.3744055187489
53252,-8.223534,-3.735795,4.34058,-0.007789,0.016646,-0.008399,32.23,64.3328620294547
53262,-8.225328,-3.729812,4.342973,-0.007941,0.016341,-0.007789,32.17,64.3184524998375
53272,-8.227122,-3.732804,4.337589,-0.007789,0.01573,-0.008247,32.17,64.3533032992754
53282,-8.223534,-3.735196,4.338188,-0.007483,0.015577,-0.008399,32.19,64.3445767370988
53292,-8.219346,-3.731009,4.335794,-0.007636,0.014966,-0.00901,32.19,64.3431892328696
53302,-8.215158,-3.735196,4.33041,-0.008094,0.014966,-0.008705,32.21,64.3658110701642
53312,-8.226524,-3.736392,4.328616,-0.007636,0.014813,-0.007941,32.21,64.4018867896497
53322,-8.220542,-3.74058,4.328018,-0.007789,0.012217,-0.008399,32.21,64.3957957008768
53332,-8.213962,-3.733402,4.331607,-0.00733,0.01069,-0.007483,32.2,64.3550978053263
53342,-8.223534,-3.745365,4.323831,-0.007636,0.010537,-0.008094,32.2,64.4290230226483
53352,-8.226524,-3.734598,4.322634,-0.00733,0.009621,-0.008247,32.19,64.4309161505416
53362,-8.225926,-3.723232,4.329215,-0.007025,0.007941,-0.007636,32.19,64.3840149049349
53372,-8.219944,-3.743571,4.328018,-0.007636,0.006109,-0.007941,32.21,64.3975137698203
53382,-8.212168,-3.73041,4.329215,-0.00672,0.005345,-0.00733,32.21,64.3603309979827
53392,-8.220542,-3.739383,4.331607,-0.007178,0.003971,-0.007483,32.16,64.3760560665422
53402,-8.228318,-3.728018,4.323831,-0.006414,0.001985,-0.007789,32.16,64.4220623576713
53412,-8.222337,-3.743571,4.323233,-0.006567,0.000764,-0.008094,32.21,64.427583226129
53422,-8.218149,-3.742973,4.335197,-0.006872,-0.000153,-0.006414,32.21,64.3558327651536
53432,-8.216354,-3.733402,4.320241,-0.007025,-0.001833,-0.00672,32.21,64.4191696163675
53442,-8.21157,-3.731009,4.32742,-0.006567,-0.002902,-0.007025,32.21,64.3688640576583
53452,-8.204989,-3.734,4.333402,-0.006109,-0.003818,-0.006567,32.16,64.3261922825802
53462,-8.222337,-3.738187,4.336392,-0.005956,-0.00504,-0.006109,32.16,64.3542003324482
53472,-8.218149,-3.72383,4.325625,-0.006109,-0.00672,-0.00672,32.17,64.3856237621235
53482,-8.213365,-3.736991,4.326822,-0.006567,-0.008552,-0.007483,32.17,64.382130008609
53492,-8.225328,-3.739982,4.324429,-0.006414,-0.009621,-0.005956,32.18,64.4244643903125
53502,-8.221141,-3.728018,4.322634,-0.005803,-0.010385,-0.006261,32.16,64.4120869962559
53512,-8.212766,-3.728018,4.341179,-0.006109,-0.010843,-0.006872,32.16,64.297490809413
53522,-8.222337,-3.732205,4.329813,-0.006109,-0.010537,-0.006872,32.22,64.3820070206087
53532,-8.215158,-3.731607,4.334598,-0.005956,-0.010079,-0.005651,32.22,64.3405222798601
53542,-8.216953,-3.73041,4.338188,-0.005956,-0.009468,-0.005345,32.22,64.3248284830694
53552,-8.212766,-3.737589,4.338188,-0.005192,-0.008858,-0.005956,32.22,64.3227431467825
53562,-8.209774,-3.735795,4.336392,-0.005956,-0.008552,-0.006567,32.2,64.3234110748757
53572,-8.216953,-3.735795,4.335197,-0.005956,-0.008858,-0.005956,32.2,64.3457749205902
53582,-8.20798,-3.729812,4.343571,-0.006109,-0.00672,-0.006414,32.2,64.2761726864562
53592,-8.210373,-3.732205,4.345964,-0.005803,-0.005803,-0.006414,32.2,64.2717056505164
53602,-8.203793,-3.725625,4.346562,-0.005956,-0.004429,-0.006109,32.19,64.2469582755303
53612,-8.213962,-3.720241,4.348357,-0.005956,-0.003207,-0.006567,32.19,64.2552053308094
53622,-8.205587,-3.725625,4.345964,-0.006261,-0.002596,-0.006872,32.21,64.2541071859467
53632,-8.206783,-3.728616,4.354339,-0.005956,-0.000611,-0.006261,32.21,64.2167140365256
53642,-8.22473,-3.742973,4.346562,-0.005956,-0.000458,-0.007636,32.16,64.3121017862731
53652,-8.205587,-3.738786,4.342375,-0.006261,0.000764,-0.007025,32.16,64.2861640930983
53662,-8.216354,-3.729214,4.347161,-0.005651,0.00336,-0.007483,32.22,64.2759883242362
53672,-8.20798,-3.719643,4.341179,-0.00672,0.00504,-0.007025,32.21,64.2780689798295
53682,-8.210971,-3.731607,4.342973,-0.007178,0.006109,-0.007025,32.21,64.2878658367407
53692,-8.216953,-3.736392,4.34417,-0.00672,0.007483,-0.00672,32.18,64.3001243348061
53702,-8.210971,-3.728616,4.348955,-0.006567,0.008247,-0.007636,32.18,64.253950029691
53712,-8.221141,-3.731009,4.348357,-0.007025,0.010079,-0.007789,32.18,64.2824865304319
53722,-8.217552,-3.728018,4.34417,-0.007025,0.010079,-0.007483,32.18,64.292885920738
53732,-8.222337,-3.732804,4.341777,-0.00733,0.010385,-0.007483,32.25,64.3209297600535
53742,-8.222337,-3.736991,4.338188,-0.007025,0.011606,-0.00733,32.25,64.343716942141
53752,-8.227122,-3.732804,4.344768,-0.006872,0.012065,-0.008094,32.22,64.3163147279706
53762,-8.221739,-3.74058,4.342375,-0.00672,0.011759,-0.007636,32.22,64.3244702430741
53772,-8.221739,-3.732205,4.339384,-0.006872,0.013134,-0.008247,32.21,64.3313013324228
53782,-8.221141,-3.735795,4.344768,-0.007178,0.013592,-0.007941,32.21,64.3058840812974
53792,-8.228917,-3.722634,4.335794,-0.006414,0.013592,-0.006872,32.16,64.3562160895416
53802,-8.210373,-3.737589,4.332206,-0.006567,0.01237,-0.006567,32.16,64.3482068694087
53812,-8.20798,-3.724428,4.335794,-0.007941,0.012523,-0.006872,32.2,64.3107727188173
53822,-8.214561,-3.726223,4.334598,-0.007636,0.011912,-0.007941,32.2,64.3336575296208
53832,-8.212168,-3.738187,4.326224,-0.00672,0.011301,-0.007941,32.2,64.3837467339694
53842,-8.219346,-3.735795,4.332206,-0.007483,0.009927,-0.007636,32.2,64.36659728666
53852,-8.219944,-3.732205,4.334598,-0.007178,0.009621,-0.007483,32.2,64.3519310332658
53862,-8.218747,-3.73041,4.332206,-0.00672,0.008094,-0.007483,32.2,64.3597335620286
53872,-8.220542,-3.724428,4.32742,-0.006567,0.007636,-0.006872,32.2,64.3823631005321
53882,-8.218149,-3.735196,4.32742,-0.007025,0.00672,-0.00672,32.19,64.3879816817794
53892,-8.206783,-3.74058,4.331607,-0.007789,0.005651,-0.00733,32.19,64.3462735900264
53902,-8.220542,-3.731009,4.329813,-0.007025,0.004276,-0.007025,32.18,64.3767397443894
53912,-8.223534,-3.741776,4.325027,-0.007483,0.003054,-0.007483,32.18,64.4191806517916
53922,-8.215756,-3.734598,4.328018,-0.00672,0.002596,-0.006872,32.23,64.3788916084742
53932,-8.220542,-3.74058,4.338188,-0.006567,0.002138,-0.00672,32.23,64.3433498739738
53942,-8.227122,-3.746562,4.328616,-0.005956,0.001069,-0.007178,32.2,64.4136298680189
53952,-8.225926,-3.736392,4.333402,-0.006109,0.000458,-0.007178,32.2,64.3758613607351
53962,-8.213365,-3.722634,4.323233,-0.006872,-0.000764,-0.006261,32.18,64.3859659921933
53972,-8.222337,-3.738187,4.325027,-0.007636,-0.001222,-0.006872,32.18,64.4128181731147
53982,-8.226524,-3.732205,4.320839,-0.00672,-0.002749,-0.007483,32.22,64.4377386594986
53992,-8.218149,-3.738786,4.326822,-0.006109,-0.003971,-0.006414,32.22,64.3947438158186
54002,-8.212168,-3.736392,4.332206,-0.006414,-0.003818,-0.005956,32.21,64.351026963448
54012,-8.223534,-3.732205,4.336991,-0.006414,-0.004734,-0.005803,32.21,64.3476858605718
54022,-8.219346,-3.733402,4.34417,-0.00672,-0.005651,-0.006261,32.19,64.3024592905866
54032,-8.212766,-3.74058,4.336392,-0.00672,-0.005498,-0.006414,32.17,64.3350789565837
54042,-8.219944,-3.734,4.339384,-0.006261,-0.005192,-0.005498,32.17,64.3290907630328
54052,-8.206185,-3.732804,4.332206,-0.006567,-0.005192,-0.006414,32.2,64.333839484466
54062,-8.221141,-3.728018,4.334598,-0.006872,-0.004734,-0.006567,32.2,64.3503458493926
54072,-8.216354,-3.735196,4.336392,-0.00672,-0.004581,-0.006109,32.15,64.3376461851336
54082,-8.221739,-3.723232,4.335794,-0.007025,-0.004581,-0.006261,32.15,64.3406325736176
54092,-8.222337,-3.743571,4.335197,-0.007025,-0.004887,-0.007178,32.18,64.3658774737686
54102,-8.216354,-3.728616,4.334598,-0.006261,-0.004581,-0.00672,32.18,64.3401567354785
54112,-8.223534,-3.738187,4.34058,-0.007025,-0.003207,-0.007178,32.19,64.335312546196
54122,-8.219346,-3.732205,4.338188,-0.006872,-0.003512,-0.007025,32.19,64.3320686303072
54132,-8.217552,-3.724428,4.341179,-0.00672,-0.003054,-0.00733,32.19,64.3046278297385
54142,-8.216354,-3.735196,4.341179,-0.006414,-0.002138,-0.006567,32.19,64.3129618318386
54152,-8.217552,-3.74716,4.339384,-0.006109,-0.001985,-0.007178,32.18,64.3372016041252
54162,-8.206783,-3.735795,4.34058,-0.005956,-0.001222,-0.006872,32.18,64.2950477097333
54172,-8.212168,-3.733402,4.338188,-0.00672,-0.000611,-0.00672,32.21,64.3170935136427
54182,-8.214561,-3.731607,4.342375,-0.006414,0.000764,-0.00672,32.21,64.299062919385
54192,-8.208578,-3.734598,4.346562,-0.005956,0.001527,-0.007178,32.2,64.2670240592715
54202,-8.225926,-3.72383,4.347161,-0.006109,0.002902,-0.007025,32.19,64.2921066480354
54212,-8.206185,-3.72383,4.342375,-0.006414,0.003207,-0.007636,32.19,64.2721322183808
54222,-8.218149,-3.729214,4.337589,-0.006567,0.004429,-0.00733,32.2,64.3293921742351
54232,-8.208578,-3.731607,4.333402,-0.007178,0.005345,-0.00733,32.2,64.3318400984263
54242,-8.217552,-3.732804,4.348955,-0.006872,0.006414,-0.007178,32.14,64.2731372752573
54252,-8.205587,-3.734,4.339982,-0.006414,0.006414,-0.007789,32.14,64.2935826589375
54262,-8.224131,-3.744768,4.344768,-0.005956,0.007178,-0.007789,32.16,64.3218317164923
54272,-8.221739,-3.735795,4.336991,-0.006414,0.007941,-0.007636,32.16,64.3473144866114
54282,-8.216354,-3.735795,4.336991,-0.006414,0.009316,-0.006872,32.2,64.3351712262164
54292,-8.218747,-3.731607,4.34417,-0.006414,0.01069,-0.007025,32.2,64.2992657767186
54302,-8.230114,-3.738786,4.341179,-0.006872,0.01069,-0.007789,32.19,64.3476649664571
54312,-8.220542,-3.738187,4.344768,-0.007025,0.010537,-0.007636,32.19,64.3069860960805
54322,-8.212766,-3.729812,4.338188,-0.006567,0.011301,-0.007483,32.19,64.3147597789486
54332,-8.220542,-3.724428,4.335197,-0.005956,0.011759,-0.008094,32.19,64.3422329852579
54342,-8.210971,-3.738187,4.339982,-0.00672,0.011606,-0.008858,32.22,64.310053016627
54352,-8.209774,-3.729812,4.329215,-0.006567,0.01237,-0.008552,32.22,64.3543155706364
54362,-8.213365,-3.739982,4.339384,-0.007025,0.011148,-0.008247,32.18,64.3203854120884
54372,-8.223534,-3.73041,4.332206,-0.006872,0.011301,-0.007636,32.16,64.3705246265162
54382,-8.221141,-3.726223,4.329215,-0.006109,0.011148,-0.007178,32.16,64.3762829558468
54392,-8.217552,-3.725625,4.325625,-0.006414,0.010385,-0.007941,32.2,64.3861120871595
54402,-8.220542,-3.733402,4.339982,-0.006414,0.009621,-0.008247,32.2,64.3267443602413
54412,-8.218149,-3.731607,4.331607,-0.006261,0.007789,-0.007941,32.2,64.3627010457207
54422,-8.222935,-3.73041,4.335197,-0.006567,0.007789,-0.007789,32.2,64.3537490359836
54432,-8.22473,-3.728018,4.345964,-0.006567,0.006872,-0.007483,32.17,64.2998566176297
54442,-8.225328,-3.725625,4.332206,-0.006414,0.005192,-0.006872,32.17,64.3696795029552
54452,-8.228917,-3.73041,4.328018,-0.006261,0.004276,-0.00733,32.17,64.4042480046554
54462,-8.221141,-3.734598,4.325625,-0.006414,0.003207,-0.007025,32.17,64.4033707760045
54472,-8.223534,-3.736392,4.326224,-0.005651,0.00168,-0.007025,32.17,64.4074992349566
54482,-8.218149,-3.72383,4.322036,-0.006414,0.000153,-0.007636,32.17,64.4041584609989
54492,-8.226524,-3.722634,4.334,-0.006414,-0.000764,-0.00733,32.21,64.3600702752735
54502,-8.232506,-3.735795,4.324429,-0.005803,-0.001985,-0.00733,32.21,64.4363207483533
54512,-8.22772,-3.741776,4.331009,-0.005651,-0.003207,-0.007636,32.2,64.3977410269294
54522,-8.222935,-3.736991,4.325625,-0.006261,-0.004581,-0.007483,32.2,64.4098546962756
54532,-8.218149,-3.715455,4.343571,-0.006261,-0.00672,-0.006261,32.19,64.2844575935321
54542,-8.222337,-3.734598,4.329215,-0.00733,-0.006567,-0.006872,32.22,64.3875392071386
54552,-8.224131,-3.731607,4.323831,-0.007025,-0.007636,-0.006414,32.22,64.416302878506
54562,-8.210373,-3.73041,4.334,-0.006414,-0.008552,-0.006872,32.23,64.3315785843079
54572,-8.220542,-3.726223,4.334,-0.006414,-0.008094,-0.006261,32.23,64.3502433270421
54582,-8.220542,-3.731607,4.339384,-0.006567,-0.008399,-0.006261,32.18,64.3279882421324
54592,-8.219944,-3.739383,4.329813,-0.006567,-0.008399,-0.005651,32.18,64.3839635116277
54602,-8.222337,-3.731009,4.342973,-0.006261,-0.008247,-0.004581,32.17,64.3129276075816
54612,-8.217552,-3.73041,4.332804,-0.006567,-0.00733,-0.006109,32.17,64.3539531107879
54622,-8.225926,-3.728018,4.339982,-0.006261,-0.007178,-0.005803,32.18,64.3333801814936
54632,-8.222935,-3.734598,4.342973,-0.006414,-0.007483,-0.005651,32.18,64.3179537277889
54642,-8.218747,-3.735196,4.342375,-0.00672,-0.006261,-0.006109,32.23,64.3121981879331
54652,-8.209774,-3.734598,4.338786,-0.005956,-0.004887,-0.005803,32.23,64.3098300199047
54662,-8.218149,-3.732804,4.338188,-0.006261,-0.003818,-0.006567,32.21,64.3299815402529
54672,-8.219944,-3.732804,4.345366,-0.006109,-0.001985,-0.006872,32.21,64.2970332231287
54682,-8.212168,-3.727419,4.34417,-0.006567,-0.000916,-0.006872,32.2,64.2800987371906
54692,-8.210971,-3.732205,4.351348,-0.005956,0.001069,-0.006567,32.2,64.2453072447966
54702,-8.228917,-3.73041,4.353143,-0.006414,0.001985,-0.00733,32.2,64.2747948432413
54712,-8.221739,-3.738187,4.343571,-0.00672,0.005803,-0.008094,32.22,64.3158536699164
54722,-8.212766,-3.74716,4.342973,-0.005803,0.006414,-0.008399,32.22,64.3079133389245
54732,-8.208578,-3.732804,4.348357,-0.005956,0.00733,-0.00901,32.16,64.2559239969625
54742,-8.218149,-3.732804,4.347759,-0.005803,0.008705,-0.008399,32.16,64.2806483895221
54752,-8.216354,-3.732804,4.353143,-0.005498,0.010079,-0.007789,32.21,64.2488551984534
54762,-8.210373,-3.735795,4.341777,-0.006109,0.011759,-0.008094,32.21,64.2969862159937
54772,-8.219944,-3.732205,4.339384,-0.00672,0.011759,-0.008247,32.17,64.3272514753832
54782,-8.222337,-3.724428,4.339384,-0.00672,0.012523,-0.008247,32.17,64.3246921052593
54792,-8.220542,-3.731607,4.334,-0.006872,0.013592,-0.007941,32.21,64.355751601928
54802,-8.2014,-3.731607,4.338188,-0.006261,0.013592,-0.00901,32.21,64.2909098044319
54812,-8.22772,-3.738187,4.331009,-0.00672,0.014203,-0.008094,32.18,64.3940717504391
54822,-8.225328,-3.738786,4.334,-0.00672,0.014661,-0.008247,32.18,64.373881101648
54832,-8.213962,-3.741179,4.341179,-0.006261,0.014203,-0.008552,32.22,64.313707711038
54852,-8.220542,-3.739383,4.338188,-0.00733,0.013439,-0.008247,32.2,64.3421225025974
54862,-8.221141,-3.731009,4.339384,-0.006567,0.013439,-0.008094,32.2,64.3287273979174
54872,-8.219944,-3.735795,4.324429,-0.007025,0.012981,-0.007789,32.17,64.4080736705035
54882,-8.222935,-3.729812,4.329215,-0.00672,0.010996,-0.00901,32.17,64.3839933278037
54892,-8.22772,-3.723232,4.326224,-0.006261,0.009927,-0.007636,32.17,64.4034896418645
54902,-8.214561,-3.734,4.32742,-0.00672,0.008247,-0.007789,32.17,64.3786727542444
54912,-8.225926,-3.736392,4.321437,-0.006261,0.007025,-0.007483,32.17,64.4375805651648
54922,-8.218149,-3.74058,4.331009,-0.006109,0.004581,-0.008094,32.2,64.3749783255132
54932,-8.218747,-3.736392,4.328616,-0.005803,0.003207,-0.008094,32.2,64.3843809783151
54942,-8.228318,-3.73041,4.333402,-0.005956,0.001833,-0.00672,32.14,64.375134938414
54952,-8.222337,-3.741179,4.328616,-0.006414,0.000458,-0.00672,32.14,64.3973628806784
54962,-8.235497,-3.735795,4.328616,-0.006567,-0.00168,-0.007178,32.18,64.4214520278692
54972,-8.221141,-3.728616,4.326822,-0.006261,-0.002138,-0.00672,32.18,64.3910782581021
54982,-8.221739,-3.73041,4.32742,-0.006261,-0.003665,-0.008094,32.17,64.3911724712757
54992,-8.221739,-3.745964,4.332804,-0.006261,-0.005498,-0.00733,32.17,64.3793214699153
55002,-8.218747,-3.744169,4.336392,-0.006109,-0.005803,-0.006872,32.21,64.3522457688362
55012,-8.228917,-3.736991,4.328616,-0.005651,-0.00672,-0.00733,32.21,64.4078811426636
55022,-8.223534,-3.734598,4.334,-0.006109,-0.007483,-0.007025,32.21,64.3655557184756
55032,-8.216953,-3.734598,4.335197,-0.005345,-0.007636,-0.006567,32.21,64.3445477769211
55042,-8.217552,-3.732205,4.33041,-0.005345,-0.007025,-0.007025,32.19,64.3681438784668
55052,-8.22473,-3.739982,4.334,-0.005345,-0.00733,-0.007178,32.19,64.3737589617315
55062,-8.218149,-3.742973,4.331607,-0.005651,-0.007178,-0.007025,32.2,64.3743471345981
55072,-8.208578,-3.732205,4.34058,-0.005192,-0.007178,-0.007178,32.17,64.2954133566264
55082,-8.220542,-3.735795,4.336392,-0.006261,-0.007178,-0.007178,32.17,64.3477044992847
55092,-8.216953,-3.728018,4.328018,-0.005498,-0.005803,-0.007636,32.2,64.3748539485359
55102,-8.213365,-3.73041,4.345366,-0.005956,-0.006109,-0.008094,32.2,64.2797102537704
55112,-8.21157,-3.732205,4.34058,-0.006109,-0.00504,-0.007178,32.22,64.3021754402947
55122,-8.214561,-3.733402,4.347759,-0.006261,-0.004429,-0.007178,32.22,64.273153191606
55132,-8.218747,-3.736991,4.336991,-0.005192,-0.003512,-0.006872,32.23,64.3417947032246
55142,-8.208578,-3.737589,4.338786,-0.005345,-0.002902,-0.006414,32.23,64.3102032472474
55152,-8.220542,-3.735196,4.336991,-0.006414,-0.001527,-0.007178,32.21,64.3440023539881
55162,-8.201998,-3.737589,4.349553,-0.006567,0,-0.006872,32.21,64.2397944711279
55172,-8.213365,-3.734598,4.348357,-0.005803,0.000916,-0.006261,32.2,64.2685967911689
55182,-8.219346,-3.736991,4.355535,-0.007025,0.00168,-0.007025,32.2,64.2476071721019
55192,-8.216953,-3.728018,4.341179,-0.006109,0.003512,-0.007636,32.15,64.3069527596685
55202,-8.205587,-3.731607,4.338188,-0.006872,0.004276,-0.007941,32.15,64.3003789930238
55212,-8.220542,-3.726223,4.345964,-0.00672,0.004734,-0.008247,32.2,64.288557326591
55222,-8.226524,-3.733402,4.345964,-0.006261,0.005498,-0.007483,32.2,64.3094178143547
55232,-8.216354,-3.739383,4.342375,-0.006872,0.00672,-0.00733,32.21,64.3110950913602
55245,-8.219346,-3.732804,4.347759,-0.00672,0.008094,-0.007483,32.22,64.2833529128281
55252,-8.216953,-3.732804,4.339982,-0.006872,0.008705,-0.008399,32.22,64.318031652159
55262,-8.216354,-3.737589,4.34417,-0.006567,0.008552,-0.008399,32.22,64.3000010679257
55272,-8.216953,-3.73041,4.333402,-0.007025,0.00901,-0.008552,32.22,64.3495165171362
55282,-8.222337,-3.725625,4.342375,-0.006414,0.009316,-0.007178,32.16,64.3104975746123
55292,-8.228318,-3.735196,4.337589,-0.006872,0.009468,-0.007789,32.16,64.358443437863
55302,-8.217552,-3.738786,4.34417,-0.00672,0.010385,-0.008247,32.21,64.3039346698329
55312,-8.213365,-3.731009,4.332206,-0.007025,0.009927,-0.008858,32.21,64.3482063816316
55322,-8.224131,-3.733402,4.335197,-0.00733,0.01069,-0.007483,32.2,64.3595053881583
55332,-8.214561,-3.735196,4.341179,-0.007025,0.01069,-0.007178,32.2,64.3089137816126
55342,-8.219944,-3.725625,4.32742,-0.007025,0.010079,-0.007789,32.2,64.3822378081187
55352,-8.224131,-3.731607,4.336991,-0.007178,0.01069,-0.008094,32.2,64.3484200078241
55362,-8.218149,-3.73041,4.338786,-0.007483,0.011148,-0.007636,32.19,64.3244445083525
55372,-8.224131,-3.731009,4.331009,-0.00733,0.010385,-0.008399,32.19,64.3786560600617
55382,-8.218149,-3.731009,4.326224,-0.006872,0.010996,-0.008247,32.18,64.3898703874181
55392,-8.215756,-3.731009,4.332206,-0.00672,0.010079,-0.008705,32.18,64.3536009707843
55402,-8.215756,-3.731009,4.325027,-0.005498,0.009927,-0.007025,32.23,64.390658180058
55412,-8.212766,-3.744169,4.328018,-0.006261,0.009316,-0.008247,32.18,64.3819710285478
55422,-8.215158,-3.736991,4.329215,-0.006261,0.008247,-0.008094,32.18,64.373818114731
55432,-8.223534,-3.735795,4.323831,-0.005803,0.007789,-0.007178,32.21,64.4192374433322
55442,-8.215158,-3.741179,4.325625,-0.006109,0.006109,-0.007636,32.21,64.3966407579684
55452,-8.215756,-3.734,4.332804,-0.006109,0.005651,-0.007941,32.21,64.3535802158361
55462,-8.222935,-3.73041,4.328018,-0.005803,0.005345,-0.008399,32.21,64.3907805167995
55472,-8.218747,-3.736991,4.329215,-0.005651,0.00336,-0.008247,32.18,64.3819035451153
55482,-8.210971,-3.731607,4.324429,-0.00504,0.003054,-0.007941,32.18,64.3835730888547
55492,-8.218149,-3.733402,4.328616,-0.00504,0.002291,-0.007483,32.2,64.379972810557
55502,-8.216354,-3.723232,4.33041,-0.005651,0.000764,-0.007636,32.2,64.3562590403546
55512,-8.216953,-3.737589,4.328018,-0.005192,-0.000458,-0.007789,32.2,64.3846523432268
55522,-8.221739,-3.732804,4.337589,-0.004887,-0.000916,-0.007178,32.2,64.3411684866497
55532,-8.214561,-3.735196,4.333402,-0.00504,-0.002138,-0.007025,32.22,64.3490259062963
55542,-8.220542,-3.731607,4.329813,-0.005192,-0.00336,-0.007178,32.22,64.3773513942191
55552,-8.225328,-3.729214,4.33041,-0.005192,-0.003818,-0.00672,32.21,64.3826084076252
55562,-8.216953,-3.734,4.328018,-0.004887,-0.004123,-0.006872,32.21,64.3809764519909
55572,-8.220542,-3.744169,4.326224,-0.005498,-0.006261,-0.006872,32.21,64.4087269844566
55582,-8.212766,-3.734598,4.331009,-0.005803,-0.006567,-0.005803,32.18,64.3567129146824
55592,-8.216953,-3.739982,4.335197,-0.006109,-0.007789,-0.00672,32.18,64.3500690620233
55602,-8.218149,-3.733402,4.34058,-0.005956,-0.007789,-0.005651,32.16,64.3182614383634
55612,-8.228917,-3.737589,4.339384,-0.005345,-0.007636,-0.005956,32.16,64.3529910697176
55622,-8.214561,-3.735795,4.332206,-0.005651,-0.008399,-0.005345,32.2,64.3558112520697
55632,-8.219346,-3.729214,4.332206,-0.005803,-0.008399,-0.006567,32.2,64.3598604192538
55642,-8.212168,-3.737589,4.335794,-0.005345,-0.008399,-0.006261,32.17,64.3337425187234
55652,-8.203793,-3.734,4.342375,-0.005345,-0.007483,-0.004887,32.17,64.2771789971243
55662,-8.213962,-3.735196,4.341777,-0.005956,-0.007025,-0.006261,32.21,64.304477833701
55672,-8.212766,-3.734,4.34058,-0.005956,-0.006872,-0.006109,32.21,64.3067207595276
55682,-8.210373,-3.728616,4.342973,-0.006109,-0.006414,-0.006567,32.21,64.2834410768386
55692,-8.217552,-3.727419,4.348357,-0.006414,-0.004734,-0.00672,32.21,64.2706921956798
55702,-8.216354,-3.71067,4.34417,-0.006414,-0.003971,-0.006567,32.22,64.2724094087117
55712,-8.216953,-3.728018,4.342375,-0.006567,-0.003665,-0.007178,32.22,64.3007861021577
55722,-8.21157,-3.731009,4.350152,-0.005345,-0.00168,-0.006414,32.19,64.251596233486
55732,-8.216953,-3.732205,4.348955,-0.005345,-0.000305,-0.00672,32.19,64.2711683069496
55742,-8.207382,-3.734,4.348955,-0.005803,0.000764,-0.006872,32.21,64.251365750062
55752,-8.220542,-3.732205,4.341777,-0.007025,0.003818,-0.007789,32.21,64.3162653075149
55762,-8.209774,-3.738786,4.347161,-0.007178,0.004887,-0.008399,32.21,64.2709510218901
55772,-8.213365,-3.739383,4.342375,-0.006414,0.007178,-0.008094,32.23,64.3043485004708
55782,-8.212766,-3.718446,4.347161,-0.006261,0.00901,-0.007789,32.23,64.2568220349982
55792,-8.207382,-3.729812,4.345366,-0.00672,0.010232,-0.008858,32.21,64.2655616555201
55802,-8.210971,-3.722036,4.335794,-0.00733,0.01069,-0.008094,32.21,64.315082798415
55812,-8.220542,-3.734,4.343571,-0.006872,0.012065,-0.008094,32.19,64.3088593400913
55822,-8.206783,-3.737589,4.348955,-0.007025,0.012981,-0.008552,32.19,64.2537069887338
55832,-8.220542,-3.728018,4.346562,-0.00672,0.01405,-0.008858,32.2,64.2873149995631
55842,-8.215756,-3.72383,4.345964,-0.00672,0.014966,-0.008858,32.2,64.2752829108504
55852,-8.205587,-3.733402,4.341777,-0.00672,0.015272,-0.008705,32.17,64.2837064011052
55862,-8.219944,-3.735196,4.337589,-0.00672,0.015272,-0.009316,32.17,64.3395706763059
55872,-8.22473,-3.737589,4.339384,-0.007178,0.014661,-0.00901,32.22,64.3435585944505
55882,-8.218747,-3.731607,4.345366,-0.007025,0.014355,-0.008858,32.22,64.2931020445282
55892,-8.218747,-3.731607,4.336392,-0.00672,0.015272,-0.008399,32.18,64.3393662225677
55902,-8.216953,-3.731009,4.334598,-0.006567,0.014813,-0.008858,32.18,64.3439597546893
55912,-8.22473,-3.732804,4.331009,-0.005956,0.013592,-0.00901,32.21,64.3818398019784
55922,-8.23789,-3.734,4.342375,-0.005803,0.012523,-0.008399,32.16,64.3541248155748
55932,-8.225926,-3.731607,4.326224,-0.006109,0.011606,-0.008247,32.16,64.4079934302467
55942,-8.222337,-3.727419,4.333402,-0.006261,0.010537,-0.007636,32.16,64.3585997402741
55952,-8.222337,-3.737589,4.33041,-0.005651,0.009316,-0.008399,32.16,64.3844348250586
55962,-8.228318,-3.728018,4.335794,-0.006261,0.008399,-0.007941,32.2,64.3603607253808
55972,-8.216354,-3.741179,4.328616,-0.006567,0.006872,-0.008247,32.2,64.3838967356601
55982,-8.230114,-3.738786,4.333402,-0.00672,0.006414,-0.008552,32.18,64.3877336748844
55992,-8.219944,-3.731009,4.314857,-0.006567,0.00504,-0.00733,32.18,64.4526147756249
56002,-8.220542,-3.727419,4.323233,-0.006109,0.003971,-0.007483,32.14,64.4070335436015
56012,-8.223534,-3.734,4.325625,-0.005651,0.001985,-0.007178,32.14,64.4081453469751
56022,-8.22473,-3.741776,4.326224,-0.006109,0.000611,-0.007789,32.16,64.4156941295267
56032,-8.226524,-3.739383,4.32742,-0.006261,-0.001374,-0.006872,32.16,64.4111119174949
56042,-8.233105,-3.728616,4.331009,-0.006261,-0.001985,-0.00672,32.14,64.3964196678256
56052,-8.219346,-3.732205,4.323233,-0.005956,-0.003818,-0.007941,32.14,64.4092305874983
56062,-8.220542,-3.728616,4.322036,-0.005192,-0.004123,-0.007636,32.21,64.4144366355799
56072,-8.216953,-3.738786,4.323831,-0.005192,-0.005651,-0.007178,32.21,64.4074901555159
56082,-8.230114,-3.737589,4.321437,-0.005651,-0.006567,-0.006872,32.18,64.4482113366451
56092,-8.213365,-3.732205,4.339384,-0.005803,-0.008094,-0.006414,32.18,64.3123991211628
56102,-8.224131,-3.734598,4.335197,-0.005498,-0.008094,-0.006261,32.19,64.3607289630363
56112,-8.212168,-3.744169,4.341179,-0.00504,-0.008552,-0.006872,32.21,64.3127341400985
56122,-8.213962,-3.728616,4.335794,-0.005345,-0.009316,-0.007483,32.21,64.328585705606
56132,-8.224131,-3.741179,4.34058,-0.005803,-0.009468,-0.008247,32.2,64.3397241041147
56142,-8.225926,-3.728616,4.339982,-0.005498,-0.009316,-0.007025,32.2,64.3339915859416
56152,-8.216354,-3.734,4.335197,-0.006414,-0.00901,-0.00733,32.22,64.3425836394023
56162,-8.21157,-3.736991,4.34058,-0.005803,-0.007636,-0.00672,32.22,64.3070923383829
56172,-8.206783,-3.738786,4.34058,-0.005192,-0.007789,-0.006109,32.19,64.298125631088
56182,-8.210373,-3.731607,4.342973,-0.005498,-0.007178,-0.005803,32.19,64.2865138776998
56192,-8.20798,-3.736991,4.349553,-0.005803,-0.005651,-0.006109,32.2,64.2527166092232
56202,-8.20798,-3.731607,4.342973,-0.006109,-0.005192,-0.00672,32.2,64.2811026233326
56212,-8.213962,-3.745365,4.348955,-0.006109,-0.00336,-0.006261,32.19,64.2779415192541
56222,-8.210373,-3.736991,4.342375,-0.005651,-0.003207,-0.006872,32.19,64.2951321181342
56232,-8.219346,-3.738786,4.346562,-0.005498,-0.001527,-0.006872,32.18,64.2956594055374
56242,-8.210971,-3.733402,4.341179,-0.005803,-0.000153,-0.006872,32.18,64.2989620943586
56252,-8.212168,-3.735196,4.347161,-0.006872,0.001527,-0.007636,32.16,64.272669331351
56262,-8.217552,-3.726223,4.351946,-0.00672,0.004429,-0.007483,32.16,64.2509735157257
56272,-8.209774,-3.737589,4.338188,-0.005956,0.006109,-0.007483,32.2,64.3159889270107
56282,-8.204989,-3.733402,4.336392,-0.006872,0.006872,-0.007636,32.2,64.3101424833113
56292,-8.210971,-3.735795,4.344768,-0.006109,0.008705,-0.007025,32.2,64.2829150823805
56302,-8.221739,-3.746562,4.342973,-0.006414,0.008705,-0.007789,32.16,64.327528488876
56312,-8.215756,-3.738187,4.346562,-0.00672,0.010385,-0.007636,32.16,64.2869383522479
56322,-8.214561,-3.734598,4.346562,-0.00672,0.011759,-0.00733,32.19,64.2805507918409
56332,-8.213365,-3.736392,4.339982,-0.006872,0.012065,-0.007789,32.19,64.3136138175787
56342,-8.221739,-3.738786,4.332206,-0.007025,0.012828,-0.007636,32.25,64.3750507228392
56352,-8.214561,-3.745365,4.339384,-0.007178,0.012675,-0.008399,32.25,64.3286154025663
56362,-8.21157,-3.729214,4.341179,-0.005803,0.012981,-0.008705,32.17,64.2960147313295
56372,-8.212168,-3.739383,4.328616,-0.00672,0.013286,-0.007789,32.17,64.3726251175209
56382,-8.208578,-3.732205,4.342375,-0.006567,0.012828,-0.007636,32.19,64.2861542008085
56392,-8.218747,-3.735795,4.338786,-0.006567,0.013439,-0.007789,32.19,64.3313134818803
56402,-8.210373,-3.736392,4.332206,-0.00672,0.013134,-0.00733,32.16,64.3469777913198
56412,-8.218149,-3.728616,4.334598,-0.006414,0.011759,-0.008094,32.16,64.3442076282002
56422,-8.220542,-3.731009,4.33041,-0.005651,0.011454,-0.007789,32.24,64.3736594250699
56432,-8.227122,-3.741179,4.335197,-0.005803,0.010537,-0.007941,32.24,64.3741978588255
56442,-8.219944,-3.736392,4.342375,-0.005803,0.009316,-0.007636,32.19,64.3161261366032
56452,-8.228318,-3.742973,4.328616,-0.006414,0.008705,-0.008858,32.17,64.4126467778649
56462,-8.221141,-3.735196,4.334,-0.006414,0.00733,-0.008399,32.17,64.3607758028094
56472,-8.222337,-3.728616,4.326822,-0.005192,0.005803,-0.008094,32.2,64.3937725852087
56482,-8.218149,-3.726821,4.319643,-0.005651,0.005803,-0.00733,32.2,64.4195738418474
56492,-8.231908,-3.735795,4.329813,-0.005651,0.00504,-0.007025,32.14,64.4072141793505
56502,-8.214561,-3.728018,4.325027,-0.006261,0.004276,-0.006872,32.14,64.3849038500792
56512,-8.22473,-3.733402,4.329813,-0.005651,0.00336,-0.007025,32.14,64.3886197855645
56522,-8.22772,-3.741179,4.341179,-0.005956,0.002443,-0.007789,32.14,64.3447228763082
56532,-8.221739,-3.731009,4.334,-0.005803,0.001527,-0.00733,32.2,64.3578384163548
56542,-8.221141,-3.734,4.33041,-0.006109,0.000611,-0.006109,32.2,64.3780689186453
56552,-8.230114,-3.739383,4.339982,-0.005803,0,-0.007483,32.2,64.3544410834769
56562,-8.22473,-3.735795,4.329215,-0.005803,-0.000611,-0.006414,32.2,64.3941502822176
56572,-8.233105,-3.731009,4.325027,-0.006109,-0.001833,-0.007178,32.21,64.4297052436016
56582,-8.217552,-3.745365,4.33041,-0.005956,-0.002749,-0.00733,32.21,64.3816309390296
56592,-8.2349,-3.74058,4.34058,-0.006567,-0.003512,-0.007025,32.15,64.3633567362395
56602,-8.224131,-3.726223,4.328616,-0.005192,-0.004123,-0.005651,32.15,64.3861128578326
56612,-8.222337,-3.734598,4.34058,-0.005345,-0.00504,-0.006109,32.17,64.328936534712
56622,-8.214561,-3.732804,4.334598,-0.005803,-0.005345,-0.006414,32.18,64.3404022882066
56632,-8.221141,-3.731009,4.332206,-0.004734,-0.005498,-0.006261,32.18,64.3657438792211
56642,-8.214561,-3.728616,4.335197,-0.00504,-0.005651,-0.007178,32.18,64.33301857861
56652,-8.218747,-3.741179,4.34058,-0.004581,-0.005192,-0.006872,32.18,64.3275888396376
56662,-8.224131,-3.737589,4.34417,-0.005192,-0.004429,-0.00672,32.18,64.3175496628256
56672,-8.230114,-3.735795,4.337589,-0.005651,-0.004123,-0.006414,32.18,64.3631003869653
56682,-8.218149,-3.723232,4.341179,-0.005192,-0.004276,-0.007025,32.14,64.3047522331717
56692,-8.218149,-3.732804,4.345964,-0.005345,-0.004123,-0.006567,32.14,64.2898974959881
56702,-8.217552,-3.729214,4.345964,-0.005651,-0.003665,-0.00733,32.18,64.2848655498469
56712,-8.220542,-3.721437,4.334598,-0.005345,-0.003054,-0.006872,32.18,64.342265338483
56722,-8.209774,-3.734598,4.344768,-0.006109,-0.002749,-0.006872,32.2,64.2789782830495
56732,-8.212766,-3.731607,4.339982,-0.005956,-0.001985,-0.00672,32.2,64.3073479639996
56742,-8.22473,-3.72383,4.345964,-0.005956,-0.002596,-0.007636,32.15,64.2955712229689
56752,-8.214561,-3.731607,4.347759,-0.005651,-0.001833,-0.007789,32.15,64.2713092271822
56762,-8.215756,-3.727419,4.335794,-0.006414,-0.001069,-0.008552,32.21,64.331410089788
56772,-8.216354,-3.741776,4.339384,-0.006109,-0.000458,-0.007483,32.21,64.3289707333868
56782,-8.216953,-3.741776,4.338786,-0.005498,0.000916,-0.007636,32.16,64.333404275685
56792,-8.218747,-3.737589,4.337589,-0.005192,0.001374,-0.007025,32.16,64.3393244858658
56802,-8.212766,-3.728616,4.346562,-0.005956,0.002596,-0.007789,32.16,64.2703475314897
56812,-8.208578,-3.736991,4.337589,-0.006414,0.002749,-0.007483,32.2,64.315763723605
56822,-8.215158,-3.734598,4.346562,-0.00672,0.003971,-0.00733,32.2,64.2818998914427
56832,-8.208578,-3.728616,4.343571,-0.006872,0.004429,-0.008552,32.2,64.2762962804668
56842,-8.209177,-3.729812,4.344768,-0.007178,0.005345,-0.007789,32.2,64.2727072544833
56852,-8.215158,-3.736991,4.342375,-0.006109,0.006109,-0.007483,32.23,64.3059388775455
56862,-8.20798,-3.74058,4.34417,-0.006414,0.00733,-0.007789,32.23,64.2841628865383
56872,-8.214561,-3.723232,4.357928,-0.006872,0.007941,-0.008094,32.16,64.2103154361821
56882,-8.212766,-3.74058,4.34058,-0.006261,0.009163,-0.008858,32.16,64.3134812623289
56892,-8.216953,-3.732804,4.349553,-0.006872,0.009316,-0.009163,32.2,64.2687024516797
56902,-8.225328,-3.72383,4.341777,-0.006261,0.010537,-0.008094,32.2,64.3184979914084
56912,-8.231908,-3.732804,4.337589,-0.00672,0.011606,-0.007483,32.18,64.3640844580034
56922,-8.213962,-3.731009,4.334,-0.006414,0.011912,-0.007636,32.18,64.3402956227305
56932,-8.204391,-3.736392,4.341179,-0.006109,0.012981,-0.007789,32.18,64.287164730359
56942,-8.212766,-3.735795,4.342375,-0.007483,0.013286,-0.007636,32.18,64.2993085872105
56952,-8.218149,-3.738187,4.336991,-0.006872,0.013134,-0.007941,32.19,64.3416727618811
56962,-8.219944,-3.741776,4.338786,-0.006567,0.013439,-0.007178,32.2,64.3401464930776
56972,-8.217552,-3.738786,4.331607,-0.00733,0.013439,-0.008094,32.2,64.3687097449329
56982,-8.214561,-3.739982,4.331009,-0.00672,0.013134,-0.007941,32.15,64.3662823203026
56992,-8.22473,-3.735795,4.339384,-0.007025,0.012217,-0.008399,32.15,64.3417216856527
57002,-8.219346,-3.736991,4.335794,-0.006261,0.01237,-0.008247,32.17,64.3493174371727
57012,-8.216953,-3.741776,4.335197,-0.006414,0.011301,-0.008094,32.17,64.3519097777625
57022,-8.235497,-3.735196,4.332206,-0.005803,0.010537,-0.007941,32.2,64.4023384898483
57032,-8.213962,-3.748955,4.326224,-0.006261,0.009774,-0.007483,32.2,64.3988354171055
57042,-8.21157,-3.744169,4.334598,-0.006567,0.008705,-0.007178,32.19,64.3453241168498
57052,-8.215158,-3.735196,4.323233,-0.006261,0.006872,-0.00733,32.19,64.4028606499509
57062,-8.229516,-3.734,4.332206,-0.006872,0.005345,-0.008552,32.2,64.3876641014028
57072,-8.219944,-3.741776,4.331607,-0.005956,0.003512,-0.008094,32.2,64.377161418453
57082,-8.22772,-3.738187,4.329813,-0.006109,0.001833,-0.007636,32.23,64.4002384842889
57092,-8.2349,-3.735196,4.326224,-0.005498,0.001069,-0.007483,32.23,64.4318320078658
57102,-8.218747,-3.735795,4.331607,-0.00504,-0.000305,-0.007025,32.18,64.3683375498203
57112,-8.210373,-3.739383,4.32742,-0.005345,-0.002443,-0.00733,32.18,64.3747540577175
57122,-8.221739,-3.732804,4.33041,-0.004887,-0.003665,-0.007483,32.2,64.3781925714947
57132,-8.228318,-3.734598,4.329813,-0.004734,-0.007178,-0.00672,32.2,64.3979173490813
57142,-8.22473,-3.734,4.329215,-0.004734,-0.008247,-0.006261,32.21,64.3923155313546
57152,-8.220542,-3.735795,4.33041,-0.004276,-0.008552,-0.005956,32.18,64.3785566057056
57162,-8.222935,-3.734,4.335794,-0.003971,-0.009774,-0.005345,32.18,64.3543438373419
57172,-8.219346,-3.734598,4.338786,-0.005192,-0.010079,-0.006109,32.21,64.3314375847313
57182,-8.208578,-3.72383,4.333402,-0.004581,-0.01069,-0.006109,32.21,64.32386042659
57192,-8.225926,-3.737589,4.342375,-0.003971,-0.011606,-0.00672,32.21,64.3308434526117
57202,-8.231908,-3.729214,4.345366,-0.005345,-0.011148,-0.005651,32.21,64.3203589363955
57212,-8.213962,-3.732205,4.341179,-0.004429,-0.011301,-0.006109,32.18,64.3044904727351
57222,-8.220542,-3.732804,4.339982,-0.004429,-0.011606,-0.005956,32.18,64.3261316501147
57232,-8.216953,-3.738786,4.343571,-0.004734,-0.010232,-0.005498,32.18,64.305669633708
57246,-8.218149,-3.728018,4.341179,-0.005498,-0.008705,-0.006414,32.2,64.309654487288
57252,-8.218149,-3.728018,4.341179,-0.005498,-0.008705,-0.006414,32.2,64.309654487288
57262,-8.216953,-3.732804,4.337589,-0.005498,-0.007636,-0.00672,32.2,64.3303716299774
57272,-8.213962,-3.729214,4.346562,-0.005651,-0.005956,-0.006872,32.18,64.2736667522944
57282,-8.213365,-3.728616,4.347161,-0.005498,-0.004123,-0.007025,32.18,64.2686147036334
57292,-8.225328,-3.73041,4.351348,-0.006261,-0.003054,-0.00733,32.19,64.275928168248
57302,-8.230712,-3.735196,4.351348,-0.006109,0.000916,-0.007025,32.19,64.2929848342278
57312,-8.203793,-3.724428,4.35733,-0.006261,0.001985,-0.007178,32.16,64.1902034872583
57322,-8.207382,-3.722634,4.359125,-0.006872,0.003665,-0.007636,32.21,64.1872516905246
57332,-8.21157,-3.726821,4.348357,-0.007025,0.005956,-0.00733,32.21,64.2565439873903
57342,-8.216953,-3.721437,4.351348,-0.006567,0.007483,-0.006261,32.2,64.2477891467511
57352,-8.217552,-3.735196,4.348357,-0.007025,0.009163,-0.007025,32.2,64.2786742877037
57362,-8.20798,-3.725027,4.352544,-0.007483,0.011301,-0.008552,32.19,64.2249849618333
57372,-8.215158,-3.731607,4.343571,-0.006872,0.012217,-0.008247,32.19,64.2942456105133
57382,-8.208578,-3.73041,4.345964,-0.006414,0.013744,-0.008247,32.2,64.265799282154
57392,-8.216354,-3.725027,4.347759,-0.007636,0.014813,-0.00901,32.2,64.2686107522925
57402,-8.209774,-3.727419,4.345964,-0.007636,0.016646,-0.008399,32.19,64.2654312660054
57412,-8.213962,-3.737589,4.335794,-0.007483,0.01741,-0.008247,32.19,64.3377899065818
57422,-8.209774,-3.732804,4.334598,-0.007636,0.018784,-0.008399,32.19,64.3295967345905
57432,-8.214561,-3.737589,4.332804,-0.007636,0.01909,-0.009927,32.19,64.3545657831117
57442,-8.222337,-3.726821,4.334,-0.007178,0.019853,-0.008552,32.21,64.3549039007311
57452,-8.233703,-3.727419,4.338188,-0.007025,0.01909,-0.008705,32.21,64.3595457818242
57462,-8.23131,-3.732205,4.328616,-0.00733,0.018631,-0.008399,32.2,64.4083787345247
57472,-8.214561,-3.737589,4.321437,-0.00733,0.018021,-0.007941,32.2,64.413241917599
57482,-8.213962,-3.734,4.323233,-0.007178,0.016493,-0.008094,32.18,64.3989422234895
57492,-8.225926,-3.733402,4.332206,-0.006872,0.015577,-0.008094,32.17,64.3789712682742
57502,-8.230114,-3.728616,4.325625,-0.006261,0.014203,-0.008399,32.17,64.4174560874803
57512,-8.216953,-3.731009,4.329215,-0.007178,0.012981,-0.008399,32.22,64.3717362085047
57522,-8.212766,-3.733402,4.323233,-0.006414,0.012217,-0.008399,32.22,64.3956352649616
57532,-8.224131,-3.738786,4.331607,-0.007025,0.010385,-0.007941,32.16,64.3835248329791
57542,-8.223534,-3.741179,4.322036,-0.006567,0.00901,-0.007789,32.16,64.4340039123306
57552,-8.237292,-3.739383,4.321437,-0.006261,0.007941,-0.006872,32.18,64.4661506750826
57562,-8.223534,-3.736392,4.329215,-0.006872,0.006414,-0.007941,32.18,64.3920687911821
57572,-8.22473,-3.725625,4.322036,-0.005956,0.003971,-0.008858,32.14,64.4208129838948
57582,-8.214561,-3.731009,4.326224,-0.006109,0.001985,-0.008552,32.14,64.381784194546
57592,-8.218747,-3.739383,4.329813,-0.006567,0.001069,-0.008094,32.25,64.3812683328677
57602,-8.231908,-3.744169,4.323233,-0.006414,0,-0.00733,32.25,64.449688441561
57612,-8.232506,-3.734598,4.329215,-0.006109,-0.002443,-0.00733,32.19,64.410420586184
57622,-8.228917,-3.74058,4.32742,-0.006261,-0.00336,-0.007025,32.19,64.4177144582926
57632,-8.216354,-3.734598,4.323233,-0.006109,-0.004429,-0.005956,32.19,64.4049416834754
57642,-8.218747,-3.731607,4.332206,-0.005498,-0.005498,-0.005956,32.19,64.3609588360894
57652,-8.216953,-3.729812,4.323831,-0.005651,-0.008705,-0.005956,32.18,64.3983064874798
57662,-8.219346,-3.732804,4.314857,-0.004887,-0.010232,-0.006567,32.21,64.4531026691086
57672,-8.218149,-3.738786,4.321437,-0.004887,-0.011148,-0.006414,32.21,64.4225409568397
57682,-8.233703,-3.739982,4.334,-0.005192,-0.012217,-0.00672,32.19,64.3939449290854
57692,-8.221141,-3.741776,4.336392,-0.004887,-0.01237,-0.007941,32.19,64.3551839079311
57702,-8.219944,-3.745365,4.328018,-0.004734,-0.01237,-0.006872,32.23,64.3993520896552
57712,-8.212168,-3.737589,4.343571,-0.004123,-0.012217,-0.005956,32.23,64.2936354030645
57722,-8.216354,-3.73041,4.338188,-0.004429,-0.011912,-0.006567,32.2,64.3234761574877
57732,-8.209177,-3.742374,4.347161,-0.005345,-0.011606,-0.00672,32.2,64.2732966525113
57742,-8.219346,-3.729214,4.346562,-0.004887,-0.010843,-0.00672,32.2,64.2858382620874
57752,-8.221739,-3.734,4.345964,-0.004276,-0.010079,-0.007483,32.2,64.2992314713833
57762,-8.215158,-3.734,4.347161,-0.004123,-0.009163,-0.00733,32.18,64.2781986731261
57772,-8.216354,-3.729812,4.338786,-0.004887,-0.008094,-0.007178,32.18,64.3197790316405
57782,-8.218149,-3.732804,4.341179,-0.004276,-0.006872,-0.007178,32.18,64.3145602176188
57792,-8.209177,-3.728018,4.341179,-0.004429,-0.005956,-0.007483,32.18,64.2893757286672
57802,-8.218149,-3.728616,4.342973,-0.004276,-0.004429,-0.00733,32.24,64.3010183653427
57812,-8.219944,-3.732205,4.347759,-0.004276,-0.003054,-0.007025,32.24,64.2840894077468
57822,-8.212168,-3.727419,4.348955,-0.004429,-0.000916,-0.007025,32.2,64.2554293314563
57832,-8.22473,-3.739383,4.354339,-0.004581,0.000764,-0.007789,32.19,64.2683836450492
57842,-8.225926,-3.726223,4.347161,-0.005192,0.001069,-0.007941,32.19,64.2945546180131
57852,-8.214561,-3.731009,4.341777,-0.00504,0.003512,-0.007636,32.15,64.3015326395804
57862,-8.202596,-3.739982,4.351946,-0.005345,0.005345,-0.007789,32.15,64.2312815523715
57872,-8.215756,-3.735795,4.348955,-0.005956,0.006414,-0.006872,32.21,64.2721504083079
57882,-8.219346,-3.722634,4.344768,-0.006109,0.007483,-0.007178,32.21,64.2883419573942
57892,-8.216953,-3.725027,4.351348,-0.006109,0.009316,-0.008094,32.21,64.2514715740878
57902,-8.213962,-3.732205,4.351946,-0.006261,0.011759,-0.008705,32.21,64.2489942947691
57912,-8.214561,-3.739383,4.339982,-0.006261,0.012523,-0.008552,32.17,64.3193853418668
57922,-8.209177,-3.73041,4.348357,-0.006567,0.013897,-0.007941,32.17,64.254816718701
57932,-8.217552,-3.724428,4.343571,-0.006261,0.015272,-0.007941,32.17,64.2922943543505
57942,-8.213962,-3.727419,4.341777,-0.007636,0.015577,-0.008705,32.17,64.2964956929733
57952,-8.213365,-3.734598,4.337589,-0.007483,0.016188,-0.009163,32.21,64.3241136753684
57962,-8.21157,-3.736991,4.348357,-0.006567,0.017257,-0.008094,32.21,64.2669996505567
57972,-8.221141,-3.726223,4.342973,-0.007025,0.018173,-0.008399,32.17,64.3053259646324
57982,-8.221141,-3.726223,4.332206,-0.007789,0.01741,-0.00901,32.17,64.3608496685028
57992,-8.221141,-3.738786,4.339384,-0.006567,0.016646,-0.00901,32.21,64.3366958631918
58002,-8.225328,-3.74058,4.328018,-0.007178,0.016188,-0.008399,32.18,64.4065620318945
58012,-8.22772,-3.735196,4.325625,-0.006872,0.014966,-0.008094,32.18,64.4187833405035
58022,-8.215756,-3.743571,4.329813,-0.007178,0.01405,-0.007636,32.17,64.3788271990908
58032,-8.219346,-3.731009,4.32742,-0.007636,0.012523,-0.008705,32.17,64.3863939361969
58042,-8.216354,-3.729812,4.325027,-0.00672,0.010843,-0.008094,32.19,64.3907810324438
58052,-8.221739,-3.732804,4.33041,-0.006261,0.009927,-0.007789,32.19,64.3781925714947
58062,-8.218149,-3.74058,4.331009,-0.005803,0.00901,-0.007941,32.15,64.3749783255132
58072,-8.240283,-3.733402,4.323233,-0.005651,0.007941,-0.00733,32.15,64.4575147934829
58082,-8.223534,-3.734598,4.326224,-0.005803,0.006414,-0.007025,32.22,64.4056655581099
58092,-8.217552,-3.735196,4.331009,-0.005651,0.004887,-0.007941,32.22,64.3681162287419
58102,-8.221739,-3.741776,4.331009,-0.005651,0.003512,-0.006872,32.22,64.3842860541582
58112,-8.209774,-3.735196,4.324429,-0.005803,0.002138,-0.007483,32.22,64.3845537001829
58122,-8.224131,-3.728616,4.333402,-0.005803,0.000916,-0.007483,32.18,64.3638679899507
58132,-8.219944,-3.724428,4.335794,-0.005345,-0.000153,-0.007789,32.18,64.3378036406846
58142,-8.221141,-3.738187,4.323233,-0.005192,-0.002138,-0.008247,32.18,64.4193866052972
58152,-8.221739,-3.728018,4.324429,-0.005345,-0.003818,-0.007025,32.18,64.404166543088
58162,-8.220542,-3.72383,4.319045,-0.00504,-0.004276,-0.006872,32.2,64.4249990729419
58172,-8.234302,-3.725027,4.326224,-0.004734,-0.006261,-0.007178,32.18,64.4201324377779
58182,-8.225328,-3.728616,4.332804,-0.004581,-0.007789,-0.007483,32.18,64.3696499413964
58192,-8.212766,-3.729214,4.339982,-0.004887,-0.008399,-0.007941,32.16,64.3048920225957
58202,-8.206185,-3.729214,4.336392,-0.004887,-0.008858,-0.00733,32.16,64.3085412246482
58212,-8.222337,-3.734,4.334,-0.004581,-0.009468,-0.006567,32.2,64.362246741915
58222,-8.22473,-3.731607,4.332206,-0.004123,-0.009774,-0.007178,32.2,64.3744428813369
58232,-8.223534,-3.736991,4.334,-0.004887,-0.009621,-0.007789,32.2,64.3680045034041
58242,-8.217552,-3.729812,4.341777,-0.004581,-0.009468,-0.006872,32.2,64.3070615699648
58252,-8.210373,-3.739383,4.337589,-0.005192,-0.008858,-0.00672,32.21,64.3222752277736
58262,-8.217552,-3.735795,4.339982,-0.00504,-0.00901,-0.007025,32.21,64.3224513648885
58272,-8.225926,-3.728018,4.342973,-0.005651,-0.008247,-0.007025,32.18,64.3179666953079
58282,-8.222337,-3.744768,4.343571,-0.005498,-0.008094,-0.00733,32.18,64.3239539688079
58292,-8.224131,-3.724428,4.334,-0.005956,-0.007483,-0.006414,32.18,64.3565048749954
58302,-8.217552,-3.728018,4.34417,-0.005803,-0.007025,-0.00672,32.18,64.292885920738
58312,-8.218149,-3.732205,4.338188,-0.005956,-0.005803,-0.007178,32.2,64.3293676294542
58322,-8.215756,-3.738786,4.359125,-0.005803,-0.004581,-0.007025,32.2,64.2228553714806
58332,-8.210971,-3.726223,4.345366,-0.00672,-0.003512,-0.007789,32.22,64.2699952516264
58342,-8.208578,-3.735795,4.34417,-0.006567,-0.00168,-0.007789,32.22,64.2805891745509
58352,-8.21157,-3.731607,4.348955,-0.007025,-0.000305,-0.00733,32.19,64.2583802458649
58362,-8.225926,-3.731009,4.348955,-0.006109,0.001374,-0.006261,32.18,64.2902142168461
58372,-8.209774,-3.731009,4.34417,-0.006567,0.002291,-0.006872,32.18,64.2783718655234
58382,-8.209774,-3.732804,4.353741,-0.00672,0.003971,-0.007483,32.16,64.2308834937958
58392,-8.208578,-3.73041,4.360321,-0.006567,0.005345,-0.007025,32.16,64.1918126395182
58402,-8.218747,-3.719643,4.345964,-0.006261,0.007025,-0.007636,32.17,64.2777593295459
58412,-8.212766,-3.738786,4.347759,-0.007483,0.007636,-0.007941,32.17,64.2746313034181
58422,-8.217552,-3.727419,4.345964,-0.007483,0.010232,-0.007483,32.2,64.2830246594155
58432,-8.213365,-3.732205,4.344768,-0.00733,0.01069,-0.007941,32.2,64.284636620691
58442,-8.220542,-3.738786,4.345964,-0.006872,0.012217,-0.00733,32.19,64.3014392884356
58452,-8.213962,-3.74058,4.339982,-0.007483,0.012981,-0.007941,32.19,64.3192634925997
58462,-8.224131,-3.736991,4.337589,-0.007178,0.013592,-0.008399,32.17,64.3508474691322
58472,-8.229516,-3.739982,4.342375,-0.006567,0.014661,-0.00733,32.17,64.341382397524
58482,-8.224131,-3.733402,4.343571,-0.007025,0.014508,-0.007941,32.2,64.3163456981196
58492,-8.221739,-3.728018,4.335197,-0.00733,0.01573,-0.008094,32.2,64.348605290514
58502,-8.226524,-3.73041,4.345964,-0.00733,0.016646,-0.007941,32.22,64.3063549720298
58512,-8.226524,-3.745365,4.339384,-0.006872,0.016646,-0.007636,32.22,64.3555646251415
58522,-8.210373,-3.732804,4.331009,-0.00733,0.01573,-0.008705,32.21,64.3494739000259
58532,-8.222935,-3.734,4.334,-0.00672,0.015882,-0.007483,32.18,64.363594258596
58542,-8.215158,-3.734,4.335197,-0.006414,0.015119,-0.007483,32.18,64.3398854855433
58552,-8.228917,-3.734,4.319643,-0.006109,0.013897,-0.008705,32.19,64.4511203796016
58562,-8.228318,-3.741179,4.336991,-0.006414,0.012828,-0.008247,32.19,64.3676446493837
58572,-8.217552,-3.734,4.331009,-0.006109,0.011454,-0.008552,32.2,64.3668911536034
58582,-8.215158,-3.726223,4.326224,-0.005803,0.011148,-0.007941,32.2,64.3782321894275
58592,-8.221739,-3.738786,4.324429,-0.005651,0.009621,-0.007789,32.17,64.4151716602653
58602,-8.226524,-3.739982,4.325625,-0.005803,0.007483,-0.007636,32.17,64.4209827470532
58612,-8.213962,-3.734,4.322634,-0.006414,0.00672,-0.007789,32.23,64.4020357993991
58622,-8.214561,-3.741179,4.322634,-0.006109,0.005192,-0.007789,32.23,64.4107386418333
58632,-8.22772,-3.733402,4.329215,-0.005956,0.003971,-0.008399,32.19,64.3984343474778
58642,-8.23131,-3.739982,4.320241,-0.005651,0.001985,-0.008399,32.19,64.4595076899042
58652,-8.233105,-3.729812,4.325625,-0.005498,0.001833,-0.007178,32.21,64.4254015851057
58662,-8.218747,-3.731607,4.332206,-0.004887,0.000458,-0.007025,32.21,64.3609588360894
58672,-8.219944,-3.738786,4.328616,-0.00504,-0.001069,-0.007941,32.19,64.3895275389987
58682,-8.218747,-3.735196,4.329813,-0.00504,-0.002291,-0.006261,32.19,64.3769799439916
58692,-8.216953,-3.731607,4.334598,-0.006261,-0.003971,-0.007178,32.19,64.3445724093725
58702,-8.224131,-3.736392,4.329813,-0.005192,-0.004734,-0.006567,32.18,64.3903280447902
58712,-8.215756,-3.735795,4.329215,-0.004887,-0.004581,-0.006414,32.18,64.3739399350781
58722,-8.222935,-3.738786,4.326822,-0.005345,-0.005651,-0.005956,32.14,64.4055142948845
58732,-8.222337,-3.735196,4.329215,-0.005345,-0.00672,-0.005803,32.14,64.3881508373893
58742,-8.224131,-3.731607,4.329215,-0.005345,-0.00733,-0.00672,32.19,64.3885214151636
58752,-8.221739,-3.731607,4.329813,-0.00504,-0.00733,-0.005803,32.19,64.3800484028842
58762,-8.222337,-3.726821,4.33041,-0.005345,-0.00733,-0.005498,32.18,64.3734238658697
58772,-8.219346,-3.738187,4.338786,-0.00504,-0.007483,-0.005345,32.18,64.3351171858218
58782,-8.225328,-3.726821,4.338188,-0.00504,-0.007483,-0.005192,32.19,64.3400548254868
58792,-8.206783,-3.732804,4.336991,-0.004887,-0.006567,-0.004887,32.19,64.3104903922142
58802,-8.206185,-3.722036,4.335197,-0.006261,-0.006261,-0.005956,32.18,64.3073405349559
58812,-8.213962,-3.726821,4.339982,-0.005498,-0.006872,-0.004581,32.18,64.3051402212668
58822,-8.217552,-3.726821,4.342375,-0.005498,-0.005651,-0.005803,32.2,64.3009127086151
58832,-8.219346,-3.734,4.343571,-0.005956,-0.004429,-0.005803,32.2,64.3061595500916
58842,-8.218149,-3.73041,4.338188,-0.005956,-0.004734,-0.004734,32.2,64.3275282721333
58852,-8.210971,-3.723232,4.34058,-0.006567,-0.004123,-0.004887,32.2,64.2916113859872
58862,-8.225328,-3.738187,4.353741,-0.005651,-0.001222,-0.005803,32.21,64.2715838893464
58872,-8.214561,-3.73041,4.344768,-0.005651,0.000305,-0.006109,32.15,64.2854969205899
58882,-8.204989,-3.720241,4.35075,-0.006414,0.001527,-0.00672,32.15,64.2225300815471
58892,-8.216953,-3.738187,4.346562,-0.005651,0.002902,-0.006261,32.22,64.2896415853643
58902,-8.209774,-3.742374,4.341179,-0.005498,0.003818,-0.006567,32.22,64.3054841104369
58912,-8.212766,-3.733402,4.343571,-0.006261,0.004429,-0.007636,32.18,64.2906835872503
58922,-8.218149,-3.735795,4.341179,-0.006261,0.005956,-0.00672,32.18,64.3176278042638
58932,-8.215756,-3.723232,4.347759,-0.006414,0.006567,-0.007025,32.14,64.2654167399246
58942,-8.213962,-3.733402,4.342375,-0.005956,0.008094,-0.008247,32.14,64.2995523434968
58952,-8.20798,-3.728018,4.34417,-0.006414,0.008858,-0.009468,32.17,64.2712389522146
58962,-8.213962,-3.723232,4.342973,-0.005651,0.010232,-0.008705,32.17,64.286033708461
58972,-8.216953,-3.73041,4.34058,-0.006414,0.011148,-0.008705,32.2,64.3124934559724
58982,-8.215756,-3.729214,4.335794,-0.006872,0.011454,-0.008399,32.2,64.3332491650274
58992,-8.213962,-3.731009,4.335197,-0.006109,0.01237,-0.008705,32.18,64.3341193368353
59002,-8.212766,-3.73041,4.335197,-0.006414,0.012981,-0.009468,32.18,64.33080492845
59012,-8.218747,-3.736991,4.347161,-0.006109,0.013134,-0.008858,32.22,64.2893782225694
59022,-8.228318,-3.734598,4.328616,-0.00672,0.012981,-0.00901,32.22,64.4040902780708
59032,-8.218747,-3.733402,4.325625,-0.006567,0.011759,-0.008858,32.17,64.3967574163963
59042,-8.224131,-3.732804,4.337589,-0.006414,0.011301,-0.009316,32.21,64.3465618886417
59052,-8.218747,-3.728018,4.328616,-0.006261,0.01069,-0.009316,32.21,64.3758121112972
59062,-8.230114,-3.728018,4.335197,-0.005651,0.010079,-0.009774,32.22,64.3674852159836
59072,-8.204989,-3.736991,4.335197,-0.005192,0.008705,-0.008705,32.22,64.3200019347196
59082,-8.22473,-3.739383,4.325027,-0.006109,0.007789,-0.008247,32.14,64.4194225399184
59092,-8.224131,-3.733402,4.323831,-0.006414,0.006872,-0.008705,32.14,64.4181358421752
59102,-8.223534,-3.732804,4.331009,-0.006109,0.005651,-0.009468,32.2,64.3791461223643
59112,-8.219346,-3.737589,4.33041,-0.006109,0.004887,-0.007483,32.2,64.3776996609616
59122,-8.222337,-3.722036,4.331607,-0.005803,0.004276,-0.008552,32.19,64.3623600071967
59132,-8.220542,-3.72383,4.323831,-0.005956,0.004123,-0.008094,32.19,64.4002813333053
59142,-8.212766,-3.735196,4.32742,-0.005956,0.003054,-0.007178,32.22,64.3758525940256
59152,-8.216354,-3.729214,4.329215,-0.005956,0.002596,-0.00733,32.22,64.3685482030186
59162,-8.225926,-3.732804,4.323233,-0.006109,0.001833,-0.007789,32.21,64.4246492167436
59172,-8.230114,-3.725625,4.32742,-0.006567,0.001527,-0.007789,32.21,64.4051480088344
59182,-8.217552,-3.728616,4.334,-0.006109,0.001069,-0.007483,32.16,64.3459456110054
59192,-8.218747,-3.738187,4.331009,-0.006261,0.000764,-0.007025,32.16,64.3738728747728
59202,-8.210373,-3.736991,4.342973,-0.005803,0.000153,-0.007941,32.21,64.292048543229
59212,-8.215756,-3.736392,4.336991,-0.006872,-0.000764,-0.007483,32.14,64.3344346169714
59222,-8.218149,-3.735196,4.339982,-0.006261,-0.001069,-0.006567,32.14,64.3231840792811
59232,-8.224131,-3.73041,4.32742,-0.005956,-0.002443,-0.007941,32.2,64.3965595070479
59242,-8.222337,-3.729812,4.334598,-0.005803,-0.002902,-0.007789,32.2,64.3548780953388
59252,-8.216953,-3.719045,4.338188,-0.006261,-0.00336,-0.007636,32.21,64.3131902956299
59262,-8.217552,-3.733402,4.338188,-0.006872,-0.003971,-0.008552,32.21,64.3292473856263
59272,-8.221141,-3.720241,4.333402,-0.006872,-0.003207,-0.007025,32.14,64.3485661098033
59282,-8.219944,-3.728018,4.334,-0.006567,-0.003512,-0.006567,32.14,64.3507303239956
59292,-8.229516,-3.722634,4.342375,-0.006567,-0.003054,-0.006872,32.18,64.323648432716
59302,-8.228917,-3.729812,4.334598,-0.00672,-0.002596,-0.005956,32.18,64.3697076775573
59312,-8.221141,-3.731009,4.333402,-0.006261,-0.002749,-0.006414,32.17,64.3595745899158
59322,-8.223534,-3.733402,4.339384,-0.006109,-0.002138,-0.007025,32.17,64.3365754638582
59332,-8.224131,-3.735795,4.339384,-0.006261,-0.001833,-0.006414,32.18,64.3403715054108
59342,-8.221739,-3.725027,4.343571,-0.005651,-0.001374,-0.007178,32.18,64.3023702491648
59352,-8.221141,-3.732804,4.338786,-0.00504,-0.000611,-0.006872,32.2,64.3336485898763
59362,-8.213365,-3.732205,4.341777,-0.005651,-0.001069,-0.00733,32.2,64.3000580604608
59372,-8.21157,-3.726821,4.339384,-0.005651,0.000153,-0.007941,32.16,64.3028182555214
59382,-8.205587,-3.735196,4.343571,-0.005956,0.002291,-0.007636,32.18,64.2762986391861
59392,-8.205587,-3.734,4.338786,-0.006261,0.002138,-0.00672,32.18,64.2997539553706
59402,-8.222935,-3.734,4.338786,-0.006109,0.002596,-0.00733,32.2,64.3389193457683
59412,-8.210971,-3.726223,4.34058,-0.005803,0.002596,-0.007483,32.2,64.2946801978513
59422,-8.219346,-3.74058,4.347759,-0.005498,0.003818,-0.006261,32.17,64.2913358489311
59432,-8.224131,-3.714857,4.338188,-0.005498,0.003971,-0.00733,32.17,64.3251331477009
59442,-8.218747,-3.733402,4.339982,-0.004887,0.004123,-0.007178,32.14,64.3226940438266
59452,-8.209774,-3.739982,4.334,-0.004734,0.004429,-0.006872,32.14,64.3400558234693
59462,-8.233105,-3.738187,4.341179,-0.004734,0.00504,-0.007941,32.17,64.3537869675752
59472,-8.207382,-3.735196,4.335794,-0.005192,0.00504,-0.00733,32.17,64.3204797580295
59482,-8.209774,-3.720839,4.325027,-0.00504,0.004734,-0.007025,32.22,64.3667557360235
59492,-8.215158,-3.725625,4.332206,-0.004429,0.00504,-0.007636,32.22,64.3467377113282
59502,-8.220542,-3.727419,4.336392,-0.004734,0.005956,-0.007178,32.21,64.3391287928036
59512,-8.215158,-3.734,4.337589,-0.004734,0.005803,-0.00672,32.21,64.3275471374928
59522,-8.218149,-3.73041,4.336991,-0.004734,0.005498,-0.006872,32.14,64.3337014358549
59532,-8.218149,-3.734598,4.32742,-0.004581,0.005651,-0.006109,32.14,64.387369531824
59542,-8.225328,-3.727419,4.329215,-0.004887,0.006109,-0.006109,32.2,64.3869401425772
59552,-8.212168,-3.735795,4.329215,-0.004276,0.006414,-0.00733,32.2,64.3658521320177
59562,-8.227122,-3.736991,4.336392,-0.004276,0.006414,-0.007025,32.16,64.3637543201617
59572,-8.222935,-3.734,4.33041,-0.004581,0.005803,-0.006567,32.21,64.3821097185859
59582,-8.216354,-3.727419,4.335197,-0.004887,0.006261,-0.007941,32.21,64.3358403094057
59592,-8.219346,-3.735196,4.329813,-0.005345,0.006414,-0.007941,32.18,64.3783293969249
59602,-8.230114,-3.733402,4.33041,-0.005651,0.006109,-0.008399,32.18,64.3976589238542
59612,-8.217552,-3.736392,4.337589,-0.005803,0.005498,-0.008399,32.23,64.3354020493461
59622,-8.215756,-3.732205,4.328018,-0.005651,0.006414,-0.007789,32.23,64.3764407600516
59632,-8.215158,-3.744169,4.337589,-0.005345,0.005803,-0.00733,32.18,64.3379867399375
59642,-8.21157,-3.736392,4.34058,-0.005192,0.005345,-0.007483,32.18,64.3064767658408
59652,-8.213962,-3.729214,4.331009,-0.005345,0.00504,-0.00733,32.15,64.3538922259667
59662,-8.218747,-3.729214,4.32742,-0.006109,0.003971,-0.007483,32.15,64.3832083853983
59672,-8.221141,-3.748357,4.333402,-0.005803,0.003971,-0.007636,32.16,64.3773468705212
59682,-8.230114,-3.736392,4.338188,-0.005651,0.003512,-0.008094,32.16,64.3606243604121
59692,-8.218747,-3.734,4.34417,-0.005192,0.003207,-0.007789,32.2,64.3017201757646
59702,-8.216354,-3.736991,4.336392,-0.005651,0.002749,-0.008399,32.2,64.3394872402462
59712,-8.210373,-3.737589,4.328018,-0.006261,0.002902,-0.007789,32.14,64.3698253334363
59722,-8.223534,-3.724428,4.329215,-0.006109,0.001374,-0.00733,32.14,64.3798440827439
59732,-8.219346,-3.725625,4.332804,-0.005803,0.000458,-0.007178,32.17,64.3531036280739
59742,-8.219944,-3.732804,4.338786,-0.005803,-0.000305,-0.00733,32.18,64.3309482445279
59752,-8.219944,-3.732205,4.329813,-0.006109,-0.000458,-0.007483,32.18,64.3766156440253
59762,-8.220542,-3.729214,4.334,-0.005651,-0.001069,-0.007025,32.21,64.3533028241186
59772,-8.221739,-3.732804,4.337589,-0.005651,-0.000916,-0.007178,32.21,64.3411684866497
59782,-8.219346,-3.732804,4.328616,-0.005651,-0.001069,-0.007178,32.17,64.382057794484
59792,-8.219944,-3.729214,4.333402,-0.005498,-0.001985,-0.007178,32.17,64.3550388671246
59802,-8.212766,-3.729214,4.339384,-0.005803,-0.002291,-0.007025,32.16,64.3079766185742
59812,-8.222337,-3.731607,4.331607,-0.006261,-0.001833,-0.007483,32.16,64.3721408564634
59822,-8.208578,-3.731009,4.331607,-0.005956,-0.001985,-0.007636,32.2,64.3404928631732
59832,-8.213365,-3.735795,4.347161,-0.006414,-0.002138,-0.00733,32.2,64.2759909101172
59842,-8.209177,-3.741179,4.341179,-0.006567,-0.001833,-0.008094,32.18,64.3029064147645
59852,-8.219944,-3.728616,4.333402,-0.006567,-0.001833,-0.008247,32.18,64.3544270197663
59862,-8.212766,-3.736991,4.331607,-0.006567,-0.001985,-0.008552,32.17,64.3560814860008
59872,-8.219346,-3.737589,4.347161,-0.00672,-0.002138,-0.008705,32.17,64.2913446746255
59882,-8.220542,-3.738786,4.335197,-0.007483,-0.001222,-0.008247,32.16,64.3569307801271
59892,-8.221739,-3.732804,4.341777,-0.00672,-0.001222,-0.007941,32.16,64.3195804232402
59902,-8.216953,-3.742374,4.341179,-0.006109,0,-0.00733,32.2,64.3216829551383
59912,-8.213365,-3.735795,4.351348,-0.006567,0.000305,-0.007789,32.16,64.2544163613067
59922,-8.221739,-3.744768,4.347161,-0.00672,0.001527,-0.007636,32.16,64.3041161222069
59932,-8.221739,-3.736991,4.343571,-0.007789,0.001985,-0.008399,32.2,64.314627194035
59942,-8.218747,-3.738187,4.342973,-0.00672,0.002138,-0.008399,32.2,64.3121850537566
59952,-8.213962,-3.734,4.337589,-0.007178,0.003207,-0.008858,32.2,64.3248475916676
59962,-8.221739,-3.735795,4.342973,-0.006567,0.004123,-0.009163,32.2,64.3164822502517
59972,-8.218747,-3.729214,4.342973,-0.006414,0.005345,-0.008552,32.18,64.3029821923764
59982,-8.213962,-3.739383,4.348955,-0.00672,0.005956,-0.008705,32.18,64.2717853778246
59992,-8.230712,-3.737589,4.337589,-0.006872,0.00672,-0.008858,32.19,64.3662803420155
60002,-8.209774,-3.735795,4.347161,-0.005956,0.008094,-0.007941,32.19,64.2678726305562
60012,-8.209177,-3.724428,4.351348,-0.006261,0.00901,-0.007941,32.19,64.233246747243
60022,-8.215158,-3.733402,4.343571,-0.00672,0.00901,-0.009163,32.19,64.2960881761841
60032,-8.223534,-3.728616,4.335197,-0.006414,0.010232,-0.008705,32.22,64.3532650708892
60042,-8.220542,-3.731607,4.34417,-0.006414,0.010537,-0.007941,32.22,64.3033194069542
60052,-8.219944,-3.725027,4.344768,-0.005803,0.011606,-0.008399,32.15,64.2921445589436
60062,-8.214561,-3.734598,4.335197,-0.005956,0.011912,-0.008247,32.15,64.3391518583429
60072,-8.218747,-3.737589,4.335794,-0.006109,0.012523,-0.009621,32.18,64.3485801200153
60082,-8.213962,-3.722634,4.332206,-0.006109,0.013439,-0.008399,32.21,64.3409751270897
60092,-8.218149,-3.741776,4.333402,-0.005956,0.013592,-0.008552,32.21,64.3638614994608
60102,-8.209177,-3.744169,4.333402,-0.005498,0.012828,-0.008094,32.2,64.3460994572967
60112,-8.219346,-3.739383,4.332804,-0.005345,0.012828,-0.007941,32.2,64.3671886876824
60122,-8.21157,-3.732205,4.337589,-0.005345,0.012828,-0.008858,32.18,64.3176042200195
60132,-8.218747,-3.735795,4.331607,-0.004429,0.013134,-0.00733,32.18,64.3683375498203
60142,-8.227122,-3.73041,4.329813,-0.005345,0.01237,-0.006872,32.21,64.390949205898
60152,-8.228917,-3.737589,4.331009,-0.005651,0.011454,-0.008399,32.21,64.3961533311204
60162,-8.23131,-3.737589,4.331009,-0.005192,0.010843,-0.008094,32.18,64.4015352352059
60172,-8.228318,-3.734,4.329215,-0.005498,0.009163,-0.008094,32.18,64.4003905467377
60182,-8.222935,-3.729214,4.323831,-0.005345,0.008552,-0.007941,32.21,64.411167749656
60192,-8.222337,-3.737589,4.32742,-0.005192,0.008094,-0.006872,32.21,64.3998591546413
60202,-8.226524,-3.728616,4.322634,-0.00504,0.006414,-0.007178,32.2,64.4248133738852
60212,-8.222935,-3.731009,4.329215,-0.006414,0.005192,-0.007025,32.2,64.3852166063937
60222,-8.233105,-3.726821,4.335197,-0.005956,0.003665,-0.007025,32.14,64.3730018964736
60232,-8.227122,-3.741776,4.332206,-0.00504,0.002443,-0.006567,32.14,64.390225421594
60242,-8.22772,-3.732804,4.321437,-0.004734,0.001069,-0.005956,32.2,64.4379519268443
60252,-8.225926,-3.727419,4.322036,-0.004734,-0.002902,-0.005803,32.16,64.4253339988373
60262,-8.22473,-3.728018,4.323233,-0.005345,-0.004429,-0.005651,32.16,64.417074518543
60272,-8.23131,-3.734,4.328616,-0.00504,-0.005651,-0.005803,32.18,64.4102096481584
60282,-8.219346,-3.734598,4.334,-0.005651,-0.008094,-0.006414,32.18,64.3561176581536
60292,-8.22473,-3.726821,4.326822,-0.005345,-0.00901,-0.006109,32.21,64.3973299362576
60302,-8.218149,-3.736991,4.331009,-0.004429,-0.009774,-0.00504,32.21,64.37130039029
60312,-8.216354,-3.729214,4.336392,-0.003818,-0.010843,-0.005498,32.2,64.3315142200244
60322,-8.226524,-3.732804,4.335794,-0.004123,-0.011606,-0.004734,32.2,64.3612080643123
60332,-8.228917,-3.728018,4.33041,-0.003665,-0.01237,-0.004887,32.22,64.3894708134841
60342,-8.222935,-3.733402,4.342973,-0.004581,-0.012981,-0.006414,32.22,64.3167283940528
60352,-8.215756,-3.731009,4.337589,-0.004429,-0.013286,-0.006261,32.2,64.3258296044585
60362,-8.219944,-3.732205,4.343571,-0.004123,-0.01405,-0.005345,32.2,64.3056691073094
60372,-8.218149,-3.736991,4.337589,-0.003818,-0.013744,-0.004581,32.19,64.3373627803398
60382,-8.216953,-3.726223,4.352544,-0.004276,-0.013592,-0.005956,32.19,64.246537261749
60392,-8.210373,-3.732804,4.339384,-0.005192,-0.012675,-0.005498,32.19,64.3062552182839
60402,-8.218149,-3.720839,4.345964,-0.004581,-0.011912,-0.006567,32.19,64.277631264567
60412,-8.200203,-3.725625,4.356134,-0.003818,-0.010843,-0.006109,32.19,64.1894536209967
60422,-8.213365,-3.732205,4.346562,-0.004581,-0.008247,-0.007636,32.2,64.2753887680102
60432,-8.222337,-3.719643,4.350152,-0.004429,-0.006261,-0.007483,32.2,64.2642995792893
60442,-8.208578,-3.731009,4.355535,-0.005498,-0.004276,-0.007636,32.17,64.2170831575167
60452,-8.212168,-3.735795,4.351946,-0.005956,-0.001985,-0.007941,32.17,64.2486281732661
60462,-8.219944,-3.735196,4.352544,-0.005956,-0.000305,-0.008094,32.18,64.2625139592795
60472,-8.204989,-3.729214,4.348955,-0.005956,0.001374,-0.008858,32.18,64.2410198785353
60482,-8.215756,-3.738187,4.351348,-0.006261,0.003512,-0.008552,32.19,64.2622820597056
60492,-8.216953,-3.73041,4.352544,-0.006414,0.006109,-0.009163,32.19,64.250836035663
60502,-8.214561,-3.738187,4.348955,-0.006414,0.007941,-0.009468,32.21,64.2719088242239
60512,-8.212168,-3.729812,4.348357,-0.006414,0.01069,-0.009316,32.21,64.260970434553
60522,-8.208578,-3.731009,4.342375,-0.007178,0.01237,-0.009316,32.2,64.2849247411307
60532,-8.218747,-3.737589,4.344768,-0.007178,0.013744,-0.009468,32.2,64.3023214674983
60542,-8.215756,-3.731009,4.342375,-0.007025,0.015882,-0.008705,32.18,64.3011490762395
60552,-8.219944,-3.734598,4.351348,-0.007178,0.016952,-0.009927,32.18,64.268058795344
60562,-8.20798,-3.729812,4.335794,-0.00733,0.017868,-0.009163,32.2,64.3162993193499
60572,-8.20798,-3.732205,4.334598,-0.007483,0.018631,-0.009316,32.2,64.3249300355698
60582,-8.210971,-3.729812,4.341777,-0.008247,0.019548,-0.009621,32.21,64.2921902191197
60592,-8.230712,-3.734598,4.336991,-0.008247,0.019853,-0.010385,32.21,64.3663049794383
60602,-8.227122,-3.734598,4.331009,-0.008705,0.020159,-0.009927,32.16,64.3890584974721
60612,-8.219944,-3.732804,4.335794,-0.008247,0.019853,-0.009316,32.17,64.3463761722923
60622,-8.217552,-3.744768,4.331607,-0.007789,0.019395,-0.009163,32.17,64.3748441716668
60632,-8.213962,-3.734,4.336991,-0.008094,0.01909,-0.009316,32.21,64.327932171755
60642,-8.228917,-3.742374,4.325625,-0.007483,0.018784,-0.00901,32.21,64.4288040026657
60652,-8.225926,-3.735795,4.335794,-0.007789,0.01741,-0.009927,32.18,64.3629196027709
60662,-8.218747,-3.726821,4.335197,-0.00733,0.016188,-0.009163,32.18,64.3406297224238
60672,-8.22473,-3.738786,4.332206,-0.007483,0.014813,-0.008094,32.18,64.3817843597088
60682,-8.224131,-3.741776,4.328616,-0.00733,0.013744,-0.008094,32.18,64.4020093093351
60692,-8.228318,-3.742374,4.325027,-0.00733,0.011759,-0.008552,32.2,64.4305426078805
60702,-8.219346,-3.736991,4.316054,-0.006872,0.010537,-0.007636,32.2,64.4511962395946
60712,-8.230712,-3.737589,4.326224,-0.00733,0.009163,-0.007789,32.21,64.4248621651991
60722,-8.233703,-3.734,4.324429,-0.006872,0.007178,-0.007636,32.21,64.4371805584913
60732,-8.224131,-3.736991,4.316652,-0.006414,0.005498,-0.007636,32.19,64.4588602178569
60742,-8.222337,-3.735196,4.325027,-0.006109,0.004123,-0.007789,32.19,64.4097600451457
60752,-8.225328,-3.739982,4.329215,-0.005803,0.002596,-0.00733,32.16,64.3997770474859
60762,-8.223534,-3.734598,4.325625,-0.005803,-0.001222,-0.006567,32.16,64.4087564117567
60772,-8.226524,-3.735196,4.31725,-0.005498,-0.002902,-0.007483,32.17,64.4593166834808
60782,-8.224131,-3.729812,4.326224,-0.004887,-0.004581,-0.00733,32.22,64.4021202815469
60792,-8.230712,-3.74716,4.329215,-0.004734,-0.005803,-0.007025,32.22,64.4192174808622
60802,-8.2349,-3.744768,4.335794,-0.004581,-0.00672,-0.007025,32.22,64.3922827915638
60812,-8.215756,-3.739383,4.328018,-0.005192,-0.008399,-0.006414,32.22,64.3837948723095
60822,-8.233703,-3.74058,4.323233,-0.004734,-0.009468,-0.00672,32.17,64.4500555093816
60832,-8.221141,-3.738786,4.33041,-0.004123,-0.010232,-0.006872,32.17,64.3829674825272
60842,-8.236095,-3.729214,4.334598,-0.004734,-0.010843,-0.007178,32.2,64.3852596714868
60852,-8.218747,-3.745365,4.332206,-0.004123,-0.011454,-0.006872,32.2,64.3750573364303
60862,-8.224131,-3.734,4.326224,-0.003665,-0.011606,-0.00672,32.2,64.406397961563
60872,-8.230114,-3.736392,4.338188,-0.003665,-0.011606,-0.00672,32.2,64.3606243604121
60882,-8.218747,-3.737589,4.337589,-0.003207,-0.011301,-0.005345,32.21,64.3393244858658
60892,-8.216953,-3.736392,4.326822,-0.003512,-0.010996,-0.005956,32.21,64.3895989859782
60902,-8.218149,-3.739383,4.346562,-0.004123,-0.01069,-0.006414,32.18,64.2935704833636
60912,-8.222337,-3.747759,4.338786,-0.003207,-0.010232,-0.005803,32.18,64.3516753758492
60922,-8.212766,-3.732804,4.338786,-0.003665,-0.010079,-0.00504,32.19,64.3147454914939
60932,-8.218747,-3.735795,4.355535,-0.003665,-0.009163,-0.006567,32.19,64.2450236765444
60942,-8.219346,-3.73041,4.339384,-0.003971,-0.007789,-0.006414,32.19,64.3240629530395
60952,-8.218149,-3.726821,4.353143,-0.004887,-0.005956,-0.005956,32.19,64.2467721881064
60962,-8.206783,-3.728616,4.347759,-0.00504,-0.005345,-0.006109,32.19,64.2506348063672
60972,-8.217552,-3.728616,4.34058,-0.00504,-0.003971,-0.006261,32.2,64.3120073628686
60982,-8.206185,-3.732205,4.35075,-0.005498,-0.002749,-0.006261,32.2,64.2375541636754
60992,-8.221739,-3.728018,4.345964,-0.005345,-0.001833,-0.006414,32.23,64.2931008905268
61002,-8.218149,-3.732205,4.357928,-0.004734,0,-0.006567,32.23,64.2276620322583
61012,-8.202596,-3.734,4.347161,-0.005345,0.001374,-0.005956,32.16,64.2497823152772
61022,-8.216953,-3.738187,4.352544,-0.006261,0.002596,-0.007025,32.16,64.258827710145
61032,-8.218149,-3.745365,4.354938,-0.006414,0.003971,-0.006414,32.19,64.2565886657668
61042,-8.219944,-3.739383,4.34058,-0.005498,0.005345,-0.00672,32.19,64.3284450474836
61052,-8.212168,-3.73041,4.352544,-0.006414,0.006261,-0.00733,32.18,64.2400077190551
61062,-8.213962,-3.725027,4.347759,-0.00672,0.007178,-0.006872,32.18,64.2631983949734
61072,-8.214561,-3.735795,4.348955,-0.005956,0.00901,-0.007178,32.19,64.2694495272398
61082,-8.20798,-3.738786,4.350152,-0.006414,0.009774,-0.007025,32.19,64.2514786137399
61092,-8.218149,-3.731607,4.349553,-0.006261,0.011301,-0.00672,32.24,64.2701771261447
61102,-8.21157,-3.732804,4.347759,-0.006414,0.012217,-0.007636,32.24,64.2657754148954
61112,-8.219346,-3.734598,4.341777,-0.007178,0.01405,-0.006872,32.23,64.316019014054
61122,-8.222935,-3.731009,4.339982,-0.007789,0.015119,-0.007941,32.18,64.3296924252337
61132,-8.22473,-3.736991,4.347759,-0.007789,0.014966,-0.008399,32.18,64.2998030720718
61142,-8.219944,-3.725027,4.338786,-0.007483,0.015882,-0.007941,32.18,64.3229849828775
61152,-8.225328,-3.731607,4.346562,-0.007941,0.016952,-0.008247,32.18,64.3018007744214
61162,-8.215756,-3.74058,4.342375,-0.007483,0.016646,-0.008399,32.19,64.3109752195122
61172,-8.215158,-3.736991,4.34058,-0.007636,0.016952,-0.008552,32.19,64.3151929305058
61182,-8.218149,-3.732804,4.329813,-0.007178,0.016493,-0.008705,32.18,64.3731835049278
61192,-8.213365,-3.741776,4.335794,-0.007025,0.016188,-0.009621,32.18,64.3407428742004
61202,-8.225926,-3.728616,4.337589,-0.007178,0.014966,-0.008552,32.21,64.3463260652885
61212,-8.225926,-3.74058,4.335794,-0.007483,0.014355,-0.008858,32.21,64.367816044399
61222,-8.22473,-3.738786,4.326224,-0.007789,0.012981,-0.009468,32.18,64.4126368156684
61232,-8.215158,-3.732804,4.320241,-0.007483,0.012828,-0.009163,32.18,64.4158652635395
61242,-8.22473,-3.739982,4.325027,-0.007025,0.011454,-0.00901,32.17,64.4200348650644
61252,-8.221141,-3.736392,4.329215,-0.007483,0.009774,-0.008552,32.17,64.3866815181415
61262,-8.224131,-3.738786,4.331607,-0.007636,0.008552,-0.008247,32.2,64.3835248329791
61272,-8.219944,-3.73041,4.319045,-0.00672,0.006872,-0.007025,32.2,64.4303689664256
61282,-8.218747,-3.737589,4.326822,-0.006261,0.003665,-0.008399,32.17,64.3948643493327
61292,-8.225926,-3.739383,4.33041,-0.006567,0.002291,-0.00901,32.2,64.3943472033264
61302,-8.2349,-3.738786,4.322036,-0.006414,0.000611,-0.008552,32.2,64.4570865914459
61312,-8.228917,-3.739383,4.328616,-0.006109,-0.001374,-0.008094,32.19,64.4103243789661
61322,-8.235497,-3.731607,4.325027,-0.005803,-0.00168,-0.007636,32.19,64.4356900721007
61332,-8.222935,-3.739982,4.332804,-0.006567,-0.003512,-0.008094,32.21,64.3758844454623
61342,-8.223534,-3.72383,4.331607,-0.005956,-0.004887,-0.007483,32.21,64.3668918187916
61352,-8.233105,-3.73041,4.335197,-0.006109,-0.005956,-0.006872,32.21,64.3766620156882
61362,-8.209774,-3.737589,4.329215,-0.005192,-0.007178,-0.007636,32.21,64.362294937116
61372,-8.225926,-3.738187,4.323233,-0.004887,-0.007789,-0.006872,32.18,64.430145401492
61382,-8.21157,-3.74058,4.32742,-0.005803,-0.008858,-0.007483,32.18,64.3786799123774
61392,-8.218747,-3.731607,4.334598,-0.005192,-0.009468,-0.007178,32.21,64.3486192428434
61402,-8.213962,-3.729812,4.338188,-0.004123,-0.009621,-0.005651,32.21,64.3174613807378
61412,-8.227122,-3.741179,4.332206,-0.00504,-0.009621,-0.005956,32.17,64.3896147316798
61422,-8.215158,-3.735196,4.337589,-0.006261,-0.009468,-0.006567,32.17,64.3287741535055
61432,-8.203793,-3.729214,4.339982,-0.005956,-0.008705,-0.006414,32.2,64.2846017810353
61442,-8.210373,-3.73041,4.334,-0.005192,-0.008858,-0.007636,32.2,64.3315785843079
61452,-8.216354,-3.734,4.341777,-0.00504,-0.008247,-0.007178,32.17,64.3086515729132
61462,-8.212766,-3.734598,4.336392,-0.005651,-0.006872,-0.00733,32.18,64.328936291569
61472,-8.220542,-3.729812,4.348357,-0.005345,-0.005803,-0.00672,32.18,64.2799057038805
61482,-8.218747,-3.731607,4.341777,-0.005345,-0.004887,-0.007483,32.2,64.3116003109822
61492,-8.212766,-3.734,4.347161,-0.005498,-0.003665,-0.007178,32.2,64.2727916887419
61502,-8.207382,-3.725027,4.348955,-0.006261,-0.002443,-0.006567,32.14,64.2421329459921
61512,-8.215756,-3.739383,4.339982,-0.006261,-0.001222,-0.006872,32.14,64.3220815807031
61522,-8.210971,-3.731607,4.335794,-0.005956,0.000153,-0.007483,32.19,64.3248990749687
61532,-8.216953,-3.737589,4.345964,-0.005498,0.001374,-0.007483,32.19,64.2921085676525
61542,-8.212168,-3.736392,4.346562,-0.006414,0.00336,-0.007178,32.21,64.2769865406097
61552,-8.233703,-3.734598,4.342375,-0.006414,0.004887,-0.007025,32.21,64.3453072121992
61562,-8.219944,-3.73041,4.348955,-0.006567,0.006109,-0.007789,32.21,64.2760868308864
61572,-8.222337,-3.734598,4.339384,-0.006109,0.007636,-0.007941,32.21,64.3351008993109
61582,-8.212168,-3.728018,4.336392,-0.006261,0.009774,-0.007025,32.21,64.3208348997529
61592,-8.216354,-3.72383,4.336991,-0.006567,0.009927,-0.007178,32.21,64.3229095519581
61602,-8.212168,-3.734,4.34417,-0.006261,0.011606,-0.007483,32.18,64.2868582653768
61612,-8.219346,-3.734,4.336991,-0.006261,0.011606,-0.008094,32.18,64.3400799562287
61622,-8.223534,-3.726223,4.338786,-0.006414,0.012981,-0.00733,32.16,64.3323128272027
61632,-8.221739,-3.725027,4.336392,-0.006261,0.013897,-0.007941,32.16,64.339383417618
61642,-8.20798,-3.733402,4.335197,-0.006567,0.014355,-0.007941,32.15,64.3230679624211
61652,-8.228318,-3.735196,4.334598,-0.006414,0.01405,-0.007789,32.16,64.3738586081764
61662,-8.223534,-3.726223,4.332206,-0.006261,0.013286,-0.007789,32.16,64.3662458618336
61672,-8.220542,-3.732804,4.336392,-0.006414,0.013286,-0.007636,32.21,64.3446409674146
61682,-8.221739,-3.741179,4.326822,-0.006567,0.012828,-0.007178,32.21,64.4052724079297
61692,-8.218149,-3.736392,4.332804,-0.005345,0.011606,-0.007178,32.21,64.361426606345
61702,-8.213962,-3.731009,4.32742,-0.006109,0.011301,-0.008247,32.21,64.3742585589979
61712,-8.224131,-3.738187,4.335197,-0.006414,0.010232,-0.007941,32.18,64.3644020067644
61722,-8.215158,-3.735196,4.326224,-0.00672,0.009621,-0.007025,32.18,64.3874175217057
61732,-8.22473,-3.733402,4.325027,-0.005345,0.008552,-0.00733,32.19,64.4133114496252
61742,-8.218149,-3.73041,4.326822,-0.005803,0.007025,-0.007941,32.19,64.3861707435096
61752,-8.222935,-3.736991,4.324429,-0.005651,0.005803,-0.007483,32.18,64.4160263709558
61762,-8.22473,-3.731009,4.322634,-0.005803,0.004581,-0.00733,32.18,64.4232184134737
61772,-8.210373,-3.729214,4.337589,-0.005651,0.003207,-0.00733,32.19,64.3118297502786
61782,-8.233105,-3.735196,4.333402,-0.00504,0.002291,-0.007636,32.19,64.3907956860413
61792,-8.229516,-3.729812,4.324429,-0.005956,0.001222,-0.006872,32.19,64.423500372359
61802,-8.221739,-3.736392,4.329215,-0.005345,-0.000458,-0.005956,32.19,64.3880279465218
61812,-8.222935,-3.744768,4.323233,-0.00504,-0.001527,-0.006872,32.18,64.4301517931229
61822,-8.224131,-3.729812,4.336392,-0.005651,-0.002749,-0.007483,32.18,64.349672328727
61832,-8.219346,-3.732804,4.326224,-0.005498,-0.003512,-0.005956,32.18,64.3944028770152
61842,-8.212766,-3.745964,4.326224,-0.004429,-0.004429,-0.00672,32.2,64.3930734285216
61852,-8.218149,-3.733402,4.332206,-0.005192,-0.004276,-0.006567,32.2,64.3614485690216
61862,-8.226524,-3.735795,4.332206,-0.005345,-0.005192,-0.006414,32.16,64.3827636230098
61872,-8.210971,-3.732804,4.333402,-0.005651,-0.005803,-0.006109,32.16,64.3384716739744
61882,-8.224131,-3.735196,4.335794,-0.005498,-0.006109,-0.007636,32.21,64.3582630107365
61892,-8.221739,-3.727419,4.334,-0.005192,-0.00672,-0.007178,32.21,64.3541665525588
61902,-8.216953,-3.721437,4.334598,-0.005192,-0.006261,-0.006414,32.16,64.3341605604625
61912,-8.223534,-3.728616,4.336991,-0.005498,-0.006414,-0.006261,32.16,64.3440145307882
61922,-8.213365,-3.738786,4.331607,-0.005803,-0.00672,-0.00672,32.2,64.359273880353
61932,-8.219944,-3.731009,4.339982,-0.005803,-0.006261,-0.006567,32.2,64.322943194295
61942,-8.214561,-3.724428,4.34058,-0.005345,-0.005651,-0.005651,32.18,64.3009563981393
61952,-8.212168,-3.738786,4.332804,-0.005956,-0.006109,-0.005651,32.18,64.350398384696
61962,-8.216354,-3.731009,4.334598,-0.005803,-0.00504,-0.006872,32.19,64.3426082257822
61972,-8.229516,-3.732804,4.336392,-0.005803,-0.004276,-0.006567,32.19,64.3648656930718
61982,-8.221739,-3.734,4.34417,-0.006109,-0.002749,-0.00733,32.18,64.3084744580047
61992,-8.215756,-3.735196,4.341777,-0.006567,-0.002291,-0.006567,32.2,64.3085288364658
62002,-8.203793,-3.736991,4.353143,-0.006261,-0.001222,-0.007025,32.2,64.2247358755572
62012,-8.210971,-3.732804,4.348955,-0.006261,0.000153,-0.007178,32.18,64.2582559576706
62022,-8.20798,-3.73041,4.347759,-0.006261,0.001374,-0.007025,32.18,64.2551904285872
62032,-8.209774,-3.73041,4.336392,-0.006567,0.002443,-0.007025,32.19,64.3178807152914
62042,-8.225926,-3.74058,4.347759,-0.006414,0.003512,-0.008247,32.19,64.3061806787828
62052,-8.217552,-3.720839,4.342375,-0.005803,0.003971,-0.007025,32.2,64.2947850136517
62062,-8.206783,-3.736392,4.34417,-0.005651,0.005345,-0.00733,32.2,64.2771452084776
62072,-8.217552,-3.734,4.345964,-0.006414,0.00672,-0.007789,32.18,64.2897762970191
62082,-8.216953,-3.737589,4.345366,-0.006872,0.007636,-0.008247,32.18,64.2951900151587
62092,-8.202596,-3.732804,4.338786,-0.007636,0.008399,-0.008858,32.18,64.2917604510057
62102,-8.214561,-3.725027,4.342973,-0.006567,0.009468,-0.007941,32.18,64.2892290120894
62112,-8.21157,-3.726821,4.343571,-0.006872,0.010079,-0.007941,32.2,64.2812211792954
62122,-8.216953,-3.736991,4.338188,-0.006567,0.010843,-0.007941,32.2,64.3315766290585
62132,-8.215158,-3.727419,4.343571,-0.00733,0.011301,-0.008552,32.21,64.2899485330413
62142,-8.206185,-3.735795,4.339982,-0.00672,0.011301,-0.008247,32.21,64.2967812210537
62152,-8.21157,-3.74058,4.332804,-0.006567,0.012065,-0.008247,32.23,64.3508921816117
62162,-8.230114,-3.74058,4.333402,-0.006872,0.01237,-0.007941,32.19,64.3895671946219
62172,-8.213365,-3.732205,4.336392,-0.006872,0.012675,-0.008858,32.19,64.3278329130197
62182,-8.218747,-3.729214,4.332804,-0.006872,0.011454,-0.008552,32.21,64.3554241791348
62192,-8.217552,-3.734,4.335794,-0.007025,0.011301,-0.008247,32.21,64.3422066391689
62202,-8.220542,-3.744768,4.338188,-0.006872,0.010537,-0.009468,32.18,64.3476458342309
62212,-8.22473,-3.735795,4.337589,-0.006872,0.010232,-0.008858,32.18,64.3509728709693
62222,-8.215756,-3.728616,4.323831,-0.006261,0.009621,-0.008094,32.19,64.3943859690564
62232,-8.228917,-3.732205,4.339384,-0.006567,0.00901,-0.008247,32.19,64.3474858570317
62242,-8.229516,-3.734598,4.336991,-0.006872,0.007941,-0.007025,32.18,64.3636118593304
62252,-8.230114,-3.726821,4.332206,-0.006109,0.008094,-0.00733,32.18,64.3816840462854
62262,-8.215158,-3.732804,4.336392,-0.007178,0.006414,-0.007636,32.19,64.3324945623558
62272,-8.22772,-3.731009,4.332206,-0.005956,0.006261,-0.00733,32.19,64.3805664962009
62282,-8.223534,-3.731607,4.333402,-0.006567,0.00504,-0.008247,32.21,64.3655800959957
62292,-8.216354,-3.732205,4.342973,-0.005651,0.00504,-0.00733,32.21,64.3006440699079
62302,-8.224131,-3.731607,4.332804,-0.006109,0.004429,-0.006872,32.19,64.3700093299294
62312,-8.213365,-3.744169,4.334,-0.006414,0.003512,-0.007483,32.19,64.352454791403
62322,-8.231908,-3.742374,4.333402,-0.005651,0.001527,-0.007178,32.16,64.3954344979637
62332,-8.230712,-3.737589,4.328018,-0.005803,0.000764,-0.007178,32.18,64.4156110298765
62342,-8.226524,-3.731607,4.33041,-0.005651,0.001069,-0.006414,32.18,64.3877459576453
62352,-8.220542,-3.726223,4.326822,-0.005651,0.000764,-0.006414,32.18,64.3872835120011
62362,-8.215756,-3.731009,4.333402,-0.005956,-0.000153,-0.006261,32.18,64.3474295849757
62372,-8.216354,-3.737589,4.339384,-0.006109,-0.001069,-0.006261,32.2,64.3246721857732
62382,-8.218747,-3.739383,4.334598,-0.005498,-0.002291,-0.006567,32.2,64.3565869386529
62392,-8.216354,-3.731607,4.336392,-0.005345,-0.002291,-0.006872,32.2,64.3339665610989
62402,-8.213962,-3.739982,4.332804,-0.005956,-0.00168,-0.00672,32.2,64.3556708663835
62412,-8.218149,-3.736991,4.331607,-0.005803,-0.002138,-0.006109,32.15,64.3682152934413
62422,-8.217552,-3.735795,4.33041,-0.005192,-0.00336,-0.006414,32.15,64.3718205099453
62432,-8.223534,-3.737589,4.343571,-0.005498,-0.003207,-0.00672,32.19,64.3192890409828
62442,-8.218149,-3.735795,4.336392,-0.005803,-0.003665,-0.006567,32.19,64.3423089430626
62452,-8.224131,-3.728018,4.336991,-0.005498,-0.00336,-0.006261,32.21,64.3447495831366
62462,-8.219944,-3.725027,4.335794,-0.00504,-0.003665,-0.005345,32.21,64.3384163422614
62472,-8.236095,-3.735795,4.331607,-0.005498,-0.004581,-0.006872,32.22,64.4073803785349
62482,-8.209774,-3.744768,4.339384,-0.005956,-0.004429,-0.006261,32.22,64.3172042983625
62492,-8.213365,-3.724428,4.328616,-0.005651,-0.003665,-0.005651,32.18,64.3599982055901
62502,-8.217552,-3.728018,4.333402,-0.005498,-0.00336,-0.006414,32.17,64.3484187453776
62512,-8.224131,-3.731607,4.344768,-0.005345,-0.002902,-0.00672,32.17,64.3083403875997
62522,-8.210971,-3.733402,4.343571,-0.005956,-0.002902,-0.006261,32.19,64.2866266718964
62532,-8.222337,-3.735795,4.342375,-0.005651,-0.00168,-0.006109,32.19,64.3209126934779
62542,-8.219346,-3.741179,4.338786,-0.00504,-0.00168,-0.005651,32.21,64.3381862021294
62552,-8.217552,-3.723232,4.338188,-0.005345,-0.001374,-0.005803,32.21,64.3188290335384
62562,-8.218747,-3.737589,4.342375,-0.00504,-0.000916,-0.006414,32.2,64.3146532534791
62572,-8.219346,-3.725625,4.335197,-0.005803,-0.000458,-0.006567,32.2,64.3407578678917
62582,-8.219944,-3.728616,4.336991,-0.005651,-0.000458,-0.007178,32.18,64.3359151564246
62592,-8.213962,-3.736991,4.34058,-0.006109,0.000611,-0.007178,32.18,64.3124931947699
62602,-8.213365,-3.73041,4.348357,-0.005803,0.001069,-0.007941,32.17,64.2642928195094
62612,-8.199606,-3.737589,4.342973,-0.005956,0.001985,-0.006872,32.17,64.2683192693569
62622,-8.225328,-3.72383,4.336392,-0.005803,0.002138,-0.007636,32.21,64.3462585576946
62632,-8.205587,-3.731607,4.342375,-0.005956,0.003512,-0.006872,32.21,64.2787744958434
62642,-8.21157,-3.720241,4.348357,-0.005803,0.004887,-0.006414,32.16,64.2497875440836
62652,-8.208578,-3.731009,4.336991,-0.006109,0.004887,-0.00672,32.16,64.3127023216469
62662,-8.209177,-3.732804,4.346562,-0.005498,0.005651,-0.00733,32.18,64.2665332614252
62672,-8.209774,-3.728018,4.337589,-0.006872,0.007483,-0.00733,32.18,64.3092483898672
62682,-8.225328,-3.735196,4.335197,-0.006872,0.008552,-0.007789,32.18,64.3640373885556
62692,-8.221739,-3.731607,4.348955,-0.006261,0.009468,-0.008247,32.22,64.2813703913202
62702,-8.218747,-3.731607,4.336991,-0.005956,0.010385,-0.007636,32.22,64.3362770443955
62712,-8.226524,-3.729812,4.341179,-0.006872,0.010843,-0.007636,32.22,64.3303948058752
62722,-8.218747,-3.734598,4.335197,-0.006414,0.011148,-0.007178,32.22,64.3485935041193
62732,-8.215756,-3.731009,4.34058,-0.00733,0.011454,-0.00901,32.19,64.3104043649887
62742,-8.208578,-3.732205,4.332206,-0.006414,0.011301,-0.008247,32.19,64.3386280316388
62752,-8.217552,-3.734598,4.344768,-0.006414,0.012065,-0.008399,32.17,64.2965534774469
62762,-8.221739,-3.731607,4.331607,-0.006261,0.011454,-0.008552,32.17,64.3707933025026
62772,-8.219346,-3.729812,4.338188,-0.006261,0.012217,-0.008399,32.16,64.3296173808696
62782,-8.222935,-3.734,4.329813,-0.00672,0.010843,-0.009316,32.16,64.3851893085602
62792,-8.221739,-3.732804,4.328616,-0.00672,0.010537,-0.008247,32.18,64.3874483111672
62802,-8.224131,-3.731009,4.325625,-0.007483,0.009621,-0.009316,32.18,64.4064336985846
62812,-8.224131,-3.736991,4.334598,-0.006414,0.008858,-0.008399,32.22,64.3662659165444
62822,-8.22473,-3.73041,4.329215,-0.007025,0.008399,-0.00901,32.22,64.3886474882672
62832,-8.215756,-3.736392,4.332804,-0.007025,0.007025,-0.008552,32.17,64.3560323832729
62842,-8.215756,-3.729812,4.328616,-0.007025,0.004734,-0.008094,32.17,64.3709037807985
62852,-8.213962,-3.742374,4.338188,-0.00733,0.003971,-0.008552,32.19,64.3303571799555
62862,-8.23131,-3.734598,4.329215,-0.00672,0.003054,-0.008247,32.23,64.4077311815598
62872,-8.219346,-3.734,4.334598,-0.00672,0.002443,-0.008094,32.23,64.3524208429086
62882,-8.23131,-3.739383,4.331009,-0.006567,0.000764,-0.007941,32.19,64.4033672177981
62892,-8.222337,-3.732205,4.326822,-0.006567,-0.000305,-0.008247,32.19,64.3974396878118
62902,-8.222935,-3.727419,4.331009,-0.006567,-0.001222,-0.007483,32.16,64.3722924525454
62912,-8.215756,-3.738786,4.335197,-0.006414,-0.002138,-0.006872,32.16,64.346143564499
62922,-8.232506,-3.729812,4.331009,-0.006567,-0.00336,-0.007178,32.24,64.396290836415
62932,-8.219944,-3.726223,4.331009,-0.006109,-0.003512,-0.006567,32.24,64.3643261487729
62942,-8.212766,-3.728018,4.332206,-0.006109,-0.004276,-0.006872,32.15,64.343788797342
62952,-8.21157,-3.735196,4.326822,-0.005651,-0.005192,-0.006872,32.15,64.3762441270208
62962,-8.219944,-3.732804,4.33041,-0.006414,-0.005498,-0.006414,32.2,64.3741482449025
62972,-8.220542,-3.738187,4.338188,-0.00672,-0.005803,-0.005956,32.2,64.3408963723759
62982,-8.218149,-3.739982,4.335197,-0.005956,-0.005192,-0.006414,32.2,64.3527645811401
62992,-8.221739,-3.74058,4.334598,-0.006567,-0.005651,-0.006414,32.2,64.3645539005192
63002,-8.222337,-3.735795,4.339384,-0.005956,-0.005956,-0.006414,32.16,64.3363270349372
63012,-8.218747,-3.72383,4.335197,-0.006261,-0.005803,-0.00672,32.16,64.3375693275107
63022,-8.218149,-3.724428,4.343571,-0.006261,-0.003818,-0.006109,32.19,64.2936439466276
63032,-8.219944,-3.724428,4.334598,-0.006261,-0.00336,-0.007025,32.17,64.3439732815978
63042,-8.222935,-3.732804,4.341179,-0.005956,-0.002749,-0.006567,32.17,64.3253608071098
63052,-8.216953,-3.728616,4.349553,-0.005956,-0.00168,-0.005956,32.18,64.2644029684635
63062,-8.217552,-3.73041,4.338188,-0.005956,-0.00168,-0.006872,32.18,64.326180692718
63072,-8.213365,-3.720241,4.341179,-0.006567,-0.000916,-0.007483,32.17,64.2908705624761
63082,-8.215756,-3.734598,4.337589,-0.005651,0.001069,-0.006567,32.17,64.3295101210487
63092,-8.213962,-3.724428,4.336991,-0.005956,0.002138,-0.006414,32.21,64.3181174822087
63102,-8.222337,-3.719045,4.343571,-0.006109,0.002902,-0.00733,32.21,64.2976018416805
63112,-8.213962,-3.733402,4.342375,-0.006109,0.003665,-0.007483,32.2,64.2995523434968
63122,-8.210971,-3.731607,4.339982,-0.006261,0.004581,-0.007483,32.2,64.3032922638977
63132,-8.198408,-3.734598,4.341179,-0.005956,0.006414,-0.007178,32.2,64.2717817989405
63142,-8.205587,-3.731009,4.347161,-0.006261,0.006872,-0.006567,32.2,64.25347321674
63152,-8.215158,-3.735795,4.345964,-0.006109,0.006872,-0.007483,32.21,64.2862114204277
63162,-8.217552,-3.729812,4.335794,-0.005651,0.007789,-0.007941,32.21,64.3379155693774
63172,-8.216354,-3.719643,4.339982,-0.005345,0.008247,-0.007483,32.2,64.3031933993739
63182,-8.22473,-3.735196,4.344768,-0.004887,0.008399,-0.008247,32.2,64.3133681967892
63192,-8.225328,-3.732205,4.332804,-0.005345,0.008399,-0.007483,32.21,64.3733173115198
63202,-8.213365,-3.731009,4.346562,-0.005498,0.009163,-0.007483,32.18,64.2741601279286
63212,-8.219346,-3.731009,4.339982,-0.005651,0.008247,-0.007789,32.18,64.3215934528924
63222,-8.223534,-3.732205,4.335197,-0.005498,0.007636,-0.007636,32.17,64.3569354510556
63232,-8.21157,-3.731009,4.333402,-0.00504,0.007636,-0.008399,32.17,64.3379822615589
63242,-8.215756,-3.736392,4.33041,-0.005498,0.00733,-0.007636,32.21,64.3683848467973
63252,-8.22473,-3.738786,4.335197,-0.004734,0.007178,-0.008094,32.21,64.3663641030024
63262,-8.223534,-3.734,4.331009,-0.005192,0.006109,-0.007178,32.2,64.3803690427059
63272,-8.222337,-3.738786,4.335197,-0.005956,0.006261,-0.007789,32.2,64.3609746463029
63282,-8.205587,-3.741179,4.326224,-0.006109,0.005651,-0.007025,32.16,64.3719868683936
63292,-8.212766,-3.731009,4.329215,-0.005803,0.004276,-0.007789,32.16,64.362293957204
63302,-8.215756,-3.744169,4.342973,-0.006261,0.004734,-0.008247,32.19,64.3115815654778
63312,-8.219944,-3.733402,4.332804,-0.006109,0.004123,-0.007483,32.19,64.3624099480249
63322,-8.219346,-3.741179,4.339982,-0.005498,0.00336,-0.007025,32.18,64.3320215193051
63332,-8.21157,-3.738786,4.32742,-0.005651,0.003971,-0.006567,32.18,64.3768389642733
63342,-8.214561,-3.731009,4.339982,-0.005803,0.002596,-0.00672,32.2,64.3107891042096
63352,-8.221141,-3.734598,4.329215,-0.005803,0.002443,-0.007025,32.2,64.3848458844188
63362,-8.217552,-3.736392,4.33041,-0.006414,0.002138,-0.006567,32.18,64.3724321050261
63372,-8.212766,-3.734,4.334598,-0.006567,0.001527,-0.006567,32.19,64.3375784034279
63382,-8.207382,-3.734598,4.334598,-0.006414,0.001527,-0.007178,32.19,64.3260378495753
63392,-8.220542,-3.73041,4.335794,-0.006414,0.00168,-0.006567,32.15,64.3452738247076
63402,-8.219346,-3.736991,4.328616,-0.005803,0.001374,-0.006872,32.15,64.3863432508987
63412,-8.222337,-3.729812,4.335794,-0.006261,0.000611,-0.007025,32.16,64.3487103352902
63422,-8.217552,-3.726821,4.335197,-0.005803,0,-0.007178,32.16,64.3379324207462
63432,-8.22473,-3.739383,4.332804,-0.005956,0.000153,-0.006261,32.19,64.3793119353279
63442,-8.225328,-3.728616,4.338188,-0.006261,-0.000153,-0.006567,32.19,64.3418897147974
63452,-8.216953,-3.731009,4.323233,-0.006414,-0.000611,-0.007636,32.18,64.402618684784
63462,-8.222337,-3.739383,4.334,-0.007025,-0.000611,-0.007025,32.18,64.3677577024516
63472,-8.214561,-3.728018,4.335794,-0.006261,-0.000611,-0.007025,32.18,64.3293254421734
63482,-8.216354,-3.731607,4.339982,-0.005803,-0.001069,-0.00672,32.18,64.3154517241307
63492,-8.215158,-3.732205,4.334598,-0.005651,-0.000458,-0.00733,32.19,64.3411352800222
63502,-8.219346,-3.726821,4.332206,-0.006261,-0.000916,-0.006567,32.19,64.3574123668326
63512,-8.221739,-3.737589,4.331009,-0.006109,-0.001985,-0.007636,32.21,64.3799988105539
63522,-8.22772,-3.732205,4.34058,-0.005956,-0.002138,-0.007483,32.21,64.338625391413
63532,-8.213962,-3.735795,4.337589,-0.005651,-0.002291,-0.008552,32.19,64.3266898061825
63542,-8.205587,-3.737589,4.346562,-0.006109,-0.002138,-0.008858,32.18,64.2633384837239
63552,-8.204989,-3.739982,4.347161,-0.005651,-0.002749,-0.009163,32.18,64.2613637415173
63562,-8.21157,-3.738187,4.34417,-0.005498,-0.002138,-0.007636,32.23,64.2898113771155
63572,-8.215158,-3.736392,4.339384,-0.005345,-0.001527,-0.007789,32.23,64.3207447780413
63582,-8.216953,-3.735795,4.339982,-0.005651,-0.00168,-0.008399,32.16,64.3210996817922
63592,-8.217552,-3.729812,4.341777,-0.006261,-0.000916,-0.007789,32.16,64.3070615699648
63602,-8.220542,-3.725027,4.337589,-0.006414,0,-0.007789,32.17,64.3305082094128
63612,-8.212168,-3.734598,4.336991,-0.006261,0.000458,-0.007178,32.17,64.3244962496474
63622,-8.222935,-3.741776,4.343571,-0.005956,0.001833,-0.008247,32.19,64.3222317633324
63632,-8.212168,-3.728018,4.337589,-0.006261,0.002443,-0.007941,32.19,64.314658665342
63642,-8.219944,-3.728018,4.332804,-0.005803,0.003818,-0.008094,32.2,64.3569002886458
63652,-8.212766,-3.742973,4.334,-0.006567,0.003818,-0.007789,32.2,64.3498760497655
63662,-8.213365,-3.729214,4.34417,-0.005651,0.004887,-0.007025,32.14,64.2846483917676
63672,-8.20798,-3.729812,4.334,-0.005956,0.005192,-0.007941,32.14,64.3255595793082
63682,-8.225926,-3.733402,4.348955,-0.00733,0.006567,-0.007025,32.18,64.2926654244792
63692,-8.217552,-3.737589,4.346562,-0.007025,0.00733,-0.007636,32.18,64.2903799492662
63702,-8.217552,-3.722634,4.334598,-0.006567,0.00901,-0.008552,32.2,64.3367379843491
63712,-8.210373,-3.724428,4.336991,-0.00672,0.009621,-0.007636,32.23,64.3100051751555
63722,-8.223534,-3.737589,4.338786,-0.006414,0.010996,-0.007636,32.23,64.3439451333917
63732,-8.209177,-3.722634,4.334,-0.00672,0.010996,-0.007636,32.19,64.3209007639284
63742,-8.217552,-3.731009,4.338188,-0.00672,0.011301,-0.007178,32.19,64.3267945377546
63752,-8.227122,-3.725625,4.336392,-0.007025,0.011606,-0.007178,32.18,64.3521380924261
63762,-8.209177,-3.734598,4.338188,-0.00672,0.012217,-0.007483,32.18,64.3115665260398
63772,-8.220542,-3.726821,4.336991,-0.006872,0.01237,-0.007636,32.19,64.3354276897184
63782,-8.219346,-3.734,4.326224,-0.006872,0.012217,-0.007483,32.19,64.3956263071958
63792,-8.225926,-3.743571,4.334,-0.007025,0.012217,-0.007941,32.21,64.3801245954059
63802,-8.222935,-3.732804,4.334598,-0.006109,0.011912,-0.008094,32.21,64.3592868770784
63812,-8.225328,-3.736392,4.335197,-0.006872,0.011454,-0.007941,32.2,64.3652608997327
63822,-8.22473,-3.735795,4.324429,-0.005956,0.010843,-0.007178,32.2,64.4188415251864
63832,-8.22473,-3.729214,4.325625,-0.00672,0.009774,-0.00733,32.18,64.405949471781
63842,-8.225328,-3.735795,4.322036,-0.006414,0.008399,-0.008705,32.18,64.4325354026422
63852,-8.221141,-3.736392,4.332804,-0.005956,0.008247,-0.007483,32.21,64.3681684781897
63862,-8.217552,-3.733402,4.321437,-0.006414,0.007025,-0.007789,32.21,64.41568952926
63872,-8.219346,-3.736392,4.32742,-0.006261,0.006261,-0.007483,32.18,64.3919015905006
63882,-8.22473,-3.739383,4.321437,-0.005651,0.003818,-0.007483,32.18,64.4379473767719
63892,-8.22473,-3.734598,4.333402,-0.005651,0.003512,-0.006872,32.16,64.3713333716635
63902,-8.223534,-3.736991,4.326224,-0.005498,0.002443,-0.007636,32.2,64.4081115906583
63912,-8.217552,-3.732804,4.329813,-0.005803,0.000153,-0.007483,32.2,64.3718379401295
63922,-8.219346,-3.739383,4.329813,-0.004887,-0.000458,-0.007789,32.19,64.3826171057411
63932,-8.216354,-3.733402,4.335794,-0.005498,-0.001527,-0.00672,32.19,64.3388911295673
63942,-8.236095,-3.736392,4.325027,-0.004734,-0.002291,-0.006872,32.16,64.4419063617132
63952,-8.225926,-3.742973,4.326822,-0.005345,-0.004123,-0.007025,32.16,64.416522191483
63962,-8.215158,-3.74058,4.321437,-0.005803,-0.004734,-0.006567,32.21,64.4176490837365
63972,-8.219346,-3.729812,4.322036,-0.005345,-0.005345,-0.006261,32.21,64.4129654152446
63982,-8.213365,-3.735196,4.332804,-0.00504,-0.005956,-0.005803,32.17,64.3494138552869
63992,-8.226524,-3.725027,4.33041,-0.004276,-0.006414,-0.005345,32.17,64.3810288130819
64002,-8.221141,-3.729214,4.342973,-0.005651,-0.007483,-0.00672,32.2,64.3083889311701
64012,-8.206783,-3.728018,4.336392,-0.005345,-0.008399,-0.006567,32.2,64.308664660168
64022,-8.224131,-3.736392,4.337589,-0.005192,-0.007483,-0.006261,32.2,64.3502342037546
64032,-8.219346,-3.735196,4.336991,-0.004734,-0.007789,-0.005651,32.2,64.341305506964
64042,-8.219346,-3.731009,4.342973,-0.005192,-0.007789,-0.006567,32.15,64.3061748951451
64052,-8.210373,-3.739982,4.335794,-0.005345,-0.007789,-0.006414,32.15,64.3321508849895
64062,-8.206783,-3.724428,4.34417,-0.00504,-0.007483,-0.006872,32.16,64.264839660714
64072,-8.220542,-3.734598,4.351946,-0.005498,-0.006872,-0.006567,32.22,64.2663306222261
64082,-8.215756,-3.736392,4.350152,-0.005498,-0.006261,-0.006109,32.22,64.2665972836508
64092,-8.210373,-3.725027,4.343571,-0.005803,-0.004581,-0.006414,32.19,64.276671244791
64102,-8.21157,-3.725625,4.348357,-0.005803,-0.003207,-0.006567,32.19,64.2553154259718
64112,-8.204391,-3.735795,4.336991,-0.00672,-0.002749,-0.007178,32.19,64.3081609801691
64122,-8.213365,-3.743571,4.341179,-0.007025,-0.001527,-0.008247,32.19,64.3148197675807
64132,-8.208578,-3.728616,4.349553,-0.006872,-0.000305,-0.007941,32.19,64.2454497449989
64142,-8.212766,-3.729214,4.347759,-0.00672,0.001833,-0.00733,32.19,64.2647913547996
64152,-8.216354,-3.729812,4.347161,-0.007025,0.003207,-0.008247,32.18,64.2766020210796
64162,-8.214561,-3.729214,4.354938,-0.00672,0.003971,-0.007789,32.18,64.2318626916588
64172,-8.207382,-3.727419,4.346562,-0.007025,0.005498,-0.008552,32.17,64.2569327206769
64182,-8.212168,-3.736991,4.348357,-0.006872,0.00733,-0.007941,32.17,64.2683515459402
64192,-8.20798,-3.737589,4.350152,-0.006414,0.007789,-0.007636,32.18,64.2502453638726
64202,-8.221141,-3.736392,4.341179,-0.006414,0.008858,-0.008094,32.18,64.3249902672188
64212,-8.230114,-3.729812,4.334598,-0.006261,0.01069,-0.007483,32.17,64.3724038977042
64222,-8.215158,-3.732205,4.342973,-0.00672,0.011454,-0.00901,32.17,64.2979423116398
64232,-8.218149,-3.732804,4.332804,-0.007025,0.012523,-0.008399,32.21,64.3577510093226
64242,-8.216354,-3.732205,4.336991,-0.007178,0.013439,-0.008552,32.19,64.3314899342877
64252,-8.213365,-3.735795,4.33041,-0.006414,0.013897,-0.008399,32.19,64.3623828771304
64262,-8.213962,-3.725625,4.34058,-0.007178,0.013134,-0.009163,32.16,64.3008293923434
64272,-8.22772,-3.731607,4.339384,-0.006872,0.013592,-0.008552,32.16,64.3441767012423
64282,-8.221141,-3.734598,4.335794,-0.006109,0.013744,-0.008247,32.17,64.3509122463221
64292,-8.216354,-3.728018,4.338188,-0.006261,0.014203,-0.008552,32.17,64.3210246408959
64302,-8.23131,-3.739383,4.346562,-0.005956,0.013439,-0.008247,32.18,64.3232527000664
64312,-8.216953,-3.736392,4.328616,-0.006567,0.013134,-0.008705,32.18,64.3803399672809
64322,-8.221141,-3.733402,4.328018,-0.006261,0.012675,-0.008858,32.21,64.3897986561548
64332,-8.217552,-3.727419,4.323233,-0.006109,0.011606,-0.00901,32.21,64.4002976593144
64342,-8.219944,-3.742374,4.332206,-0.006261,0.010843,-0.008858,32.2,64.374685025991
64352,-8.219944,-3.742374,4.333402,-0.006261,0.009927,-0.008858,32.2,64.3685172811057
64362,-8.226524,-3.733402,4.33041,-0.006109,0.008858,-0.008399,32.16,64.3895795063489
64372,-8.22473,-3.734,4.328018,-0.006261,0.007941,-0.008094,32.16,64.3984902835628
64382,-8.223534,-3.733402,4.323233,-0.007025,0.006109,-0.008705,32.2,64.4198791267184
64392,-8.216953,-3.734,4.328018,-0.005956,0.005803,-0.007178,32.2,64.3809764519909
64402,-8.221141,-3.732804,4.318447,-0.006414,0.003054,-0.008247,32.17,64.4385951653005
64412,-8.225926,-3.741179,4.325027,-0.007178,0.001833,-0.008552,32.2,64.4239468323896
64422,-8.228318,-3.745964,4.32742,-0.006261,0.000305,-0.007483,32.2,64.4218715478359
64432,-8.22473,-3.73041,4.326822,-0.006109,-0.000458,-0.00672,32.2,64.4009937415389
64442,-8.228318,-3.732205,4.332804,-0.00672,-0.001069,-0.00733,32.2,64.3800511476152
64452,-8.219346,-3.732205,4.329813,-0.006567,-0.002749,-0.007025,32.2,64.3752680745609
64462,-8.219944,-3.728018,4.33041,-0.006414,-0.002443,-0.005651,32.2,64.3692524521433
64472,-8.220542,-3.738187,4.336392,-0.005956,-0.003971,-0.006261,32.18,64.3501554776552
64482,-8.217552,-3.729812,4.321437,-0.006109,-0.004276,-0.006109,32.18,64.4120189678525
64492,-8.218149,-3.74058,4.322036,-0.005803,-0.004887,-0.007025,32.19,64.4212846159954
64502,-8.228318,-3.736392,4.324429,-0.00504,-0.005651,-0.007025,32.19,64.4275185288622
64512,-8.221739,-3.729812,4.331607,-0.005498,-0.005956,-0.00672,32.2,64.3689575986638
64522,-8.222935,-3.73041,4.345964,-0.00504,-0.006414,-0.006261,32.2,64.2982526105868
64532,-8.215756,-3.734,4.326822,-0.005498,-0.005956,-0.005651,32.2,64.3844528005758
64542,-8.207382,-3.736991,4.328616,-0.005345,-0.007483,-0.007025,32.2,64.3593788010567
64552,-8.212766,-3.733402,4.334,-0.00504,-0.007483,-0.00733,32.23,64.340050516464
64562,-8.212766,-3.736392,4.339384,-0.00504,-0.007636,-0.00733,32.23,64.3153453844333
64572,-8.215158,-3.729214,4.34417,-0.005192,-0.006109,-0.006567,32.18,64.2887017900395
64582,-8.207382,-3.729812,4.336991,-0.005498,-0.006261,-0.007178,32.23,64.3087697840924
64592,-8.214561,-3.736392,4.344768,-0.005192,-0.005345,-0.007025,32.23,64.291640275675
64602,-8.208578,-3.729214,4.334,-0.005956,-0.004887,-0.006567,32.18,64.3262967490086
64612,-8.216354,-3.737589,4.341777,-0.005498,-0.004581,-0.007025,32.18,64.3123353494044
64622,-8.215756,-3.726821,4.345366,-0.005192,-0.003818,-0.007178,32.19,64.2814331046308
64632,-8.225926,-3.732205,4.335197,-0.005498,-0.002749,-0.00733,32.19,64.3623259962365
64642,-8.223534,-3.732205,4.332206,-0.006109,-0.001833,-0.00733,32.18,64.3723597790138
64652,-8.223534,-3.725625,4.351348,-0.005803,-0.001069,-0.00672,32.18,64.2669716824753
64662,-8.215756,-3.731009,4.343571,-0.006414,0.000611,-0.007025,32.19,64.2949831198439
64672,-8.214561,-3.716652,4.347161,-0.006109,0.001527,-0.00733,32.19,64.2590486016095
64682,-8.216354,-3.733402,4.336392,-0.006414,0.002596,-0.008247,32.19,64.3358066421989
64692,-8.215756,-3.737589,4.336991,-0.00672,0.003818,-0.007941,32.19,64.3356627914884
64702,-8.221739,-3.746562,4.344768,-0.006567,0.005803,-0.007941,32.18,64.3182827174339
64712,-8.212766,-3.736991,4.334598,-0.005498,0.006567,-0.008094,32.18,64.3406479963807
64722,-8.218747,-3.725027,4.345964,-0.006109,0.007178,-0.007941,32.21,64.2832743304035
64732,-8.218149,-3.729214,4.336991,-0.00672,0.008247,-0.007789,32.21,64.332476362939
64742,-8.216354,-3.735196,4.342973,-0.006567,0.009163,-0.007941,32.17,64.3037136345983
64752,-8.209177,-3.726223,4.347759,-0.006872,0.010537,-0.008705,32.21,64.253594982228
64762,-8.210971,-3.729812,4.34058,-0.006872,0.011454,-0.008094,32.21,64.2983643616014
64772,-8.216953,-3.736991,4.338786,-0.006872,0.012523,-0.008247,32.22,64.3284932138497
64782,-8.216354,-3.742374,4.339982,-0.007178,0.012828,-0.007025,32.22,64.3265021438709
64792,-8.219346,-3.734598,4.333402,-0.00733,0.012217,-0.007789,32.21,64.3592020958508
64802,-8.218747,-3.728018,4.33041,-0.006872,0.01237,-0.007483,32.21,64.3665533529944
64812,-8.22772,-3.731607,4.334598,-0.006872,0.012675,-0.007941,32.16,64.3688445861755
64822,-8.213365,-3.732205,4.34058,-0.006414,0.012217,-0.007636,32.16,64.3062308496536
64832,-8.224131,-3.742973,4.329215,-0.006567,0.011454,-0.00733,32.2,64.4001450554464
64842,-8.216354,-3.732804,4.332804,-0.00672,0.011912,-0.007636,32.2,64.3537032040416
64852,-8.219346,-3.727419,4.329215,-0.00672,0.011301,-0.007178,32.17,64.3734585510384
64862,-8.218747,-3.728018,4.328018,-0.007178,0.011148,-0.008247,32.17,64.3788986830659
64872,-8.231908,-3.729812,4.33041,-0.006567,0.009621,-0.008247,32.19,64.3980334377339
64882,-8.213365,-3.736991,4.331607,-0.005956,0.00901,-0.008705,32.19,64.357432152614
64892,-8.219346,-3.74058,4.332804,-0.006872,0.007636,-0.007636,32.17,64.3684154944099
64902,-8.221141,-3.731607,4.331009,-0.006414,0.006567,-0.007941,32.17,64.3725306236985
64912,-8.216354,-3.73041,4.336392,-0.005956,0.005956,-0.00733,32.18,64.3327397697324
64922,-8.2349,-3.739982,4.326822,-0.006414,0.004123,-0.006872,32.21,64.4336278254076
64932,-8.216354,-3.74058,4.33041,-0.005651,0.003054,-0.007025,32.21,64.3740258037437
64942,-8.230114,-3.738187,4.333402,-0.005498,0.002443,-0.007483,32.14,64.3871215874717
64952,-8.224131,-3.736991,4.337589,-0.005498,0.001985,-0.007941,32.14,64.3508474691322
64962,-8.212168,-3.73041,4.333402,-0.004887,0.000458,-0.008552,32.2,64.3387179285932
64972,-8.215756,-3.734,4.335794,-0.005956,-0.001069,-0.007636,32.2,64.3381550683261
64982,-8.217552,-3.734,4.329215,-0.006567,-0.001069,-0.007025,32.19,64.3761485437
64992,-8.218149,-3.741179,4.336991,-0.005651,-0.001833,-0.00672,32.19,64.3447419565696
65002,-8.221141,-3.736991,4.334,-0.005345,-0.002291,-0.00672,32.19,64.3626138921695
65012,-8.22473,-3.734598,4.336392,-0.005345,-0.003207,-0.007483,32.19,64.3559180120086
65022,-8.224131,-3.728018,4.328616,-0.005956,-0.003665,-0.006872,32.18,64.3879456316758
65032,-8.220542,-3.732804,4.334598,-0.005956,-0.004276,-0.007178,32.18,64.3538926233778
65042,-8.213365,-3.738187,4.341777,-0.005956,-0.004887,-0.007789,32.19,64.3062023475523
65052,-8.215158,-3.726821,4.34417,-0.005956,-0.00504,-0.007483,32.19,64.2862467959481
65062,-8.222337,-3.734,4.337589,-0.006261,-0.005345,-0.007483,32.17,64.3437414804143
65072,-8.221739,-3.726821,4.334598,-0.006261,-0.005192,-0.008094,32.17,64.3504706064785
65082,-8.218149,-3.733402,4.344768,-0.005192,-0.004734,-0.006872,32.21,64.2966744503477
65092,-8.212766,-3.736991,4.335794,-0.005956,-0.005192,-0.006872,32.21,64.3344777820996
65102,-8.209774,-3.732804,4.34417,-0.006414,-0.005192,-0.007025,32.24,64.2802170554953
65112,-8.212168,-3.735795,4.343571,-0.006109,-0.004276,-0.00672,32.15,64.291791267794
65122,-8.219346,-3.734,4.348955,-0.006414,-0.003971,-0.006872,32.15,64.2784189820521
65132,-8.216953,-3.729812,4.338188,-0.006567,-0.002596,-0.00733,32.18,64.3242156198299
65142,-8.205587,-3.732804,4.339982,-0.006414,-0.002596,-0.007483,32.18,64.2923523220922
65152,-8.217552,-3.727419,4.34058,-0.006414,-0.00168,-0.007178,32.18,64.3107807639655
65162,-8.216354,-3.735196,4.345366,-0.007025,0.000611,-0.007178,32.18,64.2913797857321
65172,-8.220542,-3.734,4.331607,-0.007025,0.001069,-0.00733,32.17,64.3705443921394
65182,-8.221141,-3.741179,4.341179,-0.006872,0.00168,-0.00733,32.17,64.329899199576
65192,-8.221739,-3.741179,4.339982,-0.005956,0.002749,-0.00733,32.19,64.3374154470121
65202,-8.221739,-3.729812,4.341179,-0.006261,0.003207,-0.007025,32.19,64.3195981374702
65212,-8.222935,-3.736991,4.332804,-0.006109,0.003971,-0.007636,32.18,64.3728225496206
65222,-8.215756,-3.725027,4.341777,-0.006261,0.004734,-0.006872,32.18,64.2980984020511
65232,-8.217552,-3.728018,4.343571,-0.006567,0.005651,-0.006872,32.19,64.2959737291426
65242,-8.213962,-3.732205,4.341179,-0.00672,0.006414,-0.007636,32.19,64.3044904727351
65252,-8.215158,-3.741776,4.346562,-0.006872,0.00733,-0.006872,32.2,64.289277439747
65262,-8.210971,-3.727419,4.342375,-0.006872,0.007789,-0.00733,32.2,64.2866486645665
65273,-8.210373,-3.732804,4.346562,-0.006872,0.00901,-0.007636,32.2,64.2692385291916
65282,-8.221739,-3.729214,4.339384,-0.006414,0.009163,-0.007178,32.2,64.3282390753117
65292,-8.218149,-3.734598,4.333402,-0.006872,0.009163,-0.008552,32.2,64.3565037347557
65302,-8.215158,-3.743571,4.34058,-0.007025,0.010385,-0.008399,32.16,64.3219521261135
65312,-8.212766,-3.733402,4.339384,-0.00672,0.010079,-0.007636,32.16,64.3122749726472
65322,-8.228318,-3.743571,4.338786,-0.006261,0.01069,-0.007178,32.2,64.3608452286899
65332,-8.216953,-3.731009,4.339982,-0.006109,0.010385,-0.007789,32.2,64.3161910742511
65342,-8.225328,-3.734598,4.338786,-0.006567,0.009468,-0.007178,32.17,64.3449261714139
65352,-8.221141,-3.735196,4.342973,-0.006261,0.009163,-0.00733,32.17,64.3145189327871
65362,-8.219346,-3.73041,4.339982,-0.005345,0.009163,-0.008247,32.21,64.3209797409285
65372,-8.215158,-3.728018,4.326224,-0.006261,0.009468,-0.008094,32.21,64.3800686909126
65382,-8.224131,-3.735196,4.334598,-0.005803,0.009468,-0.008094,32.18,64.3644291226877
65392,-8.231908,-3.739383,4.334,-0.005956,0.007636,-0.008399,32.18,64.3892969499077
65402,-8.229516,-3.725625,4.329813,-0.006109,0.006872,-0.008399,32.22,64.391458229641
65412,-8.219944,-3.737589,4.335794,-0.00672,0.006567,-0.00901,32.22,64.3512782102804
65422,-8.220542,-3.735196,4.32742,-0.006109,0.006567,-0.007941,32.18,64.3933706384415
65432,-8.219944,-3.73041,4.33041,-0.005498,0.005651,-0.008552,32.18,64.3716988925343
65442,-8.221739,-3.736392,4.334598,-0.005192,0.004123,-0.007025,32.18,64.3602641643445
65452,-8.22473,-3.739383,4.326224,-0.005956,0.003512,-0.007025,32.19,64.4132471485438
65462,-8.221141,-3.734598,4.322634,-0.005956,0.00336,-0.006567,32.19,64.4188091291205
65472,-8.220542,-3.734598,4.331607,-0.006261,0.002596,-0.00733,32.18,64.3711564708098
65482,-8.212168,-3.732804,4.321437,-0.005956,0.00168,-0.006872,32.18,64.40295261419
65492,-8.22473,-3.734,4.338188,-0.005803,0.000916,-0.006567,32.18,64.3460484174048
65502,-8.216354,-3.732804,4.335794,-0.005651,-0.000458,-0.00733,32.18,64.338278109581
65512,-8.215158,-3.738786,4.332804,-0.005956,-0.000764,-0.00672,32.2,64.3571395738285
65522,-8.209177,-3.732205,4.334,-0.005345,-0.001527,-0.006261,32.2,64.3307200401425
65532,-8.218747,-3.735795,4.334,-0.006109,-0.00168,-0.006567,32.16,64.3559936408892
65542,-8.221141,-3.74716,4.335197,-0.006414,-0.002291,-0.007178,32.16,64.3668655326899
65552,-8.219346,-3.732804,4.326224,-0.005803,-0.002596,-0.006261,32.18,64.3944028770152
65562,-8.214561,-3.736392,4.34058,-0.005803,-0.002902,-0.006567,32.18,64.3132302922905
65572,-8.222935,-3.732205,4.329215,-0.005498,-0.00336,-0.006872,32.18,64.3864390792741
65582,-8.218747,-3.738187,4.329813,-0.006414,-0.003665,-0.006109,32.18,64.3800431019603
65592,-8.221141,-3.72383,4.339384,-0.006414,-0.003207,-0.007178,32.18,64.3213797839268
65602,-8.218747,-3.725027,4.339384,-0.006109,-0.00336,-0.006567,32.18,64.3171976879771
65612,-8.204989,-3.725027,4.332804,-0.005803,-0.003818,-0.005803,32.15,64.3200624741061
65622,-8.216354,-3.728616,4.335794,-0.006261,-0.003512,-0.006872,32.2,64.333986436498
65632,-8.218149,-3.736392,4.332804,-0.005956,-0.003512,-0.007025,32.2,64.361426606345
65642,-8.218747,-3.735196,4.339384,-0.006261,-0.003665,-0.005956,32.21,64.3276162786836
65652,-8.210971,-3.739383,4.339384,-0.006567,-0.003818,-0.006261,32.21,64.3143666203965
65662,-8.210971,-3.727419,4.336392,-0.006872,-0.003512,-0.00672,32.19,64.3175159746391
65672,-8.210373,-3.729812,4.339982,-0.00672,-0.003512,-0.00672,32.19,64.3000974235689
65682,-8.209774,-3.733402,4.347759,-0.006414,-0.002749,-0.007483,32.19,64.262327959097
65692,-8.206185,-3.732804,4.335794,-0.005803,-0.003054,-0.00733,32.19,64.315317017604
65702,-8.226524,-3.741179,4.335197,-0.006567,-0.001222,-0.007483,32.19,64.3728520783443
65712,-8.217552,-3.742374,4.343571,-0.006414,-0.001069,-0.00733,32.19,64.3107066538776
65722,-8.218747,-3.735795,4.339982,-0.006261,-0.000611,-0.007025,32.18,64.3251476155496
65732,-8.208578,-3.735196,4.341179,-0.006414,0.000764,-0.007483,32.18,64.2953984705158
65742,-8.212168,-3.726223,4.341777,-0.006261,0.002138,-0.008399,32.17,64.2912125411173
65752,-8.204391,-3.73041,4.341179,-0.006261,0.002902,-0.00733,32.17,64.2810079816436
65762,-8.203793,-3.736392,4.347161,-0.006414,0.004276,-0.008247,32.21,64.2549572660612
65772,-8.213962,-3.73041,4.338786,-0.006414,0.004734,-0.009316,32.21,64.3149901521561
65782,-8.204989,-3.729214,4.348357,-0.005803,0.006872,-0.00901,32.19,64.2441035834152
65792,-8.221739,-3.718446,4.336991,-0.006109,0.009163,-0.008247,32.16,64.3295677375865
65802,-8.220542,-3.738187,4.343571,-0.00733,0.009621,-0.009163,32.16,64.3131534444128
65812,-8.217552,-3.732804,4.336392,-0.006567,0.01069,-0.008705,32.18,64.3378966267464
65822,-8.214561,-3.73041,4.34058,-0.006109,0.010996,-0.007941,32.18,64.3070906321947
65832,-8.216953,-3.739982,4.341179,-0.005651,0.011454,-0.008247,32.23,64.3192264440758
65842,-8.217552,-3.739982,4.335794,-0.005803,0.012065,-0.007636,32.23,64.3483404577919
65852,-8.223534,-3.739982,4.338786,-0.006414,0.012065,-0.008247,32.16,64.3463966891807
65862,-8.212766,-3.732205,4.335794,-0.006261,0.012523,-0.009316,32.16,64.3295658256694
65872,-8.230114,-3.743571,4.335197,-0.005651,0.012217,-0.007178,32.18,64.3833758304088
65882,-8.213962,-3.733402,4.332206,-0.006414,0.011759,-0.007636,32.18,64.3520065746142
65892,-8.222935,-3.732205,4.344768,-0.006414,0.011301,-0.007941,32.14,64.3062533779858
65902,-8.209177,-3.737589,4.331009,-0.006109,0.011301,-0.007789,32.14,64.3516873204568
65912,-8.22772,-3.726223,4.325027,-0.006261,0.010537,-0.007636,32.18,64.412715097643
65922,-8.218747,-3.735196,4.329215,-0.006261,0.009774,-0.008094,32.18,64.3800655614671
65932,-8.217552,-3.739383,4.334598,-0.005803,0.008552,-0.007789,32.2,64.3538939421865
65942,-8.216354,-3.732205,4.331009,-0.005956,0.007789,-0.007789,32.2,64.3623517685395
65952,-8.210373,-3.733402,4.331009,-0.005803,0.007025,-0.006872,32.13,64.3500874683441
65962,-8.209774,-3.731607,4.329813,-0.006109,0.004887,-0.006872,32.2,64.353068782984
65972,-8.217552,-3.726223,4.329813,-0.006414,0.003512,-0.006872,32.2,64.3651031774084
65982,-8.228318,-3.74716,4.322036,-0.006109,0.002138,-0.007025,32.17,64.4508606589885
65992,-8.215158,-3.73041,4.326224,-0.005956,0.001527,-0.007483,32.17,64.3825167534341
66002,-8.224131,-3.721437,4.334,-0.005956,0.000458,-0.007025,32.18,64.353450455685
66012,-8.218747,-3.726821,4.329215,-0.005651,-0.000305,-0.007483,32.18,64.3714964433592
66022,-8.228318,-3.73041,4.334,-0.005803,-0.000611,-0.006414,32.18,64.3720518763365
66032,-8.235497,-3.726821,4.329215,-0.005345,-0.00168,-0.006567,32.18,64.4092226378985
66042,-8.216953,-3.736991,4.331607,-0.005651,-0.001833,-0.005956,32.18,64.365520200154
66052,-8.203793,-3.72383,4.338188,-0.005956,-0.002902,-0.006567,32.18,64.2883271269994
66062,-8.213962,-3.735795,4.331607,-0.005956,-0.003818,-0.007483,32.19,64.3575515236996
66072,-8.213365,-3.736392,4.332804,-0.005498,-0.003665,-0.007636,32.19,64.3506408236832
66082,-8.223534,-3.733402,4.332804,-0.005498,-0.003665,-0.006872,32.2,64.3704997781993
66092,-8.225926,-3.728616,4.334598,-0.005803,-0.003818,-0.006567,32.2,64.3617464628377
66102,-8.214561,-3.729812,4.336392,-0.005956,-0.004429,-0.006261,32.2,64.328079084473
66112,-8.227122,-3.729214,4.332206,-0.005803,-0.004429,-0.007178,32.2,64.3773866817714
66122,-8.219346,-3.741179,4.328616,-0.005803,-0.004887,-0.006872,32.18,64.3906323739885
66132,-8.22473,-3.729214,4.336991,-0.005956,-0.004429,-0.007483,32.18,64.3473232825784
66142,-8.216354,-3.735196,4.34058,-0.005956,-0.004123,-0.007789,32.18,64.3160500391598
66152,-8.214561,-3.737589,4.334,-0.005345,-0.004734,-0.00733,32.16,64.3483954155281
66162,-8.213365,-3.744768,4.339982,-0.004887,-0.003512,-0.007789,32.16,64.3222216444018
66172,-8.210971,-3.744768,4.339982,-0.005345,-0.00336,-0.007789,32.2,64.3168213404376
66182,-8.212168,-3.731009,4.337589,-0.005803,-0.002902,-0.007178,32.2,64.3177273582004
66192,-8.210971,-3.736392,4.339982,-0.005651,-0.002749,-0.007178,32.2,64.3082080581411
66202,-8.216953,-3.725625,4.341179,-0.005803,-0.001833,-0.00672,32.2,64.3045004208906
66212,-8.213962,-3.73041,4.338786,-0.005803,-0.001374,-0.006567,32.15,64.3149901521561
66222,-8.204989,-3.738187,4.346562,-0.005956,-0.001374,-0.00672,32.15,64.2626020160103
66232,-8.221739,-3.731009,4.338188,-0.006109,0.000305,-0.007025,32.15,64.3362425438945
66242,-8.213962,-3.729214,4.338188,-0.005956,0.000916,-0.007941,32.15,64.3168480860283
66252,-8.206783,-3.738786,4.339384,-0.005192,0.001985,-0.007025,32.17,64.3042952963038
66262,-8.215756,-3.723232,4.34058,-0.006261,0.00168,-0.007483,32.17,64.3024323275636
66272,-8.219346,-3.726821,4.336991,-0.006261,0.002902,-0.007025,32.18,64.3327281268194
66282,-8.209177,-3.717848,4.34417,-0.006872,0.003512,-0.007178,32.18,64.2635054399009
66292,-8.209774,-3.726223,4.341179,-0.00672,0.003818,-0.006872,32.16,64.2888827996347
66302,-8.218149,-3.728018,4.338188,-0.006872,0.005956,-0.007789,32.16,64.3250779207142
66312,-8.226524,-3.728616,4.342375,-0.006567,0.007025,-0.007483,32.18,64.3230089810784
66322,-8.219346,-3.731009,4.335794,-0.006261,0.007636,-0.00733,32.2,64.3431892328696
66332,-8.219346,-3.732205,4.332804,-0.005803,0.008247,-0.007178,32.2,64.3598364798387
66342,-8.204391,-3.726223,4.338188,-0.007025,0.008247,-0.008399,32.16,64.2921395008649
66352,-8.212168,-3.739383,4.338188,-0.007483,0.008705,-0.008094,32.16,64.32323663172
66362,-8.213365,-3.73041,4.347161,-0.006567,0.009621,-0.007941,32.21,64.270457251641
66372,-8.216354,-3.733402,4.342375,-0.007178,0.009927,-0.007483,32.21,64.3049550799842
66382,-8.213365,-3.731607,4.334,-0.006261,0.010385,-0.00733,32.19,64.3395613302555
66392,-8.218149,-3.732804,4.341179,-0.006414,0.010385,-0.006872,32.19,64.3145602176188
66402,-8.223534,-3.734,4.329813,-0.00672,0.009316,-0.007941,32.16,64.3865381467342
66412,-8.215158,-3.732205,4.328616,-0.006414,0.009163,-0.00733,32.16,64.3720058310823
66422,-8.220542,-3.729214,4.325027,-0.006567,0.008858,-0.007789,32.15,64.3996052602021
66432,-8.224131,-3.734,4.329215,-0.00672,0.009468,-0.007636,32.15,64.3909670407812
66442,-8.219944,-3.733402,4.329813,-0.007178,0.00901,-0.007483,32.2,64.377840430946
66452,-8.217552,-3.734598,4.328616,-0.006567,0.00901,-0.008399,32.2,64.3798521188966
66462,-8.219346,-3.732804,4.33041,-0.006261,0.007789,-0.007636,32.19,64.3728006562288
66472,-8.226524,-3.732205,4.325625,-0.006109,0.007483,-0.007789,32.19,64.4130400279998
66482,-8.219346,-3.735196,4.336392,-0.006261,0.006872,-0.007789,32.18,64.3443942510756
66492,-8.221739,-3.728616,4.328018,-0.006109,0.005803,-0.008705,32.21,64.3862531301135
66502,-8.231908,-3.723232,4.336392,-0.007025,0.00504,-0.008094,32.21,64.3604865796744
66512,-8.219346,-3.733402,4.33041,-0.006414,0.004276,-0.008399,32.18,64.3734127148719
66522,-8.221739,-3.737589,4.329215,-0.006109,0.003818,-0.007025,32.18,64.3892528014926
66532,-8.218747,-3.726821,4.328616,-0.006109,0.002902,-0.007636,32.17,64.3745881227303
66542,-8.216354,-3.732804,4.329813,-0.005803,0.002291,-0.008247,32.17,64.3691374479872
66552,-8.214561,-3.734598,4.332804,-0.005345,0.002291,-0.008399,32.17,64.3514981727707
66562,-8.213365,-3.725027,4.331607,-0.005345,0.001527,-0.007789,32.17,64.3451691452848
66572,-8.216354,-3.738786,4.332804,-0.005803,0.000764,-0.007178,32.2,64.3598352424045
66582,-8.221739,-3.732205,4.334,-0.005803,0.001222,-0.006261,32.2,64.3590621221932
66592,-8.216953,-3.738786,4.334,-0.00672,0.000305,-0.006872,32.17,64.3550159323257
66602,-8.213365,-3.734598,4.321437,-0.006261,-0.000153,-0.006872,32.17,64.4074860609546
66612,-8.220542,-3.725027,4.332804,-0.005803,-0.001527,-0.007636,32.19,64.3551905767069
66622,-8.217552,-3.729214,4.331009,-0.006261,-0.001985,-0.007636,32.19,64.3619909678117
66632,-8.215158,-3.735196,4.332206,-0.006414,-0.001985,-0.00672,32.19,64.3565432354023
66642,-8.218747,-3.732804,4.332804,-0.00672,-0.002443,-0.00672,32.19,64.359099295111
66652,-8.218747,-3.722036,4.331009,-0.00672,-0.003054,-0.006414,32.18,64.3573454381477
66662,-8.223534,-3.732205,4.336991,-0.006261,-0.002596,-0.006414,32.18,64.3476858605718
66672,-8.221739,-3.736392,4.332804,-0.005651,-0.003054,-0.006109,32.18,64.3695156052206
66682,-8.219346,-3.747759,4.334,-0.005956,-0.003512,-0.006261,32.2,64.3696110776977
66692,-8.212168,-3.73041,4.345366,-0.006414,-0.003971,-0.00672,32.2,64.2770035664805
66702,-8.217552,-3.731009,4.338786,-0.005803,-0.003665,-0.006872,32.17,64.3237107108042
66712,-8.213365,-3.734,4.342375,-0.006414,-0.003665,-0.006109,32.17,64.2988177706111
66722,-8.214561,-3.731009,4.343571,-0.006109,-0.003512,-0.006109,32.17,64.2922827696402
66732,-8.213365,-3.729214,4.344768,-0.005956,-0.003207,-0.00672,32.17,64.2815651910879
66742,-8.203195,-3.73041,4.347161,-0.005803,-0.002291,-0.006109,32.23,64.2474399014475
66752,-8.219346,-3.73041,4.343571,-0.006261,-0.002443,-0.006261,32.23,64.3024786646678
66762,-8.214561,-3.735196,4.347161,-0.006261,-0.002138,-0.00733,32.18,64.2780782595745
66772,-8.215158,-3.731607,4.345964,-0.005956,-0.001222,-0.006414,32.18,64.2819102066031
66782,-8.216354,-3.726223,4.34058,-0.005803,-0.001069,-0.00733,32.21,64.3068485792244
66792,-8.201998,-3.734,4.341179,-0.005651,0.000153,-0.00672,32.21,64.2792892731278
66802,-8.218747,-3.728616,4.344768,-0.005498,0.001222,-0.006567,32.2,64.2931170456492
66812,-8.212766,-3.722634,4.350152,-0.006261,0.001833,-0.00672,32.2,64.2456992928087
66822,-8.216354,-3.735795,4.347161,-0.006567,0.003512,-0.00733,32.18,64.282745054729
66832,-8.212766,-3.734,4.348357,-0.006261,0.004581,-0.008552,32.2,64.2666276567281
66842,-8.210373,-3.736392,4.356134,-0.005345,0.00672,-0.00733,32.2,64.2236074368961
66852,-8.216354,-3.736991,4.338786,-0.006261,0.007025,-0.008552,32.2,64.3271418421939
66862,-8.217552,-3.729214,4.343571,-0.005345,0.008705,-0.008399,32.2,64.2971999388837
66872,-8.218149,-3.733402,4.345366,-0.005345,0.008858,-0.008858,32.24,64.293592706164
66882,-8.219944,-3.735795,4.344768,-0.006109,0.009468,-0.009163,32.24,64.3031823835606
66892,-8.216354,-3.731009,4.341777,-0.006261,0.010385,-0.00901,32.24,64.3055830774607
66902,-8.222935,-3.728018,4.323831,-0.006109,0.010843,-0.007789,32.24,64.4099467698788
66912,-8.217552,-3.732205,4.329813,-0.006567,0.011301,-0.008858,32.18,64.3712246736887
66922,-8.218747,-3.731009,4.342973,-0.006109,0.011759,-0.008705,32.18,64.304822199246
66932,-8.224131,-3.725625,4.329215,-0.006109,0.011912,-0.008858,32.16,64.3824116479926
66942,-8.215756,-3.735795,4.321437,-0.005956,0.012523,-0.007636,32.16,64.4140950157052
66952,-8.215756,-3.73041,4.331009,-0.006872,0.011912,-0.008705,32.18,64.3591646540871
66962,-8.212168,-3.732804,4.34058,-0.006567,0.011759,-0.009316,32.18,64.3041417014733
66972,-8.217552,-3.735795,4.336392,-0.006261,0.011759,-0.008399,32.15,64.3409625845475
66982,-8.234302,-3.732804,4.319643,-0.006567,0.011301,-0.008552,32.15,64.4619965940702
66992,-8.213962,-3.732205,4.328616,-0.005956,0.010232,-0.007789,32.22,64.3693091954099
67002,-8.223534,-3.734598,4.322036,-0.006567,0.00901,-0.007483,32.18,64.4272790787953
67012,-8.220542,-3.73041,4.335197,-0.006567,0.008247,-0.00672,32.18,64.3483527638821
67022,-8.224131,-3.721437,4.325625,-0.006872,0.006567,-0.007789,32.18,64.3966657998471
67032,-8.220542,-3.729812,4.334,-0.006261,0.00672,-0.007025,32.18,64.3539146815129
67042,-8.222337,-3.734598,4.331607,-0.006567,0.005192,-0.006567,32.2,64.3752002783013
67052,-8.222337,-3.736991,4.331607,-0.006109,0.004581,-0.00672,32.2,64.3776489926966
67062,-8.215158,-3.727419,4.328616,-0.006109,0.00336,-0.007483,32.2,64.3671055312779
67072,-8.216953,-3.734,4.324429,-0.006109,0.002291,-0.006872,32.2,64.39950331566
67082,-8.222935,-3.726223,4.325027,-0.005803,0.000764,-0.006567,32.21,64.4019407852617
67092,-8.220542,-3.737589,4.329813,-0.006109,-0.000305,-0.006872,32.21,64.3834729098763
67102,-8.219944,-3.739383,4.329215,-0.006261,-0.001374,-0.006414,32.18,64.3870485251902
67112,-8.218149,-3.729812,4.332206,-0.006414,-0.002902,-0.007178,32.18,64.357772863467
67122,-8.219944,-3.733402,4.334,-0.006261,-0.003818,-0.007483,32.18,64.3562409344991
67132,-8.219944,-3.725027,4.328616,-0.005498,-0.004734,-0.007789,32.18,64.3754534493286
67142,-8.223534,-3.739383,4.328616,-0.006109,-0.005192,-0.00672,32.17,64.398217975569
67152,-8.219944,-3.736991,4.331607,-0.006109,-0.005651,-0.007178,32.17,64.3722593213975
67162,-8.217552,-3.726821,4.341179,-0.005803,-0.006567,-0.008094,32.18,64.307079344366
67172,-8.221141,-3.732804,4.332804,-0.005803,-0.007178,-0.007483,32.18,64.3644957918082
67182,-8.220542,-3.732804,4.335794,-0.005651,-0.007483,-0.006872,32.18,64.347724693318
67192,-8.222935,-3.737589,4.335794,-0.005498,-0.007636,-0.00733,32.16,64.3580180363609
67202,-8.216354,-3.733402,4.344768,-0.005956,-0.00733,-0.007178,32.16,64.2926199595075
67212,-8.213962,-3.734,4.342973,-0.005651,-0.007789,-0.00733,32.19,64.2970832447464
67222,-8.217552,-3.733402,4.338786,-0.005498,-0.006872,-0.00672,32.19,64.3261637698572
67232,-8.220542,-3.734598,4.338786,-0.00672,-0.006109,-0.007178,32.17,64.3341353232208
67242,-8.207382,-3.724428,4.341179,-0.006109,-0.005192,-0.007025,32.17,64.2816274592502
67253,-8.217552,-3.732205,4.338786,-0.005651,-0.004887,-0.007178,32.2,64.3249366194137
67262,-8.214561,-3.743571,4.334598,-0.005192,-0.004581,-0.007025,32.2,64.3514513284507
67272,-8.212168,-3.732804,4.344768,-0.005498,-0.00336,-0.006872,32.18,64.2825462154868
67282,-8.209774,-3.741179,4.343571,-0.005498,-0.002291,-0.007789,32.18,64.2919208367424
67292,-8.215158,-3.727419,4.338786,-0.006261,-0.001527,-0.006872,32.19,64.3146248098132
67302,-8.19781,-3.728616,4.339384,-0.006261,-0.000458,-0.007178,32.19,64.2735297307092
67312,-8.215756,-3.734,4.345964,-0.005956,0.000458,-0.007483,32.18,64.2857187962345
67322,-8.219944,-3.736991,4.351348,-0.005803,0.001374,-0.008705,32.18,64.2705160285506
67332,-8.216354,-3.741179,4.334,-0.005498,0.002596,-0.00733,32.19,64.3561207400636
67342,-8.219944,-3.741776,4.336392,-0.005651,0.005651,-0.007636,32.19,64.3524874062029
67352,-8.212766,-3.734598,4.338786,-0.006261,0.006414,-0.007636,32.19,64.3165872554149
67362,-8.226524,-3.74058,4.338786,-0.005956,0.00672,-0.008247,32.21,64.3537440551337
67372,-8.216953,-3.723232,4.338786,-0.006567,0.008858,-0.008399,32.21,64.3143910282161
67382,-8.20798,-3.738187,4.342973,-0.006414,0.009927,-0.008094,32.21,64.2878716409242
67392,-8.21157,-3.741179,4.345366,-0.006414,0.009927,-0.008399,32.21,64.286724269245
67402,-8.203793,-3.733402,4.344768,-0.006261,0.011148,-0.007789,32.17,64.2642184234011
67412,-8.20798,-3.742374,4.338786,-0.006109,0.011454,-0.008247,32.17,64.3137757846221
67422,-8.222935,-3.736392,4.335794,-0.006109,0.012523,-0.007025,32.17,64.3567924047887
67432,-8.213365,-3.726821,4.344768,-0.00672,0.012675,-0.007789,32.17,64.2791088202168
67442,-8.21157,-3.735795,4.342375,-0.006261,0.012523,-0.008247,32.23,64.2966068422008
67452,-8.201998,-3.735795,4.341777,-0.006567,0.012828,-0.008552,32.23,64.2780526621114
67462,-8.216354,-3.736991,4.337589,-0.006567,0.012981,-0.008399,32.18,64.3333142216489
67472,-8.213962,-3.733402,4.336392,-0.006872,0.012828,-0.00901,32.18,64.3304085546548
67482,-8.210971,-3.748955,4.326224,-0.00672,0.012065,-0.009163,32.18,64.3921054959429
67492,-8.213365,-3.736392,4.334598,-0.00672,0.012523,-0.008247,32.18,64.3413844956829
67502,-8.221141,-3.734598,4.337589,-0.006109,0.012065,-0.007178,32.18,64.3416572156631
67512,-8.225926,-3.735795,4.337589,-0.007025,0.010537,-0.008552,32.18,64.3536676802582
67522,-8.224131,-3.735795,4.329215,-0.005956,0.009621,-0.007941,32.17,64.3928020826251
67532,-8.219944,-3.734598,4.328616,-0.005803,0.009927,-0.006567,32.15,64.3852406045652
67542,-8.217552,-3.744768,4.32742,-0.005498,0.008399,-0.006567,32.15,64.3964443447681
67552,-8.213962,-3.735196,4.331607,-0.006109,0.008399,-0.007178,32.19,64.3569372439106
67562,-8.216953,-3.737589,4.334,-0.006872,0.006567,-0.006567,32.19,64.3537884601206
67572,-8.231908,-3.739383,4.336392,-0.006414,0.005803,-0.006414,32.15,64.3769722499469
67582,-8.218747,-3.732205,4.331607,-0.005651,0.005192,-0.005956,32.15,64.3646614460224
67592,-8.22772,-3.736392,4.324429,-0.006261,0.003971,-0.006872,32.18,64.4261743002867
67602,-8.216354,-3.734,4.325625,-0.006414,0.002291,-0.006872,32.18,64.3919794852772
67612,-8.218747,-3.719643,4.325625,-0.005956,0.000916,-0.006567,32.22,64.38269615865
67622,-8.219346,-3.732804,4.326224,-0.006109,0,-0.006872,32.22,64.3944028770152
67632,-8.223534,-3.741776,4.335794,-0.005498,-0.000305,-0.005498,32.18,64.3636556279408
67642,-8.216354,-3.726821,4.318447,-0.005803,-0.001527,-0.005956,32.18,64.4217100685945
67652,-8.225328,-3.737589,4.331607,-0.005803,-0.002138,-0.006567,32.16,64.3849944979215
67662,-8.212168,-3.727419,4.328616,-0.00504,-0.002596,-0.006567,32.16,64.3603591912615
67672,-8.221739,-3.738786,4.328616,-0.00504,-0.003665,-0.005498,32.16,64.3935679072302
67682,-8.229516,-3.728018,4.341179,-0.006261,-0.004276,-0.007178,32.16,64.3353091210308
67692,-8.225328,-3.738187,4.338188,-0.005345,-0.006261,-0.006414,32.21,64.3516816359412
67702,-8.216953,-3.731607,4.334598,-0.004734,-0.006261,-0.006261,32.18,64.3445724093725
67712,-8.212766,-3.726223,4.334598,-0.005345,-0.006872,-0.006109,32.18,64.3296033882983
67722,-8.218149,-3.731607,4.344768,-0.005192,-0.007178,-0.005651,32.19,64.2948330264321
67732,-8.218747,-3.733402,4.34058,-0.005498,-0.007789,-0.006567,32.19,64.3196111387507
67742,-8.225926,-3.732205,4.336392,-0.005803,-0.00733,-0.00733,32.17,64.3561655282402
67752,-8.216354,-3.726223,4.334,-0.005498,-0.006567,-0.006414,32.17,64.3407917133305
67762,-8.218149,-3.731009,4.332804,-0.005803,-0.00672,-0.007178,32.18,64.3559129165123
67792,-8.210971,-3.737589,4.339384,-0.005498,-0.005498,-0.00733,32.21,64.3125225239791
67802,-8.218747,-3.743571,4.35075,-0.00504,-0.004276,-0.008247,32.18,64.2776540700425
67812,-8.203793,-3.734,4.353741,-0.00504,-0.00336,-0.00733,32.18,64.2185685488526
67822,-8.214561,-3.724428,4.347759,-0.005192,-0.002596,-0.00672,32.18,64.2639392891545
67832,-8.221739,-3.731009,4.345366,-0.005345,-0.001985,-0.007483,32.18,64.2992466020936
67842,-8.21157,-3.734598,4.342973,-0.006109,-0.000458,-0.007636,32.18,64.2922931243121
67852,-8.222935,-3.72383,4.345964,-0.005651,0.000611,-0.007636,32.18,64.2915151934078
67862,-8.213365,-3.726821,4.339384,-0.006414,0.001833,-0.007025,32.15,64.3068755944697
67872,-8.215158,-3.736392,4.348955,-0.005803,0.003512,-0.007483,32.18,64.2714125133947
67882,-8.209177,-3.731607,4.346562,-0.006261,0.005651,-0.008094,32.18,64.2653021210508
67892,-8.206185,-3.732205,4.342973,-0.006261,0.006414,-0.008094,32.19,64.2776576008931
67902,-8.215756,-3.731607,4.343571,-0.007025,0.006872,-0.00733,32.19,64.2955967606125
67912,-8.209774,-3.725625,4.339982,-0.007178,0.008705,-0.008552,32.17,64.2944445535488
67922,-8.218747,-3.733402,4.341777,-0.00672,0.010232,-0.007941,32.17,64.3134406524674
67932,-8.209774,-3.729812,4.335794,-0.006872,0.010996,-0.008552,32.16,64.3203529286431
67942,-8.205587,-3.741179,4.34058,-0.007025,0.011759,-0.009316,32.16,64.2978875432119
67952,-8.213365,-3.731607,4.345964,-0.00733,0.01237,-0.008858,32.21,64.2778569312979
67962,-8.218149,-3.736991,4.332804,-0.007025,0.013286,-0.008247,32.21,64.3620404195871
67972,-8.213962,-3.734598,4.347161,-0.007025,0.014203,-0.008094,32.14,64.2761099318168
67982,-8.20798,-3.729214,4.334,-0.008247,0.014508,-0.009316,32.14,64.3249456821181
67992,-8.212168,-3.726821,4.333402,-0.008094,0.014203,-0.009163,32.18,64.3350384114342
68002,-8.210971,-3.731009,4.337589,-0.007789,0.014355,-0.008399,32.18,64.3150234256019
68012,-8.216953,-3.735795,4.328018,-0.007483,0.014508,-0.008552,32.18,64.3828146668579
68022,-8.216953,-3.735795,4.329215,-0.007636,0.01405,-0.008705,32.18,64.3766371996754
68032,-8.223534,-3.734,4.325625,-0.007636,0.01405,-0.008552,32.18,64.4081453469751
68042,-8.215158,-3.741776,4.33041,-0.007483,0.011912,-0.008247,32.18,64.372558582278
68052,-8.221739,-3.729812,4.328018,-0.00733,0.010843,-0.009163,32.18,64.387475345954
68062,-8.22772,-3.739383,4.332804,-0.007178,0.009927,-0.009316,32.23,64.3860405407546
68072,-8.218747,-3.739982,4.334,-0.007025,0.008705,-0.008094,32.23,64.3602850025098
68082,-8.213365,-3.733402,4.323831,-0.006109,0.008705,-0.006872,32.14,64.3938964586791
68092,-8.236095,-3.726821,4.318447,-0.006872,0.007636,-0.007789,32.14,64.4661092599067
68102,-8.225328,-3.732804,4.322634,-0.006872,0.00672,-0.007789,32.2,64.4263956404839
68112,-8.221141,-3.734,4.325625,-0.006261,0.005345,-0.008705,32.2,64.4027593238318
68122,-8.215158,-3.729812,4.325027,-0.006414,0.003512,-0.007636,32.21,64.3880854823654
68132,-8.221141,-3.734598,4.331009,-0.006261,0.002596,-0.007636,32.21,64.3755907501387
68142,-8.220542,-3.728616,4.326224,-0.005803,0.00168,-0.00733,32.17,64.392815315338
68152,-8.216953,-3.731607,4.326224,-0.005956,0.000305,-0.007025,32.17,64.3877873655552
68162,-8.218747,-3.731009,4.329215,-0.005956,-0.000458,-0.007789,32.21,64.3757801884468
68172,-8.225328,-3.728616,4.323831,-0.005651,-0.002138,-0.007636,32.21,64.4159439563762
68182,-8.226524,-3.736991,4.322036,-0.005803,-0.003207,-0.007178,32.18,64.4364448285884
68192,-8.22473,-3.735795,4.32742,-0.005651,-0.004734,-0.007178,32.18,64.4034095934977
68202,-8.227122,-3.728616,4.323831,-0.004734,-0.00504,-0.00733,32.14,64.4199810989425
68212,-8.227122,-3.742973,4.336392,-0.005345,-0.006567,-0.005956,32.17,64.3698758481181
68222,-8.207382,-3.741179,4.329215,-0.004734,-0.00733,-0.006109,32.17,64.3605889116664
68232,-8.229516,-3.736991,4.338786,-0.004734,-0.008094,-0.005803,32.2,64.3568092699723
68242,-8.216953,-3.728018,4.334,-0.005345,-0.008399,-0.006261,32.2,64.3439815947276
68252,-8.221739,-3.734598,4.350152,-0.005192,-0.008705,-0.005956,32.18,64.2782733033951
68262,-8.222337,-3.734598,4.336392,-0.005192,-0.008399,-0.005956,32.18,64.3505249109798
68272,-8.214561,-3.734598,4.336991,-0.005345,-0.008094,-0.006261,32.16,64.3298976682235
68282,-8.210373,-3.737589,4.338786,-0.005345,-0.007483,-0.006109,32.16,64.3142567161237
68292,-8.215158,-3.739982,4.335794,-0.005192,-0.007178,-0.00672,32.18,64.3429435247751
68302,-8.216953,-3.739383,4.337589,-0.00504,-0.006414,-0.006567,32.18,64.3371195232249
68312,-8.209774,-3.733402,4.331607,-0.005498,-0.005956,-0.00672,32.2,64.3456487099296
68322,-8.221739,-3.739383,4.339982,-0.005651,-0.005651,-0.007178,32.2,64.3355739034824
68332,-8.210373,-3.732205,4.34058,-0.005956,-0.004887,-0.007483,32.16,64.2994705021467
68342,-8.216354,-3.732804,4.348357,-0.005651,-0.003818,-0.007636,32.16,64.2735105206339
68352,-8.213962,-3.723232,4.351348,-0.004887,-0.002902,-0.006872,32.14,64.2428577583502
68362,-8.208578,-3.728616,4.341179,-0.005345,-0.001985,-0.006261,32.14,64.2886352505877
68372,-8.214561,-3.735196,4.34417,-0.005651,-0.000153,-0.007636,32.23,64.2934940233423
68382,-8.213962,-3.732804,4.344768,-0.005803,0.002138,-0.00672,32.23,64.2866011654687
68392,-8.204989,-3.738187,4.334,-0.006261,0.00336,-0.007178,32.18,64.3274108861728
68402,-8.216953,-3.734,4.342375,-0.005651,0.004123,-0.007636,32.14,64.3069212911848
68412,-8.206783,-3.733402,4.341179,-0.005651,0.006109,-0.007025,32.14,64.2894959142208
68422,-8.224131,-3.735795,4.352544,-0.005192,0.007178,-0.007941,32.19,64.2725879371716
68432,-8.218747,-3.739982,4.346562,-0.005651,0.007789,-0.008094,32.19,64.2955355760765
68442,-8.216354,-3.735795,4.348357,-0.005345,0.009163,-0.008247,32.18,64.2765827291611
68452,-8.216953,-3.726821,4.334598,-0.005956,0.010537,-0.007636,32.18,64.3396706408366
68462,-8.225328,-3.725027,4.339384,-0.006261,0.010843,-0.008094,32.21,64.3320559200756
68472,-8.216953,-3.726821,4.336991,-0.006109,0.010996,-0.008247,32.21,64.3273253554711
68482,-8.215158,-3.739383,4.33041,-0.006109,0.012065,-0.00733,32.18,64.3701039068215
68492,-8.212168,-3.727419,4.337589,-0.005651,0.012065,-0.007789,32.18,64.314044269108
68502,-8.218747,-3.727419,4.333402,-0.005956,0.012675,-0.007789,32.17,64.3505020047685
68512,-8.216354,-3.733402,4.331009,-0.006567,0.012065,-0.008705,32.17,64.3635779325326
68522,-8.224131,-3.731607,4.335197,-0.006109,0.012065,-0.008094,32.18,64.3576694083969
68532,-8.215756,-3.736392,4.338188,-0.006261,0.011912,-0.007941,32.18,64.3282615796603
68542,-8.221739,-3.724428,4.324429,-0.006414,0.011912,-0.008247,32.19,64.400501382104
68552,-8.222935,-3.731009,4.328616,-0.005956,0.01069,-0.008858,32.19,64.3883070972571
68562,-8.216953,-3.731607,4.337589,-0.006261,0.009316,-0.008247,32.17,64.3291446047493
68572,-8.230712,-3.728616,4.331009,-0.005498,0.008094,-0.008705,32.16,64.3910333483592
68582,-8.220542,-3.732804,4.325027,-0.005956,0.007025,-0.008399,32.16,64.4032744999551
68592,-8.219944,-3.729214,4.33041,-0.006414,0.005956,-0.007941,32.15,64.3704755641037
68602,-8.218149,-3.731009,4.321437,-0.005803,0.004581,-0.008094,32.15,64.4145868368715
68612,-8.221141,-3.735795,4.331009,-0.005651,0.002902,-0.008247,32.17,64.3768157930014
68622,-8.225328,-3.73041,4.332206,-0.005803,0.002291,-0.007483,32.17,64.3745668343472
68632,-8.222337,-3.734,4.33041,-0.005956,0.001069,-0.008094,32.15,64.3807629005796
68642,-8.214561,-3.734,4.326224,-0.005803,0.000611,-0.00672,32.15,64.3848472685155
68652,-8.216354,-3.734598,4.33041,-0.005803,-0.000458,-0.008399,32.16,64.3678942663869
68662,-8.221739,-3.738187,4.331607,-0.005498,-0.001069,-0.007789,32.16,64.3775266738253
68672,-8.225328,-3.731607,4.326822,-0.005651,-0.001985,-0.00733,32.23,64.403562168155
68682,-8.221141,-3.735795,4.333402,-0.006109,-0.002291,-0.007025,32.23,64.3644731105868
68692,-8.216354,-3.732804,4.331009,-0.006261,-0.002902,-0.006872,32.18,64.3629653356472
68702,-8.221739,-3.741776,4.336991,-0.006109,-0.00336,-0.006567,32.18,64.3534431636783
68712,-8.218149,-3.737589,4.338786,-0.006872,-0.00336,-0.007025,32.17,64.3318044701741
68722,-8.2349,-3.734,4.332804,-0.00672,-0.003207,-0.007178,32.17,64.3966947267739
68732,-8.220542,-3.74058,4.335197,-0.007178,-0.003207,-0.007483,32.18,64.3587694253411
68742,-8.21157,-3.735795,4.34058,-0.007025,-0.002902,-0.006261,32.14,64.3058633026266
68752,-8.221739,-3.727419,4.334,-0.006567,-0.002291,-0.006261,32.14,64.3541665525588
68762,-8.217552,-3.728616,4.338188,-0.006261,-0.001222,-0.006261,32.18,64.3243425572394
68772,-8.21157,-3.722036,4.346562,-0.006567,-0.001069,-0.006567,32.18,64.2608853211754
68782,-8.214561,-3.737589,4.334598,-0.007178,-0.000611,-0.007025,32.2,64.3453104710447
68792,-8.21157,-3.725625,4.341777,-0.00672,-0.000305,-0.00672,32.2,64.2892464960816
68802,-8.22473,-3.734598,4.337589,-0.007789,0.000305,-0.007941,32.16,64.3497478283771
68812,-8.226524,-3.738187,4.341179,-0.00733,0.001374,-0.007178,32.16,64.3389648575352
68822,-8.210971,-3.738786,4.346562,-0.00672,0.001985,-0.00733,32.2,64.2767439387081
68832,-8.215756,-3.731009,4.342973,-0.006414,0.002749,-0.006872,32.2,64.2980660181977
68842,-8.221141,-3.744768,4.339384,-0.00733,0.002902,-0.006567,32.19,64.3428313466699
68852,-8.206185,-3.734598,4.341777,-0.007025,0.002749,-0.006567,32.19,64.2862893288176
68862,-8.222337,-3.739982,4.338188,-0.007178,0.003207,-0.007636,32.18,64.3467817022492
68872,-8.222337,-3.734598,4.342973,-0.006567,0.004887,-0.007025,32.18,64.316604565169
68882,-8.222935,-3.726223,4.336991,-0.006567,0.00504,-0.007483,32.18,64.3402162221762
68892,-8.222935,-3.735795,4.334,-0.006414,0.004887,-0.007483,32.18,64.3654311513612
68902,-8.210971,-3.726223,4.339384,-0.006109,0.005956,-0.006872,32.15,64.3008504553659
68912,-8.222337,-3.731009,4.332206,-0.00672,0.006261,-0.007789,32.16,64.3684395294913
68922,-8.218747,-3.722036,4.339384,-0.00672,0.006872,-0.007941,32.16,64.3141362624963
68932,-8.214561,-3.728616,4.336392,-0.006872,0.007025,-0.008247,32.15,64.3268530609741
68942,-8.217552,-3.728616,4.337589,-0.00672,0.007025,-0.00901,32.15,64.3274319125472
68952,-8.221739,-3.729812,4.332804,-0.006109,0.007025,-0.008247,32.21,64.3627828531451
68962,-8.212766,-3.726821,4.335197,-0.005651,0.006872,-0.007483,32.21,64.3271250422816
68972,-8.219346,-3.732205,4.333402,-0.005956,0.006109,-0.008247,32.21,64.3567516712093
68982,-8.226524,-3.731607,4.32742,-0.006109,0.006414,-0.008094,32.21,64.4031688548722
68992,-8.22772,-3.73041,4.338188,-0.006261,0.007025,-0.007789,32.22,64.3491167177673
69002,-8.225926,-3.738187,4.338786,-0.005345,0.006414,-0.007941,32.22,64.3499471448622
69012,-8.213365,-3.732804,4.344768,-0.005956,0.006567,-0.007636,32.21,64.2852518912307
69022,-8.209774,-3.736392,4.336392,-0.005192,0.006414,-0.007636,32.21,64.3240244601456
69032,-8.222337,-3.728018,4.333402,-0.00504,0.006261,-0.008094,32.2,64.3592121139258
69042,-8.217552,-3.728616,4.334598,-0.005651,0.006261,-0.007483,32.2,64.3428604552226
69052,-8.219346,-3.735795,4.33041,-0.005956,0.005498,-0.007789,32.19,64.3758625133049
69062,-8.215756,-3.735196,4.337589,-0.005803,0.00504,-0.00733,32.19,64.3301235589632
69072,-8.228318,-3.736991,4.328018,-0.005803,0.00504,-0.007789,32.17,64.4096179743633
69082,-8.214561,-3.73041,4.336392,-0.005192,0.004581,-0.007025,32.2,64.3286921775266
69092,-8.213962,-3.738786,4.336392,-0.00504,0.004123,-0.007178,32.2,64.3359341925678
69102,-8.227122,-3.733402,4.334598,-0.005345,0.00336,-0.007025,32.2,64.369331856786
69112,-8.222935,-3.735196,4.326224,-0.00504,0.002596,-0.006872,32.2,64.4049287860996
69122,-8.215756,-3.732205,4.331009,-0.00504,0.002138,-0.007178,32.17,64.3610032731074
69132,-8.215158,-3.729812,4.331607,-0.005498,0.001833,-0.00733,32.17,64.3541169170204
69142,-8.22772,-3.738786,4.321437,-0.005803,0.001527,-0.007941,32.18,64.4440554834412
69152,-8.230712,-3.736991,4.332206,-0.005192,0.000764,-0.007025,32.18,64.3934095448075
69162,-8.222337,-3.731607,4.323831,-0.004581,-0.000153,-0.007178,32.16,64.4122654559453
69172,-8.218747,-3.737589,4.334598,-0.005651,-0.000611,-0.007178,32.16,64.3547479025249
69182,-8.224131,-3.728616,4.324429,-0.006109,-0.001374,-0.007025,32.15,64.410163115585
69192,-8.220542,-3.739982,4.334598,-0.005651,-0.001374,-0.00672,32.15,64.3612450561706
69202,-8.217552,-3.74058,4.341179,-0.005651,-0.001833,-0.006872,32.14,64.3211916283157
69212,-8.20798,-3.732804,4.335794,-0.004734,-0.002291,-0.006414,32.14,64.3193724665249
69222,-8.208578,-3.735795,4.332206,-0.005803,-0.002902,-0.00672,32.21,64.3423143696022
69232,-8.225926,-3.733402,4.338188,-0.005192,-0.003665,-0.007483,32.21,64.3481323070018
69242,-8.222935,-3.732804,4.342973,-0.005651,-0.003971,-0.006567,32.18,64.3161158083488
69254,-8.219944,-3.736991,4.338188,-0.005803,-0.004581,-0.007025,32.2,64.3383221507078
69262,-8.209177,-3.735196,4.337589,-0.005803,-0.004123,-0.007483,32.2,64.3152714904252
69272,-8.208578,-3.737589,4.335197,-0.005651,-0.003971,-0.00672,32.19,64.3287207407237
69282,-8.221141,-3.728616,4.339384,-0.005651,-0.003665,-0.005803,32.19,64.3262773247199
69292,-8.216953,-3.735795,4.341179,-0.006109,-0.00336,-0.007025,32.2,64.3149286016451
69302,-8.218747,-3.729214,4.337589,-0.006567,-0.00336,-0.006414,32.2,64.3307419730595
69312,-8.218747,-3.734,4.345964,-0.006567,-0.001833,-0.00733,32.18,64.2924754490564
69322,-8.217552,-3.726223,4.347759,-0.006872,-0.00168,-0.007636,32.18,64.2725471630282
69332,-8.21157,-3.725027,4.351946,-0.006414,-0.000458,-0.00672,32.21,64.236201686882
69342,-8.213365,-3.73041,4.34058,-0.006872,-0.000305,-0.006414,32.21,64.3043885267545
69352,-8.214561,-3.733402,4.338188,-0.007178,0.000153,-0.00733,32.15,64.3224966411107
69362,-8.219944,-3.728616,4.341179,-0.007025,0.000611,-0.008094,32.15,64.3143209487961
69372,-8.217552,-3.726821,4.341179,-0.007025,0.001527,-0.006567,32.18,64.307079344366
69382,-8.212766,-3.719643,4.343571,-0.006872,0.002902,-0.00672,32.18,64.2765635441294
69392,-8.218149,-3.729214,4.331009,-0.007789,0.003207,-0.007636,32.15,64.3633373463749
69402,-8.214561,-3.731607,4.345964,-0.007483,0.004734,-0.007025,32.15,64.2805607373074
69412,-8.213962,-3.722036,4.347759,-0.00733,0.005651,-0.006872,32.16,64.260129398728
69422,-8.210971,-3.725625,4.335197,-0.007178,0.007941,-0.007178,32.16,64.3218433637693
69432,-8.210373,-3.724428,4.329813,-0.007636,0.008552,-0.007636,32.14,64.3470614570644
69442,-8.221739,-3.734598,4.336392,-0.00733,0.009468,-0.007483,32.14,64.3491769107842
69452,-8.216354,-3.728616,4.339982,-0.007025,0.009774,-0.007789,32.14,64.3123851050619
69462,-8.216953,-3.737589,4.343571,-0.006872,0.009468,-0.008399,32.13,64.3044404688612
69472,-8.219346,-3.729214,4.341179,-0.007178,0.010537,-0.007941,32.13,64.313583217018
69482,-8.213962,-3.733402,4.338786,-0.006872,0.011148,-0.007483,32.19,64.3180600260553
69492,-8.219346,-3.741179,4.331009,-0.006261,0.010996,-0.008094,32.19,64.3782876498424
69502,-8.225926,-3.734,4.34058,-0.006261,0.011606,-0.007941,32.15,64.3364172505916
69512,-8.216354,-3.732804,4.334598,-0.006567,0.01069,-0.008552,32.15,64.3444476686904
69522,-8.219346,-3.736991,4.332804,-0.006414,0.011301,-0.008247,32.2,64.3647377708496
69532,-8.229516,-3.729812,4.337589,-0.00672,0.011454,-0.008247,32.2,64.3556405919757
69542,-8.228917,-3.724428,4.334,-0.006261,0.012065,-0.008552,32.16,64.3672959067679
69552,-8.212766,-3.729214,4.32742,-0.00672,0.011148,-0.008247,32.16,64.3697227420694
69562,-8.233105,-3.731009,4.326822,-0.006414,0.010385,-0.008247,32.17,64.4204476510019
69572,-8.212766,-3.733402,4.336392,-0.005956,0.009927,-0.008399,32.17,64.3277088179621
69582,-8.226524,-3.729812,4.328018,-0.005803,0.009316,-0.009316,32.19,64.3982515293857
69592,-8.228917,-3.744169,4.337589,-0.005498,0.007941,-0.007025,32.19,64.3689716709208
69602,-8.215158,-3.725625,4.325027,-0.005956,0.007636,-0.007636,32.19,64.3838020396554
69612,-8.214561,-3.733402,4.328616,-0.006109,0.00672,-0.007636,32.2,64.3718861480927
69622,-8.221739,-3.73041,4.325625,-0.005803,0.005345,-0.007789,32.2,64.4004363975276
69632,-8.217552,-3.726223,4.337589,-0.005498,0.004887,-0.007636,32.16,64.3249810117856
69642,-8.233105,-3.741776,4.324429,-0.005651,0.004123,-0.008705,32.16,64.4437655785588
69652,-8.221739,-3.738187,4.335794,-0.00504,0.002902,-0.007483,32.18,64.3559359317859
69662,-8.218149,-3.74058,4.333402,-0.005345,0.002596,-0.007483,32.18,64.3626350078408
69672,-8.22473,-3.742973,4.320839,-0.005651,0.001527,-0.007483,32.18,64.4447021242471
69682,-8.221141,-3.735196,4.326224,-0.006109,0.000458,-0.007636,32.18,64.4008910141203
69692,-8.220542,-3.737589,4.326224,-0.005345,-0.000458,-0.007025,32.17,64.4019907953509
69702,-8.215756,-3.731009,4.33041,-0.005498,-0.001222,-0.007178,32.17,64.3628695685819
69712,-8.213962,-3.728018,4.332206,-0.006567,-0.002902,-0.007941,32.17,64.3464886538585
69722,-8.233703,-3.735795,4.333402,-0.005498,-0.00336,-0.007483,32.17,64.3927520553518
69732,-8.214561,-3.731607,4.33041,-0.004887,-0.00504,-0.006567,32.16,64.3607870046295
69742,-8.219346,-3.734598,4.331009,-0.00504,-0.004887,-0.00672,32.16,64.3715465998192
69752,-8.223534,-3.722634,4.342973,-0.005956,-0.005192,-0.006109,32.16,64.3070592999869
69762,-8.22473,-3.736991,4.328616,-0.005956,-0.005498,-0.005345,32.16,64.3984626482538
69772,-8.220542,-3.734598,4.332206,-0.006109,-0.006414,-0.006109,32.2,64.36806662923
69782,-8.217552,-3.728018,4.336991,-0.005803,-0.006414,-0.006109,32.16,64.329903772274
69792,-8.222337,-3.73041,4.337589,-0.005956,-0.00672,-0.006414,32.16,64.340066672169
69802,-8.217552,-3.722634,4.33041,-0.005956,-0.007178,-0.006261,32.2,64.3583514468665
69812,-8.222935,-3.729812,4.341777,-0.005803,-0.006872,-0.005651,32.2,64.3192153443198
69822,-8.215158,-3.738187,4.335794,-0.005498,-0.005956,-0.006414,32.16,64.3411012348968
69832,-8.208578,-3.732804,4.341777,-0.005956,-0.005803,-0.006414,32.16,64.2898544930674
69842,-8.221739,-3.728018,4.339982,-0.005803,-0.005345,-0.007178,32.16,64.3239320033045
69852,-8.21157,-3.724428,4.345366,-0.006261,-0.004581,-0.00672,32.16,64.2695078639476
69862,-8.214561,-3.737589,4.338786,-0.006872,-0.00336,-0.006567,32.16,64.3237100137275
69872,-8.214561,-3.734598,4.341179,-0.005956,-0.002291,-0.007178,32.16,64.3082998325306
69882,-8.214561,-3.734,4.339982,-0.006261,-0.001833,-0.00672,32.13,64.3138582644699
69892,-8.218747,-3.729812,4.337589,-0.00672,-0.001069,-0.007178,32.13,64.3313544381847
69902,-8.212168,-3.75075,4.338786,-0.007025,0.000611,-0.007483,32.15,64.3318434824446
69912,-8.213365,-3.736392,4.34058,-0.00672,0.000764,-0.007636,32.15,64.3105301313882
69922,-8.212168,-3.727419,4.348955,-0.006872,0.00168,-0.007636,32.16,64.2554293314563
69932,-8.212766,-3.719643,4.342375,-0.006109,0.003207,-0.008247,32.16,64.2827326633522
69942,-8.20798,-3.735795,4.332804,-0.006109,0.004429,-0.007483,32.12,64.3378778597614
69952,-8.210373,-3.736991,4.345964,-0.006414,0.004123,-0.007789,32.18,64.2766279105692
69962,-8.215756,-3.73041,4.342375,-0.005956,0.005651,-0.007636,32.18,64.3005345692591
69972,-8.219944,-3.732205,4.342973,-0.005956,0.006414,-0.008247,32.17,64.3087510877187
69982,-8.215158,-3.732205,4.341777,-0.00672,0.007483,-0.007941,32.17,64.3041086086619
69992,-8.219346,-3.735196,4.348955,-0.006109,0.008399,-0.007941,32.23,64.2796466418155
70002,-8.213962,-3.739383,4.338786,-0.006567,0.008705,-0.008247,32.23,64.3242007555845
70012,-8.215756,-3.739982,4.335197,-0.007178,0.009316,-0.008094,32.18,64.3473708276212
70022,-8.214561,-3.731607,4.339384,-0.006414,0.010232,-0.008399,32.18,64.3144866587024
70032,-8.213962,-3.738187,4.334598,-0.006109,0.010843,-0.008552,32.16,64.3445732849118
70042,-8.213962,-3.746562,4.337589,-0.006414,0.011454,-0.009927,32.16,64.3377502217121
70052,-8.216354,-3.745365,4.344768,-0.005956,0.01237,-0.009468,32.15,64.3049106358833
70062,-8.21157,-3.737589,4.338188,-0.006567,0.011912,-0.00901,32.15,64.320043611446
70072,-8.227122,-3.737589,4.338786,-0.007178,0.012217,-0.009163,32.19,64.3520292128993
70082,-8.212168,-3.741179,4.334598,-0.006414,0.012675,-0.008552,32.19,64.3435998834761
70092,-8.227122,-3.733402,4.338786,-0.006414,0.012217,-0.008552,32.16,64.3477459058844
70102,-8.220542,-3.727419,4.33041,-0.006109,0.012828,-0.008552,32.16,64.3699883006599
70112,-8.220542,-3.732205,4.336991,-0.007025,0.011454,-0.007789,32.18,64.3409388284099
70122,-8.230712,-3.735196,4.335794,-0.006872,0.010843,-0.008094,32.16,64.3730840116452
70132,-8.216953,-3.722036,4.325625,-0.00672,0.01069,-0.008858,32.16,64.3810934256807
70142,-8.218149,-3.738786,4.332206,-0.006414,0.009927,-0.007636,32.15,64.3669647528426
70152,-8.222337,-3.735795,4.336991,-0.006109,0.009621,-0.00733,32.15,64.3486624092104
70162,-8.217552,-3.732205,4.332804,-0.006872,0.008705,-0.007789,32.17,64.3557913316151
70172,-8.230114,-3.725625,4.331607,-0.005498,0.00733,-0.007178,32.17,64.3835531092693
70182,-8.21157,-3.742374,4.32742,-0.005803,0.006261,-0.007025,32.19,64.3805213450346
70192,-8.2349,-3.736392,4.325027,-0.006109,0.005345,-0.007636,32.19,64.4392227944617
70202,-8.226524,-3.732205,4.322036,-0.005651,0.004734,-0.007025,32.14,64.431560465704
70212,-8.221141,-3.738187,4.325625,-0.005651,0.004123,-0.00733,32.14,64.4070416438551
70222,-8.216354,-3.734,4.318447,-0.006109,0.003054,-0.007025,32.16,64.4290480163662
70232,-8.23131,-3.735196,4.335197,-0.005803,0.00168,-0.007025,32.16,64.3775064975314
70242,-8.221141,-3.735196,4.324429,-0.006261,0.001222,-0.007178,32.15,64.4101549746709
70252,-8.215158,-3.738187,4.333402,-0.005651,-0.000153,-0.006414,32.15,64.3534400176276
70262,-8.220542,-3.732804,4.335794,-0.005192,-0.000916,-0.00733,32.17,64.347724693318
70272,-8.221739,-3.729214,4.329215,-0.005192,-0.001985,-0.007178,32.17,64.3806874450034
70282,-8.223534,-3.734598,4.325625,-0.004734,-0.002291,-0.006567,32.18,64.4087564117567
70292,-8.21157,-3.728018,4.337589,-0.005956,-0.005498,-0.005956,32.18,64.3133074002041
70302,-8.215756,-3.735795,4.32742,-0.006109,-0.005651,-0.007025,32.18,64.3832044949421
70312,-8.230712,-3.723232,4.331607,-0.005192,-0.006261,-0.006567,32.19,64.3824608313468
70322,-8.221141,-3.729812,4.335794,-0.005192,-0.006567,-0.006414,32.19,64.34601290097
70332,-8.228917,-3.738187,4.329215,-0.005192,-0.007483,-0.00733,32.16,64.4060139652639
70342,-8.222935,-3.732804,4.333402,-0.00504,-0.007483,-0.005956,32.16,64.3654545137335
70352,-8.221141,-3.734,4.322036,-0.004429,-0.007941,-0.006414,32.2,64.4212851112564
70362,-8.221739,-3.736392,4.338786,-0.004581,-0.007789,-0.007025,32.2,64.3386727357156
70372,-8.22473,-3.732804,4.331607,-0.004887,-0.007789,-0.006872,32.17,64.3787556159633
70382,-8.206185,-3.719045,4.338188,-0.004581,-0.007789,-0.005956,32.17,64.2888290813013
70392,-8.219944,-3.73041,4.342973,-0.004429,-0.00733,-0.006567,32.16,64.3069113384026
70402,-8.216354,-3.729214,4.341179,-0.004123,-0.007178,-0.005956,32.16,64.3068256403611
70412,-8.216354,-3.725625,4.334,-0.004734,-0.00733,-0.007483,32.18,64.340179502205
70422,-8.199606,-3.732205,4.342375,-0.005345,-0.006261,-0.00672,32.18,64.2658543979126
70432,-8.213365,-3.731607,4.345366,-0.005956,-0.005498,-0.007178,32.14,64.2809396015488
70442,-8.209177,-3.739383,4.341777,-0.005192,-0.00504,-0.00733,32.14,64.2979745065098
70452,-8.204989,-3.721437,4.351348,-0.004887,-0.004276,-0.007636,32.19,64.220676477132
70462,-8.210373,-3.731009,4.335197,-0.005651,-0.002138,-0.007178,32.19,64.32601554288
70472,-8.216953,-3.734,4.342973,-0.005498,-0.000916,-0.00733,32.19,64.3038387291105
70482,-8.21157,-3.725027,4.353143,-0.005498,0.000611,-0.007025,32.18,64.2300330188949
70492,-8.216354,-3.732804,4.345366,-0.005651,0.001833,-0.007789,32.18,64.2889240028091
70502,-8.213365,-3.722036,4.344768,-0.005192,0.002596,-0.007789,32.19,64.2741997170097
70512,-8.216354,-3.720241,4.334598,-0.005803,0.003971,-0.007941,32.19,64.3315838724226
70522,-8.213962,-3.722036,4.343571,-0.005803,0.004734,-0.007789,32.14,64.2817234890226
70532,-8.213962,-3.713661,4.341179,-0.006109,0.006109,-0.008094,32.14,64.2854825636804
70542,-8.210971,-3.729812,4.34058,-0.006109,0.006872,-0.009316,32.2,64.2983643616014
70552,-8.218149,-3.734,4.341777,-0.005498,0.008247,-0.008858,32.2,64.3127040305202
70562,-8.225926,-3.731009,4.343571,-0.006261,0.009468,-0.008858,32.18,64.3179456732947
70572,-8.221739,-3.73041,4.341777,-0.006872,0.010385,-0.007941,32.18,64.3171282194181
70582,-8.221141,-3.726821,4.346562,-0.006414,0.010843,-0.007789,32.14,64.2874421527827
70592,-8.215756,-3.726821,4.348357,-0.007025,0.011759,-0.008399,32.14,64.266016409237
70602,-8.225328,-3.729812,4.344768,-0.00672,0.013286,-0.007789,32.2,64.3092043863952
70612,-8.215756,-3.725027,4.332206,-0.007178,0.013592,-0.008552,32.2,64.3474755277115
70622,-8.216953,-3.736991,4.337589,-0.00733,0.014661,-0.007636,32.17,64.3346653603829
70632,-8.219346,-3.717848,4.341777,-0.00733,0.015119,-0.008094,32.17,64.2988646046534
70642,-8.213962,-3.728616,4.331607,-0.00733,0.015119,-0.008247,32.2,64.3501929665154
70652,-8.216354,-3.732804,4.328018,-0.007941,0.01573,-0.00901,32.21,64.3784019745491
70662,-8.22473,-3.735795,4.328018,-0.007483,0.015882,-0.007789,32.21,64.400324716586
70672,-8.227122,-3.731607,4.339982,-0.007941,0.015119,-0.008705,32.16,64.3397470771268
70682,-8.216354,-3.735795,4.328616,-0.007789,0.014813,-0.008399,32.16,64.3783788495091
70692,-8.219944,-3.741776,4.324429,-0.00733,0.014355,-0.007941,32.19,64.4141941349222
70702,-8.225926,-3.738187,4.335197,-0.007789,0.013592,-0.008399,32.19,64.3684440893882
70712,-8.230114,-3.738786,4.324429,-0.007483,0.012523,-0.008247,32.19,64.4339978246341
70722,-8.215756,-3.732804,4.336991,-0.007636,0.01069,-0.008399,32.19,64.3307544688337
70732,-8.219944,-3.728616,4.322634,-0.007178,0.009621,-0.008247,32.2,64.4100022371446
70742,-8.224131,-3.734,4.322036,-0.007025,0.008399,-0.007941,32.2,64.4280110375794
70752,-8.222935,-3.729812,4.322036,-0.006567,0.006567,-0.007178,32.21,64.4210445749621
70762,-8.228917,-3.736392,4.325625,-0.00672,0.004887,-0.007941,32.21,64.4226954418985
70772,-8.225926,-3.732205,4.321437,-0.00672,0.003971,-0.007483,32.21,64.4333073967618
70782,-8.217552,-3.724428,4.323233,-0.006872,0.002138,-0.007636,32.21,64.3972413134905
70792,-8.2349,-3.737589,4.325027,-0.006261,0.000764,-0.007483,32.19,64.440442649811
70802,-8.215756,-3.742374,4.329813,-0.005651,-0.002596,-0.007025,32.19,64.3775992177847
70812,-8.216354,-3.735795,4.324429,-0.005651,-0.003512,-0.007025,32.19,64.3999918090637
70822,-8.221141,-3.748955,4.33041,-0.005498,-0.004887,-0.00733,32.19,64.3933870929076
70832,-8.216953,-3.742973,4.329813,-0.005803,-0.005651,-0.006414,32.19,64.3809088601118
70842,-8.205587,-3.733402,4.324429,-0.005651,-0.006567,-0.006109,32.18,64.3732714264352
70852,-8.225328,-3.735196,4.329215,-0.005345,-0.00733,-0.007025,32.18,64.3948838936236
70862,-8.230114,-3.734,4.336991,-0.004276,-0.008705,-0.00733,32.17,64.3643474722786
70872,-8.225926,-3.731607,4.331009,-0.004429,-0.009468,-0.006567,32.17,64.3833100685996
70882,-8.220542,-3.739982,4.343571,-0.00504,-0.009468,-0.005956,32.17,64.3149951720608
70892,-8.219944,-3.725027,4.343571,-0.004581,-0.009621,-0.005651,32.17,64.2983144586845
70902,-8.218747,-3.734,4.331607,-0.004887,-0.009927,-0.00672,32.18,64.366499254603
70912,-8.214561,-3.733402,4.342973,-0.004429,-0.010079,-0.005651,32.18,64.2978223807709
70922,-8.217552,-3.722036,4.34417,-0.004123,-0.009621,-0.005651,32.16,64.2867555568044
70932,-8.219346,-3.73041,4.345964,-0.004276,-0.009774,-0.006567,32.16,64.2901460893102
70942,-8.218747,-3.735196,4.339384,-0.004581,-0.009774,-0.006567,32.2,64.3276162786836
70952,-8.210373,-3.728616,4.34058,-0.005192,-0.008552,-0.006567,32.2,64.2957844509561
70962,-8.218149,-3.719643,4.34417,-0.004887,-0.008094,-0.005651,32.19,64.2856552150007
70972,-8.214561,-3.726223,4.344768,-0.004123,-0.00672,-0.006872,32.19,64.2812002124628
70982,-8.208578,-3.738786,4.341777,-0.00504,-0.00504,-0.007178,32.16,64.2960071149235
70992,-8.209774,-3.729812,4.347759,-0.004734,-0.003054,-0.007025,32.19,64.2586358431667
71002,-8.210971,-3.736392,4.349553,-0.005192,-0.002138,-0.007025,32.19,64.2588653543246
71012,-8.20798,-3.720241,4.344768,-0.004887,-0.000764,-0.007178,32.17,64.2601648609146
71022,-8.216354,-3.727419,4.342375,-0.00504,0,-0.008094,32.17,64.2988184350839
71032,-8.213962,-3.720839,4.335794,-0.005192,0.001833,-0.007483,32.15,64.3206181958645
71042,-8.220542,-3.734598,4.341179,-0.005192,0.003665,-0.008094,32.15,64.3218000458489
71052,-8.208578,-3.729812,4.353143,-0.005651,0.005498,-0.007483,32.16,64.2281763099112
71062,-8.221141,-3.725625,4.342973,-0.005956,0.006567,-0.007941,32.16,64.3047137390694
71072,-8.212168,-3.727419,4.344768,-0.006414,0.007941,-0.008247,32.19,64.2770151461215
71082,-8.207382,-3.726821,4.342973,-0.006567,0.009774,-0.00733,32.19,64.2748299490348
71092,-8.219944,-3.736392,4.343571,-0.006872,0.010537,-0.008094,32.17,64.3099627542411
71102,-8.222935,-3.728018,4.339982,-0.00733,0.011759,-0.008705,32.17,64.3266314158524
71112,-8.221141,-3.722634,4.343571,-0.007178,0.012981,-0.007941,32.18,64.2985698129754
71122,-8.212766,-3.739982,4.346562,-0.00733,0.013744,-0.007941,32.18,64.2820302085843
71132,-8.21157,-3.739982,4.333402,-0.00733,0.014508,-0.007941,32.18,64.3471923672185
71142,-8.218149,-3.727419,4.336392,-0.007178,0.015577,-0.008705,32.18,64.3337278009439
71152,-8.221141,-3.729812,4.331607,-0.007789,0.016493,-0.008705,32.17,64.3676096385516
71162,-8.219346,-3.725625,4.333402,-0.007483,0.016341,-0.008705,32.18,64.3500182383298
71172,-8.207382,-3.735196,4.34058,-0.00733,0.016188,-0.008247,32.18,64.2957853290943
71182,-8.22473,-3.738187,4.335794,-0.007789,0.016188,-0.007636,32.2,64.3626735433961
71192,-8.216953,-3.729812,4.332206,-0.008094,0.016188,-0.007941,32.2,64.3550752078224
71202,-8.213962,-3.737589,4.331607,-0.007483,0.015424,-0.007789,32.21,64.3593916105741
71212,-8.209177,-3.737589,4.329215,-0.007789,0.014355,-0.007789,32.21,64.3609486508777
71222,-8.218149,-3.732804,4.331009,-0.007483,0.013439,-0.007789,32.2,64.3670120918852
71232,-8.216354,-3.731607,4.33041,-0.007789,0.012981,-0.006567,32.2,64.3648305229913
71242,-8.22772,-3.722036,4.322634,-0.008552,0.011454,-0.007636,32.18,64.4207995066688
71255,-8.215756,-3.727419,4.328018,-0.007178,0.009774,-0.007789,32.18,64.371541660359
71262,-8.218747,-3.735795,4.326822,-0.00672,0.008705,-0.007789,32.16,64.3930278637588
71272,-8.219944,-3.727419,4.331009,-0.006567,0.007178,-0.007483,32.16,64.3655490414362
71282,-8.224131,-3.71725,4.32742,-0.006567,0.005192,-0.007483,32.17,64.3831314595968
71292,-8.219346,-3.738786,4.326224,-0.005956,0.004429,-0.006872,32.17,64.4005242322211
71302,-8.215158,-3.731009,4.325625,-0.006261,0.001833,-0.007178,32.16,64.3862227365037
71312,-8.218149,-3.73041,4.319045,-0.005651,0.000916,-0.006261,32.16,64.4263290929017
71322,-8.220542,-3.736392,4.326822,-0.006109,-0.001833,-0.007941,32.18,64.397680123825
71332,-8.224131,-3.747759,4.323233,-0.006109,-0.00336,-0.007178,32.15,64.4358989788471
71342,-8.216354,-3.731009,4.328018,-0.005345,-0.004123,-0.006872,32.15,64.3765642788072
71352,-8.210971,-3.728018,4.331009,-0.00504,-0.005651,-0.006567,32.21,64.3459154672808
71362,-8.206185,-3.736392,4.332206,-0.004887,-0.00733,-0.00672,32.21,64.3375264302025
71372,-8.221141,-3.734598,4.334598,-0.005345,-0.007636,-0.008094,32.14,64.3570796265418
71382,-8.221141,-3.73041,4.339982,-0.004734,-0.008247,-0.007178,32.14,64.3250311668714
71392,-8.216354,-3.734598,4.329215,-0.004734,-0.008858,-0.007025,32.16,64.3740612197504
71402,-8.221739,-3.729214,4.335794,-0.005192,-0.008858,-0.007178,32.16,64.3467498541047
71412,-8.208578,-3.722036,4.336392,-0.004734,-0.00901,-0.006109,32.16,64.3065843575466
71422,-8.217552,-3.71725,4.334598,-0.005498,-0.009468,-0.007178,32.16,64.3312322057428
71432,-8.222337,-3.728018,4.336392,-0.004887,-0.008552,-0.007483,32.17,64.3437915239845
71442,-8.21157,-3.725027,4.332206,-0.004734,-0.008858,-0.008094,32.17,64.3380230354064
71452,-8.213365,-3.735795,4.342973,-0.00504,-0.008858,-0.006414,32.16,64.2975784451777
71462,-8.212766,-3.732205,4.339384,-0.005345,-0.008094,-0.006872,32.16,64.3110461603432
71472,-8.210971,-3.733402,4.343571,-0.00504,-0.006872,-0.007483,32.16,64.2866266718964
71482,-8.208578,-3.738187,4.344768,-0.005803,-0.005651,-0.007025,32.16,64.27996734142
71492,-8.215756,-3.731607,4.345964,-0.005651,-0.00504,-0.008247,32.21,64.2832618208343
71502,-8.215756,-3.728018,4.349553,-0.005192,-0.002596,-0.00672,32.19,64.2610815663335
71512,-8.2014,-3.731009,4.34417,-0.005498,-0.00168,-0.007483,32.19,64.2594215228631
71522,-8.210971,-3.725625,4.346562,-0.005192,-0.000305,-0.00733,32.17,64.2632140009798
71532,-8.222337,-3.729812,4.348357,-0.005651,0.001222,-0.007483,32.17,64.2839616035493
71542,-8.213365,-3.729214,4.342973,-0.005651,0.002596,-0.007941,32.18,64.2908204290891
71552,-8.207382,-3.735196,4.338786,-0.005803,0.004123,-0.007941,32.18,64.3050406702462
71562,-8.207382,-3.732205,4.336991,-0.005651,0.005345,-0.007178,32.16,64.3112283900667
71572,-8.215756,-3.723232,4.350152,-0.006109,0.005956,-0.006872,32.16,64.2530833300235
71582,-8.219346,-3.729214,4.338188,-0.006109,0.007483,-0.00733,32.17,64.3290049600628
71592,-8.201998,-3.73041,4.344768,-0.006261,0.008247,-0.007941,32.17,64.257073337758
71602,-8.220542,-3.732205,4.34417,-0.00672,0.009468,-0.007178,32.17,64.3039323777145
71612,-8.216354,-3.735196,4.336991,-0.006872,0.009621,-0.008399,32.17,64.3345568584955
71622,-8.207382,-3.720839,4.329813,-0.005956,0.009774,-0.007636,32.16,64.3366256096023
71632,-8.219346,-3.735795,4.339982,-0.006414,0.010232,-0.007789,32.16,64.3264989519642
71642,-8.221141,-3.732804,4.335794,-0.007025,0.009774,-0.008399,32.21,64.3490753537066
71652,-8.224131,-3.726223,4.332206,-0.007025,0.010232,-0.007789,32.21,64.367591803047
71662,-8.214561,-3.728018,4.34058,-0.00672,0.010996,-0.007941,32.21,64.3046371069876
71672,-8.224131,-3.729812,4.331607,-0.00672,0.010996,-0.007636,32.21,64.3743482847069
71682,-8.221141,-3.725027,4.336392,-0.00672,0.010843,-0.00733,32.18,64.3380337511916
71692,-8.219346,-3.733402,4.337589,-0.006567,0.01069,-0.007636,32.15,64.3363836755071
71702,-8.221141,-3.735795,4.336392,-0.007178,0.010385,-0.007636,32.15,64.3490547904106
71712,-8.225926,-3.725625,4.328018,-0.007025,0.009774,-0.008399,32.2,64.3926321045537
71722,-8.220542,-3.727419,4.331607,-0.00672,0.009774,-0.007941,32.2,64.3638120266753
71732,-8.216953,-3.731009,4.333402,-0.00672,0.009163,-0.008858,32.18,64.3501300362069
71742,-8.209774,-3.734,4.331009,-0.00672,0.008858,-0.008247,32.18,64.3493494752361
71752,-8.215756,-3.738786,4.332206,-0.007178,0.008705,-0.008399,32.2,64.3615725502986
71762,-8.220542,-3.73041,4.331009,-0.006109,0.008552,-0.00733,32.2,64.3699562217231
71772,-8.225926,-3.74058,4.336392,-0.006567,0.007483,-0.008094,32.19,64.364734051489
71782,-8.222935,-3.734598,4.332206,-0.00672,0.007025,-0.008552,32.19,64.373457857458
71792,-8.222337,-3.726223,4.325625,-0.006109,0.006567,-0.007789,32.17,64.3975069302413
71802,-8.221739,-3.742973,4.319045,-0.006414,0.006261,-0.007789,32.17,64.4472436349031
71812,-8.216953,-3.736991,4.32742,-0.006414,0.005192,-0.008399,32.16,64.3871260170033
71822,-8.220542,-3.723232,4.323233,-0.006109,0.004276,-0.00733,32.16,64.4027588373518
71832,-8.212766,-3.729812,4.329215,-0.005956,0.00336,-0.007483,32.17,64.3610673784552
71842,-8.227122,-3.739383,4.329813,-0.005803,0.002138,-0.007636,32.17,64.4001158998367
71852,-8.225926,-3.732804,4.328616,-0.005803,0.000611,-0.007483,32.2,64.3968755832195
71862,-8.225328,-3.728616,4.326224,-0.006567,-0.000611,-0.006872,32.17,64.4035943480662
71872,-8.223534,-3.723232,4.325625,-0.006261,-0.001222,-0.006872,32.17,64.3971513356735
71882,-8.235497,-3.741179,4.326224,-0.005956,-0.001527,-0.007178,32.21,64.4392715617129
71892,-8.219944,-3.725027,4.32742,-0.005956,-0.002596,-0.006414,32.21,64.3816268143986
71902,-8.221739,-3.727419,4.325027,-0.005651,-0.003971,-0.006872,32.17,64.4004678688147
71912,-8.208578,-3.736392,4.33041,-0.005651,-0.00336,-0.007025,32.17,64.3521989440651
71922,-8.216354,-3.731607,4.333402,-0.005498,-0.004429,-0.005956,32.17,64.349391386629
71932,-8.220542,-3.734598,4.335197,-0.006109,-0.005192,-0.007178,32.17,64.352640447261
71942,-8.225328,-3.737589,4.34058,-0.005498,-0.004734,-0.007178,32.17,64.338743438751
71952,-8.204391,-3.732205,4.335197,-0.005803,-0.004887,-0.006872,32.17,64.3137287647974
71962,-8.212766,-3.739982,4.341179,-0.005956,-0.005803,-0.007025,32.18,64.3097781061872
71972,-8.222935,-3.724428,4.34417,-0.005498,-0.005345,-0.00672,32.18,64.301372044325
71982,-8.212168,-3.723232,4.335197,-0.005345,-0.004581,-0.007025,32.2,64.3220956495852
71992,-8.216953,-3.736392,4.334598,-0.005803,-0.004429,-0.006567,32.2,64.349476618955
72002,-8.226524,-3.72383,4.348357,-0.006567,-0.004429,-0.006414,32.16,64.2872971858918
72012,-8.21157,-3.734,4.331009,-0.006109,-0.003665,-0.00672,32.16,64.3534017180982
72022,-8.218747,-3.736991,4.335197,-0.004887,-0.002443,-0.006414,32.19,64.3510458174271
72032,-8.213365,-3.732205,4.344768,-0.005498,-0.001833,-0.007025,32.19,64.284636620691
72042,-8.213365,-3.731009,4.338188,-0.005498,-0.001222,-0.006109,32.19,64.3173408685491
72052,-8.21157,-3.735795,4.339982,-0.006261,-0.000305,-0.006109,32.17,64.30894739012
72062,-8.221739,-3.731607,4.344768,-0.006261,0,-0.007178,32.17,64.3029406359423
72072,-8.220542,-3.729812,4.341179,-0.005803,0.000764,-0.007025,32.18,64.3168961219439
72082,-8.216953,-3.728018,4.34058,-0.005956,0.000916,-0.006872,32.18,64.3100414845452
72092,-8.216354,-3.721437,4.339982,-0.006261,0.00168,-0.007483,32.2,64.305030146327
72102,-8.213962,-3.726223,4.341777,-0.006567,0.002596,-0.007789,32.2,64.2952689592289
72112,-8.218747,-3.729812,4.329813,-0.005498,0.003971,-0.007789,32.21,64.3714694581547
72122,-8.203195,-3.727419,4.339982,-0.005803,0.004887,-0.007483,32.21,64.2814023051991
72132,-8.218747,-3.731009,4.343571,-0.005345,0.005651,-0.008094,32.15,64.3017398812597
72142,-8.225328,-3.727419,4.34058,-0.006109,0.005498,-0.008705,32.15,64.3283364870014
72152,-8.218747,-3.722036,4.336991,-0.006109,0.005956,-0.009163,32.2,64.3264792826658
72162,-8.215756,-3.722036,4.334,-0.005498,0.006567,-0.008094,32.2,64.3351556248272
72172,-8.218149,-3.726223,4.34058,-0.004581,0.006567,-0.007789,32.13,64.3109041286726
72182,-8.222337,-3.738786,4.329215,-0.005498,0.007483,-0.008552,32.13,64.3918237976566
72192,-8.22473,-3.72383,4.332206,-0.006414,0.007636,-0.008858,32.15,64.3664986582516
72202,-8.208578,-3.732804,4.341777,-0.006261,0.007941,-0.009163,32.18,64.2898544930674
72212,-8.21157,-3.735795,4.337589,-0.005803,0.008552,-0.008399,32.18,64.3212904959134
72222,-8.215158,-3.723232,4.336392,-0.005803,0.008094,-0.008858,32.15,64.3226855642543
72232,-8.22473,-3.734598,4.345366,-0.005651,0.008399,-0.008552,32.15,64.3096752185065
72242,-8.222337,-3.735795,4.323233,-0.005956,0.009163,-0.008247,32.15,64.4196312770342
72252,-8.220542,-3.736392,4.337589,-0.005803,0.009316,-0.007941,32.15,64.3421446428394
72262,-8.228318,-3.726821,4.335197,-0.006109,0.009163,-0.007941,32.15,64.3622163147615
72272,-8.220542,-3.729812,4.34058,-0.006567,0.009163,-0.008247,32.15,64.319983990335
72282,-8.213365,-3.735795,4.335794,-0.00672,0.008247,-0.008094,32.19,64.3346016589272
72292,-8.215158,-3.744169,4.324429,-0.00672,0.007941,-0.007941,32.19,64.4058800727173
72302,-8.219944,-3.73041,4.334598,-0.007178,0.007789,-0.008552,32.18,64.3500935009849
72312,-8.216354,-3.735196,4.331009,-0.006109,0.007178,-0.007789,32.18,64.3654160473396
72322,-8.227122,-3.733402,4.333402,-0.006414,0.006872,-0.008399,32.15,64.3754977591127
72332,-8.221739,-3.726223,4.332804,-0.00672,0.005803,-0.007941,32.15,64.3591132960101
72342,-8.227122,-3.735196,4.324429,-0.00672,0.005498,-0.007941,32.17,64.4236089300604
72352,-8.228318,-3.724428,4.334598,-0.006872,0.004429,-0.008705,32.17,64.3628623118494
72362,-8.22772,-3.734598,4.332206,-0.006567,0.003054,-0.008094,32.18,64.38423252527
72372,-8.223534,-3.724428,4.321437,-0.006872,0.002749,-0.00733,32.19,64.4199925152689
72382,-8.224131,-3.732205,4.334598,-0.00672,0.002138,-0.006872,32.19,64.3613695622954
72392,-8.221141,-3.735795,4.336991,-0.006261,0.001069,-0.008094,32.17,64.34596644872
72402,-8.223534,-3.729812,4.323233,-0.006261,0.000611,-0.005803,32.17,64.416213423783
72412,-8.223534,-3.728018,4.329215,-0.006261,-0.000458,-0.007178,32.16,64.3835100398958
72422,-8.217552,-3.734598,4.331607,-0.00733,-0.000916,-0.007483,32.16,64.3644182393087
72432,-8.228318,-3.738786,4.331607,-0.006109,-0.000916,-0.007178,32.18,64.3929461779537
72442,-8.225328,-3.737589,4.328018,-0.00672,-0.001222,-0.006414,32.18,64.4035039228726
72452,-8.219346,-3.725027,4.34058,-0.00672,-0.001527,-0.006414,32.21,64.3123834445294
72462,-8.209774,-3.726223,4.329813,-0.006567,-0.001985,-0.006414,32.21,64.3475481068022
72472,-8.216953,-3.739982,4.338188,-0.006872,-0.002443,-0.007483,32.17,64.3346457585498
72482,-8.219944,-3.745964,4.334,-0.006261,-0.002596,-0.00733,32.17,64.3691153579842
72492,-8.218149,-3.744169,4.332804,-0.005803,-0.002596,-0.00672,32.14,64.3694001373287
72502,-8.221141,-3.739982,4.329813,-0.005803,-0.002291,-0.006414,32.14,64.3872715609948
72512,-8.218747,-3.735196,4.331009,-0.006261,-0.002443,-0.007483,32.19,64.370809187216
72522,-8.219944,-3.733402,4.336991,-0.006261,-0.002138,-0.006872,32.19,64.3408160341019
72532,-8.230114,-3.724428,4.347161,-0.006872,-0.001985,-0.00672,32.17,64.3021768953676
72542,-8.219346,-3.724428,4.332804,-0.006567,-0.000764,-0.006567,32.19,64.3518795274367
72552,-8.21157,-3.736991,4.319045,-0.005803,-0.000916,-0.007025,32.19,64.4182524306598
72562,-8.217552,-3.733402,4.334598,-0.005956,-0.000764,-0.006872,32.19,64.3477627469516
72572,-8.217552,-3.74058,4.345366,-0.005651,0.000305,-0.00733,32.19,64.2996145347243
72582,-8.215158,-3.744768,4.335197,-0.005956,0.000611,-0.007178,32.16,64.3509367035367
72592,-8.204989,-3.731607,4.331009,-0.005345,0.000916,-0.006567,32.16,64.3360894880223
72602,-8.206783,-3.732804,4.332206,-0.005651,0.002138,-0.006872,32.14,64.3351899649299
72612,-8.215756,-3.737589,4.338188,-0.005651,0.001985,-0.006567,32.14,64.3294899659404
72622,-8.209774,-3.734,4.336392,-0.006414,0.002902,-0.006872,32.16,64.3215671339416
72632,-8.213365,-3.726821,4.342973,-0.005498,0.003207,-0.008094,32.16,64.2883646909804
72642,-8.215756,-3.741776,4.335197,-0.005345,0.003818,-0.007178,32.18,64.3492121265704
72652,-8.210971,-3.74058,4.338188,-0.005956,0.004887,-0.006872,32.18,64.3217656762839
72662,-8.218747,-3.729812,4.338188,-0.005803,0.00504,-0.007483,32.17,64.3282654212237
72672,-8.216953,-3.736991,4.332804,-0.005803,0.006261,-0.007789,32.17,64.3593448603859
72682,-8.225926,-3.743571,4.339982,-0.004581,0.005651,-0.007789,32.23,64.3492993918697
72692,-8.212766,-3.739383,4.342375,-0.00504,0.005345,-0.007941,32.23,64.302996127144
72702,-8.219346,-3.731009,4.334,-0.005956,0.006109,-0.007178,32.18,64.3524425405099
72712,-8.212766,-3.731607,4.336991,-0.005192,0.006261,-0.00733,32.16,64.3227766444238
72722,-8.214561,-3.734598,4.338786,-0.005498,0.005956,-0.007636,32.16,64.3206397574519
72732,-8.209774,-3.721437,4.334598,-0.005345,0.005803,-0.007025,32.21,64.3179362269197
72742,-8.221141,-3.739383,4.332804,-0.006261,0.005345,-0.007025,32.21,64.3712315580995
72752,-8.21157,-3.735795,4.334598,-0.005345,0.004887,-0.008247,32.2,64.3367216846629
72762,-8.214561,-3.736991,4.333402,-0.005651,0.004581,-0.006567,32.2,64.3508670416497
72772,-8.222935,-3.741776,4.33041,-0.005192,0.004429,-0.007025,32.18,64.3900665774159
72782,-8.223534,-3.723232,4.33041,-0.006261,0.00336,-0.008094,32.18,64.372457046214
72792,-8.218149,-3.734598,4.331607,-0.006261,0.003054,-0.007636,32.2,64.3657638624331
72802,-8.205587,-3.733402,4.323831,-0.005345,0.002749,-0.007789,32.2,64.3763612066885
72812,-8.217552,-3.716652,4.345964,-0.005345,0.002443,-0.007178,32.18,64.2719926847535
72822,-8.208578,-3.720241,4.334,-0.005651,0.001985,-0.00733,32.18,64.317093191723
72832,-8.220542,-3.725027,4.329215,-0.005956,0.001222,-0.00733,32.16,64.3737103451968
72842,-8.22473,-3.735196,4.331607,-0.005956,0.001833,-0.007483,32.16,64.3812011095491
72852,-8.215756,-3.727419,4.335197,-0.006261,0.00168,-0.008247,32.16,64.3344902220003
72862,-8.212766,-3.745365,4.332804,-0.005651,0.001833,-0.008858,32.16,64.3585035075361
72872,-8.221739,-3.732804,4.346562,-0.006567,0.002291,-0.007789,32.16,64.2949245494727
72882,-8.219346,-3.741179,4.338188,-0.007025,0.00336,-0.008552,32.16,64.3412687825732
72892,-8.210373,-3.718446,4.334,-0.006567,0.003665,-0.007789,32.18,64.3193135598431
72902,-8.215158,-3.732205,4.334,-0.00672,0.004276,-0.00733,32.22,64.3442205845777
72912,-8.201998,-3.735196,4.322634,-0.006872,0.004429,-0.007789,32.22,64.3762928290556
72922,-8.220542,-3.731607,4.334598,-0.007941,0.004734,-0.00733,32.16,64.3526672920627
72932,-8.218149,-3.727419,4.33041,-0.007483,0.004276,-0.00733,32.16,64.3645919688172
72942,-8.212766,-3.728616,4.334598,-0.006872,0.004887,-0.007941,32.16,64.332056341688
72952,-8.209774,-3.728018,4.334,-0.007483,0.005498,-0.00672,32.16,64.3277714876129
72962,-8.212766,-3.729214,4.32742,-0.007178,0.00504,-0.00733,32.18,64.3697227420694
72972,-8.215756,-3.728616,4.334598,-0.006872,0.004581,-0.00733,32.18,64.3388069588891
72982,-8.220542,-3.735795,4.339384,-0.00733,0.004734,-0.007483,32.21,64.3322792714991
72992,-8.210373,-3.736991,4.331009,-0.007483,0.004734,-0.007178,32.21,64.3537710398774
73002,-8.218747,-3.741776,4.333402,-0.007483,0.005498,-0.006109,32.18,64.3652084460603
73012,-8.228917,-3.726223,4.342973,-0.008247,0.004734,-0.007025,32.18,64.3228812285812
73022,-8.215756,-3.741179,4.331607,-0.007025,0.004581,-0.007178,32.13,64.3671174499123
73032,-8.218149,-3.737589,4.338188,-0.006872,0.004887,-0.007483,32.13,64.3348876002555
73042,-8.221739,-3.731607,4.336392,-0.007483,0.004887,-0.006872,32.19,64.3461148905548
73052,-8.219944,-3.743571,4.323831,-0.007636,0.004123,-0.00733,32.19,64.4191181153506
73062,-8.206783,-3.73041,4.338188,-0.00672,0.00336,-0.00672,32.19,64.3018525639265
73072,-8.208578,-3.733402,4.334598,-0.006414,0.003054,-0.00672,32.15,64.3275100610776
73082,-8.21157,-3.729812,4.33041,-0.007025,0.002902,-0.005803,32.15,64.3521991447705
73092,-8.222337,-3.727419,4.33041,-0.00672,0.003054,-0.006567,32.18,64.3740348988548
73102,-8.216953,-3.733402,4.341777,-0.006872,0.003512,-0.006109,32.18,64.3093905078585
73112,-8.217552,-3.745365,4.33041,-0.00733,0.00336,-0.005498,32.18,64.3816309390296
73122,-8.209177,-3.739982,4.332206,-0.006109,0.003818,-0.00672,32.18,64.3479672934506
73132,-8.219944,-3.727419,4.326822,-0.00672,0.003054,-0.006261,32.18,64.3871578245716
73142,-8.218747,-3.735196,4.331009,-0.005651,0.004734,-0.005956,32.18,64.370809187216
73152,-8.22473,-3.727419,4.34417,-0.005956,0.004429,-0.00672,32.17,64.308486507739
73162,-8.222337,-3.73041,4.334598,-0.006261,0.003971,-0.007483,32.17,64.3554897688379
73172,-8.222935,-3.719643,4.326224,-0.005651,0.004734,-0.007025,32.17,64.3890482639604
73182,-8.212766,-3.732205,4.328616,-0.005956,0.004581,-0.00733,32.17,64.3666120977767
73192,-8.222935,-3.728616,4.326224,-0.006109,0.004429,-0.007483,32.14,64.3982057559892
73202,-8.216354,-3.732205,4.339384,-0.004581,0.003818,-0.007789,32.14,64.3191486405009
73212,-8.2349,-3.729214,4.326224,-0.004429,0.003665,-0.006872,32.13,64.4257390398585
73222,-8.221739,-3.736392,4.328616,-0.004734,0.00336,-0.007483,32.13,64.3911181937657
73232,-8.217552,-3.732205,4.334598,-0.003818,0.002443,-0.008094,32.11,64.3465363368035
73242,-8.216354,-3.739982,4.333402,-0.004734,0.002138,-0.008858,32.18,64.3579771848198
73256,-8.225328,-3.736991,4.33041,-0.004581,0.000916,-0.007941,32.18,64.3905556399653
73262,-8.216953,-3.732205,4.332206,-0.004123,0,-0.008094,32.15,64.357525896586
73272,-8.228917,-3.734,4.331009,-0.004429,-0.001069,-0.007789,32.15,64.3924874786761
73282,-8.221141,-3.726821,4.331607,-0.00504,-0.001527,-0.00733,32.18,64.3645514125991
73292,-8.225328,-3.726821,4.331009,-0.00504,-0.002596,-0.008247,32.18,64.3770749496994
73302,-8.215158,-3.736392,4.331009,-0.004429,-0.00336,-0.007483,32.16,64.3639459800059
73312,-8.224131,-3.732804,4.329215,-0.004429,-0.003665,-0.007178,32.16,64.3897446309116
73322,-8.216953,-3.73041,4.329813,-0.005192,-0.003971,-0.007789,32.19,64.3680366697226
73332,-8.22473,-3.735795,4.322634,-0.00504,-0.003818,-0.006872,32.19,64.4281046592512
73342,-8.226524,-3.737589,4.326224,-0.00504,-0.003818,-0.007789,32.17,64.4154477807203
73352,-8.213962,-3.733402,4.334,-0.005803,-0.00336,-0.007789,32.17,64.3427493225462
73362,-8.218149,-3.735196,4.331009,-0.004887,-0.003054,-0.007483,32.18,64.3694616387915
73372,-8.216354,-3.732804,4.339982,-0.005192,-0.003512,-0.008094,32.18,64.3166793667595
73382,-8.222337,-3.729214,4.344768,-0.005498,-0.002596,-0.007483,32.19,64.3018393356828
73392,-8.209774,-3.737589,4.339384,-0.005651,-0.002138,-0.008705,32.19,64.3098195727593
73402,-8.212168,-3.74716,4.345366,-0.005345,-0.001222,-0.00733,32.18,64.2942313884932
73412,-8.212766,-3.732205,4.342375,-0.005803,-0.001069,-0.009163,32.17,64.2956209414058
73422,-8.21157,-3.725625,4.335197,-0.005498,0.000153,-0.008858,32.17,64.3231969279708
73432,-8.217552,-3.729214,4.341777,-0.005956,0.001374,-0.008094,32.18,64.3064485417172
73442,-8.214561,-3.737589,4.334598,-0.005651,0.002596,-0.008247,32.18,64.3453104710447
73452,-8.209774,-3.732804,4.335794,-0.00672,0.00336,-0.008399,32.19,64.3234246153741
73462,-8.206783,-3.726821,4.339982,-0.005498,0.003665,-0.007789,32.19,64.2889068612544
73472,-8.218149,-3.735795,4.338188,-0.005956,0.004429,-0.008247,32.19,64.3330478067754
73482,-8.207382,-3.724428,4.342375,-0.005956,0.004276,-0.007789,32.19,64.2754564507374
73492,-8.217552,-3.736392,4.34058,-0.006414,0.004123,-0.008247,32.16,64.3199809315165
73502,-8.215158,-3.736991,4.347161,-0.006261,0.002902,-0.007636,32.16,64.2812718691528
73512,-8.209177,-3.723232,4.334598,-0.005956,0.001985,-0.007025,32.15,64.3184266070509
73522,-8.212168,-3.733402,4.35075,-0.007178,0.001374,-0.007789,32.15,64.2523285541184
73532,-8.215158,-3.741776,4.34417,-0.007178,0.000611,-0.007483,32.12,64.3016034629977
73542,-8.210971,-3.725625,4.34417,-0.007178,0,-0.008247,32.12,64.2755489667226
73552,-8.215158,-3.732205,4.350152,-0.005956,0,-0.007789,32.18,64.2609424881061
73562,-8.213365,-3.732205,4.339384,-0.00672,0.000153,-0.007941,32.18,64.3123991211628
73572,-8.222337,-3.729812,4.343571,-0.00672,0.001222,-0.005956,32.17,64.3086199790289
73582,-8.207382,-3.732804,4.335197,-0.006567,0.000916,-0.00733,32.17,64.3211028027131
73592,-8.223534,-3.734598,4.344768,-0.00672,0.000916,-0.008094,32.17,64.3100571374115
73602,-8.232506,-3.745365,4.34058,-0.00672,0.001374,-0.008094,32.16,64.3628645886341
73612,-8.213365,-3.73041,4.342973,-0.005803,0.001833,-0.008094,32.16,64.2920481109175
73622,-8.216354,-3.736392,4.347161,-0.006109,0.002902,-0.007178,32.15,64.2833583209245
73632,-8.213962,-3.753142,4.348357,-0.006414,0.003512,-0.008705,32.15,64.2890328347577
73642,-8.22772,-3.742374,4.357928,-0.007178,0.004429,-0.008858,32.16,64.2597396391796
73652,-8.216354,-3.736991,4.34058,-0.007483,0.00504,-0.009163,32.16,64.3178922047093
73662,-8.221739,-3.72383,4.341179,-0.006567,0.00672,-0.008399,32.17,64.3134755688868
73672,-8.210971,-3.735795,4.338786,-0.00733,0.007636,-0.007941,32.17,64.313763437283
73682,-8.212168,-3.735795,4.345366,-0.007025,0.008094,-0.008247,32.18,64.2825375540435
73692,-8.219346,-3.728018,4.339982,-0.007178,0.00901,-0.008399,32.18,64.3185295335263
73702,-8.219346,-3.738786,4.336392,-0.007789,0.009774,-0.008858,32.18,64.3480739324436
73712,-8.216354,-3.734,4.344768,-0.008094,0.010996,-0.007941,32.18,64.2932338254727
73722,-8.221141,-3.734598,4.334598,-0.007941,0.011759,-0.007636,32.16,64.3570796265418
73732,-8.225926,-3.72383,4.326822,-0.007789,0.012828,-0.007636,32.16,64.3969725729067
73742,-8.21157,-3.735795,4.338188,-0.007483,0.013592,-0.007636,32.16,64.3182006109795
73752,-8.222935,-3.734,4.338188,-0.007025,0.013897,-0.00672,32.18,64.3420018630591
73762,-8.222337,-3.731607,4.336991,-0.006567,0.013286,-0.007178,32.18,64.344374896319
73772,-8.223534,-3.732804,4.332804,-0.006261,0.012523,-0.007178,32.16,64.3698881864212
73782,-8.221141,-3.722634,4.339982,-0.006261,0.011912,-0.006567,32.16,64.3170729054173
73792,-8.221739,-3.738187,4.322634,-0.006109,0.009927,-0.006414,32.16,64.4238232600135
73802,-8.214561,-3.736991,4.337589,-0.005803,0.00901,-0.006109,32.16,64.3292691363355
73812,-8.232506,-3.725027,4.329215,-0.006109,0.007941,-0.006414,32.16,64.4006650911808
73822,-8.216354,-3.729812,4.332206,-0.005651,0.006872,-0.006872,32.16,64.3537239507529
73832,-8.218149,-3.721437,4.329813,-0.005345,0.005345,-0.006109,32.17,64.3615568805795
73842,-8.213365,-3.735795,4.328018,-0.005498,0.004429,-0.006872,32.17,64.3747296489905
73852,-8.233105,-3.729812,4.331009,-0.00504,0.002443,-0.006109,32.21,64.3976387378584
73862,-8.230114,-3.732205,4.329215,-0.00504,0.000611,-0.006261,32.21,64.4025993457447
73872,-8.223534,-3.739383,4.336392,-0.004276,-0.000611,-0.00672,32.19,64.3581219193503
73882,-8.232506,-3.737589,4.332804,-0.004123,-0.001833,-0.00672,32.19,64.3949729448918
73892,-8.228917,-3.734,4.32742,-0.004276,-0.002902,-0.006567,32.21,64.4109955686923
73902,-8.218149,-3.739383,4.325625,-0.004429,-0.004734,-0.00672,32.21,64.4015329064437
73912,-8.22772,-3.731607,4.333402,-0.004734,-0.005498,-0.006567,32.19,64.3750105726499
73922,-8.217552,-3.731607,4.339384,-0.004581,-0.005803,-0.006567,32.19,64.3212400234203
73932,-8.217552,-3.729812,4.329813,-0.004429,-0.006414,-0.006567,32.12,64.3687752205996
73942,-8.217552,-3.734598,4.336392,-0.004581,-0.006109,-0.007178,32.17,64.3397354240861
73952,-8.223534,-3.722634,4.334598,-0.004276,-0.008094,-0.007025,32.17,64.350241284271
73962,-8.213365,-3.73041,4.333402,-0.004123,-0.00733,-0.006109,32.12,64.3414199622853
73972,-8.216953,-3.735795,4.331009,-0.004429,-0.007789,-0.005803,32.12,64.3673799362981
73982,-8.222935,-3.731607,4.341777,-0.004734,-0.007636,-0.006109,32.14,64.3210531591265
73992,-8.209177,-3.725027,4.345964,-0.004887,-0.00733,-0.006109,32.14,64.261622238661
74002,-8.218149,-3.745365,4.334,-0.005345,-0.00672,-0.005956,32.17,64.3644595741208
74012,-8.212168,-3.726821,4.34058,-0.00504,-0.007178,-0.005956,32.17,64.2980003774739
74022,-8.213962,-3.737589,4.348357,-0.00504,-0.00733,-0.005956,32.13,64.2730214353738
74032,-8.214561,-3.734,4.338786,-0.005651,-0.006567,-0.005192,32.13,64.3200260737616
74042,-8.223534,-3.741179,4.347161,-0.005345,-0.005498,-0.005803,32.2,64.3044798297603
74052,-8.213365,-3.735196,4.334598,-0.005803,-0.005345,-0.006261,32.2,64.3401572097348
74062,-8.202596,-3.722634,4.336991,-0.005651,-0.004581,-0.006109,32.16,64.2905688225305
74072,-8.212168,-3.735196,4.343571,-0.005803,-0.004123,-0.006567,32.16,64.2911756365494
74082,-8.216354,-3.738786,4.336392,-0.006261,-0.00336,-0.006109,32.2,64.3413287818567
74092,-8.223534,-3.729214,4.348955,-0.006414,-0.001222,-0.006414,32.2,64.2829729629916
74102,-8.213365,-3.731009,4.346562,-0.006261,-0.000916,-0.006872,32.19,64.2741601279286
74112,-8.219346,-3.732205,4.345366,-0.006872,0.000764,-0.00672,32.19,64.2950683782649
74122,-8.213365,-3.725625,4.344768,-0.006872,0.001833,-0.007025,32.19,64.2778814742693
74132,-8.210373,-3.728616,4.351946,-0.006872,0.003665,-0.00733,32.17,64.2371800999292
74142,-8.213962,-3.734598,4.348955,-0.006414,0.005192,-0.007789,32.17,64.2668649766233
74152,-8.210971,-3.729812,4.354938,-0.007025,0.005803,-0.007941,32.21,64.2243478488973
74162,-8.219346,-3.729214,4.346562,-0.007178,0.007178,-0.007789,32.21,64.2858382620874
74172,-8.219346,-3.736991,4.342973,-0.008094,0.00901,-0.008094,32.18,64.3123094355318
74182,-8.212168,-3.725027,4.350152,-0.007483,0.010079,-0.008705,32.18,64.2468023494009
74192,-8.208578,-3.734598,4.339982,-0.007636,0.011759,-0.00901,32.17,64.3009580950531
74202,-8.208578,-3.735795,4.347161,-0.007941,0.012065,-0.008399,32.17,64.2651678732769
74212,-8.220542,-3.722036,4.341777,-0.007636,0.012065,-0.008094,32.19,64.3058526954397
74222,-8.209177,-3.734598,4.342375,-0.007789,0.013439,-0.00901,32.19,64.2899687626434
74232,-8.210373,-3.732205,4.338786,-0.00733,0.013134,-0.007941,32.2,64.3087248928909
74242,-8.214561,-3.739383,4.333402,-0.007483,0.013286,-0.008858,32.2,64.3533212769588
74252,-8.213962,-3.74058,4.338188,-0.008247,0.014203,-0.008552,32.16,64.3285140506495
74262,-8.209774,-3.734598,4.346562,-0.007941,0.014355,-0.009774,32.16,64.2697289743128
74272,-8.222935,-3.73041,4.336991,-0.007483,0.014813,-0.00901,32.17,64.3444986210875
74282,-8.225926,-3.738187,4.34058,-0.007636,0.014813,-0.008552,32.18,64.3407033985336
74292,-8.229516,-3.741776,4.337589,-0.007789,0.014661,-0.008552,32.18,64.3678704560048
74302,-8.228318,-3.735196,4.325625,-0.006567,0.013897,-0.008094,32.2,64.4201279955408
74312,-8.222337,-3.739383,4.329813,-0.007483,0.013592,-0.008399,32.2,64.389350234192
74322,-8.22772,-3.729812,4.339982,-0.007941,0.012828,-0.007483,32.18,64.3392602060019
74332,-8.228318,-3.727419,4.324429,-0.007636,0.011454,-0.007941,32.18,64.4183659264089
74342,-8.218149,-3.729214,4.326822,-0.007789,0.010385,-0.008399,32.18,64.3849474680881
74352,-8.219346,-3.742973,4.336392,-0.007483,0.009774,-0.008552,32.18,64.3523679824282
74362,-8.231908,-3.736991,4.323831,-0.007483,0.008858,-0.007636,32.16,64.4392811438211
74372,-8.220542,-3.735196,4.33041,-0.007178,0.007483,-0.00733,32.16,64.3779435013885
74382,-8.225328,-3.742973,4.326822,-0.00733,0.005956,-0.007483,32.19,64.41517810063
74392,-8.222935,-3.742374,4.322634,-0.008094,0.004887,-0.006872,32.19,64.4307936904401
74402,-8.223534,-3.728018,4.323831,-0.006872,0.004276,-0.006109,32.17,64.411295409353
74412,-8.218747,-3.744169,4.326822,-0.006261,0.003207,-0.006109,32.17,64.4016043238694
74422,-8.225328,-3.741776,4.322036,-0.007178,0.00168,-0.006261,32.16,64.4386450267814
74432,-8.218747,-3.729812,4.33041,-0.00672,0.000916,-0.006414,32.16,64.3683886840532
74442,-8.220542,-3.734598,4.333402,-0.005803,-0.002902,-0.006414,32.15,64.3618977410797
74452,-8.212766,-3.721437,4.331009,-0.005803,-0.003971,-0.00672,32.16,64.3432279794654
74462,-8.218747,-3.737589,4.324429,-0.005651,-0.004887,-0.006414,32.16,64.4072152770648
74472,-8.207382,-3.724428,4.326822,-0.005345,-0.006567,-0.006567,32.18,64.3557553270457
74482,-8.209177,-3.725625,4.33041,-0.005345,-0.006414,-0.006414,32.18,64.3425038467998
74492,-8.228917,-3.731607,4.319045,-0.004734,-0.006872,-0.006414,32.15,64.4517678985383
74502,-8.216953,-3.735196,4.32742,-0.005345,-0.008094,-0.006872,32.15,64.3852876373547
74512,-8.219944,-3.738187,4.331607,-0.005192,-0.008094,-0.007025,32.16,64.3734842662294
74522,-8.222337,-3.731607,4.335794,-0.005192,-0.007789,-0.007025,32.16,64.3505468579989
74532,-8.216953,-3.728616,4.346562,-0.004734,-0.008094,-0.006261,32.19,64.279816115627
74542,-8.216354,-3.739982,4.335794,-0.004734,-0.007789,-0.007025,32.19,64.3456399678013
74552,-8.219346,-3.731607,4.334,-0.005498,-0.008247,-0.006414,32.18,64.3530547542229
74562,-8.219944,-3.734,4.344768,-0.004276,-0.008399,-0.006414,32.18,64.3013411838534
74572,-8.216953,-3.73041,4.348955,-0.003818,-0.008399,-0.006109,32.19,64.2693255196052
74582,-8.217552,-3.725625,4.341179,-0.004887,-0.007789,-0.006872,32.19,64.3058539905116
74592,-8.220542,-3.736991,4.343571,-0.004429,-0.007636,-0.00672,32.19,64.3119265801121
74602,-8.220542,-3.727419,4.338786,-0.004429,-0.007483,-0.006567,32.19,64.3267832711265
74612,-8.218149,-3.731607,4.339384,-0.004429,-0.006261,-0.005498,32.14,64.3225876409139
74622,-8.212168,-3.732804,4.339982,-0.005498,-0.006414,-0.007178,32.16,64.3072259369873
74632,-8.204391,-3.736991,4.347161,-0.00504,-0.005956,-0.006414,32.16,64.2569278563962
74642,-8.216953,-3.74058,4.349553,-0.005498,-0.00504,-0.007025,32.17,64.2766924970188
74652,-8.210373,-3.731009,4.346562,-0.005651,-0.003818,-0.00672,32.17,64.2673929988937
74662,-8.216953,-3.723232,4.341179,-0.005192,-0.002902,-0.00672,32.16,64.3020489523101
74672,-8.21157,-3.729812,4.351348,-0.006261,-0.002138,-0.006567,32.16,64.244201932879
74682,-8.218747,-3.729812,4.347161,-0.005651,-0.000916,-0.006261,32.18,64.2820112144419
74692,-8.213365,-3.736991,4.334,-0.00672,-0.000153,-0.007025,32.18,64.3450844760742
74702,-8.202596,-3.736392,4.347161,-0.006567,0.00168,-0.00672,32.16,64.2522481277527
74712,-8.210373,-3.732205,4.341179,-0.006567,0.00336,-0.006872,32.16,64.296380867053
74722,-8.203793,-3.729214,4.347161,-0.006414,0.003207,-0.00672,32.15,64.2475627195
74732,-8.213962,-3.727419,4.356732,-0.00672,0.004581,-0.007483,32.15,64.2194208336331
74742,-8.215158,-3.72383,4.348955,-0.00672,0.006414,-0.006872,32.15,64.2585122417908
74752,-8.215756,-3.726821,4.351946,-0.007025,0.007636,-0.00672,32.15,64.247522682358
74762,-8.194221,-3.731009,4.336991,-0.006872,0.009163,-0.00672,32.16,64.2802264899227
74772,-8.218747,-3.731009,4.345366,-0.00733,0.01069,-0.006109,32.16,64.2924887313898
74782,-8.215756,-3.725027,4.347161,-0.007483,0.011912,-0.00901,32.13,64.2703401426642
74792,-8.210373,-3.731607,4.348357,-0.007636,0.014508,-0.008399,32.2,64.2587543115758
74802,-8.203195,-3.729214,4.345366,-0.008247,0.015119,-0.008094,32.2,64.2554674079138
74812,-8.216354,-3.732804,4.346562,-0.007789,0.015119,-0.007789,32.15,64.2827601919731
74822,-8.213365,-3.736991,4.332804,-0.007636,0.015577,-0.008094,32.15,64.3512554149539
74832,-8.222337,-3.735795,4.337589,-0.008094,0.015272,-0.008094,32.17,64.3455796152139
74842,-8.221141,-3.738187,4.339982,-0.007941,0.015577,-0.007636,32.17,64.3329996138712
74852,-8.225328,-3.739383,4.331607,-0.008094,0.015424,-0.008552,32.18,64.3868295410179
74862,-8.212168,-3.732804,4.338786,-0.007941,0.014661,-0.007941,32.18,64.3133948872933
74872,-8.213365,-3.735196,4.332804,-0.007941,0.01405,-0.008552,32.2,64.3494138552869
74882,-8.20798,-3.728018,4.334,-0.007636,0.013744,-0.007025,32.2,64.323718050449
74892,-8.217552,-3.737589,4.335197,-0.008552,0.012523,-0.008705,32.16,64.3489649635735
74902,-8.221739,-3.73041,4.337589,-0.007941,0.01237,-0.007483,32.16,64.33871776067
74912,-8.224131,-3.73041,4.329215,-0.007941,0.011454,-0.007483,32.2,64.3872984158365
74922,-8.227122,-3.733402,4.328018,-0.008247,0.010385,-0.007636,32.2,64.4032625130521
74932,-8.212168,-3.734,4.331009,-0.008094,0.009316,-0.007789,32.17,64.354750730366
74942,-8.221141,-3.724428,4.326224,-0.00733,0.008094,-0.007941,32.17,64.3898871283408
74952,-8.212168,-3.736991,4.328018,-0.006872,0.006872,-0.007941,32.16,64.3732580830899
74962,-8.221739,-3.732804,4.329215,-0.00672,0.00504,-0.007941,32.16,64.3843577458843
74972,-8.219346,-3.724428,4.33041,-0.006414,0.003665,-0.00733,32.16,64.3642334264081
74982,-8.219944,-3.738786,4.326822,-0.00672,0.001985,-0.007636,32.21,64.3987841726106
74992,-8.225926,-3.729214,4.334,-0.006872,0,-0.007483,32.21,64.3654409207847
75002,-8.229516,-3.728018,4.332804,-0.006567,-0.001833,-0.006872,32.16,64.3784748797715
75012,-8.221739,-3.736392,4.325027,-0.005803,-0.003207,-0.006872,32.16,64.4096372287802
75022,-8.215158,-3.735196,4.335197,-0.005498,-0.003512,-0.006872,32.14,64.3411120787318
75032,-8.219944,-3.735196,4.328616,-0.005803,-0.003818,-0.007025,32.14,64.3858525694732
75042,-8.22772,-3.735196,4.332804,-0.005498,-0.004887,-0.006261,32.17,64.3817604745336
75052,-8.213962,-3.735795,4.334598,-0.005956,-0.006414,-0.00733,32.17,64.3421186686375
75062,-8.219944,-3.739383,4.325625,-0.005651,-0.007636,-0.00672,32.18,64.4055722723203
75072,-8.222935,-3.724428,4.331009,-0.00504,-0.008247,-0.006414,32.18,64.3692370276585
75082,-8.217552,-3.728018,4.328616,-0.005345,-0.008705,-0.00672,32.2,64.3731177588502
75092,-8.215756,-3.747759,4.331009,-0.005956,-0.00901,-0.006872,32.2,64.376955594882
75102,-8.22772,-3.743571,4.332804,-0.005803,-0.008399,-0.005498,32.16,64.3903242687095
75112,-8.20798,-3.731009,4.34417,-0.004887,-0.008399,-0.006567,32.16,64.2743139578666
75122,-8.225926,-3.733402,4.338188,-0.005192,-0.00733,-0.007789,32.21,64.3481323070018
75132,-8.212766,-3.733402,4.336991,-0.006109,-0.006414,-0.007636,32.21,64.3246186337932
75142,-8.215756,-3.737589,4.347759,-0.005956,-0.005803,-0.006567,32.18,64.2801561387292
75152,-8.207382,-3.729812,4.335794,-0.005803,-0.005345,-0.007025,32.18,64.3149478848608
75162,-8.218149,-3.734598,4.342375,-0.005956,-0.004734,-0.006261,32.18,64.3102349586053
75172,-8.222935,-3.732804,4.338188,-0.006567,-0.002902,-0.00733,32.18,64.3407774809736
75182,-8.213365,-3.735795,4.342375,-0.006261,-0.002291,-0.007178,32.18,64.300661545104
75192,-8.210971,-3.734,4.34417,-0.006109,-0.00168,-0.007178,32.18,64.2841527482504
75202,-8.217552,-3.732804,4.338786,-0.006567,-0.000764,-0.005956,32.18,64.3255506801229
75212,-8.210373,-3.721437,4.34417,-0.006414,0.000764,-0.007025,32.12,64.2698967164907
75222,-8.213962,-3.73041,4.34417,-0.006567,0.001374,-0.006261,32.12,64.2872258315867
75232,-8.212766,-3.731607,4.344768,-0.007025,0.002596,-0.00672,32.14,64.2826683264172
75242,-8.216354,-3.734,4.344768,-0.00672,0.00336,-0.006414,32.14,64.2932338254727
75252,-8.215158,-3.723232,4.354339,-0.007483,0.004123,-0.00733,32.18,64.230155289568
75262,-8.210971,-3.723232,4.34058,-0.006872,0.004887,-0.006872,32.18,64.2916113859872
75272,-8.217552,-3.733402,4.342973,-0.007025,0.006567,-0.005192,32.21,64.3045777725041
75282,-8.221739,-3.739383,4.338786,-0.007025,0.006872,-0.006109,32.21,64.34173797454
75292,-8.222935,-3.731607,4.341179,-0.006567,0.006567,-0.006567,32.16,64.3241350902118
75302,-8.218149,-3.741179,4.339384,-0.006109,0.007941,-0.006109,32.16,64.3324052304888
75312,-8.219346,-3.73041,4.341179,-0.006567,0.009163,-0.007178,32.18,64.314808640128
75322,-8.218747,-3.732205,4.33041,-0.006261,0.009316,-0.00733,32.17,64.3708375731259
75332,-8.219346,-3.73041,4.345366,-0.005956,0.009621,-0.00733,32.17,64.293227705236
75342,-8.212766,-3.738786,4.34058,-0.007178,0.010079,-0.007178,32.18,64.3116374005111
75352,-8.219346,-3.734,4.335794,-0.00672,0.009774,-0.007483,32.18,64.3462526589545
75362,-8.215158,-3.737589,4.334,-0.006414,0.009927,-0.007483,32.2,64.3497415948515
75372,-8.218149,-3.732804,4.339982,-0.00672,0.009621,-0.008552,32.2,64.3207313611892
75382,-8.228318,-3.732205,4.339384,-0.006414,0.009163,-0.007636,32.21,64.3461359032259
75392,-8.207382,-3.732205,4.328616,-0.006109,0.009163,-0.007483,32.21,64.3544649254584
75402,-8.206783,-3.732205,4.336392,-0.006261,0.008399,-0.008705,32.19,64.3129661923149
75412,-8.213365,-3.733402,4.336991,-0.007025,0.008399,-0.007941,32.19,64.3259709338589
75422,-8.228917,-3.724428,4.331607,-0.00672,0.009163,-0.007941,32.16,64.3796359104413
75432,-8.209774,-3.726223,4.334,-0.006567,0.008094,-0.007636,32.16,64.3259302968233
75442,-8.225328,-3.736392,4.332206,-0.00733,0.007025,-0.008705,32.2,64.3806816328838
75452,-8.216354,-3.738786,4.337589,-0.006567,0.007483,-0.008094,32.2,64.335156080898
75462,-8.221739,-3.728018,4.338786,-0.00733,0.006261,-0.008552,32.17,64.330098078895
75472,-8.219346,-3.726223,4.326224,-0.006567,0.006261,-0.008247,32.17,64.3876748087037
75482,-8.218747,-3.726223,4.329813,-0.007025,0.005192,-0.008552,32.16,64.3677985775248
75492,-8.219944,-3.738786,4.329813,-0.007025,0.004887,-0.007941,32.2,64.3833520874559
75502,-8.222935,-3.737589,4.333402,-0.006872,0.004123,-0.008094,32.2,64.3703509817835
75512,-8.222337,-3.73041,4.332804,-0.007789,0.004123,-0.00733,32.2,64.3647424459766
75522,-8.214561,-3.72383,4.329813,-0.007636,0.003665,-0.007483,32.2,64.3559055322155
75532,-8.216354,-3.735196,4.328616,-0.007789,0.003054,-0.007636,32.14,64.3777652240428
75542,-8.210971,-3.735795,4.34058,-0.007636,0.002902,-0.005956,32.14,64.3045103465645
75552,-8.22473,-3.732205,4.335197,-0.007025,0.002749,-0.006567,32.14,64.3596309543359
75562,-8.221141,-3.729812,4.332804,-0.006567,0.002443,-0.006261,32.14,64.3614346599901
75572,-8.223534,-3.722036,4.335794,-0.006872,0.002291,-0.006261,32.19,64.3434618443405
75582,-8.216953,-3.744768,4.329813,-0.006872,0.001985,-0.005803,32.19,64.3827499780874
75592,-8.208578,-3.724428,4.338188,-0.006261,0.000611,-0.006261,32.16,64.2997683802431
75602,-8.214561,-3.725625,4.335197,-0.006414,0.000305,-0.006567,32.16,64.3299539722503
75612,-8.215756,-3.722036,4.329215,-0.005803,-0.000611,-0.006414,32.18,64.3598552277762
75622,-8.212168,-3.746562,4.337589,-0.005345,-0.000611,-0.006109,32.18,64.3337061649322
75632,-8.219944,-3.725625,4.34058,-0.00504,-0.001222,-0.005956,32.17,64.3143464269142
75642,-8.213365,-3.733402,4.339982,-0.005345,-0.00168,-0.005651,32.17,64.3105436286253
75652,-8.214561,-3.726223,4.323831,-0.005956,-0.003971,-0.006109,32.14,64.3892445458878
75662,-8.223534,-3.73041,4.331009,-0.005651,-0.004276,-0.005498,32.16,64.376698885757
75672,-8.215158,-3.729812,4.334598,-0.005651,-0.004734,-0.005803,32.16,64.3386825794361
75682,-8.203195,-3.737589,4.335794,-0.005651,-0.005498,-0.006261,32.17,64.3134832187319
75692,-8.210971,-3.728616,4.329215,-0.005956,-0.00504,-0.005345,32.17,64.3557911718911
75702,-8.215756,-3.731009,4.347759,-0.005498,-0.004734,-0.005803,32.16,64.2733969963987
75712,-8.213962,-3.737589,4.342973,-0.006567,-0.004276,-0.00733,32.16,64.3007699877823
75722,-8.230114,-3.73041,4.34058,-0.006567,-0.003818,-0.006414,32.19,64.3421872244633
75732,-8.215756,-3.736392,4.331009,-0.00672,-0.003207,-0.006872,32.19,64.3652939112631
75742,-8.227122,-3.742973,4.353741,-0.006109,-0.00168,-0.006414,32.2,64.2805441009181
75752,-8.219944,-3.737589,4.345964,-0.007178,-0.001222,-0.00733,32.2,64.2988611492334
75762,-8.223534,-3.735196,4.338188,-0.006872,0.000153,-0.008399,32.2,64.3445767370988
75772,-8.208578,-3.732804,4.339982,-0.006414,0.001374,-0.00733,32.2,64.299113970089
75782,-8.221739,-3.738187,4.338188,-0.00733,0.002596,-0.00733,32.18,64.3435945070547
75792,-8.22473,-3.731009,4.338188,-0.007178,0.003665,-0.007789,32.18,64.3429882986713
75802,-8.213365,-3.734,4.345964,-0.006567,0.00504,-0.008247,32.19,64.2803154622016
75812,-8.215756,-3.743571,4.32742,-0.006414,0.005192,-0.007636,32.19,64.3911751467559
75822,-8.19781,-3.739982,4.338786,-0.006872,0.008552,-0.007636,32.18,64.2883334091279
75832,-8.214561,-3.729214,4.34058,-0.006261,0.00901,-0.007941,32.17,64.3058637610793
75842,-8.205587,-3.732205,4.334,-0.005803,0.009774,-0.008399,32.17,64.3226110004383
75852,-8.219944,-3.723232,4.332206,-0.005956,0.010232,-0.008247,32.2,64.3550919166819
75862,-8.219346,-3.731607,4.338786,-0.006414,0.010996,-0.00733,32.2,64.3283725671699
75872,-8.222935,-3.728616,4.336392,-0.006109,0.010996,-0.006567,32.17,64.345752047231
75882,-8.22772,-3.729214,4.341777,-0.006567,0.011148,-0.006414,32.17,64.329399713404
75892,-8.213962,-3.72383,4.336392,-0.006872,0.010843,-0.008247,32.18,64.3205955797035
75902,-8.210971,-3.731009,4.331607,-0.007483,0.009927,-0.008094,32.18,64.3458951993586
75912,-8.215158,-3.727419,4.33041,-0.007178,0.010385,-0.00733,32.22,64.3578445153378
75922,-8.225328,-3.738187,4.334,-0.006261,0.009774,-0.006414,32.22,64.3732681857975
75932,-8.221739,-3.732804,4.336991,-0.005956,0.009163,-0.007178,32.21,64.344251660806
75942,-8.225926,-3.732804,4.32742,-0.007178,0.008858,-0.006872,32.21,64.4030452409912
75952,-8.229516,-3.732804,4.32742,-0.006872,0.007789,-0.005956,32.16,64.4111224341637
75962,-8.22772,-3.734,4.325027,-0.00672,0.00672,-0.006261,32.16,64.42064760054
75972,-8.236693,-3.729812,4.328616,-0.006414,0.006109,-0.00733,32.18,64.4180454541692
75982,-8.213365,-3.732804,4.322036,-0.006414,0.005345,-0.007789,32.18,64.4025550798873
75992,-8.219346,-3.725027,4.319045,-0.006567,0.004276,-0.006414,32.18,64.4235270974013
76002,-8.226524,-3.735196,4.329813,-0.007178,0.003512,-0.007025,32.2,64.3944913061276
76012,-8.221739,-3.723232,4.325027,-0.006872,0.002291,-0.006567,32.2,64.3961934075215
76022,-8.222935,-3.74058,4.325625,-0.007178,0.001833,-0.006414,32.15,64.4135251134658
76032,-8.219346,-3.725027,4.326224,-0.006261,0.001222,-0.006567,32.15,64.3864527849088
76042,-8.219944,-3.729214,4.320241,-0.007483,0.000611,-0.00672,32.14,64.4229705616069
76052,-8.222935,-3.739982,4.333402,-0.00672,0.000458,-0.007178,32.14,64.372801022625
76062,-8.215158,-3.729812,4.329813,-0.00672,-0.000458,-0.006872,32.17,64.363376339361
76072,-8.219944,-3.725625,4.328616,-0.007025,-0.000764,-0.006567,32.17,64.3760645487572
76082,-8.216354,-3.731607,4.32742,-0.006872,-0.001222,-0.006567,32.18,64.380263328938
76092,-8.216354,-3.729214,4.326224,-0.006567,-0.001374,-0.007483,32.18,64.3839888251735
76102,-8.22473,-3.741179,4.332804,-0.006567,-0.00168,-0.006414,32.2,64.3811501181806
76112,-8.231908,-3.729214,4.32742,-0.006261,-0.001985,-0.006567,32.2,64.4128424449141
76122,-8.222935,-3.735795,4.335197,-0.006414,-0.002291,-0.006872,32.17,64.35925920572
76132,-8.22473,-3.738187,4.336392,-0.006567,-0.002443,-0.007483,32.17,64.3595911067717
76142,-8.229516,-3.718446,4.332804,-0.00672,-0.001527,-0.007636,32.16,64.3687151080738
76152,-8.219944,-3.719643,4.333402,-0.006261,-0.001985,-0.006872,32.16,64.345252752691
76162,-8.216354,-3.731009,4.346562,-0.006567,-0.002596,-0.00733,32.18,64.2809175814636
76172,-8.221739,-3.735196,4.332206,-0.006261,-0.001985,-0.00733,32.18,64.3713755922534
76182,-8.216354,-3.733402,4.338188,-0.006109,-0.001833,-0.007025,32.18,64.3265438233737
76192,-8.219944,-3.735795,4.342973,-0.005803,-0.001222,-0.007789,32.21,64.3124320500288
76202,-8.206783,-3.732205,4.341179,-0.005651,-0.001222,-0.006872,32.21,64.2882648355851
76212,-8.213962,-3.738786,4.334,-0.005956,-0.001222,-0.006261,32.17,64.3482730554072
76222,-8.225926,-3.727419,4.34417,-0.006261,-0.000916,-0.006567,32.17,64.3111865843924
76232,-8.215158,-3.735196,4.339982,-0.006414,0,-0.006109,32.21,64.3164336253502
76242,-8.214561,-3.719643,4.342973,-0.005803,0.000458,-0.007178,32.21,64.2837102612926
76252,-8.215158,-3.736392,4.339384,-0.005803,0.000305,-0.007789,32.21,64.3207447780413
76262,-8.229516,-3.741179,4.341777,-0.00672,-0.000153,-0.007483,32.21,64.3456873579481
76272,-8.223534,-3.734598,4.338188,-0.006109,0.000153,-0.007025,32.2,64.3439645079943
76282,-8.215158,-3.720241,4.341777,-0.006567,0.000611,-0.007789,32.2,64.2918421478057
76292,-8.215756,-3.726821,4.342375,-0.006109,0.000305,-0.007178,32.18,64.2968537971623
76302,-8.218149,-3.728616,4.335794,-0.005803,0.000611,-0.007178,32.18,64.3380380276978
76312,-8.212766,-3.742374,4.337589,-0.006414,0.001069,-0.007636,32.24,64.3307487314729
76322,-8.219944,-3.729214,4.339982,-0.005956,0.001069,-0.007178,32.24,64.3211045613264
76332,-8.213962,-3.719643,4.341777,-0.006567,0.00168,-0.007025,32.18,64.2885237639808
76342,-8.222935,-3.734598,4.335197,-0.006414,0.003054,-0.007483,32.18,64.3580340037643
76352,-8.217552,-3.732804,4.339384,-0.006567,0.003818,-0.00672,32.19,64.3224671711267
76362,-8.212766,-3.729214,4.341179,-0.006872,0.004887,-0.007636,32.2,64.2987181525212
76372,-8.218747,-3.729214,4.332804,-0.007025,0.005345,-0.007178,32.2,64.3554241791348
76382,-8.212766,-3.732205,4.338188,-0.007025,0.005956,-0.007483,32.16,64.3172153035463
76392,-8.210971,-3.72383,4.331607,-0.007178,0.006261,-0.008094,32.16,64.3385360133802
76402,-8.216354,-3.719643,4.335794,-0.006872,0.00672,-0.007483,32.17,64.3248002700119
76412,-8.221141,-3.74058,4.336392,-0.00672,0.007025,-0.007789,32.17,64.3539578580823
76422,-8.218747,-3.72383,4.338188,-0.007025,0.008094,-0.008399,32.17,64.3221406359112
76432,-8.223534,-3.729812,4.334,-0.007483,0.008552,-0.007941,32.17,64.3606607432292
76442,-8.224131,-3.726223,4.338188,-0.007789,0.009163,-0.007941,32.22,64.336743016511
76452,-8.21157,-3.728616,4.343571,-0.007483,0.008858,-0.008247,32.22,64.2830641921087
76462,-8.212168,-3.728616,4.335794,-0.007025,0.009316,-0.007483,32.12,64.324533943254
76472,-8.216953,-3.731009,4.334,-0.007178,0.008858,-0.008247,32.12,64.3470448156669
76482,-8.210373,-3.741776,4.331009,-0.007178,0.007941,-0.00901,32.17,64.3586851500435
76492,-8.213962,-3.724428,4.333402,-0.00672,0.008705,-0.008552,32.17,64.3366385501388
76502,-8.216354,-3.742374,4.324429,-0.00672,0.007941,-0.007941,32.17,64.4067309171381
76512,-8.230114,-3.736991,4.336991,-0.006567,0.007941,-0.007941,32.17,64.3674040575371
76522,-8.218149,-3.735795,4.334,-0.006261,0.00672,-0.007178,32.15,64.3546456075349
76532,-8.228318,-3.735196,4.323831,-0.006567,0.005345,-0.007483,32.18,64.4293830740355
76542,-8.213365,-3.735196,4.323233,-0.006567,0.005803,-0.006109,32.18,64.3988223823693
76552,-8.20798,-3.736392,4.332804,-0.005803,0.004123,-0.006567,32.18,64.3384912193102
76562,-8.217552,-3.739982,4.326224,-0.006567,0.003512,-0.007178,32.18,64.3977112208346
76572,-8.216354,-3.732804,4.325027,-0.005956,0.002138,-0.007025,32.2,64.3938426036003
76582,-8.210971,-3.735196,4.334598,-0.006414,0.001527,-0.006872,32.2,64.3347548612871
76592,-8.22473,-3.73041,4.321437,-0.00733,0.001222,-0.00672,32.2,64.4287860049484
76602,-8.210373,-3.727419,4.335794,-0.006414,-0.000153,-0.007025,32.2,64.3192507926763
76612,-8.219346,-3.724428,4.332206,-0.006414,-0.000153,-0.006261,32.16,64.3549651823878
76622,-8.221141,-3.732804,4.331009,-0.006567,-0.001069,-0.005651,32.16,64.3737551259597
76632,-8.219944,-3.738187,4.329215,-0.006261,-0.00168,-0.006109,32.14,64.3858237884054
76642,-8.219944,-3.728018,4.332804,-0.005803,-0.002138,-0.006414,32.14,64.3569002886458
76652,-8.224131,-3.723232,4.32742,-0.005956,-0.002291,-0.005345,32.17,64.38923204859
76662,-8.219346,-3.729214,4.336392,-0.006414,-0.00336,-0.006567,32.17,64.3382671422641
76672,-8.225328,-3.726821,4.33041,-0.006872,-0.00336,-0.005345,32.17,64.3801648654433
76682,-8.207382,-3.734,4.336392,-0.007025,-0.003054,-0.005803,32.17,64.3161643509176
76692,-8.218149,-3.74058,4.336392,-0.007025,-0.00336,-0.006567,32.19,64.3472158945881
76702,-8.215158,-3.733402,4.326822,-0.006109,-0.00336,-0.005651,32.22,64.3824928228014
76712,-8.218747,-3.723232,4.336392,-0.006414,-0.004123,-0.00672,32.22,64.3307927767821
76722,-8.219346,-3.741776,4.329813,-0.006414,-0.002902,-0.006567,32.18,64.385068849755
76732,-8.21157,-3.734598,4.338786,-0.006414,-0.002596,-0.006261,32.18,64.3138865148794
76742,-8.213365,-3.733402,4.339982,-0.006567,-0.002596,-0.005956,32.19,64.3105436286253
76752,-8.212168,-3.736991,4.337589,-0.007025,-0.001833,-0.005956,32.19,64.3238688091423
76762,-8.216953,-3.731607,4.336392,-0.006414,-0.001833,-0.006567,32.18,64.3353183423254
76772,-8.227122,-3.726223,4.339982,-0.006109,-0.000764,-0.006872,32.18,64.3342436473139
76782,-8.222935,-3.741776,4.342973,-0.006567,-0.000305,-0.007483,32.19,64.3253123201342
76792,-8.213962,-3.727419,4.341777,-0.006109,0.000153,-0.006414,32.19,64.2964956929733
76802,-8.219346,-3.731607,4.339384,-0.006872,0.000305,-0.006567,32.22,64.3252893010831
76812,-8.208578,-3.733402,4.334598,-0.006567,0.001069,-0.00672,32.22,64.3275100610776
76822,-8.217552,-3.727419,4.344768,-0.005651,0.001374,-0.006567,32.19,64.2891892730483
76832,-8.210373,-3.735196,4.343571,-0.005803,0.001985,-0.007025,32.19,64.2871192505745
76842,-8.223534,-3.732205,4.345964,-0.005956,0.00336,-0.006872,32.16,64.3014439666074
76852,-8.218149,-3.739383,4.348357,-0.005956,0.004276,-0.007178,32.16,64.2843235950054
76862,-8.218747,-3.737589,4.324429,-0.006872,0.005651,-0.007789,32.2,64.4072152770648
76872,-8.207382,-3.731009,4.338786,-0.006109,0.005345,-0.007483,32.18,64.3007364404965
76882,-8.205587,-3.728616,4.329215,-0.005803,0.006261,-0.007483,32.18,64.3436345697481
76892,-8.215158,-3.729812,4.331009,-0.005651,0.00672,-0.007636,32.17,64.3572032315162
76902,-8.213962,-3.735196,4.346562,-0.006261,0.006872,-0.007636,32.17,64.2798115781745
76912,-8.213962,-3.732205,4.333402,-0.00672,0.00733,-0.007178,32.21,64.3446075485713
76922,-8.216953,-3.738187,4.349553,-0.007178,0.007636,-0.00733,32.21,64.2742326515908
76932,-8.215756,-3.73041,4.335794,-0.007178,0.007789,-0.007941,32.18,64.3344748032654
76942,-8.225328,-3.73041,4.339982,-0.007025,0.008399,-0.007636,32.18,64.3344774408064
76952,-8.222935,-3.739982,4.338786,-0.007025,0.00901,-0.008094,32.18,64.3450470740469
76962,-8.219944,-3.734598,4.341777,-0.007178,0.008247,-0.008399,32.18,64.317368521673
76972,-8.225926,-3.728018,4.343571,-0.006567,0.008552,-0.008247,32.18,64.3148855069473
76982,-8.210971,-3.734,4.329215,-0.006567,0.008399,-0.00733,32.18,64.3613115705509
76992,-8.220542,-3.726223,4.323233,-0.00733,0.007941,-0.007483,32.18,64.4058122198888
77002,-8.219944,-3.729812,4.328018,-0.007025,0.007789,-0.00733,32.18,64.383430963632
77012,-8.213962,-3.729214,4.334598,-0.006872,0.007483,-0.008094,32.16,64.335369858922
77022,-8.225926,-3.732804,4.33041,-0.007178,0.007483,-0.007636,32.16,64.3876222902636
77032,-8.216354,-3.721437,4.333402,-0.007636,0.006872,-0.007941,32.16,64.3389796809852
77042,-8.215756,-3.738187,4.329813,-0.006414,0.006109,-0.00733,32.15,64.3733055441506
77052,-8.215756,-3.738187,4.338188,-0.007025,0.005192,-0.007483,32.15,64.3301037270251
77062,-8.219944,-3.733402,4.325027,-0.007789,0.004276,-0.00733,32.18,64.4025395611384
77072,-8.221141,-3.738786,4.33041,-0.00733,0.00336,-0.00672,32.18,64.3829674825272
77082,-8.215756,-3.735795,4.32742,-0.007178,0.00336,-0.007178,32.21,64.3832044949421
77092,-8.219346,-3.720839,4.334,-0.007178,0.002596,-0.00672,32.21,64.3420391104905
77102,-8.226524,-3.736392,4.324429,-0.007178,0.001222,-0.007178,32.16,64.4234854978019
77112,-8.210971,-3.728616,4.322634,-0.007178,0.000611,-0.006567,32.16,64.3897820845034
77122,-8.22473,-3.739982,4.332206,-0.007483,-0.000153,-0.005803,32.16,64.3830081830494
77132,-8.217552,-3.728018,4.336392,-0.007025,-0.001222,-0.00672,32.16,64.3329935004551
77142,-8.215756,-3.731009,4.334598,-0.007178,-0.00168,-0.006567,32.18,64.3412588375683
77152,-8.219944,-3.728616,4.333402,-0.007789,-0.002749,-0.006414,32.18,64.3544270197663
77162,-8.225926,-3.739982,4.339384,-0.00733,-0.003512,-0.006109,32.14,64.3487037359787
77172,-8.226524,-3.739383,4.329813,-0.007636,-0.004429,-0.006109,32.14,64.3987708757541
77182,-8.218747,-3.735795,4.334,-0.00672,-0.004887,-0.007025,32.17,64.3559936408892
77192,-8.222935,-3.737589,4.335197,-0.006872,-0.004887,-0.006872,32.17,64.3610958782016
77202,-8.219346,-3.74058,4.333402,-0.00733,-0.004581,-0.006261,32.2,64.3653314264849
77212,-8.220542,-3.726223,4.329813,-0.005956,-0.004276,-0.005651,32.18,64.3718464491305
77222,-8.222337,-3.732205,4.338786,-0.006872,-0.004581,-0.007025,32.18,64.3357329341255
77232,-8.218747,-3.729812,4.338188,-0.006872,-0.003818,-0.007025,32.18,64.3282654212237
77242,-8.218149,-3.734,4.339982,-0.005803,-0.00336,-0.005956,32.18,64.3219576120363
77252,-8.212168,-3.744768,4.335197,-0.007178,-0.003512,-0.005651,32.17,64.3441980491519
77262,-8.213365,-3.741179,4.339982,-0.006109,-0.002443,-0.006261,32.17,64.3185320138465
77272,-8.216354,-3.725027,4.341777,-0.006414,-0.001527,-0.006109,32.19,64.2994501569188
77282,-8.216953,-3.742374,4.348357,-0.00672,-0.001069,-0.007025,32.19,64.2846974736417
77292,-8.215756,-3.728616,4.334598,-0.007178,0.000153,-0.006261,32.17,64.3388069588891
77302,-8.20798,-3.73041,4.342375,-0.007789,0.000764,-0.007178,32.17,64.2829565642093
77312,-8.209177,-3.719643,4.337589,-0.006872,0.002291,-0.007941,32.19,64.299306797223
77322,-8.203793,-3.728616,4.334,-0.007025,0.003665,-0.007636,32.19,64.3148681879909
77332,-8.218149,-3.735196,4.336392,-0.00672,0.004581,-0.006567,32.19,64.3416949202204
77342,-8.214561,-3.732804,4.343571,-0.005956,0.005498,-0.006567,32.19,64.2941254638351
77352,-8.221141,-3.732205,4.342375,-0.006261,0.006261,-0.007789,32.18,64.3145351622246
77362,-8.215756,-3.734,4.333402,-0.007025,0.007178,-0.007483,32.18,64.3504948672209
77372,-8.213365,-3.734598,4.338188,-0.006567,0.007941,-0.00733,32.17,64.3210240338834
77382,-8.219346,-3.725625,4.335197,-0.00733,0.008705,-0.008094,32.17,64.3407578678917
77392,-8.216354,-3.725027,4.338786,-0.007178,0.009621,-0.00733,32.17,64.3148758543475
77402,-8.212766,-3.735196,4.339982,-0.007483,0.009163,-0.007636,32.18,64.3110329895677
77412,-8.22473,-3.741179,4.336392,-0.008705,0.009163,-0.007789,32.18,64.3626546974053
77422,-8.209177,-3.727419,4.331009,-0.00733,0.009621,-0.00733,32.18,64.3412501722953
77432,-8.226524,-3.73041,4.332804,-0.00733,0.009468,-0.006414,32.18,64.3741773331631
77442,-8.214561,-3.727419,4.334,-0.007483,0.008705,-0.00672,32.14,64.3379686458651
77452,-8.216354,-3.74058,4.335197,-0.007789,0.008247,-0.006567,32.14,64.3493324907618
77462,-8.221739,-3.734,4.332206,-0.007636,0.007483,-0.00672,32.2,64.3701516629365
77472,-8.216354,-3.731009,4.331607,-0.007636,0.007483,-0.006261,32.2,64.3580408696039
77482,-8.216953,-3.728018,4.326822,-0.007636,0.006261,-0.007025,32.18,64.3810282703345
77492,-8.208578,-3.733402,4.333402,-0.007789,0.005956,-0.006109,32.18,64.3336831792051
77502,-8.219944,-3.728616,4.331607,-0.006109,0.004887,-0.006414,32.17,64.3636876855717
77512,-8.214561,-3.736991,4.337589,-0.00733,0.003971,-0.007178,32.17,64.3292691363355
77522,-8.218149,-3.72383,4.328018,-0.007178,0.003665,-0.007178,32.16,64.3732687682895
77532,-8.223534,-3.73041,4.335794,-0.007025,0.002596,-0.00733,32.16,64.3520211477234
77542,-8.225926,-3.72383,4.328616,-0.006872,0.002596,-0.006872,32.2,64.3877154688077
77552,-8.216354,-3.731009,4.333402,-0.006567,0.001985,-0.006109,32.2,64.3487787404362
77562,-8.212766,-3.735196,4.328616,-0.006261,0.000153,-0.007178,32.18,64.369678230091
77572,-8.226524,-3.726821,4.336991,-0.006872,0,-0.006261,32.16,64.3489230803646
77582,-8.22772,-3.735196,4.334,-0.006414,-0.000458,-0.00672,32.16,64.3755948032691
77592,-8.216953,-3.736392,4.33041,-0.006109,-0.001069,-0.007178,32.19,64.3710823834002
77602,-8.229516,-3.735196,4.331607,-0.006567,-0.000764,-0.006872,32.19,64.3919735532401
77612,-8.221739,-3.726821,4.33041,-0.00733,-0.000764,-0.006414,32.18,64.3720757700685
77622,-8.217552,-3.731607,4.332804,-0.007178,-0.001374,-0.00672,32.18,64.3551788785544
77632,-8.217552,-3.736392,4.334,-0.006414,-0.001374,-0.006567,32.2,64.3539116255927
77642,-8.21157,-3.728616,4.339982,-0.006567,-0.001985,-0.007178,32.2,64.3015752789404
77652,-8.218747,-3.732804,4.342375,-0.006414,-0.001527,-0.006109,32.2,64.3097450139129
77662,-8.217552,-3.725625,4.329813,-0.00672,-0.00168,-0.005651,32.2,64.364491530408
77672,-8.214561,-3.728018,4.34058,-0.006567,-0.00168,-0.005956,32.12,64.3046371069876
77682,-8.224131,-3.73041,4.335197,-0.00733,-0.001069,-0.006872,32.12,64.3564453517047
77692,-8.210373,-3.736392,4.338786,-0.00672,-0.001374,-0.007025,32.19,64.313026472154
77702,-8.214561,-3.732804,4.339982,-0.006872,-0.001374,-0.006261,32.19,64.3126308482489
77712,-8.217552,-3.735196,4.328616,-0.00733,-0.000764,-0.006414,32.15,64.3804644716022
77722,-8.212168,-3.73041,4.338188,-0.00733,-0.000916,-0.007025,32.15,64.3140224450765
77732,-8.215756,-3.732804,4.339982,-0.007025,-0.000153,-0.005803,32.17,64.3153292233442
77742,-8.217552,-3.741776,4.339982,-0.008247,-0.000153,-0.00672,32.2,64.3285894794571
77752,-8.217552,-3.738187,4.343571,-0.007636,0.000611,-0.007483,32.2,64.3064065023102
77762,-8.219346,-3.731009,4.332206,-0.007789,0.000153,-0.006872,32.21,64.3616972834321
77772,-8.205587,-3.73041,4.332804,-0.00733,0.000458,-0.006109,32.21,64.3269417571343
77782,-8.216354,-3.738786,4.34058,-0.00733,0.000611,-0.006567,32.18,64.3197348571393
77792,-8.221141,-3.735196,4.342375,-0.007483,0.000611,-0.007025,32.18,64.3176005769324
77802,-8.209177,-3.735196,4.333402,-0.007941,0.001374,-0.00733,32.18,64.3368778391191
77812,-8.212168,-3.738187,4.342973,-0.007941,0.001833,-0.007178,32.18,64.2973331842956
77822,-8.222337,-3.731009,4.346562,-0.00733,0.00168,-0.007025,32.16,64.2944351188231
77832,-8.224131,-3.731607,4.34417,-0.00733,0.002138,-0.007483,32.16,64.3114212894185
77842,-8.222935,-3.725625,4.339982,-0.007483,0.002291,-0.007025,32.2,64.3241833804292
77852,-8.212766,-3.739383,4.336392,-0.007789,0.002596,-0.00672,32.2,64.3338493751238
77862,-8.228318,-3.727419,4.342375,-0.00733,0.003054,-0.006567,32.21,64.32583283382
77872,-8.220542,-3.735196,4.342375,-0.007483,0.003818,-0.006872,32.21,64.3162490247983
77882,-8.222935,-3.731009,4.338786,-0.008247,0.004276,-0.007941,32.17,64.3358575091068
77892,-8.217552,-3.736991,4.335197,-0.007941,0.00504,-0.007789,32.17,64.3483518125185
77902,-8.223534,-3.736991,4.337589,-0.007483,0.004887,-0.006872,32.18,64.3495022233745
77912,-8.213962,-3.732804,4.347161,-0.00672,0.006261,-0.006109,32.17,64.2742665349626
77922,-8.227122,-3.727419,4.338188,-0.00733,0.006109,-0.007025,32.17,64.344712171371
77932,-8.214561,-3.727419,4.335794,-0.007636,0.006567,-0.007178,32.19,64.3287115940555
77942,-8.22473,-3.731009,4.334,-0.007483,0.007636,-0.00672,32.19,64.3645800986058
77952,-8.226524,-3.735196,4.32742,-0.007025,0.008094,-0.007483,32.2,64.4068338302648
77962,-8.210373,-3.729812,4.341179,-0.007941,0.008247,-0.007789,32.2,64.2939227285483
77972,-8.22772,-3.738187,4.338786,-0.007789,0.008705,-0.007178,32.18,64.3539880303582
77982,-8.213962,-3.729214,4.334,-0.00733,0.009163,-0.00672,32.18,64.3384556605847
77992,-8.221739,-3.729812,4.334598,-0.007483,0.008858,-0.007636,32.17,64.3535296685404
78002,-8.223534,-3.722036,4.341179,-0.00733,0.009316,-0.00733,32.17,64.3156952806989
78012,-8.23131,-3.72383,4.338188,-0.00733,0.009621,-0.007483,32.17,64.3504917512145
78022,-8.225926,-3.729812,4.328616,-0.007483,0.009316,-0.007025,32.17,64.3938201781249
78032,-8.228917,-3.72383,4.32742,-0.007178,0.009774,-0.00672,32.2,64.4006237478888
78042,-8.221141,-3.74058,4.328616,-0.007483,0.008399,-0.007025,32.2,64.3940585898479
78052,-8.221739,-3.736991,4.332206,-0.007941,0.007178,-0.00733,32.17,64.3732129146444
78062,-8.220542,-3.734,4.338188,-0.007483,0.007483,-0.006261,32.17,64.3366055925362
78072,-8.220542,-3.738187,4.335794,-0.007941,0.005498,-0.007483,32.2,64.3532387280926
78082,-8.229516,-3.737589,4.32742,-0.006872,0.004123,-0.007483,32.18,64.4160061528289
78092,-8.231908,-3.729214,4.334598,-0.006261,0.003512,-0.006109,32.18,64.3758339124127
78102,-8.219346,-3.729812,4.322036,-0.007025,0.00168,-0.006872,32.17,64.4129654152446
78112,-8.216953,-3.734,4.329215,-0.00672,0.00168,-0.005956,32.17,64.3747986665558
78122,-8.22473,-3.743571,4.325027,-0.006414,0,-0.006109,32.16,64.4237048336985
78132,-8.215158,-3.735196,4.342375,-0.005956,-0.001222,-0.005956,32.16,64.3040956531462
78142,-8.233105,-3.736392,4.322634,-0.006567,-0.002596,-0.006872,32.14,64.4475330253843
78152,-8.223534,-3.73041,4.329215,-0.006261,-0.002902,-0.006567,32.14,64.3859537326348
78162,-8.223534,-3.729214,4.322036,-0.005498,-0.003818,-0.005498,32.17,64.4217822576188
78172,-8.221739,-3.734,4.336392,-0.005651,-0.004581,-0.005803,32.17,64.3485646033308
78182,-8.230712,-3.73041,4.325625,-0.005803,-0.004887,-0.006567,32.14,64.4206297627419
78192,-8.226524,-3.733402,4.332206,-0.006261,-0.005192,-0.005498,32.14,64.3803178407873
78202,-8.214561,-3.727419,4.328018,-0.006567,-0.005192,-0.005192,32.18,64.3688461915848
78212,-8.223534,-3.719045,4.333402,-0.006414,-0.006261,-0.005498,32.18,64.3527462607442
78222,-8.216354,-3.738786,4.323831,-0.006872,-0.006414,-0.006414,32.14,64.4061419917847
78232,-8.2349,-3.733402,4.339982,-0.006414,-0.006567,-0.005498,32.14,64.3591049790681
78242,-8.218747,-3.74058,4.337589,-0.005345,-0.006414,-0.005498,32.21,64.3423921636973
78252,-8.210373,-3.722634,4.333402,-0.006872,-0.006261,-0.005651,32.16,64.3266916999614
78262,-8.230114,-3.725625,4.325625,-0.00672,-0.00504,-0.005192,32.16,64.4144083019373
78272,-8.212168,-3.732804,4.336991,-0.006109,-0.004276,-0.006109,32.16,64.3226546699196
78282,-8.210373,-3.728018,4.34058,-0.006414,-0.004123,-0.005803,32.16,64.2951704702638
78292,-8.215756,-3.736991,4.342375,-0.00672,-0.002902,-0.003665,32.15,64.3072889206973
78302,-8.209774,-3.728616,4.334598,-0.006567,-0.002902,-0.004887,32.15,64.3252983147821
78312,-8.213365,-3.739383,4.338188,-0.00733,-0.00168,-0.006109,32.19,64.3259376090647
78322,-8.218747,-3.734598,4.339982,-0.007789,-0.001222,-0.006872,32.19,64.3239202087823
78332,-8.217552,-3.738187,4.338188,-0.007483,0,-0.006414,32.19,64.3341546534548
78342,-8.208578,-3.728616,4.344768,-0.007178,0.000764,-0.006109,32.19,64.2701225979814
78352,-8.219346,-3.738187,4.346562,-0.007941,0.002291,-0.00733,32.17,64.2950444078258
78362,-8.213365,-3.735196,4.339982,-0.007483,0.003818,-0.006261,32.17,64.3123855796861
78372,-8.204391,-3.732205,4.342375,-0.007941,0.004276,-0.00672,32.18,64.2766840503539
78382,-8.210971,-3.735795,4.336991,-0.008705,0.004887,-0.00672,32.18,64.3230231247014
78392,-8.21157,-3.729812,4.337589,-0.008094,0.005956,-0.007025,32.19,64.3151481291201
78402,-8.216953,-3.719045,4.341777,-0.007636,0.006567,-0.007025,32.19,64.2946775485035
78412,-8.206783,-3.728018,4.341777,-0.008247,0.007941,-0.00672,32.16,64.2808749577653
78422,-8.220542,-3.739383,4.326822,-0.008399,0.00901,-0.007178,32.16,64.4007410402767
78432,-8.219346,-3.726821,4.339384,-0.008705,0.008705,-0.007941,32.17,64.3203872597008
78442,-8.225926,-3.735196,4.331607,-0.007178,0.008705,-0.007789,32.2,64.383893786644
78452,-8.209774,-3.737589,4.325027,-0.00733,0.009316,-0.007178,32.2,64.3839198111294
78462,-8.215158,-3.734598,4.337589,-0.008247,0.009927,-0.007178,32.17,64.3281606184599
78472,-8.215158,-3.738187,4.341777,-0.008094,0.009468,-0.007178,32.17,64.3102499801901
78482,-8.222337,-3.739383,4.335197,-0.008552,0.00901,-0.007483,32.17,64.3615861587858
78492,-8.214561,-3.739383,4.336991,-0.007789,0.009163,-0.007483,32.17,64.3348088412457
78502,-8.218149,-3.742374,4.332804,-0.007483,0.008552,-0.007789,32.18,64.3675589679075
78512,-8.218747,-3.734,4.332206,-0.007789,0.009163,-0.007178,32.18,64.3634090100573
78522,-8.210373,-3.741776,4.331607,-0.007636,0.008247,-0.00733,32.2,64.3555989635138
78532,-8.221141,-3.737589,4.331607,-0.007178,0.007941,-0.00733,32.2,64.3755677652759
78542,-8.219944,-3.74058,4.323233,-0.007483,0.00733,-0.007178,32.19,64.4191426577579
78552,-8.221739,-3.734598,4.326822,-0.00733,0.007025,-0.007025,32.19,64.3985397068177
78562,-8.226524,-3.723232,4.322036,-0.007025,0.007178,-0.007178,32.19,64.422412363145
78572,-8.21157,-3.739383,4.328018,-0.00733,0.005956,-0.007178,32.19,64.374364410187
78582,-8.215756,-3.729812,4.32742,-0.007636,0.005651,-0.007789,32.12,64.3770779327865
78592,-8.226524,-3.736991,4.32742,-0.007178,0.004429,-0.007483,32.12,64.4086675568992
78602,-8.221739,-3.725027,4.331009,-0.007483,0.003512,-0.007636,32.18,64.36715193102
78612,-8.222935,-3.742374,4.325625,-0.007025,0.003665,-0.007178,32.18,64.4153605366736
78622,-8.229516,-3.739383,4.323233,-0.006567,0.002902,-0.007483,32.18,64.4394330503319
78632,-8.228318,-3.734,4.332804,-0.00672,0.002138,-0.007636,32.18,64.3818846222004
78642,-8.214561,-3.731607,4.331009,-0.007789,0.001527,-0.006567,32.18,64.3576954116311
78652,-8.232506,-3.725027,4.334598,-0.00733,0.000764,-0.007178,32.19,64.3729111443069
78662,-8.230712,-3.732804,4.322634,-0.007025,-0.000458,-0.006567,32.19,64.4385002583087
78672,-8.221739,-3.735795,4.329215,-0.007483,-0.000305,-0.005956,32.17,64.3874171346546
78682,-8.226524,-3.739383,4.32742,-0.008247,-0.001069,-0.006567,32.17,64.4111119174949
78692,-8.222337,-3.726223,4.325027,-0.007483,-0.002291,-0.007483,32.19,64.4005937578998
78702,-8.219346,-3.724428,4.32742,-0.007025,-0.002443,-0.007025,32.19,64.3796664904098
78712,-8.215158,-3.726821,4.328616,-0.007483,-0.001985,-0.005956,32.22,64.3664934934976
78722,-8.213365,-3.734,4.326224,-0.007941,-0.002749,-0.007025,32.22,64.3821519179048
78732,-8.218149,-3.735196,4.34417,-0.007483,-0.003207,-0.00672,32.18,64.3015970817001
78742,-8.212168,-3.735196,4.334598,-0.007178,-0.002902,-0.006261,32.18,64.3374562668132
78752,-8.221141,-3.72383,4.34058,-0.006872,-0.00336,-0.006109,32.18,64.3152130575007
78762,-8.228917,-3.724428,4.342375,-0.007941,-0.003207,-0.005345,32.18,64.324128553142
78772,-8.219346,-3.731607,4.331607,-0.007178,-0.003818,-0.005803,32.2,64.3653996783093
78782,-8.226524,-3.728616,4.341179,-0.00733,-0.003971,-0.006567,32.18,64.3291718172839
78792,-8.217552,-3.728018,4.331009,-0.007636,-0.003665,-0.005956,32.18,64.3607669745479
78802,-8.222935,-3.72383,4.34058,-0.007178,-0.003207,-0.005192,32.16,64.3192647338196
78812,-8.215158,-3.722036,4.336991,-0.007025,-0.002902,-0.005956,32.16,64.3183702064011
78822,-8.218149,-3.735795,4.332206,-0.00672,-0.002749,-0.005498,32.18,64.3638997800328
78832,-8.221739,-3.733402,4.342375,-0.006261,-0.002902,-0.005956,32.18,64.3171112518443
78842,-8.216354,-3.736392,4.342973,-0.007789,-0.002749,-0.00672,32.15,64.3049414289363
78852,-8.217552,-3.729812,4.339384,-0.006261,-0.002291,-0.006872,32.15,64.3194002211975
78862,-8.222935,-3.738187,4.335794,-0.007178,-0.001527,-0.005651,32.14,64.3586304211367
78872,-8.218149,-3.719643,4.341179,-0.00672,-0.001222,-0.00672,32.14,64.3010783404417
78882,-8.216953,-3.725027,4.336392,-0.007483,-0.000305,-0.005803,32.18,64.3285783310372
78892,-8.200802,-3.741179,4.342375,-0.007636,-0.000153,-0.005803,32.18,64.2778129412805
78902,-8.212168,-3.729214,4.335794,-0.006567,0.001069,-0.006567,32.22,64.3251472638219
78912,-8.216953,-3.729812,4.334598,-0.006567,0.001069,-0.00672,32.22,64.3427335834548
78922,-8.216953,-3.727419,4.335794,-0.006872,0.002596,-0.00672,32.2,64.3341126388559
78932,-8.210971,-3.734,4.343571,-0.007178,0.003665,-0.007483,32.2,64.2872413076125
78942,-8.218747,-3.729812,4.34058,-0.00672,0.005345,-0.006567,32.17,64.3159315773511
78952,-8.222935,-3.741179,4.336392,-0.007178,0.005956,-0.006261,32.15,64.3586126814981
78962,-8.22772,-3.73041,4.338786,-0.007025,0.005956,-0.006872,32.15,64.3460348135083
78972,-8.222337,-3.729812,4.332206,-0.00733,0.006261,-0.00733,32.21,64.3672155281043
78982,-8.221739,-3.739383,4.342375,-0.007178,0.007025,-0.007789,32.21,64.3232425205174
78992,-8.216953,-3.729214,4.347161,-0.007483,0.007025,-0.00733,32.18,64.2773425888961
79002,-8.217552,-3.729214,4.335794,-0.007025,0.007178,-0.005956,32.18,64.3373030688044
79012,-8.22473,-3.734,4.334,-0.007789,0.007025,-0.007025,32.16,64.3676383694996
79022,-8.225926,-3.736392,4.336392,-0.008399,0.007483,-0.00672,32.16,64.3604479556025
79032,-8.227122,-3.733402,4.34417,-0.008705,0.006414,-0.006872,32.17,64.3200069573904
79042,-8.22473,-3.728616,4.33041,-0.00733,0.006414,-0.006414,32.17,64.3806504684113
79052,-8.215158,-3.741776,4.332804,-0.007178,0.006872,-0.006261,32.17,64.3602075621782
79062,-8.227122,-3.734598,4.329813,-0.008399,0.00672,-0.006261,32.17,64.3952260986356
