t_ms,ax,ay,az,gx,gy,gz,temp,ang_deg
12,-8.303694,-3.178267,4.294518,-0.487623,-0.143401,0.015882,30.97,64.2189974793586
22,-8.28455,-3.182454,4.276572,-0.517708,-0.120646,0.008399,31,64.271558277523
32,-8.248658,-3.195615,4.256832,-0.547641,-0.099266,0.004734,31,64.3025062791327
42,-8.228318,-3.228516,4.241278,-0.577573,-0.078343,0.005192,31.04,64.3666790738431
52,-8.224131,-3.254239,4.208975,-0.606589,-0.058032,0.010843,31.04,64.5510441075574
62,-8.202596,-3.266801,4.189234,-0.633314,-0.037874,0.020464,30.98,64.6168043921111
72,-8.196614,-3.30389,4.162315,-0.656986,-0.018937,0.036194,30.98,64.7801722994492
82,-8.186445,-3.32722,4.134199,-0.678824,-0.000916,0.054214,31.01,64.9278702980184
92,-8.187043,-3.369693,4.110271,-0.69715,0.017257,0.076816,31.01,65.0964622400717
102,-8.179864,-3.406183,4.078567,-0.709673,0.033445,0.101709,30.98,65.2834901590468
112,-8.176873,-3.435495,4.055236,-0.719752,0.048258,0.129045,30.98,65.4290112893436
122,-8.206185,-3.480959,4.027719,-0.725402,0.061697,0.158214,30.99,65.6844374230376
132,-8.240283,-3.547958,3.975675,-0.72693,0.07254,0.187841,30.99,66.100038791597
142,-8.273782,-3.6006,3.957131,-0.71685,0.087812,0.246942,31.02,66.3203245832941
152,-8.310272,-3.631706,3.930212,-0.706618,0.09163,0.271377,30.99,66.5700477591025
162,-8.348558,-3.662215,3.902096,-0.69379,0.093768,0.293368,30.99,66.8277907822368
172,-8.39821,-3.696911,3.876373,-0.678519,0.09331,0.312763,31,67.0982915309255
182,-8.450253,-3.733402,3.845864,-0.660956,0.090103,0.327271,31,67.3981175795999
192,-8.501101,-3.761517,3.822534,-0.640798,0.082467,0.336129,31,67.6476823424248
202,-8.56152,-3.778865,3.796811,-0.620944,0.070097,0.340099,31,67.91701367006
212,-8.606983,-3.811767,3.772285,-0.599259,0.052534,0.337503,31,68.1619984827705
222,-8.679366,-3.836891,3.748357,-0.576962,0.029932,0.328798,31,68.4462301144139
232,-8.73799,-3.865007,3.739383,-0.555124,0.003818,0.313221,31.02,68.6261589782497
242,-8.794819,-3.879962,3.720241,-0.53466,-0.025351,0.290925,31.02,68.8427987293858
252,-8.830114,-3.895515,3.707679,-0.513585,-0.05681,0.263588,31,68.9848686277506
262,-8.892925,-3.911069,3.690331,-0.495106,-0.089492,0.230143,31,69.2001990374745
272,-8.920444,-3.918845,3.695116,-0.477697,-0.122937,0.192117,30.99,69.2309021580404
282,-8.930613,-3.923033,3.686144,-0.463036,-0.155465,0.149967,30.99,69.2984189198742
292,-8.93839,-3.929015,3.688536,-0.451124,-0.186619,0.105222,31,69.3046223442366
302,-8.9348,-3.936193,3.703491,-0.440281,-0.215788,0.058796,31,69.2270947594221
312,-8.887542,-3.933203,3.714857,-0.432798,-0.266185,-0.0281,31.04,69.0817833745436
322,-8.834302,-3.920042,3.738786,-0.429286,-0.286343,-0.06689,31,68.8515903559342
332,-8.774481,-3.914658,3.74716,-0.431729,-0.301462,-0.100182,31,68.6942614684174
342,-8.693125,-3.909274,3.748955,-0.436769,-0.314443,-0.126296,30.96,68.5295210990752
352,-8.624928,-3.903292,3.74716,-0.442877,-0.324522,-0.144164,30.96,68.4058129646678
362,-8.555537,-3.902694,3.748357,-0.448528,-0.331089,-0.152411,31.02,68.267402892062
372,-8.487342,-3.892524,3.728018,-0.454789,-0.336739,-0.151342,31.02,68.2352852966472
382,-8.395817,-3.87398,3.716652,-0.459371,-0.342543,-0.140804,31,68.1021908175685
392,-8.317451,-3.877569,3.702295,-0.461661,-0.346819,-0.119424,31,68.0290653603996
402,-8.232506,-3.85723,3.7005,-0.461356,-0.351553,-0.088117,31.02,67.8519115182134
412,-8.164909,-3.845266,3.689733,-0.459065,-0.355218,-0.0478,31.02,67.7636995024785
422,-8.088339,-3.829713,3.699304,-0.455095,-0.35644,0.001222,31.02,67.5413815657295
432,-8.04467,-3.82074,3.701099,-0.44975,-0.356745,0.058643,31.02,67.4332520074651
442,-7.994421,-3.803392,3.726821,-0.441656,-0.353538,0.122173,31.04,67.1706366428274
452,-7.958529,-3.784249,3.73041,-0.432951,-0.348957,0.190437,31.04,67.056435698364
462,-7.943573,-3.756134,3.760321,-0.424399,-0.341932,0.262214,31,66.8315813858747
472,-7.955537,-3.74058,3.818945,-0.416457,-0.331853,0.335518,31,66.5192475700348
482,-7.996215,-3.692126,3.859025,-0.408363,-0.32101,0.476322,31.04,66.3391580217748
492,-8.046464,-3.665206,3.902096,-0.394008,-0.293979,0.540768,31.01,66.1872509422755
502,-8.117651,-3.637689,3.947559,-0.388968,-0.278707,0.596204,31.01,66.0696536064063
512,-8.200802,-3.604787,3.988237,-0.387441,-0.262825,0.642325,30.99,66.0008981087768
522,-8.285748,-3.586243,4.021138,-0.387899,-0.248011,0.677297,30.99,65.9927579712289
532,-8.377871,-3.571886,4.051647,-0.391259,-0.233045,0.699288,31,66.0172565617111
542,-8.469396,-3.541378,4.079762,-0.395688,-0.220522,0.709978,31,66.0387043713625
552,-8.560324,-3.518646,4.092923,-0.400269,-0.209221,0.707993,30.98,66.1437287319401
562,-8.626126,-3.51386,4.106084,-0.406836,-0.199295,0.69379,30.98,66.2104920878743
572,-8.694919,-3.485744,4.113262,-0.413403,-0.191354,0.667828,30.98,66.2939961818933
582,-8.758329,-3.463611,4.115655,-0.420428,-0.185398,0.632246,30.98,66.3954635213008
592,-8.810373,-3.463611,4.105485,-0.426078,-0.1799,0.588416,31.01,66.5548581978683
602,-8.850453,-3.454039,4.094718,-0.430355,-0.176082,0.535882,31.01,66.6841069902879
612,-8.859426,-3.456432,4.074379,-0.433103,-0.172875,0.478766,30.97,66.8077764577444
622,-8.873184,-3.436692,4.045067,-0.433256,-0.172264,0.416305,30.97,66.9694563449628
632,-8.870193,-3.440281,4.017549,-0.433103,-0.17318,0.352469,30.98,67.1067175591365
642,-8.843873,-3.425326,3.994817,-0.429591,-0.176387,0.288176,30.98,67.1584514859644
652,-8.766106,-3.438486,3.949952,-0.42394,-0.179594,0.227242,31.02,67.2430385772203
662,-8.696116,-3.434897,3.918845,-0.408363,-0.189674,0.121409,31.02,67.2599060743711
672,-8.625527,-3.439683,3.896114,-0.397979,-0.193186,0.078954,31,67.2387673838706
682,-8.571091,-3.453441,3.883551,-0.386525,-0.196546,0.044593,31,67.2045639708314
692,-8.498111,-3.458227,3.87398,-0.374919,-0.197768,0.020617,31,67.1085507644651
702,-8.449656,-3.452843,3.85723,-0.361785,-0.196699,0.005345,31,67.0922863911686
712,-8.373683,-3.458825,3.845864,-0.348804,-0.193797,-0.000153,31,66.9991492150421
722,-8.325229,-3.468396,3.841079,-0.336587,-0.18891,0.002443,31.02,66.9310530558624
732,-8.275578,-3.47378,3.847061,-0.3233,-0.182038,0.012981,31.02,66.7982193812175
742,-8.242676,-3.479763,3.846462,-0.312763,-0.174249,0.031154,31.01,66.7365521075746
752,-8.229516,-3.485146,3.866802,-0.302226,-0.165544,0.053298,31.01,66.6033073401761
762,-8.221739,-3.489334,3.864408,-0.293979,-0.157603,0.079412,30.99,66.6033251640351
772,-8.21157,-3.496512,3.865605,-0.28787,-0.149967,0.108429,30.99,66.5815307935795
782,-8.236095,-3.492923,3.888935,-0.283594,-0.141263,0.139277,31,66.5052027833289
792,-8.261818,-3.492325,3.894319,-0.283594,-0.133779,0.168599,31,66.531058354342
802,-8.296515,-3.504289,3.914658,-0.285732,-0.126907,0.196393,30.99,66.5072918940852
812,-8.343773,-3.494718,3.930809,-0.290466,-0.120646,0.221744,30.99,66.5135282698665
822,-8.393424,-3.485146,3.964309,-0.299629,-0.11469,0.242361,30.99,66.4330333641785
832,-8.503493,-3.491727,3.97747,-0.312916,-0.106443,0.269544,30.99,66.6024573133834
842,-8.557931,-3.49711,3.994219,-0.350789,-0.105222,0.275195,31,66.6334242786024
852,-8.629715,-3.5007,3.994219,-0.373239,-0.10568,0.274431,31.02,66.7855564766856
862,-8.672785,-3.50728,4.001996,-0.399048,-0.10965,0.265726,31.02,66.8393978418952
872,-8.715857,-3.5007,4.013362,-0.426689,-0.115301,0.251218,31.01,66.8634916026431
882,-8.766705,-3.501298,4.012764,-0.454484,-0.123242,0.231212,31.01,66.9706503973147
892,-8.805587,-3.510271,4.013362,-0.483653,-0.133474,0.204487,31.02,67.0534610897564
902,-8.823533,-3.512664,4.00738,-0.5116,-0.144622,0.173638,31.02,67.1221288283022
912,-8.843274,-3.525824,4.007978,-0.538172,-0.156992,0.137903,31.03,67.1691228669559
922,-8.837891,-3.52702,4.00738,-0.563676,-0.168904,0.100335,31.03,67.1623698534018
932,-8.822935,-3.541378,3.998407,-0.585514,-0.180053,0.06017,31.01,67.1898747628774
942,-8.81097,-3.554538,3.998407,-0.605367,-0.190132,0.020159,31.01,67.1765421321763
952,-8.78106,-3.56052,3.991228,-0.621555,-0.198531,-0.0197,30.99,67.1583277699501
962,-8.727222,-3.570091,3.975675,-0.633925,-0.205251,-0.057269,30.99,67.1380550717851
972,-8.684152,-3.584448,3.969693,-0.641561,-0.209221,-0.090103,30.99,67.0939817737403
982,-8.611171,-3.598207,3.958925,-0.646143,-0.211665,-0.119577,30.99,67.0133845036899
992,-8.542974,-3.628117,3.933203,-0.644616,-0.209985,-0.143401,30.99,67.0342496740213
1002,-8.407183,-3.659822,3.91406,-0.639729,-0.206931,-0.169362,30.99,66.883896674377
1012,-8.316854,-3.680161,3.900301,-0.61224,-0.194255,-0.170279,31.05,66.7877292624712
1022,-8.267202,-3.682554,3.885944,-0.592081,-0.184939,-0.162643,31,66.762664235816
1032,-8.188239,-3.704688,3.865007,-0.567341,-0.175471,-0.14676,31,66.7298299786768
1042,-8.134999,-3.716652,3.860221,-0.538478,-0.164628,-0.124922,31,66.6545766839572
1052,-8.087741,-3.736392,3.849453,-0.506407,-0.152869,-0.096364,31,66.6317590522077
1062,-8.049455,-3.753142,3.826722,-0.471283,-0.140804,-0.060934,30.99,66.6903473391487
1072,-8.016554,-3.760919,3.818945,-0.433714,-0.127824,-0.021686,30.99,66.6704618568171
1082,-8.021339,-3.768696,3.818347,-0.395077,-0.114385,0.023671,31,66.6916776576846
1092,-8.013563,-3.769294,3.821338,-0.357356,-0.100793,0.071013,31,66.6594169730343
1102,-8.028519,-3.786642,3.823731,-0.319635,-0.087354,0.120646,30.98,66.6955316902656
1112,-8.056634,-3.781258,3.830909,-0.282678,-0.073304,0.172111,30.98,66.7107009999325
1122,-8.075776,-3.792624,3.839284,-0.248775,-0.060628,0.22266,30.98,66.7170008455844
1132,-8.126026,-3.784847,3.841079,-0.218232,-0.049175,0.270919,30.98,66.8053653003374
1142,-8.173882,-3.783053,3.847659,-0.192728,-0.039248,0.316886,30.97,66.8682511821604
1152,-8.242676,-3.781856,3.855436,-0.171195,-0.032681,0.358578,30.97,66.9682346653932
1162,-8.312068,-3.767499,3.868596,-0.155771,-0.029627,0.394314,30.96,67.0275419194427
1172,-8.454441,-3.742973,3.886542,-0.145539,-0.029474,0.424551,30.96,67.2004928741986
1182,-8.511271,-3.74716,3.902096,-0.142637,-0.040928,0.463647,31.03,67.2372085835318
1192,-8.57827,-3.726821,3.915854,-0.152105,-0.050549,0.471893,31.02,67.2819124607527
1202,-8.649456,-3.720241,3.925426,-0.166155,-0.062461,0.473726,31.02,67.3683936827163
1212,-8.695518,-3.701697,3.927818,-0.185245,-0.075442,0.467465,30.98,67.4315467516271
1222,-8.749356,-3.69392,3.930212,-0.209374,-0.08995,0.454331,30.98,67.5187744441048
1232,-8.787043,-3.672385,3.939184,-0.237627,-0.105222,0.4357,30.99,67.5288200193346
1242,-8.812767,-3.665206,3.940979,-0.267559,-0.121104,0.411418,30.99,67.5641116889473
1252,-8.84088,-3.650849,3.930212,-0.299324,-0.138056,0.383623,31.02,67.6625473658944
1262,-8.852846,-3.647858,3.929015,-0.332158,-0.155923,0.3514,31.02,67.6895510441304
1272,-8.852846,-3.642474,3.918845,-0.363923,-0.173638,0.317955,31,67.737355729061
1282,-8.847462,-3.627519,3.910471,-0.393703,-0.191506,0.284205,31,67.7579337641886
1292,-8.831908,-3.622135,3.897908,-0.422871,-0.208916,0.250302,30.97,67.7879832124954
1302,-8.809774,-3.612564,3.891328,-0.448833,-0.226173,0.217773,30.97,67.7711454005948
1312,-8.769695,-3.61077,3.868596,-0.471588,-0.241903,0.187841,31.01,67.8089610994179
1322,-8.722438,-3.608975,3.849453,-0.490219,-0.255189,0.163101,31.01,67.8144000970715
1332,-8.684152,-3.604787,3.830909,-0.503811,-0.268628,0.142026,31.02,67.8325150044697
1342,-8.580662,-3.596412,3.793222,-0.51221,-0.279929,0.126907,31.02,67.8190905432394
1352,-8.536993,-3.595216,3.775874,-0.515876,-0.301004,0.111636,30.99,67.8230414619998
1362,-8.490333,-3.588037,3.744169,-0.50824,-0.310167,0.111941,31.01,67.8926023900186
1372,-8.447861,-3.589832,3.753741,-0.496023,-0.319788,0.117133,31.01,67.7578575153663
1382,-8.419147,-3.579065,3.722036,-0.478918,-0.329409,0.126296,30.96,67.8608225815398
1392,-8.377273,-3.568895,3.725027,-0.459065,-0.338572,0.13775,30.96,67.75138445135
1402,-8.332406,-3.565904,3.71725,-0.434783,-0.346819,0.151342,31.03,67.699505418842
1412,-8.324032,-3.559922,3.73041,-0.4076,-0.354302,0.168599,31.03,67.6059406386362
1422,-8.296515,-3.544966,3.728616,-0.378889,-0.361479,0.184787,31.01,67.545955860201
1432,-8.283952,-3.530011,3.752544,-0.34972,-0.366519,0.201586,31.01,67.3769869980386
1442,-8.280362,-3.52044,3.77049,-0.320093,-0.370642,0.216399,31.04,67.2637685215341
1452,-8.270193,-3.516851,3.811767,-0.290314,-0.372933,0.23106,31.04,67.0159101683824
1462,-8.289336,-3.49711,3.837489,-0.264199,-0.373239,0.241444,31,66.8999045777768
1472,-8.291131,-3.486342,3.882953,-0.239459,-0.37049,0.250302,31,66.6495322235453
1482,-8.307282,-3.473182,3.929613,-0.218995,-0.364839,0.255189,31,66.4223618773133
1492,-8.315059,-3.451647,3.982255,-0.202044,-0.355676,0.256563,31,66.1389877078231
1502,-8.352147,-3.440281,4.041477,-0.190285,-0.343154,0.252287,31.02,65.895505198532
1512,-8.375478,-3.421138,4.15394,-0.18326,-0.326966,0.244193,31.02,65.3383382244458
1522,-8.4347,-3.409772,4.206582,-0.181427,-0.307418,0.215941,30.99,65.1855259001593
1532,-8.442476,-3.388835,4.256233,-0.194561,-0.259618,0.196088,31,64.9269724920683
1542,-8.455637,-3.381657,4.290331,-0.207083,-0.232434,0.172569,31,64.774216254555
1552,-8.469995,-3.388237,4.334,-0.224646,-0.202349,0.14844,30.96,64.5882463423499
1562,-8.478967,-3.378067,4.374678,-0.246026,-0.171195,0.122478,30.96,64.3913341361503
1572,-8.483753,-3.389433,4.404588,-0.270919,-0.138972,0.096059,31.01,64.2601006278459
1582,-8.479566,-3.371487,4.422534,-0.296575,-0.104,0.07086,31.01,64.1429151692523
1592,-8.486146,-3.384648,4.42732,-0.325438,-0.068875,0.046578,31.03,64.1456399743995
1602,-8.474181,-3.393621,4.442873,-0.35476,-0.032834,0.025351,31.03,64.0475009624752
1612,-8.451449,-3.406183,4.436294,-0.38454,0.00336,0.008247,30.95,64.0403431795139
1622,-8.443673,-3.418745,4.422534,-0.413556,0.038637,-0.007025,30.95,64.1041394621168
1632,-8.429914,-3.428317,4.389633,-0.440892,0.074678,-0.017257,30.98,64.2493173776998
1642,-8.420941,-3.451048,4.360919,-0.466701,0.107512,-0.022602,30.98,64.3968552521366
1652,-8.395219,-3.457031,4.319643,-0.488387,0.139888,-0.023213,31.03,64.5559824711611
1662,-8.379665,-3.501896,4.279563,-0.505949,0.168141,-0.020922,31.03,64.7694545143404
1672,-8.377871,-3.525226,4.225127,-0.520304,0.192881,-0.014355,31,65.0688910333537
1682,-8.370093,-3.538985,4.099504,-0.530384,0.214108,-0.003971,31,65.7191968801545
1692,-8.390432,-3.586841,4.037888,-0.536187,0.230143,0.025504,31.04,66.1301055971753
1702,-8.390432,-3.622734,3.966104,-0.535271,0.244041,0.04383,31.01,66.5406069970588
1712,-8.389236,-3.639483,3.902694,-0.530078,0.241597,0.063835,31.01,66.8885575015431
1722,-8.410173,-3.668795,3.830311,-0.519999,0.232434,0.083689,31.05,67.3420643354089
1732,-8.429914,-3.667599,3.77049,-0.509614,0.216552,0.103847,31.05,67.6995293323414
1742,-8.442476,-3.701099,3.71725,-0.496633,0.195171,0.122631,31.02,68.0379896238875
1752,-8.464012,-3.711866,3.681358,-0.482125,0.168904,0.140346,31.02,68.2814987733815
1762,-8.480762,-3.732205,3.62393,-0.466243,0.13775,0.155465,31.02,68.6388580117076
1772,-8.505288,-3.752544,3.586841,-0.449902,0.102778,0.16921,31.02,68.9016587383947
1782,-8.522635,-3.760321,3.552145,-0.433867,0.064904,0.180663,31.01,69.1270194231162
1792,-8.542377,-3.775874,3.533601,-0.417068,0.023976,0.189063,31.01,69.2762016384468
1802,-8.550752,-3.771687,3.502494,-0.400117,-0.017257,0.195477,31.06,69.4553553257624
1812,-8.570493,-3.781856,3.491727,-0.383471,-0.060476,0.198837,31.06,69.5577185074304
1822,-8.569895,-3.783651,3.485744,-0.367283,-0.103847,0.199906,30.96,69.5902101565262
1832,-8.592029,-3.790231,3.476173,-0.351706,-0.147219,0.197309,30.96,69.6872422484075
1842,-8.615358,-3.778267,3.489334,-0.33735,-0.189674,0.193797,31,69.6495451607203
1852,-8.622537,-3.78724,3.496512,-0.323759,-0.232129,0.188146,31,69.631352113261
1862,-8.637491,-3.782454,3.531208,-0.310625,-0.272446,0.180358,30.99,69.4695802990535
1872,-8.647661,-3.773481,3.551547,-0.287107,-0.349415,0.161268,31.04,69.3727390427019
1882,-8.647062,-3.775874,3.59402,-0.277791,-0.385303,0.152258,31.04,69.1479873564528
1892,-8.635697,-3.769892,3.605984,-0.269697,-0.41829,0.143401,31.04,69.0586011613835
1902,-8.633304,-3.769892,3.641876,-0.261603,-0.447764,0.135001,31.04,68.8639927621483
1912,-8.617152,-3.745365,3.680161,-0.2558,-0.474948,0.127824,31,68.6108620098207
1922,-8.595617,-3.742374,3.724428,-0.250149,-0.498924,0.122937,31,68.3333746829523
1932,-8.58126,-3.728616,3.754339,-0.244346,-0.517708,0.12202,31,68.1362522965262
1942,-8.555537,-3.717848,3.792026,-0.240223,-0.533743,0.124922,31,67.8781567751249
1952,-8.509476,-3.71067,3.845266,-0.237016,-0.545044,0.130572,31.01,67.5000844587749
1962,-8.490333,-3.701697,3.875176,-0.234114,-0.550848,0.139735,31.01,67.296238062628
1972,-8.457432,-3.680759,3.939184,-0.232282,-0.550848,0.152869,31,66.873968156995
1982,-8.413763,-3.676572,3.979862,-0.230754,-0.546266,0.168293,31,66.5660121245155
1992,-8.395219,-3.652046,4.023531,-0.230907,-0.53634,0.186008,31.04,66.2753835492401
2002,-8.363514,-3.641278,4.074379,-0.233961,-0.520915,0.204334,31.04,65.9314123099928
2012,-8.342576,-3.622734,4.121039,-0.23671,-0.500146,0.224035,30.98,65.6247142062305
2022,-8.316256,-3.609573,4.161717,-0.241597,-0.476933,0.243583,30.98,65.3422428325948
2032,-8.319246,-3.580261,4.24726,-0.248317,-0.448528,0.261756,30.96,64.8757242811785
2042,-8.317451,-3.56052,4.285545,-0.256411,-0.383165,0.29291,30.96,64.6544130650855
2052,-8.306684,-3.552743,4.316652,-0.276875,-0.346208,0.3036,31.01,64.4618028285263
2062,-8.318049,-3.519842,4.338786,-0.289856,-0.30864,0.310625,31.01,64.3416351051347
2072,-8.327621,-3.506682,4.372883,-0.302989,-0.270308,0.31261,31.01,64.1753561996917
2082,-8.343175,-3.495316,4.382454,-0.316428,-0.231976,0.311541,30.99,64.1509275074093
2092,-8.346764,-3.483351,4.396214,-0.330631,-0.193492,0.305738,30.99,64.0771331385815
2102,-8.34796,-3.465405,4.400401,-0.343306,-0.155618,0.294742,31,64.0412398495464
2112,-8.358727,-3.461816,4.38724,-0.356898,-0.118508,0.280845,31,64.130048250804
2122,-8.360522,-3.449254,4.388436,-0.369115,-0.082772,0.263894,31.01,64.1161058589339
2132,-8.356933,-3.463012,4.378268,-0.380569,-0.048258,0.243124,31.01,64.1730886812109
2142,-8.348558,-3.451647,4.366303,-0.390343,-0.014508,0.220064,31.02,64.2045241606913
2152,-8.342576,-3.432504,4.344768,-0.397215,0.017868,0.196699,31.02,64.2835273723582
2163,-8.352147,-3.435495,4.324429,-0.403629,0.049022,0.172722,31.03,64.4131842555553
2172,-8.34796,-3.43729,4.298108,-0.407294,0.078496,0.149204,31.03,64.5413271375998
2182,-8.331809,-3.433102,4.267001,-0.409738,0.106901,0.127213,31.02,64.6618959323951
2192,-8.318049,-3.445066,4.237689,-0.409127,0.132252,0.107665,31.02,64.7943548478672
2202,-8.319845,-3.448057,4.163511,-0.407294,0.15516,0.088575,31.01,65.1888229406699
2212,-8.30788,-3.46062,4.115655,-0.403018,0.175929,0.062919,31.01,65.42518547755
2222,-8.318049,-3.474378,4.080959,-0.391717,0.207694,0.054214,31.04,65.6432410973635
2232,-8.310272,-3.474378,4.025326,-0.383776,0.21701,0.050091,31.01,65.9203869257274
2242,-8.305488,-3.491128,3.979862,-0.374613,0.222202,0.048869,31.01,66.1667467595565
2252,-8.323434,-3.491128,3.933203,-0.363618,0.223271,0.052993,31.02,66.4540287119877
2262,-8.333005,-3.521637,3.885944,-0.352164,0.218995,0.06017,31.02,66.7541724595463
2272,-8.344371,-3.522833,3.832704,-0.340099,0.210901,0.07086,31,67.0642974677574
2282,-8.366504,-3.533601,3.790829,-0.326966,0.196546,0.086285,31,67.3445782372517
2292,-8.369495,-3.535994,3.755535,-0.313374,0.178373,0.103847,30.99,67.5426710639991
2302,-8.408379,-3.549154,3.713661,-0.301309,0.154549,0.122784,30.99,67.8586373887725
2312,-8.4347,-3.556931,3.7005,-0.291077,0.127518,0.143095,30.99,67.9890274657704
2322,-8.477771,-3.563511,3.672983,-0.281151,0.096364,0.162032,30.99,68.2282514312846
2332,-8.496913,-3.573681,3.668197,-0.273057,0.062156,0.18158,31,68.300162799653
2342,-8.53819,-3.582056,3.656831,-0.266795,0.025809,0.200975,31,68.4488293935739
2352,-8.596813,-3.589234,3.642474,-0.262825,-0.012217,0.215941,31.03,68.6449321774328
2362,-8.628518,-3.592823,3.656233,-0.260839,-0.052382,0.227547,31.03,68.6354824742625
2372,-8.663215,-3.602993,3.672983,-0.261908,-0.092088,0.236252,30.98,68.6212348880982
2382,-8.745767,-3.597011,3.702893,-0.265574,-0.131031,0.240834,30.98,68.616287045225
2392,-8.773883,-3.61376,3.742374,-0.279165,-0.206625,0.233809,31,68.4760906996643
2402,-8.812168,-3.60718,3.763312,-0.288328,-0.240986,0.22205,31,68.4346731163902
2412,-8.845068,-3.610171,3.792624,-0.300088,-0.273057,0.205251,31,68.3474346760692
2422,-8.8684,-3.611966,3.81715,-0.313527,-0.302836,0.18326,30.96,68.2664335686685
2432,-8.877971,-3.61077,3.842275,-0.32834,-0.330936,0.155618,30.96,68.1542165218109
2442,-8.89113,-3.617948,3.87398,-0.343306,-0.355829,0.126602,30.98,68.0220038580264
2452,-8.892925,-3.619144,3.899105,-0.358731,-0.376598,0.094226,30.98,67.8975551155559
2462,-8.866006,-3.628716,3.924827,-0.374766,-0.395382,0.06017,31.02,67.721292511358
2472,-8.83849,-3.625126,3.949354,-0.390037,-0.410501,0.025962,31.02,67.5391325140365
2482,-8.797811,-3.629912,3.966702,-0.404087,-0.422413,-0.007789,31.02,67.374041761452
2492,-8.746963,-3.6341,3.98405,-0.415388,-0.430507,-0.037568,31.02,67.1874135920519
2502,-8.693125,-3.6341,3.994817,-0.425468,-0.435394,-0.063683,31.01,67.023978001264
2512,-8.626126,-3.643671,4.002594,-0.433714,-0.436005,-0.085521,31.01,66.8561850402491
2522,-8.547162,-3.646064,4.003192,-0.438907,-0.433714,-0.101251,30.98,66.693373892851
2532,-8.473583,-3.647858,3.998407,-0.439823,-0.428522,-0.110567,30.98,66.5675290360566
2542,-8.38445,-3.66042,3.998407,-0.438907,-0.41997,-0.112705,30.96,66.3923067354897
2552,-8.307282,-3.669992,3.986442,-0.433409,-0.408516,-0.105832,30.96,66.3010897398091
2562,-8.143971,-3.684947,3.985844,-0.423482,-0.379958,-0.073762,31.01,65.967857873756
2572,-8.08475,-3.675974,3.986442,-0.395993,-0.362854,-0.045968,31.01,65.8264874803975
2582,-8.046464,-3.699304,3.987639,-0.376904,-0.343459,-0.013439,31.01,65.7593657372094
2592,-7.98126,-3.699304,3.996014,-0.355218,-0.323759,0.024435,30.99,65.5699443588759
2602,-7.963314,-3.69392,4.010371,-0.332463,-0.302531,0.066279,30.99,65.446805570818
2612,-7.931609,-3.688536,4.026522,-0.309098,-0.279318,0.109192,30.98,65.2826946054278
2622,-7.907083,-3.685545,4.044468,-0.284816,-0.253662,0.154091,30.98,65.1270172438567
2632,-7.913662,-3.689135,4.064807,-0.261756,-0.228311,0.198226,30.98,65.0359592036045
2642,-7.924431,-3.686144,4.091727,-0.238696,-0.200669,0.241292,30.98,64.9123595803457
2652,-7.960921,-3.676572,4.109075,-0.21869,-0.1715,0.281303,31.01,64.8923573959307
2662,-7.985447,-3.658626,4.14736,-0.201586,-0.140804,0.316886,31.01,64.7248672539366
2672,-8.027322,-3.661617,4.174279,-0.18555,-0.108734,0.347888,31.01,64.6805455524259
2682,-8.080563,-3.656233,4.20718,-0.174555,-0.076053,0.372475,31.01,64.6223974561749
2692,-8.133802,-3.638885,4.224528,-0.16585,-0.043524,0.392023,31,64.6345033762209
2702,-8.19781,-3.629912,4.260421,-0.162948,-0.010079,0.403629,31,64.5828747475363
2712,-8.263015,-3.617948,4.268198,-0.162032,0.022755,0.408822,30.99,64.6777235180904
2722,-8.322237,-3.607778,4.296911,-0.164628,0.054672,0.406836,30.99,64.6522070016935
2732,-8.458628,-3.576672,4.296313,-0.17089,0.084147,0.383623,31,64.928976556332
2742,-8.547761,-3.585046,4.308277,-0.19227,0.137903,0.364381,31.01,65.0710695582689
2752,-8.583055,-3.551547,4.283153,-0.207389,0.159741,0.33735,31.01,65.24519390861
2762,-8.643474,-3.544369,4.275376,-0.22266,0.177304,0.308182,31,65.4086540674671
2772,-8.673384,-3.543771,4.261019,-0.240986,0.190743,0.275806,31,65.5449226067811
2782,-8.703294,-3.540181,4.226922,-0.260534,0.201891,0.241139,31,65.7781762922204
2792,-8.740383,-3.528217,4.198806,-0.279929,0.208916,0.205862,31,65.9886242750527
2802,-8.762517,-3.522833,4.166502,-0.299324,0.211512,0.170737,31.04,66.1942433846053
2812,-8.769096,-3.51386,4.115655,-0.319024,0.209832,0.136681,31.04,66.4591143435955
2822,-8.772088,-3.521038,4.075575,-0.337045,0.204487,0.104305,30.98,66.6757539247051
2832,-8.774481,-3.533601,4.016951,-0.353386,0.193186,0.075289,30.98,66.9911335535857
2842,-8.760124,-3.518047,3.96072,-0.368504,0.178067,0.051007,30.98,67.2389719424272
2852,-8.743973,-3.515655,3.910471,-0.380416,0.158672,0.030391,30.98,67.4646705968292
2862,-8.730811,-3.525226,3.850052,-0.39019,0.135154,0.014661,30.95,67.7603640519545
2872,-8.69133,-3.525824,3.78724,-0.395993,0.109192,0.004429,30.95,68.0117113580721
2882,-8.662019,-3.531806,3.745365,-0.398895,0.078954,-0.001069,31.02,68.1794933103731
2892,-8.61835,-3.539583,3.649055,-0.398131,0.047037,-0.000611,31.02,68.6117169322753
2902,-8.551949,-3.537788,3.612564,-0.395077,0.014203,0.004123,30.98,68.6771171273379
2912,-8.517851,-3.544369,3.580261,-0.38118,-0.055436,0.027031,30.99,68.7903431860728
2922,-8.495118,-3.544966,3.55394,-0.370337,-0.091477,0.043677,30.99,68.88922706058
2932,-8.469396,-3.547958,3.528217,-0.357662,-0.128282,0.062156,30.98,68.981632728665
2942,-8.450253,-3.539583,3.50728,-0.343764,-0.163712,0.082161,30.98,69.05201469373
2952,-8.431709,-3.549752,3.505485,-0.329104,-0.198989,0.103542,31.03,69.0343018755682
2962,-8.423334,-3.554538,3.521038,-0.313221,-0.233198,0.124311,31.03,68.9371075725878
2972,-8.42812,-3.559922,3.524628,-0.29795,-0.26649,0.144622,31.01,68.9311882393584
2982,-8.425727,-3.538387,3.545565,-0.282831,-0.297339,0.16417,31.01,68.7947909253596
2992,-8.432905,-3.554538,3.57069,-0.268933,-0.327118,0.180816,31.01,68.6853414257347
3002,-8.438289,-3.550949,3.61376,-0.256258,-0.354149,0.193492,31.01,68.4593185839083
3012,-8.463414,-3.548556,3.653242,-0.245721,-0.378278,0.202044,31.02,68.2936566623089
3022,-8.475378,-3.544369,3.712464,-0.237168,-0.399048,0.207236,31.02,67.995627889132
3032,-8.480762,-3.544369,3.760919,-0.23106,-0.417374,0.209221,31,67.7471804979656
3042,-8.498111,-3.534199,3.80399,-0.228769,-0.430507,0.206625,31,67.5441992094397
3052,-8.507083,-3.53719,3.869792,-0.228769,-0.439059,0.198837,30.97,67.2161772263545
3062,-8.504092,-3.536592,3.929613,-0.231212,-0.442877,0.188452,30.97,66.8939660135374
3072,-8.52144,-3.540181,4.05404,-0.235947,-0.441197,0.174402,31.04,66.2821698886646
3082,-8.509476,-3.545565,4.096512,-0.253814,-0.420733,0.143859,31.04,66.0408045319537
3092,-8.502895,-3.539583,4.144369,-0.26481,-0.402407,0.126755,31.02,65.7734090081092
3102,-8.478967,-3.538985,4.194618,-0.276417,-0.379958,0.109192,31.01,65.4615122377432
3112,-8.469396,-3.549154,4.21735,-0.288176,-0.353844,0.09499,31.01,65.3327098594751
3122,-8.451449,-3.550351,4.241278,-0.301157,-0.324828,0.079871,31.02,65.1712796676589
3132,-8.423933,-3.559324,4.271787,-0.311541,-0.293368,0.067653,31.02,64.96196556651
3142,-8.420941,-3.573082,4.285545,-0.32101,-0.260076,0.057879,31.02,64.8975280193673
3152,-8.4012,-3.569493,4.284349,-0.330936,-0.227395,0.049175,31.02,64.856498353021
3162,-8.392825,-3.566502,4.290929,-0.338725,-0.193339,0.043371,31.02,64.8011907795838
3172,-8.386245,-3.586841,4.289135,-0.344528,-0.159894,0.041692,31.02,64.8150737360007
3182,-8.373085,-3.592823,4.277769,-0.348499,-0.127365,0.040317,31.04,64.8500258097474
3192,-8.366504,-3.610171,4.262814,-0.3514,-0.096669,0.041539,31.04,64.9290910458153
3202,-8.35454,-3.615555,4.258626,-0.351706,-0.067501,0.045204,30.98,64.9293460074848
3212,-8.342576,-3.618546,4.233501,-0.350789,-0.038485,0.052229,30.98,65.0356469893082
3222,-8.344371,-3.62393,4.206582,-0.350026,-0.013286,0.058643,30.99,65.1842979142589
3232,-8.33121,-3.627519,4.195815,-0.345597,0.010232,0.067348,30.99,65.2146843752479
3242,-8.337193,-3.648456,4.147958,-0.342085,0.032376,0.077733,31.04,65.4968814372085
3252,-8.338987,-3.654438,4.141976,-0.336892,0.071319,0.099571,31.04,65.537666204635
3262,-8.343175,-3.641876,4.108477,-0.324828,0.087201,0.110108,31,65.7097467796292
3272,-8.367702,-3.654438,4.08754,-0.31933,0.100793,0.12034,31.02,65.8838423631002
3282,-8.375478,-3.66042,4.061218,-0.313832,0.113926,0.129351,31.02,66.0437485864685
3292,-8.386844,-3.67418,4.033103,-0.30864,0.123242,0.135459,30.98,66.2279200478089
3302,-8.405987,-3.669394,4.024727,-0.304211,0.132252,0.141721,30.98,66.3077898209387
3312,-8.423334,-3.672983,3.998407,-0.299782,0.138208,0.145386,31.04,66.485410166039
3322,-8.437692,-3.668795,3.972684,-0.296728,0.141415,0.146302,31.04,66.6464732686026
3332,-8.458031,-3.673581,3.945765,-0.293826,0.14279,0.14508,30.96,66.8342071488688
3342,-8.470592,-3.666403,3.92064,-0.292146,0.141263,0.143553,30.96,66.9856683043559
3352,-8.483154,-3.656831,3.889533,-0.290925,0.13607,0.140041,30.99,67.1666226702489
3362,-8.495118,-3.662813,3.855436,-0.289397,0.127976,0.135154,30.99,67.3759002540969
3372,-8.513064,-3.655036,3.822534,-0.288634,0.11637,0.130114,30.96,67.5790184302772
3382,-8.523833,-3.650251,3.793222,-0.288328,0.100182,0.124464,30.96,67.7514591665706
3392,-8.528021,-3.650251,3.76391,-0.288787,0.081551,0.120188,30.98,67.9150746361702
3402,-8.539386,-3.651447,3.732804,-0.288328,0.058796,0.115912,30.98,68.1035679825079
3412,-8.536395,-3.651447,3.683152,-0.288787,0.03375,0.113926,30.99,68.3619538170545
3422,-8.525029,-3.637689,3.662813,-0.28787,0.005803,0.114537,30.99,68.4370273577148
3432,-8.528021,-3.620341,3.643671,-0.286496,-0.057269,0.119119,30.99,68.5309369852392
3442,-8.533404,-3.622135,3.636492,-0.28451,-0.090561,0.125838,31,68.581287662598
3452,-8.528021,-3.623332,3.627519,-0.282678,-0.12538,0.133627,31,68.6199515224891
3462,-8.528021,-3.624528,3.615555,-0.280387,-0.160199,0.143248,31.05,68.685107253398
3472,-8.532208,-3.609573,3.618546,-0.277333,-0.194408,0.155618,31.05,68.6649021813732
3482,-8.536395,-3.600002,3.633501,-0.27382,-0.228616,0.16921,31.03,68.5849780138917
3492,-8.530412,-3.595216,3.63051,-0.270461,-0.261908,0.182801,31.03,68.5855121979466
3502,-8.544172,-3.595814,3.649653,-0.265879,-0.294132,0.197157,31,68.5101346417975
3512,-8.536993,-3.580261,3.680759,-0.261603,-0.324675,0.212276,31,68.3170344756584
3522,-8.541779,-3.577868,3.710072,-0.257632,-0.351553,0.226326,31.02,68.1680005422245
3532,-8.548957,-3.564708,3.742973,-0.252745,-0.377515,0.239154,31.02,67.9961403128227
3542,-8.544769,-3.557529,3.779463,-0.248622,-0.399659,0.251371,30.98,67.7880221347539
3552,-8.550154,-3.559922,3.818945,-0.244346,-0.418595,0.260381,30.98,67.5917091641013
3562,-8.563314,-3.548556,3.858427,-0.240528,-0.433867,0.266948,31,67.400369971204
3572,-8.562716,-3.540181,3.902694,-0.236863,-0.444252,0.269697,31,67.1592480329862
3582,-8.571091,-3.528815,3.944568,-0.234572,-0.45036,0.269392,31.04,66.9472758979931
3592,-8.5681,-3.53061,4.031308,-0.231823,-0.451888,0.264963,31.04,66.4901435325353
3602,-8.559725,-3.516253,4.074379,-0.229227,-0.441656,0.246942,31,66.2364788410771
3612,-8.556136,-3.512664,4.116253,-0.229685,-0.430813,0.232892,31,66.0089019577064
3622,-8.543573,-3.506682,4.158128,-0.230449,-0.415541,0.214566,31,65.7605190882294
3632,-8.542974,-3.50728,4.19402,-0.232129,-0.39691,0.195019,30.99,65.5748817330083
3642,-8.535797,-3.497709,4.231109,-0.235336,-0.375682,0.172417,30.99,65.3602502652654
3652,-8.507083,-3.49053,4.260421,-0.239612,-0.351247,0.149967,30.99,65.1405799442201
3662,-8.490333,-3.506083,4.288536,-0.244041,-0.324064,0.125075,30.99,64.9736659618785
3672,-8.471789,-3.495914,4.309474,-0.250149,-0.295048,0.101556,30.96,64.8160201450811
3682,-8.447262,-3.495316,4.316652,-0.257632,-0.264505,0.076969,30.96,64.7239892018075
3692,-8.410771,-3.493521,4.334598,-0.264657,-0.231976,0.055131,31.01,64.5483786223914
3702,-8.380263,-3.508476,4.344768,-0.273057,-0.197462,0.035583,31.01,64.4413589187198
3712,-8.355738,-3.5007,4.346562,-0.281151,-0.16249,0.016493,30.99,64.3690904385315
3722,-8.317451,-3.507878,4.351946,-0.290008,-0.125838,0.001374,30.99,64.2609227685551
3732,-8.283354,-3.501298,4.348955,-0.298408,-0.087659,-0.009621,30.99,64.1917581719948
3742,-8.258228,-3.506682,4.338188,-0.306349,-0.049022,-0.018479,30.99,64.1948351741362
3752,-8.216354,-3.512065,4.317849,-0.313679,-0.011148,-0.021838,30.98,64.2090346676585
3762,-8.191828,-3.535994,4.271787,-0.320399,0.026114,-0.023366,30.98,64.4162598091957
3772,-8.160722,-3.537788,4.244269,-0.325286,0.094684,-0.013439,31.02,64.4906700801039
3782,-8.151749,-3.551547,4.199404,-0.330936,0.125227,-0.003054,30.96,64.7197062883538
3792,-8.151151,-3.548556,4.176074,-0.331394,0.154243,0.010385,30.96,64.8384243756787
3802,-8.154141,-3.547958,4.144369,-0.331242,0.180511,0.026573,30.97,65.012227882236
3812,-8.163115,-3.554538,4.111467,-0.329867,0.202807,0.044288,30.97,65.2132503214959
3822,-8.176873,-3.566502,4.079762,-0.32834,0.222966,0.063072,31.02,65.4239639195869
3832,-8.187043,-3.574877,4.048656,-0.326355,0.239765,0.08262,31.02,65.6199988126571
3842,-8.22772,-3.591627,4.010371,-0.323148,0.253509,0.103236,30.99,65.928991039025
3852,-8.264212,-3.59043,3.979862,-0.321468,0.262672,0.121868,30.99,66.1692617571337
3862,-8.313264,-3.603591,3.949952,-0.319788,0.26817,0.139888,30.95,66.4455178243538
3872,-8.357532,-3.595216,3.904488,-0.317344,0.268475,0.155923,30.95,66.773016743568
3882,-8.405987,-3.595216,3.87398,-0.316734,0.262672,0.168446,30.98,67.0361275111448
3892,-8.48136,-3.602993,3.842873,-0.31429,0.250607,0.179136,30.98,67.3625652658322
3902,-8.528618,-3.602395,3.8004,-0.313374,0.233503,0.186619,31.01,67.6823685291159
3912,-8.577072,-3.623332,3.773481,-0.312458,0.210596,0.191201,31.01,67.9386976834094
3922,-8.627921,-3.626323,3.744169,-0.310625,0.180816,0.19227,30.97,68.1956280428048
3932,-8.674582,-3.625126,3.694518,-0.30864,0.147066,0.190285,30.97,68.546795095387
3942,-8.760723,-3.637689,3.675974,-0.306196,0.109039,0.176235,31,68.8177449711588
3952,-8.779864,-3.658626,3.659224,-0.299629,0.026114,0.165392,31.01,68.9577891842322
3962,-8.802596,-3.654438,3.646064,-0.296117,-0.017104,0.153022,31.01,69.0658221595038
3972,-8.819944,-3.656233,3.6341,-0.291383,-0.060323,0.139125,30.99,69.1619806329943
3982,-8.833703,-3.65384,3.631108,-0.286801,-0.104153,0.123089,30.99,69.2011606911498
3992,-8.813364,-3.650849,3.619144,-0.281609,-0.146608,0.107207,31.01,69.2242130617682
4002,-8.816954,-3.66401,3.629912,-0.275653,-0.187536,0.092088,31.01,69.1843735744514
4012,-8.803194,-3.666403,3.634698,-0.269697,-0.226784,0.0759,30.98,69.1357447433057
4022,-8.781659,-3.655036,3.655036,-0.263588,-0.26313,0.062003,30.98,68.9803259164481
4032,-8.761918,-3.656831,3.671188,-0.257174,-0.298255,0.048869,31.02,68.8600689813548
4042,-8.72124,-3.667599,3.684349,-0.251371,-0.33002,0.037874,31.02,68.7229078229604
4052,-8.698509,-3.662813,3.690929,-0.246331,-0.358578,0.029016,31.02,68.6414498981062
4062,-8.669196,-3.659224,3.719643,-0.241292,-0.384845,0.022755,31.02,68.4314411521099
4072,-8.624331,-3.653242,3.738187,-0.235947,-0.407447,0.01909,31.04,68.2422877425434
4082,-8.585447,-3.645465,3.77049,-0.231518,-0.426995,0.019853,31.04,67.9894441530267
4092,-8.55135,-3.64726,3.8004,-0.228464,-0.442725,0.02138,31,67.7656739040509
4102,-8.511271,-3.646662,3.824329,-0.224951,-0.456164,0.024893,31,67.5587340009222
4112,-8.413763,-3.6341,3.889533,-0.222355,-0.464258,0.033139,31.04,67.0042311370407
4122,-8.376674,-3.622135,3.928416,-0.218232,-0.466854,0.058338,31.04,66.7104354111565
4132,-8.34138,-3.620939,3.958925,-0.217773,-0.462425,0.072693,31,66.4734858762184
4142,-8.290532,-3.609573,3.999005,-0.215788,-0.452193,0.090255,30.96,66.1421738962389
4152,-8.243872,-3.607778,4.038486,-0.215177,-0.438907,0.108123,30.96,65.8302660210771
4164,-8.219346,-3.603591,4.080361,-0.214261,-0.421039,0.125991,30.99,65.5507779573753
4172,-8.187043,-3.598207,4.110869,-0.213956,-0.399506,0.144928,30.99,65.3126272081459
4182,-8.165507,-3.600002,4.127619,-0.213192,-0.374919,0.163559,30.97,65.177726565353
4192,-8.145168,-3.598805,4.158128,-0.212428,-0.347124,0.182191,30.97,64.9695680683108
4202,-8.13141,-3.58744,4.192824,-0.211818,-0.315359,0.199906,30.98,64.7439012523963
4212,-8.130812,-3.586243,4.22094,-0.212581,-0.281609,0.215635,30.98,64.5932490883987
4223,-8.12782,-3.572484,4.247859,-0.212581,-0.24511,0.230449,30.98,64.431009662281
4232,-8.133802,-3.574877,4.265206,-0.212581,-0.208152,0.243124,30.98,64.3561946026141
4242,-8.149356,-3.562913,4.286742,-0.213956,-0.169515,0.253967,31,64.2672424697531
4252,-8.158927,-3.565904,4.291527,-0.215941,-0.129351,0.261908,31,64.2673425509645
4262,-8.184649,-3.556931,4.305884,-0.218079,-0.088881,0.26817,30.96,64.2427560970321
4272,-8.20798,-3.559324,4.306482,-0.220675,-0.048717,0.270919,30.96,64.2957047186185
4282,-8.245069,-3.549154,4.3005,-0.223271,-0.009621,0.271682,30.95,64.4016662547697
4292,-8.315658,-3.536592,4.284349,-0.226326,0.062919,0.264047,30.95,64.6335301542372
4302,-8.353942,-3.539583,4.292126,-0.234878,0.09499,0.2558,31,64.6824560377774
4312,-8.389835,-3.542574,4.267001,-0.239306,0.124464,0.245568,31.03,64.8952205707116
4322,-8.438888,-3.539583,4.232903,-0.244652,0.149662,0.232129,31.03,65.1768909779674
4332,-8.478967,-3.531806,4.211967,-0.24908,0.171042,0.217163,31.01,65.3655194661552
4342,-8.516654,-3.521637,4.188038,-0.253967,0.188452,0.200058,31.01,65.5615551754155
4352,-8.544172,-3.519842,4.165905,-0.260534,0.20128,0.179594,31.01,65.7333353257851
4362,-8.597412,-3.528815,4.128217,-0.264963,0.21029,0.159894,31.01,66.04884233824
4372,-8.621939,-3.531806,4.097709,-0.270002,0.21365,0.13775,30.99,66.2602382716851
4382,-8.64826,-3.516253,4.063612,-0.274584,0.212734,0.115148,30.99,66.4777708496996
4392,-8.665607,-3.522235,4.028317,-0.278402,0.207847,0.091477,31.01,66.7009710743127
4402,-8.679366,-3.523431,3.997808,-0.28054,0.199906,0.07086,31.01,66.8879746983027
4412,-8.679964,-3.531806,3.956532,-0.284052,0.18891,0.0478,31,67.1100070088478
4422,-8.681759,-3.515056,3.926622,-0.285427,0.175166,0.027184,31,67.2552834614081
4432,-8.687741,-3.516253,3.891926,-0.28619,0.15913,0.007941,30.98,67.4490233418391
4442,-8.68475,-3.521637,3.863212,-0.28619,0.140652,-0.00901,30.98,67.5972882573472
4452,-8.664412,-3.533002,3.799803,-0.285274,0.121104,-0.022449,30.98,67.8984002302625
4462,-8.644073,-3.531806,3.781258,-0.283441,0.100029,-0.045204,30.98,67.9548590907637
4472,-8.625527,-3.529413,3.758526,-0.27718,0.054062,-0.050855,30.98,68.0363175921296
4482,-8.600404,-3.531806,3.733402,-0.273973,0.028711,-0.054672,31.02,68.1217881044708
4492,-8.567502,-3.538985,3.715455,-0.270155,0.003054,-0.055436,31.02,68.1581431839464
4502,-8.550752,-3.545565,3.705286,-0.266948,-0.023976,-0.054214,30.98,68.1846744927041
4512,-8.540583,-3.553342,3.689733,-0.263894,-0.050702,-0.049327,30.98,68.2540452989346
4522,-8.526823,-3.555136,3.678965,-0.260839,-0.078038,-0.04215,30.99,68.2860305800681
4532,-8.493923,-3.558127,3.661617,-0.258854,-0.105374,-0.032987,30.99,68.3167468314615
4542,-8.483154,-3.56052,3.665804,-0.256105,-0.132252,-0.022297,31.02,68.2749866371474
4552,-8.469396,-3.566502,3.669394,-0.253356,-0.15913,-0.007789,31.02,68.2334622521506
4562,-8.452645,-3.572484,3.672983,-0.251524,-0.186008,0.007178,31.01,68.1859642495057
4572,-8.437692,-3.585645,3.672983,-0.250455,-0.211818,0.024587,31.01,68.1673555640559
4582,-8.422735,-3.579065,3.683152,-0.248622,-0.236558,0.041386,30.98,68.0772381937317
4592,-8.410173,-3.588037,3.695715,-0.2474,-0.260992,0.060476,30.98,67.9920834727989
4602,-8.415558,-3.597011,3.713661,-0.246484,-0.283289,0.080023,30.98,67.9139908376298
4612,-8.41436,-3.6006,3.731607,-0.244957,-0.304516,0.099571,30.98,67.8182684805747
4622,-8.39821,-3.608975,3.763312,-0.243735,-0.324675,0.117744,31,67.6228448175632
4632,-8.402397,-3.609573,3.813561,-0.242666,-0.342543,0.13607,31,67.3631404392139
4642,-8.406584,-3.633501,3.855436,-0.240375,-0.369879,0.167377,31.03,67.1698341576552
4652,-8.405388,-3.632305,3.884149,-0.239917,-0.377515,0.181885,30.97,67.0138773326696
4662,-8.407781,-3.631108,3.922434,-0.237932,-0.382096,0.194866,30.97,66.8150543236527
4672,-8.412566,-3.633501,3.952943,-0.237168,-0.383013,0.203265,31.01,66.6661184522628
4682,-8.418548,-3.63051,4.00379,-0.235336,-0.380111,0.20861,31.01,66.4084945168609
4692,-8.416155,-3.636492,4.041477,-0.233809,-0.372781,0.213497,31,66.211392216409
4702,-8.430512,-3.641876,4.079762,-0.232587,-0.361632,0.213956,31,66.0468711775513
4712,-8.421539,-3.635296,4.111467,-0.231823,-0.347888,0.21365,30.99,65.8566175170973
4722,-8.4347,-3.649055,4.146762,-0.229533,-0.330784,0.209832,30.99,65.7143578293099
4732,-8.44427,-3.639483,4.173083,-0.228158,-0.31032,0.204029,31,65.589874711164
4742,-8.444869,-3.637689,4.188038,-0.225715,-0.28787,0.19563,31,65.5122759285357
4752,-8.453244,-3.651447,4.22393,-0.224188,-0.264352,0.18555,31,65.3583447163783
4762,-8.455637,-3.64726,4.232903,-0.222813,-0.239612,0.172722,31,65.3135049033374
4772,-8.450253,-3.648456,4.252046,-0.22098,-0.213192,0.159283,30.98,65.2046645209704
4782,-8.453843,-3.643072,4.261617,-0.21869,-0.186619,0.145386,30.98,65.1583459742284
4792,-8.441879,-3.637689,4.272385,-0.21701,-0.159741,0.129351,31.02,65.0719639227812
4802,-8.447861,-3.646064,4.273581,-0.215025,-0.133169,0.113774,31.02,65.0868082961241
4812,-8.427522,-3.628117,4.271787,-0.213956,-0.078954,0.085216,31.02,65.0345371871859
4822,-8.421539,-3.631108,4.269992,-0.212276,-0.052534,0.07254,30.96,65.0334476119127
4832,-8.402995,-3.627519,4.251448,-0.211665,-0.026878,0.062156,30.96,65.0846819993755
4842,-8.392226,-3.62393,4.245465,-0.211207,-0.002291,0.051924,31.02,65.0884437441395
4852,-8.370691,-3.62393,4.232903,-0.210138,0.022144,0.045051,31.02,65.1059200953371
4862,-8.369495,-3.618546,4.204189,-0.21029,0.045357,0.040012,31.01,65.2467754025898
4872,-8.358727,-3.605386,4.190431,-0.211207,0.067042,0.036957,31.01,65.2820525173354
4882,-8.340781,-3.607778,4.168896,-0.212123,0.087659,0.03543,30.98,65.3569488600816
4892,-8.325827,-3.601796,4.150351,-0.213039,0.106291,0.03711,30.98,65.4152040497163
4902,-8.319246,-3.598805,4.124628,-0.21365,0.123853,0.04047,30.97,65.532482214712
4912,-8.313862,-3.592823,4.095316,-0.216246,0.139125,0.045509,30.97,65.6688047668964
4922,-8.308478,-3.589832,4.071986,-0.218232,0.152564,0.052687,30.97,65.776950142716
4932,-8.315658,-3.582056,4.033103,-0.221591,0.164781,0.062156,30.97,65.9902534464107
4942,-8.317451,-3.580261,4.006782,-0.225715,0.173791,0.072846,30.98,66.1315804090831
4952,-8.327621,-3.567699,3.983452,-0.22938,0.180663,0.084147,30.98,66.2653741392797
4962,-8.34138,-3.568895,3.946961,-0.233503,0.184023,0.094073,31.01,66.4893952238746
4972,-8.355139,-3.556931,3.882953,-0.237627,0.18387,0.106749,31.01,66.8483291626908
4982,-8.404191,-3.548556,3.853043,-0.242208,0.171959,0.127518,30.99,67.1027377852818
4992,-8.426325,-3.542574,3.829114,-0.251829,0.159894,0.136987,31.02,67.2708386573041
5002,-8.463414,-3.538985,3.794419,-0.2558,0.143401,0.145997,31.02,67.5287121597228
5012,-8.489736,-3.539583,3.766303,-0.259618,0.124158,0.153938,31.01,67.7325093853815
5022,-8.514859,-3.531806,3.745365,-0.262672,0.100945,0.158672,31.01,67.8881864339608
5032,-8.547162,-3.519244,3.731009,-0.265268,0.074678,0.163406,31.04,68.0188487479034
5042,-8.571091,-3.526422,3.716652,-0.266643,0.046273,0.167683,31.04,68.148629791769
5052,-8.603992,-3.528217,3.697509,-0.268933,0.015577,0.168446,31,68.3166620392571
5062,-8.60818,-3.525824,3.690929,-0.269697,-0.016646,0.168446,31,68.3579454575157
5072,-8.636893,-3.526422,3.680759,-0.269392,-0.049633,0.168141,31.01,68.468425520341
5082,-8.656634,-3.523431,3.685545,-0.267559,-0.083383,0.166613,31.01,68.4789346845493
5092,-8.660224,-3.518047,3.689733,-0.266032,-0.11637,0.162796,30.98,68.4594356978821
5102,-8.662019,-3.528815,3.695715,-0.263436,-0.149357,0.158061,30.98,68.4397011002488
5112,-8.677571,-3.522235,3.698706,-0.258854,-0.182343,0.151495,31.02,68.4488140808865
5122,-8.67817,-3.519842,3.714259,-0.253814,-0.21365,0.145844,31.02,68.3658246776789
5132,-8.683554,-3.537788,3.729214,-0.247706,-0.242666,0.137445,31.01,68.3114804704562
5142,-8.669795,-3.526422,3.777669,-0.241903,-0.270308,0.129198,31.01,68.0201628308645
5152,-8.64467,-3.538387,3.78724,-0.235183,-0.295353,0.111025,31,67.9298345854267
5162,-8.636893,-3.541976,3.831507,-0.222202,-0.335365,0.101251,31.02,67.684449427062
5172,-8.623135,-3.551547,3.844668,-0.214719,-0.351095,0.091172,31.02,67.5956952531931
5182,-8.59801,-3.561717,3.884748,-0.207847,-0.363618,0.080634,31.03,67.3432940650304
5192,-8.579466,-3.558127,3.909274,-0.20128,-0.373086,0.071319,31.03,67.1740778876266
5202,-8.553743,-3.558127,3.941577,-0.195782,-0.379042,0.062919,31,66.9521949113206
5212,-8.529217,-3.559324,3.968496,-0.190743,-0.382554,0.054367,31,66.7616276184269
5222,-8.510672,-3.56411,3.997808,-0.185856,-0.382249,0.048411,30.96,66.5738460241868
5232,-8.476574,-3.572484,4.03729,-0.181732,-0.378889,0.042455,30.96,66.3032899697888
5242,-8.443673,-3.570091,4.066004,-0.179442,-0.371711,0.036652,30.97,66.0813373969236
5252,-8.412566,-3.576672,4.092923,-0.17822,-0.36041,0.034514,30.97,65.880104150832
5262,-8.385049,-3.586841,4.113262,-0.177915,-0.346055,0.032223,30.94,65.7238936765284
5272,-8.350353,-3.591029,4.135396,-0.178678,-0.328187,0.031765,30.94,65.5368070654043
5282,-8.328219,-3.583252,4.176074,-0.179594,-0.307723,0.03207,30.99,65.2686422099829
5292,-8.291729,-3.597011,4.19402,-0.182954,-0.282525,0.034361,30.99,65.1074544603121
5302,-8.268997,-3.61077,4.219743,-0.186619,-0.255494,0.036957,30.98,64.9360692784079
5312,-8.256434,-3.61376,4.232305,-0.19059,-0.224493,0.04215,30.98,64.8454486867746
5322,-8.225926,-3.598805,4.271787,-0.196699,-0.19227,0.046731,31.01,64.5563717450628
5332,-8.212168,-3.611966,4.28076,-0.210443,-0.123395,0.057879,31.01,64.4915608894425
5342,-8.204989,-3.60718,4.28734,-0.218842,-0.087048,0.063835,30.98,64.4362098521427
5352,-8.213962,-3.618546,4.27717,-0.225715,-0.050549,0.071013,31,64.5208854300404
5362,-8.21157,-3.61376,4.280162,-0.233809,-0.013439,0.07758,31,64.4951063746165
5372,-8.222935,-3.620341,4.271188,-0.241597,0.022144,0.084299,31.01,64.5741256926704
5382,-8.225926,-3.618546,4.262814,-0.249538,0.058032,0.091935,31.01,64.6226738726065
5392,-8.255239,-3.61376,4.243073,-0.257022,0.090866,0.098197,31.01,64.7867055227058
5402,-8.268997,-3.621537,4.211368,-0.264199,0.121257,0.103236,31.01,64.9902167763774
5412,-8.296515,-3.623332,4.189234,-0.269697,0.149967,0.107818,30.99,65.1683953582934
5422,-8.322835,-3.61735,4.162913,-0.273668,0.173791,0.111636,30.99,65.3578699832851
5432,-8.356335,-3.62393,4.13061,-0.277638,0.194713,0.115606,30.98,65.6057388198873
5442,-8.387442,-3.625126,4.091727,-0.280387,0.210901,0.118202,30.98,65.8769949053997
5452,-8.420941,-3.614957,4.052843,-0.282831,0.221591,0.120035,30.98,66.1424145216921
5462,-8.450253,-3.62393,4.015755,-0.284052,0.228769,0.121104,30.98,66.4065026084237
5472,-8.483753,-3.626323,3.967898,-0.283594,0.229991,0.123242,30.96,66.7291682276872
5482,-8.511868,-3.618546,3.920042,-0.281609,0.226478,0.122326,30.96,67.0313238471461
5492,-8.532208,-3.620341,3.851248,-0.279165,0.216704,0.121715,31,67.4361749092887
5502,-8.581859,-3.622135,3.818945,-0.275348,0.183565,0.122173,31,67.7073275897414
5512,-8.601001,-3.626323,3.783651,-0.266337,0.160658,0.119424,31.04,67.9346695921386
5522,-8.60818,-3.624528,3.750151,-0.260839,0.134696,0.116981,30.98,68.124063280253
5532,-8.632706,-3.61376,3.729214,-0.254273,0.104763,0.114385,30.98,68.2736535129296
5542,-8.63809,-3.610171,3.702893,-0.247553,0.073457,0.112094,31,68.4203510853043
5552,-8.65484,-3.606582,3.689135,-0.240986,0.040164,0.108887,31,68.5225397786896
5562,-8.660224,-3.605386,3.682554,-0.232892,0.004887,0.105374,31.02,68.5667461271249
5572,-8.653644,-3.614359,3.669992,-0.224188,-0.02978,0.101862,31.02,68.627827235666
5582,-8.649456,-3.605386,3.667001,-0.215483,-0.065057,0.097738,31.04,68.6284969027222
5592,-8.641679,-3.593421,3.665206,-0.207083,-0.099724,0.093004,31.04,68.6135581644806
5602,-8.63809,-3.600002,3.666403,-0.198837,-0.133321,0.089797,31.01,68.6055743371882
5612,-8.626723,-3.598207,3.678965,-0.190132,-0.166308,0.085368,31.01,68.5155920601732
5622,-8.627921,-3.586243,3.691527,-0.181427,-0.197004,0.081703,30.98,68.4416314677984
5632,-8.605787,-3.578466,3.70409,-0.172722,-0.22602,0.079107,30.98,68.3257106229733
5642,-8.592626,-3.573681,3.722036,-0.165392,-0.252135,0.076053,30.96,68.2008397715335
5652,-8.567502,-3.574279,3.742374,-0.158825,-0.276264,0.074678,30.96,68.0439303879338
5662,-8.55135,-3.565306,3.799803,-0.152716,-0.298102,0.073915,31.02,67.6998883319908
5672,-8.522038,-3.561118,3.839284,-0.147219,-0.316123,0.075136,31.02,67.4283418114209
5682,-8.490333,-3.556931,3.856034,-0.141263,-0.344833,0.077274,31.03,67.2715361682295
5692,-8.470592,-3.543771,3.902096,-0.140652,-0.353996,0.079565,31,66.9758648826545
5702,-8.447262,-3.54736,3.928416,-0.141568,-0.36041,0.08323,31,66.7913872871571
5712,-8.428718,-3.535994,3.963711,-0.144775,-0.362549,0.088881,31.02,66.5561109417315
5722,-8.417352,-3.53061,4.006183,-0.148288,-0.360869,0.094531,31.02,66.3034105210681
5732,-8.389236,-3.531208,4.0337,-0.151953,-0.354913,0.100487,31.01,66.0989864240046
5742,-8.366504,-3.53719,4.067799,-0.158061,-0.346361,0.10797,31.01,65.8760903884339
5752,-8.359925,-3.538985,4.10728,-0.166003,-0.333227,0.116064,30.97,65.6562956623156
5762,-8.333005,-3.524628,4.123432,-0.173028,-0.318108,0.124158,30.97,65.4993190448586
5772,-8.317451,-3.528217,4.150949,-0.181274,-0.299019,0.131947,30.99,65.3241474554917
5782,-8.299506,-3.528217,4.172484,-0.189215,-0.277027,0.139583,30.99,65.1715536006537
5792,-8.3013,-3.528815,4.194618,-0.197462,-0.252593,0.147677,31,65.0604119226901
5802,-8.294122,-3.534199,4.212564,-0.206014,-0.2277,0.153022,31,64.9558047555838
5812,-8.287541,-3.543172,4.226922,-0.213345,-0.199295,0.15913,30.98,64.8747730901087
5822,-8.279764,-3.522833,4.237689,-0.221439,-0.169362,0.163865,30.98,64.7816020813066
5832,-8.288737,-3.534797,4.235296,-0.228464,-0.139888,0.166919,31,64.8257961678179
5842,-8.299506,-3.544966,4.232305,-0.23442,-0.10965,0.167683,31,64.8753323614131
5852,-8.304291,-3.562913,4.226323,-0.245873,-0.049175,0.166003,30.98,64.9343898739806
5862,-8.333604,-3.565904,4.217948,-0.250607,-0.019548,0.161879,30.97,65.0461429753172
5872,-8.344371,-3.570091,4.208975,-0.25412,0.007789,0.157756,30.97,65.1206312652528
5882,-8.363514,-3.571288,4.189833,-0.256716,0.034819,0.151189,31.02,65.263509589366
5892,-8.386245,-3.580859,4.163511,-0.258091,0.059254,0.143401,31.02,65.45914132694
5902,-8.397013,-3.591627,4.14736,-0.257632,0.080787,0.134238,30.96,65.5765960270584
5912,-8.429914,-3.585645,4.128217,-0.256716,0.098655,0.123853,30.96,65.7418040607915
5922,-8.456235,-3.586243,4.1007,-0.254884,0.113926,0.111941,30.98,65.9419414508441
5932,-8.475378,-3.589234,4.082156,-0.251676,0.125991,0.09896,30.98,66.0818944515015
5942,-8.500502,-3.595216,4.06062,-0.247859,0.133932,0.086743,31.02,66.2524326928258
5952,-8.513064,-3.595814,4.034299,-0.243277,0.138666,0.072693,31.02,66.4163380387064
5962,-8.539985,-3.605386,4.005585,-0.237168,0.140194,0.060018,31.03,66.6303999013639
5972,-8.541181,-3.601198,3.974478,-0.232892,0.137903,0.045357,31.03,66.7914370179273
5982,-8.554939,-3.608975,3.958327,-0.227242,0.134085,0.03146,31,66.910816573044
5992,-8.565108,-3.604787,3.938586,-0.22037,0.126755,0.018937,31,67.0311473152302
6002,-8.57169,-3.6006,3.917649,-0.214872,0.117744,0.007789,31.01,67.1504733653369
6012,-8.589635,-3.599404,3.900301,-0.209374,0.106596,-0.003054,31.01,67.2766330679256
6022,-8.588439,-3.602395,3.88056,-0.204793,0.081092,-0.020617,31.02,67.3801535472345
6032,-8.590234,-3.601796,3.874578,-0.19792,0.066737,-0.028405,31.06,67.4146237405368
6042,-8.575877,-3.59402,3.85723,-0.195019,0.052076,-0.033445,31.06,67.4702744003321
6052,-8.580065,-3.601796,3.851248,-0.194408,0.03711,-0.036499,30.98,67.5166855148139
6062,-8.569296,-3.597609,3.830909,-0.195019,0.020769,-0.039401,30.98,67.5986247618553
6072,-8.559725,-3.589234,3.827918,-0.195019,0.004123,-0.039859,30.98,67.5881648112026
6082,-8.548957,-3.589234,3.82732,-0.196088,-0.012217,-0.038026,30.98,67.5696986371086
6092,-8.545966,-3.597011,3.82074,-0.197615,-0.029016,-0.034514,30.98,67.6050072497181
6102,-8.533404,-3.592823,3.824927,-0.200822,-0.045662,-0.027794,30.98,67.5540971182121
6112,-8.511868,-3.593421,3.813561,-0.203571,-0.062308,-0.019242,30.98,67.57138997352
6122,-8.498111,-3.581457,3.800999,-0.207083,-0.079871,-0.010996,30.98,67.6001200998509
6132,-8.484949,-3.592225,3.80399,-0.211359,-0.095906,0.000916,31,67.566846407067
6142,-8.469396,-3.58744,3.787838,-0.216094,-0.112246,0.015424,31,67.6172598180507
6152,-8.458628,-3.58385,3.796811,-0.219606,-0.129809,0.030849,31.01,67.5445997070952
6165,-8.42812,-3.600002,3.795615,-0.225257,-0.161727,0.065057,30.99,67.5029980449141
6172,-8.42812,-3.600002,3.795615,-0.225257,-0.161727,0.065057,30.99,67.5029980449141
6182,-8.428718,-3.592225,3.795017,-0.226936,-0.178067,0.08323,30.99,67.5006590687945
6192,-8.401799,-3.605386,3.805186,-0.227547,-0.192423,0.121257,30.96,67.4029608625048
6202,-8.400601,-3.611368,3.819543,-0.226936,-0.22098,0.139735,31,67.3291231652127
6212,-8.400003,-3.6006,3.824927,-0.224798,-0.233503,0.157603,31,67.2896993434504
6222,-8.393424,-3.598805,3.832704,-0.222813,-0.244804,0.173944,31.01,67.2331121509065
6232,-8.38146,-3.603591,3.854837,-0.218384,-0.255036,0.188299,31.01,67.0946655121103
6242,-8.4012,-3.605984,3.860819,-0.213345,-0.262672,0.200975,30.98,67.1057301735053
6252,-8.4012,-3.613162,3.878766,-0.206931,-0.268781,0.212276,30.98,67.0167283799234
6262,-8.410173,-3.615555,3.901497,-0.200211,-0.272599,0.220828,30.98,66.9168963427349
6272,-8.412566,-3.60718,3.929613,-0.19227,-0.274278,0.226936,30.98,66.7656308340065
6282,-8.418548,-3.619742,3.954738,-0.184023,-0.274278,0.230602,31,66.6567667206311
6292,-8.425727,-3.620341,3.969095,-0.175929,-0.272446,0.231976,31,66.5967070147358
6302,-8.440084,-3.610171,3.990032,-0.16753,-0.269392,0.229533,30.98,66.5076103284955
6312,-8.455637,-3.611966,4.020541,-0.159436,-0.262672,0.224493,30.98,66.3820147870169
6322,-8.461619,-3.608975,4.052843,-0.151647,-0.255036,0.217315,30.98,66.2232051939619
6332,-8.47119,-3.600002,4.076771,-0.144622,-0.246179,0.207236,30.98,66.1107188877418
6342,-8.475378,-3.598805,4.101298,-0.138666,-0.234878,0.194713,30.94,65.9910426855483
6352,-8.484351,-3.584448,4.148556,-0.133474,-0.222202,0.181427,30.94,65.7523343953878
6362,-8.487941,-3.585645,4.176074,-0.130114,-0.206625,0.167224,30.99,65.619006823593
6372,-8.492128,-3.586841,4.191029,-0.125991,-0.1715,0.133932,31.02,65.5520329918672
6382,-8.487941,-3.574279,4.21077,-0.126907,-0.152105,0.11637,31.02,65.4298913641099
6392,-8.487342,-3.581457,4.22094,-0.129656,-0.131489,0.09896,30.98,65.3828510446503
6402,-8.477173,-3.570091,4.232903,-0.132405,-0.110414,0.08262,30.98,65.2888161932459
6412,-8.466404,-3.572484,4.246064,-0.138514,-0.087354,0.067042,30.96,65.1998650086437
6422,-8.454441,-3.56411,4.24068,-0.143859,-0.063988,0.052382,30.96,65.1936235341985
6432,-8.439486,-3.556333,4.237091,-0.15012,-0.040317,0.039095,30.96,65.1720967796983
6442,-8.426923,-3.554538,4.236493,-0.158061,-0.016341,0.028558,30.96,65.1458867150749
6452,-8.415558,-3.554538,4.226922,-0.166613,0.007178,0.018479,31.03,65.1702697130594
6462,-8.399406,-3.556333,4.224528,-0.175166,0.030238,0.012523,31.03,65.1487201895895
6472,-8.39821,-3.564708,4.203591,-0.183718,0.053145,0.006872,30.99,65.2622780157965
6482,-8.382057,-3.540779,4.187439,-0.192728,0.074831,0.00336,30.99,65.2882522477514
6492,-8.36471,-3.539583,4.161717,-0.201738,0.096211,0.001985,30.97,65.3828323887617
6502,-8.359326,-3.544369,4.150351,-0.210138,0.115912,0.001985,30.97,65.434745612737
6512,-8.356335,-3.555735,4.110271,-0.218384,0.133474,0.003818,30.98,65.6483074739589
6522,-8.362316,-3.534199,4.091129,-0.22602,0.149051,0.007636,30.98,65.7417652445153
6532,-8.353942,-3.529413,4.025326,-0.234267,0.162185,0.011301,31,66.0654785683676
6542,-8.382057,-3.548556,3.988835,-0.248622,0.179594,0.023976,31,66.3357799151743
6552,-8.392825,-3.54736,3.966702,-0.253051,0.183412,0.031612,31,66.4745291036381
6562,-8.399406,-3.550351,3.925426,-0.258091,0.183107,0.038026,30.98,66.7095873091003
6572,-8.425129,-3.552145,3.888337,-0.261908,0.179136,0.045968,30.98,66.9616613792438
6582,-8.443074,-3.547958,3.85723,-0.264657,0.171959,0.052993,30.99,67.1603644317472
6592,-8.461619,-3.535396,3.830909,-0.266643,0.160199,0.060018,30.99,67.3276194216083
6602,-8.492725,-3.540181,3.792026,-0.266795,0.14508,0.067042,31.01,67.6019788572527
6612,-8.520243,-3.555735,3.771687,-0.265879,0.126449,0.073915,31.01,67.7787155884491
6622,-8.532805,-3.549752,3.74716,-0.264352,0.104153,0.080176,30.96,67.9293620472887
6632,-8.557332,-3.555136,3.725027,-0.262672,0.077885,0.083994,30.96,68.1003101715643
6642,-8.574679,-3.553342,3.708277,-0.259312,0.050091,0.088728,31,68.2221859769909
6652,-8.59143,-3.553342,3.687938,-0.255189,0.0197,0.091019,31,68.3632748555581
6662,-8.608777,-3.561717,3.678965,-0.250149,-0.013134,0.092393,30.99,68.4515453349324
6672,-8.623135,-3.553342,3.672385,-0.244193,-0.046731,0.092699,30.99,68.507680606956
6682,-8.630911,-3.568895,3.675974,-0.237016,-0.080023,0.093004,31,68.5160615561759
6692,-8.628518,-3.572484,3.673581,-0.229685,-0.114537,0.092699,31,68.527020444622
6702,-8.63809,-3.573681,3.696911,-0.221897,-0.148593,0.090255,31.02,68.4226865497372
6712,-8.624331,-3.582654,3.707081,-0.213192,-0.211054,0.084452,31.02,68.3493096497176
6722,-8.611171,-3.583252,3.722634,-0.197004,-0.239765,0.079871,31,68.2417384191798
6732,-8.6016,-3.592823,3.746562,-0.186772,-0.265574,0.078038,30.98,68.1041081819324
6742,-8.588439,-3.594618,3.768696,-0.177304,-0.288023,0.073457,30.98,67.962598270801
6752,-8.568698,-3.59402,3.802794,-0.168446,-0.307418,0.070097,30.98,67.7427436283066
6762,-8.560324,-3.601796,3.824927,-0.159741,-0.323453,0.067653,30.98,67.6157196015663
6772,-8.542377,-3.606582,3.870391,-0.151647,-0.336434,0.064599,31,67.3441277837134
6782,-8.508877,-3.605984,3.892524,-0.144011,-0.345902,0.063225,31,67.1590063427696
6792,-8.496315,-3.608377,3.924229,-0.137292,-0.351095,0.062614,31,66.9685303054547
6802,-8.456833,-3.618546,3.962514,-0.131641,-0.35308,0.06185,31,66.6946103321078
6812,-8.449057,-3.60718,3.994219,-0.126755,-0.350789,0.062156,31.04,66.5017802295836
6822,-8.420342,-3.637689,4.02413,-0.122937,-0.346055,0.06185,31.04,66.3121537422628
6832,-8.401799,-3.619144,4.064209,-0.120188,-0.336587,0.063988,30.98,66.0460372096711
6842,-8.386844,-3.622734,4.091727,-0.119119,-0.324369,0.067195,30.98,65.8734913733681
6852,-8.352745,-3.622135,4.122235,-0.118202,-0.309403,0.07025,30.99,65.6399765301392
6862,-8.352745,-3.625725,4.149154,-0.120188,-0.290772,0.075136,30.99,65.5029387959329
6872,-8.324032,-3.628117,4.198207,-0.122784,-0.267864,0.080023,30.97,65.1870196339557
6882,-8.318647,-3.617948,4.206582,-0.126755,-0.244804,0.091324,30.97,65.1218270117676
6892,-8.291729,-3.616751,4.235296,-0.136528,-0.190895,0.097586,30.96,64.9116965850076
6902,-8.273782,-3.626921,4.233501,-0.143248,-0.161727,0.102473,31,64.8909125240957
6912,-8.282157,-3.622135,4.255635,-0.151189,-0.1321,0.108734,31,64.7899748780536
6922,-8.277969,-3.628117,4.252046,-0.159283,-0.10064,0.114385,30.97,64.8050896607848
6932,-8.285149,-3.62393,4.247859,-0.168752,-0.070402,0.118966,30.97,64.8387735388111
6942,-8.283952,-3.617948,4.237091,-0.17822,-0.039859,0.123242,30.97,64.8861868510237
6952,-8.3013,-3.616751,4.245465,-0.187077,-0.010079,0.125991,30.97,64.8802467238026
6962,-8.306085,-3.610171,4.232305,-0.196851,0.018631,0.127671,31.01,64.952825384344
6972,-8.318049,-3.614957,4.214359,-0.206472,0.045815,0.128893,31.01,65.0772107932724
6982,-8.33121,-3.602395,4.192824,-0.214566,0.071013,0.129351,30.99,65.2062206188878
6992,-8.357532,-3.604189,4.184449,-0.222966,0.093615,0.12874,30.99,65.3093743590771
7002,-8.382057,-3.588037,4.148556,-0.228769,0.114843,0.125838,31.02,65.5345084818255
7012,-8.389236,-3.591627,4.119842,-0.234725,0.131489,0.122784,31.02,65.7030561496505
7022,-8.425727,-3.591029,4.088138,-0.239917,0.145997,0.120493,30.96,65.9464463949264
7032,-8.438289,-3.586243,4.070191,-0.242972,0.156687,0.116523,30.96,66.062595808584
7042,-8.453244,-3.59043,4.036692,-0.243583,0.16417,0.111941,31.02,66.2731506240058
7052,-8.496315,-3.589234,3.969095,-0.244499,0.168141,0.105985,31.02,66.7162569860914
7062,-8.513663,-3.588037,3.937988,-0.240375,0.16417,0.096211,31.02,66.9142638965192
7072,-8.520842,-3.576672,3.911667,-0.236252,0.157451,0.090103,31.01,67.0574640138306
7082,-8.55434,-3.585645,3.881757,-0.231212,0.147524,0.085674,31.01,67.2907426067055
7092,-8.551949,-3.575475,3.856034,-0.225104,0.134543,0.081703,30.97,67.4126538719481
7102,-8.569296,-3.571886,3.824927,-0.217773,0.118355,0.076205,30.97,67.6085962576414
7112,-8.583653,-3.571288,3.815356,-0.21029,0.100182,0.07025,31.03,67.6873360504943
7122,-8.584849,-3.556333,3.790231,-0.202349,0.079871,0.066279,31.03,67.8100060429197
7132,-8.584252,-3.566502,3.776472,-0.194408,0.05849,0.062614,30.98,67.8899718192414
7142,-8.59442,-3.547958,3.771687,-0.186619,0.034361,0.057421,30.98,67.9202267564801
7152,-8.600404,-3.55394,3.761517,-0.178678,0.009621,0.052534,31.03,67.9907904492389
7162,-8.595617,-3.543771,3.766901,-0.171653,-0.014966,0.047953,31.03,67.9445048977657
7172,-8.593225,-3.548556,3.756732,-0.165544,-0.039706,0.045204,30.98,67.9975293150116
7182,-8.592626,-3.547958,3.765106,-0.158825,-0.06353,0.040317,30.98,67.9515031360486
7192,-8.590831,-3.533002,3.75733,-0.153938,-0.087812,0.03711,30.98,67.9769214860834
7202,-8.571091,-3.528217,3.776472,-0.150731,-0.111636,0.034361,30.98,67.8322414733564
7212,-8.562119,-3.532404,3.78724,-0.14844,-0.133779,0.030849,30.99,67.7606681647976
7222,-8.569296,-3.530011,3.813561,-0.145997,-0.153785,0.029169,30.99,67.6337662090201
7232,-8.525627,-3.526422,3.831507,-0.145691,-0.189368,0.028863,30.99,67.4475019872279
7242,-8.525627,-3.522833,3.851846,-0.145691,-0.204945,0.028711,31.01,67.3368295410262
7252,-8.508877,-3.526422,3.865007,-0.147829,-0.218537,0.030543,31.01,67.2359925987115
7262,-8.497512,-3.527619,3.900899,-0.150273,-0.229074,0.033292,31,67.0239688924348
7272,-8.487342,-3.535396,3.902694,-0.153327,-0.23839,0.037263,31,67.0001487899454
7282,-8.472386,-3.532404,3.926024,-0.157145,-0.244804,0.043066,30.99,66.843364521565
7292,-8.44427,-3.537788,3.948756,-0.160963,-0.248775,0.048869,30.99,66.6693307965589
7302,-8.423933,-3.535994,3.964907,-0.164323,-0.25076,0.055894,30.95,66.5396993312049
7312,-8.416155,-3.540779,3.990032,-0.168293,-0.249691,0.063225,30.95,66.3950005105086
7322,-8.400003,-3.54736,4.002594,-0.172111,-0.246179,0.071166,31,66.3003684261886
7332,-8.377871,-3.562315,4.028317,-0.176235,-0.240528,0.079718,31,66.1311660286601
7342,-8.378469,-3.558127,4.048656,-0.180663,-0.232892,0.087965,30.98,66.0216662995815
7352,-8.363514,-3.554538,4.065406,-0.184176,-0.221897,0.097891,30.98,65.8981102156697
7362,-8.360522,-3.561118,4.081557,-0.186772,-0.209832,0.10568,31,65.8129001820481
7372,-8.349755,-3.574877,4.089334,-0.189826,-0.19624,0.113316,31,65.7614924423322
7382,-8.357532,-3.576672,4.106682,-0.192117,-0.181274,0.121562,30.96,65.689157733877
7392,-8.344969,-3.595814,4.111467,-0.19395,-0.164781,0.128129,30.96,65.6546688686968
7402,-8.353942,-3.591627,4.119842,-0.19563,-0.147982,0.136223,30.98,65.6264600487454
7412,-8.360522,-3.599404,4.119842,-0.197004,-0.112094,0.138972,30.95,65.6480378972466
7422,-8.370691,-3.602395,4.11745,-0.198378,-0.0956,0.139277,30.95,65.6853848616585
7432,-8.377273,-3.601796,4.111467,-0.197615,-0.078191,0.138666,30.95,65.7303174514785
7442,-8.38445,-3.622135,4.104887,-0.196088,-0.062156,0.13607,30.95,65.7990734676856
7452,-8.404191,-3.629314,4.096512,-0.195477,-0.047495,0.131641,31.02,65.8918233865073
7462,-8.408977,-3.631706,4.091727,-0.19395,-0.033445,0.127213,31.02,65.929230354492
7472,-8.416754,-3.628716,4.089334,-0.19227,-0.020159,0.120951,31.02,65.9555711685735
7482,-8.440084,-3.632305,4.078567,-0.189826,-0.008552,0.113316,31.02,66.0646652519256
7492,-8.455637,-3.632305,4.061816,-0.188299,0.000153,0.104458,31,66.1848881266167
7502,-8.468199,-3.642474,4.06062,-0.186161,0.008552,0.096059,31,66.2268418136132
7512,-8.48136,-3.644269,4.038486,-0.18387,0.015119,0.085827,31.03,66.3713668490324
7522,-8.498111,-3.64726,4.032505,-0.180816,0.019242,0.076358,31.03,66.4402088420343
7532,-8.488539,-3.645465,4.026522,-0.178525,0.022907,0.066584,31.01,66.4497920137178
7542,-8.501101,-3.644867,4.009772,-0.176693,0.025351,0.05681,31.01,66.5627388556812
7552,-8.505288,-3.638287,4.00738,-0.174555,0.026267,0.048106,30.98,66.5780564783214
7562,-8.514859,-3.628716,3.993621,-0.172722,0.02642,0.039401,30.98,66.6612112215523
7572,-8.516056,-3.6341,3.991228,-0.1715,0.025351,0.031918,31.01,66.6809304623479
7582,-8.508279,-3.628117,3.988835,-0.169057,0.020311,0.018479,30.98,66.672037665266
7592,-8.507083,-3.614957,3.968496,-0.169362,0.017868,0.012675,30.98,66.7643077584684
7602,-8.502296,-3.622135,3.97388,-0.169668,0.014203,0.008705,30.98,66.732547470204
7612,-8.496913,-3.60718,3.964907,-0.170279,0.01069,0.005651,30.98,66.7552143776293
7622,-8.491529,-3.599404,3.954139,-0.171042,0.007178,0.005192,30.99,66.7936941164586
7632,-8.487941,-3.597011,3.957729,-0.173638,0.003971,0.002596,30.99,66.76531416517
7642,-8.489137,-3.59402,3.953541,-0.175013,0.000458,0.003054,30.99,66.787149135262
7652,-8.470592,-3.573681,3.940979,-0.177456,-0.002902,0.005192,30.99,66.796837673485
7662,-8.470592,-3.569493,3.940979,-0.179289,-0.006414,0.007025,31.01,66.7931650128458
7672,-8.47119,-3.576073,3.931407,-0.182496,-0.010996,0.011454,31.01,66.8505868770581
7682,-8.473583,-3.565306,3.924827,-0.185245,-0.015577,0.016493,31.01,66.8808126725419
7692,-8.460423,-3.558127,3.915256,-0.187688,-0.019853,0.022602,31.01,66.8977309438261
7702,-8.455039,-3.56052,3.912265,-0.189826,-0.025809,0.02978,30.96,66.9044420511839
7712,-8.456235,-3.553342,3.896712,-0.191048,-0.03207,0.039248,30.96,66.9829021594771
7722,-8.455637,-3.556333,3.897908,-0.192881,-0.038637,0.047647,30.98,66.9779405185311
7732,-8.453244,-3.555136,3.88714,-0.194102,-0.04612,0.057421,30.98,67.0289430248617
7742,-8.446067,-3.549154,3.877569,-0.195477,-0.054214,0.068875,31.01,67.0596131081748
7752,-8.458628,-3.535396,3.875176,-0.195019,-0.073762,0.090255,31.01,67.0863608981123
7762,-8.456833,-3.55394,3.873382,-0.194408,-0.083078,0.10064,31,67.108218332516
7772,-8.456833,-3.542574,3.860819,-0.192423,-0.093157,0.110414,30.99,67.1650212144432
7782,-8.455039,-3.543172,3.864408,-0.191506,-0.104,0.12202,30.99,67.1427899065304
7792,-8.452645,-3.549154,3.860221,-0.190285,-0.114385,0.131489,30.98,67.1652512845296
7802,-8.452048,-3.547958,3.857828,-0.187994,-0.125533,0.13943,30.98,67.1756914157579
7812,-8.466404,-3.543172,3.87398,-0.184787,-0.135459,0.146302,30.99,67.115479644187
7822,-8.453244,-3.555136,3.868596,-0.182038,-0.14508,0.152105,30.99,67.1272288904908
7832,-8.467003,-3.543771,3.878766,-0.178984,-0.154243,0.15684,30.97,67.0918791044922
7842,-8.458628,-3.55394,3.896114,-0.175013,-0.162032,0.159589,30.97,66.9915448600961
7852,-8.452048,-3.558127,3.889533,-0.171348,-0.168904,0.161268,30.99,67.0163996127727
7862,-8.468798,-3.556931,3.907479,-0.167072,-0.175471,0.16081,30.99,66.9551354146035
7872,-8.466404,-3.551547,3.923033,-0.163101,-0.180816,0.159283,31,66.8633594161613
7882,-8.457432,-3.562913,3.93739,-0.157756,-0.184329,0.155465,31,66.7788959480772
7892,-8.46461,-3.567699,3.953541,-0.154243,-0.186008,0.151036,31,66.7129983208987
7902,-8.475977,-3.568297,3.962514,-0.149204,-0.187077,0.145539,31,66.6900608164509
7912,-8.459825,-3.576672,4.000201,-0.144011,-0.187383,0.13943,31.02,66.4658012732208
7922,-8.463414,-3.588037,4.021138,-0.139583,-0.184481,0.1237,31.02,66.3738260858075
7932,-8.451449,-3.579065,4.031308,-0.131641,-0.175929,0.115759,31.02,66.2873165655231
7942,-8.456833,-3.580261,4.046263,-0.127365,-0.168446,0.107512,30.96,66.2215954758755
7952,-8.452048,-3.585046,4.065406,-0.125686,-0.160658,0.099571,30.96,66.1157912178866
7962,-8.447262,-3.583252,4.079165,-0.123089,-0.15012,0.091019,30.98,66.0322107619875
7972,-8.447262,-3.579663,4.096512,-0.121409,-0.138361,0.082772,30.98,65.9385736286625
7982,-8.451449,-3.588037,4.12403,-0.12202,-0.125991,0.074678,30.99,65.8120749360679
7992,-8.437692,-3.581457,4.12403,-0.123242,-0.112094,0.067348,30.99,65.7764934789946
8002,-8.438289,-3.58385,4.147958,-0.12538,-0.096211,0.060476,31,65.6557126910423
8012,-8.443074,-3.580859,4.155136,-0.129198,-0.079871,0.053603,31,65.6260886056639
8022,-8.446664,-3.586243,4.159324,-0.133474,-0.062308,0.047495,30.97,65.6170866348005
8032,-8.433504,-3.59043,4.167699,-0.138972,-0.044135,0.042455,30.97,65.5490790353418
8042,-8.438289,-3.582654,4.172484,-0.145539,-0.02642,0.03711,31.02,65.527505534053
8052,-8.435897,-3.580859,4.171288,-0.153633,-0.007941,0.031765,31.02,65.5268560804551
8062,-8.437692,-3.575475,4.1671,-0.162185,0.009621,0.027184,31,65.5474902495228
8072,-8.458628,-3.57727,4.146163,-0.1715,0.026573,0.022602,31,65.7028868830406
8082,-8.449656,-3.574877,4.119842,-0.181732,0.043066,0.018479,31,65.8179988992839
8092,-8.452048,-3.579663,4.103691,-0.192423,0.057727,0.014508,31,65.9114571922786
8102,-8.460423,-3.568297,4.077968,-0.21197,0.081703,0.010079,30.99,66.0530323782902
8112,-8.469396,-3.571886,4.055834,-0.221591,0.089034,0.007483,31.04,66.190760516811
8122,-8.46461,-3.57727,4.035496,-0.230907,0.094531,0.005345,31.04,66.2916482368901
8132,-8.478967,-3.591029,4.012764,-0.239154,0.097433,0.004429,31,66.4529956177758
8142,-8.475977,-3.576073,3.975077,-0.24679,0.097128,0.004276,31,66.6309297164426
8152,-8.480165,-3.576672,3.946961,-0.252898,0.094073,0.004581,31.02,66.7878838038217
8166,-8.468199,-3.580859,3.92064,-0.256411,0.087812,0.005651,31.02,66.9053259391371
8172,-8.483154,-3.589832,3.888337,-0.258396,0.079565,0.008094,30.98,67.114418851269
8182,-8.487342,-3.58744,3.860819,-0.259465,0.06857,0.010996,30.98,67.2663370051656
8192,-8.501101,-3.589832,3.834498,-0.25916,0.054672,0.014355,30.97,67.4356732250926
8202,-8.491529,-3.588037,3.811767,-0.257174,0.039095,0.019853,30.97,67.5352652776256
8212,-8.483753,-3.598207,3.782454,-0.252287,0.022602,0.025656,31,67.6840495491552
8222,-8.490333,-3.6006,3.767499,-0.245873,0.00336,0.031612,31,67.7788889352275
8232,-8.491529,-3.59402,3.759723,-0.238543,-0.016341,0.038637,30.97,67.8171186946585
8242,-8.489736,-3.595814,3.745365,-0.230143,-0.036499,0.045357,30.97,67.8915972187307
8252,-8.493324,-3.598207,3.745964,-0.22037,-0.058643,0.052382,30.96,67.8975810812392
8262,-8.483753,-3.611966,3.738786,-0.209985,-0.080329,0.060323,30.96,67.9284440314836
8272,-8.477173,-3.601198,3.736392,-0.185703,-0.123547,0.074373,31.01,67.918988567948
8282,-8.492128,-3.608975,3.753741,-0.173791,-0.144164,0.081398,31.02,67.8628569703153
8292,-8.477771,-3.603591,3.761517,-0.161421,-0.163712,0.088728,31.02,67.788141686061
8302,-8.482555,-3.604787,3.771089,-0.149357,-0.181885,0.094531,30.96,67.7477495406132
8312,-8.475977,-3.602395,3.802794,-0.138972,-0.199295,0.100029,30.96,67.5637936217065
8322,-8.474779,-3.595216,3.822534,-0.128434,-0.214108,0.104611,30.96,67.4503418977701
8332,-8.471789,-3.592823,3.852444,-0.118355,-0.226478,0.107665,30.96,67.2835706090524
8342,-8.469396,-3.595216,3.876373,-0.10965,-0.236558,0.110872,31.04,67.1540910895087
8352,-8.46102,-3.591029,3.907479,-0.103389,-0.243888,0.11469,31.04,66.9688278358408
8362,-8.468199,-3.591627,3.940979,-0.09728,-0.248622,0.116675,30.99,66.807637703926
8372,-8.455039,-3.576073,3.960122,-0.09331,-0.250149,0.117897,30.99,66.6657596754536
8382,-8.446664,-3.594618,4.00379,-0.091935,-0.248469,0.117286,30.97,66.4353070135607
8392,-8.453244,-3.579663,4.03729,-0.090255,-0.243735,0.11805,30.97,66.2603585880724
8402,-8.449057,-3.579065,4.054638,-0.090713,-0.236252,0.118661,31.02,66.1602593161318
8412,-8.43111,-3.591627,4.086343,-0.091935,-0.226631,0.119271,31.02,65.9678773763842
8422,-8.42812,-3.578466,4.114459,-0.096211,-0.213803,0.118202,31,65.8029410220703
8432,-8.42453,-3.576073,4.142574,-0.100793,-0.198989,0.117744,31,65.6467683901737
8442,-8.408977,-3.595814,4.170092,-0.106443,-0.163406,0.116675,30.97,65.4884198104158
8452,-8.395817,-3.591029,4.168896,-0.119882,-0.143859,0.115148,30.98,65.4615225913223
8462,-8.394022,-3.586841,4.183252,-0.127365,-0.122326,0.114537,30.98,65.3791916985263
8472,-8.39462,-3.588037,4.198207,-0.136528,-0.100793,0.113163,31.03,65.3040932962371
8482,-8.385049,-3.591029,4.192824,-0.145386,-0.078954,0.111788,31.03,65.3138295393211
8492,-8.387442,-3.589832,4.195815,-0.154091,-0.05681,0.110414,30.97,65.302443132353
8502,-8.383254,-3.582056,4.185645,-0.162948,-0.034972,0.108123,30.97,65.3387306424477
8512,-8.382656,-3.584448,4.165905,-0.1715,-0.014813,0.105527,31.03,65.4422057621765
8522,-8.385648,-3.591627,4.160521,-0.179747,0.004887,0.104305,31.03,65.4834306115483
8532,-8.380861,-3.582654,4.137789,-0.186467,0.023213,0.10232,30.99,65.582979443965
8542,-8.387442,-3.585046,4.119842,-0.19395,0.039859,0.099876,30.99,65.6930742925768
8552,-8.394022,-3.577868,4.101896,-0.198684,0.055131,0.097891,30.98,65.7943657204887
8562,-8.396414,-3.586841,4.079762,-0.203418,0.068111,0.094531,30.98,65.9234697100256
8572,-8.412566,-3.586841,4.058227,-0.208,0.078343,0.092699,30.97,66.0707678141845
8582,-8.422735,-3.582056,4.029513,-0.209679,0.086132,0.090255,30.97,66.2385238465437
8592,-8.434101,-3.574877,4.010371,-0.211512,0.092852,0.087812,31.02,66.3565801634511
8602,-8.436494,-3.581457,3.956532,-0.211818,0.096059,0.083994,31.02,66.6506360127607
8612,-8.487941,-3.573681,3.936193,-0.211818,0.096364,0.077274,31.02,66.8580361244359
8622,-8.497512,-3.574279,3.932006,-0.208305,0.089644,0.073151,31.01,66.9003884612708
8632,-8.513064,-3.578466,3.897908,-0.205556,0.082925,0.069486,31.01,67.1154604293651
8642,-8.525029,-3.576672,3.885346,-0.203113,0.074526,0.065515,30.98,67.2045511308396
8652,-8.533404,-3.565306,3.876971,-0.200364,0.062766,0.059712,30.98,67.2560490583386
8662,-8.559725,-3.57069,3.864408,-0.195782,0.050244,0.055131,30.97,67.3802414463532
8672,-8.565108,-3.562913,3.856632,-0.191659,0.036041,0.04948,30.97,67.4255178085805
8682,-8.569895,-3.562315,3.842275,-0.187994,0.0197,0.043524,30.98,67.5103125524589
8692,-8.577072,-3.548556,3.835097,-0.184329,0.003665,0.037263,30.98,67.55111359591
8702,-8.584252,-3.549752,3.837489,-0.180969,-0.013592,0.03207,31.02,67.553949105688
8712,-8.585447,-3.550351,3.835097,-0.176998,-0.031001,0.025809,31.02,67.5694534166915
8722,-8.57827,-3.557529,3.8339,-0.174097,-0.049175,0.019242,31.01,67.5673106016594
8732,-8.580065,-3.546762,3.833302,-0.170737,-0.066126,0.013439,31.01,67.5651079155627
8742,-8.579466,-3.542574,3.847061,-0.169057,-0.082925,0.008399,31.03,67.4879025413764
8752,-8.572886,-3.549752,3.855436,-0.167224,-0.099724,0.003207,31.03,67.4364974735849
8762,-8.565108,-3.55394,3.851248,-0.166155,-0.114232,-0.000764,30.98,67.4463447336562
8772,-8.546564,-3.542574,3.867399,-0.165086,-0.127518,-0.003512,30.98,67.3140356279209
8782,-8.525029,-3.562315,3.888337,-0.164781,-0.139735,-0.006261,31,67.1765113328648
8792,-8.512466,-3.553342,3.906881,-0.164781,-0.15852,-0.00672,31,67.0453618953755
8802,-8.489736,-3.556931,3.912863,-0.164475,-0.166003,-0.006109,31.01,66.9700512835748
8812,-8.471789,-3.549752,3.918247,-0.164934,-0.171653,-0.003818,31.03,66.8982416696592
8822,-8.445468,-3.561118,3.927818,-0.165239,-0.17654,-0.000153,31.03,66.8028838366377
8832,-8.441879,-3.564708,3.929613,-0.164934,-0.179136,0.006261,31.01,66.7890773766785
8842,-8.427522,-3.56411,3.951746,-0.166155,-0.180816,0.01405,31.01,66.6416545335354
8852,-8.408379,-3.570091,3.975077,-0.165544,-0.180969,0.021228,31.02,66.4835987079878
8862,-8.402397,-3.579065,3.973282,-0.166308,-0.1799,0.031307,31.02,66.4884927560583
8872,-8.386245,-3.574279,3.98405,-0.166155,-0.176693,0.041386,31.04,66.3931774694774
8882,-8.372486,-3.565904,3.981059,-0.165544,-0.173791,0.052229,31.04,66.3721643052519
8892,-8.376674,-3.582654,3.993621,-0.164781,-0.168446,0.06353,30.98,66.3299457931157
8902,-8.35813,-3.592823,4.006782,-0.164628,-0.163254,0.075289,30.98,66.2303074631383
8912,-8.359326,-3.596412,4.008576,-0.163865,-0.156382,0.087506,30.98,66.2266919757518
8922,-8.350353,-3.586841,4.021138,-0.162948,-0.149204,0.098655,30.98,66.1324690695343
8932,-8.356933,-3.600002,4.03071,-0.160658,-0.140194,0.10965,30.97,66.1082695047514
8942,-8.356335,-3.604189,4.030112,-0.159894,-0.131794,0.119882,30.97,66.1140008565119
8952,-8.369495,-3.613162,4.045067,-0.158367,-0.121715,0.128587,31.02,66.0718216059656
8962,-8.391031,-3.611966,4.050451,-0.157145,-0.10232,0.142026,31.02,66.0884944825872
8972,-8.379665,-3.61376,4.057629,-0.155007,-0.093004,0.144928,30.96,66.0282268267663
8982,-8.385049,-3.624528,4.055236,-0.153785,-0.082161,0.148746,31.02,66.0622160474121
8992,-8.394022,-3.616751,4.059424,-0.152411,-0.072235,0.149509,31.02,66.0522740904342
9002,-8.400601,-3.63051,4.059424,-0.151647,-0.062766,0.149204,31,66.0789698541218
9012,-8.414959,-3.628117,4.048656,-0.149967,-0.052993,0.147219,31,66.1636336265735
9022,-8.420342,-3.629912,4.04746,-0.148746,-0.043066,0.143706,30.97,66.1829485445435
9032,-8.440084,-3.628117,4.049254,-0.147219,-0.035277,0.138819,30.97,66.2137357338562
9042,-8.438888,-3.626323,4.052245,-0.146455,-0.026573,0.133474,31.02,66.1939555782004
9052,-8.450851,-3.628716,4.049852,-0.145233,-0.01909,0.127213,31.02,66.2339084952241
9062,-8.455637,-3.626921,4.039085,-0.143553,-0.012523,0.120799,31,66.2985764229386
9072,-8.466404,-3.638287,4.030112,-0.143248,-0.006872,0.113316,31,66.378304482357
9082,-8.474181,-3.62393,4.033103,-0.142332,-0.001374,0.106291,31.01,66.3661001538272
9092,-8.476574,-3.625725,4.024727,-0.140957,0.002291,0.098502,31.01,66.4164406649817
9102,-8.477173,-3.62393,4.015755,-0.140194,0.00504,0.08995,31.01,66.4629375869439
9112,-8.482555,-3.625725,4.010371,-0.140499,0.007636,0.08323,31.01,66.5039150648651
9122,-8.500502,-3.622734,4.001398,-0.14111,0.009163,0.076511,31.04,66.585520839067
9132,-8.501101,-3.621537,4.007978,-0.142026,0.009316,0.062308,31.04,66.5513575259946
9142,-8.501101,-3.605984,3.994219,-0.144317,0.009163,0.056047,31.01,66.6094531255291
9152,-8.507681,-3.603591,3.988835,-0.14615,0.008247,0.051618,31.02,66.6491691677136
9162,-8.505288,-3.59402,3.991827,-0.148135,0.007178,0.046578,31.02,66.6201290547278
9172,-8.511868,-3.589832,3.991228,-0.150884,0.00504,0.041692,31,66.6332756197501
9182,-8.513663,-3.591627,3.991228,-0.154702,0.002902,0.037415,31,66.6385845565428
9192,-8.505288,-3.574279,3.97747,-0.158367,0.000611,0.033445,31.02,66.6779349939327
9202,-8.512466,-3.573082,3.978666,-0.16249,-0.001222,0.030543,31.02,66.6855624858279
9212,-8.507681,-3.562315,3.972086,-0.166308,-0.003971,0.027642,31,66.7006741204048
9222,-8.516056,-3.566502,3.9673,-0.170584,-0.007025,0.025351,31,66.7468055006673
9232,-8.507083,-3.540779,3.958327,-0.174249,-0.010079,0.024587,31.02,66.7528757242431
9242,-8.507083,-3.550949,3.958327,-0.178525,-0.014203,0.022297,31.02,66.761695594445
9252,-8.513663,-3.534199,3.95055,-0.18326,-0.017715,0.020311,31.02,66.8017046559406
9262,-8.508279,-3.552743,3.940979,-0.18723,-0.022297,0.019853,31.02,66.8568274950305
9272,-8.505288,-3.543771,3.930212,-0.190895,-0.027489,0.020006,31,66.8994857500136
9282,-8.502296,-3.535994,3.923631,-0.193492,-0.033139,0.020464,31,66.9212203793187
9292,-8.503493,-3.531806,3.918247,-0.195935,-0.039248,0.022144,30.99,66.9484537089901
9302,-8.489736,-3.536592,3.909274,-0.198226,-0.046578,0.02306,30.99,66.9714027856506
9312,-8.480165,-3.524628,3.899105,-0.200058,-0.062156,0.029322,30.99,66.9949705262965
9322,-8.486146,-3.52403,3.897908,-0.199906,-0.070402,0.032834,31,67.0131713416767
9332,-8.477173,-3.52702,3.89073,-0.198378,-0.078954,0.03711,31,67.0351225724652
9342,-8.471789,-3.531208,3.879962,-0.196851,-0.087048,0.042761,31,67.0845919044814
9352,-8.473583,-3.533601,3.884748,-0.194255,-0.0956,0.048258,31,67.0650218797677
9362,-8.453843,-3.53719,3.872783,-0.191201,-0.104916,0.053451,30.96,67.0907083638665
9372,-8.454441,-3.532404,3.871587,-0.18723,-0.112399,0.05849,30.96,67.0941514282805
9382,-8.449057,-3.538387,3.874578,-0.183412,-0.120646,0.064141,30.99,67.0723195683318
9392,-8.437093,-3.543172,3.885944,-0.178831,-0.127976,0.071166,30.99,66.9913748217859
9402,-8.4347,-3.536592,3.882355,-0.172875,-0.135001,0.076969,31,66.9997121018054
9412,-8.422137,-3.553342,3.89073,-0.167072,-0.141415,0.081856,31,66.9437886551302
9422,-8.413763,-3.556333,3.888935,-0.160963,-0.147524,0.087659,30.98,66.9385144298413
9432,-8.421539,-3.565904,3.905087,-0.154243,-0.151953,0.092393,30.98,66.8774680908956
9442,-8.416155,-3.562913,3.916452,-0.147982,-0.15516,0.096364,30.98,66.8033814852265
9452,-8.415558,-3.571288,3.923631,-0.142332,-0.158367,0.100335,30.98,66.7715452710977
9462,-8.41137,-3.571886,3.9338,-0.136681,-0.16081,0.103694,30.96,66.7095049089496
9472,-8.408977,-3.573082,3.955336,-0.131336,-0.161116,0.105222,30.96,66.5917193311928
9482,-8.408379,-3.591029,3.982255,-0.126449,-0.158214,0.107665,31.03,66.4645897257837
9492,-8.414959,-3.591029,4.00379,-0.118202,-0.155618,0.10797,30.99,66.3651822174316
9502,-8.427522,-3.597609,4.013362,-0.115606,-0.151342,0.108887,30.99,66.3474197694367
9512,-8.422735,-3.605386,4.037888,-0.113316,-0.145691,0.108734,31,66.2157711141993
9522,-8.432307,-3.608377,4.048058,-0.112246,-0.138819,0.107512,31,66.185580486784
9532,-8.415558,-3.609573,4.06062,-0.111177,-0.131489,0.104458,31,66.0853758360175
9542,-8.427522,-3.614359,4.074379,-0.112857,-0.122784,0.10232,31,66.043374216222
9552,-8.4347,-3.613162,4.086343,-0.11469,-0.112094,0.09896,30.98,65.9951982314734
9562,-8.437093,-3.606582,4.109673,-0.11637,-0.100029,0.095753,30.98,65.8728420920879
9572,-8.439486,-3.618546,4.113262,-0.119882,-0.08827,0.092088,31,65.8702708755892
9582,-8.447861,-3.61735,4.130012,-0.123242,-0.074831,0.087354,31,65.8001408531803
9592,-8.458628,-3.6341,4.132405,-0.128282,-0.061392,0.083689,31.02,65.826145749564
9602,-8.450253,-3.608377,4.133003,-0.134238,-0.046273,0.078649,31.02,65.7815292593723
9612,-8.453244,-3.618546,4.142574,-0.140041,-0.031307,0.073609,31.02,65.7476663555178
9622,-8.467003,-3.620341,4.14078,-0.146608,-0.016799,0.068264,31.02,65.7880800641974
9632,-8.460423,-3.625126,4.121637,-0.153174,-0.002138,0.062766,30.94,65.87756248035
9642,-8.466404,-3.616751,4.121637,-0.159894,0.011301,0.05681,30.94,65.8826802237
9652,-8.47119,-3.613162,4.102495,-0.166766,0.023976,0.047037,31.02,65.9889178411372
9662,-8.479566,-3.616153,4.080361,-0.180358,0.045968,0.041844,31,66.1243620995707
9672,-8.478967,-3.606582,4.063612,-0.186772,0.054978,0.037721,31,66.2015955624315
9682,-8.484351,-3.605386,4.049852,-0.192728,0.061697,0.034208,31,66.2835393262571
9692,-8.489736,-3.596412,4.030112,-0.198531,0.065515,0.030238,31,66.3897733013598
9702,-8.487342,-3.597011,4.015755,-0.203113,0.068264,0.027031,30.97,66.4602385466389
9712,-8.495118,-3.605386,3.988237,-0.206625,0.069333,0.025504,30.97,66.6277536637765
9722,-8.492128,-3.592823,3.951149,-0.209832,0.066737,0.023671,30.98,66.8048554269933
9732,-8.485548,-3.598207,3.937988,-0.211054,0.062461,0.022297,30.98,66.865094629453
9742,-8.497512,-3.585645,3.904488,-0.211818,0.056352,0.023518,31.04,67.055094362144
9752,-8.487941,-3.588037,3.886542,-0.211359,0.047037,0.024893,31.04,67.1321575217524
9762,-8.49452,-3.59402,3.877569,-0.210901,0.036957,0.025809,30.98,67.1981726184918
9772,-8.496315,-3.586243,3.857828,-0.208305,0.024435,0.027184,30.98,67.2994250881854
9782,-8.499306,-3.579663,3.834498,-0.205251,0.010232,0.030238,31.03,67.423334263949
9792,-8.493923,-3.580859,3.824329,-0.201586,-0.004734,0.032529,31.03,67.4673323998326
9802,-8.501101,-3.586243,3.815356,-0.196699,-0.020769,0.036346,31.05,67.5340390005541
9812,-8.507083,-3.581457,3.800999,-0.191506,-0.037721,0.040012,31.05,67.6182051878283
9822,-8.490931,-3.57727,3.792624,-0.18555,-0.055589,0.047037,31,67.6265843531261
9832,-8.489736,-3.575475,3.802794,-0.173638,-0.091324,0.050702,31.02,67.5685821487338
9842,-8.493923,-3.56052,3.801597,-0.167377,-0.107665,0.054672,31.02,67.570703311859
9852,-8.485548,-3.565306,3.808775,-0.161727,-0.123089,0.057421,31.04,67.5196555770826
9862,-8.490333,-3.562913,3.818945,-0.155312,-0.138361,0.061087,31.04,67.4733018549897
9872,-8.477771,-3.565904,3.841079,-0.148746,-0.1518,0.065821,31.01,67.3328174349053
9882,-8.456833,-3.55394,3.856632,-0.143248,-0.163865,0.069791,31.01,67.1970657596379
9892,-8.453843,-3.555735,3.862016,-0.138666,-0.174555,0.072998,31,67.1638909449171
9902,-8.458031,-3.56052,3.879962,-0.133627,-0.182038,0.076664,31,67.0815363607163
9912,-8.44128,-3.552145,3.92064,-0.128587,-0.188757,0.081092,30.98,66.8241947329631
9922,-8.435897,-3.557529,3.930212,-0.125533,-0.193033,0.083841,30.98,66.7670943499057
9932,-8.429317,-3.562315,3.944568,-0.121715,-0.194408,0.087965,30.97,66.6817186543149
9942,-8.413763,-3.552145,3.976871,-0.118508,-0.194255,0.091783,30.97,66.469457462747
9952,-8.410771,-3.550351,3.990032,-0.117133,-0.191048,0.095448,31.04,66.3921353381847
9962,-8.409575,-3.549154,4.006782,-0.115454,-0.185703,0.09896,31.04,66.3003116173662
9972,-8.393424,-3.546762,4.041477,-0.113774,-0.179289,0.103847,31.02,66.0811806078901
9982,-8.399406,-3.56052,4.049852,-0.113468,-0.169821,0.10797,31.02,66.0625357255343
9992,-8.401799,-3.546163,4.079762,-0.113316,-0.15913,0.11133,31.01,65.8978684618292
10002,-8.400003,-3.563511,4.093522,-0.115454,-0.132863,0.114843,31.01,65.837855223922
10012,-8.401799,-3.555136,4.105485,-0.117592,-0.117897,0.117744,30.97,65.7715611313166
10022,-8.4012,-3.563511,4.121637,-0.120188,-0.102473,0.118966,30.98,65.6936571787454
10032,-8.410173,-3.562913,4.128217,-0.123242,-0.08659,0.118813,30.98,65.6782674257846
10042,-8.41436,-3.56052,4.132405,-0.127365,-0.070555,0.117897,31.05,65.6633398370826
10052,-8.42812,-3.561717,4.134798,-0.131794,-0.05452,0.117592,31.05,65.6817967893449
10062,-8.42812,-3.570091,4.133601,-0.136376,-0.038179,0.114995,30.96,65.6956854613774
10072,-8.427522,-3.573681,4.114459,-0.142026,-0.023366,0.111788,30.96,65.797279329307
10082,-8.450851,-3.576672,4.11745,-0.148135,-0.010385,0.107054,30.97,65.8346297612771
10092,-8.454441,-3.585046,4.104289,-0.154396,0.001833,0.101404,30.97,65.9183531913792
10102,-8.465208,-3.582056,4.088736,-0.159436,0.013592,0.097738,30.98,66.0195515184493
10112,-8.468798,-3.585645,4.080959,-0.164323,0.022755,0.09163,30.98,66.0709053216113
10122,-8.471789,-3.58744,4.053442,-0.170431,0.028863,0.083689,31,66.2222338965499
10132,-8.483753,-3.58385,4.048656,-0.175166,0.035125,0.078343,31,66.2692688383362
10142,-8.480165,-3.592823,4.031906,-0.179747,0.038943,0.069944,30.96,66.3570945243523
10152,-8.481958,-3.593421,4.004389,-0.183565,0.041386,0.062614,30.96,66.5051927398358
10162,-8.493923,-3.603591,3.965506,-0.186314,0.040164,0.056352,31.02,66.7427201304
10172,-8.496315,-3.592823,3.948756,-0.18891,0.034972,0.043524,31.02,66.8260873482703
10182,-8.498111,-3.601198,3.94397,-0.191354,0.02978,0.038485,31,66.8622530964107
10192,-8.491529,-3.602395,3.931407,-0.191354,0.023671,0.033292,31.04,66.9157088983268
10202,-8.495118,-3.591029,3.907479,-0.189826,0.016341,0.029016,31.04,67.0390923736166
10212,-8.495118,-3.595814,3.894917,-0.188452,0.008094,0.026267,31,67.1094374865097
10222,-8.487941,-3.588037,3.890131,-0.186619,-0.001069,0.023518,31,67.1132152285297
10232,-8.498708,-3.595216,3.881158,-0.184329,-0.010996,0.02138,31,67.1888254628412
10242,-8.501101,-3.591029,3.872783,-0.181122,-0.021533,0.0197,31,67.2342954574701
10252,-8.496913,-3.59402,3.879962,-0.178525,-0.031612,0.019395,30.99,67.1904334570581
10262,-8.507083,-3.588636,3.879364,-0.175471,-0.042608,0.018784,30.99,67.2097187545449
10272,-8.496913,-3.586841,3.875774,-0.171348,-0.053298,0.020464,30.98,67.2063390500405
10282,-8.502296,-3.586243,3.883551,-0.168293,-0.064904,0.020464,30.98,67.175788070643
10292,-8.507083,-3.586243,3.885346,-0.165697,-0.074678,0.020922,30.99,67.1761115659745
10302,-8.504092,-3.583252,3.891926,-0.162643,-0.08491,0.021838,30.99,67.13272184729
10312,-8.508877,-3.580261,3.906881,-0.160963,-0.094531,0.022602,31.03,67.0611774128487
10322,-8.496913,-3.589832,3.911069,-0.158978,-0.101862,0.023976,31.03,67.0228379155086
10332,-8.500502,-3.579663,3.934997,-0.157451,-0.109192,0.025504,31,66.8955284619865
10342,-8.489137,-3.57069,3.934997,-0.157451,-0.115759,0.028253,31,66.864197975118
10352,-8.477173,-3.5671,3.947559,-0.156534,-0.124769,0.028863,30.96,66.7701312875859
10362,-8.487941,-3.579663,3.961318,-0.156382,-0.127518,0.029169,30.97,66.7312435433509
10372,-8.481958,-3.574279,3.97388,-0.15684,-0.129503,0.030849,30.97,66.6481223464323
10382,-8.479566,-3.569493,3.976871,-0.156534,-0.129962,0.033445,31,66.6232206577429
10392,-8.465208,-3.574279,3.982853,-0.156229,-0.129198,0.035583,31,66.565994577826
10402,-8.455039,-3.572484,3.996014,-0.156382,-0.127824,0.037874,30.98,66.4739710006049
10412,-8.446067,-3.574279,4.002594,-0.157298,-0.125686,0.040317,30.98,66.4221380313805
10422,-8.444869,-3.5671,4.006782,-0.158214,-0.12202,0.043066,30.95,66.3912244479622
10432,-8.438289,-3.566502,4.003192,-0.157756,-0.118202,0.0478,30.95,66.3956308992813
10442,-8.423933,-3.580859,4.002594,-0.157603,-0.114232,0.050702,30.99,66.3812866801444
10452,-8.425727,-3.576672,4.009174,-0.156687,-0.109039,0.055894,30.99,66.3467523626034
10462,-8.413763,-3.572484,4.010969,-0.155923,-0.103084,0.061087,31.05,66.3081857075933
10472,-8.404191,-3.585046,4.01396,-0.154854,-0.09728,0.066126,31.05,66.2834910525321
10482,-8.404191,-3.576672,4.012166,-0.153174,-0.091019,0.071929,30.97,66.2853418406219
10492,-8.39462,-3.579065,4.015156,-0.1518,-0.084452,0.077885,30.97,66.2514256119992
10502,-8.38146,-3.58744,3.997808,-0.150273,-0.07926,0.083994,30.99,66.322392240756
10512,-8.38804,-3.589832,4.004987,-0.147829,-0.073151,0.089034,30.99,66.3007292301055
10522,-8.383853,-3.594618,4.015755,-0.142942,-0.061545,0.100029,30.99,66.2395092054069
10532,-8.380263,-3.595216,4.0008,-0.139888,-0.055589,0.105069,30.98,66.3111608977784
10542,-8.387442,-3.582654,3.993023,-0.136528,-0.05116,0.109498,30.98,66.3559733220032
10552,-8.376674,-3.59402,3.992425,-0.134085,-0.045968,0.113621,30.98,66.3465980820658
10562,-8.383254,-3.591627,3.983452,-0.130878,-0.041692,0.116981,30.98,66.4057070796062
10572,-8.385049,-3.597011,3.988835,-0.127365,-0.037874,0.12034,31.02,66.3860085529625
10582,-8.386245,-3.600002,3.985844,-0.124464,-0.034056,0.123395,31.02,66.4070271026702
10592,-8.402397,-3.594618,3.985246,-0.122631,-0.030849,0.125075,31.01,66.4394456445396
10602,-8.407183,-3.594618,3.979264,-0.120951,-0.028253,0.125686,31.01,66.4810581587856
10612,-8.419147,-3.610171,3.990032,-0.117592,-0.026267,0.125533,30.98,66.46361646031
10622,-8.425129,-3.591029,3.986442,-0.115912,-0.023824,0.126602,30.98,66.477859256919
10632,-8.435897,-3.581457,3.988835,-0.114385,-0.022144,0.125533,31.04,66.4793786566377
10642,-8.460423,-3.598207,3.990032,-0.113774,-0.020464,0.122937,31.04,66.5395480358644
10652,-8.458031,-3.599404,3.991228,-0.112857,-0.0197,0.120951,31.01,66.5293316745104
10662,-8.482555,-3.592823,3.991827,-0.113468,-0.018479,0.117744,31.01,66.5716592981754
10672,-8.489137,-3.59402,3.999603,-0.113621,-0.017715,0.113316,30.96,66.545776329949
10682,-8.505288,-3.586243,3.998407,-0.11469,-0.01741,0.108429,30.96,66.5788919244627
10692,-8.522635,-3.59043,4.006183,-0.116981,-0.017562,0.097128,30.99,66.5781242344655
10702,-8.525029,-3.581457,3.998407,-0.123089,-0.017562,0.089034,30.98,66.6158275683907
10712,-8.532208,-3.580859,4.005585,-0.125991,-0.018784,0.081551,30.98,66.5927954004924
10722,-8.549556,-3.574877,4.010371,-0.131183,-0.020006,0.072998,30.97,66.598731733515
10732,-8.553144,-3.585046,4.000201,-0.135001,-0.020922,0.064904,30.97,66.6679836429702
10742,-8.55135,-3.565306,4.007978,-0.140346,-0.023518,0.055283,30.99,66.6066158205448
10752,-8.557931,-3.572484,3.997808,-0.145691,-0.025198,0.046578,30.99,66.6794808306372
10762,-8.560921,-3.564708,3.993621,-0.152105,-0.0281,0.036805,31.01,66.7007770543595
10772,-8.554939,-3.57069,3.99721,-0.157603,-0.030391,0.027642,31.01,66.6748412252499
10782,-8.550154,-3.565904,3.98405,-0.162796,-0.033139,0.0197,30.99,66.7294208524603
10792,-8.547761,-3.569493,3.979862,-0.168599,-0.036041,0.011301,30.99,66.7494302861449
10802,-8.548957,-3.565904,3.982255,-0.173638,-0.040317,0.003971,30.96,66.7363111395137
10812,-8.527422,-3.552145,3.978666,-0.178373,-0.043982,-0.002902,30.96,66.6984611024999
10822,-8.52144,-3.54736,3.962514,-0.182801,-0.047647,-0.007941,31.01,66.7664664311656
10832,-8.514261,-3.558127,3.957729,-0.186161,-0.051924,-0.012828,31.01,66.7859721308072
10842,-8.514261,-3.557529,3.957131,-0.188452,-0.056505,-0.015577,31,66.7885897658599
10852,-8.496913,-3.559324,3.938586,-0.190743,-0.061545,-0.018326,31,66.851549996725
10862,-8.469995,-3.557529,3.932006,-0.191812,-0.066279,-0.020464,30.98,66.8287249004448
10872,-8.478967,-3.553342,3.929613,-0.193186,-0.075595,-0.017257,31.02,66.8563353583805
10882,-8.46461,-3.553342,3.932006,-0.191354,-0.081092,-0.016035,31.02,66.8138571408362
10892,-8.469396,-3.557529,3.918845,-0.189368,-0.08659,-0.012065,30.99,66.8968912538868
10902,-8.442476,-3.558127,3.915256,-0.186008,-0.090713,-0.006261,30.99,66.8604074368548
10912,-8.433504,-3.561717,3.918247,-0.182649,-0.095142,-0.001527,30.99,66.8290469530262
10922,-8.411968,-3.5671,3.909274,-0.178525,-0.100487,0.00336,30.99,66.8363733817133
10932,-8.413164,-3.561717,3.91406,-0.174097,-0.104763,0.010079,30.99,66.8087430081346
10942,-8.402995,-3.562913,3.907479,-0.167683,-0.107818,0.018173,30.99,66.8234338710069
10952,-8.413164,-3.564708,3.909872,-0.161268,-0.110872,0.025962,31,66.8335840069587
10962,-8.397013,-3.56411,3.916452,-0.155923,-0.113926,0.032834,31,66.7643782723691
10972,-8.398808,-3.580859,3.930212,-0.149509,-0.116064,0.041844,30.96,66.7101638866053
10982,-8.385648,-3.574279,3.935595,-0.143248,-0.117744,0.048717,30.96,66.648123858441
10992,-8.395219,-3.575475,3.934997,-0.136834,-0.117744,0.0562,30.97,66.6724841816194
11002,-8.382057,-3.578466,3.946362,-0.131794,-0.117286,0.063225,30.97,66.5873006904261
11012,-8.38804,-3.574877,3.969095,-0.126144,-0.116523,0.07086,31.01,66.4764819821929
11022,-8.382057,-3.584448,3.970889,-0.121257,-0.114537,0.076053,31.01,66.4629914121127
11032,-8.377871,-3.594618,3.989433,-0.117286,-0.111483,0.08262,31,66.365463593914
11042,-8.385648,-3.585645,3.994817,-0.108581,-0.102778,0.093921,30.98,66.3454218076137
11052,-8.380263,-3.592823,4.006782,-0.105527,-0.097128,0.09896,30.98,66.2774667856905
11062,-8.382656,-3.597609,4.01396,-0.103084,-0.091783,0.102931,30.99,66.2491371910114
11072,-8.383254,-3.605386,4.027121,-0.101098,-0.085063,0.107512,30.99,66.188315176361
11082,-8.401799,-3.6006,4.030112,-0.099724,-0.077274,0.110719,30.97,66.2077085160444
11092,-8.392226,-3.601796,4.04387,-0.099266,-0.06918,0.114079,30.97,66.116221667004
11102,-8.414959,-3.61077,4.063612,-0.100182,-0.060781,0.115301,31,66.0695508117007
11112,-8.410173,-3.61077,4.059424,-0.10064,-0.05116,0.117133,31,66.0812478306215
11122,-8.409575,-3.614359,4.073183,-0.101862,-0.041386,0.117897,30.96,66.0113299894371
11132,-8.417352,-3.620341,4.064209,-0.103694,-0.031612,0.117133,30.96,66.0802886029891
11142,-8.439486,-3.616153,4.068995,-0.105832,-0.02138,0.117897,30.96,66.0985553202059
11152,-8.444869,-3.621537,4.076173,-0.108734,-0.012065,0.11637,30.96,66.0774750733657
11162,-8.461619,-3.620939,4.070789,-0.112094,-0.002749,0.113163,31,66.140495464038
11172,-8.458628,-3.61077,4.070789,-0.115606,0.00672,0.110872,31,66.1249487919773
11182,-8.472386,-3.61735,4.072584,-0.119424,0.015119,0.107207,30.97,66.1506919935867
11192,-8.487941,-3.610171,4.067799,-0.122937,0.022602,0.102931,30.97,66.2019828707886
11202,-8.498708,-3.609573,4.049254,-0.127671,0.029169,0.097586,31,66.3205955885358
11212,-8.514261,-3.611368,4.027121,-0.131489,0.038943,0.085674,31,66.4699867999531
11222,-8.520842,-3.611966,4.016353,-0.140346,0.040623,0.079565,31.01,66.540322013456
11232,-8.530412,-3.602993,4.010969,-0.144317,0.041844,0.072388,31,66.5803813637296
11242,-8.526226,-3.608377,4.00379,-0.148135,0.041539,0.066432,31,66.6138288546288
11252,-8.539386,-3.592823,3.991827,-0.1518,0.039248,0.059559,31,66.6898950639355
11262,-8.541181,-3.59043,3.964309,-0.156076,0.035736,0.052687,31,66.8352124841541
11272,-8.53819,-3.598207,3.951149,-0.158367,0.031001,0.045968,30.96,66.9046165576921
11282,-8.543573,-3.589832,3.939782,-0.16081,0.024282,0.039859,30.96,66.9679333316051
11292,-8.542377,-3.59043,3.919443,-0.164017,0.016035,0.033903,30.97,67.072586317291
11302,-8.542377,-3.580859,3.898506,-0.164475,0.006872,0.028863,30.97,67.1742976107325
11312,-8.544769,-3.583252,3.89731,-0.165086,-0.003207,0.024587,31.03,67.1875046346201
11322,-8.541181,-3.571288,3.882355,-0.16585,-0.014508,0.020464,31.03,67.248633137769
11332,-8.529815,-3.573082,3.879364,-0.16585,-0.026725,0.01741,31.03,67.2427559695501
11342,-8.535797,-3.574279,3.875774,-0.164781,-0.039401,0.013897,31.03,67.2748724647307
11352,-8.533404,-3.561717,3.856632,-0.163865,-0.051313,0.012065,30.96,67.3602610010721
11362,-8.523234,-3.550949,3.858427,-0.16249,-0.06521,0.01069,30.96,67.3209540713155
11372,-8.527422,-3.555735,3.857828,-0.160963,-0.078038,0.009927,31.01,67.3367090293801
11382,-8.498111,-3.558127,3.851846,-0.15852,-0.090255,0.01069,31.01,67.3106284160087
11392,-8.486743,-3.549752,3.864408,-0.153938,-0.11469,0.011912,31.01,67.2136874194811
11402,-8.484351,-3.543172,3.869792,-0.151342,-0.126296,0.013439,30.98,67.1746238350023
11412,-8.472985,-3.54736,3.875176,-0.148593,-0.137597,0.014966,30.98,67.1263283493061
11422,-8.468798,-3.545565,3.884149,-0.145997,-0.14615,0.018021,31,67.0686347279548
11432,-8.452645,-3.541378,3.891926,-0.14279,-0.154549,0.021075,31,66.9903866932344
11442,-8.44128,-3.547958,3.912863,-0.140957,-0.16081,0.023671,30.99,66.8616565935919
11452,-8.44128,-3.540779,3.92722,-0.138972,-0.166003,0.025962,30.99,66.7794334202241
11462,-8.426923,-3.53061,3.948158,-0.136223,-0.168446,0.030085,31,66.6296925462518
11472,-8.419147,-3.549154,3.954139,-0.134696,-0.169973,0.033903,31,66.5981314882902
11482,-8.41137,-3.550949,3.968496,-0.132252,-0.170126,0.038637,30.99,66.5075154805366
11492,-8.405388,-3.533601,3.981657,-0.130267,-0.168446,0.043066,30.99,66.409890936272
11502,-8.391031,-3.540181,3.999005,-0.128434,-0.164017,0.047189,30.97,66.2936969233521
11512,-8.39462,-3.543771,4.028317,-0.12706,-0.158672,0.051924,30.97,66.1502200748823
11522,-8.383254,-3.553342,4.036094,-0.126449,-0.150578,0.05681,31,66.0936250111665
11532,-8.370093,-3.562913,4.04746,-0.124158,-0.141415,0.062156,31,66.0143077667848
11542,-8.373085,-3.5671,4.068995,-0.122784,-0.13042,0.067348,30.99,65.911494141103
11552,-8.374281,-3.56411,4.088736,-0.121409,-0.118966,0.071471,30.99,65.8078363976264
11562,-8.365308,-3.558127,4.101298,-0.119271,-0.091477,0.081703,31,65.7170503077212
11572,-8.377273,-3.5671,4.099504,-0.118508,-0.076664,0.085827,30.98,65.7607036522026
11582,-8.370691,-3.571288,4.116253,-0.118966,-0.061392,0.08827,30.98,65.6627043702738
11592,-8.382057,-3.57727,4.108477,-0.118966,-0.045968,0.09163,30.98,65.7335489394718
11602,-8.389835,-3.579065,4.109075,-0.118813,-0.030238,0.09331,30.98,65.7489235883116
11612,-8.397612,-3.581457,4.104887,-0.120035,-0.01573,0.094837,31.01,65.7898044248918
11622,-8.399406,-3.598207,4.095914,-0.120493,-0.001069,0.095753,31.01,65.8559481159669
11632,-8.416754,-3.595814,4.093522,-0.121409,0.012828,0.094837,30.98,65.9035025578776
11642,-8.423933,-3.592225,4.077968,-0.122326,0.024893,0.093004,30.98,65.9967729225789
11652,-8.435298,-3.604787,4.076771,-0.123853,0.036499,0.091783,31.04,66.0387339989504
11662,-8.443673,-3.595814,4.074977,-0.12538,0.046731,0.089339,31.04,66.0577801013013
11672,-8.455637,-3.6006,4.053442,-0.126907,0.054214,0.085368,31,66.1998713252224
11682,-8.474181,-3.605386,4.034897,-0.12874,0.06017,0.081092,31,66.3401129898571
11692,-8.480165,-3.601796,4.021737,-0.130572,0.064446,0.075747,30.99,66.4181965909761
11702,-8.472386,-3.610171,4.000201,-0.132863,0.066432,0.07086,30.99,66.5219689443789
11712,-8.490931,-3.614359,3.989433,-0.133474,0.067348,0.06689,30.98,66.6207205672519
11722,-8.492725,-3.61077,3.957131,-0.135612,0.065821,0.060934,30.98,66.7904644783929
11732,-8.502895,-3.619144,3.928416,-0.137139,0.05681,0.050702,31,66.9694663897112
11742,-8.518449,-3.61735,3.921836,-0.137903,0.049633,0.046731,30.98,67.0343410991742
11752,-8.503493,-3.623332,3.908078,-0.139583,0.041233,0.042455,30.98,67.0812217880316
11762,-8.520243,-3.612564,3.887738,-0.140041,0.031765,0.039554,30.98,67.2130586279232
11772,-8.510075,-3.611966,3.886542,-0.138972,0.02138,0.038943,30.98,67.1981288331261
11782,-8.523833,-3.609573,3.888935,-0.138819,0.009163,0.036194,31.01,67.2114875881485
11792,-8.513663,-3.616153,3.871587,-0.138514,-0.002291,0.035583,31.01,67.2878397624141
11802,-8.525029,-3.619742,3.878766,-0.138819,-0.015882,0.035583,31,67.2761914409946
11812,-8.52443,-3.610171,3.870391,-0.137597,-0.029169,0.035583,31,67.3108438906011
11822,-8.520842,-3.611368,3.872783,-0.136834,-0.042455,0.036499,30.99,67.291990586577
11832,-8.507681,-3.61077,3.868596,-0.136834,-0.055589,0.036499,30.99,67.2868151716028
11842,-8.52144,-3.599404,3.867998,-0.136223,-0.067806,0.036805,30.98,67.3081452165672
11852,-8.522635,-3.600002,3.887738,-0.135459,-0.080481,0.038332,30.98,67.2071036517909
11862,-8.517851,-3.592225,3.892524,-0.135765,-0.09163,0.038943,30.99,67.165454468532
11872,-8.508877,-3.591627,3.894917,-0.135154,-0.102473,0.040317,30.99,67.133991056102
11882,-8.513663,-3.592823,3.89731,-0.135154,-0.112246,0.040317,30.99,67.1322151018827
11892,-8.503493,-3.5671,3.92722,-0.135001,-0.120799,0.040775,30.99,66.9316860248671
11902,-8.501699,-3.567699,3.941577,-0.13607,-0.133474,0.04047,31.02,66.8530238660656
11912,-8.505887,-3.5671,3.95055,-0.136834,-0.137445,0.040164,30.97,66.8140596398414
11922,-8.489736,-3.564708,3.963113,-0.138056,-0.141263,0.039401,30.97,66.7124569887896
11932,-8.48136,-3.570091,3.972684,-0.138666,-0.143401,0.038332,30.96,66.6494671406236
11942,-8.483753,-3.571288,3.983452,-0.139735,-0.143248,0.036805,30.96,66.5990375410134
11952,-8.484351,-3.554538,3.991228,-0.140804,-0.142026,0.035277,31.03,66.544793877995
11962,-8.46102,-3.559324,4.005585,-0.140804,-0.140041,0.035583,31.03,66.4246778244464
11972,-8.464012,-3.561118,4.012166,-0.14111,-0.136834,0.034667,30.98,66.3980882902979
11982,-8.438289,-3.552743,4.015156,-0.140957,-0.133016,0.034819,30.98,66.3205290390911
11992,-8.447861,-3.555136,4.020541,-0.140957,-0.128434,0.034972,31,66.3147152705638
12002,-8.435897,-3.561118,4.026522,-0.141415,-0.123547,0.034208,31,66.2633209341248
12012,-8.422735,-3.552145,4.02413,-0.140804,-0.11637,0.035277,30.99,66.2398241900898
12022,-8.419745,-3.552743,4.029513,-0.138972,-0.10965,0.036041,30.99,66.2057304550953
12032,-8.409575,-3.543172,4.022335,-0.137597,-0.103084,0.037415,30.99,66.2131237076983
12042,-8.407781,-3.552145,4.034299,-0.135154,-0.0956,0.040012,30.99,66.1545169158505
12052,-8.399406,-3.555136,4.036692,-0.133169,-0.087354,0.041997,30.98,66.1267357571829
12062,-8.380861,-3.556931,4.030112,-0.130267,-0.079718,0.044593,30.98,66.1232262771607
12072,-8.38804,-3.558726,4.024727,-0.12706,-0.071929,0.05116,30.98,66.1685688707415
12082,-8.386245,-3.573681,4.022933,-0.121409,-0.0562,0.055436,30.97,66.1877631154774
12092,-8.377273,-3.57069,4.019942,-0.117897,-0.049022,0.059254,30.97,66.1816077108144
12102,-8.372486,-3.559324,4.021138,-0.115759,-0.041692,0.062766,31,66.1547035152806
12112,-8.372486,-3.57069,4.00738,-0.112399,-0.034819,0.066737,31,66.237570260253
12122,-8.382057,-3.572484,4.010969,-0.109039,-0.0281,0.071166,31,66.2407148627204
12132,-8.382057,-3.576073,4.00738,-0.106596,-0.022297,0.073762,31,66.2628845095719
12142,-8.382057,-3.582056,4.010371,-0.104611,-0.01573,0.077427,30.97,66.2525731845648
12152,-8.385049,-3.574877,4.00738,-0.102625,-0.011301,0.080634,30.97,66.268172494659
12162,-8.394022,-3.580859,4.010969,-0.100793,-0.00672,0.082925,30.98,66.2738092117498
12172,-8.397013,-3.586243,4.005585,-0.099724,-0.002291,0.085521,30.98,66.3133803011317
12182,-8.39821,-3.588636,3.996014,-0.098807,0.00168,0.087965,31,66.3684679863964
12192,-8.408379,-3.583252,3.998407,-0.098349,0.005498,0.090866,31,66.3725444120612
12202,-8.419147,-3.582654,4.006183,-0.098655,0.008552,0.092393,31.02,66.353916488215
12212,-8.417352,-3.580859,4.005585,-0.099418,0.011454,0.092546,31.02,66.3516412026839
12222,-8.442476,-3.586841,3.996612,-0.100182,0.013592,0.092546,31.01,66.4571931040377
12232,-8.453843,-3.59043,4.0008,-0.102778,0.016188,0.092852,31.01,66.462340639109
12242,-8.459825,-3.595814,3.993621,-0.104458,0.017715,0.093004,31,66.5173429965496
12252,-8.480762,-3.59402,3.999005,-0.109345,0.019853,0.090408,31,66.5313929605366
12262,-8.492128,-3.598805,3.996014,-0.112705,0.020006,0.086743,30.98,66.5750263863315
12272,-8.495118,-3.585645,3.985844,-0.115454,0.020006,0.084299,30.98,66.6228726157262
12282,-8.520243,-3.589234,3.99721,-0.117897,0.0197,0.08094,30.98,66.6189259004854
12292,-8.528618,-3.597609,3.987041,-0.121562,0.017868,0.076358,31,66.6967389742231
12302,-8.532208,-3.588037,3.983452,-0.125227,0.015119,0.071166,31,66.7145658774259
12312,-8.537591,-3.591029,3.982255,-0.129045,0.012523,0.064904,30.97,66.7345678283762
12322,-8.554939,-3.591029,3.976273,-0.1321,0.009316,0.057727,30.97,66.8016187956362
12332,-8.562716,-3.597609,3.96072,-0.135459,0.005345,0.051618,31,66.9044615110832
12342,-8.566903,-3.588636,3.954139,-0.139277,-0.000153,0.045204,31,66.939687687253
12352,-8.566903,-3.589234,3.949952,-0.14279,-0.006109,0.038637,30.97,66.962070021497
12362,-8.566903,-3.585046,3.944568,-0.145691,-0.012828,0.030085,30.97,66.9866106019166
12372,-8.576474,-3.591029,3.934398,-0.148288,-0.020617,0.023213,31.02,67.0644458000426
12382,-8.577072,-3.584448,3.934997,-0.150884,-0.028405,0.016188,31.02,67.056917520475
12392,-8.577072,-3.597609,3.932604,-0.152716,-0.038026,0.008858,31.02,67.0806626768179
12402,-8.567502,-3.589234,3.933203,-0.154549,-0.046578,0.002596,31.02,67.0508444449601
12412,-8.555537,-3.576672,3.913461,-0.156076,-0.056352,-0.003054,30.97,67.1190690001055
12422,-8.537591,-3.584448,3.911667,-0.15684,-0.0759,-0.012675,30.97,67.0984655689959
12432,-8.529815,-3.580859,3.908078,-0.157145,-0.085979,-0.015424,30.95,67.0983249248947
12442,-8.522038,-3.566502,3.909274,-0.156076,-0.095142,-0.018937,31,67.0637540569935
12452,-8.516056,-3.579065,3.896114,-0.154396,-0.103847,-0.019853,31,67.1315518569881
12462,-8.499306,-3.576073,3.905685,-0.152564,-0.112399,-0.020311,31.02,67.0441848035526
12472,-8.474779,-3.574279,3.905087,-0.150731,-0.120646,-0.020617,31.02,66.9952352518496
12482,-8.469396,-3.57069,3.912265,-0.147982,-0.127671,-0.018631,31.02,66.9430944588692
12492,-8.457432,-3.580859,3.918247,-0.145386,-0.132405,-0.016341,31.02,66.8956383363604
12502,-8.4347,-3.578466,3.924827,-0.141873,-0.138208,-0.012523,30.98,66.8115328875953
12512,-8.423334,-3.582056,3.924827,-0.138208,-0.142332,-0.008705,30.98,66.7910142366745
12522,-8.410173,-3.574279,3.932006,-0.134696,-0.143859,-0.001985,30.96,66.7186171978152
12532,-8.397013,-3.578466,3.937988,-0.131183,-0.145233,0.003818,30.96,66.6630968335595
12542,-8.38804,-3.579663,3.953541,-0.126755,-0.14508,0.010537,30.99,66.5630064373463
12552,-8.379066,-3.573681,3.955934,-0.123395,-0.144317,0.018173,30.99,66.5260125170097
12562,-8.373683,-3.580859,3.961318,-0.118813,-0.142026,0.024435,30.97,66.4926242512605
12572,-8.356335,-3.569493,3.970889,-0.114385,-0.138972,0.033598,30.97,66.3948570116961
12582,-8.346764,-3.563511,3.997808,-0.111025,-0.134238,0.042608,30.98,66.2265483422809
12592,-8.337791,-3.565306,4.009174,-0.106749,-0.127976,0.060628,30.98,66.1488607071562
12602,-8.3348,-3.588037,4.021138,-0.100793,-0.111636,0.069791,30.98,66.1001993582564
12612,-8.330612,-3.581457,4.031906,-0.097433,-0.102625,0.078954,30.98,66.0282792535115
12622,-8.32463,-3.579663,4.046861,-0.0956,-0.092393,0.087048,30.98,65.9348337901899
12632,-8.322835,-3.588636,4.058825,-0.093004,-0.08094,0.095142,31.03,65.8762776017965
12642,-8.346166,-3.580261,4.051647,-0.090103,-0.068111,0.103236,31.03,65.9567008449996
12652,-8.338987,-3.58385,4.070789,-0.088881,-0.055741,0.110719,30.96,65.8438555753343
12662,-8.356335,-3.584448,4.074379,-0.087506,-0.043219,0.116064,30.96,65.8630864662204
12672,-8.373085,-3.588636,4.079762,-0.086896,-0.030085,0.121104,31,65.8748975872564
12682,-8.380263,-3.586841,4.082754,-0.086285,-0.016799,0.124922,31,65.8730470046208
12692,-8.38146,-3.59043,4.084548,-0.08659,-0.002749,0.127824,30.96,65.8695487094223
12702,-8.403594,-3.59043,4.08395,-0.086743,0.009163,0.129962,30.96,65.9202938511151
12712,-8.423933,-3.584448,4.077968,-0.088117,0.021991,0.13042,30.97,65.98968500582
12722,-8.440681,-3.592225,4.073781,-0.089797,0.032376,0.130267,30.97,66.0543859798837
12732,-8.462815,-3.595216,4.071986,-0.09163,0.042913,0.127671,30.98,66.1135425158869
12742,-8.472386,-3.595814,4.067201,-0.093921,0.051924,0.124158,30.98,66.1593056678433
12752,-8.492725,-3.601796,4.060022,-0.096822,0.059407,0.119577,30.97,66.2450248018623
12762,-8.517252,-3.576073,4.032505,-0.100182,0.065821,0.112705,30.97,66.4170372966167
12772,-8.519047,-3.58385,4.021737,-0.107054,0.071929,0.097433,31.02,66.483751795474
12782,-8.53819,-3.59402,4.018147,-0.110872,0.072998,0.088728,30.98,66.5513085459136
12792,-8.558528,-3.59402,3.996612,-0.115301,0.071624,0.079565,30.98,66.7056100429127
12802,-8.551949,-3.582654,3.983452,-0.11973,0.069028,0.068875,31.03,66.7507444386256
12812,-8.563912,-3.58744,3.962514,-0.123853,0.064294,0.058643,31.03,66.8887926023581
12822,-8.56451,-3.585645,3.942773,-0.126907,0.05849,0.049022,30.99,66.9916065894441
12832,-8.5681,-3.580261,3.940381,-0.130878,0.050702,0.038943,30.99,67.0068526456389
12842,-8.57169,-3.583252,3.919443,-0.133627,0.041539,0.02978,30.99,67.1262858086756
12852,-8.563912,-3.569493,3.914658,-0.136376,0.031001,0.021075,30.99,67.1237742146599
12862,-8.560324,-3.57727,3.900899,-0.138208,0.020159,0.013592,30.98,67.1952428719483
12872,-8.559127,-3.578466,3.894917,-0.139735,0.007789,0.006414,30.98,67.2252252321795
12882,-8.55434,-3.580859,3.882953,-0.141873,-0.004887,0.000611,31.03,67.2803867940415
12892,-8.541779,-3.573681,3.87398,-0.142942,-0.01909,-0.004429,31.03,67.2959780940691
12902,-8.535797,-3.579065,3.868596,-0.142637,-0.031918,-0.008399,31,67.3167676575987
12912,-8.528021,-3.563511,3.863212,-0.142026,-0.045051,-0.010843,31,67.3161121306133
12922,-8.536395,-3.567699,3.851248,-0.142484,-0.059101,-0.012217,30.98,67.3998187551187
12932,-8.510672,-3.565306,3.862614,-0.140499,-0.07254,-0.012065,30.98,67.2854500836015
12942,-8.498708,-3.562315,3.85723,-0.139125,-0.098044,-0.009163,31,67.2869369273603
12952,-8.501699,-3.559324,3.866203,-0.135918,-0.109498,-0.006872,30.96,67.2430358030589
12962,-8.495118,-3.558726,3.874578,-0.134543,-0.12034,-0.004429,30.96,67.1847750264815
12972,-8.48136,-3.553342,3.88714,-0.133016,-0.130267,-0.001527,31.03,67.0854529410091
12982,-8.469396,-3.56052,3.902096,-0.131794,-0.140041,0.000611,31.03,66.9879313278216
12992,-8.46102,-3.562315,3.906283,-0.130572,-0.14676,0.004276,30.98,66.9500293065439
13002,-8.458628,-3.565306,3.921836,-0.129656,-0.153174,0.007789,30.98,66.8655392929368
13012,-8.465208,-3.558726,3.939782,-0.128282,-0.158367,0.010537,30.96,66.7788232206943
13022,-8.447262,-3.557529,3.954139,-0.127671,-0.161574,0.013439,30.96,66.6646092194157
13032,-8.437093,-3.559324,3.962514,-0.127213,-0.163101,0.01741,30.98,66.6007219610467
13042,-8.436494,-3.56052,3.974478,-0.126755,-0.163559,0.020922,30.98,66.5375016569822
13052,-8.420342,-3.561118,3.991228,-0.125991,-0.161268,0.02474,31,66.4157587993466
13062,-8.408379,-3.563511,4.010969,-0.126296,-0.157756,0.029016,31,66.2886572217264
13072,-8.410173,-3.5671,4.017549,-0.125686,-0.152716,0.031307,30.98,66.2611167806731
13082,-8.391031,-3.570091,4.037888,-0.125686,-0.146455,0.034208,30.98,66.1161103411093
13092,-8.391031,-3.567699,4.038486,-0.124769,-0.138208,0.036957,31,66.1107908961151
13102,-8.391629,-3.572484,4.066004,-0.123395,-0.129351,0.040623,31,65.972056663857
13112,-8.373683,-3.580859,4.067799,-0.122326,-0.10568,0.0478,31,65.9317189046449
13122,-8.36471,-3.580261,4.069593,-0.121104,-0.093615,0.052382,31.02,65.9024115755252
13132,-8.360522,-3.594618,4.088138,-0.120493,-0.080634,0.055589,31.02,65.8094361686917
13142,-8.363514,-3.595216,4.079762,-0.118355,-0.066126,0.060018,31.01,65.8603437541657
13152,-8.360522,-3.589832,4.080959,-0.117286,-0.052687,0.064446,31.01,65.8426140885716
13162,-8.376076,-3.594618,4.082156,-0.114843,-0.038332,0.068417,31,65.8743374402846
13172,-8.370691,-3.593421,4.080361,-0.113316,-0.024435,0.072082,31,65.8710231336547
13182,-8.373085,-3.593421,4.074379,-0.111483,-0.011148,0.074678,30.98,65.9075245783943
13192,-8.376674,-3.6006,4.074379,-0.109192,0.001985,0.077885,30.98,65.9218829419318
13202,-8.379066,-3.608975,4.062415,-0.107207,0.014355,0.080481,31.04,65.9974406191527
13212,-8.390432,-3.614957,4.051647,-0.105527,0.024129,0.082467,31.04,66.0836970046013
13222,-8.4012,-3.602993,4.045665,-0.103847,0.033903,0.083689,30.98,66.1270479863312
13232,-8.417352,-3.60718,4.035496,-0.102014,0.042761,0.085063,30.98,66.2185084072259
13242,-8.420342,-3.609573,4.022933,-0.10064,0.049327,0.084605,31.03,66.2928621271121
13252,-8.440681,-3.615555,4.010969,-0.100182,0.053909,0.085216,31.03,66.4038956151217
13262,-8.450851,-3.608377,4.002594,-0.09896,0.058185,0.083689,31.04,66.4627066673408
13272,-8.455637,-3.61376,3.985246,-0.098044,0.06017,0.08262,31.04,66.5685104651467
13282,-8.477173,-3.605386,3.972684,-0.096669,0.060781,0.078649,31.05,66.6718717851492
13292,-8.480762,-3.604787,3.951149,-0.097891,0.05681,0.076664,31,66.7918167196183
13302,-8.486743,-3.608975,3.948158,-0.098349,0.052993,0.074526,31,66.823593526397
13312,-8.504092,-3.60718,3.939184,-0.09896,0.047495,0.071929,30.98,66.9049428032312
13322,-8.506484,-3.602993,3.924827,-0.100029,0.041081,0.068417,30.98,66.9816015868605
13332,-8.509476,-3.611368,3.92064,-0.101251,0.033445,0.067195,31.03,67.0170312172837
13342,-8.518449,-3.606582,3.919443,-0.103084,0.025198,0.064141,31.03,67.0375529943308
13352,-8.52144,-3.591627,3.907479,-0.105069,0.016646,0.062156,31,67.0936013898354
13362,-8.534002,-3.59402,3.905087,-0.107054,0.00672,0.059559,31,67.1339143915332
13372,-8.530412,-3.586841,3.900899,-0.108734,-0.003665,0.057879,30.98,67.142421690326
13382,-8.525029,-3.589234,3.899703,-0.111788,-0.013744,0.055589,30.98,67.1397689856817
13392,-8.528618,-3.588037,3.900301,-0.113774,-0.02474,0.053756,31,67.1429283615568
13402,-8.540583,-3.576073,3.906881,-0.115759,-0.035277,0.051771,31,67.1225383786349
13412,-8.540583,-3.582654,3.90389,-0.118355,-0.046426,0.049938,31.01,67.1438852190792
13422,-8.538787,-3.580859,3.902096,-0.120646,-0.056963,0.047953,31.01,67.1481058546951
13432,-8.545966,-3.573082,3.898506,-0.122937,-0.067501,0.047342,30.98,67.1749773719443
13442,-8.534002,-3.568297,3.901497,-0.125227,-0.07758,0.044746,30.98,67.1307194969713
13452,-8.534599,-3.575475,3.930809,-0.127365,-0.08659,0.04215,31.01,66.9841579585659
13462,-8.52144,-3.567699,3.924827,-0.131031,-0.104153,0.039706,31.01,66.9817933379351
13472,-8.520243,-3.559922,3.934997,-0.132558,-0.111636,0.036957,30.99,66.9192006723796
13482,-8.522038,-3.556931,3.946961,-0.134696,-0.118202,0.033903,30.97,66.8575338991998
13492,-8.510075,-3.550949,3.956532,-0.135918,-0.122937,0.031307,30.97,66.7773344185403
13502,-8.514261,-3.548556,3.958327,-0.136528,-0.127365,0.028711,31,66.7745412126234
13512,-8.501101,-3.565904,3.971487,-0.136987,-0.130114,0.025962,31,66.6932451375416
13522,-8.501101,-3.559922,3.976273,-0.138056,-0.132863,0.023518,30.96,66.662933107651
13532,-8.484351,-3.554538,3.985844,-0.139125,-0.133932,0.021533,30.96,66.5730216872197
13542,-8.472985,-3.552145,3.985844,-0.138972,-0.133627,0.01909,30.96,66.5470739912251
13552,-8.47119,-3.549154,3.997808,-0.13775,-0.131947,0.01741,30.96,66.4778944033871
13562,-8.467602,-3.548556,4.002594,-0.137597,-0.129351,0.013897,31.05,66.4447075181458
13572,-8.447861,-3.556931,4.00379,-0.137292,-0.125991,0.013134,31.05,66.4041881907973
13582,-8.437692,-3.54736,4.009174,-0.135001,-0.120646,0.012217,30.96,66.3458666006339
13592,-8.440084,-3.552743,4.024727,-0.133169,-0.115912,0.011301,30.96,66.2741279904791
13602,-8.42453,-3.551547,4.031906,-0.131794,-0.110719,0.010232,30.97,66.2022996104655
13612,-8.413164,-3.557529,4.023531,-0.129198,-0.103389,0.010232,30.97,66.2274231339047
13622,-8.39462,-3.552743,4.029513,-0.126755,-0.095906,0.011606,30.99,66.1520512261142
13632,-8.400601,-3.564708,4.03071,-0.125227,-0.08094,0.012065,30.99,66.1693916898059
13642,-8.38445,-3.572484,4.029513,-0.119119,-0.071777,0.014508,31.01,66.1482274974323
13652,-8.38146,-3.574279,4.031308,-0.117133,-0.064141,0.01741,30.98,66.1340278797715
13662,-8.380861,-3.576073,4.03071,-0.114232,-0.0562,0.020464,30.98,66.1375284737237
13672,-8.374281,-3.567699,4.031906,-0.111941,-0.047037,0.024282,31,66.1094950099415
13682,-8.38146,-3.573681,4.022933,-0.109192,-0.039248,0.029322,31,66.1775398512499
13692,-8.359326,-3.573681,4.027121,-0.106901,-0.031154,0.031918,30.98,66.1080856292075
13702,-8.35454,-3.579663,4.02413,-0.105069,-0.02306,0.037263,30.98,66.1190717172164
13712,-8.362915,-3.582654,4.027121,-0.103847,-0.015882,0.041844,31.02,66.1240152403547
13722,-8.363514,-3.57727,4.017549,-0.101709,-0.008247,0.047342,31.02,66.1707902750802
13732,-8.370691,-3.591029,4.024727,-0.101251,-0.001833,0.051924,30.96,66.1609402277604
13742,-8.367702,-3.585645,4.025326,-0.100029,0.004581,0.058643,30.96,66.1464594438334
13752,-8.373683,-3.59043,4.017549,-0.098502,0.010996,0.063988,30.99,66.2045650057373
13762,-8.376674,-3.58385,4.018147,-0.097586,0.016035,0.069944,30.99,66.2017853433999
13772,-8.400601,-3.604787,4.008576,-0.097433,0.021991,0.074984,30.98,66.3220934327337
13782,-8.405987,-3.601198,3.996014,-0.097586,0.026267,0.080787,30.98,66.3962948493859
13792,-8.407183,-3.594618,3.993621,-0.097586,0.02978,0.085063,30.98,66.405462136309
13802,-8.4347,-3.59402,3.991228,-0.096822,0.032834,0.092393,30.98,66.4755312581915
13812,-8.453244,-3.602993,3.985844,-0.09896,0.038026,0.096059,31,66.550751471368
13822,-8.467602,-3.60718,3.998407,-0.100335,0.038485,0.09896,31.02,66.5186858523824
13832,-8.466404,-3.60718,3.97747,-0.101556,0.038637,0.100029,31.02,66.6259218656975
13842,-8.484351,-3.598207,3.97388,-0.102931,0.038026,0.10064,31.02,66.6741939664871
13852,-8.499306,-3.607778,3.967898,-0.104763,0.035888,0.099571,31.02,66.7450283223149
13862,-8.514261,-3.614359,3.962514,-0.106596,0.033445,0.098349,30.97,66.8099217389222
13872,-8.522635,-3.606582,3.969693,-0.108429,0.029932,0.095142,30.97,66.7828496827975
13882,-8.536395,-3.602993,3.958327,-0.110108,0.025656,0.091324,30.99,66.8675294529088
13892,-8.541779,-3.604189,3.95055,-0.113468,0.019853,0.087354,30.99,66.9203080754655
13902,-8.569895,-3.596412,3.95055,-0.115301,0.013592,0.08262,31,66.9712369935803
13912,-8.551949,-3.597011,3.939184,-0.117744,0.00672,0.075442,31,66.9944221933707
13922,-8.57169,-3.58744,3.935595,-0.119882,-0.001833,0.068111,30.99,67.0453562503328
13932,-8.577072,-3.608377,3.931407,-0.121715,-0.010385,0.060781,30.99,67.0961276568002
13942,-8.572886,-3.59043,3.929015,-0.124311,-0.020464,0.052229,30.99,67.0847594460786
13952,-8.583653,-3.591627,3.921836,-0.126144,-0.030085,0.04444,30.99,67.145244588908
13962,-8.57827,-3.592225,3.909872,-0.129198,-0.040928,0.035583,31,67.1974137944696
13972,-8.574082,-3.592225,3.911069,-0.130114,-0.052229,0.027336,31,67.1826401069625
13982,-8.558528,-3.579663,3.906283,-0.131794,-0.07422,0.013439,31,67.1653728981836
13992,-8.560324,-3.595814,3.892524,-0.13271,-0.085521,0.005803,31,67.2549856241426
14002,-8.55434,-3.580261,3.908078,-0.132405,-0.096517,-0.000611,31,67.1479273903701
14012,-8.542974,-3.573681,3.906881,-0.1321,-0.10736,-0.005651,31.01,67.1253798695917
14022,-8.532805,-3.578466,3.903292,-0.131031,-0.116217,-0.009621,31.01,67.1275443187293
14032,-8.516056,-3.580859,3.91406,-0.129809,-0.12538,-0.013286,30.99,67.0386673613865
14042,-8.499306,-3.579663,3.923631,-0.129198,-0.133932,-0.014508,30.99,66.9528213092057
14052,-8.487941,-3.579065,3.928416,-0.127213,-0.140957,-0.015424,30.99,66.9036515451225
14062,-8.477771,-3.5671,3.930212,-0.125533,-0.146608,-0.015119,30.99,66.8626902269385
14072,-8.465807,-3.568297,3.932604,-0.123853,-0.1518,-0.015272,31,66.8262855147291
14082,-8.439486,-3.568297,3.941577,-0.121409,-0.154702,-0.012675,31,66.7240890756305
14092,-8.433504,-3.562913,3.957131,-0.119577,-0.156992,-0.009927,30.97,66.6247433391956
14102,-8.416754,-3.566502,3.957131,-0.117592,-0.15684,-0.006261,30.97,66.5927306363774
14112,-8.401799,-3.552743,3.987041,-0.115301,-0.156229,-0.00168,31.03,66.3910055445376
14122,-8.390432,-3.573681,3.99063,-0.113163,-0.152716,0.002749,31.03,66.366812643608
14132,-8.377871,-3.563511,4.0008,-0.111636,-0.15012,0.00901,31.01,66.2772383116006
14142,-8.360522,-3.568895,4.022335,-0.109498,-0.143706,0.016035,31.01,66.1314859969014
14152,-8.352745,-3.562315,4.038486,-0.107665,-0.127365,0.029932,30.98,66.0236244941901
14162,-8.330612,-3.562913,4.04746,-0.105374,-0.117592,0.036652,30.96,65.9290767086971
14172,-8.330013,-3.564708,4.070191,-0.103542,-0.106749,0.043677,30.96,65.8097252244773
14182,-8.331809,-3.573082,4.063612,-0.104153,-0.093921,0.050702,30.96,65.8560302038504
14192,-8.320443,-3.558127,4.071388,-0.102167,-0.080023,0.058948,30.96,65.7764786133704
14202,-8.319845,-3.567699,4.07737,-0.101251,-0.065821,0.067195,30.97,65.7526169636149
14212,-8.328219,-3.558127,4.091727,-0.101098,-0.051007,0.073304,30.97,65.6864551169442
14222,-8.328817,-3.570091,4.095914,-0.099876,-0.035888,0.081245,31.03,65.6769411254055
14232,-8.3348,-3.578466,4.095914,-0.099418,-0.019853,0.087659,31.03,65.6978080655131
14242,-8.349755,-3.567699,4.09412,-0.099113,-0.004123,0.093462,30.99,65.72972242895
14252,-8.350951,-3.576073,4.095914,-0.097738,0.010843,0.098197,30.99,65.7307013380459
14262,-8.362316,-3.573082,4.080361,-0.098044,0.025351,0.101556,31.05,65.8341152068153
14272,-8.376076,-3.573681,4.088736,-0.098655,0.039554,0.106138,31.05,65.820545692447
14282,-8.386245,-3.588037,4.076173,-0.098197,0.052229,0.108887,31.02,65.9214856192131
14292,-8.411968,-3.58744,4.068995,-0.097738,0.063377,0.108887,31.02,66.0136958570605
14302,-8.422735,-3.589234,4.055834,-0.098197,0.073457,0.108123,30.98,66.107170662454
14312,-8.440681,-3.574877,4.036692,-0.099113,0.082161,0.107665,30.98,66.2325504989113
14322,-8.48136,-3.595814,4.027121,-0.100182,0.089034,0.102167,31.01,66.3872567038158
14332,-8.487342,-3.593421,4.011567,-0.100487,0.096211,0.096822,30.99,66.4789359429337
14342,-8.508279,-3.584448,3.987041,-0.102473,0.096822,0.090713,30.99,66.6429752875176
14352,-8.535198,-3.598805,3.973282,-0.103084,0.095295,0.083841,30.99,66.7832527464358
14362,-8.536395,-3.592823,3.966104,-0.104611,0.091477,0.077122,30.99,66.8180340511746
14372,-8.56152,-3.59402,3.95055,-0.106901,0.085979,0.068111,30.98,66.9520277184073
14382,-8.568698,-3.591627,3.93739,-0.10797,0.078038,0.059559,30.98,67.0334420439358
14392,-8.577072,-3.59043,3.919443,-0.10965,0.068417,0.050855,30.98,67.143358174968
14402,-8.579466,-3.593421,3.902096,-0.111177,0.057421,0.041692,30.98,67.2415765547573
14412,-8.580662,-3.596412,3.896114,-0.112552,0.045509,0.033903,30.99,67.27787453265
14422,-8.572886,-3.597609,3.885346,-0.11469,0.031154,0.025198,30.99,67.3196180764921
14432,-8.574679,-3.595814,3.87398,-0.115759,0.016799,0.018173,30.98,67.3813733059371
14442,-8.577671,-3.596412,3.871587,-0.116217,0.002291,0.010843,30.98,67.4004766444049
14452,-8.577072,-3.585046,3.859025,-0.117439,-0.013897,0.005956,30.98,67.4556838256118
14462,-8.563314,-3.585046,3.859623,-0.118355,-0.029474,0.000764,30.98,67.4248044338517
14472,-8.566903,-3.585046,3.85723,-0.118508,-0.045357,-0.002902,31,67.4446357931497
14482,-8.558528,-3.592823,3.854837,-0.11973,-0.061545,-0.005651,31,67.4469180153215
14492,-8.540583,-3.585645,3.854837,-0.120035,-0.076511,-0.007789,30.97,67.4045909788615
14502,-8.512466,-3.586243,3.865007,-0.120799,-0.105985,-0.007636,30.98,67.2943912858445
14512,-8.515458,-3.585046,3.875774,-0.120951,-0.117897,-0.005803,30.98,67.2426528120521
14522,-8.506484,-3.586243,3.884748,-0.120646,-0.129962,-0.004429,31.01,67.1780398432697
14532,-8.502895,-3.574877,3.884149,-0.120493,-0.140804,-0.00168,31.01,67.1640626770089
14542,-8.478369,-3.580261,3.896114,-0.121104,-0.150273,0.000611,30.96,67.0552080216164
14552,-8.469396,-3.579065,3.912863,-0.121104,-0.158061,0.004123,30.96,66.947253107065
14562,-8.472985,-3.579663,3.918247,-0.120799,-0.164781,0.008705,31.01,66.9268036116817
14572,-8.453843,-3.568297,3.940381,-0.120035,-0.169668,0.012065,31.01,66.7603768869496
14582,-8.451449,-3.581457,3.956532,-0.120646,-0.172875,0.014508,31,66.6819148801482
14592,-8.44427,-3.579663,3.973282,-0.120799,-0.174097,0.018173,31,66.5771555904802
14602,-8.438888,-3.582654,3.982255,-0.120188,-0.173944,0.023518,30.98,66.5213309969744
14612,-8.427522,-3.568297,3.990032,-0.120493,-0.172111,0.025962,30.98,66.4436556785636
14622,-8.419147,-3.573681,4.00738,-0.119424,-0.16921,0.029932,31.01,66.339547776097
14632,-8.415558,-3.576672,4.014558,-0.118966,-0.164017,0.03375,31.01,66.2969135383625
14642,-8.415558,-3.58385,4.040879,-0.117744,-0.157298,0.035888,31.03,66.1652957651721
14652,-8.401799,-3.581457,4.049254,-0.117439,-0.149357,0.037415,31.03,66.0898535894073
14662,-8.383254,-3.569493,4.075575,-0.116981,-0.139735,0.039554,30.98,65.9011289030315
14672,-8.370093,-3.582654,4.079165,-0.115606,-0.116523,0.04444,30.98,65.8660422350068
14682,-8.374879,-3.586841,4.088138,-0.113316,-0.103694,0.046884,30.96,65.8332457163909
14692,-8.368897,-3.586243,4.09053,-0.111941,-0.090561,0.048258,31.02,65.8072435091503
14702,-8.359925,-3.58744,4.093522,-0.109956,-0.075747,0.051007,31.02,65.7732700442202
14712,-8.367103,-3.591029,4.088736,-0.10797,-0.060934,0.05284,31,65.8171962484155
14722,-8.364112,-3.591627,4.095914,-0.106138,-0.046731,0.055589,31,65.7737017543241
14732,-8.361719,-3.595216,4.091727,-0.103542,-0.032223,0.0562,30.99,65.7937824055356
14742,-8.360522,-3.59043,4.082754,-0.102167,-0.017562,0.058643,30.99,65.8337594279781
14752,-8.36471,-3.579663,4.078567,-0.100182,-0.004429,0.060934,30.98,65.8547858382552
14762,-8.36112,-3.588037,4.064807,-0.098349,0.009316,0.061545,30.98,65.9269756420451
14772,-8.368299,-3.589234,4.071388,-0.096059,0.021686,0.063377,31,65.9090245669025
14782,-8.379066,-3.598207,4.06062,-0.093615,0.033292,0.064752,31,65.9969197278463
14792,-8.379665,-3.589832,4.052843,-0.092088,0.04444,0.065668,30.96,66.0312947197123
14802,-8.386245,-3.585046,4.037888,-0.091019,0.05284,0.066584,30.96,66.1195161602006
14812,-8.395219,-3.597609,4.028915,-0.089644,0.060934,0.067042,31.01,66.1972630278968
14822,-8.407781,-3.584448,4.028915,-0.088728,0.067959,0.06857,31.01,66.2120293271112
14832,-8.408977,-3.598805,4.007978,-0.087506,0.071929,0.067959,31,66.3375455156511
14842,-8.446664,-3.585046,3.992425,-0.088117,0.075747,0.069639,31,66.4863822983025
14852,-8.440084,-3.588037,3.986442,-0.088117,0.079107,0.069333,30.98,66.5066448559934
14862,-8.468199,-3.592225,3.970889,-0.088423,0.078649,0.068264,30.99,66.6509409951628
14872,-8.462815,-3.585046,3.96072,-0.089186,0.077274,0.068417,30.99,66.6867861351961
14882,-8.474779,-3.581457,3.962514,-0.08995,0.073915,0.066737,31,66.6991379776026
14892,-8.484949,-3.589234,3.936193,-0.091324,0.068875,0.066432,31,66.8654322830961
14902,-8.496913,-3.585645,3.933203,-0.093157,0.062156,0.066279,30.98,66.9027527994
14912,-8.513663,-3.575475,3.924827,-0.094073,0.056047,0.065363,30.98,66.972493180622
14922,-8.520243,-3.580261,3.920042,-0.094837,0.048717,0.063835,31,67.0153089886744
14932,-8.529217,-3.576672,3.912863,-0.097128,0.04047,0.063683,31,67.0683557322216
14942,-8.535198,-3.586243,3.909872,-0.098655,0.031612,0.062156,30.98,67.1045397775589
14952,-8.535198,-3.573082,3.891926,-0.101251,0.021838,0.061239,30.98,67.1875990100237
14962,-8.543573,-3.56052,3.899703,-0.102625,0.010537,0.058948,31.01,67.1530884519349
14972,-8.539386,-3.573681,3.892524,-0.104305,-0.000764,0.058338,31.01,67.1935115726408
14982,-8.547162,-3.583252,3.88056,-0.106749,-0.01237,0.055589,30.99,67.2804291367233
14992,-8.557332,-3.574279,3.891926,-0.108734,-0.024587,0.053603,30.99,67.2337234111974
15002,-8.556136,-3.568895,3.89073,-0.111025,-0.03711,0.051924,31,67.2330006875281
15012,-8.571091,-3.56411,3.88714,-0.11301,-0.04948,0.045051,31,67.2782111794817
15022,-8.56152,-3.573681,3.898506,-0.116981,-0.074067,0.041692,30.99,67.2071856368213
15032,-8.563314,-3.5671,3.896114,-0.118508,-0.085063,0.037568,30.98,67.2178086359445
15042,-8.565108,-3.572484,3.908078,-0.120493,-0.096517,0.034056,30.98,67.1632572681779
15052,-8.557931,-3.568297,3.911069,-0.122326,-0.107665,0.030849,31,67.1293640028449
15062,-8.556733,-3.565306,3.921836,-0.123089,-0.118661,0.026114,31,67.0678998415982
15072,-8.537591,-3.572484,3.921836,-0.124006,-0.127824,0.021686,30.97,67.0348106360237
15082,-8.535797,-3.565904,3.930809,-0.125686,-0.13607,0.016799,30.97,66.9783885211481
15092,-8.519047,-3.574279,3.940979,-0.126144,-0.142637,0.012828,31.02,66.8977406541074
15102,-8.526823,-3.573082,3.949952,-0.12538,-0.147829,0.010232,31.02,66.8657049540096
15112,-8.507681,-3.576073,3.957729,-0.12538,-0.152869,0.00504,31.04,66.787925016053
15122,-8.491529,-3.573082,3.972086,-0.125991,-0.156382,0.000764,31.04,66.6764450834852
15132,-8.497512,-3.575475,3.97388,-0.125227,-0.157603,-0.001985,30.98,66.6816013059749
15142,-8.468199,-3.572484,3.978068,-0.124311,-0.158214,-0.004734,30.98,66.5957935339513
15152,-8.455637,-3.571886,3.986442,-0.124158,-0.157603,-0.007636,30.99,66.5249457769198
15162,-8.449656,-3.572484,4.008576,-0.122478,-0.155007,-0.010079,30.99,66.3967267788723
15172,-8.435897,-3.573681,4.010969,-0.120951,-0.151647,-0.01069,30.96,66.3561690955289
15182,-8.422735,-3.5671,4.036692,-0.119271,-0.14676,-0.010843,30.96,66.1873792153353
15192,-8.393424,-3.577868,4.038486,-0.115606,-0.133779,-0.010843,30.96,66.1251737212336
15202,-8.38804,-3.572484,4.044468,-0.113621,-0.124922,-0.008858,30.98,66.0773271447711
15212,-8.369495,-3.58385,4.04387,-0.11133,-0.11637,-0.006872,30.98,66.0511063908778
15222,-8.362915,-3.581457,4.05404,-0.108887,-0.105985,-0.003207,30.97,65.9813147852193
15232,-8.34138,-3.582654,4.066602,-0.106138,-0.095295,0.000305,30.97,65.8699299195749
15242,-8.35813,-3.576672,4.061816,-0.103847,-0.083841,0.004734,30.97,65.9257319205681
15252,-8.339585,-3.586243,4.063013,-0.10232,-0.07254,0.009468,30.97,65.8882524056805
15262,-8.32463,-3.582654,4.066602,-0.100335,-0.059254,0.015577,31.03,65.833644638929
15272,-8.328817,-3.592225,4.067799,-0.098349,-0.045815,0.022297,31.03,65.8453591520514
15282,-8.327621,-3.588636,4.065406,-0.096669,-0.032987,0.029627,31,65.8520048139036
15292,-8.33121,-3.59402,4.070789,-0.09499,-0.020769,0.036499,31,65.8364972010477
15302,-8.32463,-3.597609,4.066004,-0.092852,-0.008552,0.043677,31.01,65.8507673481789
15312,-8.324032,-3.598207,4.066004,-0.090866,0.004276,0.051771,31.01,65.8500322402308
15322,-8.33121,-3.589234,4.061218,-0.089186,0.016493,0.059407,30.95,65.8823658865178
15332,-8.340781,-3.591029,4.050451,-0.08827,0.028558,0.067806,30.95,65.961360856039
15342,-8.353942,-3.597609,4.041477,-0.087506,0.038943,0.074678,30.98,66.0429879598531
15352,-8.350353,-3.589234,4.0337,-0.087048,0.048411,0.080787,30.98,66.0684805298481
15362,-8.383254,-3.59402,4.031308,-0.08659,0.06689,0.094531,30.99,66.1559041569163
15372,-8.404789,-3.598207,4.022335,-0.085674,0.073915,0.099876,31.02,66.2527081706485
15382,-8.420342,-3.600002,4.017549,-0.086437,0.078802,0.105374,31.02,66.3124294946538
15392,-8.429317,-3.6006,4.012764,-0.087354,0.083383,0.108123,30.96,66.3570470533326
15402,-8.452048,-3.602395,4.0008,-0.087965,0.086285,0.111177,30.96,66.4692650127033
15412,-8.462217,-3.589832,3.993621,-0.089339,0.087201,0.111788,30.98,66.5170323543975
15422,-8.483753,-3.599404,3.982255,-0.090866,0.08659,0.11133,30.98,66.6301155313228
15432,-8.506484,-3.598207,3.969693,-0.09163,0.086132,0.110567,31.02,66.7420985016671
15442,-8.514859,-3.599404,3.952943,-0.094226,0.082467,0.107818,31.02,66.8482029840889
15452,-8.541779,-3.593421,3.946961,-0.096211,0.075442,0.102625,30.98,66.9297667701834
15462,-8.549556,-3.593421,3.945167,-0.097128,0.069944,0.097586,30.98,66.9551208029863
15472,-8.565108,-3.588636,3.931407,-0.09896,0.06185,0.092393,31,67.0548374915064
15482,-8.563314,-3.585046,3.918845,-0.101251,0.052687,0.085979,31,67.1138709147205
15492,-8.585447,-3.586841,3.915256,-0.103084,0.041692,0.07758,31.02,67.1792381530548
15502,-8.597412,-3.585645,3.907479,-0.105222,0.029169,0.069028,31.02,67.2431731955782
15512,-8.601001,-3.586243,3.893721,-0.107207,0.015882,0.060323,30.99,67.3229228141536
15522,-8.596813,-3.582056,3.882953,-0.109039,0.002138,0.051007,30.99,67.3673508418833
15532,-8.603394,-3.573681,3.872783,-0.109498,-0.011606,0.034056,30.99,67.4269074605159
15542,-8.59801,-3.579065,3.875774,-0.111788,-0.042455,0.025198,31.03,67.4048885085632
15552,-8.586046,-3.585645,3.867998,-0.112094,-0.05681,0.016952,31.03,67.4271167323811
15562,-8.580662,-3.57727,3.871587,-0.112857,-0.071624,0.009316,30.96,67.3903663834866
15572,-8.575278,-3.574877,3.882355,-0.112705,-0.086743,0.002443,30.96,67.3209174392913
15582,-8.559127,-3.574279,3.881757,-0.112246,-0.100335,-0.004123,31.02,67.2908069351445
15592,-8.553144,-3.571886,3.885346,-0.111941,-0.113774,-0.008399,31.02,67.2577526151174
15602,-8.546564,-3.559324,3.892524,-0.111636,-0.126296,-0.012065,30.96,67.1959282783872
15612,-8.526823,-3.569493,3.89731,-0.110719,-0.137292,-0.015424,30.96,67.1390779828462
15622,-8.507083,-3.567699,3.899105,-0.10965,-0.147219,-0.017257,30.97,67.0876097144766
15632,-8.506484,-3.562315,3.914658,-0.109956,-0.155771,-0.018326,30.97,66.999818553466
15642,-8.484949,-3.555136,3.933203,-0.108429,-0.163254,-0.019548,30.96,66.8514098420772
15652,-8.471789,-3.558127,3.93739,-0.107818,-0.168141,-0.018631,30.96,66.8046084311531
15662,-8.46461,-3.56411,3.941577,-0.107054,-0.172417,-0.017257,30.97,66.7728400161139
15672,-8.449057,-3.562913,3.960122,-0.106901,-0.175013,-0.016035,30.97,66.6416053941112
15682,-8.425129,-3.559922,3.974478,-0.106291,-0.175318,-0.013286,31,66.5130199626233
15692,-8.414959,-3.562913,3.99721,-0.105832,-0.17486,-0.010996,31,66.3744798249876
15702,-8.400601,-3.56052,4.017549,-0.106443,-0.171806,-0.007025,31.05,66.234784931176
15712,-8.379066,-3.562315,4.031308,-0.105374,-0.160352,0.002291,30.99,66.1179880733778
15722,-8.382057,-3.566502,4.038486,-0.105832,-0.152564,0.006567,30.99,66.090470176734
15732,-8.35813,-3.563511,4.052843,-0.105374,-0.143095,0.011148,30.98,65.9607674688216
15742,-8.35454,-3.562913,4.074379,-0.105069,-0.131336,0.017257,30.98,65.8392702047072
15752,-8.338388,-3.56411,4.08395,-0.105527,-0.118966,0.022297,30.98,65.7550422448305
15762,-8.334201,-3.563511,4.091129,-0.105527,-0.104916,0.028558,30.98,65.7076629538751
15772,-8.328817,-3.571288,4.092325,-0.105069,-0.090255,0.034819,30.96,65.6969054573068
15782,-8.322237,-3.57727,4.096512,-0.104916,-0.074526,0.040928,30.96,65.666169551283
15792,-8.326425,-3.583252,4.096512,-0.104305,-0.058338,0.047037,30.95,65.6809099928965
15802,-8.32463,-3.582654,4.101298,-0.103084,-0.041233,0.053909,30.95,65.6513183392438
15812,-8.333604,-3.584448,4.103093,-0.102778,-0.024587,0.060018,30.97,65.6631477200885
15822,-8.33121,-3.588636,4.104289,-0.102473,-0.007636,0.064446,30.97,65.6555887140773
15832,-8.339585,-3.585046,4.098307,-0.100945,0.008094,0.069486,30.96,65.7018195641888
15842,-8.350353,-3.588037,4.097709,-0.10064,0.024282,0.073762,30.96,65.7311399246825
15852,-8.356335,-3.585046,4.07737,-0.09896,0.038943,0.077427,31.01,65.8479473083153
15862,-8.371889,-3.58385,4.071986,-0.098197,0.052687,0.081703,31.01,65.9086538395984
15872,-8.375478,-3.598805,4.050451,-0.096364,0.065821,0.085063,31.04,66.0431259752399
15882,-8.405987,-3.595216,4.03729,-0.095142,0.085368,0.08827,31.04,66.1740587450246
15892,-8.423334,-3.612564,4.019344,-0.092393,0.09331,0.087659,31,66.3207182607135
15902,-8.438888,-3.594618,4.00379,-0.092088,0.098197,0.08659,31,66.4189325084828
15912,-8.462217,-3.595814,3.997808,-0.091172,0.101251,0.084147,31,66.5004102134213
15922,-8.477173,-3.60718,3.981059,-0.090713,0.10232,0.08094,30.98,66.629555363823
15932,-8.499905,-3.592225,3.971487,-0.090255,0.101862,0.078802,30.98,66.7138054416005
15942,-8.514859,-3.59402,3.955934,-0.08995,0.098197,0.073609,31.02,66.8278351668367
15952,-8.514261,-3.596412,3.943372,-0.089492,0.093768,0.068264,31.02,66.8945343780524
15962,-8.539985,-3.592225,3.932006,-0.089797,0.087354,0.063225,30.96,67.0033705199478
15972,-8.534002,-3.592225,3.921238,-0.089797,0.078038,0.057879,30.96,67.0475748498424
15982,-8.550752,-3.594618,3.908676,-0.090866,0.068417,0.05116,31.01,67.1497527383809
15992,-8.565108,-3.598207,3.89731,-0.091783,0.057879,0.045357,31.01,67.2416196596483
16002,-8.567502,-3.601796,3.884149,-0.091935,0.045204,0.03879,31.01,67.3185692331641
16012,-8.571091,-3.597011,3.879962,-0.092088,0.032223,0.033903,31.01,67.3437377426182
16022,-8.560921,-3.592225,3.894319,-0.094531,0.018021,0.028253,30.99,67.2437188855148
16032,-8.557931,-3.593421,3.870989,-0.093921,0.004429,0.024282,30.99,67.3612353195185
16042,-8.56451,-3.589832,3.872185,-0.096211,-0.010996,0.018937,30.99,67.3652040681849
16052,-8.56152,-3.596412,3.872783,-0.097738,-0.025504,0.013439,30.99,67.3615982660752
16062,-8.557332,-3.57727,3.867399,-0.099266,-0.054825,0.011759,31.02,67.3652174678753
16072,-8.553144,-3.576073,3.868596,-0.100487,-0.069028,0.009774,30.95,67.3494209072543
16082,-8.543573,-3.58385,3.876373,-0.101862,-0.082467,0.008858,30.95,67.2956794256011
16092,-8.541779,-3.571886,3.887738,-0.103236,-0.096059,0.010385,30.96,67.2220350700269
16102,-8.520243,-3.578466,3.885346,-0.103389,-0.10736,0.011454,30.96,67.1963166954917
16112,-8.525627,-3.574877,3.894917,-0.104611,-0.118355,0.011912,30.95,67.1538405651944
16122,-8.504092,-3.580859,3.898506,-0.10568,-0.12874,0.013744,30.95,67.0959784536726
16132,-8.502895,-3.570091,3.915854,-0.105832,-0.137292,0.016188,30.96,66.9928460131783
16142,-8.483753,-3.575475,3.921238,-0.106749,-0.14447,0.017715,30.96,66.9296564856518
16152,-8.475378,-3.57069,3.93739,-0.107054,-0.150426,0.019395,31.02,66.823059074056
16162,-8.472985,-3.580859,3.939782,-0.107207,-0.154091,0.022297,31.02,66.8144090372665
16172,-8.474181,-3.573082,3.958925,-0.107665,-0.157451,0.024893,31.01,66.7093811883194
16182,-8.449057,-3.575475,3.976273,-0.107665,-0.159283,0.027031,31.01,66.5677490363072
16192,-8.443673,-3.571288,3.983452,-0.107207,-0.158367,0.028863,30.98,66.5149720671114
16202,-8.443074,-3.57069,3.994817,-0.106901,-0.157298,0.030849,30.98,66.4534559811051
16212,-8.430512,-3.578466,4.016353,-0.107665,-0.154091,0.031612,30.96,66.320812825567
16222,-8.420342,-3.57069,4.031906,-0.106749,-0.149051,0.033445,30.96,66.2106207471507
16232,-8.410771,-3.565904,4.042674,-0.105222,-0.135765,0.034819,30.97,66.1294022308408
16242,-8.404789,-3.5671,4.051647,-0.104,-0.126755,0.035125,30.98,66.0706381547626
16252,-8.403594,-3.562913,4.06062,-0.103084,-0.117439,0.036041,30.98,66.0172366244556
16262,-8.383853,-3.568895,4.066004,-0.103084,-0.106749,0.036499,31,65.9520410424295
16272,-8.377273,-3.573082,4.058825,-0.10232,-0.095142,0.037263,31,65.9793816809849
16282,-8.38445,-3.580261,4.069593,-0.101404,-0.083841,0.034819,31.01,65.9449409642476
16292,-8.386844,-3.576672,4.074977,-0.099571,-0.071777,0.035736,31.01,65.9185898524171
16302,-8.392825,-3.574877,4.073183,-0.09896,-0.058948,0.034972,30.97,65.9392115543939
16312,-8.378469,-3.579065,4.089334,-0.097586,-0.045051,0.034667,30.97,65.8275553582143
16322,-8.380861,-3.582654,4.068397,-0.096211,-0.032376,0.03543,31.01,65.945687651043
16332,-8.379066,-3.580859,4.076173,-0.095753,-0.020922,0.034667,31.01,65.8994193637095
16342,-8.373683,-3.589234,4.074977,-0.09499,-0.00901,0.034514,30.99,65.9018108377269
16352,-8.38146,-3.579663,4.070789,-0.093921,0.002749,0.035125,30.99,65.9316888098133
16362,-8.385049,-3.586841,4.055834,-0.092699,0.013592,0.034208,30.98,66.0244030797361
16372,-8.380861,-3.574279,4.057629,-0.09163,0.023671,0.03543,30.98,65.9944729236708
16382,-8.387442,-3.588636,4.042076,-0.090255,0.033292,0.036957,31.01,66.1033669641263
16392,-8.394022,-3.577868,4.034299,-0.089492,0.041997,0.038637,31.01,66.1484404088312
16402,-8.400003,-3.579065,4.026522,-0.088575,0.055894,0.041844,30.97,66.2031431951569
16412,-8.407781,-3.580859,4.016951,-0.08659,0.061087,0.043677,30.98,66.2716075619744
16422,-8.407183,-3.592225,4.006183,-0.085979,0.065515,0.046273,30.98,66.3372224093113
16432,-8.421539,-3.589832,3.996014,-0.086437,0.068264,0.049022,30.97,66.4188821090893
16442,-8.419745,-3.581457,3.987639,-0.08659,0.07086,0.051313,30.97,66.4516185377532
16452,-8.439486,-3.58744,3.987639,-0.085827,0.071471,0.053756,31.02,66.4985644370852
16462,-8.446067,-3.592823,3.972684,-0.08659,0.071624,0.055741,31.02,66.5957797791167
16472,-8.459825,-3.593421,3.952943,-0.086285,0.070708,0.058796,30.97,66.7288589910639
16482,-8.461619,-3.574877,3.951746,-0.087048,0.067501,0.061545,30.97,66.7225246124892
16492,-8.484351,-3.576073,3.942175,-0.088423,0.064446,0.063225,30.98,66.821218522387
16502,-8.484351,-3.588037,3.934398,-0.089186,0.059407,0.064904,30.98,66.872588279946
16512,-8.502296,-3.589234,3.925426,-0.089644,0.053756,0.065973,30.98,66.95786400175
16522,-8.507681,-3.582654,3.918845,-0.091783,0.046884,0.066584,30.98,66.9978424031498
16532,-8.510075,-3.589234,3.917649,-0.092852,0.038332,0.066584,31,67.0147556750575
16542,-8.517851,-3.582654,3.903292,-0.093768,0.02978,0.066126,31,67.1005359010394
16552,-8.534599,-3.581457,3.904488,-0.095142,0.020159,0.06521,30.96,67.1274916807879
16562,-8.546564,-3.573681,3.902096,-0.096669,0.010079,0.064294,30.96,67.1578476583437
16572,-8.562119,-3.583252,3.898506,-0.098044,-0.013286,0.05849,30.98,67.2165418803292
16582,-8.569895,-3.582056,3.890131,-0.101251,-0.025504,0.0562,30.99,67.2752644889625
16592,-8.567502,-3.576073,3.88714,-0.103084,-0.038026,0.051618,30.99,67.2810425730147
16602,-8.575278,-3.578466,3.900301,-0.104153,-0.050244,0.047647,31.02,67.2298017615966
16612,-8.576474,-3.578466,3.896114,-0.10568,-0.062919,0.043066,31.02,67.2541823697906
16622,-8.574679,-3.580261,3.903292,-0.10736,-0.074526,0.037721,30.99,67.214428599867
16632,-8.563314,-3.586841,3.908078,-0.107818,-0.086896,0.033292,30.99,67.1718258241853
16642,-8.560921,-3.58744,3.902694,-0.108276,-0.099113,0.026878,30.99,67.1957005510532
16652,-8.562119,-3.589234,3.919443,-0.109039,-0.109803,0.021686,30.99,67.1118795567063
16662,-8.550154,-3.585645,3.917649,-0.10965,-0.119271,0.016493,31,67.0937855767031
16672,-8.545966,-3.595216,3.921836,-0.109498,-0.128282,0.011148,31,67.0714912260423
16682,-8.533404,-3.583252,3.930809,-0.108581,-0.136376,0.006414,30.98,66.9884042433241
16692,-8.514859,-3.588037,3.939782,-0.108429,-0.143553,0.00168,30.98,66.907315395107
16702,-8.507083,-3.58385,3.943372,-0.108123,-0.149051,-0.002291,31,66.8687843918693
16712,-8.492128,-3.582056,3.946961,-0.108123,-0.153174,-0.005956,31,66.8174230297598
16722,-8.488539,-3.599404,3.960122,-0.106291,-0.156076,-0.008705,30.98,66.7561026685882
16732,-8.473583,-3.579065,3.981657,-0.104763,-0.158214,-0.010385,30.98,66.594039459398
16742,-8.44427,-3.579065,3.995416,-0.103694,-0.15852,-0.012675,30.96,66.4603018144113
16752,-8.430512,-3.58385,4.009772,-0.100945,-0.153327,-0.012675,30.91,66.3601892429538
16762,-8.419147,-3.583252,4.022335,-0.099876,-0.149357,-0.012828,30.91,66.2696386475182
16772,-8.407183,-3.588037,4.023531,-0.097891,-0.143859,-0.011759,31.01,66.2422785747349
16782,-8.379665,-3.59043,4.036094,-0.096517,-0.135918,-0.008705,31.01,66.119798217664
16792,-8.374281,-3.591627,4.04387,-0.094531,-0.126907,-0.006109,30.97,66.0685161419399
16802,-8.365907,-3.586841,4.056432,-0.093615,-0.117744,-0.00336,30.97,65.9801514679827
16812,-8.346764,-3.58385,4.056432,-0.092699,-0.106291,0.001069,30.95,65.9361440519576
16822,-8.346764,-3.583252,4.064209,-0.091477,-0.094531,0.005498,30.95,65.894704186363
16832,-8.340781,-3.577868,4.075575,-0.091172,-0.080329,0.011148,31.04,65.8170293114442
16842,-8.337791,-3.59043,4.086941,-0.08995,-0.067042,0.016493,31.04,65.7625747433957
16852,-8.328817,-3.58385,4.08395,-0.088728,-0.052687,0.02306,30.98,65.752639030558
16862,-8.322835,-3.583252,4.089932,-0.087965,-0.038485,0.028405,30.98,65.707640626974
16872,-8.324032,-3.59043,4.086343,-0.087048,-0.023366,0.035277,31,65.7358287488127
16882,-8.321041,-3.582056,4.084548,-0.08659,-0.007483,0.042455,31,65.7309039254436
16892,-8.321639,-3.581457,4.084548,-0.086437,0.00733,0.049786,30.99,65.7316443623385
16902,-8.332406,-3.581457,4.075575,-0.085521,0.021686,0.0562,30.99,65.8022062357719
16912,-8.346166,-3.578466,4.069593,-0.085674,0.03543,0.062766,30.98,65.8606783664805
16922,-8.358727,-3.59043,4.060022,-0.084299,0.060934,0.075595,30.98,65.9491586286272
16932,-8.367103,-3.573681,4.056432,-0.083994,0.071471,0.080023,30.99,65.9706043206933
16942,-8.376076,-3.577868,4.037888,-0.083689,0.081703,0.086743,30.99,66.0911796477848
16952,-8.397013,-3.582654,4.033103,-0.084299,0.089492,0.091019,30.99,66.165464872088
16962,-8.410173,-3.575475,4.030112,-0.083536,0.096975,0.094073,30.98,66.2027057046454
16972,-8.426923,-3.57727,4.011567,-0.083841,0.101404,0.096364,30.98,66.3372565203735
16982,-8.447861,-3.589832,3.991827,-0.084147,0.104153,0.097586,31.02,66.49630984177
16992,-8.46102,-3.57069,3.985844,-0.084147,0.105527,0.099724,31.02,66.5383301102099
17002,-8.48136,-3.583252,3.97388,-0.084758,0.104458,0.098044,30.97,66.6547744393966
17012,-8.507083,-3.580261,3.951149,-0.084758,0.101098,0.097891,30.97,66.8248482596241
17022,-8.52144,-3.58385,3.946362,-0.085063,0.096364,0.095142,30.99,66.8827420480923
17032,-8.533404,-3.582056,3.932006,-0.085979,0.08995,0.091172,30.99,66.9810951881662
17042,-8.547761,-3.571288,3.926622,-0.086743,0.081398,0.086896,31.02,67.0295388784067
17052,-8.556136,-3.579065,3.908676,-0.087965,0.071624,0.081551,31.02,67.1474325934769
17062,-8.580065,-3.579663,3.899703,-0.088117,0.060018,0.075136,30.95,67.2436668103834
17072,-8.577671,-3.576073,3.892524,-0.088728,0.047495,0.067959,30.95,67.2734133639259
17082,-8.583653,-3.576672,3.867998,-0.089797,0.03375,0.061087,31,67.4147499145347
17092,-8.590831,-3.580261,3.870989,-0.091019,0.002902,0.044288,31,67.416530448205
17102,-8.600404,-3.576672,3.865605,-0.092393,-0.013439,0.03543,31.04,67.4610465353626
17112,-8.602796,-3.568297,3.862016,-0.093462,-0.029016,0.027794,31.02,67.4776986056744
17122,-8.595617,-3.572484,3.860819,-0.094837,-0.045204,0.019853,31.02,67.4730423459109
17132,-8.590831,-3.573681,3.869792,-0.09499,-0.060323,0.01237,30.98,67.4172918499703
17142,-8.590234,-3.568297,3.866203,-0.0956,-0.075595,0.004887,30.98,67.4304222821531
17152,-8.578867,-3.573681,3.877569,-0.096364,-0.090561,-0.001985,30.98,67.3523016784174
17162,-8.580065,-3.57727,3.882953,-0.09728,-0.104916,-0.008247,30.98,67.3294875429571
17172,-8.565108,-3.571288,3.886542,-0.097433,-0.11805,-0.013286,31,67.2752722829892
17182,-8.552546,-3.571886,3.891926,-0.098197,-0.129351,-0.017257,31,67.2219485867755
17192,-8.526823,-3.579663,3.895515,-0.098502,-0.139735,-0.020311,31,67.1572437213073
17202,-8.525627,-3.569493,3.918247,-0.099571,-0.149815,-0.022449,31,67.0265231127704
17212,-8.513064,-3.57069,3.932006,-0.100029,-0.157756,-0.024282,30.94,66.9293967280304
17222,-8.489736,-3.573681,3.937988,-0.100945,-0.164475,-0.026114,30.94,66.8523145249021
17232,-8.469396,-3.571288,3.945167,-0.100029,-0.169057,-0.025045,30.97,66.770202646871
17242,-8.469396,-3.567699,3.957131,-0.099724,-0.172111,-0.023366,30.97,66.7041002168616
17252,-8.447861,-3.582654,3.985246,-0.100487,-0.17318,-0.020922,30.98,66.5244668629273
17262,-8.429317,-3.579663,4.000201,-0.099571,-0.172722,-0.016035,30.98,66.404165504159
17272,-8.410771,-3.581457,4.013362,-0.099876,-0.167377,-0.011912,31,66.2973572751111
17282,-8.401799,-3.573082,4.031906,-0.099571,-0.161727,-0.008247,31,66.1732628517057
17292,-8.383254,-3.580859,4.039085,-0.098349,-0.154702,-0.002902,31,66.1030008773059
17302,-8.375478,-3.583252,4.045067,-0.097586,-0.145691,0.001833,30.99,66.0571032591105
17312,-8.359925,-3.581457,4.062415,-0.09728,-0.135154,0.008094,30.99,65.9308771367231
17322,-8.352147,-3.585645,4.079762,-0.096975,-0.124158,0.013897,31.02,65.8268953944186
17332,-8.343175,-3.585645,4.080959,-0.096211,-0.111483,0.018784,31.02,65.8011834614343
17342,-8.328817,-3.585046,4.082754,-0.096517,-0.09728,0.025198,31,65.760040734271
17352,-8.3348,-3.592225,4.085146,-0.094837,-0.082772,0.030543,31,65.7671838410105
17362,-8.335398,-3.592823,4.107878,-0.094073,-0.067348,0.035888,30.99,65.6498296733902
17372,-8.342576,-3.588636,4.098905,-0.092546,-0.050396,0.042455,30.99,65.7085428545053
17382,-8.330013,-3.591627,4.094718,-0.092088,-0.034056,0.046731,30.99,65.7059886334948
17392,-8.339585,-3.592225,4.102495,-0.090866,-0.018173,0.051465,30.99,65.6865851485257
17402,-8.338987,-3.578466,4.1007,-0.090255,-0.001222,0.056658,30.99,65.6818214276953
17412,-8.350951,-3.585645,4.08754,-0.088881,0.01405,0.06017,30.99,65.7835085882881
17422,-8.36112,-3.598207,4.078567,-0.087659,0.029322,0.063683,30.94,65.8642177308443
17433,-8.379665,-3.602395,4.070191,-0.085216,0.055741,0.06918,30.97,65.9519066472432
17442,-8.38146,-3.591029,4.063612,-0.084452,0.067806,0.071013,30.97,65.9797627787061
17452,-8.397013,-3.59402,4.052843,-0.083689,0.078038,0.072082,30.97,66.0722808829294
17462,-8.410173,-3.600002,4.046861,-0.083536,0.086285,0.072846,30.97,66.137171968377
17472,-8.426923,-3.598805,4.026522,-0.082161,0.09331,0.072998,31,66.2782271582579
17482,-8.432905,-3.601198,4.015755,-0.081551,0.09896,0.07254,31,66.3494777621676
17492,-8.454441,-3.601198,4.004987,-0.080176,0.101709,0.070402,30.98,66.4512763523474
17502,-8.462217,-3.59402,3.993023,-0.079871,0.103389,0.068875,30.98,66.5238947161583
17512,-8.472386,-3.604189,3.970291,-0.079412,0.102778,0.067348,31,66.6734001048968
17522,-8.490931,-3.597609,3.961916,-0.07926,0.100182,0.064599,31,66.7500760785802
17532,-8.493923,-3.588037,3.96072,-0.078954,0.097738,0.062308,30.97,66.7541549096551
17542,-8.501101,-3.585645,3.933203,-0.078954,0.09163,0.059407,30.97,66.9114000724141
17552,-8.520842,-3.595216,3.921238,-0.078802,0.084758,0.055131,31,67.0231844061416
17562,-8.518449,-3.589832,3.917051,-0.078802,0.076205,0.051924,31,67.0356112115211
17572,-8.535198,-3.58385,3.910471,-0.079107,0.067348,0.049327,31.01,67.0993379966391
17582,-8.538787,-3.581457,3.897908,-0.078649,0.056658,0.046731,31.01,67.170627947848
17592,-8.562119,-3.577868,3.886542,-0.078954,0.044899,0.043219,31.04,67.2747801273998
17602,-8.548957,-3.57727,3.882953,-0.080176,0.032681,0.040012,31.04,67.2663990582999
17612,-8.547761,-3.579065,3.875176,-0.080481,0.006109,0.034514,30.97,67.3064102582142
17622,-8.557931,-3.562315,3.876373,-0.081703,-0.007636,0.032376,30.98,67.3065630444093
17632,-8.55434,-3.575475,3.878766,-0.082314,-0.021838,0.030849,30.98,67.2978300433777
17642,-8.548359,-3.568895,3.876971,-0.084147,-0.035736,0.028253,31,67.2895405497471
17652,-8.554939,-3.569493,3.876971,-0.084147,-0.048717,0.027031,31,67.3034159258367
17662,-8.555537,-3.565306,3.869194,-0.084605,-0.06185,0.026267,30.97,67.3420126586357
17672,-8.550752,-3.569493,3.883551,-0.085979,-0.075595,0.025045,30.97,67.2602943220352
17682,-8.536993,-3.571886,3.892524,-0.087812,-0.087812,0.023671,30.97,67.1870953361874
17692,-8.536395,-3.576073,3.891328,-0.08827,-0.100335,0.023213,30.97,67.1957439497441
17702,-8.541779,-3.570091,3.898506,-0.089339,-0.110872,0.02138,31.01,67.1638775157209
17712,-8.52144,-3.572484,3.915854,-0.090255,-0.121257,0.020769,31.01,67.033071859674
17722,-8.517252,-3.564708,3.919443,-0.091172,-0.129351,0.020464,30.97,66.9988903895981
17732,-8.510075,-3.56411,3.93739,-0.092699,-0.137139,0.019548,30.97,66.889241593161
17742,-8.500502,-3.563511,3.936791,-0.093462,-0.144011,0.019395,30.98,66.8720604343968
17752,-8.492725,-3.565904,3.948158,-0.09499,-0.149662,0.018479,30.98,66.7982693661124
17762,-8.496315,-3.563511,3.957729,-0.095142,-0.153022,0.017868,31.01,66.7533720050443
17772,-8.478967,-3.570091,3.98405,-0.096211,-0.155465,0.016493,31.01,66.5848347799844
17782,-8.466404,-3.565904,4.001996,-0.096975,-0.156687,0.014355,31,66.4606722725214
17792,-8.448458,-3.574877,4.0008,-0.097128,-0.15348,0.013286,30.96,66.4371271667849
17802,-8.432905,-3.571886,4.016951,-0.096822,-0.149662,0.01405,30.96,66.3168340678353
17812,-8.44128,-3.586841,4.022933,-0.096822,-0.145691,0.011912,30.98,66.3166324715297
17822,-8.408977,-3.575475,4.027121,-0.097128,-0.13943,0.010537,30.98,66.2158601758472
17832,-8.414959,-3.576672,4.043272,-0.096822,-0.131641,0.010232,30.98,66.1449668559343
17842,-8.404789,-3.575475,4.055236,-0.095448,-0.123089,0.010537,30.98,66.0594464291369
17852,-8.400003,-3.58385,4.054638,-0.095295,-0.113163,0.009774,31.01,66.0599730642871
17862,-8.373683,-3.588037,4.058227,-0.094379,-0.102014,0.009621,31.01,65.9885478771493
17872,-8.390432,-3.588037,4.070191,-0.094226,-0.090713,0.009774,31,65.961808825189
17882,-8.37129,-3.583252,4.072584,-0.09331,-0.07926,0.009774,31,65.9036753718171
17892,-8.37129,-3.591627,4.077968,-0.092393,-0.066737,0.010537,31,65.8831920477753
17902,-8.369495,-3.585645,4.082754,-0.091019,-0.053909,0.011606,31,65.8487097086288
17912,-8.370093,-3.591029,4.083352,-0.090255,-0.041081,0.011912,30.95,65.8518509352423
17922,-8.348558,-3.584448,4.08395,-0.08827,-0.028253,0.013439,30.95,65.796038669189
17932,-8.360522,-3.589832,4.086941,-0.087354,-0.016035,0.014966,31.02,65.8112610169472
17942,-8.355139,-3.584448,4.065406,-0.087201,-0.002902,0.016799,31.02,65.9076099134488
17952,-8.359925,-3.586841,4.063013,-0.086437,0.010385,0.021075,30.96,65.9327129927043
17962,-8.365308,-3.576672,4.071986,-0.084299,0.032987,0.025198,31.01,65.8878322399744
17972,-8.374879,-3.589234,4.058825,-0.083078,0.043219,0.028253,31.01,65.9890817102074
17982,-8.379665,-3.594618,4.046263,-0.083078,0.053298,0.032376,30.99,66.0702285130916
17992,-8.38445,-3.589832,4.036094,-0.081398,0.06185,0.036194,30.99,66.129479800202
18002,-8.38804,-3.58385,4.036094,-0.081398,0.069639,0.039554,30.94,66.1316842671391
18012,-8.401799,-3.582056,4.022933,-0.081092,0.076358,0.043677,30.94,66.2285393509706
18022,-8.41436,-3.58744,4.015755,-0.080176,0.082161,0.0478,30.98,66.2978098520631
18032,-8.419147,-3.597011,4.006183,-0.080329,0.086132,0.051924,30.98,66.3668655639971
18042,-8.425129,-3.574877,3.987041,-0.080329,0.089339,0.055741,30.98,66.4602279179977
18052,-8.44128,-3.586841,3.972684,-0.08094,0.090408,0.058032,30.98,66.5804194988849
18062,-8.449656,-3.588636,3.97747,-0.081245,0.090866,0.061697,30.98,66.5744140008163
18072,-8.480165,-3.579663,3.957729,-0.080634,0.089492,0.064752,30.98,66.7339130355146
18082,-8.476574,-3.582056,3.952345,-0.08094,0.086743,0.067042,30.99,66.7568380489344
18092,-8.492128,-3.593421,3.93739,-0.081398,0.08262,0.068875,30.99,66.8776490121429
18102,-8.503493,-3.589234,3.925426,-0.082009,0.076664,0.070097,30.99,66.9603296931803
18112,-8.514261,-3.592225,3.918247,-0.082009,0.06918,0.071319,30.99,67.0228015498362
18122,-8.528021,-3.589832,3.897908,-0.083078,0.060934,0.07086,31.01,67.1558354881496
18132,-8.547162,-3.582654,3.894319,-0.084299,0.041539,0.071166,31.01,67.2075845169509
18142,-8.545368,-3.581457,3.882355,-0.08491,0.028253,0.068417,30.98,67.2658130216563
18152,-8.556136,-3.565904,3.885944,-0.085063,0.016341,0.065821,31,67.2556183138051
18162,-8.569895,-3.574877,3.876971,-0.086437,0.002902,0.062308,31,67.3382959384023
18173,-8.57827,-3.581457,3.876971,-0.087201,-0.010385,0.058796,30.99,67.3607903918937
18182,-8.58126,-3.583252,3.878766,-0.087506,-0.024435,0.055283,30.99,67.3589229632027
18192,-8.57827,-3.584448,3.875774,-0.088423,-0.039095,0.050244,30.96,67.3695987055416
18202,-8.57827,-3.573082,3.867998,-0.089034,-0.053451,0.045509,30.96,67.4008686079137
18212,-8.569895,-3.58385,3.876971,-0.089186,-0.067042,0.040164,31.01,67.3458802782965
18222,-8.57169,-3.584448,3.893721,-0.089339,-0.080329,0.033903,31.01,67.262097041753
18232,-8.575278,-3.58385,3.88056,-0.089644,-0.094226,0.028863,30.99,67.3379206076785
18242,-8.563314,-3.586243,3.900301,-0.090255,-0.106749,0.021991,30.99,67.2120993419441
18252,-8.558528,-3.593421,3.89731,-0.090255,-0.117897,0.016035,30.95,67.2241827835284
18262,-8.550752,-3.582654,3.905685,-0.090255,-0.12874,0.011148,30.95,67.1552110064029
18272,-8.535797,-3.583252,3.917051,-0.090408,-0.138514,0.005803,30.98,67.0655001424425
18282,-8.526823,-3.577868,3.930212,-0.089186,-0.146913,0.001374,30.98,66.9733656019669
18292,-8.514261,-3.579065,3.948158,-0.088881,-0.154549,-0.003054,30.98,66.8543452173208
18302,-8.490931,-3.57727,3.954139,-0.089034,-0.163254,-0.009774,30.98,66.7730527461137
18312,-8.474181,-3.573082,3.973282,-0.088575,-0.16585,-0.01237,30.98,66.6339626035608
18322,-8.459227,-3.575475,3.995416,-0.088423,-0.166766,-0.014355,30.98,66.4885756682156
18332,-8.450851,-3.589832,3.996014,-0.088423,-0.16585,-0.015577,30.98,66.480619890329
18342,-8.433504,-3.58385,4.013362,-0.08827,-0.163406,-0.01573,30.99,66.3476771682923
18352,-8.412566,-3.568895,4.022933,-0.08827,-0.15852,-0.014813,30.99,66.2395437007411
18362,-8.410771,-3.574279,4.032505,-0.087201,-0.152105,-0.013897,31,66.1903375052426
18372,-8.391629,-3.583252,4.044468,-0.087201,-0.144928,-0.012217,31,66.0948447981775
18382,-8.379066,-3.573082,4.057031,-0.087048,-0.135612,-0.010079,30.95,65.9926545504495
18392,-8.362316,-3.588636,4.069593,-0.087812,-0.126144,-0.006567,30.95,65.9049900040736
18402,-8.346764,-3.573681,4.078567,-0.087659,-0.113774,-0.002443,30.99,65.8103964980232
18412,-8.341978,-3.58385,4.081557,-0.086896,-0.100945,0.003054,30.99,65.7937773256682
18422,-8.337791,-3.577868,4.086941,-0.086285,-0.08659,0.00733,31.01,65.7508484345547
18432,-8.341978,-3.573082,4.098905,-0.086285,-0.071319,0.01405,31.01,65.6927201319105
18442,-8.322835,-3.581457,4.103093,-0.086896,-0.056047,0.019242,30.99,65.636858482194
18452,-8.321639,-3.579065,4.103093,-0.086896,-0.039554,0.025198,30.99,65.6320006125684
18462,-8.322835,-3.57727,4.105485,-0.086437,-0.02306,0.031918,30.96,65.6203748723693
18472,-8.332406,-3.581457,4.086941,-0.08659,-0.007178,0.045051,30.96,65.7424941201415
18482,-8.3348,-3.571288,4.086941,-0.085827,0.025504,0.051618,30.97,65.7382095738455
18492,-8.342576,-3.58385,4.084548,-0.085063,0.039859,0.056658,31.04,65.7793746442852
18502,-8.353344,-3.594618,4.076173,-0.085368,0.054214,0.062461,31.04,65.856651399116
18512,-8.365308,-3.586243,4.068397,-0.08491,0.067348,0.067348,30.96,65.9155029774909
18522,-8.38146,-3.579065,4.065406,-0.08491,0.079107,0.071166,30.96,65.9593582245941
18532,-8.397013,-3.578466,4.055834,-0.085216,0.089034,0.074678,30.96,66.0423849985516
18542,-8.412566,-3.574279,4.027121,-0.083994,0.097586,0.078496,30.96,66.2224191546122
18552,-8.41137,-3.575475,4.016951,-0.084147,0.104153,0.080023,30.98,66.274366228868
18562,-8.438289,-3.582654,4.005585,-0.083078,0.108734,0.08094,30.98,66.3975205814484
18572,-8.462815,-3.571288,3.983452,-0.082772,0.110872,0.081551,31.03,66.555184766456
18582,-8.475378,-3.574279,3.987639,-0.082772,0.110872,0.081703,31.03,66.5621946644714
18592,-8.482555,-3.577868,3.9673,-0.082314,0.109803,0.080176,30.93,66.6870545240296
18602,-8.501101,-3.573082,3.952943,-0.081551,0.106138,0.077885,30.93,66.7967822881974
18612,-8.505288,-3.573082,3.935595,-0.081398,0.100487,0.075289,30.95,66.8965561741307
18622,-8.52144,-3.577868,3.929015,-0.082009,0.092852,0.072235,30.95,66.9685737792293
18632,-8.540583,-3.58744,3.905087,-0.08262,0.084452,0.067806,30.96,67.1416994748238
18642,-8.566306,-3.568895,3.89073,-0.083383,0.073762,0.062766,30.96,67.2536846107747
18652,-8.572886,-3.573681,3.879962,-0.081856,0.04948,0.051465,30.96,67.3276299530529
18662,-8.58126,-3.579663,3.881158,-0.083383,0.034361,0.044899,30.98,67.3433426784178
18672,-8.572288,-3.585046,3.873382,-0.083689,0.019853,0.039401,30.98,67.3705826971072
18682,-8.580662,-3.57727,3.870989,-0.083841,0.005192,0.032529,30.97,67.3935072927245
18692,-8.56451,-3.574279,3.873382,-0.083994,-0.009468,0.025504,30.97,67.3457505365393
18702,-8.587242,-3.579065,3.872783,-0.084147,-0.024587,0.020769,30.99,67.3988743694861
18712,-8.579466,-3.572484,3.868596,-0.085063,-0.040775,0.014661,30.99,67.39963832777
18722,-8.587242,-3.57069,3.867399,-0.085674,-0.0562,0.009316,30.95,67.4201127009531
18732,-8.565108,-3.575475,3.875176,-0.086896,-0.071166,0.004429,30.95,67.3385410288956
18742,-8.565108,-3.573681,3.884149,-0.087659,-0.084758,0.000764,31.02,67.2898690544129
18752,-8.563314,-3.581457,3.882953,-0.08827,-0.09728,-0.00336,31.02,67.2991018928293
18762,-8.545966,-3.574279,3.885346,-0.088423,-0.109803,-0.006567,30.98,67.245183713338
18772,-8.539985,-3.576672,3.90389,-0.089034,-0.121104,-0.008858,30.98,67.137542081967
18782,-8.525029,-3.58744,3.900301,-0.089186,-0.130725,-0.010843,31,67.1350803960556
18792,-8.510672,-3.584448,3.922434,-0.089644,-0.139735,-0.011301,31,66.9866816126757
18802,-8.498708,-3.584448,3.936791,-0.090255,-0.14676,-0.012065,30.98,66.886560941229
18812,-8.492725,-3.586841,3.953541,-0.090713,-0.153174,-0.012217,30.98,66.7882944081291
18822,-8.466404,-3.585645,3.969095,-0.091019,-0.159283,-0.009163,31,66.650794298747
18832,-8.450253,-3.588037,3.979264,-0.090561,-0.160199,-0.006567,30.99,66.5657057370604
18842,-8.433504,-3.586243,3.989433,-0.091324,-0.159894,-0.004734,30.99,66.4754786295944
18852,-8.425727,-3.59402,3.996612,-0.090866,-0.15852,-0.00168,30.95,66.4283427708599
18862,-8.417352,-3.576672,4.017549,-0.091019,-0.15516,0.00168,30.95,66.2850121778092
18872,-8.420342,-3.595814,4.027121,-0.090408,-0.149509,0.005651,31.01,66.2584321454544
18882,-8.394022,-3.586243,4.027121,-0.089644,-0.142637,0.009316,31.01,66.1937755269518
18892,-8.370691,-3.586243,4.03729,-0.089492,-0.13439,0.01405,30.98,66.0904614447435
18902,-8.365308,-3.584448,4.043272,-0.089339,-0.124464,0.018173,30.98,66.0458121105024
18912,-8.378469,-3.585645,4.064209,-0.089339,-0.115148,0.02138,31,65.9652519276389
18922,-8.361719,-3.591627,4.070789,-0.087965,-0.103236,0.025809,31,65.9001967870233
18932,-8.36112,-3.593421,4.071388,-0.087659,-0.090713,0.029322,31,65.8974248440983
18942,-8.353942,-3.594618,4.084548,-0.086896,-0.076816,0.034208,31,65.8140214441289
18952,-8.36112,-3.592823,4.089334,-0.086896,-0.063988,0.037415,30.98,65.8027956897411
18962,-8.349156,-3.591029,4.074977,-0.085979,-0.050244,0.041844,30.98,65.850540694405
18972,-8.352745,-3.592823,4.083352,-0.085674,-0.036194,0.045204,31.01,65.8160327420855
18982,-8.358727,-3.586841,4.082156,-0.084605,-0.021686,0.048106,31.01,65.8296834044038
18992,-8.368897,-3.592823,4.082156,-0.084758,-0.008858,0.052229,30.98,65.8571965146719
19002,-8.368897,-3.593421,4.08395,-0.082772,0.017104,0.055283,30.96,65.8483532442355
19012,-8.382057,-3.59043,4.071388,-0.081856,0.029627,0.0562,30.96,65.939742734696
19022,-8.38445,-3.582056,4.059424,-0.081856,0.040317,0.057879,30.98,65.9998992300479
19032,-8.391629,-3.589832,4.061218,-0.081398,0.050549,0.05849,30.98,66.0130290116685
19042,-8.41137,-3.596412,4.040879,-0.081551,0.059407,0.059101,30.99,66.1677921899444
19052,-8.41137,-3.585046,4.033103,-0.080481,0.066584,0.058643,30.99,66.198235376004
19062,-8.419147,-3.591029,4.026522,-0.079718,0.07254,0.058032,30.98,66.254705398395
19072,-8.436494,-3.584448,4.025326,-0.079565,0.077427,0.058032,30.98,66.2918129645804
19082,-8.445468,-3.586243,4.004389,-0.079871,0.081703,0.057269,30.98,66.4221495552991
19092,-8.459227,-3.580261,3.995416,-0.080329,0.083689,0.055741,30.98,66.4928298265383
19102,-8.468798,-3.574279,3.991827,-0.079718,0.084758,0.054978,31,66.5264396199775
19112,-8.462217,-3.582056,3.976871,-0.079565,0.084299,0.053603,31,66.5980240089486
19122,-8.474181,-3.57727,3.961916,-0.079107,0.082314,0.052076,30.95,66.6973468558035
19132,-8.490931,-3.572484,3.953541,-0.078954,0.079412,0.050244,30.95,66.7720075202888
19142,-8.502296,-3.56411,3.940381,-0.078802,0.074678,0.049327,31.01,66.8574269078088
19152,-8.504689,-3.581457,3.927818,-0.07926,0.069791,0.0478,31.01,66.9434633697437
19162,-8.508877,-3.562913,3.921238,-0.078954,0.062614,0.046884,30.99,66.9706423305043
19172,-8.532208,-3.564708,3.900301,-0.080176,0.046884,0.041692,30.99,67.130267530619
19182,-8.528021,-3.574877,3.897908,-0.080329,0.037721,0.041692,30.99,67.1429971212447
19192,-8.52443,-3.569493,3.900301,-0.080481,0.027642,0.040164,31.01,67.1184374076415
19202,-8.541779,-3.5671,3.888935,-0.081245,0.016952,0.038332,31.01,67.2116600642892
19212,-8.55434,-3.57069,3.885346,-0.081245,0.005498,0.036957,30.99,67.2591693408389
19222,-8.549556,-3.564708,3.894917,-0.082772,-0.005956,0.03543,30.99,67.1940302545483
19232,-8.548957,-3.57069,3.89073,-0.083078,-0.01909,0.033445,30.97,67.2199077685062
19242,-8.538787,-3.568297,3.889533,-0.084147,-0.030849,0.033139,30.97,67.2034300923238
19252,-8.550154,-3.568895,3.888337,-0.085063,-0.043524,0.030849,31,67.2334006096803
19262,-8.548957,-3.56411,3.896712,-0.084758,-0.054978,0.030085,31,67.182864896974
19272,-8.548957,-3.576672,3.887738,-0.086285,-0.067653,0.028253,30.96,67.2407288377442
19282,-8.545368,-3.574877,3.890131,-0.087354,-0.079107,0.025809,30.96,67.2193111413643
19292,-8.538787,-3.573082,3.900899,-0.087659,-0.08995,0.023976,31.01,67.1477414468297
19302,-8.542377,-3.577868,3.908078,-0.087965,-0.10064,0.022144,31.01,67.1214555004896
19312,-8.534002,-3.58385,3.908078,-0.088423,-0.109192,0.021228,31,67.1094618086783
19322,-8.518449,-3.576672,3.916452,-0.089339,-0.118202,0.019853,31,67.0273930726488
19332,-8.535198,-3.568297,3.928416,-0.08995,-0.125686,0.017257,31.01,66.9917688909258
19342,-8.498708,-3.577868,3.956532,-0.090561,-0.137445,0.012981,31.01,66.7771588350723
19352,-8.487342,-3.585046,3.944568,-0.091019,-0.141568,0.010843,30.98,66.8226924308808
19362,-8.477771,-3.58385,3.969095,-0.09163,-0.144622,0.008705,31,66.6729259955251
19372,-8.472985,-3.580859,3.972684,-0.092241,-0.145997,0.006261,31,66.6414620041494
19382,-8.472386,-3.58744,3.995416,-0.092088,-0.145539,0.003971,30.98,66.5268147089522
19392,-8.46102,-3.584448,4.0008,-0.092852,-0.14447,0.00336,30.98,66.4720920751718
19402,-8.447262,-3.597609,4.009174,-0.092393,-0.141873,0.002443,31.01,66.4110205752434
19412,-8.422735,-3.586841,4.019344,-0.091783,-0.138056,0.00168,31.01,66.2961853186543
19422,-8.420342,-3.59402,4.028317,-0.091477,-0.132252,0.000458,31,66.2505364119163
19432,-8.412566,-3.598207,4.034897,-0.090866,-0.126296,0.000305,31,66.2033240625884
19442,-8.400601,-3.604189,4.051647,-0.090255,-0.118661,0.000305,31,66.0955190115105
19452,-8.389835,-3.598207,4.052843,-0.089797,-0.109345,0.000916,31,66.0607665632213
19462,-8.389236,-3.602993,4.058825,-0.089339,-0.099876,0.000916,31.01,66.0325259072117
19472,-8.371889,-3.598805,4.061218,-0.089186,-0.088728,0.003054,31.01,65.978928896151
19482,-8.359925,-3.600002,4.062415,-0.088117,-0.077274,0.004887,31.02,65.9480350967846
19492,-8.361719,-3.598805,4.073183,-0.087048,-0.066737,0.005498,31.02,65.8942931256007
19502,-8.359326,-3.599404,4.088138,-0.086132,-0.053603,0.008552,30.96,65.8113021727167
19512,-8.358727,-3.600002,4.076771,-0.08491,-0.040928,0.016646,30.96,65.8701383018156
19522,-8.34796,-3.59402,4.069593,-0.083536,-0.015272,0.018631,31.01,65.8790038668408
19532,-8.364112,-3.58385,4.076771,-0.08323,-0.002138,0.022755,30.97,65.8667850213121
19542,-8.352745,-3.597609,4.082156,-0.082009,0.010843,0.027184,30.97,65.8267588169399
19552,-8.371889,-3.592823,4.070191,-0.081856,0.02306,0.03146,31.03,65.9263487315658
19562,-8.357532,-3.59043,4.068995,-0.080481,0.034667,0.036346,31.03,65.8994714430279
19572,-8.36112,-3.597609,4.06062,-0.080787,0.04612,0.040623,30.95,65.9578128277632
19582,-8.382057,-3.583252,4.040879,-0.079565,0.055894,0.045051,30.95,66.0932027825459
19592,-8.383853,-3.58744,4.039683,-0.079412,0.066126,0.04948,30.98,66.1071620513861
19602,-8.388638,-3.589234,4.03071,-0.078802,0.07422,0.053603,30.98,66.1661626702403
19612,-8.408379,-3.581457,4.028915,-0.077885,0.080634,0.057879,31,66.2105891891164
19622,-8.425129,-3.59402,4.01396,-0.078038,0.085521,0.061239,31,66.3359847045278
19632,-8.432905,-3.588037,3.99721,-0.077885,0.089034,0.064141,30.96,66.4349613748333
19642,-8.443074,-3.576073,3.98405,-0.077274,0.09163,0.067042,30.96,66.5148285704407
19652,-8.450253,-3.578466,3.983452,-0.076969,0.092852,0.069791,30.95,66.5351877022042
19662,-8.470592,-3.576073,3.9673,-0.076969,0.091324,0.072082,30.95,66.6605170345605
19672,-8.483154,-3.578466,3.942773,-0.076816,0.089034,0.073762,31.01,66.8176837705267
19682,-8.509476,-3.578466,3.931407,-0.076664,0.085521,0.074526,31.01,66.9318789072795
19692,-8.526226,-3.574279,3.918845,-0.076358,0.072235,0.074984,31,67.0287305633841
19702,-8.527422,-3.571288,3.912265,-0.076664,0.063835,0.073915,31.05,67.063189907224
19712,-8.541181,-3.567699,3.902694,-0.076816,0.054062,0.07254,31.05,67.1386002069009
19722,-8.539386,-3.5671,3.900301,-0.077122,0.043066,0.068875,30.98,67.1469973322071
19732,-8.559127,-3.579663,3.884149,-0.077274,0.031307,0.066279,30.98,67.2828025791467
19742,-8.563314,-3.573681,3.881158,-0.078191,0.018479,0.062766,30.98,67.3019451444294
19752,-8.559725,-3.57069,3.87398,-0.078496,0.004887,0.058338,30.98,67.3298744464603
19762,-8.573483,-3.5671,3.879962,-0.078343,-0.008858,0.054672,31.01,67.3232871129229
19772,-8.569895,-3.575475,3.884149,-0.07926,-0.023671,0.049633,31.01,67.3010960183132
19782,-8.572288,-3.568297,3.876373,-0.079412,-0.037568,0.045051,30.96,67.340731660756
19792,-8.567502,-3.569493,3.882953,-0.080176,-0.051924,0.03879,30.96,67.2974668671297
19802,-8.575278,-3.57727,3.88056,-0.080481,-0.064599,0.033445,30.98,67.3323622332002
19812,-8.563912,-3.576073,3.885944,-0.080481,-0.078802,0.026573,30.98,67.2800387784647
19822,-8.574679,-3.588037,3.897908,-0.081398,-0.092088,0.021228,30.97,67.2492474900085
19832,-8.55434,-3.570091,3.905685,-0.081703,-0.103236,0.016188,30.97,67.1518131567515
19842,-8.541181,-3.58385,3.906283,-0.081856,-0.114079,0.010843,30.96,67.133562105821
19852,-8.532805,-3.574279,3.918247,-0.08262,-0.124006,0.004276,30.96,67.0453753970781
19862,-8.52443,-3.589234,3.930212,-0.083841,-0.140346,-0.005803,31.03,66.9782677152071
19872,-8.515458,-3.582056,3.952345,-0.083994,-0.146455,-0.009468,31,66.837463853998
19882,-8.496315,-3.585046,3.948756,-0.084758,-0.151953,-0.013286,31,66.8192856278401
19892,-8.496913,-3.589832,3.958925,-0.085674,-0.154396,-0.016952,30.95,66.7713476215872
19902,-8.483154,-3.572484,3.976871,-0.085368,-0.156076,-0.017562,30.95,66.6333494524944
19912,-8.466404,-3.580261,3.996612,-0.085827,-0.155618,-0.019548,30.98,66.5016308149431
19922,-8.440084,-3.580261,4.004389,-0.086285,-0.154549,-0.020006,30.98,66.4054424146218
19932,-8.43111,-3.573681,4.01396,-0.085827,-0.151036,-0.019548,31,66.3303381752012
19942,-8.42812,-3.580261,4.021138,-0.08659,-0.146608,-0.018326,31,66.2922560437188
19952,-8.406584,-3.588037,4.040281,-0.087048,-0.140194,-0.016799,30.97,66.1531106022414
19962,-8.391629,-3.586243,4.051647,-0.086132,-0.1321,-0.014355,30.97,66.0599155844966
19972,-8.38445,-3.582654,4.051647,-0.085979,-0.122937,-0.011912,31.01,66.0412464396303
19982,-8.36471,-3.585046,4.063612,-0.085674,-0.111941,-0.008552,31.01,65.9382203101092
19992,-8.362915,-3.581457,4.075575,-0.086896,-0.10064,-0.004123,31,65.8682583680059
20002,-8.35454,-3.595216,4.08395,-0.085674,-0.087659,0.001222,31,65.8190061799603
20012,-8.337791,-3.594618,4.08754,-0.085216,-0.074373,0.006109,31,65.7633464619113
20022,-8.346764,-3.586243,4.079762,-0.085216,-0.059865,0.011454,31,65.8157983927048
20032,-8.334201,-3.592823,4.09412,-0.085063,-0.029627,0.023213,31,65.7193515487627
20042,-8.324032,-3.588037,4.083352,-0.083689,-0.014966,0.029322,31.02,65.7492996299711
20052,-8.332406,-3.585046,4.080361,-0.083994,0,0.036041,31.02,65.7804068441493
20062,-8.350951,-3.58385,4.079165,-0.082772,0.014813,0.041386,31.01,65.8257718981577
20072,-8.34796,-3.585645,4.074977,-0.08262,0.028711,0.046578,31.01,65.8429490750493
20082,-8.352147,-3.591029,4.066004,-0.082467,0.041233,0.051771,30.99,65.9041119952327
20092,-8.359925,-3.588037,4.066004,-0.081856,0.05284,0.055741,30.99,65.9181160653961
20102,-8.374281,-3.580859,4.055236,-0.080634,0.063835,0.06017,30.96,65.9989296613352
20112,-8.393424,-3.573082,4.039683,-0.080481,0.073609,0.063072,30.96,66.1145278517782
20122,-8.400003,-3.589832,4.031308,-0.079565,0.082161,0.067348,30.99,66.1877991457391
20132,-8.407183,-3.584448,4.018745,-0.079412,0.088575,0.068417,30.99,66.2641611663682
20142,-8.425129,-3.580859,4.00738,-0.079107,0.093462,0.070402,30.99,66.3586733521358
20152,-8.434101,-3.582056,3.996612,-0.078496,0.096059,0.071777,30.99,66.4352635262865
20162,-8.445468,-3.585046,3.976871,-0.078802,0.096822,0.071929,31,66.5655860576171
20174,-8.495118,-3.582654,3.955934,-0.077885,0.096211,0.069486,31,66.7770322560275
20182,-8.495118,-3.582654,3.955934,-0.077427,0.094379,0.069486,30.96,66.7770322560275
20192,-8.496315,-3.580261,3.930809,-0.077274,0.090255,0.067195,30.96,66.9094140815703
20202,-8.514859,-3.583252,3.934997,-0.077274,0.085216,0.062156,30.96,66.9282749091873
20212,-8.528021,-3.585046,3.910471,-0.077122,0.069944,0.057879,30.97,67.0856777286604
20222,-8.543573,-3.586841,3.906283,-0.076969,0.060323,0.05284,30.97,67.1410084190163
20232,-8.563314,-3.574279,3.905685,-0.077122,0.050549,0.049175,31.01,67.1736781293948
20242,-8.546564,-3.573082,3.899105,-0.077122,0.038485,0.044899,31.01,67.1730501065058
20252,-8.553743,-3.583252,3.889533,-0.076511,0.026725,0.040928,30.98,67.2466293277795
20262,-8.556733,-3.573681,3.882953,-0.076969,0.014355,0.036346,30.98,67.2791514727002
20272,-8.563314,-3.579065,3.884149,-0.076816,0.001222,0.030696,30.96,67.2907907945285
20282,-8.553743,-3.579663,3.875774,-0.076205,-0.012065,0.027336,30.96,67.3159097444632
20292,-8.574082,-3.57727,3.881158,-0.076816,-0.025809,0.022449,30.99,67.3268014281398
20302,-8.559127,-3.57069,3.881757,-0.076664,-0.03879,0.019395,30.99,67.2877654449721
20312,-8.549556,-3.572484,3.883551,-0.077122,-0.052382,0.017257,31.01,67.2604025314981
20322,-8.541779,-3.579065,3.890131,-0.076664,-0.064904,0.013286,31.01,67.2155716551197
20332,-8.547761,-3.57727,3.899703,-0.077427,-0.076664,0.011148,31.02,67.1759236937431
20342,-8.550154,-3.579663,3.888935,-0.077122,-0.087812,0.009316,31.02,67.2394183845773
20352,-8.541779,-3.575475,3.905685,-0.077122,-0.098655,0.008247,31.01,67.130753899023
20362,-8.526226,-3.579065,3.914658,-0.077274,-0.10797,0.005345,31.01,67.0548495058227
20372,-8.508279,-3.576073,3.932006,-0.07758,-0.117286,0.004734,31,66.9241865793933
20382,-8.490333,-3.588037,3.938586,-0.078343,-0.130725,0.003818,31,66.8629436501176
20392,-8.486146,-3.576073,3.949952,-0.078649,-0.135918,0.003971,30.98,66.7840618039703
20402,-8.492128,-3.575475,3.957131,-0.078191,-0.139125,0.004734,31.01,66.7582589400185
20412,-8.467602,-3.57727,3.966702,-0.078191,-0.141568,0.005651,31.01,66.6584700248725
20422,-8.462815,-3.584448,3.981657,-0.07926,-0.142026,0.00672,31,66.5762684333373
20432,-8.453843,-3.579065,3.993023,-0.079565,-0.141873,0.007483,31,66.4930063619732
20442,-8.444869,-3.588037,3.993023,-0.07926,-0.139735,0.008399,30.98,66.4821390293538
20452,-8.435298,-3.58744,4.012764,-0.080176,-0.136376,0.010079,30.98,66.3578327589289
20462,-8.43111,-3.586243,4.020541,-0.080329,-0.131947,0.010996,30.98,66.3071099752793
20472,-8.406584,-3.58744,4.03729,-0.081092,-0.125991,0.012828,30.98,66.1682540408574
20482,-8.400601,-3.574877,4.039683,-0.081245,-0.119424,0.01405,30.95,66.131507252461
20492,-8.399406,-3.591627,4.04387,-0.080634,-0.111177,0.015882,30.95,66.1222487391083
20502,-8.385648,-3.58744,4.055236,-0.082314,-0.102167,0.018021,31,66.0293735552608
20512,-8.382057,-3.585046,4.056432,-0.082161,-0.092241,0.019548,31,66.0131998852748
20522,-8.392825,-3.592823,4.061218,-0.082161,-0.082161,0.022297,30.98,66.0183352324709
20532,-8.373085,-3.586841,4.065406,-0.08262,-0.071471,0.022907,30.98,65.9484950468777
20542,-8.372486,-3.594618,4.074379,-0.08262,-0.059865,0.025045,30.98,65.9073411416808
20552,-8.386245,-3.585046,4.071986,-0.082161,-0.035888,0.028711,30.98,65.9406614207935
20562,-8.376674,-3.581457,4.073781,-0.081703,-0.023976,0.030543,30.98,65.9073500353077
20572,-8.376076,-3.59043,4.069593,-0.081703,-0.012065,0.032223,31,65.9362851447335
20582,-8.380263,-3.586841,4.058825,-0.081245,-0.001222,0.033598,31,65.998444088321
20592,-8.367702,-3.59043,4.061816,-0.081703,0.009163,0.034972,30.97,65.9590590944181
20602,-8.376076,-3.586243,4.058825,-0.080023,0.020006,0.036499,30.97,65.9889007365925
20612,-8.38445,-3.582654,4.053442,-0.07926,0.029627,0.038179,31.01,66.0318274701018
20622,-8.395219,-3.585046,4.044468,-0.078191,0.03879,0.038637,31.01,66.1041604828003
20632,-8.386245,-3.582056,4.036692,-0.078191,0.047342,0.039706,31.03,66.123066610409
20642,-8.407183,-3.591627,4.039683,-0.078496,0.055436,0.041844,31.03,66.1607900631643
20652,-8.41137,-3.578466,4.029513,-0.078038,0.061392,0.041539,31.02,66.2111074378623
20662,-8.425129,-3.577868,4.019344,-0.078038,0.06689,0.042608,31.02,66.2931705921727
20672,-8.432905,-3.572484,4.012764,-0.076511,0.071777,0.043371,30.99,66.3393426079816
20682,-8.437093,-3.568297,4.002594,-0.076358,0.074526,0.043066,30.99,66.397847585655
20692,-8.455039,-3.580261,3.995416,-0.076053,0.076358,0.043066,30.97,66.4840280000072
20702,-8.469396,-3.576672,3.987639,-0.0759,0.077274,0.043371,30.97,66.5517770678861
20712,-8.469396,-3.571288,3.958925,-0.075442,0.077733,0.043066,30.99,66.6978227201086
20722,-8.490931,-3.568297,3.953541,-0.074831,0.076816,0.042913,30.99,66.7683485073774
20732,-8.501699,-3.56052,3.945167,-0.075442,0.069791,0.04215,30.99,66.8279244840231
20742,-8.496913,-3.563511,3.934997,-0.075442,0.064904,0.041997,31.01,66.8740606497488
20752,-8.507681,-3.565306,3.929613,-0.074831,0.059254,0.041692,31.01,66.9261996073755
20762,-8.508877,-3.574279,3.924229,-0.075595,0.052382,0.040623,31,66.9647409969429
20772,-8.527422,-3.583252,3.908676,-0.075747,0.043982,0.040164,31,67.0923404464468
20782,-8.531011,-3.578466,3.913461,-0.075747,0.034972,0.040012,31.01,67.0704332024613
20792,-8.527422,-3.572484,3.888935,-0.075442,0.025045,0.03879,31.01,67.1869513292593
20802,-8.53819,-3.571886,3.894319,-0.0759,0.015119,0.03711,31,67.1800971362986
20812,-8.538787,-3.566502,3.893123,-0.076358,0.004276,0.036041,31,67.1830116987545
20822,-8.547761,-3.566502,3.893123,-0.076205,-0.007789,0.034514,30.99,67.2013258257831
20832,-8.541779,-3.572484,3.893721,-0.076816,-0.019548,0.033903,30.99,67.1910770298391
20842,-8.539985,-3.57727,3.884149,-0.076205,-0.031001,0.033139,31.01,67.2418541865846
20852,-8.535797,-3.573681,3.885944,-0.076358,-0.043524,0.031307,31.01,67.2208123934909
20862,-8.538787,-3.579663,3.89731,-0.076511,-0.055283,0.030391,31.03,67.1722362880841
20872,-8.540583,-3.582056,3.895515,-0.076816,-0.065821,0.028405,31.03,67.187382393725
20882,-8.55135,-3.580859,3.896712,-0.077274,-0.077733,0.025962,30.98,67.2020098496205
20892,-8.527422,-3.583252,3.900301,-0.076969,-0.089034,0.023976,30.98,67.1363722630335
20902,-8.534599,-3.582654,3.906881,-0.07758,-0.107665,0.01909,30.99,67.1159445574846
20912,-8.522038,-3.59402,3.91406,-0.077122,-0.116523,0.017257,30.98,67.0623051672602
20922,-8.510075,-3.580261,3.928416,-0.077122,-0.124006,0.013897,30.98,66.9503856624646
20932,-8.512466,-3.582056,3.939184,-0.077885,-0.130114,0.011454,30.97,66.9003229969668
20942,-8.497512,-3.589234,3.937988,-0.07758,-0.135001,0.009621,30.97,66.8819744086193
20952,-8.499306,-3.58385,3.963113,-0.07758,-0.138208,0.00733,31.02,66.7491102500815
20962,-8.474779,-3.595814,3.970291,-0.077885,-0.141263,0.00504,31.02,66.6709734435377
20972,-8.467602,-3.589234,3.976871,-0.07758,-0.142637,0.003054,31.05,66.6156440675254
20982,-8.455637,-3.598805,3.991827,-0.077427,-0.142026,0.002138,31.05,66.5206382544651
20992,-8.448458,-3.589234,4.004987,-0.078191,-0.140804,0.000764,31.02,66.4279875105309
21002,-8.4347,-3.604189,4.01396,-0.077122,-0.137292,-0.000916,31.02,66.3653736592036
21012,-8.431709,-3.596412,4.015156,-0.077274,-0.132558,-0.000611,31,66.3457779337552
21022,-8.425727,-3.598805,4.03071,-0.078038,-0.127365,-0.00168,31,66.2537472012608
21032,-8.408379,-3.602395,4.038486,-0.077427,-0.12034,-0.000916,31.02,66.1794188984707
21042,-8.404789,-3.597011,4.057031,-0.077733,-0.111483,-0.001374,31.02,66.0696954479947
21052,-8.385049,-3.594618,4.072584,-0.077427,-0.102473,0.000611,31.04,65.9437666343706
21062,-8.366504,-3.591029,4.080959,-0.077733,-0.091935,0.001069,31.04,65.8566421006402
21072,-8.369495,-3.598805,4.089334,-0.077885,-0.067959,0.005956,31,65.8264458306053
21082,-8.365907,-3.595216,4.089334,-0.077427,-0.054978,0.008094,31.03,65.8153659797999
21092,-8.357532,-3.585046,4.077968,-0.076969,-0.041386,0.011148,31.03,65.8473979659726
21102,-8.357532,-3.594618,4.083352,-0.076511,-0.027947,0.01573,31,65.8280528538258
21112,-8.352147,-3.585645,4.080959,-0.076511,-0.014203,0.018784,31,65.8206154962298
21122,-8.355139,-3.591627,4.086343,-0.076053,-0.000305,0.022755,30.98,65.8044183616199
21132,-8.357532,-3.594618,4.076771,-0.076358,0.012828,0.026878,30.98,65.8625586008676
21142,-8.36112,-3.588037,4.069593,-0.075595,0.025656,0.030849,30.98,65.9018563159648
21152,-8.37129,-3.579065,4.066004,-0.075442,0.038485,0.035583,30.98,65.9343274703608
21162,-8.376674,-3.586243,4.063612,-0.074984,0.049786,0.040623,31.06,65.9650737778426
21172,-8.383254,-3.573681,4.051049,-0.07422,0.060476,0.044746,31.06,66.0336025118169
21182,-8.38804,-3.579065,4.042076,-0.074678,0.070097,0.049022,31.02,66.0958967151472
21192,-8.392226,-3.58385,4.039683,-0.073457,0.078954,0.052993,31.02,66.1217839469317
21202,-8.41137,-3.571886,4.021737,-0.073457,0.085368,0.055894,31.01,66.2459818230838
21212,-8.410771,-3.57727,4.004987,-0.072082,0.090103,0.058948,31.01,66.3376034002608
21222,-8.43111,-3.573681,3.988237,-0.07254,0.094379,0.06185,31.03,66.4654834719406
21232,-8.44128,-3.574279,3.976273,-0.072235,0.096364,0.064599,31.03,66.5503552296078
21242,-8.476574,-3.570091,3.966104,-0.072235,0.097128,0.066737,30.95,66.6740227222867
21252,-8.479566,-3.56052,3.955934,-0.07086,0.09163,0.067195,30.98,66.7253109434206
21262,-8.498111,-3.569493,3.942773,-0.070097,0.087506,0.067042,30.98,66.8408666591479
21272,-8.515458,-3.559922,3.932006,-0.07086,0.081245,0.065668,31,66.9250305998581
21282,-8.523234,-3.569493,3.918247,-0.070555,0.073304,0.064446,31,67.0216051215147
21292,-8.536395,-3.556931,3.911667,-0.069944,0.064294,0.062156,30.98,67.0724379664123
21302,-8.538787,-3.556333,3.897908,-0.070555,0.055283,0.059712,30.98,67.149170506291
21312,-8.541181,-3.567699,3.891328,-0.070555,0.045051,0.056963,31.02,67.1983617446122
21322,-8.550752,-3.559324,3.885944,-0.070708,0.032529,0.052534,31.02,67.2390773329548
21332,-8.559127,-3.564708,3.883551,-0.07086,0.019395,0.048411,30.99,67.2732679256872
21342,-8.560921,-3.561717,3.875176,-0.070555,0.006567,0.044135,30.99,67.3184258391458
21352,-8.569296,-3.562913,3.876373,-0.071319,-0.007178,0.038485,31.02,67.3301301569223
21362,-8.572886,-3.572484,3.884149,-0.071471,-0.020311,0.033903,31.02,67.3046310069538
21372,-8.572288,-3.577868,3.879364,-0.072235,-0.034514,0.028863,30.98,67.3330960588693
21382,-8.580662,-3.578466,3.879364,-0.072846,-0.047953,0.023213,30.98,67.3505400438035
21392,-8.565108,-3.569493,3.885346,-0.072998,-0.060781,0.018937,30.99,67.2800357963471
21402,-8.557332,-3.573681,3.885944,-0.074526,-0.073915,0.013134,30.99,67.2646469251249
21412,-8.541181,-3.569493,3.894319,-0.074373,-0.086437,0.007789,30.98,67.1841603531584
21422,-8.538787,-3.578466,3.903292,-0.075136,-0.107512,-0.000764,31,67.1397720729082
21432,-8.534002,-3.579663,3.916452,-0.075595,-0.11637,-0.004734,31,67.0618824768134
21442,-8.517851,-3.598207,3.931407,-0.076205,-0.124464,-0.008552,31.02,66.9662534953414
21452,-8.508279,-3.585645,3.936791,-0.076511,-0.131641,-0.011912,31.02,66.9073653127817
21462,-8.502296,-3.58744,3.939184,-0.076664,-0.136681,-0.013744,30.96,66.8840103445359
21472,-8.483753,-3.578466,3.958327,-0.077274,-0.139888,-0.015577,30.96,66.7371864162337
21482,-8.475977,-3.58744,3.972684,-0.076511,-0.142942,-0.017104,30.99,66.6535157174395
21492,-8.456833,-3.583252,3.981059,-0.076816,-0.144928,-0.018631,30.99,66.5658148697784
21502,-8.440681,-3.586841,3.989433,-0.077122,-0.144164,-0.017715,31.01,66.4911166479292
21512,-8.437093,-3.597011,4.00379,-0.076816,-0.142332,-0.016646,31.01,66.4172990917599
21522,-8.423334,-3.597011,4.016353,-0.077122,-0.139125,-0.016646,31,66.3223317001929
21532,-8.41436,-3.596412,4.025924,-0.077427,-0.133627,-0.014966,31,66.2525606477973
21542,-8.410771,-3.599404,4.03071,-0.076969,-0.127976,-0.012981,30.98,66.2225529715274
21552,-8.394022,-3.59402,4.046861,-0.076205,-0.11973,-0.008858,30.98,66.0972506927978
21562,-8.386844,-3.603591,4.045067,-0.076816,-0.111941,-0.006567,31.02,66.1000963521398
21572,-8.370691,-3.600002,4.058227,-0.076205,-0.101098,-0.002749,31.02,65.9931535321574
21582,-8.362316,-3.595814,4.064807,-0.075136,-0.090408,0.001833,30.97,65.9367479610107
21592,-8.355139,-3.595814,4.07737,-0.074984,-0.067195,0.010537,30.97,65.8553608643723
21602,-8.359326,-3.600002,4.076771,-0.074831,-0.054062,0.015424,30.99,65.8714304111255
21612,-8.368299,-3.6006,4.073183,-0.073762,-0.041233,0.020464,30.98,65.910130241377
21622,-8.353942,-3.597609,4.08754,-0.073151,-0.028405,0.024587,30.98,65.8011232004187
21632,-8.343773,-3.602993,4.073781,-0.073151,-0.015577,0.029169,30.99,65.8563282721196
21642,-8.35813,-3.589832,4.086941,-0.07254,-0.002902,0.03543,30.99,65.8060867986875
21652,-8.370691,-3.588037,4.070191,-0.072846,0.009621,0.038332,31,65.9193492320391
21662,-8.373683,-3.595814,4.055834,-0.071777,0.021228,0.042302,31,66.008269700931
21672,-8.364112,-3.591627,4.060022,-0.071319,0.032681,0.047647,31,65.9618573604832
21682,-8.379066,-3.588636,4.055834,-0.071777,0.041692,0.050091,31,66.0132157395816
21692,-8.389236,-3.589234,4.042076,-0.071624,0.051771,0.053603,30.98,66.1077498694997
21702,-8.395817,-3.598805,4.038486,-0.07086,0.059559,0.0562,30.98,66.1493904199418
21712,-8.409575,-3.589234,4.029513,-0.069639,0.066737,0.057574,30.97,66.2170514269876
21722,-8.413164,-3.584448,4.019344,-0.069791,0.072235,0.059865,30.97,66.2737191222368
21732,-8.435298,-3.585645,4.016353,-0.069791,0.077274,0.06017,30.98,66.3373959705663
21742,-8.447262,-3.582654,4.0008,-0.06918,0.080329,0.060323,30.98,66.4415486533984
21752,-8.457432,-3.580859,3.987041,-0.068722,0.081703,0.06017,31,66.5335376022819
21762,-8.467003,-3.571886,3.966702,-0.068417,0.081703,0.058643,31,66.652469197243
21772,-8.483753,-3.566502,3.96072,-0.067653,0.079565,0.057879,31,66.7141272056051
21782,-8.491529,-3.577868,3.958327,-0.067501,0.075747,0.055589,31,66.7528300947959
21792,-8.504689,-3.579663,3.939782,-0.066737,0.071319,0.052993,31,66.8790424401665
21802,-8.509476,-3.564708,3.936791,-0.066737,0.06521,0.04948,30.97,66.891667775502
21812,-8.52144,-3.565904,3.926024,-0.067195,0.058338,0.046578,30.97,66.9739574476045
21822,-8.528618,-3.568297,3.920042,-0.066584,0.051465,0.043982,30.98,67.0222097355954
21832,-8.523833,-3.564708,3.913461,-0.066584,0.041692,0.040623,30.98,67.0438796984369
21842,-8.541779,-3.562913,3.911667,-0.065973,0.03207,0.036957,30.98,67.0885907455334
21852,-8.546564,-3.565904,3.901497,-0.067042,0.023213,0.033445,30.98,67.1543608300144
21862,-8.550154,-3.571886,3.908078,-0.066737,0.012523,0.029627,31,67.1322340191095
21872,-8.535198,-3.5671,3.905685,-0.067195,0.001069,0.025962,31,67.1101244105163
21882,-8.552546,-3.580859,3.894917,-0.066584,-0.009621,0.023671,31.02,67.213872829085
21892,-8.543573,-3.573082,3.893721,-0.066584,-0.020311,0.020617,31.02,67.195246508739
21902,-8.544769,-3.56411,3.889533,-0.066737,-0.031612,0.017257,31.01,67.2120673514689
21912,-8.536993,-3.570091,3.898506,-0.06689,-0.041997,0.015882,31.01,67.1540989823998
21922,-8.544172,-3.574279,3.899105,-0.067042,-0.052687,0.012523,31.02,67.1691903105783
21932,-8.539386,-3.57069,3.914658,-0.067195,-0.062766,0.009927,31.02,67.074634496776
21942,-8.531011,-3.56411,3.921238,-0.067348,-0.081703,0.007789,30.98,67.0172478812561
21952,-8.512466,-3.56411,3.918247,-0.066737,-0.089186,0.00672,30.98,66.9948077871807
21962,-8.508877,-3.581457,3.932006,-0.067348,-0.09728,0.00504,30.98,66.930091892858
21972,-8.499905,-3.58744,3.936193,-0.066737,-0.104305,0.004276,30.97,66.8947835386883
21982,-8.493923,-3.580261,3.940381,-0.067959,-0.110108,0.004276,30.97,66.8541469116177
21992,-8.496315,-3.574279,3.951149,-0.067806,-0.114385,0.00336,31,66.7973162760059
22002,-8.483154,-3.593421,3.955336,-0.067806,-0.117744,0.002902,31,66.7647860469731
22012,-8.484351,-3.592225,3.962514,-0.068417,-0.12034,0.002596,31.01,66.7285387598338
22022,-8.456833,-3.58744,3.97747,-0.068875,-0.121257,0.002749,31.01,66.5883835986149
22032,-8.459227,-3.586243,3.98405,-0.069639,-0.121409,0.003207,30.97,66.5577850352082
22042,-8.443673,-3.585046,3.998407,-0.070097,-0.120646,0.003971,30.97,66.4486858702231
22052,-8.432905,-3.594618,4.0008,-0.069944,-0.11973,0.003665,31,66.4220167306915
22062,-8.430512,-3.598805,4.010371,-0.069944,-0.115759,0.004887,31,66.3705053174325
22072,-8.431709,-3.594618,4.017549,-0.070708,-0.11133,0.005345,31,66.3316123496787
22082,-8.411968,-3.585645,4.031308,-0.071319,-0.106901,0.00672,31,66.2094676864453
22092,-8.413763,-3.595814,4.030112,-0.072235,-0.100793,0.006872,31.01,66.2287835919123
22102,-8.399406,-3.593421,4.049254,-0.072235,-0.093157,0.00901,31.01,66.0956584240336
22112,-8.39821,-3.583252,4.045665,-0.072235,-0.077733,0.011301,31.01,66.1026379739979
22122,-8.401799,-3.591627,4.061816,-0.072846,-0.067653,0.012065,31.01,66.0333241515496
22132,-8.395219,-3.594618,4.053442,-0.072846,-0.058185,0.013286,31.01,66.0658527663817
22142,-8.38804,-3.59402,4.057629,-0.073151,-0.0478,0.015272,30.99,66.027990300957
22152,-8.38146,-3.598207,4.069593,-0.072235,-0.037874,0.016646,30.99,65.9550303882155
22162,-8.386844,-3.583252,4.066602,-0.072388,-0.027031,0.018326,31,65.9685088581733
22175,-8.387442,-3.596412,4.049852,-0.072693,-0.016952,0.017715,31,66.0696857572046
22182,-8.382656,-3.598805,4.057629,-0.072388,-0.006109,0.020617,30.98,66.0208510807376
22192,-8.383853,-3.586243,4.066004,-0.072235,0.004429,0.022449,30.98,65.9679635014589
22202,-8.379665,-3.591627,4.058825,-0.072388,0.014508,0.022602,30.98,66.0015608954272
22212,-8.389835,-3.58744,4.041477,-0.071624,0.025045,0.024893,30.98,66.1105343365485
22222,-8.388638,-3.585046,4.039085,-0.071013,0.032987,0.026878,31,66.1183461566603
22232,-8.389236,-3.584448,4.039683,-0.07086,0.041692,0.028711,31,66.1159382343974
22242,-8.39821,-3.583252,4.03729,-0.070708,0.049175,0.030085,30.97,66.1465822602379
22252,-8.407781,-3.582654,4.031906,-0.070097,0.055131,0.030849,30.97,66.1947035932648
22262,-8.417951,-3.573681,4.012764,-0.069333,0.061239,0.032834,30.99,66.3087205967378
22272,-8.426325,-3.580261,3.996014,-0.069028,0.065668,0.034972,30.99,66.4203869964154
22282,-8.435298,-3.580261,3.993621,-0.069028,0.072693,0.037568,31.03,66.4518950678801
22292,-8.465208,-3.573681,3.99721,-0.067959,0.073915,0.039401,31.02,66.4901447007208
22302,-8.468798,-3.569493,3.974478,-0.067348,0.073762,0.040623,31.02,66.6132590974287
22312,-8.471789,-3.573681,3.966104,-0.065973,0.072082,0.041386,31,66.6671920681219
22322,-8.489736,-3.568297,3.947559,-0.065821,0.069944,0.041844,31,66.7972973906868
22332,-8.477771,-3.576672,3.947559,-0.065515,0.066584,0.043066,30.97,66.7797637725246
22342,-8.495717,-3.563511,3.942773,-0.065515,0.06185,0.043677,30.97,66.8306969059847
22352,-8.515458,-3.558726,3.934398,-0.06521,0.056505,0.043371,30.97,66.9114307976807
22362,-8.519047,-3.576672,3.928416,-0.064294,0.049633,0.043371,30.97,66.9657596563877
22372,-8.518449,-3.569493,3.909274,-0.064141,0.043066,0.043066,31,67.0589560457878
22382,-8.517851,-3.574877,3.913461,-0.063988,0.03375,0.04215,31,67.0403425067244
22392,-8.528021,-3.565306,3.911069,-0.064141,0.024282,0.041844,31.01,67.0655698418451
22402,-8.529815,-3.571288,3.901497,-0.06353,0.014508,0.039859,31.01,67.1247114817071
22412,-8.534002,-3.570091,3.899703,-0.06353,0.004581,0.039859,31.02,67.1416888764773
22422,-8.547162,-3.579065,3.902096,-0.064141,-0.005803,0.037568,31.02,67.1636655000312
22432,-8.541779,-3.571886,3.894917,-0.06353,-0.016799,0.035888,30.95,67.1842780596768
22442,-8.541779,-3.571886,3.899105,-0.063377,-0.028253,0.034361,30.95,67.1622614841596
22452,-8.539985,-3.580859,3.900301,-0.063225,-0.039401,0.030085,30.96,67.1599842445185
22462,-8.539985,-3.584448,3.905087,-0.064141,-0.061239,0.026725,31,67.1379136748104
22472,-8.534599,-3.586243,3.911069,-0.064599,-0.071777,0.024129,31,67.0970281714155
22482,-8.530412,-3.577868,3.907479,-0.065057,-0.081703,0.02138,30.99,67.1001258967215
22492,-8.525029,-3.593421,3.917649,-0.066126,-0.090561,0.017562,30.99,67.049064131279
22502,-8.523234,-3.58744,3.919443,-0.066126,-0.099571,0.015119,30.99,67.0307958373878
22512,-8.518449,-3.580261,3.92722,-0.066279,-0.106291,0.012828,30.99,66.973913249174
22522,-8.498708,-3.584448,3.948756,-0.067042,-0.112552,0.009163,30.97,66.8237192764299
22532,-8.502296,-3.595216,3.956532,-0.06857,-0.118355,0.005956,30.97,66.7997651092168
22542,-8.498708,-3.58385,3.966702,-0.06918,-0.122173,0.003971,31.03,66.7290513200799
22552,-8.478967,-3.59402,3.968496,-0.068875,-0.12538,0.002443,31.03,66.6875300722604
22562,-8.467602,-3.591627,3.97747,-0.069791,-0.126602,0,30.99,66.6146204479179
22572,-8.450851,-3.583252,3.989433,-0.070708,-0.126755,-0.001374,30.99,66.5092915378681
22582,-8.447861,-3.601198,4.003192,-0.071166,-0.126602,-0.003054,30.97,66.4468555322321
22592,-8.443074,-3.59402,4.018745,-0.071929,-0.124006,-0.003971,30.97,66.3488161357656
22602,-8.419745,-3.596412,4.014558,-0.072082,-0.119882,-0.003971,30.99,66.3236150904824
22612,-8.432905,-3.591029,4.019942,-0.073304,-0.115148,-0.005192,30.99,66.3183609338887
22622,-8.41436,-3.591627,4.036692,-0.073609,-0.108887,-0.003971,31.02,66.1917504728639
22632,-8.385049,-3.596412,4.05404,-0.074526,-0.093004,-0.001833,31,66.0425980674229
22642,-8.385648,-3.595814,4.049852,-0.07422,-0.084452,-0.000305,31,66.0652984308936
22652,-8.374281,-3.58744,4.062415,-0.073915,-0.073457,0.001985,30.97,65.9673092769711
22662,-8.375478,-3.591029,4.073781,-0.074373,-0.06353,0.003818,30.97,65.9136015129366
22672,-8.375478,-3.597609,4.064807,-0.074984,-0.052076,0.007636,31.02,65.9667122762907
22682,-8.36112,-3.59043,4.076173,-0.074831,-0.04047,0.011148,31.02,65.8695550196362
22692,-8.355738,-3.585645,4.073183,-0.074526,-0.028558,0.014813,31,65.8691826768361
22702,-8.359326,-3.581457,4.066004,-0.074984,-0.016341,0.018937,31,65.9107380632375
22712,-8.373683,-3.57727,4.069593,-0.074678,-0.003971,0.02306,31.03,65.9190043863807
22722,-8.364112,-3.596412,4.056432,-0.075136,0.00733,0.026573,31.03,65.9851276949183
22732,-8.378469,-3.585046,4.058825,-0.074678,0.017868,0.030238,31.01,65.992941270534
22742,-8.374879,-3.579065,4.06062,-0.074678,0.029322,0.034972,31.01,65.9703061642581
22752,-8.38804,-3.574279,4.056432,-0.074831,0.039401,0.039095,31.02,66.0161760456797
22762,-8.391031,-3.582654,4.054638,-0.074373,0.047647,0.04215,31.02,66.0396644113201
22772,-8.391629,-3.579065,4.035496,-0.074067,0.055741,0.045815,31.02,66.1381304522976
22782,-8.412566,-3.580261,4.029513,-0.073609,0.062308,0.049022,31.02,66.2152787678405
22792,-8.426325,-3.572484,4.010371,-0.074067,0.067806,0.051924,30.96,66.3379693044798
22802,-8.441879,-3.574279,3.992425,-0.074067,0.074831,0.055283,30.96,66.4667036569966
22812,-8.452645,-3.577868,3.987639,-0.073762,0.076358,0.057574,30.97,66.5176883278928
22822,-8.462217,-3.565306,3.963711,-0.073609,0.076205,0.057879,30.97,66.6523850010194
22832,-8.478369,-3.566502,3.955336,-0.073609,0.074831,0.058643,30.97,66.7312000924581
22842,-8.482555,-3.56052,3.959523,-0.072998,0.072388,0.057879,31.01,66.712679909867
22852,-8.489736,-3.563511,3.946362,-0.072693,0.068417,0.057269,31.01,66.7994135100455
22862,-8.517851,-3.566502,3.93739,-0.072846,0.062919,0.0562,30.99,66.9073794920444
22872,-8.502895,-3.56411,3.926622,-0.072693,0.0562,0.053603,30.99,66.9310059147977
22882,-8.523234,-3.566502,3.913461,-0.072846,0.049022,0.051465,31,67.0441909166226
22892,-8.530412,-3.562315,3.918247,-0.073304,0.041081,0.049633,31,67.0301881602112
22902,-8.542377,-3.571288,3.905685,-0.072388,0.031765,0.045509,31.01,67.1283958573091
22912,-8.536395,-3.571886,3.908676,-0.07254,0.022297,0.042913,31.01,67.1009542538936
22922,-8.550154,-3.578466,3.906881,-0.072235,0.010996,0.038332,31,67.1441354744784
22932,-8.541181,-3.568895,3.891926,-0.072082,0.000611,0.034819,31,67.1962358035948
22942,-8.541779,-3.567699,3.902096,-0.07254,-0.010843,0.030849,31,67.142965667164
22952,-8.53819,-3.571288,3.896712,-0.071624,-0.021991,0.027489,31,67.1670014546279
22962,-8.545368,-3.571886,3.897908,-0.071319,-0.032681,0.023518,30.97,67.1758794122584
22972,-8.547162,-3.571886,3.903292,-0.072082,-0.043982,0.015882,30.97,67.1512542973097
22982,-8.534599,-3.573082,3.908676,-0.071777,-0.064904,0.012675,30.97,67.0983018413628
22992,-8.527422,-3.581457,3.910471,-0.072693,-0.074678,0.00901,30.98,67.0813622378927
23002,-8.522038,-3.580261,3.914658,-0.072846,-0.083841,0.005498,30.98,67.0472878797081
23012,-8.532805,-3.589234,3.925426,-0.071777,-0.092393,0.002596,31,67.0205701716323
23022,-8.517851,-3.59043,3.929613,-0.072082,-0.099724,-0.000458,31,66.9689228181288
23032,-8.511271,-3.595216,3.934997,-0.07254,-0.105832,-0.001374,30.98,66.9312749728846
23042,-8.501101,-3.586243,3.952943,-0.072846,-0.110872,-0.002443,30.98,66.808268778056
23052,-8.492725,-3.585046,3.960122,-0.072693,-0.115301,-0.004887,31.02,66.7521827115244
23062,-8.474779,-3.6006,3.964907,-0.072235,-0.118202,-0.004581,31.02,66.7034612832044
23072,-8.472386,-3.601796,3.972086,-0.072846,-0.12034,-0.006109,30.96,66.6618621188462
23082,-8.459227,-3.589234,3.976273,-0.072998,-0.121562,-0.006414,30.96,66.601273378428
23092,-8.455039,-3.593421,3.983452,-0.072846,-0.121104,-0.005345,31.01,66.5585332477174
23102,-8.447861,-3.599404,4.0008,-0.072693,-0.119119,-0.004276,31.01,66.4577906051525
23112,-8.420941,-3.6006,4.011567,-0.073151,-0.116981,-0.003207,30.96,66.3456302576376
23122,-8.419147,-3.604189,4.012166,-0.073762,-0.112705,-0.001374,30.96,66.3419396941016
23132,-8.410173,-3.6006,4.029513,-0.073457,-0.108123,0.000764,30.97,66.2286484160539
23142,-8.387442,-3.603591,4.032505,-0.073457,-0.101251,0.003971,30.97,66.1673110558719
23152,-8.382656,-3.600002,4.039085,-0.073304,-0.086743,0.010079,30.95,66.1192551624402
23162,-8.38804,-3.591029,4.063013,-0.072998,-0.078802,0.012828,30.97,65.9970251163836
23172,-8.390432,-3.59402,4.049852,-0.073457,-0.069791,0.016188,30.97,66.0738889580727
23182,-8.383853,-3.608377,4.050451,-0.073915,-0.060476,0.019395,30.98,66.0698610589425
23192,-8.382656,-3.592225,4.054638,-0.073915,-0.050549,0.023366,30.98,66.0304881669252
23202,-8.382057,-3.594618,4.058825,-0.073609,-0.040775,0.026725,30.96,66.009444028391
23212,-8.379665,-3.591029,4.06062,-0.073457,-0.031001,0.029016,30.96,65.9915965988112
23222,-8.382656,-3.580859,4.051049,-0.073457,-0.020464,0.033292,31,66.03889244325
23232,-8.374879,-3.582056,4.04387,-0.072693,-0.009621,0.036499,31,66.0610103666016
23242,-8.380263,-3.588037,4.052843,-0.073151,-0.000458,0.03879,30.98,66.0309285075432
23252,-8.387442,-3.588636,4.049254,-0.073609,0.008247,0.041997,30.98,66.0656946415326
23262,-8.398808,-3.579663,4.034897,-0.072998,0.017257,0.045051,30.98,66.157153896444
23272,-8.385648,-3.577868,4.036692,-0.072998,0.025045,0.047037,30.98,66.11796488042
23282,-8.405388,-3.582654,4.033103,-0.073304,0.033292,0.049327,31,66.1833235784084
23292,-8.411968,-3.580859,4.02413,-0.072235,0.039859,0.049786,31,66.2428019437047
23302,-8.412566,-3.58385,4.025326,-0.072082,0.045662,0.050855,31,66.2405028904902
23312,-8.43111,-3.566502,4.01396,-0.071471,0.050855,0.051007,31,66.3238965205002
23322,-8.44427,-3.565904,3.99721,-0.07254,0.057879,0.051313,31,66.4391439370218
23332,-8.448458,-3.565306,3.992425,-0.071471,0.059254,0.05116,30.95,66.4725736949754
23342,-8.468798,-3.56052,3.991228,-0.071929,0.060323,0.049175,30.95,66.5174122824936
23352,-8.467602,-3.571288,3.976273,-0.071929,0.060781,0.048869,31.01,66.6029127582739
23362,-8.483753,-3.571288,3.963113,-0.071777,0.059101,0.047647,31.01,66.7057547849139
23372,-8.487342,-3.57069,3.957729,-0.072082,0.057574,0.045968,31,66.7409790684833
23382,-8.486146,-3.555735,3.954139,-0.071471,0.054367,0.043677,31,66.7442780112022
23392,-8.498111,-3.562913,3.937988,-0.072082,0.050549,0.040928,30.96,66.8602952025451
23402,-8.504689,-3.5671,3.946362,-0.071471,0.044899,0.039248,30.96,66.833563750988
23412,-8.517252,-3.565306,3.936193,-0.071471,0.039095,0.037263,31.04,66.9113936508182
23422,-8.510075,-3.562913,3.926622,-0.070555,0.032987,0.035583,31.04,66.9447985354736
23432,-8.523833,-3.557529,3.926024,-0.070555,0.026267,0.032681,30.99,66.9716766021452
23442,-8.518449,-3.550351,3.921238,-0.070402,0.018021,0.02978,30.99,66.9795613006181
23452,-8.529815,-3.558127,3.917649,-0.070555,0.01069,0.028405,30.99,67.0285105462209
23462,-8.53161,-3.567699,3.915854,-0.070555,0.001985,0.025198,30.99,67.0498417096783
23472,-8.539386,-3.572484,3.912265,-0.070555,-0.006872,0.023366,31.02,67.0887377432375
23482,-8.525627,-3.571288,3.906881,-0.070402,-0.015272,0.02138,31.02,67.0878155257085
23492,-8.535797,-3.574279,3.909274,-0.069791,-0.033598,0.017715,31.02,67.0986387542256
23502,-8.532805,-3.576073,3.907479,-0.069944,-0.041844,0.016799,30.99,67.1034842850476
23512,-8.522038,-3.56052,3.911069,-0.069333,-0.051465,0.015272,30.99,67.0491732913001
23522,-8.526226,-3.572484,3.914658,-0.069486,-0.060323,0.013286,30.98,67.0491864923963
23532,-8.515458,-3.581457,3.926024,-0.068722,-0.068264,0.012828,30.98,66.9750750760327
23542,-8.519646,-3.585645,3.922434,-0.069639,-0.075747,0.01069,31,67.0061679311028
23552,-8.510672,-3.582056,3.930212,-0.06857,-0.082925,0.010385,31,66.9437365930127
23562,-8.502895,-3.588037,3.930212,-0.069333,-0.089797,0.009163,31.01,66.9329010454825
23572,-8.505887,-3.588037,3.94397,-0.069486,-0.096059,0.007789,31.01,66.8668214101668
23582,-8.490931,-3.591029,3.946961,-0.069944,-0.10064,0.007789,30.99,66.8227952397937
23592,-8.485548,-3.58385,3.945765,-0.069486,-0.105069,0.007636,30.99,66.8116345857463
23602,-8.475378,-3.582654,3.957131,-0.070097,-0.10797,0.006872,30.98,66.7297215647883
23612,-8.465807,-3.600002,3.966702,-0.07086,-0.10965,0.007025,30.98,66.6748268523919
23622,-8.46461,-3.601796,3.979264,-0.070097,-0.111636,0.006414,30.98,66.6079810565076
23632,-8.447262,-3.592225,3.985246,-0.07025,-0.112094,0.006567,30.98,66.5317421732218
23642,-8.455637,-3.600002,3.987639,-0.071624,-0.111025,0.006261,30.98,66.5436758983225
23652,-8.443074,-3.594618,4.012166,-0.072082,-0.108429,0.00733,30.98,66.3838300047577
23662,-8.41436,-3.593421,4.019344,-0.071777,-0.105222,0.007178,30.99,66.2843785800171
23672,-8.413763,-3.597609,4.014558,-0.072846,-0.097586,0.007636,30.96,66.3120325204221
23682,-8.408379,-3.602395,4.036692,-0.072998,-0.09163,0.00901,30.96,66.188823423984
23692,-8.411968,-3.598805,4.033103,-0.073915,-0.085216,0.009621,30.99,66.2120026349405
23702,-8.405388,-3.596412,4.031906,-0.074067,-0.07758,0.010385,30.99,66.2021142164243
23712,-8.403594,-3.601198,4.036094,-0.074526,-0.070097,0.01237,31.01,66.1806887416294
23722,-8.393424,-3.6006,4.04746,-0.07422,-0.061545,0.012675,31.01,66.0988560418851
23732,-8.388638,-3.599404,4.049254,-0.074678,-0.051924,0.014966,31,66.0781248893911
23742,-8.401799,-3.592225,4.051647,-0.074984,-0.043066,0.016188,31,66.0871361070368
23752,-8.391031,-3.600002,4.060022,-0.074984,-0.033598,0.017257,30.97,66.0273482640306
23762,-8.38146,-3.588636,4.064807,-0.074831,-0.023824,0.0197,30.97,65.9712966521349
23772,-8.377871,-3.589234,4.050451,-0.073609,-0.012828,0.021991,30.97,66.0394530037157
23782,-8.391031,-3.586243,4.048058,-0.073457,-0.003665,0.023976,30.97,66.0774616001734
23792,-8.395219,-3.588636,4.051647,-0.073304,0.005956,0.026267,31,66.069788297559
23802,-8.38804,-3.592225,4.05404,-0.072998,0.014966,0.027947,31,66.0451606108191
23812,-8.400003,-3.581457,4.041477,-0.073151,0.023671,0.029169,30.96,66.1268036544943
23822,-8.407781,-3.583252,4.035496,-0.072235,0.031765,0.031918,30.96,66.176409685384
23832,-8.407183,-3.580859,4.021138,-0.072235,0.040317,0.033903,31,66.2483392547528
23842,-8.418548,-3.576073,4.018745,-0.070708,0.052382,0.03711,31,66.280731043937
23852,-8.417352,-3.576073,4.016951,-0.069944,0.057421,0.038637,31.03,66.2876122858267
23862,-8.434101,-3.577868,4.003192,-0.069639,0.061545,0.041539,31,66.3969510693164
23872,-8.434101,-3.571288,3.995416,-0.069486,0.064141,0.042302,31,66.4319124578412
23882,-8.452645,-3.576073,3.983452,-0.068722,0.065668,0.04383,31,66.5380836842328
23892,-8.446664,-3.570091,3.978068,-0.067959,0.066432,0.045204,31,66.5485045996625
23902,-8.457432,-3.555735,3.969095,-0.068264,0.065821,0.045968,30.99,66.6056004659675
23912,-8.483753,-3.568297,3.96072,-0.067042,0.063988,0.046578,30.99,66.7157000642491
23922,-8.487342,-3.566502,3.951746,-0.065821,0.061545,0.047495,31.03,66.7687490088796
23932,-8.493923,-3.558127,3.942175,-0.065668,0.057269,0.047037,31.03,66.8254341550665
23942,-8.506484,-3.565904,3.930809,-0.065821,0.051618,0.046884,31.01,66.9179570566014
23952,-8.49452,-3.562315,3.930212,-0.064904,0.045051,0.046273,31.01,66.8932386599446
23962,-8.514859,-3.562315,3.918247,-0.063988,0.03879,0.045968,30.97,66.998189734383
23972,-8.516654,-3.561717,3.912265,-0.063835,0.031001,0.044746,30.97,67.032839051082
23982,-8.52443,-3.569493,3.909274,-0.063683,0.022602,0.043982,30.97,67.0712339213258
23992,-8.519047,-3.559324,3.909274,-0.063377,0.012675,0.041997,30.97,67.0514417292901
24002,-8.522635,-3.572484,3.911069,-0.06353,0.003207,0.04047,31.01,67.0606828284185
24012,-8.532208,-3.576073,3.899703,-0.063988,-0.017257,0.036041,31.01,67.1431424671953
24022,-8.536993,-3.576073,3.893123,-0.063988,-0.027642,0.032529,31.02,67.1875219497609
24032,-8.536993,-3.571886,3.905685,-0.063988,-0.037568,0.029627,30.98,67.1178952801297
24042,-8.537591,-3.575475,3.893721,-0.064294,-0.047495,0.027489,30.98,67.1850859155978
24052,-8.543573,-3.571288,3.90389,-0.064904,-0.058032,0.024129,31,67.14027069156
24062,-8.536993,-3.57727,3.918845,-0.065057,-0.067348,0.021075,31,67.0533930585739
24072,-8.517851,-3.580261,3.916452,-0.06521,-0.0759,0.018479,31,67.0292620140296
24082,-8.513663,-3.579663,3.928416,-0.065821,-0.08491,0.014813,31,66.9572599890723
24092,-8.507083,-3.588037,3.931407,-0.066432,-0.091783,0.010996,31,66.9352557309367
24102,-8.507681,-3.59402,3.936791,-0.066737,-0.098502,0.008552,31,66.9134196462105
24112,-8.505288,-3.597609,3.939782,-0.066737,-0.104153,0.005956,31.01,66.8959126857992
24122,-8.495118,-3.577868,3.949354,-0.067501,-0.108887,0.002902,31.01,66.8073932475519
24132,-8.486146,-3.598207,3.958327,-0.067959,-0.112705,0.000764,30.98,66.7595035877709
24142,-8.478967,-3.588037,3.968496,-0.068417,-0.114843,-0.001069,30.98,66.6822530258474
24152,-8.468199,-3.592225,3.978068,-0.068417,-0.115606,-0.003971,30.98,66.6132595269198
24162,-8.455039,-3.59402,3.984648,-0.068722,-0.115759,-0.004734,30.98,66.5527883980891
24176,-8.44427,-3.605984,4.006183,-0.06857,-0.112552,-0.005803,31,66.4279179483455
24182,-8.42812,-3.597011,4.012166,-0.06857,-0.112552,-0.006872,31,66.3544188892525
24192,-8.439486,-3.597609,4.03071,-0.070555,-0.104763,-0.007941,31,66.2818042450287
24202,-8.422137,-3.593421,4.021138,-0.070708,-0.09896,-0.006261,30.98,66.2914498549442
24212,-8.400601,-3.586243,4.032505,-0.07086,-0.092546,-0.004887,30.98,66.1795229185833
24222,-8.388638,-3.585645,4.048058,-0.071166,-0.084758,-0.002902,30.99,66.0717921863699
24232,-8.399406,-3.596412,4.046861,-0.071624,-0.076358,-0.001374,30.99,66.1109361696568
24242,-8.388638,-3.596412,4.051049,-0.071777,-0.067501,0.001527,30.99,66.0659663464932
24252,-8.389236,-3.591627,4.055834,-0.07086,-0.057574,0.003971,30.99,66.0377671523032
24262,-8.378469,-3.585645,4.055236,-0.07086,-0.048106,0.00733,30.98,66.0123236888364
24272,-8.370093,-3.580859,4.057629,-0.071471,-0.038332,0.01069,30.98,65.9773596511201
24282,-8.370093,-3.592823,4.052245,-0.071166,-0.027336,0.013744,31.01,66.016648113894
24292,-8.372486,-3.582654,4.048656,-0.071319,-0.016952,0.01741,31.01,66.0312789201218
24302,-8.382057,-3.581457,4.057629,-0.071929,-0.007178,0.021228,31.01,66.0036263265267
24312,-8.386245,-3.597609,4.051647,-0.071319,0.002291,0.024435,31.01,66.0588080854329
24322,-8.389835,-3.596412,4.046861,-0.071013,0.011759,0.027947,30.96,66.0904925001285
24332,-8.385049,-3.582654,4.052245,-0.070708,0.020769,0.031612,30.96,66.0393929153545
24342,-8.394022,-3.579065,4.033103,-0.07025,0.029627,0.035125,31,66.1558124755593
24352,-8.408379,-3.575475,4.019344,-0.071013,0.037263,0.038179,31,66.2554344667309
24362,-8.412566,-3.576672,4.009772,-0.069333,0.050396,0.04383,31.01,66.3157135205147
24372,-8.420941,-3.571886,4.009772,-0.068722,0.05452,0.045968,30.98,66.3291668105125
24382,-8.417352,-3.576073,4.001996,-0.068722,0.058185,0.047342,30.98,66.3661994320205
24392,-8.44427,-3.571886,3.988835,-0.068875,0.061545,0.04948,30.97,66.4884686122097
24402,-8.455637,-3.57069,3.982853,-0.068111,0.063072,0.050091,30.97,66.5427353510592
24412,-8.458031,-3.568895,3.982853,-0.068111,0.06353,0.051313,30.98,66.546171178701
24422,-8.464012,-3.57069,3.978666,-0.068111,0.062461,0.051771,30.98,66.5822971230344
24432,-8.484351,-3.56052,3.963711,-0.067195,0.060628,0.050855,31.01,66.6944244316692
24442,-8.491529,-3.559922,3.956532,-0.06689,0.057269,0.04948,31.01,66.7465685826192
24452,-8.490931,-3.566502,3.938586,-0.06689,0.05452,0.047342,30.98,66.8453890338172
24462,-8.496913,-3.564708,3.936791,-0.066584,0.04948,0.045357,30.98,66.8656665710707
24472,-8.504689,-3.563511,3.930212,-0.065973,0.043219,0.044593,30.98,66.9153136501095
24482,-8.508877,-3.567699,3.924827,-0.066279,0.036499,0.042302,30.98,66.9559026694956
24492,-8.513663,-3.5671,3.930212,-0.066126,0.029474,0.038637,30.98,66.9369529460678
24502,-8.528618,-3.585645,3.915854,-0.066279,0.021075,0.036346,30.98,67.059137705504
24512,-8.522635,-3.569493,3.920042,-0.065973,0.012675,0.032834,30.97,67.0109403526011
24522,-8.526226,-3.57727,3.915854,-0.065363,0.004276,0.029322,30.97,67.0470198992805
24532,-8.531011,-3.576073,3.915854,-0.065668,-0.013744,0.023366,30.98,67.0558057235982
24542,-8.527422,-3.57069,3.899703,-0.065515,-0.022907,0.020159,31.01,67.1287377575321
24552,-8.531011,-3.574279,3.92064,-0.06521,-0.032529,0.017104,31.01,67.0291277710793
24562,-8.518449,-3.586841,3.914658,-0.065057,-0.040928,0.014966,31.02,67.0456022474626
24572,-8.529815,-3.586243,3.912863,-0.064752,-0.04948,0.012217,31.02,67.0778147615787
24582,-8.523234,-3.580859,3.926622,-0.065057,-0.057879,0.008858,31.01,66.9874124343338
24592,-8.509476,-3.589234,3.924229,-0.065057,-0.065057,0.006872,31.01,66.9789373944002
24602,-8.513663,-3.58385,3.926622,-0.065057,-0.072082,0.006109,31,66.9703115366378
24612,-8.504092,-3.585046,3.936791,-0.064752,-0.078649,0.003665,31,66.8982026477914
24622,-8.489736,-3.586243,3.927818,-0.064446,-0.083841,0.002596,30.98,66.9167693701996
24632,-8.49452,-3.584448,3.93739,-0.064446,-0.089492,0.001527,30.98,66.8747555680594
24642,-8.478967,-3.588636,3.945167,-0.063988,-0.09331,0.001222,30.99,66.8053243318271
24652,-8.48136,-3.586841,3.947559,-0.063835,-0.097586,0.000611,30.99,66.7961395233451
24662,-8.475977,-3.591627,3.96072,-0.064599,-0.099876,0.000764,31,66.7200167844683
24672,-8.467003,-3.6006,3.974478,-0.063988,-0.10064,0.002443,31,66.6370277819824
24682,-8.457432,-3.603591,3.972684,-0.063683,-0.101404,0.002902,31.04,66.629128375643
24692,-8.450253,-3.596412,3.99721,-0.063683,-0.100335,0.003971,31.04,66.478967846205
24702,-8.435298,-3.597609,4.0008,-0.063683,-0.098044,0.005651,31,66.4297461605827
24712,-8.437093,-3.601796,4.00738,-0.064599,-0.094531,0.007789,31,66.4027674934267
24722,-8.421539,-3.605386,4.00738,-0.065668,-0.090561,0.008552,31,66.3731987831205
24732,-8.417951,-3.606582,4.019942,-0.064904,-0.085979,0.010232,30.98,66.3007751806231
24742,-8.405388,-3.598207,4.019344,-0.065668,-0.080481,0.013134,30.98,66.2696858976467
24752,-8.410771,-3.59043,4.026522,-0.066584,-0.074984,0.014661,30.98,66.2363747455873
24762,-8.404191,-3.591627,4.021138,-0.066432,-0.067501,0.017562,30.98,66.251745025246
24772,-8.405388,-3.601198,4.039085,-0.065973,-0.060323,0.01909,30.96,66.1688229372177
24782,-8.398808,-3.584448,4.042076,-0.067195,-0.053451,0.021228,30.96,66.1238337091703
24792,-8.396414,-3.58385,4.039085,-0.067501,-0.045968,0.022755,30.97,66.1338707966056
24802,-8.407781,-3.586243,4.053442,-0.068417,-0.038026,0.02474,30.97,66.0850545989831
24812,-8.392226,-3.588636,4.051049,-0.067806,-0.029627,0.02642,30.98,66.0665196022208
24822,-8.400003,-3.589832,4.04387,-0.067806,-0.020311,0.028405,30.98,66.1218851303644
24832,-8.403594,-3.594618,4.052245,-0.068417,-0.013134,0.029474,31.02,66.0900227940365
24842,-8.399406,-3.594618,4.044468,-0.068722,-0.004276,0.031154,31.02,66.1218436844029
24852,-8.402995,-3.580261,4.046263,-0.068875,0.002596,0.031612,30.93,66.107003315821
24862,-8.395817,-3.576672,4.032505,-0.069333,0.010232,0.033445,30.93,66.1606088578649
24872,-8.421539,-3.580859,4.028915,-0.069639,0.016799,0.035277,30.99,66.2380373151855
24882,-8.420342,-3.576672,4.026522,-0.068875,0.029474,0.035888,31.02,66.2442646518036
24892,-8.429317,-3.576073,4.012166,-0.068875,0.034514,0.03711,31.02,66.3381057458986
24902,-8.435298,-3.573082,4.02413,-0.069028,0.039095,0.037415,31,66.2853284354898
24912,-8.429914,-3.569493,4.007978,-0.069486,0.042608,0.037568,31,66.3554547608492
24922,-8.446067,-3.565306,3.999603,-0.069486,0.045509,0.036194,30.98,66.4298368908462
24932,-8.448458,-3.565904,3.988835,-0.068875,0.047953,0.03543,30.98,66.4919644795239
24942,-8.465208,-3.550351,3.985844,-0.067959,0.049327,0.035736,30.98,66.52915098056
24952,-8.456833,-3.564708,3.984648,-0.067959,0.049786,0.035125,30.98,66.5305167324893
24962,-8.473583,-3.571288,3.978666,-0.067653,0.050091,0.034361,31,66.6028685526658
24972,-8.481958,-3.555136,3.954139,-0.067806,0.048258,0.033139,31,66.7350263403306
24982,-8.493324,-3.561717,3.958327,-0.067042,0.045815,0.032834,31.03,66.74244409884
24992,-8.493324,-3.553342,3.953541,-0.06689,0.043524,0.031918,31.03,66.7602822549974
25002,-8.498111,-3.571288,3.946362,-0.06689,0.039401,0.030238,31.02,66.8235741261962
25012,-8.504092,-3.56411,3.95055,-0.066279,0.035277,0.02978,31.02,66.8077373648715
25022,-8.505887,-3.572484,3.929015,-0.065363,0.029627,0.028863,30.98,66.931857140972
25032,-8.505887,-3.562913,3.932006,-0.065515,0.024435,0.027642,30.98,66.9078399008465
25042,-8.510075,-3.564708,3.923033,-0.06521,0.018173,0.025962,30.98,66.965222405898
25052,-8.519047,-3.562315,3.919443,-0.063683,0.004734,0.024282,30.98,67.000524991041
25062,-8.510075,-3.572484,3.921836,-0.063377,-0.002902,0.022755,30.98,66.9782388277258
25072,-8.52144,-3.57069,3.921238,-0.063377,-0.01069,0.022144,31,67.0032290946037
25082,-8.520243,-3.575475,3.918845,-0.063072,-0.019548,0.020617,31,67.0174690940573
25092,-8.52144,-3.571288,3.912863,-0.063225,-0.027642,0.019242,30.96,67.0477670642226
25102,-8.519047,-3.57727,3.908078,-0.063225,-0.03543,0.017868,30.96,67.0731708767635
25112,-8.517851,-3.577868,3.926622,-0.062614,-0.043219,0.017562,31.02,66.9737541640364
25122,-8.510075,-3.580261,3.926024,-0.062614,-0.051007,0.016188,31.02,66.9629556845058
25132,-8.514859,-3.593421,3.922434,-0.064141,-0.05849,0.014661,30.98,67.0030662727951
25142,-8.511271,-3.595814,3.928416,-0.062919,-0.065363,0.013744,30.98,66.9663478770441
25152,-8.507681,-3.595216,3.933203,-0.063225,-0.07254,0.011759,31,66.9332997562317
25162,-8.505887,-3.591627,3.935595,-0.063377,-0.078191,0.011759,31,66.9139168277784
25172,-8.499306,-3.588636,3.948158,-0.06353,-0.083536,0.010537,30.97,66.8317548237749
25182,-8.479566,-3.59043,3.949354,-0.063072,-0.087965,0.009774,30.97,66.7861341708609
25192,-8.480762,-3.595216,3.957729,-0.06353,-0.091172,0.009163,30.99,66.748832871794
25202,-8.468199,-3.601198,3.96072,-0.063377,-0.094837,0.008247,30.99,66.7122870473834
25212,-8.468798,-3.603591,3.97388,-0.064446,-0.09728,0.008247,30.98,66.6465625461061
25222,-8.455637,-3.606582,3.98405,-0.065057,-0.098197,0.006872,30.98,66.5683765202913
25232,-8.450253,-3.601796,3.987041,-0.064752,-0.098349,0.00733,31.01,66.5371348400795
25242,-8.444869,-3.61376,4.006183,-0.065515,-0.096211,0.007789,30.98,66.4361657616404
25252,-8.429914,-3.600002,4.01396,-0.065821,-0.093462,0.007789,30.98,66.3514952449275
25262,-8.436494,-3.602395,4.005585,-0.066126,-0.090713,0.007178,31.02,66.411459524902
25272,-8.413164,-3.598805,4.018147,-0.066126,-0.086743,0.008094,31.02,66.2930048115726
25282,-8.413763,-3.601198,4.022933,-0.06689,-0.081092,0.008858,30.95,66.2713282093565
25292,-8.410173,-3.605386,4.03729,-0.066279,-0.074984,0.009468,30.95,66.1922279257021
25302,-8.401799,-3.598207,4.039683,-0.066279,-0.068264,0.01069,31.01,66.1553153465166
25312,-8.397013,-3.599404,4.03729,-0.06689,-0.061545,0.011606,31.01,66.1587623077958
25322,-8.402995,-3.59043,4.041477,-0.067501,-0.054062,0.012828,31,66.1413646650708
25332,-8.396414,-3.592225,4.049852,-0.067501,-0.04612,0.013592,31,66.0850369234747
25342,-8.386844,-3.596412,4.053442,-0.067348,-0.037263,0.015882,31.01,66.0495775885109
25352,-8.377871,-3.592225,4.03729,-0.067042,-0.027794,0.018784,31.01,66.1113220871444
25362,-8.391031,-3.586841,4.041477,-0.067042,-0.019853,0.019853,30.98,66.1125435965317
25372,-8.391629,-3.592225,4.04387,-0.06689,-0.010996,0.021228,30.98,66.1061853888708
25382,-8.39821,-3.582654,4.043272,-0.067348,-0.002138,0.023671,30.96,66.1146460131253
25392,-8.393424,-3.585645,4.039683,-0.067195,0.005803,0.027184,30.96,66.125982266832
25402,-8.407781,-3.571288,4.043272,-0.065973,0.021533,0.029627,30.99,66.1247590059741
25412,-8.41137,-3.579663,4.028915,-0.06689,0.028253,0.031307,30.98,66.2153300469524
25422,-8.413164,-3.575475,4.026522,-0.066737,0.035277,0.034056,30.98,66.2279178841183
25432,-8.419147,-3.571288,4.02413,-0.066279,0.04047,0.036194,30.98,66.2494185205053
25442,-8.423933,-3.56411,4.005585,-0.065821,0.045051,0.036346,30.98,66.3505292206012
25452,-8.435298,-3.564708,4.000201,-0.06521,0.049327,0.038026,30.96,66.4034165810881
25462,-8.446664,-3.557529,4.003192,-0.064752,0.052076,0.039401,30.96,66.4053300571748
25472,-8.445468,-3.559922,3.99063,-0.064904,0.053909,0.04047,30.97,66.4709160945579
25482,-8.455039,-3.558127,3.985246,-0.064141,0.054672,0.041539,30.97,66.5177742535281
25492,-8.470592,-3.556333,3.971487,-0.064599,0.054825,0.042302,31.02,66.6211372191317
25502,-8.481958,-3.555735,3.97388,-0.063835,0.053451,0.04215,31.02,66.6318348921135
25512,-8.487342,-3.555136,3.962514,-0.06353,0.05116,0.042455,30.96,66.7022422403173
25522,-8.483753,-3.551547,3.957131,-0.06353,0.048106,0.04215,30.96,66.7199047060096
25532,-8.495118,-3.565904,3.946961,-0.062919,0.044746,0.041539,31.02,66.8095276299532
25542,-8.505887,-3.566502,3.945167,-0.062156,0.039095,0.039706,31.02,66.8418013636386
25552,-8.509476,-3.558127,3.942773,-0.062156,0.034056,0.038943,30.98,66.8545444107746
25562,-8.523234,-3.564708,3.92722,-0.061392,0.028253,0.03879,30.98,66.9703394627321
25572,-8.508279,-3.564708,3.931407,-0.061697,0.012217,0.034056,31,66.9174866807546
25582,-8.512466,-3.571288,3.91406,-0.06185,0.004734,0.032376,30.98,67.0230269086234
25592,-8.52443,-3.562913,3.915854,-0.060781,-0.003818,0.030085,30.98,67.0309829522869
25602,-8.534002,-3.562913,3.918845,-0.060934,-0.011912,0.0281,31,67.0349351303824
25612,-8.529217,-3.570091,3.915854,-0.061545,-0.020922,0.025045,31,67.0469840318136
25622,-8.537591,-3.586243,3.915854,-0.061545,-0.029016,0.022144,30.99,67.0780270819023
25632,-8.525029,-3.576672,3.919443,-0.061239,-0.037721,0.020922,30.99,67.0251917899849
25642,-8.52144,-3.588636,3.916452,-0.060934,-0.046273,0.018021,31.03,67.0438607887129
25652,-8.516056,-3.579065,3.924827,-0.062003,-0.054367,0.015119,31.03,66.9805247855886
25662,-8.516056,-3.581457,3.928416,-0.06185,-0.061697,0.011759,30.99,66.9637413301624
25672,-8.522635,-3.593421,3.934997,-0.061392,-0.068111,0.009621,30.99,66.9531010609461
25682,-8.507681,-3.582056,3.933203,-0.062003,-0.074526,0.00733,30.96,66.9218570319053
25692,-8.505288,-3.59402,3.94397,-0.062156,-0.080634,0.005345,30.96,66.8708013703728
25702,-8.504689,-3.588037,3.949354,-0.062766,-0.08491,0.002596,31.02,66.8360919423352
25712,-8.484949,-3.597609,3.948158,-0.063377,-0.089339,0.000916,31.02,66.8098885347212
25722,-8.467602,-3.595216,3.966104,-0.06353,-0.091935,-0.000458,31.01,66.6774701693403
25732,-8.472386,-3.595814,3.9673,-0.063988,-0.093768,-0.002138,31.01,66.6816872238278
25742,-8.470592,-3.593421,3.980461,-0.06353,-0.095142,-0.003512,30.98,66.6067639230212
25752,-8.452048,-3.60718,3.991228,-0.063072,-0.094684,-0.004276,31,66.5237390656593
25762,-8.455637,-3.602993,4.001398,-0.063377,-0.093921,-0.004429,31,66.4742003772762
25772,-8.437692,-3.598207,4.009174,-0.064141,-0.091019,-0.003971,31.02,66.3913935442635
25782,-8.426325,-3.604787,4.011567,-0.065363,-0.087659,-0.00336,31.02,66.3607880650719
25792,-8.426325,-3.605984,4.015755,-0.065057,-0.083078,-0.002443,31,66.3399016953614
25802,-8.416754,-3.599404,4.017549,-0.064599,-0.078191,-0.001833,31,66.3042918385489
25812,-8.404789,-3.599404,4.028317,-0.064599,-0.072846,-0.000458,31,66.2223961883249
25822,-8.409575,-3.60718,4.042076,-0.064752,-0.066279,0.002596,31,66.1675125183857
25832,-8.408379,-3.591029,4.042076,-0.064294,-0.059101,0.005192,31,66.1502485351653
25842,-8.400601,-3.591029,4.031906,-0.064294,-0.052229,0.007789,31,66.1870237256676
25852,-8.404191,-3.592823,4.034299,-0.06521,-0.045204,0.010385,31,66.1837447127182
25862,-8.39821,-3.588037,4.041477,-0.064294,-0.037415,0.013439,31,66.1289719552159
25872,-8.386245,-3.584448,4.048058,-0.064446,-0.029322,0.016799,31,66.0655718354663
25882,-8.392825,-3.599404,4.040281,-0.064752,-0.02138,0.0197,31,66.1341386280646
25892,-8.391031,-3.585046,4.044468,-0.06353,-0.013286,0.022755,31,66.0952047497954
25902,-8.399406,-3.585046,4.032505,-0.064446,-0.005803,0.025809,31,66.175886130426
25912,-8.403594,-3.582056,4.034299,-0.064141,0.002138,0.030849,30.98,66.1726791776484
25922,-8.410771,-3.58385,4.026522,-0.062919,0.01573,0.033598,31.01,66.2304088300539
25932,-8.412566,-3.571288,4.022933,-0.063835,0.021686,0.035277,31.01,66.2417049348285
25942,-8.416754,-3.576073,4.018745,-0.06353,0.027794,0.037874,30.95,66.276921304353
25952,-8.413164,-3.581457,4.012166,-0.062308,0.032376,0.039706,30.95,66.3087196766893
25962,-8.427522,-3.5671,4.009174,-0.062919,0.035583,0.040317,30.99,66.3419598911166
25972,-8.444869,-3.565306,4.006782,-0.062461,0.039248,0.041844,30.99,66.3896236421262
25982,-8.447262,-3.568297,3.998407,-0.062461,0.041692,0.042608,31,66.4413013713227
25992,-8.446067,-3.567699,3.999005,-0.062308,0.044135,0.042913,31,66.435108607565
26002,-8.470592,-3.574279,3.987041,-0.062461,0.044288,0.042913,31,66.5553032938752
26012,-8.461619,-3.573082,3.981059,-0.061697,0.045357,0.042608,31,66.5668299105343
26022,-8.474181,-3.558726,3.969693,-0.062156,0.044135,0.041844,31,66.6401796402931
26032,-8.486146,-3.576672,3.966702,-0.062308,0.042608,0.040623,31,66.696624508672
26042,-8.486146,-3.565904,3.970291,-0.061545,0.040775,0.039401,31,66.6683410920875
26052,-8.490931,-3.56411,3.955336,-0.060934,0.038485,0.039095,31,66.7552625059278
26062,-8.505288,-3.571288,3.952943,-0.061087,0.033903,0.035736,31.02,66.8039022640136
26072,-8.492725,-3.570091,3.954139,-0.061239,0.029474,0.033903,31.02,66.7705033458973
26082,-8.501699,-3.574877,3.936791,-0.061239,0.024893,0.031765,30.98,66.8844119729251
26092,-8.504689,-3.574877,3.932006,-0.060323,0.013592,0.027184,30.97,66.9157376753876
26102,-8.52144,-3.567699,3.934398,-0.06017,0.007789,0.024282,30.97,66.9315280838783
26112,-8.522635,-3.570091,3.92722,-0.060628,0.001374,0.022297,31.01,66.9737459486519
26122,-8.508877,-3.573681,3.932604,-0.059865,-0.005498,0.020006,31.01,66.9202044699219
26132,-8.511868,-3.571886,3.936791,-0.059712,-0.012981,0.018021,31,66.9028299746048
26142,-8.515458,-3.575475,3.921238,-0.059407,-0.019242,0.015119,31,66.9950515672781
26152,-8.518449,-3.582056,3.930809,-0.058948,-0.026114,0.013744,31.02,66.9566202035649
26162,-8.518449,-3.579663,3.930809,-0.058948,-0.033292,0.012217,31.02,66.9545490296847
26172,-8.519047,-3.584448,3.924229,-0.058948,-0.039248,0.010385,30.98,66.9944736153418
26182,-8.522635,-3.586243,3.930212,-0.058185,-0.045051,0.009468,30.98,66.9719900876608
26192,-8.505288,-3.591627,3.932604,-0.058338,-0.05116,0.007789,31.02,66.9283909148492
26202,-8.495717,-3.59043,3.934398,-0.05849,-0.057727,0.006261,31.02,66.8981750089812
26212,-8.496913,-3.589234,3.938586,-0.058643,-0.062614,0.005651,31.01,66.8775949109114
26222,-8.476574,-3.588037,3.940979,-0.05849,-0.067195,0.005498,31.01,66.8218591299333
26232,-8.48136,-3.586243,3.946961,-0.058032,-0.071166,0.005345,31.02,66.7987579862368
26242,-8.469396,-3.594618,3.949354,-0.05849,-0.074984,0.004581,31.02,66.7687011724403
26252,-8.467003,-3.585645,3.964309,-0.058948,-0.078038,0.004887,31,66.677188274335
26262,-8.469995,-3.603591,3.97747,-0.05849,-0.082161,0.00504,31,66.6302246853858
26272,-8.449656,-3.58744,3.985844,-0.058796,-0.08262,0.006567,31,66.5293588394624
26282,-8.459825,-3.589832,3.979862,-0.059254,-0.08323,0.006567,31,66.5842101939261
26292,-8.456833,-3.602395,3.991827,-0.059865,-0.082467,0.006872,31,66.5263484719526
26302,-8.444869,-3.597609,3.994817,-0.061087,-0.08094,0.007025,31.01,66.4812823920231
26312,-8.423933,-3.610171,3.996612,-0.060628,-0.078954,0.009621,31.01,66.4391130344595
26322,-8.420941,-3.604787,4.010969,-0.061697,-0.076969,0.009927,31.01,66.3525548093547
26332,-8.422735,-3.606582,4.012166,-0.06185,-0.073762,0.011148,31.01,66.3516863755569
26342,-8.416754,-3.594618,4.014558,-0.062003,-0.069486,0.012523,30.94,66.3156603210528
26352,-8.429317,-3.598805,4.018745,-0.062919,-0.065363,0.013897,30.94,66.3240606168549
26362,-8.411968,-3.595216,4.030112,-0.062919,-0.060018,0.015424,31,66.2244272551106
26372,-8.426325,-3.591627,4.027121,-0.062919,-0.054214,0.016952,31,66.2673311115183
26382,-8.414959,-3.589832,4.027719,-0.063377,-0.048411,0.017562,30.98,66.2384502112878
26392,-8.407781,-3.583252,4.034897,-0.063225,-0.041997,0.01909,30.98,66.1795522453643
26402,-8.420941,-3.592823,4.031308,-0.064141,-0.035888,0.020006,31,66.235043258374
26412,-8.410173,-3.592823,4.029513,-0.064446,-0.029016,0.020311,31,66.22158148973
26422,-8.41137,-3.584448,4.024727,-0.064599,-0.022297,0.02138,31.01,66.2416463417551
26432,-8.416754,-3.583252,4.0337,-0.064599,-0.009468,0.024129,31.01,66.2049352577371
26442,-8.405987,-3.577868,4.029513,-0.06521,-0.002291,0.025504,31,66.1991007283889
26452,-8.414959,-3.575475,4.028317,-0.064904,0.00504,0.025504,30.98,66.2223164231675
26462,-8.423334,-3.578466,4.025326,-0.064752,0.011148,0.026267,30.98,66.2585144277647
26472,-8.42453,-3.575475,4.029513,-0.064294,0.016952,0.027031,30.98,66.2363970020374
26482,-8.425129,-3.572484,4.022335,-0.064599,0.021533,0.027794,30.98,66.2726269347487
26492,-8.425727,-3.578466,4.028915,-0.064446,0.02642,0.027794,30.96,66.2447741091275
26502,-8.433504,-3.56411,4.006183,-0.063683,0.031307,0.027336,30.96,66.3676620070668
26512,-8.439486,-3.556931,4.004987,-0.064141,0.034819,0.027489,31.01,66.3801921392932
26522,-8.436494,-3.566502,4.004987,-0.063377,0.037568,0.028558,31.01,66.3824092640787
26532,-8.441879,-3.574877,3.995416,-0.062461,0.039706,0.028863,30.96,66.4515258872659
26542,-8.453843,-3.565904,3.993023,-0.062156,0.041386,0.028558,30.96,66.4813061618386
26552,-8.465807,-3.569493,3.984648,-0.061545,0.042302,0.029016,31.02,66.5535942338807
26562,-8.455039,-3.568895,3.972086,-0.061392,0.041386,0.028405,31.02,66.5964780538811
26572,-8.476574,-3.573082,3.968496,-0.061392,0.041233,0.0281,31.02,66.6640907954633
26582,-8.479566,-3.565904,3.969095,-0.060476,0.039248,0.027947,31.02,66.6608824690902
26592,-8.490931,-3.573082,3.960122,-0.06017,0.037568,0.0281,31.01,66.7379743070615
26602,-8.499905,-3.565306,3.951149,-0.059559,0.034361,0.026573,31.01,66.796944221642
26612,-8.498111,-3.573681,3.94397,-0.058948,0.02642,0.026267,30.99,66.8382246184826
26622,-8.505288,-3.5671,3.946961,-0.058338,0.020922,0.026573,30.99,66.8316596705063
26632,-8.48136,-3.564708,3.930212,-0.058185,0.01573,0.026114,30.99,66.8680486367279
26642,-8.507083,-3.573082,3.929015,-0.057116,0.009468,0.025809,30.99,66.9348439720548
26652,-8.505288,-3.575475,3.929613,-0.057879,0.00336,0.024129,30.99,66.9300713050957
26662,-8.502895,-3.570091,3.9338,-0.057421,-0.003054,0.023824,31,66.8984468219542
26672,-8.506484,-3.582654,3.918845,-0.056505,-0.011301,0.022449,31,66.9953793053561
26682,-8.511868,-3.58385,3.92064,-0.057116,-0.018173,0.021686,30.98,66.9980536836178
26692,-8.507083,-3.57727,3.921836,-0.05681,-0.024435,0.020159,30.98,66.9762174722836
26702,-8.502296,-3.579663,3.916452,-0.056658,-0.032681,0.018784,31,66.9967550553032
26712,-8.504689,-3.585046,3.926622,-0.056505,-0.039095,0.018326,31,66.9528672802591
26722,-8.520842,-3.582654,3.921238,-0.0562,-0.046426,0.017868,30.97,67.0123226529808
26732,-8.496315,-3.591029,3.934997,-0.057269,-0.052382,0.015119,30.97,66.8967846816873
26742,-8.505288,-3.586841,3.939782,-0.056963,-0.05849,0.014508,30.95,66.8865273936442
26752,-8.490931,-3.588636,3.93739,-0.056963,-0.064599,0.013439,30.95,66.8709909442259
26762,-8.490931,-3.591029,3.951149,-0.057421,-0.069333,0.012981,30.99,66.8008025990788
26772,-8.477173,-3.599404,3.95055,-0.057574,-0.07422,0.010996,30.99,66.7827794916647
26782,-8.489137,-3.601198,3.953541,-0.057727,-0.080787,0.00901,30.95,66.7934533442025
26792,-8.48136,-3.6006,3.967898,-0.058948,-0.083536,0.008094,31.01,66.7014536630202
26802,-8.466404,-3.602395,3.97747,-0.059865,-0.085368,0.007483,31.01,66.621671058315
26812,-8.459227,-3.599404,3.979862,-0.059559,-0.085521,0.007025,30.97,66.5914676960983
26822,-8.461619,-3.598207,3.984648,-0.059254,-0.085216,0.006261,30.97,66.5702915319752
26832,-8.437692,-3.601198,3.992425,-0.059559,-0.084452,0.005803,30.99,66.4819729188549
26842,-8.442476,-3.604189,3.992425,-0.060018,-0.08262,0.005192,30.99,66.4947041293826
26852,-8.430512,-3.59402,3.998407,-0.060781,-0.080787,0.00504,30.98,66.4290012811315
26862,-8.431709,-3.598207,4.013362,-0.060476,-0.076053,0.005651,30.98,66.3568043050976
26872,-8.428718,-3.59402,4.014558,-0.060934,-0.072235,0.006872,31.02,66.3404367696869
26882,-8.425129,-3.598805,4.015755,-0.060628,-0.067348,0.00672,31.02,66.3308865656251
26892,-8.407781,-3.599404,4.019942,-0.060323,-0.062766,0.007636,31.01,66.2727108695783
26902,-8.416155,-3.589234,4.023531,-0.061087,-0.056658,0.008247,31.01,66.262421306948
26912,-8.411968,-3.588037,4.034299,-0.061697,-0.050396,0.009774,30.98,66.1959491635731
26922,-8.401799,-3.598805,4.039085,-0.062614,-0.04383,0.010843,30.98,66.1589971674581
26932,-8.4012,-3.586841,4.036094,-0.062308,-0.036652,0.012523,31.01,66.1625067561064
26942,-8.397612,-3.593421,4.039683,-0.062461,-0.02978,0.012981,31.01,66.1420207128022
26952,-8.411968,-3.584448,4.041477,-0.061545,-0.014661,0.017562,31.01,66.1550543232171
26962,-8.409575,-3.579065,4.031906,-0.061545,-0.007483,0.0197,31.03,66.1952693514525
26972,-8.414959,-3.574279,4.035496,-0.062766,-0.000458,0.020769,31.03,66.1835701943115
26982,-8.410771,-3.579663,4.032505,-0.062614,0.006414,0.023213,30.96,66.1952157624114
26992,-8.417951,-3.573681,4.023531,-0.062461,0.012675,0.024893,30.96,66.2521788800247
27002,-8.417951,-3.579663,4.029513,-0.062308,0.018173,0.026725,30.96,66.2261929034211
27012,-8.417352,-3.572484,4.025326,-0.061697,0.023824,0.029016,30.96,66.2404029671757
27022,-8.428718,-3.576672,4.015755,-0.061392,0.027947,0.030696,31,66.3185373735111
27032,-8.429914,-3.571886,4.003192,-0.061087,0.033139,0.03207,31,66.3827400553335
27042,-8.4347,-3.561717,4.001996,-0.061392,0.035888,0.032529,31.04,66.3900487596961
27052,-8.442476,-3.565904,3.995416,-0.060934,0.03879,0.034056,31.04,66.4447822115513
27062,-8.450851,-3.564708,3.983452,-0.060934,0.040623,0.036194,30.99,66.5242244920912
27072,-8.449656,-3.574877,3.987639,-0.060476,0.041692,0.035736,30.99,66.508746100522
27082,-8.462217,-3.567699,3.982255,-0.060323,0.042761,0.035736,31.02,66.557039346772
27092,-8.465807,-3.562315,3.970889,-0.060018,0.041997,0.036805,31.02,66.6195240737534
27102,-8.470592,-3.548556,3.962514,-0.059407,0.040623,0.037721,31,66.6614805874506
27112,-8.473583,-3.547958,3.956532,-0.059712,0.038943,0.037415,31,66.698680189946
27122,-8.487342,-3.556333,3.952943,-0.059712,0.035736,0.033903,30.99,66.7535777447035
27132,-8.487342,-3.556333,3.95055,-0.059407,0.027794,0.033139,31.02,66.7661573340659
27142,-8.503493,-3.574279,3.947559,-0.059101,0.023213,0.032529,31.02,66.8310457985186
27152,-8.495717,-3.570091,3.939782,-0.059101,0.017562,0.030085,31,66.852146278889
27162,-8.508279,-3.569493,3.935595,-0.059407,0.01237,0.029322,31,66.8996235382837
27172,-8.510672,-3.573082,3.931407,-0.059101,0.006109,0.026573,31.02,66.9296792522693
27182,-8.511271,-3.580261,3.935595,-0.059407,-0.000305,0.025809,31.02,66.9151415795143
27192,-8.509476,-3.575475,3.928416,-0.059101,-0.006567,0.023518,30.96,66.9450026313453
27202,-8.513663,-3.582056,3.936193,-0.058948,-0.013592,0.021533,30.96,66.9184931063326
27212,-8.526226,-3.573082,3.932006,-0.059254,-0.021533,0.01909,31.01,66.9585919727265
27222,-8.511868,-3.581457,3.934997,-0.059407,-0.027947,0.017257,31.01,66.9205510653229
27232,-8.511271,-3.591029,3.933203,-0.059559,-0.034056,0.014355,30.99,66.9370527251513
27242,-8.506484,-3.583252,3.927818,-0.059407,-0.040317,0.012217,30.99,66.9487223605645
27252,-8.498111,-3.57727,3.936193,-0.059101,-0.046273,0.011148,30.97,66.8822170164185
27262,-8.492725,-3.58744,3.935595,-0.059254,-0.052382,0.009163,30.97,66.8830911345556
27272,-8.492725,-3.58744,3.939184,-0.059254,-0.058185,0.007025,30.99,66.8642271577638
27282,-8.49452,-3.589832,3.936193,-0.058643,-0.062614,0.00504,30.99,66.8857464625193
27292,-8.482555,-3.595216,3.951746,-0.059101,-0.067653,0.003665,31.01,66.783975698622
27302,-8.474181,-3.604189,3.964309,-0.05849,-0.073762,0.001222,31.01,66.7085296185869
27312,-8.476574,-3.594618,3.972086,-0.059101,-0.076205,0.000458,30.96,66.6642379277209
27322,-8.462815,-3.588037,3.974478,-0.059254,-0.078038,0,30.99,66.6171416929126
27332,-8.467602,-3.597011,3.966702,-0.058796,-0.079107,0.000916,30.99,66.6759183773169
27342,-8.463414,-3.602993,3.979862,-0.05849,-0.078954,0.000611,31,66.6034096784411
27352,-8.453244,-3.602993,3.976871,-0.058643,-0.079107,0.001527,31,66.5978571742936
27362,-8.450851,-3.611368,3.992425,-0.059254,-0.078038,0.00168,30.97,66.5187001440996
27372,-8.438888,-3.597011,3.996612,-0.059712,-0.076053,0.002291,30.97,66.4587500995086
27382,-8.425727,-3.586243,3.998407,-0.059101,-0.07254,0.003971,30.98,66.4119184195687
27392,-8.42812,-3.591029,4.00738,-0.058643,-0.070402,0.003665,30.98,66.3741474136158
27402,-8.418548,-3.604787,4.015156,-0.058948,-0.066737,0.006109,30.97,66.3255221563025
27412,-8.420342,-3.592823,4.012764,-0.059865,-0.062156,0.008094,30.97,66.3310530898298
27422,-8.417352,-3.589234,4.013362,-0.059254,-0.057421,0.009621,31.02,66.3183400480084
27432,-8.407781,-3.601198,4.017549,-0.059712,-0.052534,0.011912,31.02,66.2869050872441
27442,-8.415558,-3.588636,4.019942,-0.059712,-0.047647,0.013286,30.96,66.2794493902511
27452,-8.404789,-3.58385,4.023531,-0.060018,-0.041692,0.015577,30.96,66.2333889273854
27462,-8.408977,-3.591029,4.036692,-0.059712,-0.035583,0.018479,31,66.1797510678363
27472,-8.404789,-3.59043,4.033103,-0.06017,-0.022907,0.02306,31,66.1891157739799
27482,-8.403594,-3.586243,4.018147,-0.059865,-0.017257,0.023976,31.01,66.2613030189487
27492,-8.415558,-3.580261,4.026522,-0.060628,-0.010537,0.026573,30.99,66.2373384485432
27502,-8.418548,-3.585046,4.03071,-0.060781,-0.005192,0.027947,30.99,66.2260538479179
27512,-8.423334,-3.57069,4.026522,-0.060323,0.001374,0.029627,30.99,66.2452288914757
27522,-8.419745,-3.568895,4.018745,-0.060781,0.007025,0.031612,30.99,66.2768041403272
27532,-8.432905,-3.572484,4.021737,-0.060323,0.011759,0.030849,31.02,66.2922648131553
27542,-8.425727,-3.568895,4.01396,-0.06017,0.017104,0.033445,31.02,66.3146299125324
27552,-8.443074,-3.568895,4.016353,-0.060628,0.020617,0.034361,30.96,66.3388258412374
27562,-8.438289,-3.562913,4.009174,-0.059712,0.025198,0.03543,30.96,66.3610152441052
27572,-8.439486,-3.56052,4.005585,-0.059712,0.0281,0.035583,31,66.3802541548361
27582,-8.456235,-3.5671,3.997808,-0.06017,0.030391,0.034972,31,66.4622898164512
27592,-8.449057,-3.569493,3.999603,-0.060323,0.032529,0.034208,30.97,66.4398732879002
27602,-8.466404,-3.574279,3.984648,-0.060934,0.032834,0.033445,30.97,66.559080394112
27612,-8.477771,-3.582654,3.99063,-0.060323,0.03375,0.033139,31,66.5589290503633
27622,-8.465208,-3.570091,3.978068,-0.060628,0.034514,0.031765,31,66.587414532642
27632,-8.466404,-3.556931,3.9673,-0.059865,0.034208,0.031154,30.97,66.6349001671635
27642,-8.48136,-3.562315,3.956532,-0.059559,0.032681,0.029016,30.97,66.7274787592636
27652,-8.487342,-3.562913,3.958327,-0.059865,0.028405,0.027336,31,66.731033884811
27662,-8.509476,-3.573681,3.9673,-0.059101,0.025504,0.025962,30.98,66.7393941239993
27672,-8.495717,-3.569493,3.953541,-0.059865,0.021838,0.02474,30.98,66.7793374062971
27682,-8.49452,-3.57069,3.956532,-0.059712,0.016952,0.022907,30.97,66.7621912501838
27692,-8.496913,-3.574279,3.948756,-0.059407,0.012828,0.021686,30.97,66.8111234713657
27702,-8.504689,-3.57069,3.936791,-0.059101,0.007941,0.019853,30.99,66.8869568903034
27712,-8.502296,-3.564708,3.942773,-0.058796,0.002596,0.018326,30.99,66.845377835416
27722,-8.496315,-3.571886,3.930212,-0.058032,-0.003054,0.01741,30.98,66.9052681283287
27732,-8.504689,-3.576073,3.931407,-0.057727,-0.008705,0.016646,30.98,66.9199241698421
27742,-8.488539,-3.578466,3.927818,-0.057574,-0.01405,0.015577,31,66.9075130856592
27752,-8.507083,-3.584448,3.926622,-0.057116,-0.020464,0.014966,31,66.9572807034706
27762,-8.507681,-3.59402,3.940979,-0.056658,-0.026573,0.013744,30.95,66.8914368131257
27772,-8.497512,-3.588636,3.939782,-0.056352,-0.033445,0.012675,30.95,66.8720277450334
27782,-8.496315,-3.595216,3.938586,-0.056505,-0.038943,0.011301,31,66.8815844093225
27792,-8.492128,-3.59043,3.938586,-0.055131,-0.044135,0.011148,31,66.8687484191511
27802,-8.508877,-3.6006,3.951149,-0.055283,-0.049938,0.010996,31.01,66.8463016129699
27812,-8.489137,-3.589234,3.949952,-0.055589,-0.055436,0.009774,31.01,66.801796291221
27822,-8.478369,-3.600002,3.95055,-0.055436,-0.063835,0.009316,30.99,66.7857871815523
27832,-8.474181,-3.595814,3.961916,-0.055283,-0.067348,0.00901,30.96,66.7136930769064
27842,-8.472386,-3.581457,3.954738,-0.055589,-0.070402,0.008552,30.96,66.7350173762142
27852,-8.467003,-3.604787,3.963711,-0.055589,-0.071929,0.009316,30.99,66.6972658991317
27862,-8.468199,-3.605386,3.970889,-0.055894,-0.073457,0.00901,30.99,66.6626024108068
27872,-8.467003,-3.601198,3.988835,-0.0562,-0.075136,0.008705,30.99,66.5622569648409
27882,-8.461619,-3.597609,3.985844,-0.05681,-0.075136,0.008094,30.99,66.5634854405329
27892,-8.445468,-3.600002,3.993023,-0.057116,-0.074984,0.007941,30.97,66.4940974628709
27902,-8.452048,-3.603591,4.001398,-0.057879,-0.073609,0.007789,30.97,66.4672009456555
27912,-8.437692,-3.601198,3.995416,-0.058032,-0.072388,0.008552,30.95,66.4662691962739
27922,-8.435298,-3.599404,4.006782,-0.058948,-0.06918,0.008552,30.95,66.399969469182
27932,-8.432905,-3.599404,4.010371,-0.060476,-0.065821,0.00901,31.03,66.376095495806
27942,-8.426325,-3.592823,4.020541,-0.060934,-0.062156,0.009468,31.03,66.3029115478943
27952,-8.43111,-3.604189,4.021138,-0.061087,-0.057727,0.009774,31,66.3201686957551
27962,-8.417951,-3.596412,4.012764,-0.06185,-0.052993,0.010385,31,66.3292357758218
27972,-8.430512,-3.602395,4.022335,-0.062308,-0.046884,0.012065,31.01,66.3110105706824
27982,-8.405388,-3.592225,4.021737,-0.063377,-0.04215,0.013592,31.01,66.2516855439396
27992,-8.39462,-3.596412,4.028915,-0.06185,-0.029932,0.015119,30.99,66.1948954042449
28002,-8.407183,-3.597609,4.025924,-0.061392,-0.023671,0.016952,31.01,66.2384089618885
28012,-8.409575,-3.592823,4.027121,-0.061697,-0.016952,0.018173,31.01,66.2328614578393
28022,-8.405388,-3.580859,4.021737,-0.06185,-0.010232,0.019242,31,66.2413746399311
28032,-8.402397,-3.574877,4.022335,-0.061697,-0.003207,0.020311,31,66.2264441773411
28042,-8.425727,-3.5671,4.028915,-0.060934,0.002749,0.021533,31.01,66.2345304089039
28052,-8.414959,-3.568895,4.022933,-0.061239,0.009163,0.022755,31.01,66.2446362131887
28062,-8.407183,-3.56052,4.021138,-0.060476,0.014966,0.025045,30.96,66.2299471933139
28072,-8.419147,-3.577868,4.025924,-0.060323,0.020311,0.025351,30.96,66.24594244348
28082,-8.435298,-3.565306,4.008576,-0.060018,0.024893,0.027336,30.98,66.3599632217986
28092,-8.429317,-3.568895,4.001398,-0.06017,0.029627,0.027794,30.98,66.3882239255542
28102,-8.426325,-3.573082,4.013362,-0.059712,0.033292,0.028711,30.97,66.3228003347796
28112,-8.436494,-3.557529,4.001996,-0.058948,0.036499,0.029474,30.97,66.390105385487
28122,-8.44128,-3.554538,3.996014,-0.059101,0.038485,0.029474,31,66.428993857728
28132,-8.468798,-3.562315,3.991827,-0.059254,0.040012,0.030391,31,66.515855819868
28142,-8.458628,-3.571288,3.981657,-0.057879,0.04047,0.030849,30.98,66.5558263770676
28152,-8.474779,-3.56411,3.973282,-0.057727,0.039554,0.031307,30.98,66.6273129889551
28162,-8.477173,-3.558127,3.956532,-0.058032,0.03711,0.030849,30.94,66.7150800404569
28172,-8.479566,-3.546762,3.954139,-0.057727,0.033903,0.030543,30.99,66.7227210380248
28182,-8.492725,-3.565306,3.949354,-0.057269,0.030238,0.029474,30.99,66.7914632567629
28192,-8.506484,-3.556333,3.947559,-0.057116,0.026573,0.028711,30.98,66.8216515692152
28202,-8.502895,-3.568297,3.947559,-0.056658,0.020922,0.028863,30.98,66.824600936717
28212,-8.504092,-3.56052,3.926622,-0.056505,0.015119,0.027184,30.97,66.9303716538401
28222,-8.508877,-3.568895,3.924827,-0.055741,0.009621,0.026878,30.97,66.9569372260947
28232,-8.506484,-3.574279,3.920042,-0.054825,0.002902,0.02642,31.02,66.9818287766575
28242,-8.510075,-3.571886,3.919443,-0.054367,-0.004429,0.025045,31.02,66.9903064564712
28252,-8.510672,-3.568895,3.92722,-0.05452,-0.01237,0.023213,30.99,66.9480589128615
28262,-8.514261,-3.577868,3.921238,-0.053909,-0.019548,0.021533,30.99,66.994656886932
28272,-8.519047,-3.571288,3.926024,-0.053909,-0.026878,0.020311,31.02,66.9736732774397
28282,-8.510672,-3.584448,3.918845,-0.053756,-0.034361,0.018631,31.02,67.0055484953255
28292,-8.515458,-3.588636,3.926622,-0.053756,-0.041386,0.017715,30.96,66.9781518738253
28302,-8.517252,-3.600002,3.934398,-0.053603,-0.048717,0.015577,30.96,66.9508872752937
28312,-8.516654,-3.586841,3.936791,-0.052687,-0.055283,0.013897,31.04,66.9256712087534
28322,-8.501699,-3.595814,3.94397,-0.052687,-0.06185,0.012981,31.04,66.8649559356209
28332,-8.500502,-3.589832,3.961916,-0.053145,-0.067195,0.009468,30.97,66.763105360983
28342,-8.493923,-3.595814,3.951746,-0.053451,-0.0759,0.00733,30.99,66.8080613347172
28352,-8.440681,-3.876971,3.984648,-0.051465,-0.078038,0.004123,30.99,66.7812570756203
28362,-8.469995,-3.639483,3.966702,-0.027947,-0.067042,-0.010232,30.98,66.7186108360816
28372,-8.469396,-3.592823,3.961318,-0.020617,-0.06521,-0.014813,30.98,66.7042324672484
28382,-8.466404,-3.597609,3.966104,-0.020006,-0.067959,-0.01405,31.02,66.6770917712972
28392,-8.462217,-3.610171,3.979264,-0.020769,-0.069639,-0.014355,31.02,66.6104348183459
28402,-8.448458,-3.591029,3.978666,-0.020006,-0.069791,-0.013592,31.01,66.5677496129019
28412,-8.448458,-3.609573,3.983452,-0.020617,-0.069791,-0.011912,31.01,66.5591651372992
28422,-8.432905,-3.595216,3.987639,-0.020464,-0.069486,-0.010232,31.02,66.4916865790059
28432,-8.4347,-3.606582,4.00379,-0.019853,-0.068722,-0.009316,31.02,66.4208658484548
28442,-8.423334,-3.586243,4.00379,-0.020006,-0.066279,-0.007636,30.98,66.3785789270147
28452,-8.416754,-3.582654,4.010371,-0.020159,-0.063377,-0.005192,30.98,66.32684315466
28462,-8.413763,-3.584448,4.010371,-0.020464,-0.058032,-0.002443,31.01,66.3221228210103
28472,-8.413763,-3.588037,4.026522,-0.02138,-0.052993,-0.000611,31.01,66.2405628789197
28482,-8.408379,-3.589234,4.040879,-0.021838,-0.046578,0.001833,31.04,66.1548903139748
28492,-8.400003,-3.584448,4.034897,-0.02138,-0.039706,0.003207,31.04,66.1640579147192
28502,-8.4012,-3.572484,4.045067,-0.021991,-0.032376,0.005651,31.02,66.1023606447622
28512,-8.402995,-3.576073,4.040281,-0.023976,-0.015119,0.009316,30.98,66.134571075553
28522,-8.410173,-3.57069,4.045067,-0.024282,-0.006567,0.010385,30.98,66.1199144161206
28532,-8.395817,-3.564708,4.04746,-0.024587,0.002138,0.011912,30.98,66.0712019114371
28542,-8.397612,-3.568297,4.048058,-0.025809,0.011912,0.012981,30.98,66.0751774436673
28552,-8.416155,-3.556931,4.038486,-0.025962,0.02138,0.014203,31,66.154757284102
28562,-8.408977,-3.556931,4.05404,-0.026573,0.029474,0.014203,31,66.0578347080675
28572,-8.406584,-3.558726,4.042674,-0.027489,0.037415,0.014355,31,66.1139462877389
28582,-8.422735,-3.55394,4.048058,-0.027642,0.044288,0.014355,31,66.1159327479923
28592,-8.426923,-3.555136,4.045665,-0.028863,0.050855,0.013897,30.97,66.1384972257338
28602,-8.426325,-3.556931,4.036692,-0.029627,0.057574,0.013744,30.97,66.1858669021803
28612,-8.440084,-3.550351,4.034299,-0.029627,0.063377,0.013286,31,66.2218112091032
28622,-8.44427,-3.547958,4.009772,-0.029474,0.067195,0.012065,31,66.3572026539689
28632,-8.452048,-3.550351,4.009174,-0.030696,0.07086,0.011301,31.04,66.3789354150174
28642,-8.454441,-3.552743,4.00379,-0.031001,0.072693,0.010079,31.04,66.4143678385387
28652,-8.458031,-3.555735,3.991228,-0.030849,0.075136,0.008705,31.01,66.4905327874308
28662,-8.464012,-3.552145,3.98405,-0.031307,0.075595,0.007178,31.01,66.5376409589707
28672,-8.476574,-3.564708,3.961916,-0.03207,0.074984,0.006261,30.95,66.6912976540665
28682,-8.49452,-3.562913,3.957729,-0.032529,0.071166,0.002596,30.95,66.7491165935282
28692,-8.493324,-3.556931,3.95055,-0.033903,0.067653,0.00168,31.03,66.7791246884454
28702,-8.489736,-3.5671,3.946961,-0.033292,0.063683,0.001069,30.96,66.7993957526843
28712,-8.492725,-3.5671,3.940381,-0.033903,0.058338,-0.000611,30.96,66.8401908428311
28722,-8.497512,-3.566502,3.930212,-0.03375,0.05284,-0.001374,30.98,66.9030663504104
28732,-8.509476,-3.565904,3.914658,-0.033445,0.045968,-0.002749,30.98,67.0090802991869
28742,-8.507083,-3.565904,3.922434,-0.033903,0.038637,-0.003818,31.01,66.9632350526517
28752,-8.502895,-3.57727,3.915854,-0.033445,0.030391,-0.005345,31.01,66.9990616698565
28762,-8.515458,-3.582056,3.901497,-0.032834,0.021533,-0.004734,31.01,67.1045638777506
28772,-8.519646,-3.579663,3.908078,-0.032681,0.012065,-0.005803,31.01,67.0764609185236
28782,-8.508877,-3.577868,3.906881,-0.031154,0.00336,-0.005192,30.97,67.0591103079017
28792,-8.519646,-3.586841,3.89731,-0.031612,-0.006414,-0.00672,30.97,67.1392946824239
28802,-8.519646,-3.59043,3.902096,-0.030085,-0.015424,-0.006872,30.97,67.11720535825
28812,-8.505887,-3.59402,3.903292,-0.029322,-0.025351,-0.006872,30.97,67.0858378980011
28822,-8.518449,-3.599404,3.911069,-0.028711,-0.033598,-0.006567,31,67.075326541072
28832,-8.504092,-3.601796,3.909274,-0.027031,-0.04215,-0.005803,31,67.0574203077108
28842,-8.506484,-3.596412,3.926622,-0.026267,-0.050091,-0.006261,30.99,66.9664437712418
28852,-8.488539,-3.608377,3.926622,-0.025351,-0.057574,-0.00672,30.99,66.9399400937379
28862,-8.498708,-3.608377,3.939782,-0.023518,-0.071013,-0.00733,30.98,66.8917538924462
28872,-8.48136,-3.607778,3.94397,-0.022602,-0.076053,-0.006872,31.01,66.8334012890438
28882,-8.474779,-3.623332,3.940979,-0.021838,-0.079871,-0.00672,31.01,66.8492266621769
28892,-8.485548,-3.617948,3.954738,-0.022602,-0.083536,-0.007789,30.96,66.7944897332483
28902,-8.470592,-3.618546,3.963711,-0.022907,-0.085368,-0.007025,30.96,66.7169275733545
28912,-8.453244,-3.60718,3.978068,-0.022755,-0.087201,-0.007178,30.98,66.5953046285508
28922,-8.465807,-3.607778,3.985844,-0.02306,-0.087354,-0.006261,30.98,66.5812919357919
28932,-8.454441,-3.60718,3.983452,-0.022755,-0.086896,-0.006261,30.98,66.5695463662578
28942,-8.450253,-3.602395,3.992425,-0.023976,-0.085674,-0.00733,30.98,66.5094179890908
28952,-8.448458,-3.61077,4.005585,-0.024587,-0.08323,-0.006872,30.98,66.4441535892798
28962,-8.447262,-3.614359,4.012764,-0.025351,-0.080329,-0.006414,30.98,66.4072579062161
28972,-8.420342,-3.605984,4.012764,-0.026114,-0.076511,-0.005192,30.99,66.34295143841
28982,-8.426325,-3.61077,4.023531,-0.02642,-0.072235,-0.004276,30.99,66.3034672912748
28992,-8.416155,-3.610171,4.031308,-0.027336,-0.067653,-0.003207,30.98,66.2406348682841
29002,-8.41436,-3.61077,4.028317,-0.027642,-0.060781,-0.00168,30.98,66.2530527061607
29012,-8.413763,-3.602993,4.040281,-0.027489,-0.054214,-0.000153,30.97,66.1820063723579
29022,-8.406584,-3.605386,4.039085,-0.027794,-0.048258,0.001374,30.97,66.1751880260453
29032,-8.387442,-3.597011,4.0337,-0.028253,-0.032681,0.007025,31.04,66.1550120442266
29042,-8.39821,-3.602395,4.046861,-0.028558,-0.025198,0.008399,30.99,66.1138555555952
29052,-8.38804,-3.59043,4.051049,-0.029016,-0.017257,0.010385,30.99,66.0592019510081
29062,-8.395817,-3.589832,4.044468,-0.028405,-0.009468,0.012065,30.99,66.1098089272426
29072,-8.409575,-3.591029,4.044468,-0.0281,-0.001527,0.014661,30.99,66.1402605335665
29082,-8.4012,-3.583252,4.042076,-0.027184,0.006414,0.016799,30.98,66.1278524501043
29092,-8.38804,-3.577868,4.04387,-0.026725,0.013439,0.018631,30.98,66.085383414543
29102,-8.412566,-3.567699,4.037888,-0.027336,0.021075,0.020311,31.01,66.1599646946798
29112,-8.414959,-3.573082,4.036692,-0.02642,0.028405,0.021686,31.01,66.1762139450647
29122,-8.407183,-3.571886,4.034897,-0.02642,0.035125,0.022297,31.01,66.1679645591915
29132,-8.423933,-3.56411,4.022335,-0.025351,0.040928,0.023671,31.01,66.2625503279027
29142,-8.416754,-3.561717,4.022933,-0.026267,0.046578,0.024282,31,66.2419845823234
29152,-8.434101,-3.559922,4.014558,-0.025809,0.051465,0.024893,31,66.3212039549688
29162,-8.446067,-3.561118,4.008576,-0.025198,0.055741,0.025045,30.99,66.379006863714
29172,-8.447262,-3.562913,4.00379,-0.025504,0.058796,0.025351,30.99,66.4082483841656
29182,-8.454441,-3.564708,4.000201,-0.025962,0.06185,0.025198,30.98,66.4438277913776
29192,-8.459825,-3.551547,3.978068,-0.025809,0.064446,0.025198,30.98,66.5597457375352
29202,-8.464012,-3.550351,3.973282,-0.025045,0.065363,0.023518,31.04,66.5926441235763
29212,-8.48136,-3.551547,3.97747,-0.02474,0.065057,0.021991,30.97,66.6080651948344
29222,-8.479566,-3.557529,3.970291,-0.025809,0.063377,0.020159,30.97,66.6472505688391
29232,-8.482555,-3.552145,3.970889,-0.026114,0.061239,0.017868,31.03,66.6456415500541
29242,-8.487342,-3.554538,3.955336,-0.025809,0.05849,0.016493,31.03,66.7394338056435
29252,-8.502895,-3.550949,3.954738,-0.026267,0.055436,0.014813,30.96,66.7718263705343
29262,-8.493923,-3.550351,3.955336,-0.026114,0.051465,0.013744,30.96,66.7494940680224
29272,-8.504092,-3.558726,3.949952,-0.026267,0.046731,0.011454,30.99,66.8061985157865
29282,-8.508877,-3.558127,3.945167,-0.027336,0.04215,0.00901,30.99,66.8407304099064
29292,-8.512466,-3.555735,3.940979,-0.027794,0.036805,0.006872,30.97,66.8680886627202
29302,-8.513663,-3.565904,3.936791,-0.028253,0.031001,0.004734,30.97,66.9013573537225
29312,-8.526226,-3.56052,3.93739,-0.028711,0.023976,0.001985,31.02,66.9195041308665
29322,-8.522038,-3.572484,3.939184,-0.029016,0.018173,0.000458,31.02,66.9117773504125
29332,-8.510672,-3.569493,3.930809,-0.030238,0.010996,-0.001374,30.98,66.9297134633733
29342,-8.511868,-3.565306,3.923631,-0.030391,0.004276,-0.003512,30.98,66.9662919388785
29352,-8.512466,-3.5671,3.926024,-0.030696,-0.00336,-0.004887,31.02,66.9564940762121
29362,-8.513663,-3.578466,3.918247,-0.030849,-0.010232,-0.005651,31.02,67.0096674571502
29372,-8.509476,-3.58385,3.930212,-0.031154,-0.016799,-0.009468,30.98,66.9428284095002
29382,-8.505288,-3.586243,3.92722,-0.032223,-0.030543,-0.011301,30.98,66.9519982880058
29392,-8.490931,-3.591029,3.926024,-0.032529,-0.037568,-0.011759,30.98,66.9328510627042
29402,-8.495118,-3.598207,3.924827,-0.031918,-0.043677,-0.012675,30.95,66.9540429226895
29412,-8.495717,-3.592823,3.921836,-0.032376,-0.049633,-0.013134,30.95,66.9663143280525
29422,-8.492128,-3.592823,3.926024,-0.031918,-0.055589,-0.014203,30.98,66.9368860556924
29432,-8.483154,-3.604787,3.9338,-0.031001,-0.060628,-0.013134,30.98,66.8879380749028
29442,-8.478967,-3.595216,3.940979,-0.031001,-0.065973,-0.01405,30.99,66.8331237320314
29452,-8.474181,-3.608377,3.943372,-0.030696,-0.069791,-0.013439,30.99,66.822211940611
29462,-8.469995,-3.605984,3.949952,-0.030391,-0.072693,-0.013592,30.99,66.7768333677944
29472,-8.468798,-3.602993,3.958925,-0.030391,-0.074831,-0.01405,30.99,66.7245508617368
29482,-8.456833,-3.603591,3.963711,-0.029932,-0.076969,-0.013439,30.97,66.6750201584304
29492,-8.46102,-3.599404,3.972086,-0.030085,-0.077885,-0.012523,30.97,66.6360378440932
29502,-8.455637,-3.595814,3.985246,-0.029169,-0.077733,-0.011148,31,66.5525004108188
29512,-8.443673,-3.603591,3.987041,-0.029322,-0.076664,-0.012065,31,66.5249448709419
29522,-8.438888,-3.608975,3.997808,-0.029016,-0.075289,-0.010996,31,66.4632135184244
29532,-8.438289,-3.605386,4.008576,-0.029322,-0.072998,-0.010079,31,66.4022452902172
29542,-8.425727,-3.6006,4.012166,-0.029474,-0.069333,-0.008705,30.99,66.3526013075992
29552,-8.417951,-3.593421,4.018147,-0.029932,-0.06017,-0.008247,30.98,66.2982737772524
29562,-8.417352,-3.595814,4.022933,-0.030238,-0.055283,-0.006567,30.98,66.2740566002704
29572,-8.416754,-3.59402,4.036692,-0.029932,-0.048411,-0.003971,30.98,66.199014109336
29582,-8.410173,-3.585046,4.031906,-0.030543,-0.042302,-0.002749,30.98,66.2019671755939
29592,-8.416754,-3.593421,4.043272,-0.030696,-0.03543,-0.001374,30.99,66.1639938896563
29602,-8.4012,-3.59043,4.03729,-0.030849,-0.028405,-0.001069,30.99,66.1594998655107
29612,-8.397612,-3.589234,4.05404,-0.030696,-0.020311,0.001069,31.01,66.0629105405316
29622,-8.407183,-3.592225,4.049254,-0.031001,-0.013439,0.002902,31.01,66.1111702725655
29632,-8.39821,-3.589234,4.04387,-0.030696,-0.005345,0.004887,30.98,66.117511038579
29642,-8.409575,-3.581457,4.044468,-0.031001,0.002291,0.005192,30.98,66.1315542827533
29652,-8.404191,-3.582056,4.040879,-0.030543,0.010385,0.007789,31,66.139428180451
29662,-8.412566,-3.579065,4.03729,-0.030238,0.016493,0.010079,31,66.1733972721781
29672,-8.410173,-3.577868,4.033103,-0.030238,0.023976,0.012065,30.98,66.1891770326132
29682,-8.413763,-3.57727,4.034299,-0.030849,0.030238,0.012523,30.98,66.1900086826487
29692,-8.42453,-3.577868,4.019344,-0.02978,0.036041,0.014508,30.98,66.2919000616589
29702,-8.420342,-3.581457,4.019344,-0.029322,0.040775,0.016341,30.98,66.2862515395387
29712,-8.443074,-3.562315,4.014558,-0.029474,0.045509,0.017562,30.96,66.3423579173875
29722,-8.438289,-3.569493,4.002594,-0.028558,0.05284,0.018631,30.96,66.4014439096219
29732,-8.446067,-3.565306,3.999603,-0.028405,0.055283,0.019242,30.98,66.4298368908462
29742,-8.460423,-3.574877,3.987639,-0.027947,0.056352,0.021075,31,66.5313658049966
29752,-8.468199,-3.575475,3.975675,-0.027031,0.05681,0.02138,31,66.6110003909351
29762,-8.463414,-3.57069,3.967898,-0.026878,0.05681,0.02138,30.98,66.637622673282
29772,-8.472985,-3.569493,3.970291,-0.027031,0.0562,0.022449,30.98,66.6440076559558
29782,-8.486146,-3.572484,3.956532,-0.02642,0.053909,0.021838,30.99,66.74634874466
29792,-8.472985,-3.571288,3.96072,-0.025351,0.05116,0.022297,30.99,66.6958749219193
29802,-8.482555,-3.572484,3.949354,-0.024587,0.047189,0.023213,30.97,66.7766009020237
29812,-8.497512,-3.571288,3.952943,-0.023824,0.043066,0.021991,30.97,66.7877705830308
29822,-8.489137,-3.576672,3.946961,-0.023213,0.038637,0.021838,31.01,66.8065130333805
29832,-8.483154,-3.584448,3.945167,-0.023213,0.032987,0.021686,31.01,66.8103362607362
29842,-8.489736,-3.588636,3.935595,-0.022755,0.027642,0.020617,30.97,66.8779562206751
29852,-8.493923,-3.591029,3.934398,-0.021838,0.021838,0.020311,30.97,66.8949927489993
29862,-8.499306,-3.58385,3.923631,-0.021075,0.015272,0.0197,31.02,66.9564598451714
29872,-8.510075,-3.584448,3.934398,-0.021228,0.008858,0.018173,31.02,66.9225956406127
29882,-8.507681,-3.59043,3.939782,-0.020464,0.002596,0.016493,30.96,66.8945921354346
29892,-8.502895,-3.59043,3.942175,-0.020464,-0.009621,0.012828,30.96,66.8721491636343
29902,-8.501699,-3.591029,3.940979,-0.021228,-0.01573,0.011606,30.99,66.8764806751751
29912,-8.508279,-3.585046,3.948158,-0.021686,-0.021838,0.008705,30.97,66.8471826912617
29922,-8.505887,-3.593421,3.93739,-0.021838,-0.027031,0.006109,30.97,66.9060540798227
29932,-8.497512,-3.589832,3.951149,-0.02306,-0.031765,0.00336,30.98,66.8133879676706
29942,-8.497512,-3.595216,3.959523,-0.024282,-0.035888,0.001222,30.98,66.7741722062299
29952,-8.499306,-3.602395,3.953541,-0.02474,-0.040317,-0.00168,30.98,66.8155521357304
29962,-8.496315,-3.591627,3.961318,-0.026573,-0.043524,-0.004429,30.98,66.7591299255743
29972,-8.484351,-3.584448,3.965506,-0.027031,-0.047342,-0.007483,30.98,66.7059957737674
29982,-8.488539,-3.591627,3.961318,-0.028863,-0.049786,-0.010537,30.98,66.7429900218889
29992,-8.491529,-3.581457,3.976273,-0.029932,-0.051313,-0.011759,31,66.6618456670909
30002,-8.479566,-3.591627,3.970291,-0.031918,-0.05284,-0.014355,31,66.6772478321768
30012,-8.469995,-3.586243,3.985844,-0.032223,-0.054214,-0.015577,31.01,66.5709220357498
30022,-8.459825,-3.586243,3.986442,-0.03207,-0.054367,-0.01573,31.01,66.5464841837978
30032,-8.453843,-3.600002,3.976871,-0.033445,-0.053909,-0.016341,30.97,66.5964451448646
30042,-8.455039,-3.58744,3.98405,-0.033903,-0.053451,-0.016646,30.97,66.5500709833262
30052,-8.450851,-3.588636,3.991827,-0.035277,-0.052687,-0.016799,30.97,66.5015236700623
30062,-8.42812,-3.59043,3.990032,-0.035277,-0.050855,-0.014508,30.97,66.4647441878603
30072,-8.423933,-3.579663,4.002594,-0.035583,-0.045968,-0.013592,30.98,66.3802117019457
30082,-8.427522,-3.575475,4.004987,-0.036346,-0.042761,-0.012217,31,66.3714690352058
30092,-8.425129,-3.577868,4.007978,-0.036346,-0.039859,-0.009163,31,66.352843032918
30102,-8.409575,-3.574279,4.004987,-0.03543,-0.036194,-0.006567,31,66.3323690914055
30112,-8.41436,-3.573681,4.017549,-0.035888,-0.032223,-0.004123,31,66.2759585227859
30122,-8.405388,-3.576672,4.017549,-0.036041,-0.027642,-0.001222,30.98,66.259588242429
30132,-8.411968,-3.574279,4.012764,-0.03543,-0.023366,0.001222,30.98,66.2965588623866
30142,-8.418548,-3.573082,4.01396,-0.034819,-0.018631,0.003512,31.01,66.303164920631
30152,-8.412566,-3.576073,4.014558,-0.034361,-0.013286,0.006872,31.01,66.2900204222485
30162,-8.416155,-3.586243,4.004987,-0.034056,-0.008705,0.008705,31.02,66.3571031974934
30172,-8.415558,-3.570091,4.016951,-0.033292,-0.004429,0.010996,31.02,66.2784074870697
30182,-8.417951,-3.575475,4.008576,-0.032987,0.000153,0.012065,30.95,66.3323418489082
30192,-8.42453,-3.571288,4.012764,-0.031918,0.004887,0.014355,30.95,66.3205225172111
30202,-8.444869,-3.563511,4.011567,-0.031612,0.008705,0.014355,31.01,66.3629151295159
30212,-8.438888,-3.576073,4.006782,-0.030849,0.012675,0.015882,31.01,66.3866088727787
30222,-8.440084,-3.568297,4.008576,-0.030696,0.016341,0.016341,31.01,66.3727646108385
30232,-8.456833,-3.584448,4.002594,-0.030849,0.0197,0.017257,31.01,66.4538853240432
30242,-8.457432,-3.568297,3.99721,-0.029169,0.023976,0.016035,30.98,66.4690111227135
30252,-8.458628,-3.573082,3.991827,-0.02978,0.026114,0.014508,31.02,66.504022542789
30262,-8.462815,-3.563511,3.99721,-0.02978,0.026878,0.013134,31.02,66.476095308342
30272,-8.468798,-3.578466,3.999603,-0.029169,0.027947,0.012217,31,66.4893876824927
30282,-8.466404,-3.573082,3.988835,-0.029474,0.028405,0.010843,31,66.5360507023129
30292,-8.485548,-3.571886,3.984648,-0.029169,0.029169,0.009621,30.98,66.5970476304831
30302,-8.476574,-3.5671,3.988237,-0.028405,0.028711,0.008247,30.98,66.5552280351329
30312,-8.484351,-3.579663,3.978666,-0.028711,0.027642,0.00504,30.98,66.6327533727243
30322,-8.476574,-3.582056,3.972684,-0.028558,0.027031,0.004887,30.98,66.6500106196611
30332,-8.489137,-3.581457,3.967898,-0.029322,0.02474,0.003054,31.01,66.7007786298153
30342,-8.486146,-3.591029,3.965506,-0.029932,0.02306,0.001985,31.01,66.7155184377936
30352,-8.488539,-3.575475,3.964309,-0.030391,0.021228,0.000764,30.96,66.713116173174
30362,-8.491529,-3.58744,3.964309,-0.030238,0.017868,0,30.96,66.7298324921734
30372,-8.492725,-3.591627,3.962514,-0.030696,0.014203,-0.001222,30.99,66.7454074739235
30382,-8.487342,-3.585645,3.957131,-0.030391,0.01069,-0.00168,30.99,66.7572268467358
30392,-8.486146,-3.589234,3.948158,-0.029932,0.007789,-0.002291,30.94,66.8050187912115
30402,-8.493923,-3.598207,3.938586,-0.030849,0.003207,-0.002138,30.94,66.8792595462594
30412,-8.479566,-3.603591,3.942773,-0.030696,-0.00504,-0.002749,30.97,66.8322948433549
30422,-8.475977,-3.598805,3.940979,-0.029932,-0.009927,-0.002138,30.98,66.8300842444848
30432,-8.470592,-3.596412,3.942773,-0.029016,-0.013744,-0.000611,30.98,66.8073780712437
30442,-8.479566,-3.595216,3.947559,-0.028711,-0.018173,0.000916,31.02,66.799774846046
30452,-8.474181,-3.605386,3.953541,-0.028253,-0.021838,0.00168,31.02,66.7661324523109
30462,-8.472386,-3.605386,3.954139,-0.027794,-0.025351,0.002596,31.01,66.7592650566016
30472,-8.474779,-3.60718,3.947559,-0.027489,-0.029322,0.003512,31.01,66.8003873379368
30482,-8.467602,-3.609573,3.944568,-0.027184,-0.032987,0.00336,30.99,66.8033477659768
30492,-8.462815,-3.605984,3.961318,-0.026725,-0.036041,0.005651,30.99,66.7021805625854
30502,-8.465807,-3.607778,3.96072,-0.025962,-0.038026,0.007483,30.99,66.7131382491173
30512,-8.465208,-3.611966,3.966104,-0.025962,-0.040012,0.008399,30.99,66.6873322687989
30522,-8.460423,-3.601198,3.964309,-0.025656,-0.040775,0.00901,30.99,66.6772368729475
30532,-8.448458,-3.599404,3.972086,-0.025045,-0.041692,0.009774,30.99,66.6097899537396
30542,-8.450851,-3.591029,3.981657,-0.025198,-0.043066,0.010079,30.98,66.5570525671472
30552,-8.452048,-3.6006,3.975077,-0.025045,-0.042761,0.010537,30.98,66.6026469954657
30562,-8.449057,-3.604787,3.976871,-0.02474,-0.041539,0.011912,30.98,66.5907009941941
30572,-8.453843,-3.601198,3.999005,-0.025351,-0.040317,0.012065,30.98,66.4813725861244
30582,-8.447861,-3.59043,4.00379,-0.025656,-0.03879,0.011606,31.01,66.434077547694
30592,-8.443074,-3.584448,3.99721,-0.02642,-0.034208,0.011759,30.98,66.4531730965563
30602,-8.44427,-3.586841,4.00379,-0.027336,-0.030696,0.01237,30.98,66.4233025231571
30612,-8.433504,-3.588636,4.005585,-0.027489,-0.027642,0.010996,30.98,66.3927874646186
30622,-8.427522,-3.578466,4.018147,-0.028253,-0.023671,0.010537,30.98,66.3050641643443
30632,-8.438888,-3.582654,4.012166,-0.029322,-0.020159,0.010079,30.96,66.3642579612268
30642,-8.446664,-3.567699,4.016353,-0.030391,-0.017104,0.009468,30.96,66.345352750039
30652,-8.437093,-3.572484,4.018147,-0.030085,-0.012523,0.008094,30.98,66.3199692400517
30662,-8.446664,-3.568297,4.010371,-0.031154,-0.008399,0.007178,30.98,66.3772564785804
30672,-8.440084,-3.57069,4.007978,-0.032529,-0.004429,0.005803,31.01,66.3780428421324
30682,-8.426325,-3.569493,4.013362,-0.032681,0.000305,0.007178,31.01,66.3195754882312
30692,-8.453843,-3.575475,4.012764,-0.03375,0.003512,0.005956,30.99,66.3862767686061
30702,-8.432307,-3.556333,4.016951,-0.034208,0.007178,0.007483,30.99,66.301622568355
30712,-8.42812,-3.559324,4.005585,-0.03543,0.010385,0.004734,30.99,66.3551160901166
30722,-8.441879,-3.562913,4.00738,-0.03543,0.013744,0.005956,30.99,66.3780283997449
30732,-8.444869,-3.557529,4.0008,-0.036346,0.015424,0.005651,30.96,66.4140966808065
30742,-8.450851,-3.557529,4.00379,-0.036041,0.018326,0.005192,30.96,66.4110369539583
30752,-8.463414,-3.561118,3.993023,-0.03543,0.020006,0.005498,31,66.4972039133835
30762,-8.448458,-3.563511,3.979862,-0.036499,0.022297,0.005803,30.98,66.5370022863924
30772,-8.46102,-3.544369,3.989433,-0.035888,0.023366,0.005956,30.98,66.496208883232
30782,-8.459825,-3.561118,3.981059,-0.035583,0.023518,0.007025,30.99,66.552479996683
30792,-8.475977,-3.555136,3.969095,-0.035125,0.023366,0.007483,30.99,66.6439267143623
30802,-8.474779,-3.558127,3.971487,-0.034514,0.022297,0.006567,30.99,66.631480134872
30812,-8.473583,-3.557529,3.967898,-0.033903,0.021533,0.007025,30.99,66.6473086566432
30822,-8.463414,-3.571288,3.958925,-0.03375,0.020006,0.00733,30.98,66.6853339090945
30832,-8.468798,-3.564708,3.959523,-0.032376,0.01741,0.007789,30.98,66.6876420490205
30842,-8.468798,-3.5671,3.955934,-0.031918,0.01573,0.007636,31,66.7086216132622
30852,-8.484351,-3.569493,3.958327,-0.031001,0.012675,0.007636,31,66.7305637734792
30862,-8.472985,-3.565306,3.965506,-0.030696,0.010232,0.007941,31,66.6654622556169
30872,-8.474181,-3.576073,3.957131,-0.02978,0.006261,0.007636,31,66.7214403598454
30882,-8.482555,-3.577868,3.952943,-0.029169,0.003054,0.008094,30.98,66.7624548145408
30892,-8.491529,-3.576073,3.945765,-0.029016,-0.000305,0.006872,30.98,66.8172365658296
30902,-8.489137,-3.569493,3.952345,-0.028711,-0.003512,0.006872,30.98,66.7719475401683
30912,-8.497512,-3.576672,3.956532,-0.0281,-0.006872,0.00672,30.98,66.7736316604083
30922,-8.490931,-3.585645,3.956532,-0.027947,-0.010996,0.005345,30.94,66.7678236548178
30932,-8.495717,-3.591029,3.957729,-0.027031,-0.018173,0.003207,30.94,66.7761903256704
30942,-8.507681,-3.588636,3.953541,-0.0281,-0.02138,0.002596,31.02,66.8208417359046
30952,-8.48136,-3.592823,3.966702,-0.0281,-0.024282,0.001069,30.98,66.7008684085541
30962,-8.483154,-3.592823,3.9673,-0.028558,-0.026573,-0.001069,30.98,66.7014633460513
30972,-8.488539,-3.604787,3.95055,-0.02978,-0.029169,-0.002291,31,66.8110692558329
30982,-8.481958,-3.599404,3.965506,-0.030238,-0.031765,-0.003207,31,66.7141900372317
30992,-8.487342,-3.612564,3.972086,-0.030696,-0.034667,-0.004581,31.02,66.7024928819212
31002,-8.477771,-3.608377,3.97747,-0.031307,-0.036499,-0.005498,31.02,66.6506725053263
31012,-8.484351,-3.61077,3.976871,-0.03207,-0.038026,-0.007178,31.01,66.6696210521516
31022,-8.471789,-3.602395,3.978068,-0.032987,-0.039706,-0.008705,31.01,66.6297688438418
31032,-8.46461,-3.607778,3.968496,-0.034514,-0.041081,-0.008705,31,66.6698099683339
31042,-8.464012,-3.605386,3.985844,-0.034208,-0.041386,-0.009927,31,66.5754117836457
31052,-8.465208,-3.604189,3.982255,-0.034056,-0.04215,-0.009774,31.02,66.5956671720735
31062,-8.458628,-3.611966,3.988237,-0.034972,-0.041844,-0.010232,31.02,66.557475091016
31072,-8.455637,-3.608975,3.981059,-0.035583,-0.041692,-0.010537,31.01,66.5862070732213
31082,-8.442476,-3.608377,3.993023,-0.036194,-0.040775,-0.009774,31.01,66.4953207918861
31092,-8.435897,-3.60718,3.994817,-0.036041,-0.039859,-0.008858,30.97,66.471012529105
31102,-8.439486,-3.609573,4.000201,-0.036499,-0.038179,-0.007025,30.97,66.4524531241785
31112,-8.433504,-3.611368,3.997808,-0.034819,-0.034056,-0.005651,30.93,66.4540490906594
31122,-8.435897,-3.609573,3.994817,-0.034819,-0.031612,-0.003971,30.99,66.473163504616
31132,-8.425129,-3.595216,3.993023,-0.034514,-0.028405,-0.00168,30.99,66.4470192877326
31142,-8.426923,-3.596412,4.013362,-0.034819,-0.025351,-0.001374,30.98,66.3450739056364
31152,-8.41436,-3.592225,4.004987,-0.034361,-0.021686,0.001374,30.98,66.3587039499979
31162,-8.429914,-3.604189,4.009174,-0.032681,-0.01741,0.003512,31.03,66.3803769968954
31172,-8.416155,-3.597609,4.007978,-0.032376,-0.013286,0.005956,31.03,66.3516516293196
31182,-8.422735,-3.592823,4.006183,-0.03146,-0.008247,0.007636,30.98,66.3706701148857
31192,-8.420342,-3.580261,4.006183,-0.030085,-0.004276,0.010537,30.98,66.3542914393167
31202,-8.43111,-3.578466,4.004987,-0.02978,-0.000305,0.012675,30.99,66.3817407890249
31212,-8.408977,-3.571886,4.009174,-0.028558,0.003971,0.014813,30.99,66.3069206169376
31222,-8.420342,-3.578466,4.004389,-0.028253,0.007789,0.016188,30.99,66.3621036694043
31232,-8.432307,-3.575475,4.012764,-0.027947,0.011759,0.018173,30.99,66.3407604323797
31242,-8.433504,-3.571288,4.0008,-0.027642,0.016035,0.019548,31,66.4023610966147
31252,-8.450253,-3.573681,4.006183,-0.027031,0.020159,0.020464,31,66.4116046463375
31262,-8.438888,-3.57069,4.004389,-0.026725,0.023518,0.021075,30.97,66.394354484361
31272,-8.458031,-3.558127,4.000201,-0.025809,0.025962,0.022755,30.97,66.4455530336803
31282,-8.449656,-3.564708,3.999005,-0.02642,0.030238,0.023366,30.96,66.4400155655072
31292,-8.454441,-3.561118,3.995416,-0.02642,0.032223,0.02306,31.02,66.4657533932281
31302,-8.455039,-3.552145,3.990032,-0.026725,0.033445,0.022907,31.02,66.4873338196395
31312,-8.465208,-3.552743,3.985246,-0.027336,0.03375,0.023518,30.99,66.5344012608718
31322,-8.479566,-3.561118,3.991827,-0.027642,0.034361,0.022755,30.99,66.5374060243849
31332,-8.474779,-3.563511,3.976273,-0.027642,0.03375,0.021991,30.95,66.6110811141733
31342,-8.480762,-3.559324,3.97388,-0.028405,0.032834,0.020769,30.95,66.6324820865122
31352,-8.487941,-3.556931,3.970291,-0.028711,0.031307,0.0197,31.04,66.6642277021535
31362,-8.483154,-3.556333,3.965506,-0.029169,0.030085,0.018479,31.04,66.6788318854049
31372,-8.490931,-3.57069,3.961916,-0.029627,0.0281,0.017562,31,66.7264634073298
31382,-8.496913,-3.5671,3.961318,-0.030238,0.024893,0.016493,31,66.7389097074499
31392,-8.484351,-3.57069,3.957131,-0.030238,0.02138,0.014203,30.98,66.7378953908376
31402,-8.496315,-3.568895,3.954738,-0.030849,0.017715,0.012828,30.98,66.7737725872171
31412,-8.495118,-3.57069,3.948158,-0.030696,0.013897,0.010385,31,66.80741064017
31422,-8.491529,-3.573681,3.931407,-0.030391,0.009163,0.008858,31,66.8906436443195
31432,-8.495118,-3.57069,3.939782,-0.030696,0.003818,0.006109,30.99,66.8514268104371
31442,-8.504092,-3.565904,3.942175,-0.029932,-0.000764,0.006109,30.99,66.8532788707509
31452,-8.495717,-3.575475,3.936791,-0.030696,-0.011759,0.002749,31,66.8725578560665
31462,-8.499306,-3.572484,3.942175,-0.030543,-0.016493,0.001374,31,66.8490879621065
31472,-8.496315,-3.589832,3.928416,-0.029169,-0.022144,0.001069,31,66.9303345354125
31482,-8.493923,-3.596412,3.946362,-0.029169,-0.027794,-0.001069,31,66.8368485588977
31492,-8.486743,-3.584448,3.938586,-0.028863,-0.032529,-0.002443,31,66.8523743474498
31502,-8.487342,-3.58744,3.949952,-0.029016,-0.038332,-0.002902,30.96,66.7965016030387
31512,-8.483753,-3.582654,3.952345,-0.028711,-0.042455,-0.003054,30.96,66.772283885782
31522,-8.476574,-3.586243,3.947559,-0.029016,-0.046578,-0.004887,31.03,66.7856784281698
31532,-8.478967,-3.596412,3.963113,-0.028253,-0.049938,-0.00504,31.03,66.7178908657992
31542,-8.473583,-3.596412,3.963113,-0.028253,-0.053298,-0.005651,31,66.7066911751346
31552,-8.474181,-3.58744,3.962514,-0.029016,-0.054978,-0.006414,31,66.7031643441594
31562,-8.468798,-3.597011,3.972684,-0.028863,-0.056658,-0.007789,31.02,66.647005860798
31572,-8.465208,-3.595216,3.985246,-0.02978,-0.058338,-0.007789,31.02,66.5720037883673
31582,-8.466404,-3.594618,3.980461,-0.029627,-0.05849,-0.007483,31.01,66.5990748026781
31592,-8.456235,-3.59402,3.987639,-0.030849,-0.058796,-0.007178,31.01,66.5395971868701
31602,-8.462217,-3.603591,3.993621,-0.031612,-0.057727,-0.00733,31,66.529286822508
31612,-8.453843,-3.586243,4.009174,-0.031765,-0.056658,-0.008399,31,66.4147055712084
31622,-8.449656,-3.592225,4.007978,-0.032987,-0.051313,-0.007178,30.99,66.4175061355082
31632,-8.450253,-3.592823,4.013362,-0.034667,-0.047953,-0.007789,30.98,66.3910857657773
31642,-8.437692,-3.588037,4.015156,-0.03543,-0.044135,-0.008399,30.98,66.3508832988959
31652,-8.437093,-3.586841,4.018147,-0.036346,-0.039554,-0.007636,30.97,66.3328604323291
31662,-8.43111,-3.586841,4.021737,-0.036805,-0.03543,-0.00733,30.97,66.3013774676956
31672,-8.435897,-3.591627,4.025924,-0.037415,-0.029932,-0.006261,31.01,66.2938803641952
31682,-8.42453,-3.592823,4.031906,-0.037874,-0.02474,-0.005803,31.01,66.239526703205
31692,-8.422137,-3.585046,4.027719,-0.038485,-0.019548,-0.004429,30.98,66.249363144195
31702,-8.432307,-3.585046,4.028915,-0.039401,-0.013897,-0.004123,30.98,66.26467214843
31712,-8.422735,-3.58744,4.022335,-0.038637,-0.008858,-0.002291,30.98,66.2810338714449
31722,-8.423334,-3.577868,4.022335,-0.039095,-0.003818,-0.002291,30.98,66.2736670468135
31732,-8.419147,-3.582654,4.022335,-0.038485,0.001527,-0.000305,31,66.2690984289671
31742,-8.431709,-3.589832,4.022933,-0.038637,0.007789,0.001374,31,66.2990712014585
31752,-8.419745,-3.582654,4.016951,-0.038485,0.01237,0.002291,30.98,66.298627103678
31762,-8.423334,-3.573681,4.011567,-0.037415,0.016799,0.003207,30.98,66.3264250370886
31772,-8.435897,-3.585046,4.006183,-0.036805,0.021075,0.004734,30.98,66.3914776697433
31782,-8.426325,-3.582654,4.001996,-0.036194,0.024435,0.006109,30.98,66.3910984645077
31792,-8.436494,-3.570091,3.993023,-0.035736,0.028253,0.009163,30.98,66.4484703969648
31802,-8.435298,-3.572484,3.997808,-0.034208,0.032987,0.011301,30.96,66.4229395636519
31812,-8.443673,-3.580261,3.991827,-0.033139,0.034972,0.01237,30.96,66.4789599558077
31822,-8.449057,-3.574877,3.982255,-0.032529,0.036346,0.012981,31,66.5357742529879
31832,-8.451449,-3.575475,3.97747,-0.030849,0.037721,0.014661,31,66.5664757683878
31842,-8.458031,-3.579065,3.987041,-0.030543,0.037568,0.015577,30.97,66.5332010810739
31852,-8.457432,-3.585046,3.976273,-0.029016,0.036957,0.016493,30.97,66.5937998440584
31862,-8.465208,-3.579663,3.968496,-0.028558,0.036346,0.01741,30.97,66.646155141518
31872,-8.458031,-3.577868,3.959523,-0.027336,0.035888,0.018479,30.97,66.6767507709317
31882,-8.475378,-3.57069,3.966702,-0.02642,0.033445,0.017715,31.02,66.6689115419196
31892,-8.468798,-3.580859,3.966104,-0.025656,0.032223,0.018631,31.02,66.6672766067174
31902,-8.472386,-3.585645,3.954139,-0.025809,0.029627,0.018784,30.98,66.7418531289303
31912,-8.484949,-3.58744,3.961916,-0.024435,0.026573,0.018937,30.98,66.728711848735
31922,-8.474181,-3.570091,3.956532,-0.023671,0.023824,0.017868,31.04,66.7193326167178
31932,-8.486146,-3.580261,3.939782,-0.023366,0.020311,0.017562,31.04,66.8411870300089
31942,-8.490333,-3.576073,3.945765,-0.022907,0.016646,0.016035,31.02,66.8147559311071
31952,-8.488539,-3.580261,3.954139,-0.021838,0.012065,0.015119,31.02,66.7707034301228
31962,-8.492128,-3.584448,3.956532,-0.022755,0.008094,0.014661,31,66.7692592925655
31972,-8.496315,-3.592225,3.946362,-0.023366,0.000458,0.013286,31,66.8381321277966
31982,-8.495717,-3.580261,3.949354,-0.023518,-0.003818,0.011912,30.98,66.810725362902
31992,-8.504689,-3.575475,3.945167,-0.02306,-0.007789,0.010843,31,66.8471214310287
32002,-8.498111,-3.584448,3.95055,-0.024435,-0.012217,0.009621,31,66.8130653425535
32012,-8.489137,-3.58744,3.945765,-0.024893,-0.016952,0.008552,31,66.8222185414458
32022,-8.481958,-3.591627,3.94397,-0.025809,-0.021075,0.007025,31,66.8204450697658
32032,-8.501101,-3.59402,3.940381,-0.026573,-0.025198,0.005651,30.97,66.8809958848071
32042,-8.493923,-3.58385,3.952943,-0.027031,-0.029627,0.004887,30.97,66.7912996858703
32052,-8.486146,-3.591627,3.953541,-0.026725,-0.03375,0.003665,31,66.7788448785385
32062,-8.491529,-3.584448,3.949952,-0.0281,-0.036194,0.004123,31,66.802563608255
32072,-8.482555,-3.598805,3.948756,-0.0281,-0.039859,0.001833,30.96,66.8028376344194
32082,-8.477771,-3.591627,3.961916,-0.029016,-0.042761,0.001527,30.96,66.7174686447118
32092,-8.486743,-3.591029,3.967898,-0.029627,-0.045815,0.000611,31.03,66.7042122675098
32102,-8.467003,-3.591029,3.963113,-0.02978,-0.047342,0.000764,31.03,66.6882304395777
32112,-8.465208,-3.596412,3.975675,-0.029169,-0.049327,0.000305,30.95,66.6232835563939
32122,-8.46461,-3.592823,3.967898,-0.029474,-0.050702,0.000305,30.95,66.6596895129136
32132,-8.462217,-3.591029,3.964309,-0.029627,-0.052229,0.000458,31,66.6719652739986
32142,-8.458031,-3.585046,3.984648,-0.030238,-0.052382,0.000153,31,66.5510757653818
32152,-8.456235,-3.585645,3.989433,-0.030391,-0.051771,0.000611,30.99,66.5227266062705
32162,-8.441879,-3.595814,3.98405,-0.030085,-0.050702,0.000458,30.99,66.5299338152792
32172,-8.437093,-3.597609,3.99721,-0.029627,-0.048717,0.000458,30.99,66.4523703069516
32182,-8.436494,-3.575475,4.0008,-0.029474,-0.046884,-0.000305,31.03,66.4124235610607
32192,-8.440681,-3.578466,4.013362,-0.030085,-0.044593,-0.000916,31.03,66.3580195067552
32202,-8.438289,-3.583252,4.012764,-0.02978,-0.041386,-0.000305,31.02,66.3603922593333
32212,-8.440084,-3.579663,4.010969,-0.029169,-0.038332,-0.000153,31.02,66.3703820010145
32222,-8.431709,-3.580261,4.013362,-0.029932,-0.034208,-0.000458,30.97,66.3406547878381
32232,-8.430512,-3.583252,4.022933,-0.029932,-0.031001,-0.000916,30.97,66.2906064328702
32242,-8.438289,-3.5671,4.009174,-0.029627,-0.026573,0,30.98,66.3647587458028
32252,-8.4347,-3.5671,4.023531,-0.030696,-0.021991,-0.000458,30.98,66.2818298055634
32262,-8.440681,-3.56411,4.017549,-0.03146,-0.017868,-0.001985,30.96,66.3232055203272
32272,-8.428718,-3.571288,4.021138,-0.03207,-0.012523,-0.001222,30.96,66.2854498681571
32282,-8.438289,-3.562315,4.020541,-0.032529,-0.007178,-0.000916,30.99,66.3008355713987
32292,-8.43111,-3.567699,4.018147,-0.032834,-0.001374,-0.000764,30.99,66.3029946740118
32302,-8.427522,-3.57069,4.018147,-0.032223,0.003512,-0.000305,30.95,66.298069948558
32312,-8.430512,-3.559324,4.019942,-0.033598,0.007636,-0.000764,30.95,66.2847916836351
32322,-8.438289,-3.558127,4.016353,-0.03375,0.016799,-0.000916,31,66.319058678625
32332,-8.440084,-3.566502,4.012166,-0.034056,0.021228,-0.000611,30.96,66.3523202913398
32342,-8.442476,-3.559922,4.014558,-0.034208,0.025351,-0.000916,30.96,66.3389540367194
32352,-8.445468,-3.56052,4.010969,-0.034514,0.029322,-0.000764,30.99,66.3646507864389
32362,-8.431709,-3.556333,4.006183,-0.033903,0.032376,0.000305,30.99,66.3569051028641
32372,-8.450253,-3.5671,4.009174,-0.034514,0.035125,0.000153,31,66.3900488382808
32382,-8.455039,-3.566502,3.999603,-0.034361,0.036499,0.000153,31,66.4498204200072
32392,-8.450851,-3.567699,3.982853,-0.034208,0.038179,0.000611,31.01,66.5300263972604
32402,-8.449656,-3.568297,3.989433,-0.033903,0.038485,0.001833,31.01,66.4934716815935
32412,-8.456833,-3.569493,3.976273,-0.033139,0.039554,0.003818,30.99,66.5787588352778
32422,-8.462815,-3.571886,3.972684,-0.032987,0.039401,0.004887,30.99,66.6122719143763
32432,-8.460423,-3.571886,3.968496,-0.032681,0.038485,0.003971,30.96,66.6292765707512
32442,-8.465208,-3.582654,3.961318,-0.03146,0.037263,0.005192,30.96,66.6865217134354
32452,-8.477173,-3.571288,3.949952,-0.031918,0.035125,0.006567,30.96,66.7612142660338
32462,-8.466404,-3.586243,3.947559,-0.031001,0.032529,0.00672,30.96,66.7645404380478
32472,-8.465807,-3.582056,3.952943,-0.029474,0.02978,0.008399,31.01,66.7312831586301
32482,-8.492128,-3.597609,3.947559,-0.028863,0.026878,0.008858,31.01,66.8278987610432
32492,-8.497512,-3.595216,3.944568,-0.027184,0.018173,0.009316,31.01,66.8526424957143
32502,-8.486743,-3.599404,3.94397,-0.027489,0.013134,0.009621,30.98,66.8371798334115
32512,-8.486743,-3.601796,3.943372,-0.026878,0.008705,0.010232,30.98,66.8424210709934
32522,-8.49452,-3.601198,3.946961,-0.026114,0.003971,0.010537,30.98,66.8391319072685
32532,-8.495717,-3.595216,3.934997,-0.024893,-0.001069,0.01069,30.98,66.8992059683387
32542,-8.495717,-3.586243,3.945765,-0.024587,-0.00672,0.010843,31,66.8347993628426
32552,-8.483753,-3.601796,3.934398,-0.023518,-0.010843,0.010537,31,66.8834065915409
32562,-8.487342,-3.613162,3.939782,-0.023671,-0.016493,0.009927,31,66.872501479305
32572,-8.488539,-3.611368,3.945167,-0.024129,-0.020922,0.009316,31,66.8451154664207
32582,-8.490931,-3.607778,3.951746,-0.023824,-0.025656,0.009163,31.01,66.8123708768271
32592,-8.484351,-3.604189,3.95055,-0.023671,-0.029627,0.00901,31.01,66.8018718848016
32602,-8.477771,-3.603591,3.956532,-0.024282,-0.034819,0.007636,30.97,66.7562896268139
32612,-8.487342,-3.616153,3.952943,-0.02474,-0.038026,0.006872,30.97,66.8060367535691
32622,-8.47119,-3.605984,3.961318,-0.02474,-0.040317,0.006414,31,66.7196019357651
32632,-8.483154,-3.601796,3.963113,-0.025962,-0.043524,0.005345,31,66.7313395579373
32642,-8.48136,-3.615555,3.966702,-0.026725,-0.045051,0.004429,31.01,66.7209423436867
32652,-8.469995,-3.605386,3.971487,-0.026725,-0.047189,0.004276,31.01,66.6632056218253
32662,-8.461619,-3.598207,3.976273,-0.0281,-0.049327,0.002443,31.03,66.6142419565544
32672,-8.458628,-3.6006,3.982853,-0.029474,-0.049938,0.001833,31,66.575582316078
32682,-8.453843,-3.592823,3.992425,-0.02978,-0.049175,0.001527,31,66.5084018677011
32692,-8.46102,-3.591627,3.993023,-0.030391,-0.048869,0.000764,30.97,66.5192552332765
32702,-8.448458,-3.592225,3.998407,-0.032376,-0.047495,0.000153,30.97,66.4651732137236
32712,-8.446067,-3.579663,3.999005,-0.032223,-0.045357,-0.000305,30.97,66.4457799461948
32722,-8.447262,-3.586243,4.0008,-0.03207,-0.043982,-0.000153,30.97,66.4447555325939
32732,-8.443074,-3.579663,4.00379,-0.032376,-0.041386,0.000916,31.01,66.4143591342469
32742,-8.433504,-3.580859,3.996014,-0.032529,-0.037874,0.000305,31.01,66.4360740300668
32752,-8.434101,-3.577868,4.006183,-0.032834,-0.034667,0.001985,31.02,66.3812463711568
32762,-8.434101,-3.579663,4.009174,-0.033445,-0.03207,0.001069,31.02,66.3671557893664
32772,-8.422137,-3.575475,4.0008,-0.03375,-0.0281,0.002443,30.99,66.3820786615725
32882,-8.449656,-3.561118,3.99721,-0.029932,0.016035,0.014661,31,66.4462466987709
32892,-8.446067,-3.550351,4.001398,-0.029932,0.018173,0.014661,31,66.4071037224485
32902,-8.451449,-3.545565,4.0008,-0.029016,0.020311,0.014813,30.98,66.4173732351958
32912,-8.452645,-3.563511,3.996612,-0.029627,0.021838,0.013897,30.98,66.4578150663491
32922,-8.449656,-3.562315,3.988835,-0.02978,0.023671,0.013439,30.98,66.4912991357159
32932,-8.460423,-3.558726,3.989433,-0.030085,0.024435,0.013592,30.98,66.5076395477774
32942,-8.469995,-3.561717,3.989433,-0.030391,0.025504,0.012217,31,66.530401355616
32952,-8.465208,-3.573082,3.978666,-0.030085,0.025351,0.012065,31,66.5869180167035
32962,-8.467602,-3.572484,3.985844,-0.030543,0.024893,0.010537,30.98,66.5537276002475
32972,-8.475977,-3.567699,3.97388,-0.030696,0.024893,0.01069,30.98,66.6298368575186
32982,-8.472386,-3.57069,3.979264,-0.031001,0.023976,0.009468,31,66.5966971907026
32992,-8.474779,-3.570091,3.978068,-0.032681,0.022907,0.007483,31,66.6074542635175
33002,-8.482555,-3.583252,3.972684,-0.033598,0.021075,0.007025,30.99,66.6635401538752
33012,-8.471789,-3.579065,3.959523,-0.03375,0.016493,0.002596,31.03,66.7065157379024
33022,-8.493923,-3.583252,3.965506,-0.03375,0.014355,0.002291,31.03,66.7248551347245
33032,-8.497512,-3.593421,3.959523,-0.034972,0.011148,-0.000153,30.99,66.7725984673896
33042,-8.480762,-3.589234,3.966104,-0.035583,0.00901,-0.001374,30.99,66.6995994415402
33052,-8.491529,-3.583252,3.955336,-0.036194,0.005498,-0.002596,31,66.7732463923699
33062,-8.488539,-3.597609,3.959523,-0.035888,0.002596,-0.00336,31,66.7576666944103
33072,-8.486146,-3.6006,3.963113,-0.036041,-0.001222,-0.005345,30.98,66.7364981720982
33082,-8.486743,-3.597011,3.942175,-0.037263,-0.004429,-0.00504,30.98,66.8445117645765
33092,-8.482555,-3.599404,3.949952,-0.036805,-0.007789,-0.005192,30.98,66.797081784159
33102,-8.488539,-3.602993,3.946961,-0.037263,-0.011606,-0.005345,30.98,66.8283366410218
33112,-8.480762,-3.59402,3.952943,-0.036957,-0.015424,-0.006109,31.02,66.7729157932267
33122,-8.475977,-3.608377,3.95055,-0.037263,-0.0197,-0.00672,31.02,66.7882106021134
33132,-8.477173,-3.602993,3.954139,-0.036957,-0.023518,-0.00672,30.99,66.7670884658649
33142,-8.475977,-3.607778,3.954738,-0.036805,-0.027031,-0.006261,30.99,66.7656837034767
33152,-8.467003,-3.602395,3.955336,-0.036957,-0.029627,-0.005192,31.01,66.7391483788842
33162,-8.468199,-3.604787,3.956532,-0.03711,-0.032681,-0.003665,31.01,66.7374653468602
33172,-8.459825,-3.608975,3.974478,-0.036652,-0.035583,-0.003512,31.01,66.6294943672514
33182,-8.460423,-3.608975,3.961318,-0.036041,-0.038637,-0.001222,31.01,66.6998558800178
33192,-8.465807,-3.607778,3.97388,-0.034819,-0.04047,0.000458,31,66.6440442188044
33202,-8.451449,-3.60718,3.971487,-0.03543,-0.041386,0.00168,30.99,66.6261186082408
33212,-8.455637,-3.603591,3.976273,-0.035736,-0.042761,0.002138,30.99,66.6065321089885
33222,-8.44128,-3.597609,3.97747,-0.034667,-0.04215,0.004887,31,66.5648602729109
33232,-8.447861,-3.596412,3.981059,-0.033903,-0.041844,0.00672,31,66.5587254792026
33242,-8.4347,-3.6006,3.99063,-0.034208,-0.041539,0.00672,30.96,66.4845745492476
33252,-8.450253,-3.59043,3.993621,-0.034056,-0.040623,0.008247,30.96,66.4924533366776
33262,-8.437093,-3.59043,3.987041,-0.033903,-0.03879,0.009316,30.95,66.4993490433221
33272,-8.443673,-3.586243,4.000201,-0.032987,-0.036805,0.009927,30.95,66.4403409487572
33282,-8.439486,-3.595216,4.004987,-0.033903,-0.033903,0.011148,30.98,66.4144493729004
33292,-8.443673,-3.58385,4.0008,-0.033598,-0.03146,0.011912,30.98,66.4350570795962
33302,-8.442476,-3.584448,4.009772,-0.033598,-0.028711,0.012523,31.03,66.3859990439329
33312,-8.452645,-3.584448,4.010969,-0.034056,-0.025962,0.013134,31.03,66.4011708576464
33322,-8.449057,-3.574279,4.009174,-0.034361,-0.023366,0.013897,31.04,66.3939287878882
33332,-8.425129,-3.571886,4.0008,-0.034514,-0.020006,0.014203,31.04,66.3851876496537
33342,-8.437093,-3.567699,4.008576,-0.034819,-0.016493,0.013744,31.02,66.3659031287506
33352,-8.435897,-3.571886,4.006782,-0.034819,-0.010385,0.013897,31.02,66.376538833494
33362,-8.44128,-3.576073,4.013362,-0.035736,-0.006872,0.014203,31.01,66.3571419053462
33372,-8.435897,-3.572484,4.00379,-0.035125,-0.003512,0.014813,30.98,66.3927839750523
33382,-8.445468,-3.576073,4.005585,-0.036194,-0.000764,0.013744,30.98,66.4067822794266
33392,-8.456235,-3.573082,4.004987,-0.037263,0.001833,0.014661,30.96,66.429954031072
33402,-8.450253,-3.568895,4.007978,-0.036346,0.003971,0.013744,30.96,66.397921878852
33412,-8.443074,-3.573082,3.998407,-0.036805,0.006567,0.014355,31.03,66.4367360221786
33422,-8.450253,-3.5671,3.995416,-0.036346,0.008705,0.01405,31.03,66.4622439471414
33432,-8.453843,-3.572484,3.993621,-0.036194,0.010232,0.013592,31.02,66.4840136235018
33442,-8.441879,-3.558726,3.991228,-0.036041,0.011912,0.014508,31.02,66.459139185755
33452,-8.462815,-3.562913,3.992425,-0.035583,0.012675,0.013744,30.99,66.5006711451488
33462,-8.455637,-3.570091,3.983452,-0.034667,0.013592,0.013897,30.99,66.5390575805367
33472,-8.452645,-3.568895,3.984648,-0.033903,0.014508,0.014203,31,66.5254269880733
33482,-8.450851,-3.561717,3.981657,-0.034056,0.014355,0.013897,31,66.5310069794323
33492,-8.461619,-3.562913,3.985844,-0.034361,0.014203,0.014661,30.98,66.532703174401
33502,-8.472985,-3.579663,3.975675,-0.033445,0.013897,0.014355,30.98,66.6247062957621
33512,-8.462217,-3.576073,3.963711,-0.033139,0.013744,0.014966,31.05,66.6618845293156
33522,-8.479566,-3.567699,3.9673,-0.03207,0.012981,0.015272,31.05,66.6718849412155
33532,-8.477173,-3.575475,3.978666,-0.031001,0.009163,0.014966,31.04,66.6140693611292
33542,-8.470592,-3.576672,3.96072,-0.03146,0.008552,0.014355,31,66.6956211329352
33552,-8.48136,-3.583252,3.957131,-0.031001,0.006414,0.015424,31,66.7426931961343
33562,-8.467602,-3.57727,3.970291,-0.030391,0.003512,0.014203,31.04,66.6396140243682
33572,-8.477173,-3.582654,3.970291,-0.031307,0.001527,0.014508,31.04,66.6643471811952
33582,-8.483154,-3.573082,3.959523,-0.03146,-0.001069,0.01405,31.01,66.7249347669348
33592,-8.474779,-3.571886,3.960122,-0.031307,-0.003512,0.013897,31.01,66.7032856098868
33602,-8.465807,-3.584448,3.975077,-0.032223,-0.005345,0.012828,30.98,66.6170723302247
33612,-8.481958,-3.581457,3.963711,-0.032987,-0.007941,0.011759,30.98,66.7078062115604
33622,-8.486146,-3.585046,3.964309,-0.032987,-0.01069,0.011606,30.99,66.7165380705953
33632,-8.467003,-3.586243,3.969095,-0.03375,-0.012675,0.009927,30.99,66.6525737035961
33642,-8.492128,-3.600002,3.969095,-0.034667,-0.014966,0.007941,30.99,66.7170252043661
33652,-8.478967,-3.593421,3.97388,-0.036499,-0.017257,0.007178,30.99,66.6587562319414
33662,-8.479566,-3.588037,3.963113,-0.037874,-0.020159,0.004734,30.99,66.7117561471082
33672,-8.480165,-3.582654,3.973282,-0.038332,-0.021838,0.003818,30.99,66.6548922150414
33682,-8.488539,-3.588636,3.975077,-0.04047,-0.023824,0.001985,30.96,66.6682009331857
33692,-8.478967,-3.593421,3.982853,-0.041844,-0.025198,0.001833,30.96,66.6117092019096
33702,-8.472985,-3.594618,3.975077,-0.042455,-0.028405,-0.000764,30.98,66.6410631744582
33712,-8.467602,-3.594618,3.972684,-0.043677,-0.030391,-0.002596,30.99,66.6423906816677
33722,-8.466404,-3.596412,3.976273,-0.04444,-0.031001,-0.003207,30.99,66.6226423539749
33732,-8.466404,-3.604189,3.976871,-0.045357,-0.031612,-0.004887,31.02,66.6264070696161
33742,-8.464012,-3.601198,3.981657,-0.045509,-0.032223,-0.005498,31.02,66.5936458295424
33752,-8.470592,-3.600002,3.980461,-0.045815,-0.032376,-0.005498,31,66.6125989511962
33762,-8.459227,-3.595216,3.981059,-0.045204,-0.032529,-0.005956,31,66.5814598724535
33772,-8.452048,-3.591627,3.99063,-0.045815,-0.032834,-0.00672,30.98,66.5129866874863
33782,-8.444869,-3.585046,3.982255,-0.045357,-0.031612,-0.006109,30.98,66.5360300391834
33792,-8.458031,-3.596412,3.984648,-0.045662,-0.030849,-0.006414,31.01,66.5611848084799
33802,-8.447861,-3.600002,3.987041,-0.045204,-0.030391,-0.006261,31.01,66.5305177630538
33812,-8.449057,-3.593421,3.985246,-0.044899,-0.028711,-0.004123,30.98,66.5365748610059
33822,-8.444869,-3.584448,3.997808,-0.045051,-0.027947,-0.004429,30.98,66.4538136606143
33832,-8.443074,-3.578466,3.995416,-0.043524,-0.025962,-0.002749,31,66.4572479258222
33842,-8.437093,-3.581457,3.988237,-0.043982,-0.023824,-0.002596,31,66.4850398968199
33852,-8.440681,-3.578466,3.993023,-0.042455,-0.021228,-0.000458,31.01,66.4647754700311
33862,-8.439486,-3.584448,3.999005,-0.041539,-0.019395,0.001069,31.01,66.4361909277342
33872,-8.434101,-3.589832,3.999603,-0.040928,-0.014508,0.00504,30.96,66.4265254889688
33882,-8.430512,-3.58385,3.995416,-0.03879,-0.012981,0.006414,31.01,66.4355856277221
33892,-8.429914,-3.580261,3.998407,-0.03879,-0.010537,0.006414,31.01,66.4153886831106
33902,-8.432307,-3.580261,3.996014,-0.038485,-0.007789,0.008858,31.01,66.4330133307211
33912,-8.439486,-3.576073,3.99721,-0.038026,-0.005345,0.010079,31.01,66.4381263190235
33922,-8.452048,-3.58385,3.998407,-0.03711,-0.003512,0.011301,30.98,66.4652445400806
33932,-8.442476,-3.571288,3.994817,-0.036805,-0.001527,0.012523,30.98,66.452728495022
33942,-8.44128,-3.567699,3.995416,-0.036346,0.002291,0.014813,30.98,66.4438590075957
33952,-8.447262,-3.579663,3.994817,-0.035583,0.003054,0.01573,30.98,66.470279622225
33962,-8.449656,-3.569493,3.990032,-0.035583,0.00504,0.016493,31.05,66.4913885265009
33972,-8.456235,-3.572484,3.994219,-0.035736,0.006872,0.018479,31.05,66.4859070018552
33982,-8.459227,-3.57727,3.991228,-0.035277,0.008247,0.018937,30.98,66.512143133449
33992,-8.461619,-3.573082,3.985246,-0.034972,0.00901,0.019242,30.98,66.5448459857092
34002,-8.459825,-3.574877,3.987639,-0.035125,0.009621,0.019548,31,66.5301104683909
34012,-8.463414,-3.578466,3.976273,-0.03543,0.010079,0.019395,31,66.6004910337324
34022,-8.462815,-3.573681,3.976273,-0.035125,0.010996,0.0197,31.04,66.5950031398747
34032,-8.469995,-3.580859,3.979862,-0.034667,0.010232,0.019853,31.04,66.5975377485755
34042,-8.466404,-3.580859,3.978666,-0.034972,0.010537,0.020006,31.01,66.5963018470211
34052,-8.477173,-3.58744,3.972684,-0.035583,0.007941,0.018937,30.99,66.6560101715171
34062,-8.47119,-3.593421,3.966702,-0.035277,0.006872,0.018021,30.99,66.6802197137376
34072,-8.480165,-3.582654,3.965506,-0.034667,0.005803,0.01741,30.98,66.6957014830919
34082,-8.478369,-3.588037,3.960122,-0.035125,0.003971,0.017868,30.98,66.7249710107469
34092,-8.483154,-3.58385,3.966104,-0.034972,0.00168,0.016952,31.03,66.6998397033015
34102,-8.479566,-3.586841,3.964907,-0.034667,-0.001527,0.016341,31.03,66.7012846971032
34112,-8.480165,-3.592225,3.964309,-0.034972,-0.003512,0.015577,30.98,66.7104135534017
34122,-8.474181,-3.591029,3.96072,-0.034514,-0.005345,0.015272,30.98,66.7157521871934
34132,-8.480165,-3.588037,3.958925,-0.034819,-0.008247,0.014203,31,66.7349928458943
34142,-8.472985,-3.598207,3.96072,-0.034667,-0.011454,0.014355,31,66.71959921665
34152,-8.475378,-3.591029,3.962514,-0.034667,-0.014203,0.013286,30.98,66.7088215293747
34162,-8.480165,-3.585046,3.958925,-0.034514,-0.01741,0.012981,30.98,66.732361933301
34172,-8.490931,-3.591627,3.963711,-0.034361,-0.020311,0.012065,30.98,66.7354039187766
34183,-8.468798,-3.597011,3.969095,-0.034972,-0.023518,0.011148,30.98,66.6658459205628
34192,-8.472985,-3.588636,3.9673,-0.03543,-0.025045,0.010079,30.97,66.6765937501984
34202,-8.467602,-3.593421,3.964907,-0.035277,-0.027947,0.010537,30.97,66.6821692914962
34212,-8.472985,-3.602993,3.972684,-0.034819,-0.029627,0.011148,30.97,66.6610327676408
34222,-8.468798,-3.595814,3.970889,-0.036346,-0.034819,0.008247,30.98,66.6553678207402
34232,-8.474181,-3.594618,3.964907,-0.036957,-0.03543,0.008247,30.98,66.6969318243373
34242,-8.470592,-3.581457,3.976273,-0.037263,-0.036346,0.007483,30.99,66.6181509056346
34252,-8.472985,-3.582654,3.987041,-0.038332,-0.036194,0.006109,30.99,66.5677246993002
34262,-8.468199,-3.585046,3.978068,-0.039401,-0.036957,0.006109,31.01,66.6069012590325
34272,-8.458628,-3.586243,3.979264,-0.039248,-0.036499,0.006414,31.01,66.5816573038596
34282,-8.458031,-3.583252,3.989433,-0.039554,-0.03543,0.004887,30.99,66.5243671467732
34292,-8.467602,-3.583252,3.991228,-0.040012,-0.034819,0.005345,30.99,66.5350250372966
34302,-8.457432,-3.582056,3.99063,-0.041386,-0.033598,0.004123,30.98,66.5157651031878
34312,-8.459227,-3.581457,3.996612,-0.042608,-0.031918,0.003207,30.98,66.4876207429088
34322,-8.456235,-3.567699,3.997808,-0.043066,-0.029627,0.002749,30.99,66.4628219720076
34332,-8.453843,-3.5671,3.99721,-0.043371,-0.027489,0.002902,30.99,66.4603898658332
34342,-8.440681,-3.567699,3.994817,-0.043982,-0.025504,0.001985,30.98,66.4457422872902
34352,-8.44128,-3.563511,4.005585,-0.044288,-0.022449,0.001833,30.98,66.3867182316147
34362,-8.440084,-3.571886,3.999603,-0.045051,-0.019853,0.00168,30.98,66.4230795558414
34372,-8.442476,-3.576672,3.99721,-0.04612,-0.016952,0.002138,30.98,66.4449654580817
34382,-8.454441,-3.559324,4.005585,-0.045662,-0.014661,0.001985,30.96,66.4107952168599
34392,-8.440084,-3.571886,4.001996,-0.046426,-0.008399,0.00168,30.96,66.4105137942344
34402,-8.435298,-3.575475,4.001398,-0.046731,-0.005498,0.003054,31.01,66.4067574541213
34412,-8.438888,-3.567699,4.006782,-0.046731,-0.002596,0.004123,31,66.3791175411689
34422,-8.442476,-3.571288,4.0008,-0.04612,-0.000153,0.004581,31,66.4213085422483
34432,-8.452048,-3.573082,3.996014,-0.044899,0.002443,0.005192,31,66.4682074504381
34442,-8.449656,-3.565306,3.991827,-0.045357,0.004429,0.005498,31,66.4782384235291
34452,-8.459227,-3.566502,3.996612,-0.043982,0.006261,0.006414,30.96,66.4743334825794
34462,-8.452048,-3.572484,3.986442,-0.043677,0.007636,0.007178,30.96,66.5179347507929
34472,-8.441879,-3.57069,3.991228,-0.043677,0.00901,0.006567,31,66.4697925094829
34482,-8.449656,-3.567699,3.99063,-0.042761,0.010079,0.007636,31,66.4866526198101
34492,-8.453244,-3.571288,3.98405,-0.042455,0.010385,0.008858,31.03,66.5319513199936
34502,-8.455039,-3.573681,3.978068,-0.041844,0.010385,0.009927,31.03,66.5692729625572
34512,-8.460423,-3.579065,3.975077,-0.040928,0.010843,0.010537,30.98,66.6010421233696
34522,-8.452645,-3.580859,3.970291,-0.040164,0.010537,0.010996,30.98,66.611500633778
34532,-8.457432,-3.594618,3.969693,-0.039401,0.010079,0.01069,30.97,66.6368657718588
34542,-8.459825,-3.573082,3.979862,-0.039248,0.010232,0.011454,30.97,66.5693547091507
34552,-8.46102,-3.578466,3.961916,-0.038179,0.008247,0.012523,31.01,66.6709360966606
34562,-8.462815,-3.580261,3.968496,-0.038026,0.006872,0.013134,31.01,66.6416826388855
34572,-8.474779,-3.592225,3.963113,-0.038179,0.004276,0.013286,31.01,66.7054841820215
34582,-8.472985,-3.593421,3.966702,-0.03711,0.002749,0.01405,31.02,66.6839595937809
34592,-8.479566,-3.582654,3.963113,-0.036957,0.000458,0.014203,31.02,66.7070179376116
34602,-8.465807,-3.580859,3.969095,-0.036957,-0.00168,0.01405,31,66.6453164531742
34612,-8.466404,-3.584448,3.964907,-0.036805,-0.004276,0.013439,31,66.671738770516
34622,-8.472386,-3.594618,3.966702,-0.036957,-0.007025,0.012675,31.04,66.6837695133115
34632,-8.488539,-3.596412,3.963113,-0.036805,-0.008247,0.012828,31.04,66.7377799274559
34642,-8.477173,-3.595814,3.962514,-0.037263,-0.010996,0.01237,30.98,66.7167770795893
34652,-8.483753,-3.595216,3.9673,-0.037874,-0.014203,0.011606,30.98,66.7048179714844
34662,-8.48136,-3.594618,3.963113,-0.037874,-0.016035,0.011759,31,66.7212848256866
34672,-8.479566,-3.6006,3.968496,-0.038332,-0.018784,0.011301,31,66.6945857055337
34682,-8.475378,-3.591627,3.965506,-0.038637,-0.021075,0.010843,30.96,66.6936388801263
34692,-8.466404,-3.601198,3.962514,-0.037874,-0.022907,0.009927,30.96,66.699126959236
34702,-8.470592,-3.598207,3.966104,-0.039248,-0.025198,0.009774,30.98,66.686346118285
34712,-8.478369,-3.602395,3.963711,-0.039401,-0.026725,0.009163,30.98,66.7187891659131
34722,-8.469396,-3.60718,3.974478,-0.039706,-0.028711,0.007941,31,66.6478559867018
34732,-8.475378,-3.602993,3.971487,-0.039706,-0.030543,0.008247,31,66.6722957164715
34742,-8.475977,-3.598207,3.970291,-0.040012,-0.032987,0.007483,30.98,66.6755841789596
34752,-8.468199,-3.597609,3.970889,-0.040317,-0.034514,0.007636,30.99,66.6557084969096
34762,-8.449057,-3.6006,3.972086,-0.040775,-0.034972,0.008705,30.99,66.6121082941713
34772,-8.456833,-3.597011,3.970291,-0.040928,-0.036346,0.007941,30.98,66.6345978735192
34782,-8.446067,-3.59402,3.986442,-0.041081,-0.036194,0.008552,30.98,66.5245557832815
34792,-8.455637,-3.594618,3.973282,-0.041692,-0.035583,0.008094,30.98,66.6142581822592
34802,-8.457432,-3.593421,3.982853,-0.041692,-0.036346,0.008705,30.98,66.5666895357031
34812,-8.444869,-3.592225,3.986442,-0.040928,-0.035888,0.009774,31,66.5204380888001
34822,-8.458031,-3.595216,3.99063,-0.040928,-0.035125,0.009927,31,66.5287352189451
34832,-8.443673,-3.586243,3.993621,-0.040623,-0.034208,0.010385,30.99,66.4748807549703
34842,-8.44128,-3.585046,3.993621,-0.041844,-0.033292,0.010996,30.99,66.4687751255098
34852,-8.444869,-3.576073,3.993023,-0.041692,-0.032223,0.010843,31,66.4714603380563
34862,-8.44128,-3.576073,3.994817,-0.041539,-0.030543,0.011301,31,66.4544772411256
34872,-8.450253,-3.592823,3.998407,-0.041997,-0.028558,0.012675,31.03,66.4694813117566
34882,-8.449656,-3.577868,3.994219,-0.041233,-0.026878,0.01237,31.03,66.4768568343867
34892,-8.453843,-3.583252,4.003192,-0.040775,-0.024282,0.013134,30.99,66.4433923021484
34902,-8.446664,-3.576073,3.995416,-0.040928,-0.021838,0.014508,30.99,66.4626743831533
34912,-8.442476,-3.567699,4.0008,-0.040775,-0.016952,0.013439,31,66.4181054717864
34922,-8.442476,-3.566502,3.999005,-0.040775,-0.014508,0.01405,31.04,66.426463848017
34932,-8.440681,-3.565306,4.004389,-0.041386,-0.012065,0.013439,31.04,66.3933334485494
34942,-8.435897,-3.559324,4.005585,-0.040928,-0.008705,0.013744,30.99,66.3715905017589
34952,-8.438888,-3.565904,4.007978,-0.041539,-0.006567,0.013439,30.99,66.3712345577648
34962,-8.437692,-3.5671,4.006782,-0.042302,-0.003818,0.013744,30.99,66.3760526590171
34972,-8.452048,-3.554538,4.009772,-0.041844,-0.001069,0.013134,30.99,66.379520276295
34982,-8.449057,-3.558127,4.0008,-0.04215,0.001222,0.012217,30.98,66.4234746503389
34992,-8.452048,-3.56052,4.001398,-0.042302,0.003512,0.011454,30.98,66.4287766961762
35002,-8.456235,-3.555136,4.0008,-0.042608,0.006414,0.011912,30.97,66.4359688113484
35012,-8.440084,-3.568297,3.996612,-0.043219,0.009316,0.012217,30.97,66.4355856570705
35022,-8.452645,-3.559324,3.997808,-0.043066,0.010385,0.011148,30.97,66.4478172456806
35032,-8.46102,-3.57069,3.99721,-0.043371,0.012217,0.010996,30.97,66.4786858784933
35042,-8.443074,-3.5671,3.98405,-0.043371,0.014355,0.011454,30.96,66.5068418102337
35052,-8.460423,-3.566502,3.999603,-0.043524,0.014966,0.009774,30.96,66.461160630259
35062,-8.447861,-3.564708,3.985844,-0.043066,0.015577,0.00901,30.98,66.5053621904186
35072,-8.447861,-3.568297,3.980461,-0.043982,0.016493,0.009163,30.98,66.5368450177224
35082,-8.462815,-3.561717,3.973282,-0.043066,0.016188,0.009316,30.95,66.6001502165856
35092,-8.466404,-3.573681,3.976273,-0.043066,0.015272,0.009316,31.01,66.6025185032717
35102,-8.452645,-3.573082,3.966702,-0.042608,0.013592,0.010232,31.01,66.6234840935695
35112,-8.46102,-3.574877,3.961318,-0.04215,0.012523,0.010079,30.99,66.6709115474012
35122,-8.465807,-3.579663,3.955336,-0.041997,0.010996,0.010232,30.99,66.7165869023186
35132,-8.467003,-3.579065,3.975077,-0.041844,0.00901,0.010996,30.98,66.6148112336894
35142,-8.479566,-3.580859,3.96072,-0.041539,0.007025,0.011301,30.98,66.7180061901811
35152,-8.48136,-3.588636,3.95055,-0.041539,0.003818,0.010537,31.02,66.781996862406
35162,-8.463414,-3.597609,3.955934,-0.041692,0.001374,0.010843,31.02,66.7243057836605
35172,-8.480165,-3.591627,3.951149,-0.041386,-0.001374,0.010843,31,66.7789971978594
35182,-8.484351,-3.601796,3.948756,-0.041692,-0.005192,0.010996,31,66.8091885113532
35192,-8.482555,-3.596412,3.954738,-0.041692,-0.007941,0.010079,31,66.7693138685968
35202,-8.471789,-3.591029,3.95055,-0.04215,-0.011606,0.01069,31,66.7642219209805
35212,-8.477173,-3.601198,3.947559,-0.041233,-0.015119,0.010996,31.01,66.8000770584986
35222,-8.475977,-3.588037,3.956532,-0.041692,-0.018937,0.010079,31.01,66.7388533710193
35232,-8.490333,-3.600002,3.960122,-0.041844,-0.022755,0.010537,30.96,66.7603497348378
35242,-8.477173,-3.600002,3.952345,-0.041233,-0.025656,0.010537,30.96,66.7738754316165
35252,-8.473583,-3.601796,3.963711,-0.04215,-0.029627,0.008705,30.99,66.7083091261081
35262,-8.484949,-3.605984,3.9673,-0.041997,-0.034972,0.00901,30.99,66.7168001397014
35272,-8.479566,-3.600002,3.970291,-0.043524,-0.036957,0.00733,30.99,66.6846415603427
35282,-8.474779,-3.60718,3.969693,-0.043524,-0.039401,0.006872,30.95,66.6841671309598
35292,-8.469995,-3.611966,3.966104,-0.043982,-0.041081,0.006872,30.95,66.6972905588543
35302,-8.466404,-3.596412,3.967898,-0.044288,-0.042761,0.006261,30.94,66.6666098221581
35312,-8.458031,-3.593421,3.97388,-0.045051,-0.043982,0.005651,30.94,66.6150583238838
35322,-8.468798,-3.593421,3.970889,-0.044593,-0.045204,0.004581,30.95,66.6532492777424
35332,-8.47119,-3.598805,3.978068,-0.045357,-0.045815,0.004429,30.95,66.6253362726595
35342,-8.459825,-3.598805,3.981657,-0.045662,-0.04612,0.004276,31.02,66.5827645840066
35352,-8.468199,-3.595216,3.978666,-0.045662,-0.045357,0.004123,31.02,66.6127732301084
35362,-8.467003,-3.597011,3.999603,-0.045815,-0.044593,0.002902,30.95,66.502106236882
35372,-8.456833,-3.588037,3.989433,-0.046884,-0.043371,0.003207,30.95,66.5261100083902
35382,-8.457432,-3.580261,3.988237,-0.046426,-0.04215,0.002443,30.99,66.526728445419
35392,-8.445468,-3.582056,3.991228,-0.046426,-0.041081,0.003207,30.99,66.4874842651585
35402,-8.446664,-3.58385,4.0008,-0.046426,-0.038637,0.004123,31,66.4413577349569
35412,-8.441879,-3.588037,3.993621,-0.046426,-0.036805,0.003818,31,66.4727099802395
35422,-8.445468,-3.583252,4.005585,-0.045509,-0.033292,0.004734,31,66.4132001720384
35432,-8.438289,-3.577868,4.008576,-0.045968,-0.027794,0.004734,31,66.3775360884998
35442,-8.437692,-3.573082,3.999005,-0.045509,-0.02474,0.00672,30.98,66.4222400765087
35452,-8.437692,-3.580261,4.005585,-0.045204,-0.021686,0.006567,30.99,66.3941160095824
35462,-8.446067,-3.574877,4.004389,-0.044593,-0.018021,0.007789,30.99,66.4132528844939
35472,-8.434101,-3.573082,4.012166,-0.043524,-0.014661,0.009468,31,66.3455495083595
35482,-8.425727,-3.571288,4.001398,-0.04383,-0.011148,0.009927,31,66.3827733553202
35492,-8.432307,-3.572484,4.008576,-0.043677,-0.007178,0.011606,30.96,66.3600616041052
35502,-8.438888,-3.573681,4.009174,-0.04215,-0.004581,0.013286,30.96,66.371914274289
35512,-8.430512,-3.57069,4.008576,-0.041692,-0.001833,0.014355,30.94,66.3546536619326
35522,-8.427522,-3.567699,4.008576,-0.04047,0.001222,0.01573,30.94,66.3456383811044
35532,-8.436494,-3.557529,3.998407,-0.040928,0.004429,0.016493,30.97,66.4089647457809
35542,-8.433504,-3.565904,3.996612,-0.040623,0.006414,0.016952,30.97,66.4195539171753
35552,-8.442476,-3.5671,4.001398,-0.039554,0.009468,0.018631,30.98,66.4144310958002
35562,-8.449656,-3.561717,3.994219,-0.039554,0.011454,0.020617,30.98,66.462485819083
35572,-8.443673,-3.554538,3.99721,-0.040317,0.013439,0.020922,31.01,66.4277656243005
35582,-8.442476,-3.570091,3.993621,-0.039401,0.015424,0.021991,31.01,66.4579439442606
35592,-8.454441,-3.57727,3.980461,-0.038332,0.015882,0.02306,31,66.5586290046375
35602,-8.467003,-3.573082,3.981657,-0.038485,0.017257,0.023976,31,66.5749754626413
35612,-8.459227,-3.574279,3.981059,-0.038943,0.018326,0.023824,31,66.5628740644877
35622,-8.460423,-3.568297,3.982853,-0.038637,0.017257,0.023366,31,66.5506630809836
35632,-8.473583,-3.568297,3.972684,-0.039095,0.017104,0.023824,31,66.6316371210205
35642,-8.468199,-3.580859,3.978666,-0.03879,0.015882,0.02306,31,66.6000575302783
35652,-8.469396,-3.577868,3.985246,-0.039706,0.015119,0.022907,31,66.5653885262521
35662,-8.48136,-3.577868,3.975077,-0.039401,0.013592,0.022449,30.99,66.6437527455963
35672,-8.479566,-3.579065,3.970291,-0.038943,0.012065,0.021533,30.99,66.6661767948468
35682,-8.478967,-3.585645,3.968496,-0.039706,0.009468,0.020311,30.98,66.6801447217592
35692,-8.472985,-3.57727,3.970291,-0.040164,0.00733,0.018937,30.98,66.650860152239
35702,-8.486743,-3.579065,3.960122,-0.039859,0.004734,0.018326,30.99,66.7345058525587
35712,-8.483753,-3.58744,3.961916,-0.040164,0.001527,0.017257,30.99,66.7262249589676
35722,-8.486743,-3.589832,3.954738,-0.040775,-0.001374,0.015272,31.02,66.772222350225
35732,-8.484949,-3.594618,3.960122,-0.041233,-0.004123,0.014355,31.02,66.7444404712573
35742,-8.481958,-3.59402,3.963113,-0.041539,-0.006872,0.012981,31,66.7220012082816
35752,-8.489137,-3.58385,3.956532,-0.04215,-0.01069,0.010537,31,66.7625252723955
35762,-8.502895,-3.589234,3.969693,-0.042913,-0.014203,0.009774,30.99,66.7267889535442
35772,-8.483154,-3.585046,3.955336,-0.042913,-0.017257,0.006109,30.99,66.7574265601371
35782,-8.499306,-3.586243,3.955336,-0.043982,-0.023824,0.004276,30.98,66.7919946288635
35792,-8.478967,-3.585645,3.963113,-0.044593,-0.02642,0.003971,30.96,66.7084031536472
35802,-8.475378,-3.599404,3.954738,-0.044288,-0.029169,0.003054,30.96,66.757050366311
35812,-8.472985,-3.595814,3.954738,-0.04444,-0.032223,0.000916,31.05,66.7489125050217
35822,-8.475977,-3.597011,3.964907,-0.045051,-0.03543,0.000305,31.05,66.7027831161254
35832,-8.474181,-3.592225,3.959523,-0.045815,-0.037263,0,31.01,66.7230945243518
35842,-8.474181,-3.59402,3.961318,-0.046426,-0.039706,-0.001069,31.01,66.7152500611667
35852,-8.474181,-3.589832,3.964907,-0.04612,-0.041081,-0.001069,31.01,66.6927069012519
35862,-8.47119,-3.588037,3.975675,-0.046578,-0.042302,-0.001222,31.01,66.6283565335943
35872,-8.474181,-3.589234,3.968496,-0.047189,-0.043677,-0.000611,30.96,66.6733356404611
35882,-8.465208,-3.578466,3.976273,-0.047189,-0.044288,0.000458,30.96,66.604245794373
35892,-8.453843,-3.591029,3.972086,-0.047189,-0.04444,0.000305,31,66.6136012197246
35902,-8.456833,-3.573681,3.981059,-0.047647,-0.044288,0.001222,31,66.5573220155054
35912,-8.446664,-3.586841,3.98405,-0.047189,-0.043677,0.001833,31,66.5319673490504
35922,-8.452048,-3.58385,3.999005,-0.046426,-0.043219,0.003054,31,66.4621075390698
35932,-8.441879,-3.59043,3.985844,-0.046426,-0.041844,0.004276,30.97,66.5156969018535
35942,-8.445468,-3.575475,3.996014,-0.046426,-0.040317,0.00504,30.97,66.4564821228122
35952,-8.442476,-3.579663,4.004389,-0.046578,-0.036957,0.005498,30.99,66.409954397255
35962,-8.44128,-3.577868,3.99063,-0.046578,-0.034208,0.006567,30.97,66.4780748285959
35972,-8.450253,-3.575475,3.993621,-0.045357,-0.031154,0.007941,30.97,66.4791209623339
35982,-8.436494,-3.566502,4.010371,-0.045815,-0.029016,0.008552,31,66.3541418664219
35992,-8.43111,-3.580261,4.00379,-0.045357,-0.026114,0.008858,31,66.3896374826276
36002,-8.447262,-3.580859,4.00379,-0.045815,-0.022907,0.009927,31.02,66.4242584837359
36012,-8.443673,-3.582056,4.005585,-0.045357,-0.019242,0.010079,31.02,66.4083450153403
36022,-8.44427,-3.579663,4.014558,-0.045509,-0.016341,0.010232,30.99,66.3604050246707
36032,-8.435897,-3.570091,4.004389,-0.045204,-0.013897,0.010996,30.99,66.3874971724965
36042,-8.442476,-3.580859,4.01396,-0.045509,-0.010843,0.011301,31.03,66.3608214535828
36052,-8.449057,-3.57727,4.007978,-0.044899,-0.007178,0.011759,31.03,66.4028715440152
36062,-8.445468,-3.585645,4.006782,-0.044746,-0.003818,0.011759,31.01,66.4090631687451
36072,-8.440681,-3.575475,4.006183,-0.044746,-0.001069,0.011606,31.01,66.3930045988605
36082,-8.446067,-3.579065,4.004389,-0.04444,0.001985,0.012523,30.98,66.4169938493708
36092,-8.441879,-3.571288,3.993621,-0.043982,0.002749,0.01237,30.98,66.4577527021664
36102,-8.44128,-3.578466,3.996014,-0.043982,0.005498,0.013134,30.99,66.4503276858699
36112,-8.450851,-3.576073,3.994817,-0.044288,0.007636,0.013286,30.99,66.4746335373226
36122,-8.447262,-3.588636,3.983452,-0.043524,0.010232,0.013744,30.98,66.5379641984427
36132,-8.456235,-3.584448,3.983452,-0.043219,0.012065,0.015882,31,66.5530579711068
36142,-8.451449,-3.574279,3.98405,-0.043219,0.013134,0.015577,31,66.5308363464691
36152,-8.455039,-3.574877,3.989433,-0.043066,0.012981,0.016188,30.99,66.5106403412968
36162,-8.457432,-3.579663,3.982853,-0.041997,0.012523,0.016952,30.99,66.5544632493976
36172,-8.461619,-3.582654,3.972684,-0.041233,0.013134,0.01741,31.01,66.6192947081184
36184,-8.467602,-3.58385,3.972684,-0.041233,0.01237,0.018631,31.01,66.6328601014432
36192,-8.458031,-3.597609,3.971487,-0.041386,0.011759,0.018479,31.03,66.6313482771286
36202,-8.458031,-3.588037,3.966104,-0.040623,0.010079,0.018937,31.03,66.6511416131227
36212,-8.472386,-3.58385,3.967898,-0.039401,0.00901,0.019395,30.97,66.6679801071673
36222,-8.469396,-3.591627,3.961916,-0.039248,0.007636,0.020617,30.97,66.7000341760044
36232,-8.479566,-3.580261,3.957131,-0.03879,0.006109,0.020922,30.98,66.7363335620826
36242,-8.47119,-3.58744,3.9673,-0.038943,0.003207,0.020617,30.98,66.6717950951423
36252,-8.476574,-3.58744,3.966702,-0.038943,0.001985,0.021686,30.96,66.6861577198667
36262,-8.468199,-3.592225,3.960122,-0.038943,-0.000153,0.02138,30.96,66.7074954507091
36272,-8.488539,-3.59043,3.955934,-0.039095,-0.003054,0.02138,31.01,66.7701954168562
36282,-8.474181,-3.586841,3.958925,-0.039859,-0.005803,0.021228,31.01,66.7214900442663
36292,-8.477771,-3.593421,3.954139,-0.04047,-0.008094,0.019548,31.01,66.7598951214317
36302,-8.480762,-3.58385,3.964907,-0.04047,-0.013439,0.018937,31,66.7011419168757
36312,-8.489736,-3.596412,3.961318,-0.041081,-0.016035,0.017562,31,66.7496808013052
36322,-8.475977,-3.585046,3.973282,-0.040928,-0.019242,0.016799,30.98,66.6482644723003
36332,-8.487941,-3.602395,3.970889,-0.042455,-0.021228,0.01573,30.98,66.7010331276252
36342,-8.478967,-3.591627,3.966104,-0.042913,-0.023213,0.015119,30.98,66.6979721102116
36352,-8.477771,-3.59043,3.969095,-0.042913,-0.026573,0.013134,30.98,66.6787283459796
36362,-8.472985,-3.579663,3.97388,-0.043982,-0.0281,0.012065,31.01,66.6341280960484
36372,-8.470592,-3.591029,3.970889,-0.044288,-0.02978,0.010843,31.01,66.6548753251925
36382,-8.478369,-3.595814,3.970889,-0.045051,-0.031918,0.008858,31.03,66.67531349436
36392,-8.477771,-3.595216,3.972684,-0.045509,-0.033445,0.008094,31.03,66.6641232253727
36402,-8.474779,-3.585645,3.972086,-0.04612,-0.034667,0.00733,30.99,66.6525701944184
36412,-8.463414,-3.584448,3.976273,-0.046731,-0.035888,0.005651,30.99,66.6057880498532
36422,-8.472386,-3.584448,3.988237,-0.047189,-0.036805,0.004429,31.01,66.5617884180986
36432,-8.470592,-3.582654,3.970889,-0.048564,-0.037721,0.00504,31.01,66.6474739190884
36442,-8.455637,-3.580261,3.985246,-0.047647,-0.037568,0.003971,30.99,66.538663210918
36452,-8.472985,-3.582654,3.983452,-0.047495,-0.037415,0.004429,30.99,66.5865457988988
36462,-8.456833,-3.57727,3.982255,-0.047647,-0.037415,0.002902,30.98,66.5542234812181
36472,-8.455637,-3.574877,3.988835,-0.0478,-0.036957,0.003512,31.02,66.5150364103812
36482,-8.449057,-3.580859,3.99063,-0.048106,-0.035277,0.00336,31.02,66.4971045616509
36492,-8.453843,-3.56411,3.988237,-0.047953,-0.033903,0.002596,31.02,66.5048472031087
36502,-8.453244,-3.561717,3.981657,-0.048411,-0.032987,0.003818,31.02,66.536038924042
36512,-8.445468,-3.57727,3.996612,-0.047342,-0.031154,0.003512,31,66.4549437288775
36522,-8.442476,-3.579065,3.984648,-0.046884,-0.029169,0.003665,31,66.5130940148341
36532,-8.447861,-3.571288,3.988835,-0.047342,-0.027642,0.004429,31.02,66.4954950352538
36542,-8.442476,-3.572484,3.994817,-0.047037,-0.025809,0.004276,31.02,66.4537952253933
36552,-8.435897,-3.564708,4.003192,-0.046884,-0.022755,0.005345,30.99,66.3889703384026
36562,-8.44427,-3.567699,3.995416,-0.04612,-0.019548,0.006567,30.99,66.450165657954
36572,-8.439486,-3.569493,4.001996,-0.045509,-0.018021,0.007483,31,66.4071128266809
36582,-8.447861,-3.571288,4.002594,-0.045968,-0.015119,0.007789,31,66.4232536386936
36592,-8.443673,-3.574877,4.001996,-0.046426,-0.012217,0.007483,30.97,66.4207605547651
36602,-8.448458,-3.573082,4.009174,-0.045509,-0.009621,0.008705,30.97,66.3915956545335
36612,-8.442476,-3.572484,3.999603,-0.04444,-0.007025,0.009316,31.01,66.4286610306087
36622,-8.440681,-3.567699,4.003192,-0.044899,-0.004734,0.010996,31.01,66.4017549030713
36632,-8.449656,-3.571886,3.997808,-0.04383,-0.002138,0.011912,30.99,66.4526887066959
36642,-8.446664,-3.585046,3.993621,-0.043524,0.002138,0.012981,30.99,66.4801033599181
36652,-8.454441,-3.576073,3.998407,-0.043219,0.004123,0.014661,31.01,66.4633496910495
36662,-8.449057,-3.576672,3.986442,-0.042761,0.006109,0.015424,30.99,66.5153715287387
36672,-8.46102,-3.569493,3.990032,-0.042302,0.006872,0.016035,30.99,66.515285756968
36682,-8.455637,-3.574279,3.986442,-0.043066,0.007789,0.014508,30.97,66.5270699606476
36692,-8.444869,-3.591029,3.996014,-0.042455,0.00901,0.01573,30.97,66.4691129642159
36702,-8.459825,-3.586243,3.988237,-0.042761,0.009316,0.015882,30.98,66.5370650726504
36712,-8.457432,-3.585046,3.981059,-0.042913,0.009468,0.01573,30.98,66.5686634074951
36722,-8.460423,-3.595814,3.972086,-0.042761,0.00901,0.014966,30.96,66.6316039153226
36732,-8.468798,-3.589234,3.976273,-0.042455,0.008399,0.017104,30.96,66.6212814000881
36742,-8.48136,-3.597609,3.976273,-0.042761,0.007636,0.015882,30.99,66.6548932004423
36752,-8.466404,-3.597609,3.965506,-0.042608,0.007941,0.015577,30.99,66.6802326299058
36762,-8.469995,-3.597011,3.967898,-0.043066,0.006414,0.015577,30.97,66.6746250831932
36772,-8.476574,-3.602395,3.975675,-0.043371,0.004123,0.014508,30.97,66.6522917992283
36782,-8.477771,-3.597011,3.966104,-0.043066,0.002596,0.014203,31.03,66.7002332079069
36792,-8.480165,-3.600002,3.964907,-0.04383,0.000458,0.014203,31.03,66.7141335036532
36802,-8.484351,-3.596412,3.96072,-0.043371,-0.00168,0.014355,30.98,66.7416389600141
36812,-8.486743,-3.601796,3.964907,-0.042761,-0.007636,0.013439,30.98,66.7293813989343
36822,-8.478369,-3.608377,3.965506,-0.043066,-0.009621,0.013439,31.02,66.7146562181739
36832,-8.475977,-3.605386,3.963113,-0.043066,-0.012065,0.013286,31.02,66.7195991844773
36842,-8.471789,-3.592225,3.961318,-0.042913,-0.015119,0.013592,31.02,66.7086871607835
36852,-8.464012,-3.602993,3.970291,-0.042913,-0.017104,0.013592,30.98,66.6548916440917
36862,-8.469396,-3.595216,3.961318,-0.042761,-0.020159,0.012065,30.98,66.7063469555506
36872,-8.472985,-3.6006,3.965506,-0.042608,-0.022907,0.012828,31,66.6965841532057
36882,-8.467602,-3.603591,3.967898,-0.043219,-0.025045,0.011912,31,66.6754674237645
36892,-8.472985,-3.601198,3.967898,-0.042455,-0.026878,0.011454,30.98,66.6845574714616
36902,-8.46461,-3.599404,3.961318,-0.042913,-0.029474,0.010843,30.98,66.7000863713297
36912,-8.46461,-3.602993,3.970889,-0.042302,-0.030391,0.01069,30.98,66.6529988838927
36922,-8.466404,-3.592225,3.969693,-0.042302,-0.032376,0.010385,30.98,66.6534756700675
36932,-8.459825,-3.59402,3.962514,-0.041997,-0.033445,0.009927,31.04,66.6790592170981
36942,-8.462217,-3.599404,3.976273,-0.042608,-0.034208,0.009163,31.04,66.6165544859128
36952,-8.464012,-3.589234,3.978068,-0.041844,-0.034667,0.010079,30.96,66.6018567563035
36962,-8.470592,-3.576073,3.978068,-0.042913,-0.03543,0.010232,30.96,66.6039721892326
36972,-8.472985,-3.585645,3.982853,-0.042608,-0.03543,0.010079,31.02,66.592333410955
36982,-8.461619,-3.582056,3.996014,-0.042608,-0.035125,0.009468,31.02,66.4963140632774
36992,-8.458031,-3.583252,3.994817,-0.043066,-0.033598,0.007483,31.02,66.4961198965713
37002,-8.46102,-3.58385,3.988835,-0.04383,-0.032834,0.008247,30.97,66.5343069607459
37012,-8.462217,-3.57727,3.990032,-0.043371,-0.031154,0.008399,30.97,66.524696268327
37022,-8.461619,-3.564708,4.004389,-0.043219,-0.029474,0.007483,30.96,66.436989614163
37032,-8.457432,-3.576672,3.995416,-0.04383,-0.028405,0.007789,30.96,66.4858659636669
37042,-8.444869,-3.568297,3.998407,-0.043371,-0.025656,0.008858,31,66.4362542214766
37052,-8.450851,-3.57069,3.999005,-0.044135,-0.023518,0.008399,31,66.4478591746091
37062,-8.448458,-3.577868,4.001398,-0.044593,-0.020922,0.008858,30.97,66.4366575771399
37072,-8.440084,-3.570091,4.003192,-0.043677,-0.018937,0.008399,30.97,66.4026303771537
37082,-8.437692,-3.570091,4.006782,-0.044288,-0.017104,0.009621,30.98,66.3787277894765
37092,-8.445468,-3.568895,3.99721,-0.043982,-0.014508,0.010079,30.98,66.4443359720564
37102,-8.447262,-3.573681,3.998407,-0.043982,-0.011606,0.010232,31.02,66.446099475014
37112,-8.456833,-3.573082,4.0008,-0.04444,-0.009316,0.011606,31.02,66.4531706006543
37122,-8.44427,-3.572484,4.006782,-0.04383,-0.007025,0.012217,30.96,66.3947666715146
37132,-8.450253,-3.567699,3.994817,-0.043371,-0.004581,0.012523,30.96,66.4659217444857
37142,-8.440084,-3.562315,3.992425,-0.04383,-0.002902,0.012828,30.99,66.4522542717966
37152,-8.448458,-3.563511,3.985246,-0.04383,-0.000458,0.013592,30.99,66.50869878225
37162,-8.447861,-3.565904,3.98405,-0.043219,0.002138,0.014508,31,66.515853510612
37172,-8.449057,-3.568297,3.991228,-0.042761,0.004123,0.016035,30.95,66.4827821588579
37182,-8.454441,-3.573681,3.983452,-0.042913,0.004734,0.015882,30.95,66.5397308941309
37192,-8.445468,-3.565904,3.987639,-0.041997,0.004734,0.015882,30.99,66.4919529390664
37202,-8.453843,-3.569493,3.980461,-0.042608,0.006414,0.01741,30.99,66.5504744489844
37212,-8.452048,-3.570091,3.97388,-0.041386,0.006109,0.017104,31,66.5818308946208
37222,-8.450253,-3.57727,3.98405,-0.041997,0.006567,0.016952,31,66.5309824887388
37232,-8.467602,-3.576073,3.985246,-0.042608,0.005956,0.016799,30.96,66.5600411526278
37242,-8.465208,-3.57727,3.974478,-0.041539,0.005956,0.017257,30.96,66.6126149231235
37252,-8.462217,-3.581457,3.962514,-0.041692,0.005192,0.016341,30.95,66.6729341870473
37262,-8.478369,-3.591029,3.972086,-0.042608,0.002902,0.016493,30.95,66.6648088128772
37272,-8.485548,-3.601198,3.966702,-0.042302,0.001985,0.016035,31.01,66.7169584844066
37282,-8.474181,-3.589234,3.974478,-0.04215,0.000305,0.015424,31.01,66.6419397665132
37292,-8.472985,-3.592225,3.966104,-0.042608,-0.001069,0.014661,30.99,66.6860428162041
37302,-8.471789,-3.59043,3.969095,-0.042913,-0.002749,0.013897,30.99,66.6662605072838
37312,-8.478369,-3.586243,3.972086,-0.043371,-0.004123,0.013744,31,66.660585894238
37322,-8.479566,-3.593421,3.966702,-0.043982,-0.00672,0.011912,31,66.6976624464465
37332,-8.481958,-3.589234,3.966104,-0.044593,-0.010079,0.01237,31.02,66.7020887535291
37342,-8.480165,-3.586841,3.961916,-0.045357,-0.012523,0.011301,30.95,66.7182343843217
37352,-8.468798,-3.595814,3.961916,-0.045968,-0.014813,0.009163,30.95,66.7024889490788
37362,-8.476574,-3.592823,3.966702,-0.046731,-0.016952,0.008858,30.97,66.6909064397138
37372,-8.482555,-3.58744,3.970291,-0.047342,-0.01909,0.007789,30.97,66.6797824867842
37382,-8.477173,-3.598805,3.976871,-0.047495,-0.021075,0.006872,31,66.644091054966
37392,-8.477771,-3.59043,3.978666,-0.0478,-0.023671,0.006414,31,66.6285196176137
37402,-8.473583,-3.600002,3.975077,-0.048717,-0.025045,0.005651,30.98,66.6470764400279
37412,-8.467602,-3.591029,3.963113,-0.048411,-0.026573,0.004581,30.98,66.6894789204139
37422,-8.470592,-3.589832,3.976871,-0.047953,-0.0281,0.004734,31.01,66.6224197326758
37432,-8.462815,-3.598207,3.969693,-0.049175,-0.030391,0.004429,31.01,66.651288527973
37442,-8.47119,-3.598207,3.970291,-0.0478,-0.030543,0.003665,31.02,66.6656119693915
37452,-8.471789,-3.597609,3.980461,-0.048717,-0.032376,0.003054,31.02,66.6129754956356
37462,-8.460423,-3.591029,3.981059,-0.049175,-0.032223,0.004123,30.99,66.5802412796452
37472,-8.462217,-3.596412,3.971487,-0.048717,-0.033598,0.003054,30.99,66.63902647117
37482,-8.468798,-3.597011,3.97388,-0.048106,-0.033903,0.003207,30.95,66.6407287786275
37492,-8.456833,-3.586243,3.976273,-0.048717,-0.034514,0.003818,30.95,66.5936082932788
37502,-8.459227,-3.592823,3.988237,-0.048106,-0.034361,0.005345,30.96,66.5416640095907
37512,-8.447262,-3.59043,3.981059,-0.048411,-0.033139,0.005956,30.96,66.5521352113335
37522,-8.450253,-3.592823,3.987639,-0.047953,-0.032987,0.005803,30.96,66.5259861246639
37532,-8.455039,-3.58385,3.993023,-0.047342,-0.03207,0.007025,30.95,66.499779156892
37542,-8.445468,-3.589832,3.988237,-0.047037,-0.030849,0.007636,30.95,66.5101319007714
37552,-8.450851,-3.582654,3.990032,-0.046273,-0.029016,0.009163,30.97,66.505614026266
37562,-8.446067,-3.571288,3.993023,-0.046884,-0.027794,0.009927,30.97,66.4697190989678
37572,-8.44427,-3.579065,3.99063,-0.046578,-0.026573,0.010843,30.98,66.4854365414383
37582,-8.438888,-3.58385,4.000201,-0.045815,-0.024282,0.012523,30.98,66.4281160143337
37592,-8.43111,-3.58744,3.993621,-0.044899,-0.022144,0.013134,30.99,66.4494982355985
37602,-8.434101,-3.571288,3.995416,-0.044135,-0.020311,0.014508,30.99,66.4319124578412
37612,-8.447861,-3.570091,3.995416,-0.04444,-0.017715,0.015424,30.96,66.4598657323023
37622,-8.442476,-3.580261,4.004987,-0.044288,-0.015424,0.015272,30.96,66.4073514684857
37632,-8.446067,-3.574279,3.998407,-0.043677,-0.013592,0.015577,30.98,66.4441141964765
37642,-8.449057,-3.574877,3.99721,-0.043677,-0.011301,0.016493,30.98,66.4572303795242
37652,-8.444869,-3.577868,3.996014,-0.043066,-0.007789,0.016493,31.01,66.4573552356575
37662,-8.444869,-3.576073,3.991827,-0.042455,-0.005498,0.017562,31.01,66.4777419810607
37672,-8.447262,-3.579663,3.989433,-0.042302,-0.003512,0.018326,30.97,66.498550626513
37682,-8.455039,-3.576073,3.998407,-0.041692,0.000305,0.018479,31,66.4646081885264
37692,-8.453244,-3.573082,3.990032,-0.041233,0.00168,0.018326,31,66.5021270130081
37702,-8.456235,-3.574279,4.001398,-0.041692,0.004123,0.019242,31,66.4498402068545
37712,-8.456235,-3.564708,3.993023,-0.041233,0.005651,0.018326,31,66.4852798252016
37722,-8.453244,-3.566502,3.999603,-0.040623,0.006872,0.018479,30.96,66.4460375996711
37732,-8.448458,-3.573082,3.994817,-0.041386,0.007941,0.018631,30.96,66.4669320493382
37742,-8.456235,-3.576073,3.987639,-0.041233,0.008399,0.018479,31,66.5236339855063
37752,-8.449057,-3.575475,3.983452,-0.041539,0.008705,0.018479,31,66.5300158223046
37762,-8.460423,-3.579663,3.98405,-0.040928,0.009316,0.018173,31.01,66.554450559821
37772,-8.459825,-3.589234,3.97388,-0.041692,0.008858,0.017868,31.01,66.6150925381496
37782,-8.458628,-3.576672,3.975675,-0.041997,0.008247,0.018326,30.96,66.5920214986985
37792,-8.463414,-3.581457,3.973282,-0.042608,0.007789,0.018631,30.96,66.6188478856754
37802,-8.465208,-3.579663,3.970889,-0.042302,0.006872,0.018173,31.02,66.6335827196254
37812,-8.459825,-3.578466,3.962514,-0.042455,0.004887,0.018173,31.02,66.6652948175425
37822,-8.46461,-3.580261,3.973282,-0.042302,0.003818,0.018479,30.96,66.620290972905
37832,-8.469396,-3.585046,3.975077,-0.042761,0.002291,0.017562,30.96,66.6251024135614
37842,-8.480165,-3.579663,3.96072,-0.043219,0.000611,0.017868,31,66.7182019828724
37852,-8.490931,-3.588037,3.955934,-0.043982,-0.003512,0.01741,31,66.7730596401582
37862,-8.463414,-3.580261,3.958327,-0.043524,-0.007636,0.01741,30.96,66.6963930718475
37872,-8.474779,-3.59043,3.961916,-0.044288,-0.009927,0.017562,30.97,66.7101868971667
37882,-8.47119,-3.585645,3.96072,-0.04444,-0.013134,0.016952,30.97,66.7047756161821
37892,-8.469995,-3.595216,3.955934,-0.045357,-0.015272,0.015272,30.96,66.7358832630473
37902,-8.480165,-3.597011,3.958327,-0.045509,-0.018173,0.014813,30.96,66.7460339698733
37912,-8.474181,-3.601198,3.958327,-0.046426,-0.020922,0.014966,30.99,66.7372951414033
37922,-8.477771,-3.58744,3.969693,-0.04612,-0.024282,0.012981,30.99,66.6729524875265
37932,-8.48136,-3.592225,3.970291,-0.046578,-0.025962,0.012065,31,66.6815113382254
37942,-8.48136,-3.6006,3.965506,-0.0478,-0.028253,0.011148,31,66.7140022168422
37952,-8.487342,-3.588037,3.962514,-0.048411,-0.031612,0.011148,30.99,66.7310727460036
37962,-8.480762,-3.591627,3.966702,-0.049175,-0.033903,0.010232,30.99,66.6985698237951
37972,-8.473583,-3.595814,3.97388,-0.049022,-0.035583,0.009621,30.99,66.6496487468737
37982,-8.467003,-3.589234,3.976273,-0.049327,-0.037874,0.008094,30.99,66.6175311798528
37992,-8.478967,-3.585046,3.97388,-0.04948,-0.038943,0.007178,30.99,66.6513647362313
38002,-8.46102,-3.584448,3.976273,-0.050091,-0.039859,0.006414,30.99,66.6007793454619
38012,-8.460423,-3.592225,3.982255,-0.050855,-0.040623,0.005192,30.96,66.5750264392798
38022,-8.468798,-3.579065,3.988835,-0.051313,-0.041386,0.003665,30.96,66.5463695647575
38032,-8.47119,-3.586841,3.980461,-0.052076,-0.041997,0.003207,31.01,66.6021861424969
38042,-8.469995,-3.579065,3.997808,-0.052534,-0.041539,0.002596,30.98,66.5018384244582
38052,-8.462217,-3.574279,3.991228,-0.052687,-0.04047,0.002596,30.98,66.5157677286302
38062,-8.462217,-3.588037,3.994817,-0.052993,-0.040012,0.00168,31,66.5091645513963
38072,-8.455637,-3.579663,3.99721,-0.05284,-0.038179,0.00168,31,66.4753412660993
38082,-8.455637,-3.585046,3.999603,-0.052534,-0.036499,0.002291,31,66.4675856903011
38092,-8.456235,-3.58744,3.995416,-0.05284,-0.033903,0.001527,31,66.4929348691813
38102,-8.447861,-3.582654,3.999603,-0.052993,-0.031765,0.001374,30.99,66.4490906989013
38112,-8.435298,-3.571288,3.997808,-0.053145,-0.029322,0.002138,30.99,66.4218702243203
38122,-8.44427,-3.562315,3.998407,-0.052687,-0.026878,0.002749,30.96,66.4296602870898
38132,-8.444869,-3.573681,3.997808,-0.052382,-0.023824,0.004276,30.96,66.4442002816038
38142,-8.444869,-3.571886,4.015156,-0.052382,-0.021075,0.005651,30.98,66.351575229306
38152,-8.438289,-3.573082,4.006183,-0.051618,-0.018631,0.006109,30.98,66.3858102660474
38162,-8.432905,-3.572484,4.006782,-0.051007,-0.015882,0.00733,31.04,66.3707466515067
38172,-8.429914,-3.574877,4.00738,-0.050091,-0.013286,0.008705,31.04,66.3634244330343
38185,-8.436494,-3.571886,4.003192,-0.049938,-0.00672,0.010843,30.98,66.3966507076082
38192,-8.442476,-3.576672,3.999603,-0.049938,-0.00672,0.01237,30.98,66.4324010852305
38202,-8.438289,-3.576672,3.988237,-0.048106,-0.001833,0.013744,31.01,66.4832845382937
38212,-8.440084,-3.575475,3.997808,-0.048106,0,0.014813,31,66.435712500886
38222,-8.447861,-3.578466,3.993621,-0.047953,0.002596,0.015577,31,66.4767519799806
38232,-8.440681,-3.57727,3.991827,-0.047037,0.00504,0.017868,30.99,66.4699907173317
38242,-8.440681,-3.581457,3.993023,-0.045662,0.006109,0.019548,30.99,66.4674472314634
38252,-8.44128,-3.585046,3.993621,-0.045662,0.007941,0.019853,30.99,66.4687751255098
38262,-8.44427,-3.582056,3.978068,-0.044593,0.009774,0.02138,30.99,66.5541169063475
38272,-8.451449,-3.580261,3.990032,-0.044135,0.01069,0.022297,30.97,66.5047396240897
38282,-8.455039,-3.583252,3.978068,-0.04383,0.011606,0.022907,30.97,66.5777655536882
38292,-8.459227,-3.584448,3.968496,-0.043066,0.011454,0.024587,30.99,66.6378883018636
38302,-8.452645,-3.58744,3.969095,-0.042761,0.011912,0.024129,30.99,66.6236291329715
38312,-8.462217,-3.577868,3.976273,-0.042913,0.011301,0.02474,30.98,66.5974557947006
38322,-8.467602,-3.586243,3.981059,-0.043982,0.010385,0.024587,30.98,66.5910164442112
38332,-8.469995,-3.588636,3.970291,-0.043371,0.009621,0.024129,31,66.6546534202188
38342,-8.468199,-3.59043,3.970291,-0.043982,0.008705,0.024587,31,66.6524924098517
38352,-8.475977,-3.6006,3.976871,-0.043677,0.007483,0.024435,31.01,66.6431870559759
38362,-8.489137,-3.585046,3.961318,-0.04383,0.004887,0.024587,31.01,66.7384530225286
38372,-8.469995,-3.588636,3.949354,-0.043677,0.000458,0.023976,30.97,66.764673842717
38382,-8.485548,-3.58385,3.957729,-0.043524,-0.001833,0.022755,31,66.7487843155718
38392,-8.472386,-3.595814,3.959523,-0.043371,-0.004581,0.022297,31,66.7225272160021
38402,-8.484351,-3.593421,3.957131,-0.044135,-0.007483,0.021533,31.02,66.7578462405794
38412,-8.482555,-3.604189,3.956532,-0.044288,-0.010996,0.020617,31.02,66.7667428336191
38422,-8.480762,-3.595216,3.954738,-0.045051,-0.013744,0.01909,31,66.7645398677949
38432,-8.481958,-3.600002,3.958327,-0.045204,-0.016493,0.018173,31,66.752392245216
38442,-8.474779,-3.604787,3.957131,-0.045204,-0.019853,0.017104,31,66.7479882159138
38452,-8.490333,-3.591029,3.964907,-0.045509,-0.022602,0.016035,31,66.7273630921615
38462,-8.477771,-3.601198,3.961916,-0.04612,-0.025045,0.014813,31,66.7259108874651
38472,-8.477173,-3.604787,3.958327,-0.046273,-0.027947,0.014966,31,66.7466787138977
38482,-8.487342,-3.59043,3.966104,-0.046884,-0.030391,0.012828,31.01,66.7143411287124
38492,-8.480762,-3.585046,3.964907,-0.047953,-0.032376,0.011606,31.01,66.7021944895706
38502,-8.48136,-3.588636,3.961916,-0.047953,-0.034361,0.010843,30.96,66.7223002342779
38512,-8.47119,-3.591029,3.969693,-0.048258,-0.036499,0.009163,30.96,66.6624013550194
38522,-8.479566,-3.58744,3.967898,-0.049022,-0.038485,0.008552,31,66.6861130121384
38532,-8.480762,-3.582654,3.969095,-0.048717,-0.039859,0.008247,31,66.6781072342813
38542,-8.469396,-3.581457,3.978068,-0.049175,-0.041233,0.00672,30.99,66.6062288838538
38552,-8.465208,-3.582654,3.974478,-0.050244,-0.04215,0.006567,31.01,66.6173774629329
38562,-8.455637,-3.581457,3.983452,-0.050091,-0.04215,0.005498,31.01,66.5491461210635
38572,-8.452645,-3.585645,3.985844,-0.050549,-0.04215,0.005345,31,66.534032968367
38582,-8.457432,-3.58385,3.996014,-0.049938,-0.041081,0.006414,31,66.4891153276021
38592,-8.452645,-3.571288,3.988835,-0.050244,-0.040623,0.005345,30.99,66.5055588653503
38602,-8.452048,-3.573082,3.996612,-0.050549,-0.039859,0.005956,30.99,66.4650688728835
38612,-8.459825,-3.570091,3.992425,-0.050702,-0.038943,0.006109,31.03,66.5007459421244
38622,-8.449057,-3.573082,4.0008,-0.050396,-0.036957,0.006414,31.03,66.4367892535033
38632,-8.450851,-3.571288,3.999603,-0.050549,-0.035277,0.00733,30.96,66.4452533911041
38642,-8.453244,-3.554538,4.008576,-0.049633,-0.032681,0.007941,30.96,66.3883226491635
38652,-8.448458,-3.564708,3.994817,-0.049327,-0.030696,0.007636,30.98,66.4594788837805
38662,-8.449656,-3.561717,4.007978,-0.049327,-0.028711,0.008399,30.98,66.390264406632
38672,-8.44128,-3.57069,4.007978,-0.049786,-0.025962,0.008705,30.95,66.3805708283987
38682,-8.441879,-3.574279,4.005585,-0.049327,-0.023213,0.010079,30.95,66.3976031872185
38692,-8.442476,-3.559922,4.005585,-0.049327,-0.021533,0.009621,31,66.3860452820197
38702,-8.453843,-3.572484,4.001398,-0.050091,-0.018326,0.010996,31,66.4432045698388
38712,-8.442476,-3.577868,3.991228,-0.049022,-0.015119,0.012065,30.99,66.477451303702
38722,-8.441879,-3.580859,4.004389,-0.04948,-0.00901,0.011454,31,66.4097649818406
38732,-8.447861,-3.576672,4.00379,-0.049786,-0.006567,0.011606,31,66.4217819197954
38742,-8.436494,-3.574279,3.996612,-0.049633,-0.004429,0.012523,31,66.4333524445085
38752,-8.448458,-3.568895,3.990032,-0.049633,-0.001374,0.012981,31,66.4883350419835
38762,-8.442476,-3.57727,4.003192,-0.049633,0.000916,0.013744,30.99,66.4140962326174
38772,-8.438888,-3.56411,3.995416,-0.049633,0.003207,0.014355,30.99,66.4356103172797
38782,-8.450851,-3.579663,3.99063,-0.04948,0.00504,0.015119,31,66.499810667822
38792,-8.446664,-3.579065,3.993621,-0.049938,0.006261,0.014508,31,66.4747669379978
38802,-8.447861,-3.575475,3.994817,-0.049633,0.00733,0.014355,31,66.4678068569696
38812,-8.457432,-3.571886,3.993023,-0.049175,0.008399,0.014966,31,66.4941697499292
38822,-8.458628,-3.57727,3.990032,-0.049786,0.009621,0.016341,30.98,66.5171614531384
38832,-8.456235,-3.59402,3.979264,-0.049786,0.010232,0.016035,30.98,66.5835587411457
38842,-8.458031,-3.582654,3.982255,-0.049327,0.010996,0.016799,31.02,66.5615145014433
38852,-8.459825,-3.597609,3.98405,-0.048717,0.011148,0.01741,31.02,66.5691432111022
38862,-8.478369,-3.593421,3.975675,-0.049022,0.009468,0.017104,30.95,66.6480954292223
38872,-8.465807,-3.592823,3.97388,-0.049327,0.008399,0.017868,30.95,66.6307746051647
38882,-8.460423,-3.601796,3.970291,-0.048717,0.007025,0.018631,31.01,66.6463430354482
38892,-8.470592,-3.59402,3.968496,-0.048564,0.00504,0.018631,31.01,66.6700836231121
38902,-8.488539,-3.589832,3.961916,-0.0478,0.002596,0.018479,31.01,66.7382750959488
38912,-8.465208,-3.589832,3.957131,-0.048411,0.000153,0.018784,30.98,66.7148728305564
38922,-8.476574,-3.589234,3.966104,-0.0478,-0.001985,0.017104,30.98,66.6908791473526
38932,-8.473583,-3.605984,3.965506,-0.048411,-0.004581,0.017257,31.01,66.7025912883579
38942,-8.475378,-3.605386,3.963113,-0.048106,-0.007178,0.017257,31.01,66.7183543197891
38952,-8.478369,-3.605386,3.960122,-0.048106,-0.010079,0.018173,30.99,66.7402674706338
38962,-8.480762,-3.59402,3.964309,-0.048411,-0.012828,0.01741,30.99,66.7132373235448
38972,-8.477771,-3.601198,3.958327,-0.048869,-0.01573,0.01741,31,66.7447530482825
38982,-8.482555,-3.603591,3.960122,-0.049938,-0.018631,0.016341,31,66.7473733260266
38992,-8.480762,-3.603591,3.972086,-0.050091,-0.021075,0.016646,31.01,66.6808877574101
39002,-8.486146,-3.595814,3.958925,-0.049938,-0.023213,0.016646,31.01,66.7542601155806
39012,-8.474779,-3.595814,3.962514,-0.050855,-0.025198,0.017104,31.04,66.711797081662
39022,-8.477771,-3.605386,3.9673,-0.051313,-0.0281,0.016341,31.04,66.7013567212097
39032,-8.467003,-3.59402,3.964907,-0.051313,-0.030391,0.016341,31,66.681450692345
39042,-8.468199,-3.603591,3.967898,-0.052534,-0.032223,0.01573,31,66.6767108703721
39052,-8.469995,-3.584448,3.969095,-0.053451,-0.035583,0.015119,31.03,66.6572328903119
39062,-8.468798,-3.589832,3.966702,-0.053145,-0.039095,0.013744,31.03,66.6720608991581
39072,-8.480762,-3.582056,3.969095,-0.053451,-0.039859,0.014508,31,66.6775807485669
39082,-8.478369,-3.586243,3.9673,-0.053451,-0.041539,0.014508,30.97,66.6857032149974
39092,-8.469995,-3.573681,3.982255,-0.054062,-0.041997,0.013592,30.97,66.578634257402
39102,-8.460423,-3.586243,3.986442,-0.054367,-0.042608,0.013286,31.01,66.5477376402579
39112,-8.469995,-3.585046,3.980461,-0.055131,-0.043371,0.013134,31.01,66.5980990398558
39122,-8.457432,-3.585645,3.976871,-0.054672,-0.043219,0.013286,30.98,66.5911902406084
39132,-8.46102,-3.582056,3.985246,-0.054825,-0.043524,0.013134,30.98,66.5515477064937
39142,-8.457432,-3.577868,3.97747,-0.054978,-0.043219,0.013439,31,66.5811445978608
39152,-8.44128,-3.575475,3.994219,-0.055131,-0.041997,0.012981,31,66.4570844821055
39162,-8.455039,-3.575475,3.992425,-0.054978,-0.040928,0.013439,31.03,66.4954658816052
39172,-8.441879,-3.574279,3.991228,-0.055436,-0.039248,0.013286,31.03,66.4729924658392
39182,-8.453843,-3.576073,3.991228,-0.054825,-0.037568,0.014661,30.97,66.4997663668784
39192,-8.438888,-3.566502,3.997808,-0.054825,-0.035583,0.014355,30.97,66.4251760205541
39202,-8.447262,-3.565306,4.002594,-0.055436,-0.033598,0.014203,30.97,66.416657648771
39212,-8.446067,-3.569493,4.00379,-0.054978,-0.030849,0.014813,30.97,66.4115908829692
39222,-8.443074,-3.574877,4.006782,-0.055131,-0.028558,0.015577,31,66.3943798428028
39232,-8.442476,-3.569493,4.00379,-0.055741,-0.026267,0.016799,31,66.4040090419238
39242,-8.44128,-3.569493,3.999005,-0.054978,-0.020769,0.016188,30.96,66.4266077157757
39252,-8.441879,-3.573082,4.004389,-0.055436,-0.018479,0.017104,31.03,66.4028102826177
39262,-8.440681,-3.572484,4.005585,-0.055436,-0.015119,0.018479,31.03,66.3934681685531
39272,-8.438289,-3.56052,4.006782,-0.054825,-0.011912,0.020006,31.01,66.3714358382622
39282,-8.447861,-3.576672,4.0008,-0.054825,-0.010385,0.01909,31.01,66.4374701735812
39292,-8.446664,-3.573082,3.996612,-0.055436,-0.008094,0.0197,31.02,66.4537285933466
39302,-8.439486,-3.568297,4.002594,-0.055894,-0.005956,0.019395,31.02,66.402904257649
39312,-8.436494,-3.570091,4.003192,-0.05452,-0.003971,0.020617,30.98,66.3950450924084
39322,-8.455039,-3.575475,3.999005,-0.055283,-0.002138,0.021075,30.98,66.4609388352441
39332,-8.453843,-3.581457,4.000201,-0.055131,0.000153,0.021228,30.97,66.4574768251009
39342,-8.453244,-3.580261,3.994219,-0.055283,0.00168,0.021228,30.97,66.4865351222429
39352,-8.449656,-3.577868,3.993023,-0.055131,0.002596,0.021228,30.98,66.4831354952232
39362,-8.461619,-3.574279,3.989433,-0.055589,0.003512,0.021533,30.98,66.5239308533561
39372,-8.456833,-3.565904,3.982853,-0.055894,0.004734,0.021686,30.98,66.5410056240372
39382,-8.458031,-3.582056,3.980461,-0.056658,0.004581,0.021686,30.98,66.5704042265888
39392,-8.462217,-3.579065,3.979862,-0.05681,0.004581,0.022297,30.96,66.5796678607237
39402,-8.464012,-3.580859,3.976871,-0.057116,0.004581,0.022297,30.96,66.6007205193214
39412,-8.458031,-3.583252,3.970889,-0.058185,0.003207,0.022297,31.01,66.6217511514255
39422,-8.471789,-3.585046,3.970889,-0.057727,0.002749,0.022602,30.97,66.6520852794489
39432,-8.472985,-3.595814,3.966702,-0.05849,0.00168,0.021838,30.97,66.6860742227191
39442,-8.475378,-3.589234,3.970889,-0.058796,-0.000305,0.021533,31.03,66.6632703913536
39452,-8.472386,-3.599404,3.963711,-0.059865,-0.001833,0.021686,31.03,66.7037041245391
39462,-8.481958,-3.591627,3.964309,-0.060628,-0.003818,0.020311,30.99,66.7136164657448
39472,-8.474181,-3.59402,3.956532,-0.06185,-0.006109,0.020006,30.99,66.7403902832919
39482,-8.485548,-3.583252,3.956532,-0.061545,-0.009468,0.019395,30.98,66.7545450631628
39492,-8.48136,-3.588037,3.976273,-0.061239,-0.011912,0.019548,30.98,66.6464422178924
39502,-8.48136,-3.593421,3.958925,-0.062156,-0.014966,0.018937,31,66.7422151098974
39512,-8.479566,-3.592225,3.958925,-0.062156,-0.017104,0.018479,31,66.7374337904765
39522,-8.474181,-3.593421,3.959523,-0.06353,-0.020006,0.01741,31.01,66.7241494319102
39532,-8.480165,-3.599404,3.96072,-0.06353,-0.02306,0.016341,31.01,66.735580327852
39542,-8.484351,-3.597609,3.952943,-0.063988,-0.025351,0.016035,30.98,66.7835182449581
39552,-8.477173,-3.595814,3.960122,-0.064294,-0.029016,0.015882,30.98,66.7293363253272
39562,-8.483753,-3.585645,3.960122,-0.063988,-0.031612,0.015424,31,66.7340649450091
39572,-8.474181,-3.589234,3.961318,-0.064752,-0.034056,0.014813,31,66.7110281817507
39582,-8.476574,-3.582654,3.971487,-0.064141,-0.038943,0.014508,30.98,66.6568202206646
39592,-8.47119,-3.598207,3.964907,-0.064752,-0.041233,0.013897,30.99,66.6938764081443
39602,-8.469396,-3.58385,3.972684,-0.064294,-0.043219,0.013897,30.99,66.636607872911
39612,-8.471789,-3.584448,3.972684,-0.064141,-0.044135,0.013744,30.96,66.642133653495
39622,-8.470592,-3.597609,3.966702,-0.064446,-0.045204,0.013134,30.96,66.6826773044786
39632,-8.453843,-3.584448,3.9673,-0.064599,-0.04612,0.012981,30.98,66.6329179070288
39642,-8.456235,-3.581457,3.971487,-0.064904,-0.046884,0.014661,30.98,66.6132591849727
39652,-8.462815,-3.575475,3.979264,-0.064446,-0.046578,0.014661,30.96,66.5808815160917
39662,-8.458628,-3.578466,3.987639,-0.064141,-0.046273,0.014661,30.96,66.5307831736045
39672,-8.465807,-3.581457,3.989433,-0.064294,-0.046578,0.014661,31,66.5390835053109
39682,-8.446067,-3.585046,3.987639,-0.063835,-0.046426,0.014203,31,66.5102601584274
39692,-8.458628,-3.574877,3.991827,-0.064446,-0.045051,0.014813,31.02,66.5056163251757
39702,-8.460423,-3.580261,3.992425,-0.064446,-0.044135,0.016035,31.02,66.5110312977072
39712,-8.454441,-3.569493,4.001398,-0.064904,-0.041844,0.016799,30.98,66.4418026126502
39722,-8.453244,-3.5671,4.001398,-0.064599,-0.039401,0.016952,30.98,66.4371507150265
39732,-8.449656,-3.576672,3.999005,-0.064294,-0.037874,0.01741,30.98,66.4506713041006
39742,-8.443074,-3.568297,4.00738,-0.064599,-0.034972,0.018631,30.98,66.3853621003462
39752,-8.435897,-3.576672,3.997808,-0.065057,-0.030391,0.020922,31,66.4279497398763
39762,-8.447861,-3.570091,4.005585,-0.064904,-0.027642,0.021533,31.02,66.4064921313276
39772,-8.442476,-3.567699,4.001398,-0.064294,-0.024587,0.02306,31.02,66.4149655526858
39782,-8.437692,-3.577868,4.000201,-0.064904,-0.021838,0.023213,30.96,66.4202390834556
39792,-8.444869,-3.571886,3.99721,-0.064904,-0.020006,0.025198,30.96,66.4457391986807
39802,-8.438888,-3.576672,3.996612,-0.063988,-0.017562,0.026114,30.97,66.4405414403281
39812,-8.446664,-3.576073,4.000201,-0.064752,-0.015882,0.027184,30.97,66.4375564417721
39822,-8.440681,-3.565306,3.991827,-0.063835,-0.012675,0.028558,31,66.4593211910458
39832,-8.44427,-3.577868,3.991827,-0.064599,-0.01069,0.029932,31,66.4780816073559
39842,-8.443673,-3.578466,3.994219,-0.064141,-0.00901,0.030391,31.02,66.4647954748098
39852,-8.452645,-3.577868,3.996014,-0.063683,-0.006872,0.031154,31.02,66.4737246528778
39862,-8.445468,-3.582654,3.992425,-0.064446,-0.005803,0.032223,30.95,66.481732059942
39872,-8.447861,-3.585046,3.990032,-0.064446,-0.004276,0.032529,30.95,66.5014629865423
39882,-8.455039,-3.580261,3.990032,-0.063988,-0.003665,0.034208,30.98,66.5122821312827
39892,-8.461619,-3.57727,3.983452,-0.06353,-0.003054,0.033598,30.98,66.5579754728122
39902,-8.467602,-3.589832,3.988237,-0.06353,-0.002291,0.033139,30.95,66.556546940897
39912,-8.461619,-3.582056,3.982853,-0.063377,-0.002291,0.033139,30.95,66.5653637057657
39922,-8.462217,-3.58385,3.972684,-0.064599,-0.001985,0.032529,31,66.6216044260348
39932,-8.467003,-3.593421,3.976273,-0.064294,-0.00336,0.032529,30.99,66.6212411948818
39942,-8.475378,-3.58385,3.972684,-0.065057,-0.004276,0.032529,30.99,66.6490972956949
39952,-8.469396,-3.595814,3.975675,-0.064904,-0.005345,0.031001,31.04,66.6314962061633
39962,-8.475378,-3.589234,3.97388,-0.06521,-0.006872,0.030849,31.04,66.6475748575676
39972,-8.489137,-3.595814,3.970291,-0.066126,-0.008399,0.029016,30.98,66.7008542774978
39982,-8.474181,-3.592823,3.965506,-0.065821,-0.010385,0.028405,30.98,66.6922018498467
39992,-8.482555,-3.58744,3.97747,-0.066279,-0.012217,0.027184,31,66.6421310957087
40002,-8.484949,-3.592225,3.965506,-0.06689,-0.01405,0.026114,31,66.7140821278633
40012,-8.48136,-3.579065,3.963113,-0.067653,-0.016493,0.024587,31.02,66.7075980345573
40022,-8.478369,-3.596412,3.964309,-0.068264,-0.018784,0.023518,31.02,66.7103695540168
40032,-8.484351,-3.582654,3.96072,-0.06857,-0.021075,0.023366,30.98,66.7295411650606
40042,-8.481958,-3.588037,3.9673,-0.069028,-0.023213,0.02138,30.98,66.6947583783114
40052,-8.488539,-3.588636,3.970291,-0.06918,-0.025656,0.020464,31.02,66.6932930557415
40062,-8.469396,-3.588037,3.975077,-0.069944,-0.027947,0.019242,31.02,66.6277483408412
40072,-8.477771,-3.58744,3.966104,-0.070555,-0.030085,0.018326,30.96,66.6917906425067
40082,-8.475378,-3.58385,3.970291,-0.07086,-0.032376,0.016952,30.96,66.6616576270827
40092,-8.475378,-3.580261,3.956532,-0.071777,-0.034972,0.015882,31.01,66.7307643631532
40102,-8.48136,-3.58744,3.966702,-0.07254,-0.037874,0.014813,31.01,66.6961257920093
40112,-8.469396,-3.583252,3.976871,-0.072846,-0.039859,0.014813,30.95,66.6140990170564
40122,-8.470592,-3.584448,3.982255,-0.072846,-0.040928,0.01405,30.98,66.589406317598
40132,-8.46102,-3.58385,3.976871,-0.073151,-0.04215,0.01405,30.98,66.597108644126
40142,-8.463414,-3.591029,3.968496,-0.073609,-0.043219,0.013897,30.96,66.6524633952243
40152,-8.47119,-3.581457,3.978666,-0.074067,-0.044135,0.012828,30.96,66.6068419589209
40162,-8.454441,-3.577868,3.976871,-0.073457,-0.044746,0.013592,31,66.5780226037225
40172,-8.458628,-3.58385,3.983452,-0.072846,-0.044746,0.014203,31,66.5575432852582
40186,-8.455039,-3.576672,3.981657,-0.07254,-0.044593,0.015272,30.98,66.5530699203217
40192,-8.457432,-3.573681,3.976871,-0.072693,-0.044593,0.015119,30.98,66.5805812011107
40202,-8.456833,-3.573681,3.986442,-0.072693,-0.043677,0.015119,31.01,66.5290510312096
40212,-8.447861,-3.582654,3.989433,-0.072388,-0.043524,0.01573,31.01,66.5024756426622
40222,-8.452048,-3.576073,3.990032,-0.072693,-0.043066,0.016341,30.96,66.5022718296876
40232,-8.441879,-3.582654,3.987639,-0.072235,-0.041386,0.017257,30.96,66.4993219649122
40242,-8.438289,-3.586243,3.986442,-0.071624,-0.039706,0.016188,31,66.5012676299557
40252,-8.443673,-3.585645,3.995416,-0.071624,-0.038943,0.018021,31,66.4649221336981
40262,-8.437692,-3.576073,3.992425,-0.071471,-0.037263,0.018326,30.96,66.4594817542631
40272,-8.447262,-3.573681,3.995416,-0.070555,-0.032681,0.020617,30.96,66.4618017263569
40282,-8.452645,-3.582654,3.99063,-0.07025,-0.031765,0.020464,31.05,66.506243924221
40292,-8.439486,-3.574279,3.99721,-0.069791,-0.029474,0.021838,31,66.4365234074664
40302,-8.440681,-3.573681,3.996612,-0.069486,-0.027031,0.022297,31,66.441650649254
40312,-8.445468,-3.582654,3.99721,-0.069944,-0.025045,0.022144,30.98,66.4566108555857
40322,-8.444869,-3.580261,3.988835,-0.069028,-0.022602,0.02306,30.98,66.4971922265248
40332,-8.447262,-3.576672,3.999005,-0.069028,-0.020159,0.023824,30.96,66.4456281640975
40342,-8.443074,-3.580261,3.994817,-0.067653,-0.017715,0.025962,30.96,66.4619962052209
40352,-8.433504,-3.578466,3.995416,-0.067501,-0.014813,0.026878,30.99,66.4370735406682
40362,-8.446664,-3.583252,3.993621,-0.067348,-0.013439,0.027184,30.99,66.4785021479805
40372,-8.451449,-3.583252,3.991228,-0.067348,-0.011912,0.027031,30.93,66.5011246752344
40382,-8.441879,-3.580859,3.998407,-0.067042,-0.009621,0.027642,30.93,66.441163252348
40392,-8.44128,-3.58385,3.991228,-0.065821,-0.007636,0.02978,30.96,66.4802748399813
40402,-8.455039,-3.580859,3.989433,-0.065363,-0.006567,0.030085,30.96,66.5159581498204
40412,-8.459227,-3.585046,3.999005,-0.06521,-0.005803,0.030849,30.97,66.4782668534449
40422,-8.450253,-3.58385,3.988835,-0.065515,-0.004581,0.031307,30.97,66.5117077699312
40432,-8.453843,-3.585645,3.982853,-0.06521,-0.004276,0.031612,30.98,66.5522520481722
40442,-8.456235,-3.586841,3.979862,-0.064904,-0.004123,0.03207,30.98,66.5740361799245
40452,-8.463414,-3.589832,3.981059,-0.064599,-0.002902,0.033139,30.98,66.5854373813998
40462,-8.465208,-3.580859,3.982255,-0.065363,-0.003512,0.031612,30.95,66.5749596268786
40472,-8.463414,-3.59402,3.981059,-0.065973,-0.004734,0.03146,30.95,66.5891552897881
40482,-8.477173,-3.58744,3.982255,-0.065821,-0.006109,0.031918,31.01,66.6058092738021
40492,-8.473583,-3.594618,3.971487,-0.065057,-0.00733,0.03146,31.01,66.6611473882967
40502,-8.473583,-3.592823,3.9673,-0.065515,-0.009163,0.03207,30.98,66.6815376280487
40512,-8.482555,-3.582056,3.970291,-0.066432,-0.010385,0.030849,30.98,66.6750417814876
40522,-8.480165,-3.602993,3.964309,-0.067348,-0.012065,0.030085,31.01,66.7199113265815
40532,-8.475977,-3.594618,3.959523,-0.06689,-0.014508,0.029932,31.01,66.7289405424874
40542,-8.479566,-3.593421,3.962514,-0.067501,-0.016646,0.028711,30.98,66.7196438405929
40552,-8.484351,-3.592823,3.966104,-0.067959,-0.018479,0.028711,30.98,66.7102277494535
40562,-8.480165,-3.596412,3.958925,-0.068417,-0.021686,0.026878,31,66.742366479075
40572,-8.479566,-3.588636,3.957729,-0.06857,-0.022907,0.027336,31,66.7405557210953
40582,-8.480165,-3.595814,3.972684,-0.068722,-0.025962,0.026725,30.99,66.6696381319397
40592,-8.469995,-3.592225,3.958925,-0.069333,-0.029322,0.025504,30.99,66.7175248700073
40602,-8.474779,-3.597011,3.965506,-0.069333,-0.031918,0.024893,31,66.6971456133066
40612,-8.478967,-3.580859,3.967898,-0.069333,-0.034208,0.02474,31,66.6790679383591
40622,-8.467602,-3.588636,3.970291,-0.06918,-0.03879,0.024282,31.02,66.6496593156753
40632,-8.478369,-3.580859,3.970291,-0.07025,-0.04047,0.022907,31,66.6652599863812
40642,-8.469995,-3.580261,3.975675,-0.070555,-0.042455,0.021838,31,66.6189850348177
40652,-8.46461,-3.582056,3.972684,-0.071013,-0.04383,0.021991,31.02,66.6250199073586
40662,-8.474779,-3.578466,3.969095,-0.071777,-0.045662,0.021228,31.02,66.6619399067406
40672,-8.464012,-3.571288,3.97747,-0.071929,-0.047495,0.0197,30.98,66.5891073146012
40682,-8.469396,-3.574877,3.979862,-0.071929,-0.048411,0.019548,30.98,66.5909960321207
40692,-8.459825,-3.57069,3.976273,-0.072082,-0.048564,0.0197,30.98,66.5860919749108
40702,-8.463414,-3.575475,3.976871,-0.072998,-0.048869,0.018479,30.98,66.5947036449957
40712,-8.460423,-3.591627,3.985844,-0.073762,-0.047953,0.017104,31.01,66.5556608452689
40722,-8.452645,-3.585046,3.990032,-0.073609,-0.0478,0.016799,31.01,66.5115131062899
40732,-8.462217,-3.571886,3.991228,-0.073915,-0.047189,0.016493,30.98,66.513645565754
40742,-8.454441,-3.575475,3.99721,-0.073762,-0.046426,0.016799,30.98,66.4690975644614
40752,-8.456235,-3.57727,3.992425,-0.07422,-0.045662,0.016799,31.01,66.499575746109
40762,-8.452645,-3.569493,4.007978,-0.074067,-0.043524,0.016341,31.01,66.4035035430836
40772,-8.447861,-3.567699,4.002594,-0.074526,-0.04215,0.01573,31.01,66.4200542336937
40782,-8.448458,-3.57727,3.996612,-0.074678,-0.041081,0.016799,31.01,66.46124081191
40792,-8.438289,-3.574877,4.002594,-0.07422,-0.036041,0.014966,31,66.4062580002527
40802,-8.444869,-3.576672,4.004987,-0.073915,-0.03375,0.016035,30.99,66.4091911476759
40812,-8.438289,-3.574279,4.002594,-0.073762,-0.031307,0.016799,30.99,66.4057230877285
40822,-8.438289,-3.573082,4.002594,-0.075136,-0.027947,0.018631,31,66.4046525274462
40832,-8.438289,-3.581457,4.0008,-0.074678,-0.025656,0.019548,31,66.4215655756011
40842,-8.442476,-3.57727,3.995416,-0.074067,-0.022449,0.020311,30.97,66.4549202452149
40852,-8.435897,-3.573082,4.00379,-0.074373,-0.020311,0.020311,30.97,66.3933191816017
40862,-8.443673,-3.563511,4.003192,-0.074373,-0.017868,0.020464,30.97,66.4043391394466
40872,-8.453244,-3.582056,3.999005,-0.073304,-0.014813,0.021686,30.97,66.4630238224319
40882,-8.437093,-3.58744,4.0008,-0.073151,-0.011759,0.022755,30.98,66.4244032614926
40892,-8.446664,-3.596412,3.991827,-0.073609,-0.00901,0.024435,30.98,66.499674444855
40902,-8.444869,-3.576073,3.999005,-0.072235,-0.007025,0.025504,31,66.4400506203434
40912,-8.440084,-3.575475,3.996612,-0.072235,-0.00504,0.025962,31,66.4419939071272
40922,-8.454441,-3.585046,3.981657,-0.071929,-0.004581,0.027642,31,66.5592542929056
40932,-8.446067,-3.588037,3.983452,-0.071777,-0.003207,0.028558,31,66.5349221136751
40942,-8.459227,-3.57069,3.981657,-0.071319,-0.001527,0.029322,30.96,66.5565535716532
40952,-8.449656,-3.574279,3.981657,-0.071777,-0.000764,0.030085,30.96,66.5396437189927
40962,-8.455637,-3.578466,3.980461,-0.071013,-0.000764,0.032987,31.05,66.5621992328937
40972,-8.443673,-3.595216,3.975675,-0.071013,-0.000764,0.032529,30.96,66.5771744830336
40982,-8.469995,-3.592823,3.979862,-0.071013,-0.001833,0.032681,30.96,66.6081289956099
40992,-8.467003,-3.59402,3.972086,-0.07025,-0.002138,0.032681,30.99,66.643750260299
41002,-8.459825,-3.579663,3.973282,-0.069791,-0.002749,0.033445,30.99,66.6097505935117
41012,-8.469396,-3.588037,3.969693,-0.069944,-0.00504,0.033292,30.99,66.6560139349827
41022,-8.474181,-3.589832,3.964907,-0.07025,-0.006109,0.033292,30.99,66.6927069012519
41032,-8.480762,-3.598805,3.960122,-0.070555,-0.008094,0.032376,31.03,66.7394314022099
41042,-8.472985,-3.595216,3.958925,-0.069639,-0.01069,0.032223,31.03,66.7263866593628
41052,-8.476574,-3.603591,3.970889,-0.070708,-0.012675,0.031307,30.94,66.6784513652512
41062,-8.480762,-3.589234,3.962514,-0.071319,-0.015272,0.031001,30.94,66.7184433279908
41072,-8.484949,-3.595814,3.961318,-0.071013,-0.018479,0.030391,30.97,66.7392162917967
41082,-8.482555,-3.597011,3.959523,-0.071471,-0.020922,0.029169,30.97,66.7447190616088
41092,-8.472386,-3.596412,3.953541,-0.072388,-0.023824,0.028253,31,66.7544854770573
41102,-8.480165,-3.589832,3.955336,-0.071929,-0.027184,0.027794,31,66.7554221152565
41112,-8.486146,-3.592225,3.963711,-0.072082,-0.02978,0.027947,30.98,66.7259882601578
41122,-8.487342,-3.593421,3.964907,-0.072693,-0.032529,0.02642,30.98,66.7232514295585
41132,-8.485548,-3.582654,3.966702,-0.073151,-0.035583,0.026267,31.02,66.7006341132045
41142,-8.480165,-3.596412,3.967898,-0.073457,-0.041386,0.024893,30.99,66.6952718396742
41152,-8.487342,-3.592823,3.965506,-0.073151,-0.044288,0.02474,30.99,66.7195831450921
41162,-8.477173,-3.586243,3.967898,-0.073457,-0.046884,0.023213,30.93,66.6800720617279
41172,-8.473583,-3.583252,3.964907,-0.073762,-0.049022,0.022144,30.93,66.6856570791226
41182,-8.475378,-3.57727,3.981657,-0.073609,-0.050396,0.021228,31.04,66.5962088159976
41192,-8.459227,-3.579663,3.974478,-0.073915,-0.051924,0.020769,31.04,66.6022148390799
41202,-8.456235,-3.58385,3.97747,-0.073762,-0.053298,0.020769,30.98,66.5839436417141
41212,-8.472386,-3.58385,3.983452,-0.074067,-0.054214,0.020617,30.98,66.5863508682113
41222,-8.465807,-3.584448,3.978068,-0.073304,-0.054978,0.0197,30.96,66.6013695093152
41232,-8.464012,-3.597011,3.975077,-0.073915,-0.05452,0.019548,30.96,66.6244565210379
41242,-8.46461,-3.581457,3.981657,-0.073609,-0.054367,0.019853,30.98,66.5773757825478
41252,-8.455637,-3.575475,3.981059,-0.073304,-0.054062,0.020159,30.98,66.5564037572952
41262,-8.452048,-3.574877,3.999603,-0.074067,-0.053909,0.019853,31.01,66.4509717096848
41272,-8.449656,-3.578466,3.993621,-0.073915,-0.052382,0.021228,31.01,66.4805288710375
41282,-8.445468,-3.57069,3.99721,-0.073151,-0.050244,0.022297,30.99,66.4459357656451
41292,-8.446664,-3.580261,3.998407,-0.072846,-0.049022,0.022449,30.99,66.4507098785733
41302,-8.442476,-3.576672,4.003192,-0.073762,-0.047495,0.022297,30.96,66.4135616565281
41312,-8.430512,-3.5671,3.999005,-0.073457,-0.041692,0.023366,30.96,66.401721007674
41322,-8.432905,-3.565306,3.994817,-0.073609,-0.039706,0.024435,31,66.4271896824125
41332,-8.437093,-3.573082,4.009772,-0.073151,-0.036346,0.025504,30.98,66.3644442161715
41342,-8.422735,-3.566502,4.003192,-0.073304,-0.033292,0.026573,30.98,66.3627149152417
41352,-8.446664,-3.576073,4.001996,-0.072998,-0.030085,0.026267,30.99,66.4281364089998
41362,-8.437093,-3.580261,4.009174,-0.073915,-0.026114,0.026114,30.99,66.3740157957721
41372,-8.443074,-3.575475,4.011567,-0.073762,-0.022907,0.027489,30.98,66.3698127924783
41382,-8.438888,-3.5671,4.010969,-0.073762,-0.020617,0.028558,30.98,66.3566053198556
41392,-8.429317,-3.571886,4.011567,-0.073762,-0.01741,0.028253,30.98,66.3374905862723
41402,-8.434101,-3.573082,4.002594,-0.073915,-0.013897,0.029474,30.98,66.3958048541655
41412,-8.450851,-3.566502,4.008576,-0.074373,-0.010996,0.029932,31,66.3939149914333
41422,-8.443074,-3.578466,3.998407,-0.075136,-0.008552,0.029169,31,66.4415433540256
41432,-8.445468,-3.573681,4.011567,-0.075289,-0.00672,0.030238,30.99,66.3732664958878
41442,-8.452645,-3.57069,4.001996,-0.074831,-0.00336,0.031154,30.99,66.4359457347282
41452,-8.450851,-3.572484,4.00379,-0.074831,-0.001222,0.031307,31,66.4243505618024
41462,-8.445468,-3.586243,3.994219,-0.075289,0.000153,0.031918,31,66.4755172853579
41472,-8.464012,-3.574279,3.989433,-0.074984,0.001527,0.030849,31,66.528954143426
41482,-8.456833,-3.591627,3.981059,-0.0759,0.002749,0.03207,31,66.5732574689545
41492,-8.455039,-3.589234,3.983452,-0.076511,0.002596,0.031001,30.99,66.5548066848864
41502,-8.457432,-3.583252,3.980461,-0.075595,0.002749,0.031918,30.97,66.5702106398727
41512,-8.46102,-3.588037,3.978068,-0.076969,0.002749,0.031918,30.97,66.5945364823121
41522,-8.469396,-3.585645,3.967898,-0.07758,0.001985,0.031307,30.98,66.6633267090578
41532,-8.474779,-3.592823,3.972684,-0.077427,0.000305,0.030849,30.98,66.655772568536
41542,-8.466404,-3.589234,3.962514,-0.07758,-0.00168,0.030391,30.98,66.688542625775
41552,-8.478967,-3.586841,3.973282,-0.076816,-0.003512,0.029627,30.98,66.6560852894467
41562,-8.478369,-3.589832,3.955934,-0.077427,-0.005498,0.029932,30.95,66.7485485358627
41572,-8.470592,-3.594618,3.965506,-0.077733,-0.008094,0.028863,30.95,66.6863121996153
41582,-8.475977,-3.588636,3.963113,-0.077427,-0.010385,0.029169,31.03,66.7048129617726
41592,-8.469396,-3.598207,3.95055,-0.078191,-0.013286,0.028863,31.03,66.765578936139
41602,-8.486743,-3.598805,3.964309,-0.078191,-0.016646,0.028405,31,66.7298831056923
41612,-8.486146,-3.596412,3.954139,-0.077733,-0.019242,0.027642,31,66.7799086234238
41622,-8.489137,-3.584448,3.962514,-0.078496,-0.023366,0.026725,30.96,66.7316519817039
41632,-8.480165,-3.585046,3.952943,-0.078038,-0.027336,0.027031,30.96,66.7637872695944
41642,-8.491529,-3.586841,3.949354,-0.078496,-0.030085,0.026725,30.99,66.8077989169749
41652,-8.490931,-3.584448,3.955336,-0.078191,-0.033598,0.025809,30.99,66.7730529200418
41662,-8.488539,-3.591029,3.963711,-0.078802,-0.040623,0.02474,30.96,66.7299093165582
41672,-8.486743,-3.58385,3.951746,-0.078954,-0.04383,0.024129,30.95,66.7826880665697
41682,-8.481958,-3.585046,3.96072,-0.078954,-0.047189,0.023518,30.95,66.7266654675528
41692,-8.481958,-3.582056,3.957729,-0.078954,-0.049175,0.022755,30.99,66.7397452031852
41702,-8.477771,-3.589832,3.958925,-0.078802,-0.051465,0.022755,30.99,66.7315943275837
41712,-8.483154,-3.580261,3.964907,-0.078954,-0.053603,0.022449,30.98,66.7029667877451
41722,-8.472985,-3.57069,3.9673,-0.079107,-0.055131,0.021838,30.98,66.6607728055541
41732,-8.472985,-3.586243,3.981059,-0.079565,-0.056658,0.022907,31,66.6022719684204
41742,-8.467602,-3.585645,3.975077,-0.079565,-0.057727,0.021533,31,66.6218836497714
41752,-8.466404,-3.57727,3.97388,-0.079107,-0.059101,0.020769,31,66.6182577342149
41762,-8.46461,-3.578466,3.979264,-0.07926,-0.059865,0.021686,31,66.5872889733057
41772,-8.459227,-3.579663,3.982853,-0.078954,-0.059712,0.021686,31.01,66.5582272375259
41782,-8.459227,-3.58385,3.988835,-0.078649,-0.059407,0.021075,31.01,66.5305461211989
41792,-8.459227,-3.580261,3.988237,-0.078496,-0.059101,0.020922,30.99,66.5304956519045
41802,-8.446067,-3.594618,3.99063,-0.07926,-0.058338,0.021075,30.99,66.5031004164017
41812,-8.458031,-3.58385,3.99063,-0.079412,-0.057116,0.021228,30.98,66.5186178027549
41822,-8.450253,-3.576073,3.999603,-0.079107,-0.056047,0.021686,30.98,66.4482567862939
41832,-8.445468,-3.574279,3.988835,-0.078649,-0.051465,0.02306,31,66.493121534497
41842,-8.443074,-3.580859,4.000201,-0.078191,-0.048717,0.02306,30.96,66.4342642809333
41852,-8.440084,-3.580859,3.995416,-0.078191,-0.046426,0.024435,30.96,66.4530865719663
41862,-8.440681,-3.580261,4.003192,-0.077733,-0.043219,0.025045,30.96,66.412984431826
41872,-8.440681,-3.57727,3.999603,-0.077427,-0.040164,0.025962,30.96,66.4291499835278
41882,-8.438888,-3.572484,4.009772,-0.076664,-0.036346,0.027336,30.96,66.3677046488941
41892,-8.437093,-3.589832,4.002594,-0.076664,-0.032681,0.028711,30.96,66.4171311832554
41902,-8.436494,-3.573082,4.010969,-0.076358,-0.02978,0.030391,30.98,66.3568953163601
41912,-8.438289,-3.579065,4.006782,-0.075747,-0.026573,0.028863,30.98,66.3880229799163
41922,-8.440084,-3.571886,4.00738,-0.074678,-0.02306,0.030391,30.96,66.3822509416354
41932,-8.435298,-3.580859,4.021737,-0.075442,-0.01909,0.031612,30.96,66.304863053282
41942,-8.427522,-3.581457,4.01396,-0.075289,-0.01573,0.032376,31.02,66.3297288594343
41952,-8.446664,-3.588636,3.999603,-0.074678,-0.01237,0.032834,31.02,66.4519160581397
41962,-8.443074,-3.584448,3.998407,-0.074678,-0.009621,0.033445,31,66.4468896572903
41972,-8.437093,-3.575475,4.004987,-0.07422,-0.006414,0.034972,31,66.3917035099649
41982,-8.450851,-3.588037,4.009772,-0.073762,-0.004429,0.035277,30.97,66.4068726302071
41992,-8.447861,-3.586841,3.996612,-0.073915,-0.002443,0.036041,30.97,66.468524856376
42002,-8.458031,-3.582654,3.982255,-0.074067,0.001374,0.036652,30.97,66.5615145014433
42012,-8.448458,-3.585645,3.988237,-0.074526,0.002291,0.037263,31.01,66.512676954258
42022,-8.459825,-3.582654,3.986442,-0.07422,0.003054,0.037874,31.01,66.543295944988
42032,-8.462217,-3.589832,3.980461,-0.074373,0.004276,0.037415,31.04,66.5860714834516
42042,-8.458628,-3.582654,3.987639,-0.074067,0.004734,0.037874,31.04,66.5345030958115
42052,-8.472386,-3.584448,3.982853,-0.074526,0.003971,0.03711,31,66.5900217121703
42062,-8.471789,-3.59043,3.981059,-0.075289,0.004123,0.036041,31,66.6034784685482
42072,-8.472386,-3.59402,3.972086,-0.075747,0.002596,0.03543,31.04,66.6549794595744
42082,-8.47119,-3.595216,3.972086,-0.0759,0.00168,0.034667,31.04,66.653543699702
42092,-8.465208,-3.581457,3.965506,-0.076358,0.000305,0.034056,30.99,66.6634520740177
42102,-8.474181,-3.586243,3.966702,-0.076358,-0.001985,0.03375,30.99,66.6801149207852
42112,-8.481958,-3.574877,3.961318,-0.076816,-0.003971,0.033139,30.99,66.7145912103245
42122,-8.49452,-3.582654,3.960122,-0.076969,-0.006872,0.031612,30.99,66.7538143310617
42132,-8.491529,-3.585046,3.966702,-0.077274,-0.010232,0.030849,31,66.7151793750859
42142,-8.487941,-3.581457,3.957131,-0.077733,-0.013134,0.030085,31,66.7547978223834
42152,-8.489137,-3.58744,3.949952,-0.077733,-0.01573,0.028405,30.98,66.8002240655916
42162,-8.488539,-3.586841,3.952345,-0.078191,-0.019853,0.027794,30.98,66.7858911044619
42172,-8.489137,-3.583252,3.951149,-0.078496,-0.023366,0.025504,30.99,66.7902682748108
42182,-8.499306,-3.596412,3.951746,-0.078802,-0.031001,0.023976,31,66.8197268396952
42192,-8.480762,-3.585046,3.952345,-0.07926,-0.033903,0.022602,31,66.7681699325898
42202,-8.482555,-3.583252,3.955934,-0.078649,-0.036957,0.021838,31.01,66.7514652371491
42212,-8.495118,-3.585046,3.955934,-0.079107,-0.041692,0.020922,31.01,66.7791258203785
42222,-8.479566,-3.585046,3.955934,-0.078496,-0.04444,0.020922,30.98,66.7468273383689
42232,-8.481958,-3.591029,3.955934,-0.078802,-0.048106,0.019548,30.98,66.7570587258111
42242,-8.480762,-3.589832,3.953541,-0.079565,-0.050549,0.019395,30.97,66.7660915626514
42252,-8.478369,-3.584448,3.968496,-0.07926,-0.053298,0.018479,30.97,66.6778436458775
42262,-8.482555,-3.584448,3.975675,-0.078649,-0.056047,0.018784,31.01,66.6489057722246
42272,-8.47119,-3.585046,3.963711,-0.078954,-0.057727,0.018784,31.01,66.6885328096597
42282,-8.470592,-3.581457,3.968496,-0.078802,-0.058948,0.018479,30.99,66.6589840238905
42292,-8.447262,-3.593421,3.9673,-0.079107,-0.060934,0.018021,30.99,66.6271238973481
42302,-8.458628,-3.583252,3.972684,-0.07926,-0.061545,0.01741,30.97,66.6135675901033
42312,-8.450253,-3.583252,3.988237,-0.079412,-0.061545,0.018326,30.97,66.5143150206513
42322,-8.457432,-3.585046,3.991827,-0.07926,-0.062003,0.018173,30.97,66.5121439900803
42332,-8.44427,-3.582654,3.989433,-0.079107,-0.061392,0.018021,30.97,66.4949257009206
42342,-8.451449,-3.582056,3.991827,-0.078954,-0.060323,0.018784,31,66.496914934435
42352,-8.448458,-3.581457,4.00379,-0.079412,-0.058643,0.020922,30.99,66.4273131630283
42362,-8.446067,-3.572484,3.991827,-0.079107,-0.056352,0.021228,30.99,66.4770662532011
42372,-8.447861,-3.576672,3.996014,-0.078496,-0.053451,0.022297,31.01,66.4625896733732
42382,-8.438289,-3.589234,4.015755,-0.078496,-0.050549,0.022755,31.01,66.3500797188313
42392,-8.443673,-3.57727,4.012764,-0.079871,-0.048106,0.022755,30.99,66.3664074145465
42402,-8.438888,-3.576073,4.012764,-0.080023,-0.044593,0.023671,30.99,66.3552208933255
42412,-8.434101,-3.584448,4.012764,-0.07926,-0.041081,0.025504,30.99,66.3526141366768
42422,-8.435897,-3.585645,4.003192,-0.079412,-0.038637,0.026114,30.99,66.4077143391811
42432,-8.438888,-3.585645,4.016951,-0.079871,-0.034361,0.026573,31,66.3418509062469
42442,-8.427522,-3.58385,4.01396,-0.080023,-0.030696,0.0281,31,66.3318826232442
42452,-8.432307,-3.585645,4.015156,-0.080329,-0.026267,0.029016,31,66.3373479879619
42462,-8.444869,-3.580261,4.010371,-0.080329,-0.023824,0.029932,31,66.3841591757182
42472,-8.438289,-3.58744,4.018745,-0.079565,-0.020311,0.030391,30.99,66.3327929135255
42482,-8.4347,-3.57069,4.015755,-0.079412,-0.016799,0.031918,30.99,66.3258394139288
42492,-8.450851,-3.58385,4.002594,-0.079412,-0.013134,0.032681,31,66.4407635193814
42502,-8.437093,-3.574279,4.00738,-0.079412,-0.009774,0.033139,31,66.3780708105268
42512,-8.44128,-3.586841,3.992425,-0.079565,-0.00733,0.033445,31,66.4766609494794
42522,-8.446664,-3.589832,3.991827,-0.080176,-0.002443,0.034514,31,66.4937946816386
42532,-8.453843,-3.586243,4.002594,-0.080329,-0.000305,0.036194,30.99,66.4491966953631
42542,-8.440681,-3.588636,3.993023,-0.080481,0.001069,0.037263,31,66.4738653732461
42552,-8.449656,-3.578466,4.000201,-0.080481,0.00168,0.038026,31,66.4459954004263
42562,-8.452048,-3.581457,3.993023,-0.080634,0.002749,0.038332,30.98,66.4913627703934
42572,-8.463414,-3.58385,3.974478,-0.080176,0.003054,0.038332,30.98,66.6146846876289
42582,-8.458031,-3.591627,3.976273,-0.079565,0.002902,0.03879,30.96,66.6008963261959
42592,-8.459227,-3.59043,3.968496,-0.079565,0.002443,0.039706,30.96,66.6431894105244
42602,-8.465208,-3.588636,3.969095,-0.079871,0.001069,0.039401,31,66.650943264942
42612,-8.469995,-3.598207,3.980461,-0.080023,-0.000153,0.040012,31,66.6097603321553
42622,-8.464012,-3.589234,3.957729,-0.080023,-0.001374,0.039554,30.97,66.7087086549923
42632,-8.478967,-3.589234,3.955336,-0.07926,-0.004123,0.038332,30.97,66.7524066870787
42642,-8.47119,-3.592823,3.960122,-0.080329,-0.006872,0.037568,31.02,66.7142510944787
42652,-8.483753,-3.594618,3.957131,-0.080023,-0.009316,0.037721,31.02,66.7576574643268
42662,-8.473583,-3.584448,3.964309,-0.080176,-0.012217,0.036652,30.98,66.6898523919477
42672,-8.49452,-3.589832,3.955336,-0.080023,-0.015577,0.035583,30.98,66.7852153495641
42682,-8.484351,-3.592225,3.954738,-0.080787,-0.01909,0.03543,30.97,66.7693595847087
42692,-8.491529,-3.59402,3.957729,-0.080634,-0.022297,0.033139,30.97,66.7701290277574
42702,-8.472386,-3.580261,3.955934,-0.081398,-0.029474,0.033139,31.01,66.7276774099916
42712,-8.480762,-3.585046,3.952943,-0.081245,-0.032376,0.032223,31,66.7650277646247
42722,-8.482555,-3.581457,3.951149,-0.081551,-0.035888,0.030391,31,66.7750296057448
42732,-8.490931,-3.582056,3.952943,-0.081551,-0.040012,0.028711,30.97,66.7835221587378
42742,-8.484351,-3.584448,3.952943,-0.083078,-0.043677,0.027947,30.97,66.771958210051
42752,-8.484949,-3.588037,3.961318,-0.083383,-0.045968,0.027336,31.01,66.7323754470343
42762,-8.478369,-3.582056,3.961318,-0.083383,-0.048564,0.026573,31.01,66.7134258110801
42772,-8.480165,-3.579663,3.969095,-0.083994,-0.050855,0.024893,31.02,66.6742297083069
42782,-8.484351,-3.584448,3.962514,-0.084147,-0.053756,0.02474,31.02,66.721699442688
42792,-8.490333,-3.577868,3.974478,-0.08491,-0.055894,0.022907,30.98,66.6656098262551
42802,-8.475977,-3.585645,3.97388,-0.084299,-0.056963,0.022907,30.98,66.6456552022497
42812,-8.472985,-3.576073,3.969693,-0.084299,-0.05849,0.022449,31.01,66.6529452371093
42822,-8.46102,-3.578466,3.972684,-0.084147,-0.060323,0.021838,31.01,66.6143338466667
42832,-8.472386,-3.576672,3.978666,-0.084758,-0.061087,0.021686,31.02,66.6051155539967
42842,-8.469396,-3.591029,3.982853,-0.085216,-0.060934,0.021533,31.02,66.5895978567194
42852,-8.46102,-3.582056,3.996014,-0.085063,-0.060018,0.021075,31.01,66.4950560805863
42862,-8.46461,-3.579065,3.985246,-0.085827,-0.059865,0.021228,31.01,66.5564202828825
42872,-8.452048,-3.582654,4.001398,-0.085368,-0.058032,0.021991,31,66.4484886011637
42882,-8.437692,-3.580261,4.0008,-0.085674,-0.056963,0.022602,30.95,66.4192354857252
42892,-8.44427,-3.571886,3.99721,-0.085827,-0.054672,0.023518,30.95,66.4444763177004
42902,-8.433504,-3.566502,4.004389,-0.085216,-0.052534,0.024282,31,66.379225117813
42912,-8.437093,-3.574877,4.0008,-0.085521,-0.050396,0.024129,31,66.4131532036636
42922,-8.444869,-3.570091,4.002594,-0.085368,-0.048106,0.025045,30.96,66.4158729246261
42932,-8.440084,-3.578466,4.00738,-0.086285,-0.044746,0.025962,30.96,66.3881392855886
42942,-8.434101,-3.580261,4.001996,-0.085674,-0.041844,0.027947,31.04,66.4053762342995
42952,-8.438888,-3.572484,4.015156,-0.085216,-0.038637,0.028253,31.04,66.3394575840763
42962,-8.428718,-3.573681,4.005585,-0.086132,-0.036041,0.028863,30.97,66.3692483421295
42972,-8.435298,-3.572484,4.006183,-0.086437,-0.032223,0.029627,30.97,66.3789526172913
42982,-8.447861,-3.571288,4.007978,-0.085979,-0.029932,0.031307,30.97,66.3950066498384
42992,-8.432905,-3.577868,4.012764,-0.085674,-0.026114,0.03207,30.97,66.3441743879303
43002,-8.44128,-3.578466,4.005585,-0.085827,-0.023213,0.033139,30.99,66.4000835632477
43012,-8.437093,-3.580261,3.996014,-0.085063,-0.020159,0.034056,30.99,66.4431070482521
43022,-8.444869,-3.577868,4.001398,-0.085216,-0.016646,0.034667,30.96,66.4290929862081
43032,-8.452048,-3.585645,3.999005,-0.085368,-0.013897,0.03543,30.96,66.4637089525043
43042,-8.445468,-3.578466,3.998407,-0.085827,-0.009468,0.036957,30.96,66.446588132633
43052,-8.435298,-3.572484,3.99063,-0.085063,-0.007636,0.03711,30.98,66.4606631327383
43062,-8.448458,-3.583252,4.012166,-0.084452,-0.006567,0.037721,30.98,66.3849987984314
43072,-8.450851,-3.585046,3.983452,-0.085674,-0.005192,0.038179,30.98,66.542297213607
43082,-8.457432,-3.581457,3.987639,-0.084605,-0.003665,0.039401,30.98,66.5309300308525
43092,-8.453244,-3.591029,3.978666,-0.085216,-0.002749,0.039401,30.93,66.5777766051166
43102,-8.454441,-3.588037,3.976871,-0.085979,-0.002749,0.038026,30.93,66.5870521023905
43112,-8.460423,-3.580859,3.983452,-0.085521,-0.003512,0.03879,30.98,66.5586508802836
43122,-8.468199,-3.595814,3.984648,-0.086132,-0.003818,0.038332,30.98,66.5819260418927
43132,-8.469995,-3.589234,3.976871,-0.086285,-0.005498,0.038637,31,66.6206435032346
43142,-8.474181,-3.589234,3.969693,-0.08659,-0.006414,0.038943,31,66.6670521283882
43152,-8.475378,-3.595216,3.978666,-0.087506,-0.008094,0.037721,30.96,66.627759202317
43162,-8.48136,-3.597609,3.971487,-0.087659,-0.01069,0.037874,30.96,66.6799887713793
43172,-8.484949,-3.595216,3.96072,-0.08659,-0.01237,0.036957,31.02,66.7418282271092
43182,-8.478967,-3.584448,3.963711,-0.087506,-0.015272,0.036346,31.02,66.7042094712743
43192,-8.487342,-3.59043,3.963113,-0.087354,-0.017562,0.036499,31,66.7300328535925
43202,-8.481958,-3.581457,3.954139,-0.088423,-0.020159,0.036041,31,66.7580781421314
43212,-8.489137,-3.589234,3.958327,-0.08827,-0.026878,0.034208,31.01,66.7578260951188
43222,-8.475977,-3.592225,3.957729,-0.087659,-0.030391,0.033903,30.96,66.736253851557
43232,-8.482555,-3.586841,3.954738,-0.088728,-0.033903,0.033903,30.96,66.7608996086656
43242,-8.496315,-3.597011,3.957131,-0.08827,-0.036194,0.033445,30.95,66.7858111230136
43252,-8.48136,-3.591627,3.945765,-0.088117,-0.039859,0.032834,30.95,66.8097702655262
43262,-8.490931,-3.588636,3.954139,-0.088728,-0.044135,0.031612,30.99,66.783007281805
43272,-8.493923,-3.584448,3.956532,-0.088728,-0.046426,0.032223,30.99,66.7729846006196
43282,-8.479566,-3.59043,3.955934,-0.088575,-0.049022,0.031307,31,66.7515623915681
43292,-8.486146,-3.595216,3.970889,-0.08827,-0.052076,0.030085,31,66.690972336082
43302,-8.471789,-3.595814,3.968496,-0.088575,-0.05452,0.02978,30.98,66.6741649010459
43312,-8.476574,-3.588037,3.96072,-0.088728,-0.057116,0.029932,30.98,66.7180952626693
43322,-8.474181,-3.589234,3.970889,-0.089186,-0.058796,0.029169,30.94,66.6607744593844
43332,-8.470592,-3.58385,3.975077,-0.089492,-0.060476,0.027794,30.94,66.626543744076
43342,-8.470592,-3.585645,3.973282,-0.089644,-0.061697,0.028863,30.99,66.6375528317355
43352,-8.469396,-3.582654,3.97747,-0.089339,-0.062308,0.028558,30.99,66.6104261536257
43362,-8.459227,-3.584448,3.971487,-0.089339,-0.062919,0.027642,30.98,66.6221701901011
43372,-8.453244,-3.579065,3.979264,-0.089339,-0.06353,0.028558,30.98,66.5640007582176
43382,-8.459227,-3.571288,3.984648,-0.090103,-0.062919,0.029169,30.98,66.5413755692009
43392,-8.451449,-3.562913,3.992425,-0.091019,-0.061545,0.028863,30.99,66.4767485437878
43402,-8.447262,-3.569493,3.999005,-0.091324,-0.060323,0.029169,30.99,66.4392275191387
43412,-8.451449,-3.571886,3.995416,-0.090408,-0.058185,0.029322,31,66.4690208500061
43422,-8.439486,-3.568895,3.999603,-0.090866,-0.056658,0.030543,31,66.4191459798704
43432,-8.44427,-3.574279,4.002594,-0.091172,-0.054672,0.030543,31.02,66.4183472934803
43442,-8.4347,-3.576672,4.004389,-0.090713,-0.051007,0.030543,31.02,66.3908594238051
43452,-8.4347,-3.573082,4.004987,-0.091019,-0.048258,0.031765,31,66.3845037207298
43462,-8.442476,-3.576672,4.00738,-0.091172,-0.045662,0.03207,31,66.3915847855914
43472,-8.439486,-3.584448,4.007978,-0.091324,-0.041692,0.032681,31.01,66.3890986114626
43482,-8.437692,-3.581457,4.009174,-0.090408,-0.038637,0.032987,31.01,66.3763537095053
43492,-8.433504,-3.582654,4.006782,-0.090866,-0.034361,0.032681,30.99,66.38113347079
43502,-8.433504,-3.579065,4.013362,-0.08995,-0.031154,0.033903,30.99,66.3433787488044
43512,-8.432307,-3.574877,4.002594,-0.089797,-0.027947,0.034056,31,66.3936211567709
43522,-8.438289,-3.573082,4.00379,-0.090866,-0.024587,0.034361,31,66.3983729220135
43532,-8.437093,-3.57069,4.008576,-0.090561,-0.021533,0.034667,31.01,66.3685797704059
43542,-8.441879,-3.577868,4.007978,-0.090103,-0.018021,0.035125,31.01,66.3882568426599
43552,-8.450253,-3.580859,4.009772,-0.090561,-0.014813,0.035736,30.99,66.3991942518277
43562,-8.441879,-3.580859,4.003192,-0.090255,-0.008858,0.036652,30.99,66.4160465833939
43572,-8.439486,-3.57727,3.990032,-0.089797,-0.007025,0.036805,30.97,66.4769054216468
43582,-8.44128,-3.582654,3.999005,-0.089492,-0.005651,0.037568,30.95,66.4383665215159
43592,-8.455039,-3.578466,3.988835,-0.090255,-0.003971,0.038332,30.95,66.5169694586789
43602,-8.449656,-3.582056,3.984648,-0.090561,-0.003054,0.037721,30.96,66.5308452813167
43612,-8.467602,-3.583252,3.984648,-0.08995,-0.002138,0.037874,30.96,66.5695360096564
43622,-8.467003,-3.576073,3.974478,-0.090408,-0.001374,0.038485,30.98,66.6153123634134
43632,-8.460423,-3.591029,3.988237,-0.090561,-0.002138,0.039554,30.98,66.542574052152
43642,-8.462217,-3.591029,3.973282,-0.090561,-0.002443,0.039706,30.98,66.6248251901309
43652,-8.459825,-3.576672,3.969095,-0.090255,-0.003207,0.039554,30.98,66.6291075700466
43662,-8.46461,-3.589832,3.971487,-0.08995,-0.00504,0.039706,30.96,66.6381901700376
43672,-8.474181,-3.579065,3.969095,-0.090561,-0.006567,0.039401,30.96,66.6612197723917
43682,-8.467602,-3.589234,3.959523,-0.090255,-0.008705,0.039095,31.01,66.7067579861545
43692,-8.489736,-3.582654,3.964309,-0.090408,-0.011759,0.039248,31.01,66.7219043357635
43702,-8.474779,-3.578466,3.969693,-0.090103,-0.01405,0.03879,31.05,66.6587999966683
43712,-8.478369,-3.588037,3.958327,-0.090408,-0.016799,0.038026,31.05,66.7343986122787
43722,-8.493324,-3.589234,3.951746,-0.090255,-0.020311,0.037568,31.01,66.8010550540607
43732,-8.492128,-3.580859,3.944568,-0.090103,-0.027336,0.035583,31.01,66.8289489913439
43742,-8.484351,-3.58744,3.952943,-0.090866,-0.031612,0.034819,30.98,66.7745840472832
43752,-8.492128,-3.596412,3.955934,-0.091172,-0.034361,0.033903,31.02,66.7828893082738
43762,-8.478369,-3.592823,3.945167,-0.090866,-0.038637,0.033903,31.02,66.8077620323014
43772,-8.493324,-3.585645,3.955934,-0.091783,-0.04215,0.033598,30.98,66.7759285488022
43782,-8.484949,-3.580859,3.957131,-0.09163,-0.045662,0.031918,30.98,66.7480546527384
43792,-8.479566,-3.582654,3.954139,-0.092088,-0.049327,0.031307,31.02,66.7541564170954
43802,-8.48136,-3.589832,3.955336,-0.091783,-0.052382,0.030085,31.02,66.7579047540924
43812,-8.484949,-3.591029,3.9673,-0.092546,-0.055589,0.029169,30.98,66.7036174432985
43822,-8.485548,-3.577868,3.955934,-0.092699,-0.058643,0.029474,30.98,66.7529636383455
43832,-8.477771,-3.59043,3.958925,-0.092241,-0.060628,0.028558,31.01,66.7321209845033
43842,-8.47119,-3.59043,3.967898,-0.091935,-0.062766,0.0281,31.01,66.6712963178262
43852,-8.465807,-3.591627,3.974478,-0.092088,-0.065363,0.027947,31,66.6265753397612
43862,-8.466404,-3.591029,3.975077,-0.092241,-0.066432,0.027184,31,66.6241479606904
43872,-8.472985,-3.58744,3.970889,-0.092393,-0.067042,0.027031,30.97,66.6566953437562
43882,-8.469396,-3.574279,3.970889,-0.092852,-0.068111,0.026725,30.97,66.6375828609248
43892,-8.463414,-3.583252,3.981059,-0.092699,-0.06918,0.025656,31.02,66.5796011438225
43902,-8.457432,-3.582056,3.978068,-0.092241,-0.06857,0.027184,31.02,66.5817176233607
43912,-8.44427,-3.586841,3.991827,-0.090866,-0.066279,0.028558,31,66.4860906791778
43922,-8.453843,-3.574279,3.994219,-0.09163,-0.064599,0.028405,31,66.4824711070919
43932,-8.450253,-3.582056,3.992425,-0.090713,-0.063072,0.028711,31,66.4912618073608
43942,-8.442476,-3.58385,4.0008,-0.091477,-0.061392,0.029169,30.98,66.4325347585225
43952,-8.427522,-3.586243,4.004987,-0.091019,-0.058643,0.030238,30.98,66.3811429584104
43962,-8.434101,-3.583252,4.005585,-0.090255,-0.055741,0.030849,31.01,66.3892146149158
43972,-8.441879,-3.582654,3.997808,-0.090103,-0.051618,0.031001,31.01,66.445912785713
43982,-8.44427,-3.579663,4.015156,-0.090561,-0.048564,0.032834,31.01,66.3572700289989
43992,-8.433504,-3.57069,4.006183,-0.090255,-0.045051,0.033598,31.01,66.3735519880894
44002,-8.435298,-3.581457,4.014558,-0.090408,-0.040623,0.034361,30.98,66.3430474997876
44012,-8.432307,-3.580859,4.012764,-0.090103,-0.036805,0.035125,30.98,66.3455953818173
44022,-8.442476,-3.578466,4.010969,-0.090713,-0.032529,0.035277,30.98,66.3743630798457
44032,-8.429914,-3.57069,4.009772,-0.090255,-0.028863,0.036805,30.98,66.3471069271099
44042,-8.437093,-3.56411,4.013362,-0.089644,-0.024435,0.037568,31,66.3375712779995
44052,-8.44427,-3.566502,4.006782,-0.089339,-0.021533,0.037721,31,66.3894250812355
44062,-8.44128,-3.582056,4.007978,-0.089034,-0.01741,0.038485,31.01,66.3907418636404
44072,-8.434101,-3.576073,3.998407,-0.089034,-0.013897,0.038637,31.01,66.4204763237015
44082,-8.443673,-3.576073,4.00738,-0.088575,-0.007178,0.03879,30.98,66.393576369488
44092,-8.449057,-3.570091,4.009174,-0.088575,-0.004734,0.040012,30.99,66.3901907657747
44102,-8.443074,-3.569493,3.998407,-0.088423,-0.002138,0.040928,30.99,66.4335338158086
44112,-8.453244,-3.575475,3.998407,-0.088728,-0.000153,0.039554,30.95,66.4602977605146
44122,-8.46102,-3.572484,3.991827,-0.088117,0.001527,0.040164,30.95,66.5085182228524
44132,-8.453843,-3.580261,3.988835,-0.088728,0.002596,0.039859,30.99,66.5160535881324
44142,-8.451449,-3.586243,3.975077,-0.087659,0.003512,0.039706,30.99,66.5886178548865
44152,-8.453843,-3.58385,3.97747,-0.088575,0.003665,0.039401,30.98,66.5789323271518
44162,-8.46102,-3.578466,3.97388,-0.089492,0.003207,0.038485,30.98,66.6080500246528
44172,-8.457432,-3.574279,3.966104,-0.088117,0.002902,0.039248,31,66.6377100144641
44182,-8.469995,-3.57727,3.964309,-0.087965,0.001527,0.038943,31,66.6760408186573
44192,-8.462217,-3.582654,3.964907,-0.088575,-0.000305,0.039095,31.05,66.6614121811627
44202,-8.469995,-3.58385,3.954738,-0.088423,-0.001069,0.038026,31.05,66.7321463920859
44212,-8.481958,-3.585645,3.956532,-0.088575,-0.003512,0.038179,30.96,66.7491852829631
44222,-8.475977,-3.58385,3.948756,-0.088575,-0.006872,0.037263,30.96,66.776041782044
44232,-8.486743,-3.582056,3.955934,-0.08827,-0.009774,0.036346,30.98,66.7591192746484
44242,-8.484949,-3.576672,3.946961,-0.087965,-0.013744,0.036346,30.98,66.7978203251804
44252,-8.489137,-3.585046,3.95055,-0.08827,-0.020159,0.035736,31,66.7949857913926
44262,-8.492128,-3.578466,3.949354,-0.088117,-0.024587,0.034972,30.96,66.8017142757655
44272,-8.489736,-3.593421,3.948158,-0.08827,-0.029322,0.034208,30.96,66.8161296738478
44282,-8.487941,-3.582056,3.943372,-0.088117,-0.033139,0.033292,30.96,66.827603291683
44292,-8.487342,-3.572484,3.943372,-0.088423,-0.03711,0.032987,30.96,66.817993883179
44302,-8.487342,-3.583252,3.946362,-0.088881,-0.040775,0.033139,31.02,66.8116939705905
44312,-8.489137,-3.582056,3.947559,-0.088423,-0.045509,0.031001,31.02,66.808080041877
44322,-8.490333,-3.597011,3.952345,-0.088575,-0.048717,0.030849,30.98,66.7985315434404
44332,-8.478369,-3.589234,3.949354,-0.088423,-0.053145,0.031154,30.98,66.7825981253848
44342,-8.485548,-3.586841,3.952943,-0.088728,-0.057269,0.028863,31.01,66.7765432812713
44352,-8.476574,-3.585645,3.948756,-0.088728,-0.060018,0.028711,31.01,66.7788594871343
44362,-8.481958,-3.597011,3.955336,-0.088423,-0.062614,0.027031,31.02,66.7654618340108
44372,-8.469995,-3.575475,3.964907,-0.088881,-0.065668,0.026267,31.02,66.6713163745012
44382,-8.480762,-3.591627,3.969095,-0.089186,-0.067348,0.026114,31.04,66.6860134130201
44392,-8.469995,-3.577868,3.964309,-0.088728,-0.06918,0.025045,31.04,66.6765679759439
44402,-8.470592,-3.585645,3.963113,-0.088575,-0.070555,0.025045,31.02,66.690956331945
44412,-8.474181,-3.579663,3.98405,-0.089644,-0.071319,0.024893,31.02,66.5832670253865
44422,-8.461619,-3.584448,3.985246,-0.089186,-0.071777,0.024129,30.98,66.5549263949063
44432,-8.46102,-3.573082,3.98405,-0.088881,-0.071319,0.024282,31.05,66.5498681681064
44442,-8.463414,-3.574279,3.996612,-0.090103,-0.07025,0.025045,31.05,66.4900410464257
44452,-8.440681,-3.588636,3.984648,-0.08995,-0.068111,0.023671,30.97,66.5178617892096
44462,-8.443673,-3.574877,3.990032,-0.090255,-0.066737,0.023671,30.97,66.4835873001645
44472,-8.446067,-3.568297,4.001398,-0.089644,-0.063835,0.02474,30.98,66.4230789635944
44482,-8.438888,-3.582056,4.006782,-0.08995,-0.061087,0.025198,30.98,66.3919675985034
44492,-8.440681,-3.579663,4.003192,-0.090103,-0.058643,0.025351,30.98,66.4124493328429
44502,-8.446067,-3.57069,4.009772,-0.090408,-0.054978,0.025962,30.98,66.3812737763823
44512,-8.43111,-3.576672,4.009772,-0.089644,-0.050702,0.02642,31.01,66.3550065553162
44522,-8.413164,-3.584448,4.014558,-0.089339,-0.047647,0.026878,31.01,66.2988550533492
44532,-8.425129,-3.583252,4.012764,-0.089797,-0.04383,0.028558,30.97,66.3325557076969
44542,-8.427522,-3.586243,4.005585,-0.089339,-0.038485,0.030238,30.97,66.3780025723673
44552,-8.437692,-3.573681,4.009772,-0.089492,-0.034972,0.030849,30.97,66.3662474294817
44562,-8.435897,-3.579663,4.007978,-0.089644,-0.030696,0.031918,30.97,66.3772288577872
44572,-8.43111,-3.57727,4.016951,-0.089644,-0.026878,0.032681,30.98,66.3178668192701
44582,-8.428718,-3.579663,4.003192,-0.088575,-0.02306,0.03375,30.98,66.3871867199447
44592,-8.4347,-3.59043,4.010969,-0.088575,-0.018326,0.035125,30.99,66.3686728866462
44602,-8.440681,-3.586243,4.003192,-0.088117,-0.011454,0.037263,31.01,66.4183401179799
44612,-8.439486,-3.584448,3.999005,-0.08827,-0.008247,0.037721,31.01,66.4361909277342
44622,-8.446664,-3.586243,3.999005,-0.087812,-0.004276,0.039554,31,66.4529146661651
44632,-8.438888,-3.58385,3.999005,-0.087659,-0.001833,0.039706,31,66.4343952080158
44642,-8.452645,-3.576073,3.987041,-0.087812,0,0.04047,31,66.5192327517029
44652,-8.438289,-3.579065,3.994219,-0.087506,0.002749,0.041386,31,66.4539878736349
44662,-8.452645,-3.592823,3.988835,-0.087354,0.003818,0.041233,31.02,66.5247264191915
44672,-8.458628,-3.586841,3.981657,-0.087659,0.004887,0.041844,31.02,66.5696234870609
44682,-8.458628,-3.585046,3.978068,-0.087506,0.005956,0.042302,31.01,66.5868756910773
44692,-8.459227,-3.579065,3.981059,-0.087506,0.005803,0.041692,31.01,66.5671169391284
44702,-8.477173,-3.588037,3.974478,-0.087659,0.005956,0.041997,31.02,66.6471246299721
44712,-8.465208,-3.591029,3.975077,-0.087965,0.005345,0.042455,31.02,66.6216494442243
44722,-8.467003,-3.58385,3.965506,-0.087659,0.004429,0.041081,30.96,66.6693130861185
44732,-8.472386,-3.583252,3.973282,-0.087812,0.002596,0.041081,30.96,66.6391847022349
44742,-8.482555,-3.576073,3.966702,-0.087965,0.000916,0.042302,31,66.6886158923244
44752,-8.486743,-3.575475,3.965506,-0.088575,-0.001527,0.040317,31,66.7030942371819
44762,-8.483753,-3.582056,3.958327,-0.08827,-0.004276,0.039248,31.03,66.7403375655645
44772,-8.490931,-3.588636,3.957729,-0.088881,-0.011148,0.038485,31.03,66.7641638205094
44782,-8.487941,-3.57727,3.948158,-0.089034,-0.015119,0.03711,31,66.7982637184261
44792,-8.485548,-3.592225,3.949354,-0.089492,-0.019242,0.036652,31.02,66.8001199805603
44802,-8.484949,-3.586243,3.942175,-0.088728,-0.023671,0.036652,31.02,66.8313593697653
44812,-8.484949,-3.579065,3.940979,-0.088575,-0.026878,0.034667,31.03,66.8313651760914
44822,-8.493923,-3.589234,3.948158,-0.089034,-0.031612,0.034819,31.03,66.8211339899089
44832,-8.493923,-3.586243,3.951149,-0.089492,-0.036652,0.034208,31.04,66.8028121954771
44842,-8.489137,-3.583252,3.951746,-0.090255,-0.04047,0.033292,31.04,66.7871327123402
44852,-8.486743,-3.579065,3.951149,-0.090103,-0.044746,0.032223,30.97,66.7816318096236
44862,-8.485548,-3.588636,3.944568,-0.090408,-0.048717,0.030849,30.97,66.8221190244398
44872,-8.478967,-3.580859,3.951149,-0.090561,-0.052687,0.029932,31,66.7670487959818
44882,-8.48136,-3.580261,3.955336,-0.090103,-0.056658,0.029322,31,66.7494960448658
44892,-8.488539,-3.585046,3.95055,-0.090713,-0.060018,0.028863,30.96,66.7937453072013
44902,-8.47119,-3.582654,3.952943,-0.091783,-0.063683,0.028405,30.96,66.7430188135869
44912,-8.466404,-3.579663,3.960122,-0.091324,-0.065363,0.028253,30.99,66.6926647862526
44922,-8.466404,-3.571288,3.969095,-0.091019,-0.067501,0.027031,30.99,66.6381135085104
44932,-8.466404,-3.586841,3.970889,-0.090866,-0.069791,0.027336,31.04,66.6424296108773
44942,-8.469396,-3.573681,3.969095,-0.091019,-0.073304,0.027489,31.04,66.6464794097004
44952,-8.457432,-3.576672,3.978068,-0.091477,-0.073762,0.027031,30.96,66.576942629774
44962,-8.464012,-3.575475,3.987639,-0.091324,-0.074067,0.026267,30.95,66.5394274667311
44972,-8.447861,-3.579663,3.986442,-0.09163,-0.073609,0.02642,30.95,66.5155202774133
44982,-8.463414,-3.578466,3.988835,-0.090866,-0.072082,0.027184,31,66.5345492724506
44992,-8.439486,-3.582056,3.987041,-0.091172,-0.071777,0.027184,31,66.4968968761292
45002,-8.447262,-3.576073,3.993023,-0.091019,-0.070097,0.027642,31.02,66.4764983963118
45012,-8.449057,-3.579065,3.994817,-0.090866,-0.067959,0.028558,31.02,66.4735240282543
45022,-8.444869,-3.57727,4.015156,-0.091477,-0.065363,0.028863,30.98,66.3563929492346
45032,-8.433504,-3.570091,4.010371,-0.091783,-0.062308,0.028711,30.98,66.3510262954791
45042,-8.438888,-3.576672,4.004987,-0.091935,-0.058948,0.030085,30.97,66.396566397249
45052,-8.440084,-3.577868,4.016353,-0.091477,-0.055741,0.030543,30.97,66.3405360866087
45062,-8.430512,-3.574877,4.018147,-0.092088,-0.050855,0.031154,31.01,66.3081738160203
45072,-8.435298,-3.579663,4.016951,-0.091783,-0.046884,0.031307,31.01,66.3288846313887
45082,-8.435298,-3.59043,4.006782,-0.092546,-0.043524,0.031612,30.98,66.3919030646956
45092,-8.43111,-3.576073,4.008576,-0.092699,-0.039248,0.032834,30.98,66.3607480262969
45102,-8.434101,-3.577868,4.015755,-0.093462,-0.036041,0.032834,31,66.33101243762
45112,-8.43111,-3.584448,4.013362,-0.093004,-0.031154,0.034514,31,66.3431513506738
45122,-8.430512,-3.579065,4.016951,-0.093004,-0.022755,0.034514,31,66.3182138437576
45132,-8.446664,-3.576073,4.016353,-0.093004,-0.018937,0.035736,30.99,66.3528405351292
45142,-8.446664,-3.58744,4.008576,-0.094073,-0.014966,0.036499,30.99,66.4037838812365
45152,-8.444869,-3.58744,4.007978,-0.093615,-0.011148,0.036805,30.97,66.4031353555113
45162,-8.4347,-3.579065,4.007978,-0.094073,-0.008399,0.038179,30.97,66.3741629517882
45172,-8.449057,-3.580859,4.004389,-0.093768,-0.00504,0.03879,31,66.4248994186338
45182,-8.455637,-3.585645,4.001996,-0.093157,-0.001222,0.039248,31,66.4555722545832
45192,-8.447861,-3.589234,3.994219,-0.094226,0.000611,0.039248,30.98,66.4832206442952
45202,-8.452645,-3.585046,3.982853,-0.09499,0.001222,0.038943,30.98,66.5492068206805
45212,-8.458031,-3.589234,3.982255,-0.094684,0.002749,0.039554,30.97,66.5673598175457
45222,-8.449057,-3.58744,3.982853,-0.094073,0.003818,0.040928,30.97,66.5438113346505
45232,-8.459227,-3.59043,3.974478,-0.093921,0.004429,0.040775,31.01,66.6117623878741
45242,-8.467602,-3.585046,3.976273,-0.094073,0.004276,0.040775,31.01,66.6150750127682
45252,-8.469995,-3.585645,3.975077,-0.093768,0.003512,0.041386,30.96,66.6268835833158
45262,-8.461619,-3.586243,3.9673,-0.094226,0.00168,0.041844,30.96,66.6507614063803
45272,-8.478369,-3.584448,3.964309,-0.094226,-0.000305,0.041692,30.97,66.6998242230269
45282,-8.483753,-3.586841,3.959523,-0.093921,-0.002138,0.042608,30.97,66.738260942063
45292,-8.475977,-3.59043,3.960122,-0.093768,-0.007789,0.040775,30.97,66.7221023813142
45302,-8.491529,-3.576073,3.959523,-0.094073,-0.010843,0.041233,30.98,66.7449804607572
45312,-8.482555,-3.584448,3.951746,-0.093462,-0.014813,0.040012,30.98,66.774516838094
45322,-8.492725,-3.597609,3.955336,-0.09331,-0.018173,0.039554,31,66.7883149142187
45332,-8.492128,-3.574279,3.955336,-0.093615,-0.022602,0.038637,31,66.7666373196619
45342,-8.490931,-3.577868,3.955934,-0.093615,-0.025962,0.038485,30.98,66.7641506722064
45352,-8.478369,-3.589234,3.941577,-0.094379,-0.030238,0.038026,30.98,66.8234869136432
45362,-8.486743,-3.58744,3.946961,-0.093615,-0.034667,0.037415,31,66.8109728713298
45372,-8.490333,-3.59043,3.95055,-0.094073,-0.038637,0.036805,31,66.8021833621976
45382,-8.489736,-3.592823,3.948756,-0.094379,-0.043066,0.036346,31.02,66.8124648866122
45392,-8.488539,-3.59043,3.94397,-0.094226,-0.046884,0.035736,31.02,66.8330295569494
45402,-8.483753,-3.591627,3.957729,-0.093615,-0.050091,0.03543,30.99,66.7518873208584
45412,-8.473583,-3.579065,3.965506,-0.093921,-0.054367,0.035125,30.99,66.678820676658
45422,-8.49452,-3.581457,3.952345,-0.094226,-0.056963,0.034972,31,66.7935840226406
45432,-8.478967,-3.598805,3.955934,-0.094226,-0.06017,0.033598,31,66.7576927025704
45442,-8.474779,-3.588037,3.969693,-0.095142,-0.062156,0.032987,30.98,66.6672420972085
45452,-8.487941,-3.582056,3.968496,-0.095753,-0.06521,0.032376,30.98,66.6956781885271
45462,-8.470592,-3.579663,3.967898,-0.095906,-0.069028,0.032987,31.01,66.6605418775947
45472,-8.472386,-3.591029,3.976871,-0.095753,-0.070402,0.031918,30.98,66.6272250251569
45482,-8.453244,-3.573082,3.974478,-0.095906,-0.070708,0.031612,30.98,66.5838463195073
45492,-8.459825,-3.576672,3.97747,-0.095295,-0.070708,0.031765,31.01,66.5850991537098
45502,-8.467602,-3.578466,3.983452,-0.095906,-0.07025,0.031001,31.01,66.5715727558137
45512,-8.465807,-3.59402,3.982255,-0.096211,-0.070555,0.031765,31.02,66.5878840035523
45522,-8.453244,-3.582056,3.99063,-0.096211,-0.069944,0.031765,31.02,66.5069698879205
45532,-8.455039,-3.573681,3.999005,-0.095906,-0.068264,0.031612,30.98,66.4593422898287
45542,-8.451449,-3.579065,3.998407,-0.096364,-0.066432,0.031307,30.98,66.4597176032565
45552,-8.455637,-3.586841,4.00379,-0.096059,-0.064752,0.032834,31.04,66.4472343041403
45562,-8.439486,-3.578466,3.997808,-0.095753,-0.062766,0.032529,31.04,66.4371246846402
45572,-8.436494,-3.576073,3.998407,-0.096211,-0.059559,0.032681,31,66.4255271991346
45582,-8.431709,-3.571288,4.016951,-0.096364,-0.056352,0.033139,31,66.3137624960311
45592,-8.429914,-3.573082,3.998407,-0.095753,-0.053451,0.034667,31,66.4089548980103
45602,-8.437692,-3.57727,4.016951,-0.095448,-0.050091,0.034208,31,66.3318030453162
45612,-8.440681,-3.57727,4.012764,-0.095906,-0.046578,0.035888,31.01,66.360084264056
45622,-8.425129,-3.583252,4.010371,-0.095906,-0.043066,0.036194,31.01,66.3451193105109
45632,-8.425129,-3.582654,4.014558,-0.097128,-0.039248,0.038637,31.03,66.3225998830992
45642,-8.437692,-3.581457,4.012764,-0.096364,-0.031001,0.039248,31.01,66.3575199252854
45652,-8.4347,-3.580261,4.015755,-0.096669,-0.027489,0.040317,31.01,66.334429359009
45662,-8.439486,-3.580261,4.015156,-0.097586,-0.024129,0.039706,30.97,66.3476943233944
45672,-8.437692,-3.571288,4.010969,-0.097586,-0.02138,0.039554,30.97,66.3578228548643
45682,-8.445468,-3.585645,4.015755,-0.097891,-0.018021,0.041233,30.99,66.3620209631938
45692,-8.445468,-3.585645,4.003192,-0.097891,-0.015882,0.040775,30.99,66.4278937015825
45702,-8.447262,-3.565306,4.003192,-0.097891,-0.012675,0.041081,31,66.4135189899243
45712,-8.450253,-3.583252,3.992425,-0.098197,-0.010232,0.042302,31,66.4923277712249
45722,-8.445468,-3.573681,3.994817,-0.098349,-0.008247,0.041386,31,66.4611678474871
45732,-8.448458,-3.572484,3.99721,-0.098655,-0.006872,0.042608,31,66.4538363038555
45742,-8.460423,-3.586841,3.992425,-0.098197,-0.005803,0.042302,31.03,66.5168807302897
45752,-8.451449,-3.586243,3.988237,-0.098349,-0.005192,0.042302,31.03,66.519491023121
45762,-8.46461,-3.584448,3.981059,-0.098807,-0.004429,0.042455,31,66.5831651274479
45772,-8.453843,-3.582056,3.979862,-0.098807,-0.004123,0.042608,31,66.5647717848507
45782,-8.462217,-3.576672,3.975077,-0.098807,-0.004734,0.041386,30.99,66.6026795785981
45792,-8.472985,-3.582056,3.969693,-0.098655,-0.006261,0.040928,30.99,66.6582214308622
45802,-8.480165,-3.593421,3.963113,-0.098655,-0.007636,0.040164,31.02,66.7177452256571
45812,-8.472985,-3.584448,3.96072,-0.099418,-0.01069,0.040775,31.02,66.7074599357392
45822,-8.48136,-3.58385,3.963113,-0.099113,-0.013134,0.040317,31.02,66.7118051358676
45832,-8.486743,-3.593421,3.953541,-0.09896,-0.016188,0.03879,30.97,66.7816587654432
45842,-8.481958,-3.583252,3.951149,-0.098502,-0.019548,0.038637,30.97,66.7753642417329
45852,-8.480165,-3.582654,3.953541,-0.098807,-0.022449,0.037415,31.02,66.758543998358
45862,-8.473583,-3.588636,3.957729,-0.098807,-0.025351,0.037568,31.02,66.7281111744428
45872,-8.489137,-3.588636,3.955934,-0.098502,-0.0281,0.036805,31.04,66.7698621296955
45882,-8.485548,-3.582654,3.956532,-0.098807,-0.032223,0.036652,31.04,66.7540203472609
45892,-8.490931,-3.58385,3.956532,-0.098502,-0.035125,0.035888,31,66.7662504399842
45902,-8.486146,-3.588037,3.958327,-0.099113,-0.039248,0.034972,31,66.7505635645433
45912,-8.475378,-3.585645,3.954738,-0.098807,-0.042761,0.034667,30.98,66.7449291152564
45922,-8.475378,-3.588037,3.951746,-0.099571,-0.046578,0.034208,30.98,66.7627594924515
45932,-8.477771,-3.593421,3.951149,-0.099266,-0.048869,0.034208,31,66.775605361526
45942,-8.474181,-3.577868,3.954139,-0.09896,-0.051924,0.03375,31,66.7387468643307
45952,-8.484949,-3.580859,3.961318,-0.098044,-0.055131,0.03375,31.01,66.7260692852111
45962,-8.486743,-3.59402,3.960122,-0.098655,-0.058032,0.032834,31.01,66.7476399008281
45972,-8.47119,-3.581457,3.966702,-0.098502,-0.060476,0.032529,31.02,66.6696548399933
45982,-8.476574,-3.581457,3.9673,-0.098807,-0.063835,0.032376,31.02,66.677744800956
45992,-8.464012,-3.586243,3.973282,-0.098197,-0.065057,0.032834,30.99,66.624335292294
46003,-8.477173,-3.589832,3.968496,-0.097433,-0.065515,0.03375,31,66.6800985679292
46012,-8.462217,-3.585046,3.981059,-0.09728,-0.066584,0.033598,31,66.5786857154879
46022,-8.461619,-3.579663,3.99063,-0.098197,-0.067348,0.03375,30.98,66.5224276449674
46032,-8.451449,-3.585046,3.986442,-0.097128,-0.06689,0.033903,30.98,66.5278495888132
46042,-8.449656,-3.578466,3.985844,-0.097586,-0.066737,0.033903,30.98,66.5213678664641
46052,-8.451449,-3.576672,3.993023,-0.098044,-0.066126,0.032987,30.98,66.4858422486272
46062,-8.445468,-3.583252,3.976273,-0.097738,-0.064752,0.033903,31,66.5671329255473
46072,-8.445468,-3.580261,3.993621,-0.098044,-0.062766,0.034972,31,66.4733165915188
46082,-8.447262,-3.584448,3.990032,-0.097738,-0.060934,0.03543,30.98,66.4996707334437
46092,-8.441879,-3.584448,3.997808,-0.097433,-0.058948,0.034514,30.98,66.4475170467446
46102,-8.429317,-3.577868,4.00379,-0.097891,-0.056047,0.035888,31.04,66.3837007180485
46112,-8.440084,-3.577868,4.006782,-0.097891,-0.053298,0.036652,31.04,66.3907418856138
46122,-8.442476,-3.57727,4.009772,-0.097586,-0.050244,0.03711,30.96,66.3795710486338
46132,-8.442476,-3.582654,4.009174,-0.097738,-0.046884,0.038332,30.96,66.3875282383988
46142,-8.438888,-3.578466,4.005585,-0.098197,-0.04383,0.038485,30.98,66.3950336636339
46152,-8.438289,-3.58385,4.006183,-0.098349,-0.039859,0.040164,30.98,66.3954543371166
46162,-8.431709,-3.583252,4.010371,-0.097738,-0.033445,0.04047,31,66.3590388435036
46172,-8.435897,-3.575475,4.006183,-0.099266,-0.030391,0.041386,31,66.3828975959931
46182,-8.438289,-3.579065,4.00738,-0.099113,-0.027184,0.041539,31,66.3848846979043
46192,-8.447262,-3.57727,4.004389,-0.098807,-0.024435,0.042302,30.98,66.4179103049311
46202,-8.440681,-3.586841,3.998407,-0.099418,-0.021228,0.042608,30.98,66.4439901660116
46212,-8.449656,-3.588037,4.006183,-0.099266,-0.018784,0.043066,30.99,66.4231687238162
46222,-8.439486,-3.578466,3.990032,-0.099113,-0.016952,0.044288,30.99,66.4779731978972
46232,-8.456235,-3.574877,4.002594,-0.099266,-0.014203,0.043219,30.99,66.4441002449035
46242,-8.453244,-3.586243,3.99721,-0.099571,-0.012981,0.043982,30.99,66.4761729711514
46252,-8.441879,-3.57727,3.981059,-0.099113,-0.011148,0.044593,30.98,66.5291062782052
46262,-8.456235,-3.58385,3.986442,-0.099266,-0.010537,0.044593,30.98,66.5368288266952
46272,-8.448458,-3.580261,3.97747,-0.099266,-0.010232,0.044135,30.99,66.5644521413672
46282,-8.451449,-3.580859,3.979264,-0.099418,-0.009774,0.043982,30.99,66.5618295582559
46292,-8.464012,-3.584448,3.976273,-0.099418,-0.009621,0.04383,31.01,66.6070388976062
46302,-8.458031,-3.580261,3.976871,-0.09896,-0.009774,0.044899,31.01,66.5876681952485
46312,-8.47119,-3.588037,3.975077,-0.099571,-0.010843,0.043524,31.02,66.6314948590597
46322,-8.484351,-3.576073,3.970291,-0.099113,-0.011912,0.043371,31.02,66.6735238557537
46332,-8.483753,-3.582056,3.963711,-0.100487,-0.015882,0.042608,31.02,66.7120695683979
46342,-8.480165,-3.585046,3.96072,-0.099724,-0.016799,0.041997,31.02,66.7229351206063
46352,-8.477771,-3.592225,3.956532,-0.09896,-0.019242,0.042455,31.02,66.7462709975968
46362,-8.485548,-3.585645,3.955934,-0.099571,-0.021686,0.041081,31.02,66.7597855140484
46372,-8.492128,-3.589832,3.956532,-0.099113,-0.025045,0.041081,31.02,66.7739784095272
46382,-8.483154,-3.583252,3.957729,-0.100029,-0.027489,0.039706,31.01,66.7432827532046
46392,-8.474181,-3.588037,3.959523,-0.100793,-0.030696,0.03879,31.01,66.7194022193426
46402,-8.492725,-3.589832,3.952345,-0.10064,-0.034514,0.037874,31.03,66.7971929104936
46412,-8.486146,-3.589234,3.951746,-0.100793,-0.037874,0.036805,31.03,66.7861710855823
46422,-8.486743,-3.588037,3.955934,-0.100182,-0.04047,0.037415,31.06,66.7643668961837
46432,-8.484351,-3.585645,3.963113,-0.100335,-0.044288,0.036194,31.06,66.7196074769321
46442,-8.478967,-3.581457,3.960122,-0.099876,-0.047189,0.036346,30.98,66.7204258667348
46452,-8.489137,-3.580261,3.957131,-0.100335,-0.050396,0.034361,30.98,66.7562345966419
46462,-8.483753,-3.58385,3.961916,-0.100487,-0.052229,0.033903,31,66.7230690328811
46472,-8.477173,-3.580859,3.966702,-0.101251,-0.055436,0.033292,31,66.6816067879193
46482,-8.479566,-3.576672,3.9673,-0.101098,-0.058032,0.032987,30.98,66.679771621514
46492,-8.475977,-3.579663,3.964309,-0.101404,-0.060476,0.031918,30.98,66.6906268043402
46502,-8.471789,-3.57727,3.967898,-0.101862,-0.064141,0.03146,31,66.6609304733548
46512,-8.453244,-3.581457,3.968496,-0.101404,-0.064752,0.031154,31.01,66.6227233493553
46522,-8.463414,-3.593421,3.973282,-0.102014,-0.066737,0.030543,31.01,66.6294469161586
46532,-8.455637,-3.586243,3.969693,-0.101709,-0.067195,0.030543,31,66.6256815949309
46542,-8.449057,-3.588037,3.975675,-0.100945,-0.066432,0.030696,31,66.5820591509479
46552,-8.455637,-3.585046,3.996612,-0.101251,-0.06689,0.031001,31.01,66.4832723005422
46562,-8.445468,-3.593421,3.986442,-0.101709,-0.066584,0.031154,31.01,66.5227636436063
46572,-8.452645,-3.589832,3.990032,-0.100945,-0.064904,0.032223,31,66.5157776202256
46582,-8.459825,-3.58385,3.993023,-0.100945,-0.063683,0.032376,31,66.5098291168826
46592,-8.454441,-3.577868,3.989433,-0.101709,-0.062614,0.032529,31,66.5120422723366
46602,-8.444869,-3.578466,3.991827,-0.100945,-0.059865,0.033445,31,66.4798757745538
46612,-8.453843,-3.592823,3.994817,-0.100793,-0.057421,0.034667,31.01,66.4958535833702
46622,-8.444869,-3.582654,3.991228,-0.101098,-0.054978,0.034667,31.01,66.4867578668351
46632,-8.450253,-3.59402,4.00379,-0.100793,-0.052229,0.035277,31.01,66.4423231470748
46642,-8.437093,-3.585645,3.99721,-0.10064,-0.048411,0.036805,31.01,66.4416447390102
46652,-8.44128,-3.594618,3.998407,-0.101098,-0.045815,0.037568,31,66.4522163601615
46662,-8.454441,-3.579663,4.010969,-0.100793,-0.042761,0.038332,31,66.4006827231889
46672,-8.443074,-3.588037,4.004389,-0.10064,-0.036194,0.040164,31.02,66.4187106136123
46682,-8.443673,-3.586841,4.010371,-0.100335,-0.032376,0.040164,31.03,66.3875280846503
46692,-8.443074,-3.586243,4.015156,-0.101098,-0.028711,0.040775,31.03,66.3606416335348
46702,-8.440681,-3.588636,4.007978,-0.101251,-0.025656,0.041386,30.98,66.3953753487587
46712,-8.44128,-3.589234,3.998407,-0.100793,-0.023366,0.042302,30.98,66.4473938863771
46722,-8.442476,-3.582056,3.997808,-0.101251,-0.020464,0.042913,30.99,66.446635924427
46732,-8.44427,-3.589234,4.001398,-0.101251,-0.01741,0.043066,30.99,66.4379936294898
46742,-8.449057,-3.572484,3.997808,-0.101098,-0.015424,0.044899,30.97,66.4519593274532
46752,-8.450253,-3.581457,3.996612,-0.100945,-0.013286,0.045357,30.97,66.4687522058744
46762,-8.446664,-3.580859,3.99721,-0.101098,-0.011912,0.044899,30.95,66.457526286987
46772,-8.453843,-3.588037,3.988835,-0.100793,-0.009927,0.045815,30.95,66.5229749049582
46782,-8.455039,-3.588636,3.986442,-0.101556,-0.008858,0.04612,31.01,66.5385778464913
46792,-8.442476,-3.579065,3.98405,-0.101862,-0.008705,0.046273,31.01,66.5162371024216
46802,-8.466404,-3.58385,3.981657,-0.102167,-0.008094,0.046426,31.01,66.5832517264078
46812,-8.459825,-3.589832,3.98405,-0.102167,-0.008705,0.046426,31.01,66.5622269082431
46822,-8.472985,-3.592225,3.979264,-0.101556,-0.009163,0.046273,30.95,66.6169808711357
46832,-8.465208,-3.574279,3.975077,-0.10232,-0.010537,0.046273,30.95,66.6068247323794
46842,-8.477771,-3.585645,3.963113,-0.102625,-0.013592,0.045357,31,66.705912992927
46852,-8.475977,-3.58744,3.963113,-0.102931,-0.015577,0.045051,30.95,66.7037587371125
46862,-8.466404,-3.580261,3.963711,-0.102014,-0.01741,0.044899,30.95,66.6743265447082
46872,-8.485548,-3.578466,3.953541,-0.101404,-0.020617,0.044746,30.98,66.766057998209
46882,-8.480762,-3.580261,3.961916,-0.101098,-0.024129,0.044288,30.98,66.713689515133
46892,-8.492725,-3.579065,3.951746,-0.101862,-0.026573,0.04383,31.02,66.7909136730265
46902,-8.493324,-3.582654,3.954139,-0.10232,-0.029627,0.043677,31.02,66.782731807557
46912,-8.48136,-3.588636,3.945765,-0.102014,-0.033292,0.042761,30.99,66.8071446702484
46922,-8.491529,-3.576672,3.953541,-0.101404,-0.036805,0.042302,30.99,66.7769118248419
46932,-8.492128,-3.575475,3.949354,-0.10232,-0.04047,0.040775,30.98,66.7991003308328
46942,-8.487342,-3.584448,3.951149,-0.102778,-0.043982,0.04047,30.98,66.7875913612118
46952,-8.484949,-3.582654,3.952345,-0.101709,-0.047342,0.040623,31.01,66.7747679887629
46962,-8.484351,-3.572484,3.951149,-0.102473,-0.051007,0.039248,31.01,66.7708994295302
46972,-8.474779,-3.578466,3.951149,-0.10232,-0.054367,0.038179,31,66.7562377689211
46982,-8.485548,-3.582654,3.966104,-0.102167,-0.057116,0.038026,31,66.7037720605464
46992,-8.483154,-3.575475,3.948158,-0.102167,-0.060018,0.03879,31.02,66.7867520353239
47002,-8.480762,-3.578466,3.958327,-0.102625,-0.062003,0.037568,31.02,66.7309626838321
47012,-8.48136,-3.586841,3.9673,-0.102473,-0.064752,0.036652,31.04,66.6924599908845
47022,-8.462217,-3.58385,3.966104,-0.102625,-0.068875,0.035583,31.04,66.6561783582765
47032,-8.462217,-3.57727,3.976871,-0.102625,-0.070097,0.034972,31.02,66.5937854984425
47042,-8.461619,-3.589234,3.974478,-0.102931,-0.070097,0.034819,30.99,66.6157026046046
47052,-8.468798,-3.576672,3.981059,-0.102931,-0.071929,0.034514,30.99,66.5850482408746
47062,-8.457432,-3.579663,3.990032,-0.103084,-0.071013,0.034514,31.01,66.5167760027902
47072,-8.464012,-3.586243,3.991827,-0.103694,-0.071319,0.033139,31.01,66.5270128943041
47082,-8.452048,-3.586243,3.982255,-0.104153,-0.071166,0.032834,31,66.5521605331419
47092,-8.455637,-3.59043,3.992425,-0.104,-0.069791,0.033292,31,66.5100334319602
47102,-8.457432,-3.580261,3.992425,-0.104153,-0.067501,0.033445,30.97,66.5047500876581
47112,-8.450851,-3.581457,3.99721,-0.103847,-0.066126,0.032834,30.97,66.4668724167751
47122,-8.443074,-3.577868,3.997808,-0.104458,-0.064446,0.032834,30.97,66.4441540616711
47132,-8.439486,-3.581457,3.993023,-0.104611,-0.061545,0.032834,30.97,66.4649306369289
47142,-8.443074,-3.586243,4.005585,-0.104458,-0.058948,0.033445,30.97,66.4108298601601
47152,-8.441879,-3.585046,4.009174,-0.104763,-0.055894,0.034514,30.97,66.3884113604421
47162,-8.432905,-3.586243,4.006782,-0.104305,-0.052993,0.034361,31,66.3830904815985
47172,-8.437093,-3.588037,4.015156,-0.104611,-0.049786,0.035277,31,66.3496175338819
47182,-8.437692,-3.581457,4.010371,-0.104763,-0.045815,0.03543,30.99,66.3700734306356
47192,-8.438888,-3.575475,4.015156,-0.105069,-0.039248,0.035888,30.99,66.3421380395043
47202,-8.431709,-3.57727,3.999005,-0.104458,-0.034972,0.037721,31,66.4133560029819
47212,-8.435897,-3.579065,4.016353,-0.104153,-0.030543,0.038026,30.97,66.3327517357847
47222,-8.446664,-3.579663,4.000201,-0.104458,-0.027947,0.038637,30.97,66.4407609181406
47232,-8.431709,-3.581457,4.006183,-0.104153,-0.024282,0.039248,31,66.379410877733
47242,-8.444869,-3.574877,4.002594,-0.104763,-0.020006,0.039859,31,66.420144952773
47252,-8.4347,-3.585645,4.0008,-0.104763,-0.017562,0.040775,31.02,66.4177474760684
47262,-8.439486,-3.589234,4.004987,-0.104916,-0.014813,0.041081,31.02,66.4090824204662
47272,-8.444869,-3.582056,4.001996,-0.104458,-0.012217,0.041997,31.02,66.429697154543
47282,-8.447861,-3.58385,3.991827,-0.103542,-0.009621,0.043066,31.02,66.4909716708306
47292,-8.445468,-3.58744,3.994219,-0.103694,-0.008247,0.043524,30.99,66.4765865794427
47302,-8.455637,-3.582056,3.985246,-0.103236,-0.007636,0.043524,30.99,66.5402583774822
47312,-8.454441,-3.580859,3.987639,-0.104,-0.005803,0.04383,31,66.5241201708229
47322,-8.455039,-3.586243,3.979264,-0.104,-0.005345,0.044288,31,66.5741400045156
47332,-8.468199,-3.591029,3.979264,-0.103389,-0.005498,0.044593,31.01,66.6059239794274
47342,-8.459227,-3.576672,3.975077,-0.103694,-0.005651,0.044746,31.01,66.5964182640705
47352,-8.470592,-3.592823,3.972684,-0.103236,-0.006567,0.045509,31.02,66.6470401255735
47362,-8.473583,-3.591029,3.958327,-0.103084,-0.007789,0.046273,31.02,66.7270786750903
47372,-8.472386,-3.584448,3.962514,-0.103084,-0.011454,0.045204,31.04,66.6967866171252
47382,-8.483154,-3.57727,3.955934,-0.102473,-0.012675,0.043982,31.01,66.7474609347876
47392,-8.48136,-3.586243,3.969693,-0.102014,-0.015882,0.043677,31.01,66.6793761214344
47402,-8.478369,-3.588037,3.951746,-0.101556,-0.018021,0.044288,31,66.7689743934963
47412,-8.482555,-3.574877,3.949952,-0.101098,-0.020922,0.044288,31,66.7755530307463
47422,-8.468798,-3.597011,3.954738,-0.100335,-0.023671,0.042608,31.02,66.7412648602378
47432,-8.481958,-3.585046,3.949354,-0.099876,-0.027794,0.041692,31.02,66.7863715019267
47442,-8.490333,-3.584448,3.947559,-0.100182,-0.031154,0.041386,31,66.812653211035
47452,-8.487941,-3.582056,3.951746,-0.099876,-0.034819,0.040775,31,66.7836027778177
47462,-8.482555,-3.59043,3.949354,-0.099113,-0.037874,0.040317,31,66.7923367113831
47472,-8.474779,-3.579663,3.944568,-0.099113,-0.041386,0.039706,31,66.7919018079415
47482,-8.491529,-3.573082,3.946362,-0.099266,-0.045051,0.038943,30.98,66.8114875792511
47492,-8.486146,-3.585046,3.946362,-0.098655,-0.048869,0.038026,30.98,66.81078494282
47502,-8.480165,-3.58385,3.95055,-0.099418,-0.052382,0.036194,31.04,66.7753124845031
47512,-8.470592,-3.585046,3.955336,-0.09896,-0.056047,0.036652,31.04,66.7312991689563
47522,-8.483753,-3.589234,3.955934,-0.098807,-0.058643,0.036041,31.02,66.7592090896859
47532,-8.476574,-3.579663,3.964309,-0.099113,-0.061697,0.035736,31.02,66.6918712992011
47542,-8.474181,-3.578466,3.96072,-0.098197,-0.066584,0.034972,31,66.7046836868916
47552,-8.477771,-3.583252,3.968496,-0.098502,-0.068264,0.034514,30.98,66.6755432083241
47562,-8.472386,-3.579663,3.972086,-0.097586,-0.070402,0.033903,30.98,66.6422949627659
47572,-8.459825,-3.586841,3.972684,-0.097738,-0.071929,0.033903,31.02,66.6192528863654
47582,-8.468798,-3.57727,3.972684,-0.097586,-0.072235,0.03375,31.02,66.6295450815832
47592,-8.463414,-3.577868,3.978666,-0.09728,-0.072235,0.033903,31.02,66.5873949225267
47602,-8.459825,-3.592823,3.972086,-0.098044,-0.071777,0.033445,31.02,66.6277001439089
47612,-8.456833,-3.589832,3.986442,-0.097586,-0.071777,0.034056,31.03,66.543403706165
47622,-8.459227,-3.581457,3.990032,-0.096364,-0.071013,0.034056,31.03,66.5221385101718
47632,-8.453244,-3.579663,3.99721,-0.096364,-0.06857,0.034819,31.01,66.4703080285492
47642,-8.443074,-3.585645,3.994817,-0.096975,-0.067501,0.034361,31.01,66.4668063022769
47652,-8.451449,-3.58385,4.006183,-0.096975,-0.065515,0.034208,30.98,66.4232029937547
47662,-8.437093,-3.57727,3.999603,-0.097433,-0.062461,0.034972,30.98,66.4215804276038
47672,-8.437692,-3.580859,4.012166,-0.097586,-0.059559,0.03543,31.05,66.3601203141471
47682,-8.440084,-3.580859,4.002594,-0.09728,-0.056963,0.036194,31.05,66.4153989189858
47692,-8.441879,-3.573082,4.010969,-0.097433,-0.05284,0.036041,31.01,66.3682828234897
47702,-8.4347,-3.584448,4.012166,-0.09728,-0.049633,0.036041,31.01,66.3570176860422
47712,-8.437093,-3.578466,4.01396,-0.098349,-0.042302,0.036805,31.03,66.3472963723807
47722,-8.44128,-3.586243,4.008576,-0.098807,-0.037874,0.03711,30.98,66.3913567917056
47732,-8.423933,-3.588037,4.009772,-0.09896,-0.034208,0.037568,30.98,66.3500431074934
47742,-8.436494,-3.579663,4.015156,-0.09896,-0.030543,0.037568,30.97,66.3408300000641
47752,-8.434101,-3.580859,4.009772,-0.098655,-0.026573,0.03879,30.97,66.3650906108978
47762,-8.439486,-3.582056,4.013362,-0.098807,-0.024129,0.039095,31.02,66.3587124603568
47772,-8.439486,-3.581457,4.009174,-0.09896,-0.020006,0.038943,31.02,66.3801429978689
47782,-8.439486,-3.585046,4.012764,-0.099113,-0.016952,0.039401,31.01,66.3645309993328
47792,-8.44427,-3.582654,4.004389,-0.099724,-0.013286,0.039401,31.01,66.4164135404114
47802,-8.458628,-3.576672,4.0008,-0.099876,-0.010537,0.040317,30.98,66.46014224101
47812,-8.44128,-3.573082,4.003192,-0.099876,-0.00733,0.04047,30.98,66.4078287333593
47822,-8.447262,-3.591029,3.998407,-0.100029,-0.005498,0.040164,31,66.4615887576932
47832,-8.452645,-3.582654,3.991827,-0.100029,-0.004276,0.039859,31,66.4999609714276
47842,-8.453843,-3.576073,3.991228,-0.100335,-0.002749,0.039859,31.02,66.4997663668784
47852,-8.458031,-3.584448,3.984648,-0.10064,-0.002596,0.039706,31.02,66.5505444211924
47862,-8.462815,-3.580261,3.986442,-0.100029,-0.001985,0.040317,31.01,66.5474416295277
47872,-8.458031,-3.577868,3.97388,-0.10064,-0.001069,0.040164,31.01,66.6012624568271
47882,-8.463414,-3.589234,3.974478,-0.100945,-0.001527,0.040775,31.01,66.6194547085569
47892,-8.472985,-3.584448,3.971487,-0.101098,-0.003971,0.040623,31.02,66.6509139490449
47902,-8.474181,-3.579663,3.963113,-0.100793,-0.005345,0.03879,31.02,66.6931649019461
47912,-8.484351,-3.585046,3.96072,-0.100182,-0.007483,0.038637,31.03,66.731642545281
47922,-8.474779,-3.58744,3.951746,-0.100182,-0.009468,0.040164,31.03,66.7609891770842
47932,-8.482555,-3.588636,3.957131,-0.100335,-0.012828,0.039248,31.01,66.7499088541281
47942,-8.490333,-3.585645,3.957729,-0.099418,-0.015882,0.039554,31.01,66.7602991799257
47952,-8.48136,-3.575475,3.945765,-0.100029,-0.019548,0.040012,31.01,66.7956069242616
47962,-8.48136,-3.585645,3.946362,-0.099724,-0.022907,0.040012,31.01,66.801382015157
47972,-8.483753,-3.586841,3.949354,-0.099724,-0.027031,0.039248,30.98,66.7916722121802
47982,-8.472386,-3.585645,3.952345,-0.099571,-0.03146,0.039248,30.98,66.7512844654066
47992,-8.483154,-3.604189,3.945765,-0.099418,-0.034972,0.038179,31.03,66.8245256178525
48002,-8.485548,-3.585046,3.951746,-0.099724,-0.039401,0.038332,31.03,66.7812561262919
48012,-8.496315,-3.59402,3.954738,-0.099571,-0.042761,0.037721,31.01,66.7957424783742
48022,-8.487342,-3.589234,3.952345,-0.098655,-0.047342,0.037568,31.01,66.7855064155496
48032,-8.487941,-3.589234,3.948756,-0.099266,-0.051771,0.038332,30.99,66.8055987363594
48042,-8.475378,-3.58385,3.954738,-0.099571,-0.054825,0.036957,30.99,66.7433498002639
48052,-8.473583,-3.585046,3.957729,-0.099418,-0.058338,0.036652,31,66.724948282106
48062,-8.477173,-3.585645,3.952345,-0.098502,-0.064294,0.036346,31.02,66.7612381117555
48072,-8.480165,-3.582654,3.969693,-0.099113,-0.067501,0.036499,31.02,66.6737245508011
48082,-8.480762,-3.580859,3.964907,-0.099266,-0.069333,0.036805,30.99,66.6985105168105
48092,-8.475378,-3.580261,3.964907,-0.098655,-0.071471,0.036346,30.99,66.6867638255031
48102,-8.472386,-3.58744,3.969693,-0.098655,-0.07254,0.035583,31.03,66.6617244558879
48112,-8.467602,-3.595814,3.973282,-0.099418,-0.074067,0.034819,31.03,66.6403113009761
48122,-8.467003,-3.574877,3.97747,-0.099266,-0.074831,0.035125,30.98,66.5985438223638
48132,-8.467602,-3.574279,3.982853,-0.099113,-0.074831,0.036041,30.98,66.5710115847387
48142,-8.455637,-3.589234,3.981657,-0.099266,-0.074373,0.036194,31.02,66.565484552098
48152,-8.460423,-3.592225,3.991827,-0.099266,-0.073304,0.035125,31.02,66.5248077644615
48162,-8.454441,-3.582654,3.999005,-0.099724,-0.072082,0.036194,31.04,66.4660747568518
48172,-8.446664,-3.584448,3.994219,-0.100335,-0.070555,0.035583,31.04,66.4764302709154
48182,-8.441879,-3.591627,4.002594,-0.100487,-0.067806,0.036346,30.99,66.4288262407439
48192,-8.443673,-3.580859,4.008576,-0.099876,-0.066279,0.036957,30.99,66.3915840035633
48202,-8.450851,-3.580261,4.004987,-0.101098,-0.064141,0.036499,30.98,66.4250095357513
48212,-8.44427,-3.59043,4.006183,-0.101251,-0.060934,0.037568,30.98,66.4139646033277
48222,-8.435897,-3.580859,4.022933,-0.101098,-0.056963,0.038026,30.97,66.2998620188317
48232,-8.433504,-3.579065,4.012764,-0.101251,-0.049786,0.037721,30.97,66.3465165496849
48242,-8.442476,-3.581457,4.015755,-0.101556,-0.045815,0.038485,30.97,66.3519464855072
48252,-8.435897,-3.585645,4.013362,-0.102167,-0.042302,0.039095,31.03,66.3543491291418
48262,-8.429914,-3.588636,4.004389,-0.101556,-0.038637,0.039859,31.03,66.3914871104351
48272,-8.438888,-3.585046,4.011567,-0.101556,-0.03375,0.039706,31,66.3695456785192
48282,-8.441879,-3.575475,4.011567,-0.102473,-0.030085,0.040164,31,66.3672874448895
48292,-8.435897,-3.588037,4.002594,-0.102167,-0.026114,0.041081,31.03,66.4129989533684
48302,-8.443074,-3.584448,4.008576,-0.102473,-0.023518,0.041997,31.03,66.3935335300369
48312,-8.445468,-3.574877,4.010969,-0.102625,-0.019853,0.043066,30.97,66.3774719022753
48322,-8.441879,-3.568895,4.00379,-0.102931,-0.017104,0.042455,30.97,66.4022141439988
48332,-8.438888,-3.577868,3.997808,-0.10232,-0.014508,0.043219,31,66.4353289974714
48342,-8.437093,-3.579065,4.00379,-0.102931,-0.012217,0.043982,31,66.4012022245891
48352,-8.446664,-3.568297,3.996014,-0.103084,-0.009621,0.04444,31.02,66.4526053017461
48362,-8.446067,-3.584448,3.992425,-0.10232,-0.007636,0.045509,31.02,66.4845931196193
48372,-8.458031,-3.573082,3.986442,-0.102625,-0.006567,0.045357,31.02,66.5310353554908
48382,-8.453244,-3.582056,3.991228,-0.102778,-0.005345,0.044899,31.02,66.5038310353035
48392,-8.455637,-3.580261,3.984648,-0.10232,-0.004734,0.044746,31,66.5418032074584
48402,-8.46461,-3.58385,3.989433,-0.102625,-0.004429,0.045204,31,66.5386972796423
48412,-8.465807,-3.576672,3.975077,-0.102625,-0.004887,0.045357,30.98,66.6101936106566
48422,-8.483154,-3.582654,3.969693,-0.102931,-0.006567,0.044288,31.01,66.6799539898417
48432,-8.482555,-3.580261,3.958327,-0.102778,-0.007025,0.043982,31.01,66.7362697795919
48442,-8.476574,-3.589832,3.96072,-0.103084,-0.008705,0.043677,30.98,66.719676804217
48452,-8.47119,-3.582654,3.962514,-0.103389,-0.011148,0.043066,30.98,66.6927118633889
48462,-8.474779,-3.578466,3.956532,-0.103236,-0.014203,0.04215,30.97,66.7279385868084
48472,-8.474779,-3.591029,3.948158,-0.104,-0.017562,0.041692,30.97,66.7830096169442
48482,-8.489736,-3.575475,3.949354,-0.104153,-0.020311,0.041386,30.96,66.7941356134027
48492,-8.488539,-3.585046,3.96072,-0.103542,-0.024282,0.040775,30.96,66.7403486261293
48502,-8.486146,-3.585645,3.951149,-0.104,-0.027794,0.039706,31,66.7861586993012
48512,-8.487342,-3.582654,3.954139,-0.104,-0.031154,0.039554,31,66.7703144805975
48522,-8.490931,-3.577868,3.946362,-0.103847,-0.034819,0.039095,31.02,66.8144275499579
48532,-8.481958,-3.582056,3.948158,-0.104611,-0.038943,0.037874,31.02,66.7900346999322
48542,-8.478369,-3.583252,3.946961,-0.104611,-0.043219,0.037415,30.99,66.7899238846958
48552,-8.481958,-3.577868,3.951149,-0.103694,-0.047037,0.036957,30.99,66.770641784015
48562,-8.483753,-3.580859,3.945765,-0.103694,-0.050091,0.036346,31.02,66.805290770437
48572,-8.481958,-3.58385,3.966104,-0.103389,-0.054214,0.035888,31.02,66.6973493171622
48582,-8.474779,-3.580859,3.964309,-0.102625,-0.060476,0.035736,31,66.6891825658667
48592,-8.477771,-3.586243,3.970291,-0.101862,-0.062919,0.034667,31.02,66.6687584884377
48602,-8.467602,-3.586243,3.961916,-0.102931,-0.06689,0.033903,31.02,66.6915405017031
48612,-8.469396,-3.579065,3.968496,-0.102625,-0.067501,0.034667,31.02,66.654375760542
48622,-8.479566,-3.585046,3.966702,-0.102778,-0.070097,0.035125,31.02,66.690281306182
48632,-8.46102,-3.57727,3.972086,-0.10232,-0.07086,0.034667,31.03,66.6164176427329
48642,-8.464012,-3.589832,3.9673,-0.102014,-0.071777,0.034361,31.03,66.6589348526053
48652,-8.461619,-3.580261,3.969693,-0.102167,-0.072388,0.034667,30.98,66.6328919632426
48662,-8.455039,-3.583252,3.986442,-0.102473,-0.072693,0.034514,30.98,66.5337877034291
48672,-8.46461,-3.58385,3.994219,-0.101404,-0.071777,0.034667,31.02,66.5135985799172
48682,-8.446067,-3.58385,3.984648,-0.101098,-0.070402,0.035583,31.02,66.5249059465619
48692,-8.44427,-3.591029,3.998407,-0.102014,-0.069791,0.035125,31,66.455294292024
48702,-8.444869,-3.588037,3.999005,-0.101862,-0.068417,0.03543,31,66.4507402036744
48712,-8.453843,-3.576672,3.989433,-0.10232,-0.06689,0.035888,31.01,66.5097224013613
48722,-8.441879,-3.59402,3.998407,-0.101098,-0.064141,0.036346,31.01,66.4529410364457
48732,-8.449656,-3.585046,4.008576,-0.101709,-0.062156,0.036957,30.99,66.4079483541588
48742,-8.446664,-3.586243,4.004389,-0.101556,-0.059712,0.037263,30.99,66.4246694830909
48752,-8.446067,-3.589832,4.010371,-0.101251,-0.052534,0.037874,31.01,66.3952573064227
48762,-8.443074,-3.578466,4.011567,-0.101251,-0.049175,0.038943,31,66.3724899340857
48772,-8.435298,-3.584448,4.01396,-0.102167,-0.045968,0.039401,31,66.3488708857392
48782,-8.44128,-3.579065,4.006782,-0.102014,-0.041997,0.039859,31.02,66.3943386005885
48792,-8.450851,-3.591029,4.00738,-0.102167,-0.038943,0.04047,31.02,66.422086347832
48802,-8.437093,-3.580261,4.012764,-0.101404,-0.035736,0.040623,30.99,66.3551805911989
48812,-8.439486,-3.580261,4.001996,-0.101862,-0.031307,0.04047,30.99,66.4167412223453
48822,-8.437093,-3.591627,4.004389,-0.101251,-0.027642,0.041844,31.03,66.40932147601
48832,-8.446067,-3.581457,4.004987,-0.102014,-0.024587,0.041844,31.03,66.4159946854803
48842,-8.440681,-3.591627,4.013362,-0.101709,-0.021838,0.042302,31,66.3698263625898
48852,-8.440681,-3.576073,3.994817,-0.101404,-0.018784,0.042455,31,66.4532147939987
48862,-8.450851,-3.586243,4.002594,-0.10232,-0.016188,0.042761,30.97,66.442900537004
48872,-8.452048,-3.575475,3.998407,-0.10232,-0.013897,0.043066,30.97,66.4577797997233
48882,-8.448458,-3.58385,3.994817,-0.102167,-0.011606,0.043371,31.04,66.4765311958204
48892,-8.460423,-3.579065,3.984648,-0.102931,-0.010079,0.043677,31.04,66.5507808586399
48902,-8.452048,-3.586243,3.991228,-0.10232,-0.008552,0.044135,30.98,66.5050481617719
48912,-8.451449,-3.585046,3.975675,-0.102931,-0.007941,0.043677,30.98,66.5844111342456
48922,-8.471789,-3.585046,3.970889,-0.101862,-0.00733,0.043982,31.02,66.6520852794489
48932,-8.458628,-3.585046,3.976273,-0.10232,-0.007025,0.043677,30.98,66.596303513958
48942,-8.459825,-3.57727,3.967898,-0.101709,-0.007941,0.043371,30.98,66.6359287560648
48952,-8.475977,-3.579663,3.97388,-0.101709,-0.009621,0.043677,30.98,66.6403771839003
48962,-8.466404,-3.588636,3.970889,-0.101709,-0.010843,0.042608,30.98,66.64401796471
48972,-8.478369,-3.576672,3.963711,-0.101404,-0.011912,0.042455,31.05,66.6961220863467
48982,-8.469995,-3.589234,3.958327,-0.100487,-0.014355,0.043066,31.05,66.7180275632166
48992,-8.474779,-3.580859,3.952943,-0.100487,-0.016341,0.042455,30.98,66.7489084974553
49002,-8.475977,-3.565306,3.961916,-0.099418,-0.018937,0.041539,30.98,66.6905765543891
49012,-8.472985,-3.583252,3.952345,-0.100029,-0.022144,0.041539,31.01,66.7504245301348
49022,-8.474181,-3.584448,3.964907,-0.100182,-0.025198,0.040623,31.01,66.6879580623558
49032,-8.485548,-3.57727,3.948158,-0.099876,-0.028711,0.04047,31,66.793295827084
49042,-8.475977,-3.57727,3.952345,-0.099113,-0.031765,0.040623,31,66.7513915266899
49052,-8.481958,-3.58385,3.949354,-0.099571,-0.035736,0.039248,30.99,66.7853221100302
49062,-8.488539,-3.5671,3.954139,-0.099724,-0.039554,0.03879,30.99,66.7591871379647
49072,-8.489736,-3.575475,3.955934,-0.098349,-0.042455,0.038332,30.99,66.7595730160115
49082,-8.487941,-3.582654,3.963113,-0.098807,-0.045968,0.038332,30.99,66.7244470656971
49092,-8.487941,-3.593421,3.96072,-0.098197,-0.049022,0.036957,31.02,66.7464627421841
49102,-8.481958,-3.582056,3.963113,-0.098349,-0.05452,0.036346,31.04,66.7114723816314
49112,-8.472386,-3.582654,3.970291,-0.098655,-0.056963,0.036499,31.04,66.6543590967824
49122,-8.477173,-3.578466,3.965506,-0.098349,-0.059712,0.036194,30.98,66.6857801638165
49132,-8.475378,-3.58744,3.969095,-0.098807,-0.062766,0.035736,30.98,66.6711030346614
49142,-8.468798,-3.576672,3.970889,-0.098655,-0.063835,0.034667,30.96,66.6384446023842
49152,-8.472386,-3.588037,3.975077,-0.099266,-0.065363,0.034514,30.96,66.6339919750936
49162,-8.466404,-3.589832,3.976871,-0.098349,-0.066432,0.034972,31,66.6136703976447
49172,-8.46461,-3.589832,3.97388,-0.099418,-0.067042,0.034208,31,66.6256239263862
49182,-8.459825,-3.583252,3.973282,-0.099113,-0.067042,0.033598,30.97,66.6129300584892
49192,-8.453244,-3.582056,3.975077,-0.099418,-0.067348,0.032834,30.97,66.5886587825205
49202,-8.467003,-3.57727,3.987639,-0.099266,-0.067195,0.033445,31.02,66.5472904142696
49212,-8.465807,-3.584448,3.988237,-0.099571,-0.066737,0.032987,31.02,66.5480098745963
49222,-8.456833,-3.589832,3.985246,-0.099571,-0.065668,0.033903,30.98,66.5496809927563
49232,-8.449656,-3.582056,3.994817,-0.099418,-0.064141,0.034056,30.98,66.4774508477201
49242,-8.452645,-3.580859,3.994219,-0.09896,-0.062308,0.034056,31.02,66.485808297782
49252,-8.44128,-3.578466,3.997808,-0.100945,-0.060323,0.033903,31.02,66.4409069377351
49262,-8.443074,-3.589234,4.006183,-0.100335,-0.057727,0.033598,30.98,66.4103724120566
49272,-8.44128,-3.572484,4.003192,-0.100029,-0.051924,0.035125,31,66.4072943562193
49282,-8.438888,-3.573681,4.005585,-0.100182,-0.049175,0.035125,31,66.3907509260977
49292,-8.4347,-3.579663,4.002594,-0.100182,-0.045968,0.034972,30.96,66.4029648217106
49302,-8.444869,-3.582056,4.017549,-0.100335,-0.042913,0.035888,30.96,66.3481368305517
49312,-8.451449,-3.58744,4.012764,-0.100335,-0.038943,0.036652,30.98,66.3919198093283
49322,-8.443673,-3.602395,4.009174,-0.100029,-0.035583,0.036652,30.98,66.4077592920219
49332,-8.442476,-3.588037,4.003192,-0.100182,-0.032987,0.037415,31.02,66.4237303236579
49342,-8.438289,-3.578466,4.003192,-0.100793,-0.029627,0.03879,31.02,66.4063300940934
49352,-8.446067,-3.585645,4.007978,-0.099876,-0.026878,0.039248,31.01,66.4040540038118
49362,-8.432307,-3.573082,4.001996,-0.099571,-0.023671,0.039401,31.01,66.3951544068089
49372,-8.446067,-3.577868,4.00379,-0.100487,-0.020617,0.039554,31.02,66.4190670777636
49382,-8.443673,-3.583252,3.993023,-0.100793,-0.017868,0.041233,31.02,66.4753489632171
49392,-8.448458,-3.580859,4.001398,-0.100793,-0.015424,0.041692,30.99,66.4393272947433
49402,-8.446664,-3.577868,3.991228,-0.100182,-0.013439,0.041539,30.99,66.486265914783
49412,-8.456235,-3.585046,3.982853,-0.100029,-0.011301,0.041692,31.02,66.5567345935154
49422,-8.450253,-3.585046,3.990032,-0.099876,-0.009774,0.041692,31.02,66.5064889518238
49432,-8.463414,-3.573681,3.987639,-0.100029,-0.008399,0.04215,31,66.5365830313826
49442,-8.471789,-3.581457,3.981657,-0.099113,-0.007178,0.042761,31,66.5924010934852
49452,-8.464012,-3.591627,3.979862,-0.099113,-0.007483,0.04215,31.02,66.5945632423372
49462,-8.462815,-3.581457,3.969095,-0.098807,-0.008094,0.041692,30.98,66.639592711512
49472,-8.467003,-3.588037,3.9673,-0.099113,-0.00901,0.041539,30.98,66.6635885554618
49483,-8.475977,-3.583252,3.959523,-0.098349,-0.010385,0.04047,31,66.7189266455257
49492,-8.474779,-3.582056,3.968496,-0.098655,-0.012523,0.04047,31,66.6682495545639
49502,-8.474181,-3.574279,3.964907,-0.098807,-0.013897,0.040317,31,66.6790002469761
49512,-8.484351,-3.582654,3.962514,-0.09896,-0.016035,0.040775,31,66.7201229946015
49522,-8.48136,-3.589234,3.957729,-0.097891,-0.018937,0.039706,30.98,66.744810959638
49532,-8.481958,-3.588037,3.96072,-0.097891,-0.021838,0.038179,30.98,66.7292959323258
49542,-8.487941,-3.582654,3.952943,-0.098655,-0.024435,0.038943,31.02,66.7778396016309
49552,-8.477173,-3.584448,3.952345,-0.098502,-0.026878,0.038332,31.02,66.7601858368713
49562,-8.472386,-3.586243,3.957729,-0.097738,-0.030543,0.038179,31.02,66.7235108953522
49572,-8.48136,-3.582654,3.95055,-0.097738,-0.033903,0.038026,31.02,66.7767451700749
49582,-8.493923,-3.582056,3.948158,-0.097128,-0.037568,0.037263,31.01,66.8148561849827
49592,-8.478967,-3.58385,3.945765,-0.09728,-0.04047,0.037263,31.01,66.7979790139479
49602,-8.480165,-3.58744,3.949952,-0.095448,-0.043524,0.037568,30.97,66.7816078856944
49612,-8.479566,-3.577868,3.958925,-0.095906,-0.046884,0.036194,30.97,66.7248063260654
49622,-8.484351,-3.574279,3.953541,-0.095142,-0.05284,0.036041,30.98,66.7599011912821
49632,-8.473583,-3.578466,3.951746,-0.095142,-0.056047,0.035583,30.99,66.7506098148629
49642,-8.465208,-3.579663,3.958925,-0.094837,-0.058796,0.03543,30.99,66.6964633937061
49652,-8.475378,-3.589832,3.970291,-0.093768,-0.060628,0.035125,31,66.6669368765872
49662,-8.477173,-3.586243,3.972684,-0.094684,-0.062003,0.034667,31,66.6549538648414
49672,-8.476574,-3.580261,3.966104,-0.094379,-0.063835,0.034208,31.02,66.6829712862739
49682,-8.468199,-3.589234,3.969693,-0.094226,-0.065057,0.034514,31.02,66.6545745506063
49692,-8.461619,-3.583252,3.976871,-0.094226,-0.065973,0.034514,31.02,66.5978322321615
49702,-8.468199,-3.591029,3.980461,-0.093615,-0.065821,0.033903,31.02,66.5996435704661
49712,-8.459227,-3.591029,3.988835,-0.09331,-0.066126,0.03375,30.99,66.536930274691
49722,-8.461619,-3.583252,3.99063,-0.093615,-0.066737,0.033292,30.99,66.5256150563561
49732,-8.459825,-3.576073,3.994219,-0.093615,-0.065973,0.033139,30.97,66.4966432496305
49742,-8.450253,-3.585046,3.996612,-0.094379,-0.064446,0.032529,30.97,66.4719535902135
49752,-8.442476,-3.582654,3.996612,-0.094379,-0.062919,0.033139,30.98,66.4534495599957
49762,-8.454441,-3.58744,3.999603,-0.093615,-0.061239,0.032681,30.98,66.4672060498494
49772,-8.446067,-3.58744,4.001996,-0.093462,-0.059559,0.033598,30.99,66.4370352312449
49782,-8.447861,-3.579663,4.003192,-0.09331,-0.05681,0.033292,30.99,66.4275897028056
49792,-8.443673,-3.586841,4.00738,-0.094073,-0.051618,0.032529,31.04,66.4032131979162
49802,-8.450253,-3.579663,4.012166,-0.094531,-0.047647,0.033292,30.99,66.3855763027447
49812,-8.445468,-3.582056,4.007978,-0.094073,-0.04444,0.03375,30.99,66.3995789982493
49822,-8.449057,-3.582056,4.013362,-0.093768,-0.041386,0.034208,31.02,66.3789239979262
49832,-8.439486,-3.589832,4.00738,-0.094379,-0.037415,0.034972,31.02,66.3970643623671
49842,-8.449057,-3.58744,4.009174,-0.094837,-0.034056,0.034667,30.99,66.4056926073537
49852,-8.442476,-3.591627,4.008576,-0.094837,-0.030543,0.035125,30.99,66.3987069860561
49862,-8.442476,-3.586243,4.015755,-0.0956,-0.027794,0.034667,31.02,66.3562388705196
49872,-8.444869,-3.59043,4.004389,-0.095142,-0.023976,0.034361,31.02,66.4246356151827
49882,-8.446664,-3.573681,3.999603,-0.094684,-0.020464,0.034972,30.99,66.4385611508013
49892,-8.454441,-3.588037,4.005585,-0.095142,-0.017104,0.03543,30.99,66.4363767942938
49902,-8.443074,-3.588037,4.001996,-0.095142,-0.014203,0.036041,30.98,66.4312655341783
49912,-8.452645,-3.576672,4.006782,-0.094531,-0.011759,0.036499,30.98,66.4161753784295
49922,-8.440084,-3.580261,4.0008,-0.095142,-0.009316,0.03711,31,66.4242811595297
49932,-8.438888,-3.58744,3.993023,-0.094379,-0.007789,0.037263,31,66.469022070153
49942,-8.451449,-3.579663,3.991228,-0.094226,-0.005345,0.037263,30.99,66.4979282069514
49952,-8.467003,-3.583252,3.98405,-0.094684,-0.004276,0.037263,30.99,66.5714192031534
49962,-8.446664,-3.578466,3.981657,-0.095448,-0.002902,0.037568,31.01,66.5370821293143
49972,-8.468199,-3.59043,3.97747,-0.095295,-0.00336,0.038943,30.98,66.6148071898044
49982,-8.469995,-3.577868,3.97388,-0.094073,-0.003512,0.038943,30.98,66.6262950788897
49992,-8.46102,-3.573681,3.974478,-0.094226,-0.004581,0.038026,31.01,66.6006736124949
50002,-8.472985,-3.580261,3.967898,-0.093921,-0.005956,0.037721,31.01,66.6660640329833
50012,-8.459825,-3.579663,3.972086,-0.093768,-0.007025,0.037568,31,66.6160350107332
50022,-8.473583,-3.575475,3.963113,-0.093615,-0.008858,0.037874,31,66.6882305937654
50032,-8.477771,-3.582654,3.957729,-0.093462,-0.011912,0.038637,30.98,66.7315599893006
50042,-8.480165,-3.585645,3.955934,-0.093004,-0.013897,0.038179,30.98,66.748599258238
50052,-8.469396,-3.57069,3.958925,-0.093157,-0.016188,0.037568,31.06,66.6972965451957
50062,-8.483154,-3.584448,3.948756,-0.092852,-0.019242,0.038332,31.06,66.7914723469361
50072,-8.479566,-3.577868,3.960122,-0.092088,-0.023213,0.037568,31.03,66.718518314469
50082,-8.48136,-3.574279,3.949354,-0.092546,-0.026267,0.037721,31.03,66.7756887364207
50092,-8.492725,-3.579065,3.95055,-0.092241,-0.029169,0.037874,30.97,66.7971946613235
50102,-8.480762,-3.58744,3.95055,-0.09163,-0.033139,0.036194,30.97,66.7797048557701
50112,-8.488539,-3.582654,3.946961,-0.092088,-0.036805,0.035888,31.02,66.8105052398191
50122,-8.486146,-3.576672,3.951149,-0.091477,-0.04047,0.035888,31.02,66.7782963129008
50132,-8.477173,-3.584448,3.948756,-0.091783,-0.047189,0.034361,31.02,66.7790522029979
50142,-8.475977,-3.585645,3.949952,-0.091172,-0.050396,0.034514,31.01,66.7713312693778
50152,-8.486146,-3.580859,3.958925,-0.090866,-0.053145,0.034208,31.01,66.7411228010117
50162,-8.486743,-3.58744,3.960122,-0.091019,-0.056352,0.033139,30.99,66.7418570970196
50172,-8.488539,-3.582056,3.963113,-0.090408,-0.057879,0.033903,30.99,66.725165872704
50182,-8.480165,-3.591029,3.96072,-0.090713,-0.060476,0.033292,31.02,66.7282007660142
50193,-8.477173,-3.594618,3.971487,-0.08995,-0.062156,0.033139,31.02,66.6686286093122
50202,-8.464012,-3.585645,3.974478,-0.08995,-0.064904,0.032987,31,66.6175248099229
50212,-8.475977,-3.585046,3.978068,-0.090255,-0.065057,0.032987,31,66.6231540325818
50222,-8.466404,-3.586841,3.981657,-0.090408,-0.065668,0.03207,31,66.5859022600599
50232,-8.46102,-3.582654,3.979862,-0.090561,-0.06689,0.031612,31,66.5803419288224
50242,-8.466404,-3.586243,3.989433,-0.090713,-0.066584,0.030543,31.02,66.5445808806909
50252,-8.452048,-3.589234,3.987639,-0.08995,-0.066126,0.030238,31.02,66.5265525897667
50262,-8.465208,-3.594618,3.988835,-0.090866,-0.065515,0.031307,31,66.5526506165851
50272,-8.456235,-3.598805,3.983452,-0.091019,-0.064446,0.030849,31,66.5658326683291
50282,-8.440681,-3.589832,3.991228,-0.090561,-0.063225,0.031154,31.02,66.4843622306583
50292,-8.451449,-3.582654,4.010371,-0.090408,-0.060781,0.031918,31.02,66.4001803921768
50302,-8.440084,-3.585645,4.0008,-0.090255,-0.058643,0.031154,30.98,66.4291000339117
50312,-8.446664,-3.579663,4.005585,-0.091324,-0.052993,0.031307,30.98,66.412513052445
50322,-8.437692,-3.588636,4.006782,-0.091172,-0.049633,0.031765,30.98,66.3953439308363
50332,-8.437692,-3.577868,4.010371,-0.091019,-0.046426,0.032681,30.99,66.3668556038193
50342,-8.447262,-3.592823,4.005585,-0.091783,-0.043677,0.031765,30.99,66.4255459430088
50352,-8.440681,-3.591029,3.999603,-0.091783,-0.039095,0.033139,30.99,66.441462723258
50362,-8.432307,-3.58385,4.016353,-0.09163,-0.036346,0.033598,30.99,66.3294545006425
50372,-8.437692,-3.576672,4.01396,-0.091783,-0.032529,0.033903,31,66.3469543811743
50382,-8.438888,-3.580261,4.009174,-0.09163,-0.028405,0.034056,31,66.3778080556307
50392,-8.439486,-3.591627,4.01396,-0.092241,-0.025045,0.034208,31,66.3641687609858
50402,-8.437093,-3.582056,4.015755,-0.092241,-0.021228,0.034056,31,66.3411037087266
50412,-8.432307,-3.582654,4.004389,-0.092088,-0.017562,0.034819,30.99,66.3911680744105
50422,-8.438289,-3.585046,4.003192,-0.091935,-0.015272,0.034819,30.99,66.4122235078757
50432,-8.435897,-3.576073,3.999603,-0.092241,-0.012981,0.034514,31,66.4179850962076
50442,-8.441879,-3.576672,4.0008,-0.091783,-0.009927,0.03543,31,66.424857974641
50452,-8.4347,-3.582654,3.999005,-0.092088,-0.006872,0.036805,30.97,66.4244928506455
50462,-8.446664,-3.580261,3.989433,-0.092546,-0.005345,0.036652,30.97,66.4978260823343
50472,-8.460423,-3.58385,3.994817,-0.092546,-0.003512,0.036957,30.99,66.5016751219768
50482,-8.453843,-3.579663,3.983452,-0.092546,-0.001985,0.036499,30.99,66.5437881758183
50492,-8.470592,-3.586841,3.980461,-0.093157,-0.001069,0.036957,31,66.6009360872584
50502,-8.464012,-3.571886,3.979862,-0.092852,-0.001374,0.036652,31.01,66.5770739041408
50512,-8.457432,-3.575475,3.970889,-0.092852,-0.001985,0.036041,31.01,66.6136092855062
50522,-8.467003,-3.579663,3.973282,-0.093462,-0.003054,0.035888,30.97,66.6247660710109
50532,-8.46102,-3.580261,3.969693,-0.093004,-0.004123,0.036805,30.97,66.6316393951654
50542,-8.472386,-3.582654,3.966104,-0.092852,-0.00504,0.036652,31.02,66.6763467397961
50552,-8.472985,-3.575475,3.952943,-0.09331,-0.007636,0.037721,31.02,66.7404418130334
50562,-8.472985,-3.58385,3.964907,-0.092852,-0.009621,0.037263,31.02,66.6849376259266
50572,-8.479566,-3.575475,3.963113,-0.092241,-0.012523,0.036194,31.02,66.7007054257767
50582,-8.477771,-3.592225,3.956532,-0.092852,-0.014966,0.036652,31,66.7462709975968
50592,-8.471789,-3.586841,3.956532,-0.092546,-0.018021,0.036499,31,66.7290859722651
50602,-8.474181,-3.576073,3.947559,-0.092699,-0.02138,0.036041,31,66.771773213253
50612,-8.465208,-3.589832,3.954139,-0.091935,-0.02474,0.036346,31,66.730605123786
50622,-8.48136,-3.584448,3.945765,-0.091783,-0.028863,0.036652,31.04,66.803470485342
50632,-8.473583,-3.59043,3.952943,-0.091324,-0.032223,0.036041,31.04,66.754843447715
50642,-8.482555,-3.575475,3.949354,-0.091172,-0.036041,0.03543,31.02,66.7792202862454
50652,-8.475977,-3.592225,3.955336,-0.090866,-0.042455,0.035125,31.02,66.7488254385635
50662,-8.478369,-3.574877,3.956532,-0.091172,-0.04612,0.034056,30.99,66.7322608415771
50672,-8.477771,-3.581457,3.946961,-0.090408,-0.048717,0.034208,30.95,66.7871063686772
50682,-8.477173,-3.582056,3.957729,-0.08995,-0.051771,0.033445,30.95,66.7297895239759
50692,-8.481958,-3.585645,3.963113,-0.090255,-0.054978,0.033292,30.98,66.7146286703486
50702,-8.475977,-3.588037,3.964907,-0.090408,-0.058032,0.032529,30.98,66.6948645996499
50712,-8.47119,-3.589832,3.956532,-0.089797,-0.06017,0.032987,31.01,66.7304760639738
50722,-8.476574,-3.578466,3.957729,-0.089339,-0.06185,0.03207,31.01,66.7253858238935
50732,-8.482555,-3.591029,3.968496,-0.089339,-0.063683,0.03207,30.96,66.6923615194556
50742,-8.461619,-3.591627,3.963711,-0.08995,-0.06521,0.031765,30.96,66.6743900402567
50752,-8.468199,-3.595216,3.967898,-0.089797,-0.065668,0.03207,31.01,66.6692932383475
50762,-8.477173,-3.585046,3.987639,-0.089644,-0.06689,0.031918,31.01,66.5754684924445
50772,-8.467003,-3.59402,3.985844,-0.089492,-0.066279,0.030696,30.95,66.5715601396518
50782,-8.453843,-3.582654,3.98405,-0.089797,-0.066584,0.031154,30.95,66.5433061967353
50792,-8.447861,-3.582654,3.998407,-0.089797,-0.066584,0.031612,31.02,66.4553665630642
50802,-8.459825,-3.58385,3.997808,-0.090561,-0.065515,0.030085,31.02,66.4847346179642
50812,-8.452645,-3.57727,4.001398,-0.089797,-0.063072,0.03207,31.02,66.4449444085668
50822,-8.453843,-3.583252,4.005585,-0.090408,-0.061087,0.03146,31.02,66.4308460627503
50832,-8.444869,-3.579663,4.004389,-0.090713,-0.056658,0.032834,31.02,66.415001964766
50842,-8.442476,-3.586841,3.998407,-0.090866,-0.053756,0.033139,31.02,66.4477706140623
50852,-8.43111,-3.582654,3.994817,-0.091019,-0.05116,0.032681,31.02,66.4389225427866
50862,-8.444869,-3.589234,4.007978,-0.091172,-0.047647,0.032376,31.01,66.4047423651925
50872,-8.443673,-3.581457,4.011567,-0.090866,-0.044288,0.032223,31.01,66.376433210879
50882,-8.443074,-3.57727,4.016951,-0.091019,-0.04047,0.032987,30.98,66.3431882290529
50892,-8.435897,-3.589234,4.015755,-0.091172,-0.037874,0.032681,30.98,66.3450250641737
50902,-8.447262,-3.578466,4.015755,-0.092088,-0.034514,0.033445,30.97,66.3593798320891
50912,-8.444869,-3.588037,4.018745,-0.091019,-0.030238,0.034056,30.97,66.3472336320632
50922,-8.442476,-3.584448,4.006183,-0.091783,-0.026878,0.034667,30.98,66.4048243230924
50932,-8.42812,-3.589832,4.014558,-0.091935,-0.023976,0.034819,30.98,66.3353975760077
50942,-8.443074,-3.589234,4.007978,-0.091935,-0.020159,0.034819,31.01,66.4009581631821
50952,-8.449057,-3.588636,3.998407,-0.091477,-0.016952,0.035277,31.01,66.4632254473789
50962,-8.443074,-3.58744,4.007978,-0.091783,-0.014355,0.034361,31,66.3993503779778
50972,-8.441879,-3.582654,4.003192,-0.092699,-0.01237,0.03543,31,66.4176527333882
50982,-8.456833,-3.577868,4.001996,-0.091935,-0.009774,0.036041,30.97,66.4511580245301
50992,-8.450851,-3.585645,4.006782,-0.092393,-0.007178,0.035277,30.97,66.4204067604152
51002,-8.454441,-3.576672,3.99063,-0.092088,-0.004276,0.036041,31,66.5046951315799
51012,-8.463414,-3.589234,3.995416,-0.091477,-0.003054,0.036499,31.04,66.5095999820369
51022,-8.462815,-3.577868,3.986442,-0.09163,-0.002291,0.035736,31.04,66.5453194396091
51032,-8.463414,-3.579065,3.976871,-0.091477,-0.001374,0.036652,31,66.5978806871266
51042,-8.463414,-3.574279,3.976871,-0.09163,-0.001833,0.036499,31,66.593645641054
51052,-8.462815,-3.589234,3.979264,-0.091935,-0.003054,0.036805,30.96,66.5930750468076
51062,-8.455637,-3.577868,3.969095,-0.091172,-0.004276,0.036346,30.96,66.6214018454021
51072,-8.465208,-3.580261,3.966702,-0.091477,-0.004887,0.036499,30.99,66.656110345345
51082,-8.464012,-3.575475,3.966104,-0.091019,-0.006414,0.036805,30.99,66.6525273955338
51092,-8.465807,-3.582056,3.958327,-0.090561,-0.009621,0.036499,30.98,66.7029681896325
51102,-8.488539,-3.582654,3.963113,-0.091172,-0.011454,0.035736,30.98,66.7256907147978
51112,-8.48136,-3.579065,3.956532,-0.090713,-0.013897,0.03543,31.01,66.7421626792787
51123,-8.469995,-3.577868,3.957729,-0.090408,-0.017104,0.034819,31.01,66.711152347306
51132,-8.483753,-3.58385,3.95055,-0.091172,-0.019853,0.034972,31,66.7827641419943
51142,-8.474181,-3.58744,3.948158,-0.090866,-0.022907,0.034667,31,66.7786103217684
51152,-8.493923,-3.58385,3.945765,-0.090255,-0.02642,0.034514,31.05,66.8289930738774
51162,-8.488539,-3.586841,3.955336,-0.090561,-0.029627,0.034514,31.05,66.7701857277177
51172,-8.476574,-3.573082,3.951746,-0.090103,-0.036652,0.033445,30.98,66.7521071300611
51182,-8.479566,-3.57069,3.957131,-0.089186,-0.040164,0.033598,31.01,66.7279315041743
51192,-8.480165,-3.569493,3.957729,-0.090103,-0.043524,0.034361,31.01,66.724986979305
51202,-8.486743,-3.579663,3.957131,-0.08995,-0.046884,0.033139,30.98,66.750735095459
51212,-8.486146,-3.586243,3.956532,-0.088881,-0.050091,0.033139,30.98,66.7584124697401
51222,-8.482555,-3.589832,3.961318,-0.088575,-0.053298,0.032223,31.04,66.7289770782977
51232,-8.465208,-3.584448,3.962514,-0.089339,-0.055589,0.032223,31.04,66.6818193938189
51242,-8.464012,-3.58744,3.963113,-0.089339,-0.058032,0.03146,30.98,66.6788203068787
51252,-8.467602,-3.57727,3.968496,-0.089492,-0.059712,0.031154,30.98,66.6490439817725
51262,-8.468199,-3.59043,3.967898,-0.089492,-0.060781,0.03207,31.02,66.6650589084935
51272,-8.459227,-3.586841,3.972684,-0.088423,-0.062308,0.032223,31.02,66.6180023634786
51282,-8.474181,-3.591029,3.97388,-0.088881,-0.063377,0.03146,31.01,66.6466641168067
51292,-8.469396,-3.59043,3.97747,-0.088881,-0.063988,0.030696,31.01,66.6173078698822
51302,-8.464012,-3.588037,3.98405,-0.088728,-0.064141,0.031154,31.01,66.5694003474445
51312,-8.455637,-3.589832,3.986442,-0.08827,-0.064141,0.031612,31.01,66.5408963509027
51322,-8.456833,-3.584448,3.980461,-0.088881,-0.06353,0.031154,31.02,66.5700174916697
51332,-8.455039,-3.589832,3.99063,-0.088575,-0.063225,0.031154,31.02,66.5176635102944
51342,-8.444869,-3.59043,4.002594,-0.089186,-0.060323,0.030543,31,66.434051085739
51352,-8.444869,-3.582056,3.996014,-0.088575,-0.05681,0.031001,30.99,66.4610939292504
51362,-8.458628,-3.593421,4.001996,-0.088423,-0.055131,0.031918,30.99,66.4687956796845
51372,-8.447262,-3.586243,4.016951,-0.088423,-0.053603,0.03146,30.99,66.3600772746761
51382,-8.449656,-3.588636,4.0008,-0.089492,-0.050396,0.031765,30.99,66.4519326059767
51392,-8.445468,-3.586243,4.009772,-0.090408,-0.047189,0.031918,31,66.3939194601205
51402,-8.440084,-3.584448,4.015156,-0.089034,-0.044593,0.03146,31,66.352714915854
51412,-8.452645,-3.585046,4.00738,-0.089644,-0.041081,0.032987,30.97,66.4205154731092
51422,-8.443074,-3.581457,4.004389,-0.089797,-0.037874,0.032681,30.97,66.4128206806186
51432,-8.443673,-3.58385,4.014558,-0.090713,-0.034667,0.032681,30.95,66.3628955560305
51442,-8.437093,-3.579663,4.01396,-0.090255,-0.03146,0.033598,30.95,66.3483702974495
51452,-8.447861,-3.591627,4.022933,-0.089644,-0.027794,0.034056,31.02,66.3348393062737
51462,-8.440681,-3.585046,4.008576,-0.090255,-0.024129,0.032529,31.02,66.3890197810011
51472,-8.452048,-3.582654,4.00738,-0.091019,-0.020769,0.032987,31.04,66.4171212420113
51482,-8.447861,-3.597609,4.003192,-0.090713,-0.01909,0.032681,31.04,66.4436399812435
51492,-8.452048,-3.591029,4.006183,-0.090255,-0.01573,0.033445,31.01,66.430880143153
51502,-8.434101,-3.58744,4.00379,-0.091019,-0.012981,0.034667,31.01,66.4023959026883
51512,-8.44128,-3.58385,4.000201,-0.091783,-0.011454,0.034514,31.04,66.4331581984262
51522,-8.459825,-3.578466,3.992425,-0.091172,-0.007178,0.034972,31,66.5081808464419
51532,-8.456833,-3.588037,3.991228,-0.090866,-0.005956,0.035583,31,66.5166916996263
51542,-8.450851,-3.586841,3.990032,-0.091172,-0.004276,0.035583,31,66.5093449535566
51552,-8.454441,-3.578466,3.985246,-0.090866,-0.003971,0.035583,31,66.5345579732568
51562,-8.447262,-3.575475,3.987041,-0.090561,-0.003512,0.036194,30.97,66.507385654414
51572,-8.46461,-3.572484,3.983452,-0.090713,-0.003971,0.035888,30.97,66.5600080025253
51582,-8.469995,-3.579663,3.978068,-0.090713,-0.004276,0.036041,31.05,66.6058954876439
51592,-8.475378,-3.580261,3.972684,-0.090561,-0.004734,0.03543,31.05,66.6459311182379
51602,-8.467602,-3.580859,3.963113,-0.090408,-0.006567,0.036041,31.01,66.6804973751182
51612,-8.471789,-3.595216,3.958327,-0.090713,-0.007941,0.036194,31.01,66.7270404708224
51622,-8.478369,-3.581457,3.964309,-0.090561,-0.009927,0.035583,30.98,66.6971911415006
51632,-8.459825,-3.579065,3.958925,-0.090103,-0.011912,0.036041,30.98,66.6847009672574
51642,-8.490333,-3.574279,3.956532,-0.089797,-0.014661,0.035583,30.97,66.7566269493663
51652,-8.476574,-3.576073,3.961318,-0.08995,-0.017257,0.035125,30.97,66.7044241566315
51662,-8.481958,-3.575475,3.956532,-0.089034,-0.020311,0.035277,31.03,66.7402565256184
51672,-8.486743,-3.581457,3.96072,-0.089186,-0.023518,0.035888,31.03,66.733465136949
51682,-8.474779,-3.574279,3.952943,-0.089034,-0.02642,0.035125,31.05,66.7431268919028
51692,-8.480165,-3.580261,3.951746,-0.08827,-0.033139,0.033903,31.05,66.7658762907205
51702,-8.467602,-3.580261,3.958327,-0.08827,-0.036346,0.033139,31,66.705127849836
51712,-8.478967,-3.577868,3.956532,-0.088117,-0.04047,0.034056,30.98,66.7361322057696
51722,-8.478967,-3.593421,3.951746,-0.088423,-0.04383,0.033445,30.98,66.7749513172962
51732,-8.472386,-3.578466,3.952943,-0.088117,-0.045815,0.03375,30.99,66.7418238568959
51742,-8.485548,-3.586243,3.958925,-0.086896,-0.049022,0.034056,30.99,66.7446059858042
51752,-8.479566,-3.574877,3.959523,-0.087354,-0.051465,0.033139,30.99,66.7190376909596
51762,-8.478369,-3.577868,3.961916,-0.087048,-0.053603,0.032376,30.99,66.7066015860403
51772,-8.471789,-3.589234,3.973282,-0.087048,-0.056047,0.03146,31,66.6432245492343
51782,-8.47119,-3.577868,3.973282,-0.087201,-0.057116,0.031765,31,66.6319326272095
51792,-8.472386,-3.59043,3.978666,-0.087201,-0.058185,0.032223,30.99,66.6172780148932
51802,-8.472985,-3.574877,3.974478,-0.087201,-0.059712,0.031307,30.99,66.6267662642152
51812,-8.462217,-3.580261,3.975077,-0.086437,-0.060628,0.031001,30.97,66.6058564077101
51822,-8.459825,-3.580859,3.980461,-0.087354,-0.060781,0.031307,30.97,66.5731014858599
51832,-8.453244,-3.591627,3.985844,-0.087506,-0.060781,0.031765,31.01,66.5406164047432
51842,-8.449057,-3.592823,3.98405,-0.087659,-0.061087,0.030696,31.01,66.5423221240273
51852,-8.458031,-3.585645,3.994219,-0.08827,-0.059712,0.030391,30.97,66.5013863619099
51862,-8.459825,-3.573082,3.987041,-0.08827,-0.058032,0.030085,30.97,66.5316574912942
51872,-8.457432,-3.586243,4.000201,-0.087659,-0.057116,0.030085,30.97,66.4692904756615
51882,-8.455039,-3.57727,3.99063,-0.088423,-0.055131,0.02978,31.02,66.506483507341
51892,-8.449656,-3.577868,3.991228,-0.088728,-0.05284,0.030391,31.02,66.4925598600611
51902,-8.444869,-3.58744,4.004389,-0.089034,-0.049633,0.030543,30.96,66.4219586331582
51912,-8.440681,-3.594618,4.006782,-0.089644,-0.048411,0.030543,30.96,66.4070153365967
51922,-8.442476,-3.585046,4.004389,-0.089339,-0.045357,0.030391,31,66.41477173809
51932,-8.443673,-3.588636,4.00379,-0.089644,-0.04215,0.029932,31,66.4236516052848
51942,-8.445468,-3.57727,4.007978,-0.090561,-0.039248,0.031307,31.01,66.3952986656467
51952,-8.446664,-3.574877,4.010969,-0.08995,-0.036194,0.031307,31.01,66.3799979137782
51962,-8.429914,-3.58744,4.003192,-0.091019,-0.032681,0.031765,31.01,66.3966976933797
51972,-8.440084,-3.579663,4.012764,-0.090561,-0.030238,0.031612,31.01,66.3609668324184
51982,-8.435298,-3.574877,4.00738,-0.091477,-0.027031,0.032376,30.98,66.3748118664681
51992,-8.4347,-3.583252,4.010969,-0.09163,-0.024282,0.033139,30.98,66.3622237744643
52002,-8.444869,-3.579065,4.0008,-0.09163,-0.020922,0.03207,31.02,66.4333006568009
52012,-8.446664,-3.584448,3.999603,-0.091324,-0.018631,0.033139,31.02,66.4481728240118
52022,-8.443673,-3.586243,4.001398,-0.090866,-0.01573,0.033598,30.99,66.4340595943736
52032,-8.447262,-3.583252,3.996612,-0.091324,-0.014508,0.034514,30.99,66.4640599147315
52042,-8.447861,-3.58385,3.998407,-0.091324,-0.010385,0.034972,30.96,66.4564344070177
52052,-8.455039,-3.576073,3.99063,-0.091019,-0.008858,0.035583,31,66.5054194053216
52062,-8.458628,-3.581457,3.987639,-0.091783,-0.007941,0.035888,31,66.5334396172215
52072,-8.452048,-3.573681,3.992425,-0.091935,-0.006872,0.03543,30.99,66.4875801070799
52082,-8.456833,-3.574877,3.984648,-0.091172,-0.006872,0.036194,30.99,66.5395327879904
52092,-8.455637,-3.584448,3.978666,-0.091019,-0.007025,0.036346,30.98,66.5769392977656
52102,-8.462815,-3.580261,3.975675,-0.090713,-0.007025,0.036499,30.98,66.6039669817444
52112,-8.469396,-3.573082,3.981059,-0.091019,-0.008094,0.036194,31,66.5831272517756
52122,-8.469396,-3.59402,3.976273,-0.090713,-0.009163,0.037263,31,66.626768810812
52132,-8.473583,-3.59043,3.962514,-0.091477,-0.010537,0.036805,31,66.7045561788026
52142,-8.477173,-3.579663,3.965506,-0.091477,-0.01237,0.036194,31,66.6868338034738
52152,-8.47119,-3.593421,3.97388,-0.090255,-0.013744,0.035583,31,66.6425400566295
52162,-8.482555,-3.586841,3.962514,-0.090561,-0.015577,0.036499,31,66.7200673391422
52172,-8.472985,-3.582056,3.955934,-0.08995,-0.016952,0.037415,30.99,66.7305045754781
52182,-8.483753,-3.576073,3.955336,-0.090561,-0.020311,0.036194,30.99,66.7507987584416
52194,-8.474779,-3.575475,3.964309,-0.090713,-0.025962,0.034667,30.98,66.684442023926
52202,-8.47119,-3.574877,3.958925,-0.090713,-0.025962,0.034667,30.98,66.7047234113289
52212,-8.478369,-3.577868,3.955934,-0.08995,-0.031612,0.034667,31.02,66.7380299577874
52222,-8.477173,-3.589832,3.957131,-0.090255,-0.034972,0.033903,30.99,66.7397740972848
52232,-8.479566,-3.57727,3.954139,-0.08995,-0.037874,0.033598,30.99,66.7494289250116
52242,-8.480762,-3.581457,3.959523,-0.089644,-0.040623,0.033903,30.98,66.7273081563699
52252,-8.475378,-3.575475,3.963113,-0.089034,-0.043371,0.033598,30.98,66.6919744364052
52262,-8.472985,-3.582056,3.963711,-0.089186,-0.04612,0.034056,31.02,66.6896383173537
52272,-8.48136,-3.57727,3.963113,-0.089186,-0.048258,0.033445,31.02,66.7060206827704
52282,-8.471789,-3.591627,3.953541,-0.089339,-0.050702,0.032529,31.02,66.7490252250247
52292,-8.466404,-3.585645,3.962514,-0.089492,-0.053145,0.032681,31.02,66.6853715570893
52302,-8.478369,-3.58744,3.966104,-0.089186,-0.055894,0.032376,30.98,66.6930361703426
52312,-8.473583,-3.589832,3.968496,-0.089797,-0.056963,0.032376,30.98,66.6726171378168
52322,-8.47119,-3.580859,3.967898,-0.088575,-0.057727,0.032834,30.96,66.66284534732
52332,-8.461619,-3.576073,3.979862,-0.08827,-0.058796,0.032376,30.96,66.575764530101
52342,-8.459825,-3.575475,3.973282,-0.088575,-0.060018,0.032376,31.02,66.6060428660503
52352,-8.473583,-3.58744,3.974478,-0.088575,-0.060476,0.03146,31.02,66.6391063551834
52362,-8.460423,-3.58385,3.991228,-0.088881,-0.060323,0.03207,31,66.5205001229063
52372,-8.447262,-3.586243,3.982255,-0.088728,-0.060018,0.032834,31,66.5421200617578
52382,-8.450253,-3.586243,3.991827,-0.089186,-0.058643,0.03146,30.99,66.4981333071444
52392,-8.450851,-3.580261,3.991827,-0.088575,-0.057269,0.032223,31.02,66.4940590039047
52402,-8.443673,-3.586243,4.0008,-0.089186,-0.055894,0.031612,31.02,66.4371975726947
52412,-8.445468,-3.588037,4.001398,-0.088575,-0.053756,0.032529,31.01,66.4394451627305
52422,-8.447861,-3.588037,3.99721,-0.089186,-0.051771,0.03207,31.01,66.4664551438667
52432,-8.444869,-3.585645,4.004987,-0.08995,-0.048869,0.032987,31,66.41721530418
52442,-8.447861,-3.594618,3.996014,-0.08995,-0.046578,0.032834,31,66.4786124624967
52452,-8.442476,-3.592823,4.003192,-0.090255,-0.04383,0.033139,31,66.4280182240452
52462,-8.435298,-3.578466,4.003192,-0.089797,-0.041539,0.032529,31,66.4000150426111
52472,-8.445468,-3.585046,4.00379,-0.08995,-0.038485,0.031918,31,66.4242208186679
52482,-8.453244,-3.586841,4.003192,-0.091324,-0.035888,0.031918,31,66.4453348215304
52492,-8.450253,-3.578466,3.998407,-0.090408,-0.03207,0.033292,30.98,66.4566659158607
52502,-8.447861,-3.591627,4.006782,-0.090866,-0.029474,0.032987,30.98,66.4194604299262
52512,-8.446067,-3.575475,4.00379,-0.091477,-0.02642,0.032529,31,66.4169298345015
52522,-8.452645,-3.580859,4.005585,-0.090561,-0.023366,0.032529,31,66.4261872549043
52532,-8.447861,-3.579065,4.007978,-0.091019,-0.020922,0.032987,31,66.4019523278754
52542,-8.439486,-3.583252,3.995416,-0.091477,-0.017715,0.033598,31,66.4539664525996
52552,-8.452048,-3.585645,3.998407,-0.092546,-0.015882,0.032681,31.01,66.4668457904097
52562,-8.444869,-3.580261,3.99721,-0.091324,-0.012675,0.032681,30.96,66.4532124058156
52572,-8.455039,-3.576672,3.985246,-0.091477,-0.010232,0.033445,30.96,66.5342197144905
52582,-8.459825,-3.581457,3.988835,-0.092088,-0.009163,0.033445,30.96,66.5296745166846
52592,-8.461619,-3.586243,3.994219,-0.091783,-0.007178,0.03375,30.96,66.5094497731061
52602,-8.457432,-3.583252,3.981657,-0.092241,-0.007941,0.033598,31.01,66.5639300232164
52612,-8.456235,-3.584448,3.981059,-0.091935,-0.007025,0.033445,31.01,66.565623855332
52622,-8.458628,-3.586841,3.976871,-0.090866,-0.006567,0.033903,31,66.5947553580988
52632,-8.455039,-3.58385,3.962514,-0.09163,-0.008247,0.034361,31,66.6600579955952
52642,-8.465208,-3.586841,3.969693,-0.090713,-0.008094,0.034361,30.99,66.646213681775
52652,-8.471789,-3.591627,3.980461,-0.090408,-0.008552,0.035125,30.99,66.6076750954784
52662,-8.467003,-3.569493,3.968496,-0.090561,-0.011148,0.035125,31.03,66.6409309665603
52672,-8.470592,-3.56052,3.96072,-0.08995,-0.011912,0.035125,31.03,66.6814149603875
52682,-8.477173,-3.588636,3.965506,-0.090408,-0.014203,0.034056,31.03,66.6947387908553
52692,-8.478967,-3.576672,3.962514,-0.089034,-0.016646,0.034208,31.03,66.7036552176514
52702,-8.482555,-3.574279,3.964907,-0.088575,-0.018479,0.034972,30.98,66.6964634901258
52712,-8.485548,-3.577868,3.95055,-0.08995,-0.02138,0.034667,30.98,66.7812489047115
52722,-8.478967,-3.588037,3.967898,-0.088728,-0.024282,0.033292,31.02,66.6853914572543
52732,-8.476574,-3.58385,3.952345,-0.089339,-0.029474,0.034208,30.99,66.7584148512055
52742,-8.478369,-3.581457,3.954139,-0.088423,-0.032529,0.034361,30.99,66.7506156912555
52752,-8.491529,-3.575475,3.96072,-0.087659,-0.036041,0.034208,31.01,66.7381739639791
52762,-8.484351,-3.580261,3.955336,-0.087812,-0.038332,0.03375,31.01,66.755714711155
52772,-8.475378,-3.594618,3.949354,-0.087048,-0.041539,0.033598,31,66.7811248873596
52782,-8.477173,-3.589234,3.962514,-0.087048,-0.044593,0.033292,31,66.7109752640451
52792,-8.477771,-3.589234,3.966104,-0.086896,-0.046884,0.034056,31,66.6933721144918
52802,-8.476574,-3.575475,3.961318,-0.08659,-0.049633,0.032681,31,66.7038983613473
52812,-8.471789,-3.57727,3.969693,-0.086437,-0.051465,0.032376,30.99,66.6515027824371
52822,-8.472386,-3.579065,3.967898,-0.086743,-0.053909,0.032834,30.99,66.6637593433512
52832,-8.473583,-3.586243,3.975077,-0.087354,-0.055894,0.031765,31,66.6349053313015
52842,-8.468199,-3.573082,3.969693,-0.08659,-0.057421,0.032681,31,66.640307391938
52852,-8.47119,-3.579065,3.972684,-0.087048,-0.058338,0.033139,31.01,66.6361290162234
52862,-8.469396,-3.591029,3.974478,-0.08659,-0.059712,0.03146,31.01,66.6335402940126
52872,-8.461619,-3.59402,3.981657,-0.087354,-0.059712,0.030696,30.99,66.5822626334756
52882,-8.467602,-3.579663,3.983452,-0.086743,-0.059559,0.031307,30.99,66.5726323849128
52892,-8.453244,-3.573082,3.989433,-0.086437,-0.059865,0.031612,30.99,66.5052722316244
52902,-8.465807,-3.579065,4.001996,-0.087048,-0.059101,0.030849,30.99,66.4710962732182
52912,-8.459825,-3.586841,3.988237,-0.086743,-0.057879,0.030391,31.02,66.537596644657
52922,-8.453843,-3.580261,4.006183,-0.086743,-0.055436,0.03146,31.02,66.4250421088337
52932,-8.442476,-3.58385,4.002594,-0.087048,-0.054672,0.031154,31.02,66.4231198511965
52942,-8.446067,-3.595814,4.001398,-0.087048,-0.052534,0.031001,31,66.4476668675598
52952,-8.443673,-3.586841,4.006782,-0.087506,-0.049938,0.030849,31,66.406349621875
52962,-8.447262,-3.59043,3.99721,-0.087506,-0.047647,0.030696,31.02,66.4673337499268
52972,-8.447262,-3.58744,4.00379,-0.087965,-0.044593,0.030543,31.02,66.4301415036065
52982,-8.452048,-3.584448,4.01396,-0.087506,-0.041539,0.032223,30.99,66.3842397758417
52992,-8.44128,-3.585645,4.009174,-0.087965,-0.039095,0.03146,30.99,66.387684167428
53002,-8.441879,-3.591627,4.005585,-0.087812,-0.036346,0.031001,30.99,66.4131353814277
53012,-8.442476,-3.580261,4.01396,-0.087659,-0.033292,0.031765,30.99,66.3602855833933
53022,-8.449057,-3.592823,4.00379,-0.087812,-0.029474,0.032529,30.98,66.4387359081854
53032,-8.446067,-3.592823,4.008576,-0.089339,-0.026878,0.032529,30.98,66.4073476425062
53042,-8.451449,-3.586243,4.001398,-0.089339,-0.024282,0.032681,30.95,66.4504313309153
53052,-8.447262,-3.588037,4.010969,-0.088728,-0.021075,0.032529,30.95,66.3930340937648
53062,-8.446067,-3.577868,4.007978,-0.089644,-0.018173,0.03207,30.97,66.3970974015515
53072,-8.446067,-3.579663,4.0008,-0.089034,-0.013439,0.032834,30.97,66.4363596076101
53082,-8.454441,-3.579065,4.002594,-0.090255,-0.012065,0.031765,30.98,66.4440532979135
53092,-8.437093,-3.581457,3.996014,-0.090103,-0.010537,0.032376,30.97,66.4441771318459
53102,-8.444869,-3.574279,4.001398,-0.08995,-0.008247,0.032987,30.97,66.4258881548086
53112,-8.455637,-3.576672,3.988835,-0.090561,-0.007025,0.033292,31,66.5166311352901
53122,-8.458628,-3.57727,3.992425,-0.089797,-0.006261,0.033445,31,66.5046039785937
53132,-8.454441,-3.584448,3.978666,-0.090103,-0.006109,0.033903,30.99,66.5744332961178
53142,-8.463414,-3.574279,3.983452,-0.090866,-0.005956,0.033139,30.99,66.5590892124923
53152,-8.46461,-3.577868,3.982255,-0.091019,-0.005956,0.033445,31.02,66.5710577429812
53162,-8.457432,-3.571288,3.974478,-0.090866,-0.005956,0.032681,31.02,66.5910379652177
53172,-8.47119,-3.579065,3.969693,-0.090561,-0.007178,0.033903,31.02,66.6518351864595
53182,-8.465208,-3.585046,3.974478,-0.090408,-0.007941,0.033292,31.02,66.619494721888
53192,-8.469396,-3.576672,3.964907,-0.090408,-0.008858,0.033445,31.01,66.6711209578009
53202,-8.465807,-3.580261,3.964907,-0.08995,-0.010232,0.034514,31.01,66.6667944559505
53212,-8.462217,-3.580859,3.958327,-0.089186,-0.012828,0.034056,31,66.6944234873006
53222,-8.486146,-3.57727,3.940979,-0.089797,-0.014203,0.033598,31,66.832277729352
53232,-8.465208,-3.576672,3.955336,-0.089797,-0.018021,0.03375,30.99,66.7127019274578
53242,-8.477173,-3.565904,3.96072,-0.088728,-0.020464,0.034361,30.99,66.6998825875575
53252,-8.481958,-3.571886,3.954139,-0.088881,-0.025962,0.034208,31.02,66.749684192901
53262,-8.470592,-3.575475,3.953541,-0.088728,-0.028405,0.033903,30.97,66.7323123987901
53272,-8.475977,-3.573681,3.949354,-0.08827,-0.031612,0.034056,30.97,66.7639691474471
53282,-8.472985,-3.57727,3.953541,-0.087659,-0.034819,0.033903,30.99,66.7388750468945
53292,-8.469995,-3.576073,3.956532,-0.087354,-0.038332,0.033292,30.99,66.7158656295365
53302,-8.475977,-3.579663,3.961916,-0.086743,-0.041539,0.033139,31.04,66.703196462346
53312,-8.478967,-3.58385,3.961916,-0.086896,-0.04444,0.033598,31.04,66.7131087595621
53322,-8.487342,-3.579663,3.954139,-0.086743,-0.047037,0.033139,31.01,66.7676931615828
53332,-8.473583,-3.580261,3.970291,-0.086437,-0.049786,0.033292,31.01,66.6547462993986
53342,-8.470592,-3.585645,3.9673,-0.086285,-0.05284,0.032834,31.05,66.6689626900736
53352,-8.461619,-3.58385,3.972684,-0.086743,-0.054978,0.032681,31.05,66.6203539279397
53362,-8.472985,-3.588037,3.975675,-0.085979,-0.056505,0.033445,31.02,66.6321045127382
53372,-8.456833,-3.571288,3.970889,-0.085674,-0.057421,0.032987,31.02,66.6086492575218
53382,-8.478967,-3.578466,3.973282,-0.085827,-0.059712,0.031612,31.01,66.6487025872817
53392,-8.47119,-3.59043,3.983452,-0.085674,-0.060018,0.031918,31.01,66.589675981628
53402,-8.469995,-3.579065,3.980461,-0.085827,-0.060323,0.032376,30.99,66.5928079396593
53412,-8.453843,-3.580859,3.987639,-0.085827,-0.060628,0.032529,30.99,66.522864556447
53422,-8.456235,-3.586243,3.990032,-0.085521,-0.060476,0.031612,31.02,66.5201153720944
53432,-8.457432,-3.581457,3.990032,-0.086437,-0.059712,0.030696,31.02,66.5183706595079
53442,-8.449057,-3.58744,3.989433,-0.086285,-0.057879,0.031001,31.02,66.5092557933191
53452,-8.46102,-3.591029,3.993023,-0.086896,-0.055741,0.031918,30.99,66.5187229774374
53462,-8.450851,-3.592225,3.987639,-0.087659,-0.055131,0.031765,30.99,66.5267073781144
53472,-8.453244,-3.580859,3.993023,-0.087048,-0.052687,0.03146,31,66.4933442311201
53482,-8.452645,-3.586243,4.001996,-0.087506,-0.050244,0.032529,31,66.4498118049302
53492,-8.440084,-3.585645,4.000201,-0.087965,-0.0478,0.030543,31.03,66.4322442348017
53502,-8.446664,-3.581457,4.010371,-0.087354,-0.045204,0.030696,31.03,66.3890177050067
53512,-8.435298,-3.58385,4.004389,-0.088575,-0.042455,0.031154,31.01,66.3985567807818
53522,-8.449656,-3.581457,4.00738,-0.089186,-0.039554,0.031154,31.01,66.411010753783
53532,-8.443074,-3.586243,4.010969,-0.088575,-0.037415,0.031001,31.02,66.3825926141422
53542,-8.440084,-3.586243,4.001398,-0.088728,-0.034819,0.030543,31.02,66.4264967821277
53552,-8.44427,-3.581457,4.002594,-0.089186,-0.031001,0.03146,31.02,66.4247611973292
53562,-8.44427,-3.588636,4.003192,-0.088728,-0.027642,0.031154,31.02,66.4280464200226
53572,-8.434101,-3.57727,4.003192,-0.089034,-0.025198,0.031765,31.04,66.3964152337496
53582,-8.440084,-3.582654,3.994219,-0.090713,-0.022144,0.031612,31.04,66.4609779256001
53592,-8.44128,-3.580859,4.013362,-0.089644,-0.017257,0.033445,31.02,66.3614301198844
53602,-8.457432,-3.585046,3.994817,-0.089797,-0.014661,0.032681,31.02,66.4964585702063
53612,-8.448458,-3.588636,3.999603,-0.090561,-0.012217,0.033139,31.02,66.4556909943272
53622,-8.459227,-3.585645,3.994219,-0.091019,-0.011148,0.033139,30.97,66.5038973486667
53632,-8.450851,-3.574279,4.003192,-0.091019,-0.009927,0.033139,30.97,66.429087709375
53642,-8.448458,-3.571886,3.983452,-0.091172,-0.008858,0.033598,31,66.5255665384223
53652,-8.448458,-3.582056,3.992425,-0.090255,-0.00733,0.033139,31,66.4874875722172
53662,-8.453843,-3.595814,3.98405,-0.090713,-0.006872,0.033445,31.02,66.5550199472601
53672,-8.459825,-3.574877,3.99063,-0.091019,-0.00672,0.03375,31.02,66.5144125202296
53683,-8.461619,-3.580261,3.985246,-0.090255,-0.006109,0.034208,31.02,66.5512107724337
53692,-8.471789,-3.579065,3.973282,-0.090103,-0.006414,0.034361,31.02,66.6342408700874
53702,-8.462815,-3.579065,3.97747,-0.089339,-0.006567,0.034208,30.98,66.5934809852079
53712,-8.465208,-3.582056,3.976871,-0.089492,-0.008552,0.033292,30.98,66.6042826887387
53722,-8.470592,-3.583252,3.965506,-0.090103,-0.009621,0.034056,31.04,66.676273381955
53732,-8.464012,-3.583252,3.96072,-0.089492,-0.011301,0.033292,31.04,66.6876983851531
53742,-8.471789,-3.591029,3.962514,-0.090255,-0.013592,0.033139,31,66.7013489252945
53752,-8.472985,-3.578466,3.961318,-0.089644,-0.015424,0.034208,31,66.6990483493017
53762,-8.483154,-3.575475,3.963113,-0.089034,-0.01741,0.033445,31.04,66.7081811631949
53772,-8.473583,-3.575475,3.96072,-0.087812,-0.022907,0.032834,30.94,66.7008050395054
53782,-8.47119,-3.577868,3.954738,-0.088117,-0.025045,0.033445,30.94,66.7293685225147
53792,-8.478369,-3.591627,3.955336,-0.087506,-0.027947,0.034056,31.01,66.7532698101395
53802,-8.477771,-3.577868,3.959523,-0.087812,-0.03146,0.032834,31.01,66.7179267441868
53812,-8.473583,-3.583252,3.96072,-0.087201,-0.034514,0.033292,30.96,66.7076518875469
53822,-8.477771,-3.581457,3.949952,-0.087506,-0.036805,0.03375,30.96,66.7713802054643
53832,-8.476574,-3.580261,3.955336,-0.087048,-0.040164,0.034361,30.99,66.7395394977183
53842,-8.474181,-3.591627,3.959523,-0.086896,-0.042761,0.033292,30.99,66.722567148346
53852,-8.458031,-3.561118,3.956532,-0.086896,-0.045509,0.031918,30.99,66.6777145364933
53862,-8.469995,-3.584448,3.952943,-0.086896,-0.047495,0.033139,30.99,66.7421112798375
53872,-8.463414,-3.58385,3.949952,-0.086743,-0.049938,0.033445,30.98,66.7436166576123
53882,-8.458628,-3.588037,3.955336,-0.086132,-0.051771,0.033445,30.98,66.7090139594915
53892,-8.466404,-3.588037,3.9673,-0.086132,-0.053756,0.032834,31.02,66.6623386300763
53902,-8.467602,-3.584448,3.964309,-0.085979,-0.055741,0.032834,31.02,66.6773805977658
53912,-8.478369,-3.584448,3.978666,-0.086132,-0.055894,0.032681,30.96,66.6244842691438
53922,-8.465807,-3.58744,3.972684,-0.086132,-0.057269,0.032376,30.96,66.6322863309143
53932,-8.467602,-3.585645,3.976871,-0.085674,-0.058948,0.032376,31.01,66.6124661475375
53942,-8.46102,-3.584448,3.981657,-0.08659,-0.059101,0.032376,31,66.5725093026342
53952,-8.454441,-3.589832,3.988237,-0.086437,-0.057879,0.031307,31,66.5289669434745
53962,-8.452645,-3.58385,3.990032,-0.086437,-0.057269,0.03207,30.99,66.5104479483399
53972,-8.442476,-3.592225,3.995416,-0.086132,-0.056505,0.032376,30.99,66.4682885893679
53982,-8.458031,-3.576672,3.995416,-0.085827,-0.055131,0.03146,30.97,66.4871252692809
53992,-8.449656,-3.597011,3.996014,-0.086437,-0.053298,0.031307,30.97,66.4845230269153
54002,-8.455039,-3.588037,4.003192,-0.086132,-0.052229,0.031612,30.97,66.4501785927492
54012,-8.447262,-3.585046,3.995416,-0.086285,-0.050396,0.032223,30.97,66.4719388699055
54022,-8.452645,-3.594618,4.00379,-0.087048,-0.048258,0.030849,31.04,66.4478886401759
54032,-8.453843,-3.586243,4.004389,-0.086437,-0.044899,0.031612,31.04,66.4397858457867
54042,-8.44427,-3.588636,4.002594,-0.08659,-0.04215,0.031307,30.99,66.4311836031238
54052,-8.444869,-3.59043,4.012764,-0.086896,-0.039859,0.031154,30.99,66.3807233443008
54062,-8.452048,-3.585645,4.00738,-0.087201,-0.036805,0.031307,31,66.4197932074943
54072,-8.442476,-3.591029,4.009772,-0.087506,-0.03375,0.031765,31,66.3918991050269
54082,-8.444869,-3.589234,4.009772,-0.087354,-0.031765,0.030849,31.03,66.3953358619455
54092,-8.434101,-3.595216,4.004987,-0.087506,-0.027794,0.031307,31.03,66.4030980464239
54102,-8.446067,-3.582056,4.001996,-0.087354,-0.025656,0.032834,31.01,66.4322217032878
54112,-8.452048,-3.578466,3.987639,-0.088575,-0.019853,0.031612,31.01,66.5169659406215
54122,-8.453244,-3.579065,3.999005,-0.088117,-0.017868,0.030543,30.98,66.4603580968641
54132,-8.452048,-3.579663,4.002594,-0.088117,-0.015882,0.031612,30.95,66.4395475528542
54142,-8.449057,-3.595216,3.996014,-0.087659,-0.013592,0.031918,30.95,66.4816600469632
54152,-8.436494,-3.580261,3.99721,-0.08827,-0.011759,0.032681,31,66.4355617736516
54162,-8.440681,-3.582056,3.994817,-0.087354,-0.010385,0.032834,31,66.4585600526214
54172,-8.443074,-3.580859,3.987041,-0.087201,-0.008705,0.032834,31,66.5033756584678
54182,-8.468199,-3.582654,3.984648,-0.087506,-0.008094,0.032987,31,66.5702562091623
54195,-8.455637,-3.579065,3.985246,-0.087965,-0.007178,0.032681,31.01,66.5376006218035
54202,-8.449656,-3.579065,3.982853,-0.087506,-0.007178,0.033292,31.01,66.5376138454327
54212,-8.456833,-3.581457,3.979264,-0.087812,-0.00672,0.034514,31,66.5736487734746
54222,-8.462815,-3.58744,3.9673,-0.087812,-0.007789,0.032987,31,66.6543186911913
54232,-8.464012,-3.578466,3.973282,-0.087659,-0.007636,0.033292,31.01,66.6174524517461
54242,-8.468798,-3.576672,3.963711,-0.086896,-0.008247,0.033445,31.01,66.6761577294988
54252,-8.47119,-3.582056,3.970889,-0.086896,-0.010079,0.033292,31.04,66.648194502294
54262,-8.467003,-3.579663,3.9673,-0.086743,-0.011606,0.032987,31.04,66.6561891337613
54272,-8.464012,-3.586243,3.956532,-0.086437,-0.012981,0.033139,30.96,66.7123607160262
54282,-8.479566,-3.570091,3.957729,-0.086132,-0.014966,0.032834,30.96,66.7242634996048
54292,-8.473583,-3.583252,3.964309,-0.086132,-0.019395,0.032529,31,66.6887979989005
54302,-8.474181,-3.575475,3.954738,-0.085521,-0.022144,0.032681,31.02,66.7334944774146
54312,-8.475977,-3.567699,3.963711,-0.085827,-0.02474,0.032223,31.02,66.6832458702539
54322,-8.471789,-3.579065,3.955934,-0.085368,-0.027794,0.03207,31.01,66.7253813801608
54332,-8.484949,-3.582056,3.957729,-0.084758,-0.029932,0.031765,31.01,66.7459646290538
54342,-8.491529,-3.573681,3.957131,-0.084452,-0.034056,0.031612,31.01,66.7554445701291
54352,-8.476574,-3.585645,3.957729,-0.084758,-0.035888,0.03207,31.01,66.7317006452221
54362,-8.466404,-3.571288,3.954139,-0.084452,-0.037721,0.032987,31,66.716752739356
54372,-8.465208,-3.574877,3.957729,-0.083841,-0.040317,0.031765,31,66.6985331953063
54382,-8.476574,-3.569493,3.956532,-0.083994,-0.042913,0.03207,31,66.7237955493598
54392,-8.482555,-3.582654,3.963711,-0.083841,-0.045968,0.031307,31,66.7101015108313
54402,-8.480762,-3.582654,3.964309,-0.083536,-0.047647,0.031154,30.99,66.7032289768362
54412,-8.473583,-3.576073,3.969095,-0.08323,-0.049786,0.030849,30.99,66.6573344374366
54422,-8.465807,-3.584448,3.969693,-0.083078,-0.051007,0.030543,30.98,66.6453478384738
54432,-8.452048,-3.582654,3.970291,-0.082925,-0.052229,0.031001,30.98,66.61184327688
54442,-8.458031,-3.579065,3.981059,-0.082925,-0.053909,0.030391,30.95,66.5646097264588
54452,-8.463414,-3.585645,3.975675,-0.082467,-0.054672,0.030543,30.95,66.6099886825149
54462,-8.452645,-3.584448,3.98405,-0.082314,-0.055283,0.030391,31.03,66.5423883539075
54472,-8.449656,-3.585645,3.985246,-0.08262,-0.055894,0.029169,31,66.5309001631213
54482,-8.462815,-3.578466,3.99063,-0.082772,-0.055131,0.029169,31,66.5238751447688
54492,-8.456235,-3.576672,3.990032,-0.082925,-0.054062,0.029932,30.98,66.5116038694028
54502,-8.453244,-3.58385,3.997808,-0.08262,-0.054367,0.029932,30.98,66.4709022402403
54512,-8.456833,-3.583252,4.002594,-0.083689,-0.052993,0.02978,31.02,66.4528191881176
54522,-8.455637,-3.586243,3.988237,-0.08262,-0.050091,0.029627,31.02,66.5282808195845
54532,-8.453244,-3.586243,3.995416,-0.083078,-0.048717,0.028863,31.02,66.4855843482884
54542,-8.449656,-3.589832,4.004389,-0.084299,-0.046731,0.028711,31.02,66.434180199258
54552,-8.458628,-3.593421,4.002594,-0.084147,-0.044593,0.029169,31,66.4656618532893
54562,-8.44128,-3.585645,3.996014,-0.083536,-0.042913,0.029932,31,66.4567449023297
54572,-8.452645,-3.579663,3.99721,-0.083994,-0.040623,0.028253,31.01,66.4690478576945
54582,-8.449057,-3.581457,4.005585,-0.08491,-0.037721,0.028863,31.01,66.4191609555554
54592,-8.439486,-3.580859,4.009772,-0.085063,-0.034972,0.029322,30.99,66.376469815759
54602,-8.432905,-3.579065,4.007978,-0.084299,-0.03207,0.029474,30.99,66.3703685503946
54612,-8.453244,-3.580859,4.002594,-0.084147,-0.02978,0.029016,31.02,66.4431326392784
54622,-8.453244,-3.595216,4.004389,-0.084452,-0.027031,0.028863,31.02,66.4465431294672
54632,-8.445468,-3.580261,4.0008,-0.084758,-0.021533,0.029322,30.99,66.4356314953858
54642,-8.44427,-3.585645,4.010371,-0.085063,-0.019395,0.029322,31.02,66.3877159514936
54652,-8.444869,-3.583252,4.006183,-0.087048,-0.017715,0.029627,31.02,66.4088004491313
54662,-8.447861,-3.585046,3.989433,-0.086132,-0.014661,0.029627,31,66.5046082731547
54672,-8.44427,-3.584448,4.004987,-0.085827,-0.01237,0.029932,31,66.4148814510311
54682,-8.458628,-3.584448,3.981657,-0.086896,-0.010843,0.029322,30.99,66.5674983395015
54692,-8.453843,-3.58385,3.989433,-0.086743,-0.009774,0.029169,30.99,66.5161079978582
54702,-8.452645,-3.57727,3.991827,-0.086285,-0.008705,0.030238,30.99,66.4951680609394
54712,-8.458628,-3.583252,3.98405,-0.086437,-0.008399,0.031307,30.99,66.5538728607924
54722,-8.465208,-3.572484,3.987041,-0.086437,-0.007483,0.031307,31.02,66.5424252029651
54732,-8.457432,-3.586243,3.979862,-0.08659,-0.007025,0.030849,31.02,66.5760122788219
54742,-8.464012,-3.582056,3.97388,-0.085979,-0.007941,0.031765,31,66.6174877288754
54752,-8.472985,-3.586841,3.969693,-0.086285,-0.007789,0.031307,31,66.6624449131029
54762,-8.466404,-3.577868,3.975077,-0.08659,-0.008858,0.03146,30.99,66.6125000098831
54772,-8.470592,-3.562913,3.973282,-0.085674,-0.008705,0.032834,30.99,66.617496919126
54782,-8.469995,-3.580859,3.974478,-0.085368,-0.010079,0.032681,31,66.6257973623681
54792,-8.469995,-3.581457,3.973282,-0.085979,-0.012217,0.032681,31,66.632604869604
54802,-8.472386,-3.571886,3.96072,-0.085979,-0.015577,0.032987,31,66.6951511366834
54812,-8.467602,-3.574877,3.96072,-0.085368,-0.017715,0.031918,30.97,66.6878013142668
54822,-8.472386,-3.583252,3.964907,-0.085216,-0.021075,0.033292,30.97,66.683161355221
54832,-8.478967,-3.570091,3.954738,-0.085368,-0.02306,0.033598,30.98,66.7387358943157
54842,-8.475977,-3.58385,3.958327,-0.084299,-0.025045,0.03375,30.98,66.7257365540296
54852,-8.47119,-3.577868,3.961916,-0.08491,-0.027794,0.034056,31,66.6916361518491
54862,-8.469995,-3.57727,3.951746,-0.085216,-0.031154,0.032987,31,66.7420884958277
54872,-8.478369,-3.589832,3.963711,-0.084299,-0.03375,0.034514,30.99,66.7077066603214
54882,-8.475977,-3.57727,3.953541,-0.08491,-0.036499,0.033903,30.99,66.7451038430904
54892,-8.477173,-3.578466,3.962514,-0.083994,-0.039859,0.032987,30.95,66.7014943154364
54902,-8.47119,-3.576073,3.961318,-0.083536,-0.041692,0.033903,30.95,66.6931979551516
54912,-8.467602,-3.58744,3.960122,-0.083383,-0.04383,0.034208,31.02,66.7020257190393
54922,-8.474779,-3.581457,3.963711,-0.083536,-0.045968,0.033598,31.02,66.692850331924
54932,-8.472985,-3.571288,3.9673,-0.083841,-0.047953,0.032987,30.99,66.6612992354047
54942,-8.461619,-3.585046,3.970889,-0.083536,-0.050091,0.033445,30.99,66.6308432709225
54952,-8.474779,-3.588636,3.975675,-0.083383,-0.051313,0.032529,30.97,66.6363787292085
54962,-8.472386,-3.581457,3.972086,-0.083536,-0.052993,0.032223,30.97,66.6438783286922
54972,-8.467602,-3.580859,3.980461,-0.083383,-0.053451,0.032223,31,66.5893871589952
54982,-8.468798,-3.588037,3.982853,-0.083383,-0.054672,0.031765,31.01,66.5856954561783
54992,-8.457432,-3.592823,3.988835,-0.084147,-0.055283,0.031154,31.01,66.5347646236541
55002,-8.463414,-3.591029,3.99063,-0.084147,-0.054672,0.02978,30.99,66.5362900941151
55012,-8.474181,-3.596412,3.991228,-0.083994,-0.05452,0.030543,30.99,66.560474185798
55022,-8.467602,-3.580859,3.988237,-0.083841,-0.053909,0.02978,30.99,66.5485889219645
55032,-8.460423,-3.58385,3.993621,-0.083994,-0.053451,0.030391,30.99,66.5079477766412
55042,-8.460423,-3.574877,3.994219,-0.084299,-0.051924,0.030238,31.04,66.4968377139358
55052,-8.450851,-3.58385,3.994219,-0.085063,-0.051313,0.029169,31.04,66.4847019118147
55062,-8.449057,-3.582056,3.99721,-0.085216,-0.049327,0.0281,30.98,66.4636316885992
55072,-8.456235,-3.582056,3.992425,-0.084758,-0.047495,0.029016,30.98,66.5038324206923
55082,-8.44128,-3.588037,3.99721,-0.084605,-0.045815,0.028558,31.01,66.452605861681
55092,-8.446067,-3.58744,4.002594,-0.08491,-0.042761,0.029169,31.01,66.4338981741855
55102,-8.455637,-3.586243,4.00738,-0.085674,-0.040164,0.029169,31,66.4278844667097
55112,-8.461619,-3.592225,4.005585,-0.085674,-0.038026,0.030085,31,66.4552075886389
55122,-8.446067,-3.586243,3.999603,-0.085979,-0.03543,0.028863,31,66.4485201015788
55132,-8.457432,-3.583252,4.0008,-0.086437,-0.032834,0.027642,31,66.463484667545
55142,-8.440084,-3.594618,4.00738,-0.086437,-0.02978,0.028863,31,66.4026206139431
55152,-8.447861,-3.580261,3.995416,-0.086896,-0.025045,0.028863,31,66.4689292338262
55162,-8.440681,-3.585645,3.998407,-0.087354,-0.022449,0.029322,31.03,66.4429197303188
55172,-8.451449,-3.585046,3.997808,-0.086285,-0.020464,0.028711,30.96,66.4681939276569
55182,-8.450253,-3.58385,3.988237,-0.08659,-0.018784,0.028863,30.96,66.5148477000171
55192,-8.453843,-3.586243,3.995416,-0.08659,-0.01573,0.028711,31.02,66.48684307573
55202,-8.446067,-3.582056,3.993023,-0.086437,-0.014661,0.030085,31.02,66.479318634415
55212,-8.460423,-3.588636,3.988835,-0.086437,-0.012523,0.029932,30.97,66.5373087543159
55222,-8.445468,-3.574279,3.986442,-0.086896,-0.010385,0.030085,30.97,66.5056950113662
55232,-8.450851,-3.573681,3.991827,-0.085979,-0.010079,0.031154,30.97,66.488201470466
55242,-8.459227,-3.589832,3.985246,-0.085674,-0.009163,0.030543,30.97,66.5546975112313
55252,-8.462217,-3.59402,3.97388,-0.085979,-0.008552,0.030238,31.01,66.6243378624853
55262,-8.470592,-3.583252,3.973282,-0.085674,-0.008247,0.030696,31.01,66.6354379794132
55272,-8.46102,-3.589234,3.972086,-0.084605,-0.008094,0.031001,31.03,66.6270139939476
55282,-8.46461,-3.57727,3.975675,-0.084299,-0.008552,0.030696,31.03,66.6050768161755
55292,-8.468798,-3.566502,3.979862,-0.084605,-0.009163,0.03146,30.97,66.5823474597376
55302,-8.463414,-3.584448,3.97388,-0.084758,-0.009468,0.031154,30.97,66.6183549094912
55312,-8.47119,-3.585645,3.964309,-0.084452,-0.01069,0.031765,31,66.6859199372261
55322,-8.465208,-3.581457,3.963113,-0.083994,-0.013897,0.031154,31,66.6760291989428
55332,-8.471789,-3.579663,3.961916,-0.082925,-0.015424,0.031154,31,66.6944667031855
55342,-8.463414,-3.584448,3.963113,-0.083536,-0.01741,0.031154,31.02,66.6749273861446
55352,-8.472985,-3.572484,3.969095,-0.082772,-0.019548,0.031154,31.02,66.6529235817723
55362,-8.472386,-3.591029,3.963711,-0.082467,-0.021838,0.031765,31.03,66.6963052818766
55372,-8.477771,-3.579663,3.955934,-0.083078,-0.024129,0.03146,31.03,66.7383623378628
55382,-8.478369,-3.591627,3.964309,-0.082467,-0.02642,0.031001,30.96,66.7061494574103
55392,-8.471789,-3.585046,3.964907,-0.082467,-0.028558,0.031307,30.96,66.6834990472148
55402,-8.470592,-3.568297,3.954139,-0.081551,-0.031612,0.031765,31.04,66.722857930988
55412,-8.478369,-3.57069,3.952345,-0.081398,-0.033903,0.03146,31.04,66.7505961923766
55422,-8.475977,-3.582056,3.96072,-0.081856,-0.03711,0.03146,30.99,66.7115855109776
55432,-8.475378,-3.580261,3.953541,-0.081398,-0.039554,0.031154,30.99,66.7464855143157
55442,-8.470592,-3.586243,3.966104,-0.081551,-0.041081,0.03146,31.01,66.675772311659
55452,-8.473583,-3.580261,3.970291,-0.081245,-0.042913,0.031918,31.01,66.6547462993986
55462,-8.471789,-3.583252,3.9673,-0.080329,-0.045357,0.032223,31,66.6693474561662
55472,-8.466404,-3.582056,3.970291,-0.080176,-0.047495,0.031612,31,66.6413388648902
55482,-8.473583,-3.584448,3.969095,-0.079871,-0.048869,0.031765,31.03,66.664719562154
55492,-8.466404,-3.585645,3.961318,-0.080329,-0.049938,0.031918,31.03,66.6916573981617
55502,-8.467602,-3.577868,3.970889,-0.080176,-0.051771,0.031612,30.98,66.6370008514142
55512,-8.456235,-3.586841,3.970889,-0.079871,-0.052687,0.031307,31,66.6211767799173
55522,-8.453843,-3.591627,3.982255,-0.080329,-0.05284,0.031612,31,66.5607149705743
55532,-8.450851,-3.586243,3.983452,-0.080023,-0.052229,0.03146,31.01,66.5433627858137
55542,-8.451449,-3.585046,3.981657,-0.080481,-0.052229,0.031154,31.01,66.5529803237076
55552,-8.458031,-3.588636,3.988835,-0.080481,-0.051924,0.031154,30.98,66.5322935634842
55562,-8.449057,-3.58385,3.994219,-0.080023,-0.050855,0.031918,30.98,66.4809297361926
55572,-8.462217,-3.582654,3.996612,-0.080481,-0.050549,0.032834,31.02,66.4949658733476
55582,-8.450851,-3.568297,4.0008,-0.080176,-0.049022,0.032376,31.02,66.4363086032848
55592,-8.460423,-3.573082,3.993621,-0.08094,-0.0478,0.031001,31.03,66.4983814289582
55602,-8.456235,-3.576672,3.993023,-0.080787,-0.045357,0.030849,31.03,66.4959058701188
55612,-8.452048,-3.575475,4.0008,-0.081856,-0.043677,0.030543,30.97,66.4452244070458
55622,-8.442476,-3.577868,3.99721,-0.082009,-0.040928,0.030238,30.97,66.4460335761384
55632,-8.462815,-3.582056,4.004987,-0.081092,-0.039706,0.030696,30.97,66.4517936209735
55642,-8.444869,-3.579663,4.000201,-0.082161,-0.037721,0.030543,30.97,66.4369786017624
55652,-8.44427,-3.577868,4.008576,-0.082161,-0.035125,0.030391,30.96,66.3901679396637
55662,-8.453244,-3.574877,4.0008,-0.081703,-0.032834,0.029627,30.96,66.4472107392663
55672,-8.449656,-3.585046,3.99721,-0.082925,-0.027794,0.029169,31.01,66.467560105897
55682,-8.446067,-3.574279,4.006782,-0.083383,-0.024893,0.029016,31.02,66.4001639752015
55692,-8.449656,-3.580261,3.99721,-0.083536,-0.022907,0.029169,31.02,66.4632911918491
55702,-8.448458,-3.58385,4.000201,-0.083841,-0.020769,0.028711,31,66.448278070593
55712,-8.446067,-3.582056,3.996612,-0.08323,-0.018784,0.0281,31,66.4604768634174
55722,-8.459227,-3.584448,3.996612,-0.083841,-0.01741,0.02642,31,66.4902821509226
55732,-8.459227,-3.58744,3.99063,-0.084299,-0.015577,0.027031,31,66.5243203210832
55742,-8.458031,-3.574877,3.993621,-0.084147,-0.013134,0.026267,30.99,66.4949477648409
55752,-8.456235,-3.585645,3.994817,-0.084299,-0.012217,0.026114,30.99,66.4944778459042
55762,-8.458031,-3.582654,3.987639,-0.08491,-0.01069,0.026114,31.02,66.5332506282652
55772,-8.455039,-3.575475,3.987041,-0.084758,-0.010385,0.026573,31.02,66.5237306611979
55782,-8.447262,-3.584448,3.981059,-0.085063,-0.009774,0.025962,31,66.5468054900385
55792,-8.458628,-3.59043,3.993621,-0.084299,-0.008858,0.027031,31,66.510036238847
55802,-8.458628,-3.581457,3.975077,-0.084147,-0.008858,0.026725,30.98,66.5994035572821
55812,-8.469995,-3.583252,3.971487,-0.084452,-0.009316,0.026114,30.98,66.643615473474
55822,-8.46102,-3.577868,3.976273,-0.084605,-0.010232,0.026725,31.04,66.5949493390864
55832,-8.467003,-3.580261,3.970291,-0.084299,-0.01069,0.026267,31.04,66.6410040789958
55842,-8.463414,-3.577868,3.972086,-0.084147,-0.012065,0.0281,31.05,66.6219556293068
55852,-8.458628,-3.580859,3.966104,-0.083536,-0.013897,0.028711,31.04,66.6460324438989
55862,-8.464012,-3.580261,3.9673,-0.083383,-0.015119,0.028558,31.04,66.6504692598453
55872,-8.46461,-3.569493,3.969095,-0.083689,-0.016188,0.027947,31.02,66.6327769382705
55882,-8.46102,-3.578466,3.962514,-0.082772,-0.01909,0.030085,31.02,66.6677914289345
55892,-8.462217,-3.579065,3.9673,-0.081856,-0.021228,0.029474,31.01,66.6456608681526
55902,-8.470592,-3.583252,3.970889,-0.082772,-0.023824,0.029627,31.01,66.648002062434
55912,-8.470592,-3.576073,3.957131,-0.082314,-0.025198,0.030085,31.04,66.7139606670314
55922,-8.48136,-3.580261,3.965506,-0.081245,-0.027031,0.031001,31.04,66.6960856775235
55932,-8.475378,-3.588636,3.954139,-0.081092,-0.028863,0.031001,31.01,66.7507095753913
55942,-8.469995,-3.582654,3.958925,-0.081245,-0.031765,0.030849,31.01,66.7090818185298
55952,-8.478967,-3.57727,3.961916,-0.080634,-0.033903,0.031307,31,66.7073217840948
55962,-8.473583,-3.586841,3.956532,-0.080023,-0.036652,0.030391,31,66.7328196415007
55972,-8.467003,-3.574877,3.966702,-0.080023,-0.038485,0.030696,31.01,66.6551072480539
55982,-8.467602,-3.581457,3.963711,-0.080329,-0.041081,0.030238,31.01,66.6778824033827
55992,-8.475977,-3.591029,3.959523,-0.079107,-0.043066,0.031307,31.05,66.7257764656339
56002,-8.473583,-3.591627,3.976273,-0.07926,-0.044288,0.030543,31.05,66.6333898803667
56012,-8.466404,-3.579065,3.972086,-0.079565,-0.046273,0.029322,30.99,66.6292667051511
56022,-8.465208,-3.585046,3.969693,-0.078038,-0.049327,0.028863,30.99,66.6446256150456
56032,-8.459825,-3.589234,3.979264,-0.078649,-0.050244,0.028405,30.99,66.5868187442127
56042,-8.477771,-3.585046,3.981059,-0.07758,-0.050549,0.028405,30.98,66.611214084509
56052,-8.46102,-3.581457,3.980461,-0.077274,-0.05116,0.028711,30.98,66.5761353771034
56062,-8.459227,-3.586243,3.989433,-0.078343,-0.049938,0.028405,30.96,66.5295356978937
56072,-8.454441,-3.597609,3.987041,-0.077885,-0.050855,0.028253,30.96,66.5421742324875
56082,-8.455637,-3.593421,3.988237,-0.077885,-0.050702,0.028558,31.03,66.5346721091888
56092,-8.451449,-3.578466,3.987041,-0.077733,-0.048717,0.028711,31.03,66.5188478919665
56102,-8.453244,-3.59043,3.993621,-0.077274,-0.04612,0.029322,31,66.4987353385708
56112,-8.446067,-3.582654,3.98405,-0.078038,-0.045968,0.028711,31,66.5269820816123
56122,-8.448458,-3.598805,3.995416,-0.07758,-0.04444,0.028405,30.98,66.4867485828757
56132,-8.44427,-3.584448,3.995416,-0.078038,-0.043219,0.029016,30.98,66.4651090124897
56142,-8.442476,-3.581457,3.999603,-0.078038,-0.041081,0.028711,31.03,66.436677460013
56152,-8.450851,-3.58385,3.991827,-0.077733,-0.039095,0.028405,31.03,66.4972566294792
56162,-8.455637,-3.591029,4.004389,-0.078038,-0.036652,0.027947,30.98,66.4478331790302
56172,-8.456235,-3.574279,4.005585,-0.078954,-0.035125,0.028558,30.98,66.4278845417334
56182,-8.453244,-3.579663,4.000201,-0.079107,-0.033292,0.028253,31.02,66.4546171573656
56196,-8.44427,-3.58744,3.999603,-0.079718,-0.027642,0.028863,31.01,66.4458070776398
56202,-8.443074,-3.588037,3.99721,-0.080176,-0.025809,0.029322,31.01,66.4563825769834
56212,-8.438888,-3.585645,3.999005,-0.080481,-0.02306,0.029474,30.99,66.4360022996352
56222,-8.452048,-3.58744,4.002594,-0.080634,-0.020922,0.029932,30.99,66.4464886890234
56232,-8.456833,-3.584448,3.993621,-0.080023,-0.018479,0.029627,31.02,66.5009421242916
56242,-8.448458,-3.580261,3.999005,-0.080634,-0.01741,0.028863,31.02,66.4513495583601
56252,-8.453244,-3.588037,4.004389,-0.081398,-0.015424,0.028711,31,66.4401272985071
56262,-8.459825,-3.579065,3.993621,-0.081245,-0.013744,0.030391,31,66.5024386273334
56272,-8.455039,-3.586243,3.99063,-0.081245,-0.012981,0.029627,30.98,66.5144669862832
56282,-8.450851,-3.582654,3.995416,-0.081856,-0.011606,0.02978,30.98,66.4773537610855
56292,-8.457432,-3.576672,3.990032,-0.082467,-0.010537,0.028405,31.02,66.5141184055079
56302,-8.458628,-3.588037,3.981059,-0.081398,-0.009774,0.029169,31.02,66.5738254708894
56312,-8.46461,-3.579065,3.988237,-0.082314,-0.010079,0.029169,31,66.5407263927536
56322,-8.465807,-3.585645,3.986442,-0.082314,-0.010843,0.029016,31,66.558487354755
56332,-8.467602,-3.583252,3.972086,-0.082161,-0.01069,0.0281,31.02,66.6354715954189
56342,-8.468199,-3.576672,3.970889,-0.081551,-0.011301,0.028405,31.02,66.6371926219608
56352,-8.46461,-3.574877,3.972086,-0.081245,-0.011454,0.028253,30.96,66.6218137615348
56362,-8.469995,-3.581457,3.972684,-0.081245,-0.013439,0.029169,30.96,66.6357446470135
56372,-8.468199,-3.57069,3.970291,-0.081092,-0.014508,0.028711,31.01,66.6350558807528
56382,-8.459227,-3.580261,3.9673,-0.080787,-0.01573,0.028405,31.03,66.6404679411277
56392,-8.469396,-3.59043,3.964309,-0.080481,-0.016952,0.028558,31.03,66.6864054913749
56402,-8.460423,-3.57069,3.963113,-0.080481,-0.018326,0.029322,30.98,66.6565266512589
56412,-8.461619,-3.57727,3.968496,-0.080329,-0.020006,0.029169,30.98,66.6365374824767
56422,-8.475977,-3.579663,3.957729,-0.080329,-0.022144,0.029016,31.02,66.7251951378341
56432,-8.462217,-3.58385,3.968496,-0.08094,-0.024282,0.028863,31.02,66.6436077557112
56442,-8.467602,-3.580859,3.960122,-0.079718,-0.026114,0.029474,30.99,66.696218499315
56452,-8.477173,-3.571886,3.954139,-0.079871,-0.027794,0.030238,30.99,66.7397232348287
56462,-8.474779,-3.58385,3.960122,-0.079718,-0.02978,0.029474,30.97,66.7138115853851
56472,-8.459227,-3.581457,3.964907,-0.079107,-0.03207,0.029169,30.97,66.654106950799
56482,-8.47119,-3.572484,3.957729,-0.079412,-0.034514,0.029474,31.01,66.70890586673
56492,-8.470592,-3.573681,3.972086,-0.07926,-0.036346,0.029016,31.01,66.6332686885747
56502,-8.474779,-3.57727,3.961318,-0.078802,-0.038485,0.0281,31.02,66.7017355449198
56512,-8.469995,-3.580859,3.976871,-0.078343,-0.040012,0.028558,31.02,66.6132354623521
56522,-8.464012,-3.577868,3.970889,-0.077885,-0.041386,0.029016,30.98,66.6294952993893
56532,-8.474779,-3.582654,3.966702,-0.078191,-0.045357,0.028863,30.98,66.6781967550357
56542,-8.461619,-3.588636,3.970889,-0.07758,-0.045662,0.028253,30.97,66.6340235992912
56552,-8.470592,-3.581457,3.976871,-0.07758,-0.046884,0.028405,31,66.6150121491848
56562,-8.470592,-3.585046,3.97747,-0.077733,-0.047342,0.029169,31,66.6150417920578
56572,-8.472985,-3.591627,3.982255,-0.077733,-0.047953,0.027489,30.96,66.6007649020759
56582,-8.460423,-3.571288,3.982853,-0.077885,-0.047647,0.027184,30.96,66.5533115896926
56592,-8.467602,-3.588037,3.982853,-0.078191,-0.048106,0.028558,31,66.5831936439709
56602,-8.46461,-3.583252,3.992425,-0.077274,-0.047495,0.027642,31,66.5224745331776
56612,-8.453244,-3.582654,3.988835,-0.077427,-0.046426,0.027794,31.02,66.5169247928043
56622,-8.454441,-3.588636,3.998407,-0.077733,-0.045509,0.028863,31.02,66.4745450225578
56632,-8.456235,-3.592225,3.990032,-0.07758,-0.045204,0.027947,30.97,66.5254419999395
56642,-8.446664,-3.59402,3.986442,-0.077274,-0.043371,0.027642,30.97,66.525808625815
56652,-8.459825,-3.582056,3.993023,-0.078649,-0.041997,0.027489,31.01,66.5082340399786
56662,-8.450851,-3.58385,3.996014,-0.078191,-0.040775,0.027642,31.01,66.4752821969821
56672,-8.448458,-3.585046,3.999603,-0.078649,-0.039401,0.027489,31,66.4524836420093
56682,-8.454441,-3.588636,3.998407,-0.078343,-0.036652,0.027642,31,66.4745450225578
56692,-8.449656,-3.58385,3.996612,-0.078343,-0.035125,0.027336,31.01,66.4696307472708
56702,-8.443074,-3.578466,4.004987,-0.079107,-0.033139,0.025809,31.01,66.4070075571872
56712,-8.449656,-3.59402,3.994219,-0.079412,-0.028405,0.027489,30.98,66.4912672206233
56722,-8.447262,-3.591029,3.997808,-0.079718,-0.027184,0.026267,30.99,66.4647315275472
56732,-8.450253,-3.584448,3.996612,-0.079718,-0.025198,0.02642,30.99,66.4714200431947
56742,-8.46102,-3.586243,4.004987,-0.079565,-0.022602,0.027031,30.95,66.4517483201821
56752,-8.450253,-3.586243,4.003192,-0.079871,-0.021075,0.026573,30.95,66.4385056870691
56762,-8.462217,-3.582056,4.003192,-0.080023,-0.019395,0.025809,30.95,66.459942208551
56772,-8.453843,-3.592225,4.004987,-0.079871,-0.017868,0.027184,30.95,66.4419946025377
56782,-8.444869,-3.582654,3.993023,-0.08094,-0.016646,0.027184,31,66.4773317235437
56792,-8.458031,-3.58385,3.994817,-0.079565,-0.015119,0.027489,31,66.4966520609331
56802,-8.448458,-3.576073,3.998407,-0.080329,-0.013592,0.027031,31,66.4507521563512
56812,-8.452645,-3.593421,3.989433,-0.080481,-0.011912,0.027642,31,66.5221212552757
56822,-8.462815,-3.582056,3.976273,-0.081398,-0.012065,0.027489,31.03,66.6024159291316
56832,-8.457432,-3.58744,3.989433,-0.081398,-0.011148,0.028253,31.03,66.5268352752665
56842,-8.453244,-3.582056,3.980461,-0.081245,-0.011606,0.027642,30.99,66.5603690083758
56852,-8.468199,-3.585645,3.987639,-0.081245,-0.011301,0.0281,30.99,66.5572185132382
56862,-8.460423,-3.581457,3.984648,-0.081703,-0.011912,0.028863,31.02,66.55290329466
56872,-8.472985,-3.585046,3.982853,-0.081398,-0.012828,0.029016,31.02,66.5918034244119
56882,-8.462815,-3.586243,3.979862,-0.081703,-0.013592,0.029169,31.01,66.5872827487951
56892,-8.464012,-3.591029,3.975675,-0.08094,-0.014508,0.02978,31.05,66.6160108796322
56902,-8.469995,-3.591627,3.974478,-0.080023,-0.016188,0.029474,31.05,66.635320064921
56912,-8.478967,-3.592225,3.975675,-0.080329,-0.017562,0.030391,30.98,66.6482855567698
56922,-8.471789,-3.575475,3.972684,-0.079718,-0.019548,0.030238,30.98,66.6342128740451
56932,-8.468199,-3.581457,3.963711,-0.079412,-0.021075,0.029322,31,66.6791280901423
56942,-8.47119,-3.576672,3.969095,-0.079412,-0.022755,0.02978,31,66.6528651323965
56952,-8.47119,-3.573082,3.970291,-0.080023,-0.024587,0.02978,31.04,66.6434180365278
56962,-8.467602,-3.589234,3.970889,-0.080329,-0.02642,0.029322,31.04,66.6470481728766
56972,-8.471789,-3.568895,3.962514,-0.079565,-0.028558,0.02978,31,66.6818448319438
56982,-8.46102,-3.585046,3.959523,-0.079107,-0.031001,0.029016,31,66.6893352477803
56992,-8.468199,-3.586243,3.961318,-0.078802,-0.032223,0.029016,30.99,66.6959276745224
57002,-8.466404,-3.59043,3.961916,-0.078496,-0.034208,0.029169,30.99,66.6927421784802
57012,-8.462217,-3.585046,3.976273,-0.078802,-0.035736,0.030238,30.98,66.6038139067709
57022,-8.467003,-3.586243,3.969095,-0.078496,-0.037415,0.02978,30.98,66.6525737035961
57032,-8.46461,-3.578466,3.976273,-0.078191,-0.039554,0.029932,30.99,66.6029943204555
57042,-8.469396,-3.588037,3.969095,-0.078038,-0.040012,0.031154,30.99,66.6591541329928
57052,-8.468798,-3.581457,3.972086,-0.07758,-0.042455,0.030696,30.99,66.6363838855299
57062,-8.461619,-3.56411,3.970889,-0.077885,-0.043066,0.030238,31,66.6123339756686
57072,-8.465208,-3.584448,3.97388,-0.078343,-0.043677,0.030391,31,66.6221055675984
57082,-8.478967,-3.583252,3.981059,-0.078191,-0.044899,0.030849,30.98,66.6121281918703
57092,-8.463414,-3.578466,3.992425,-0.078954,-0.045051,0.030085,30.98,66.5157163600388
57102,-8.458031,-3.580859,3.975675,-0.078954,-0.044899,0.030543,31.01,66.5944816462494
57112,-8.465208,-3.588037,3.985844,-0.078343,-0.04444,0.030391,31.01,66.562492333531
57122,-8.456235,-3.59043,3.988835,-0.078191,-0.044899,0.030238,31.02,66.5301239952391
57132,-8.452645,-3.586841,3.984648,-0.078038,-0.04444,0.030391,31.02,66.5413776089779
57142,-8.453843,-3.595814,3.983452,-0.079718,-0.043066,0.029627,31.02,66.5581592089797
57152,-8.448458,-3.580261,3.993023,-0.079565,-0.042302,0.02978,31.02,66.4827477630127
57162,-8.460423,-3.578466,3.993621,-0.079412,-0.04215,0.029627,30.98,66.5031624690554
57172,-8.472386,-3.592225,3.988237,-0.079565,-0.04047,0.02978,30.98,66.5686802652692
57182,-8.458031,-3.589234,3.991827,-0.080329,-0.039706,0.02978,31.01,66.5171285580021
57192,-8.466404,-3.583252,3.991228,-0.080329,-0.038026,0.030085,31.01,66.5325136212686
57202,-8.458031,-3.592823,3.997808,-0.080023,-0.036499,0.029169,31.02,66.4889607462256
57212,-8.446067,-3.585046,3.998407,-0.079565,-0.034819,0.028558,31.02,66.45372640751
57222,-8.440681,-3.586243,3.994219,-0.080023,-0.033445,0.027794,30.99,66.4654441606264
57232,-8.455637,-3.578466,3.994817,-0.079718,-0.030543,0.027489,31.01,66.4868305399014
57242,-8.450253,-3.588636,3.999005,-0.080176,-0.029322,0.027184,31.01,66.4626038159465
57252,-8.457432,-3.59043,3.991228,-0.079718,-0.027184,0.027642,30.97,66.5200791699686
57262,-8.458628,-3.573681,3.992425,-0.080023,-0.025351,0.027336,30.97,66.501416184445
57272,-8.455637,-3.584448,4.0008,-0.081245,-0.023976,0.026573,31.02,66.4607757916478
57282,-8.458031,-3.583252,3.99721,-0.081092,-0.022602,0.025962,31.02,66.4835688664551
57292,-8.453244,-3.582056,3.997808,-0.081398,-0.021075,0.026267,30.98,66.4693030334488
57302,-8.460423,-3.579663,3.989433,-0.080481,-0.019242,0.026878,30.98,66.5261981457071
57312,-8.452645,-3.58385,3.991827,-0.080634,-0.018326,0.025962,31.02,66.5010262459959
57322,-8.453244,-3.57727,3.998407,-0.081551,-0.017257,0.025962,31.02,66.461896280503
57332,-8.453244,-3.586243,3.985246,-0.082161,-0.016035,0.026267,31.01,66.5389618961237
57342,-8.448458,-3.593421,3.995416,-0.081703,-0.014661,0.026878,31.01,66.4819345564138
57352,-8.450253,-3.586841,3.992425,-0.08262,-0.014661,0.025962,31.01,66.4955278166101
57362,-8.465208,-3.579663,3.99063,-0.083078,-0.01405,0.026725,31.01,66.5299577844123
57372,-8.46102,-3.576073,3.988835,-0.083383,-0.014508,0.02642,31,66.5274028819
57382,-8.456235,-3.578466,3.978666,-0.08262,-0.014355,0.027336,31,66.5728826856235
57392,-8.465807,-3.578466,3.976871,-0.083078,-0.01405,0.027031,31.01,66.602359188416
57402,-8.456833,-3.580859,3.980461,-0.08262,-0.015424,0.027489,31,66.5668309031132
57412,-8.459227,-3.574279,3.971487,-0.08323,-0.016035,0.027794,31,66.6131660174628
57422,-8.462217,-3.57727,3.972684,-0.082467,-0.016493,0.0281,31,66.6157804759329
57432,-8.459825,-3.583252,3.971487,-0.083383,-0.018326,0.028253,31,66.6223611789919
57442,-8.462217,-3.568297,3.965506,-0.08262,-0.0197,0.029169,31,66.6455827143192
57452,-8.462217,-3.577868,3.969095,-0.082009,-0.021533,0.029016,31,66.6351685781197
57462,-8.475977,-3.577868,3.966702,-0.082161,-0.022602,0.029169,30.97,66.67647874547
57472,-8.478967,-3.582056,3.954738,-0.081551,-0.024129,0.030391,30.97,66.7492379278152
57482,-8.475378,-3.572484,3.965506,-0.081245,-0.02642,0.030085,31.03,66.6767720936273
57492,-8.463414,-3.585645,3.969693,-0.080787,-0.028405,0.030085,31.03,66.6414080700068
57502,-8.46461,-3.58385,3.964309,-0.080481,-0.030085,0.030391,31,66.6706088492055
57512,-8.472386,-3.582056,3.969095,-0.080176,-0.032223,0.031001,31,66.6601113645394
57522,-8.462815,-3.585645,3.975077,-0.080176,-0.034208,0.031154,31.02,66.6118762771277
57532,-8.47119,-3.582056,3.964309,-0.080481,-0.034972,0.029932,31.02,66.6827538390084
57542,-8.477173,-3.578466,3.971487,-0.079412,-0.037568,0.030085,31.02,66.6543787500682
57552,-8.468798,-3.580261,3.964907,-0.079107,-0.038179,0.030543,31.02,66.6730381154895
57562,-8.461619,-3.58744,3.968496,-0.079107,-0.040164,0.030391,30.97,66.6455365490742
57572,-8.46102,-3.579663,3.978068,-0.079412,-0.042608,0.031612,30.97,66.5871113641458
57582,-8.47119,-3.580859,3.971487,-0.078038,-0.043219,0.031307,30.97,66.6439977434436
57592,-8.469396,-3.578466,3.979264,-0.07758,-0.044593,0.031307,31.02,66.5973069407202
57602,-8.468199,-3.601198,3.982255,-0.078038,-0.044899,0.03146,31.02,66.5992559556964
57612,-8.464012,-3.582056,3.979264,-0.077885,-0.045662,0.031765,31.02,66.5892161560777
57622,-8.455637,-3.585645,3.97388,-0.07758,-0.045968,0.031307,31.02,66.6031463900019
57632,-8.453244,-3.585046,3.983452,-0.077122,-0.045357,0.030696,30.97,66.5473173555411
57642,-8.469396,-3.585046,3.988237,-0.076511,-0.045357,0.031307,30.97,66.5560581377717
57652,-8.467003,-3.588037,3.989433,-0.077274,-0.044899,0.031612,31.04,66.547427958106
57662,-8.455039,-3.584448,3.993023,-0.077885,-0.044288,0.030849,31.04,66.5003116389571
57672,-8.453843,-3.585645,3.991827,-0.077885,-0.043677,0.030238,31,66.5051416408295
57682,-8.455637,-3.58744,3.995416,-0.078038,-0.042761,0.030391,31,66.4916788670637
57692,-8.460423,-3.59043,3.988237,-0.07758,-0.041844,0.02978,31.03,66.5420413096244
57702,-8.450851,-3.58744,3.99721,-0.078343,-0.039859,0.029932,31.03,66.472209986
57712,-8.459227,-3.572484,4.001996,-0.078496,-0.038485,0.02978,31,66.4514068409299
57722,-8.453244,-3.58744,4.00379,-0.078802,-0.036805,0.029474,31,66.4427344188222
57732,-8.453244,-3.58744,3.994817,-0.079107,-0.035125,0.029169,31.02,66.4897941890358
57742,-8.456235,-3.58744,3.989433,-0.079107,-0.032834,0.028558,31.02,66.524324079078
57752,-8.456833,-3.59043,3.992425,-0.079718,-0.029322,0.028558,30.98,66.5125431843496
57762,-8.448458,-3.585645,4.004987,-0.079871,-0.027184,0.028558,30.94,66.424777798868
57772,-8.451449,-3.582056,4.002594,-0.080634,-0.025045,0.028863,30.94,66.4404211967828
57782,-8.446067,-3.574279,3.991228,-0.080634,-0.024129,0.027947,31,66.4818114791506
57792,-8.454441,-3.580859,4.006183,-0.081398,-0.022449,0.028253,31,66.4268352305244
57802,-8.451449,-3.579663,3.992425,-0.08094,-0.020311,0.027794,31,66.4916444947591
57812,-8.450851,-3.586841,3.996612,-0.081398,-0.01909,0.027489,31,66.4748128020968
57822,-8.459825,-3.58385,3.995416,-0.08094,-0.017562,0.027031,31.01,66.4972780503157
57832,-8.458628,-3.588636,3.99063,-0.081551,-0.016952,0.027794,31.01,66.5241279969926
57842,-8.449057,-3.576073,3.993621,-0.082009,-0.015882,0.027336,31.02,66.4771365760558
57852,-8.462815,-3.58744,3.984648,-0.081092,-0.014813,0.027642,31.02,66.5632261929003
57862,-8.460423,-3.578466,3.992425,-0.081245,-0.013744,0.027489,30.98,66.5094366984706
57872,-8.457432,-3.585046,3.985844,-0.080787,-0.012981,0.027184,30.98,66.5435417749247
57882,-8.46461,-3.58744,3.967898,-0.081092,-0.013286,0.027184,30.97,66.6549245082546
57892,-8.46102,-3.591029,3.981657,-0.080634,-0.012523,0.027794,30.97,66.5783519375907
57902,-8.467602,-3.584448,3.981059,-0.081398,-0.012675,0.027336,30.96,66.5894264451267
57912,-8.463414,-3.573082,3.980461,-0.080481,-0.012523,0.027184,30.96,66.5737332000917
57922,-8.46461,-3.579065,3.966702,-0.081092,-0.01405,0.026267,31,66.6538045440455
57932,-8.460423,-3.580859,3.97388,-0.080329,-0.015272,0.027642,30.98,66.6089195554581
57942,-8.47119,-3.579663,3.970291,-0.080329,-0.016493,0.027031,30.98,66.6492223955387
57952,-8.468199,-3.579065,3.974478,-0.079718,-0.01741,0.026573,30.96,66.620457665874
57962,-8.469396,-3.589234,3.969095,-0.079871,-0.018631,0.026878,30.96,66.6602123070857
57972,-8.481958,-3.573681,3.973282,-0.079412,-0.020159,0.027489,31.01,66.650734084892
57982,-8.477173,-3.588037,3.964309,-0.07926,-0.022449,0.027642,31.01,66.700495239147
57992,-8.466404,-3.582056,3.959523,-0.078954,-0.024435,0.026573,30.99,66.6979249819139
58002,-8.464012,-3.588037,3.9673,-0.078802,-0.026267,0.027489,30.99,66.6573461490948
58012,-8.467003,-3.582056,3.968496,-0.078038,-0.027642,0.027947,30.99,66.6520193234183
58022,-8.470592,-3.579065,3.966104,-0.078954,-0.030238,0.027184,30.99,66.6694383813488
58032,-8.469995,-3.579663,3.972086,-0.079107,-0.03207,0.025809,31.04,66.637300188552
58042,-8.467602,-3.584448,3.972684,-0.078954,-0.034056,0.026878,31.04,66.6333889379761
58052,-8.46461,-3.580261,3.970291,-0.078191,-0.035125,0.027489,31.01,66.6360029524377
58062,-8.470592,-3.582056,3.96072,-0.078343,-0.037415,0.027336,31.01,66.7003650088083
58072,-8.468798,-3.577868,3.97388,-0.077885,-0.038943,0.027336,31.04,66.6237925963646
58082,-8.459825,-3.577868,3.968496,-0.077427,-0.039554,0.027794,31.04,66.633314196096
58092,-8.472386,-3.58385,3.97747,-0.076816,-0.042761,0.0281,31.01,66.6177332180588
58102,-8.464012,-3.58385,3.979862,-0.076358,-0.042913,0.028558,31.02,66.5876664743851
58112,-8.462217,-3.591029,3.974478,-0.076053,-0.043677,0.029016,31.02,66.6185444768423
58122,-8.452645,-3.58744,3.976273,-0.076053,-0.043982,0.028863,31.04,66.5859020623687
58132,-8.458628,-3.586841,3.969095,-0.076053,-0.045051,0.028405,31.04,66.6356084389293
58142,-8.456833,-3.585046,3.982255,-0.075747,-0.044135,0.028863,30.99,66.5611280282341
58152,-8.466404,-3.571886,3.982255,-0.076205,-0.04444,0.029474,30.99,66.569523516544
58162,-8.455039,-3.584448,3.988237,-0.0759,-0.04444,0.02978,31.04,66.5254287289711
58172,-8.466404,-3.591029,3.984648,-0.075442,-0.043524,0.02978,31.04,66.5739247472702
58182,-8.450851,-3.584448,3.990032,-0.076053,-0.042455,0.02978,31,66.5072122978748
58192,-8.470592,-3.588037,3.987639,-0.076205,-0.041386,0.028863,31,66.564348835646
58202,-8.453244,-3.586841,3.993023,-0.076053,-0.040928,0.029016,31,66.4986731408348
58212,-8.458628,-3.59402,3.994219,-0.076053,-0.040012,0.029627,31,66.510098544157
58222,-8.463414,-3.580859,3.996612,-0.076205,-0.03879,0.030543,31.02,66.4958841688972
58232,-8.462815,-3.595216,3.996014,-0.076511,-0.037415,0.030085,31.02,66.5105338188297
58242,-8.454441,-3.578466,3.993621,-0.076511,-0.036346,0.029474,30.98,66.4905920820126
58252,-8.459825,-3.586841,3.999005,-0.076664,-0.034972,0.028711,30.98,66.481121673262
58262,-8.465807,-3.589832,4.001398,-0.077733,-0.031765,0.029169,30.96,66.4838037941465
58272,-8.458031,-3.586841,3.987639,-0.076969,-0.029627,0.029322,31.01,66.5369728335994
58282,-8.455039,-3.589234,4.00379,-0.077733,-0.027794,0.029474,31.01,66.4481124107908
58292,-8.449656,-3.59043,3.996014,-0.078038,-0.026114,0.028711,31,66.4786423198247
58302,-8.456833,-3.585046,3.99721,-0.078038,-0.024893,0.028558,31,66.4826490741108
58312,-8.443673,-3.58385,4.000201,-0.078191,-0.022297,0.028558,30.99,66.438200673717
58322,-8.453244,-3.59043,3.993621,-0.077733,-0.021075,0.028253,30.99,66.4987353385708
58332,-8.452048,-3.583252,4.001996,-0.078802,-0.0197,0.0281,31.02,66.4458858607332
58342,-8.460423,-3.581457,3.988835,-0.079107,-0.018326,0.0281,31.02,66.5309291707702
58352,-8.453843,-3.585645,3.988237,-0.078954,-0.016646,0.027489,31.01,66.5239838666433
58362,-8.449656,-3.583252,3.995416,-0.07926,-0.016341,0.027489,31.01,66.4753737034281
58372,-8.46102,-3.597011,3.99721,-0.079412,-0.014508,0.027336,31.01,66.5021009759346
58382,-8.456235,-3.588037,3.985246,-0.079871,-0.014355,0.026725,31.01,66.5468306720248
58392,-8.468199,-3.592823,3.98405,-0.080481,-0.013134,0.026878,31.02,66.5824078081708
58402,-8.452048,-3.571886,3.982853,-0.080176,-0.013134,0.026114,31.02,66.5362583827728
58412,-8.467003,-3.58744,3.988835,-0.079718,-0.012523,0.025809,31.02,66.550033942437
58422,-8.469396,-3.579663,3.981059,-0.07926,-0.012065,0.02642,31.02,66.5889451962249
58432,-8.460423,-3.585046,3.9673,-0.080176,-0.011912,0.025962,31,66.6472031977263
58442,-8.460423,-3.581457,3.971487,-0.079412,-0.012675,0.026267,30.97,66.6220221795146
58452,-8.456235,-3.573681,3.983452,-0.079107,-0.013439,0.026114,30.97,66.5434974344789
58462,-8.458031,-3.584448,3.976871,-0.078496,-0.013897,0.025962,31.02,66.5913820593109
58472,-8.474181,-3.57727,3.972086,-0.079412,-0.01573,0.025656,31.02,66.6439332293654
58482,-8.461619,-3.57727,3.974478,-0.078496,-0.016952,0.026573,31.03,66.6051035913902
58492,-8.462217,-3.580261,3.969095,-0.078954,-0.018173,0.026725,31.03,66.6372847846196
58502,-8.464012,-3.578466,3.9673,-0.078343,-0.019395,0.026725,31,66.6488830641895
58512,-8.465807,-3.581457,3.9673,-0.077885,-0.020922,0.027031,31,66.6552758226572
58522,-8.47119,-3.580261,3.960122,-0.077274,-0.023213,0.027947,30.99,66.7031724355969
58532,-8.472386,-3.57727,3.964309,-0.07758,-0.025045,0.027184,30.99,66.6810302385789
58542,-8.469995,-3.579663,3.963113,-0.07758,-0.025809,0.026878,31,66.6844351340297
58552,-8.464012,-3.573681,3.969693,-0.076816,-0.027489,0.028405,31,66.6320801556866
58562,-8.479566,-3.578466,3.969693,-0.076969,-0.030085,0.028253,31.02,66.6687881931121
58572,-8.470592,-3.579663,3.964907,-0.076969,-0.031765,0.027947,31.02,66.6762543694498
58582,-8.474181,-3.57069,3.9673,-0.076664,-0.03375,0.026878,30.98,66.6632708139731
58592,-8.48136,-3.58385,3.971487,-0.076664,-0.035736,0.027184,30.98,66.6678553677858
58602,-8.465807,-3.591029,3.9673,-0.076664,-0.037263,0.027184,31.01,66.6637398823739
58612,-8.467602,-3.579663,3.970291,-0.075595,-0.039095,0.029322,31.01,66.641727393102
58622,-8.474181,-3.582654,3.971487,-0.075289,-0.040317,0.027947,30.99,66.6518266406566
58632,-8.476574,-3.585046,3.97388,-0.075442,-0.041692,0.027642,31,66.64637225299
58642,-8.458628,-3.581457,3.979862,-0.075747,-0.042455,0.027336,31,66.5742694258718
58652,-8.465807,-3.585046,3.981657,-0.075442,-0.043371,0.027336,31.02,66.5830620511799
58662,-8.46102,-3.586243,3.98405,-0.0759,-0.043982,0.027184,31.02,66.561541767616
58672,-8.449656,-3.580859,3.973282,-0.075442,-0.044288,0.027336,30.98,66.5895126668232
58682,-8.466404,-3.582056,3.983452,-0.075442,-0.04383,0.027947,30.98,66.5722429752896
58692,-8.462217,-3.580261,3.987639,-0.075136,-0.043677,0.027336,31.02,66.5399064043852
58702,-8.462815,-3.57727,3.981657,-0.075595,-0.043524,0.027336,31.02,66.5699060850945
58712,-8.467003,-3.58744,3.986442,-0.076053,-0.043371,0.027184,31.02,66.5625841072467
58722,-8.462815,-3.597011,3.984648,-0.076053,-0.042302,0.026878,31.02,66.5717298978305
58732,-8.456833,-3.580859,3.985246,-0.074984,-0.041233,0.028253,31.01,66.5417039919564
58742,-8.456833,-3.594618,3.988835,-0.074831,-0.040775,0.027642,31.01,66.535107871936
58752,-8.458031,-3.585645,3.992425,-0.0759,-0.039859,0.027336,31.03,66.5107970650854
58762,-8.445468,-3.586243,3.994219,-0.076205,-0.038637,0.026725,31.03,66.4755172853579
58772,-8.463414,-3.576672,3.996612,-0.075136,-0.037415,0.027947,31.02,66.4921653223674
58782,-8.459825,-3.591627,3.992425,-0.0759,-0.034208,0.027489,31.02,66.5198853664936
58792,-8.455039,-3.596412,4.001996,-0.075442,-0.032376,0.027642,31.02,66.4639273807189
58802,-8.450851,-3.588636,4.002594,-0.075136,-0.031154,0.027642,30.96,66.4450383974566
58812,-8.46102,-3.591029,3.998407,-0.075747,-0.028863,0.027947,30.96,66.4904959274405
58822,-8.453843,-3.59402,3.994817,-0.075747,-0.026725,0.027489,30.98,66.4969217357986
58832,-8.450851,-3.59402,3.996014,-0.076205,-0.026267,0.026267,30.98,66.4843599370206
58842,-8.459825,-3.591029,4.004987,-0.076205,-0.024893,0.026573,31,66.4535036766522
58852,-8.459227,-3.586243,4.005585,-0.076664,-0.022297,0.026725,31,66.4448445298449
58862,-8.454441,-3.580859,3.99721,-0.076511,-0.020769,0.026725,31,66.473891137893
58872,-8.450851,-3.579663,3.988835,-0.0759,-0.018173,0.02642,31,66.5092355694281
58882,-8.46102,-3.57069,3.991827,-0.076511,-0.017868,0.025656,31.01,66.5069269863027
58892,-8.462815,-3.592823,3.996612,-0.076969,-0.016188,0.02642,31.01,66.5052684245098
58902,-8.452645,-3.585645,3.999005,-0.077274,-0.015119,0.026267,31,66.4649645567449
58912,-8.462815,-3.589832,3.991827,-0.077274,-0.013592,0.025809,31,66.5276933185129
58922,-8.461619,-3.595814,3.986442,-0.076969,-0.012981,0.025351,31,66.5587515964311
58932,-8.456235,-3.58744,3.983452,-0.076969,-0.012828,0.025656,31,66.5557177328709
58942,-8.467602,-3.576672,3.982255,-0.077122,-0.011454,0.02642,31,66.5762668252194
58952,-8.466404,-3.581457,3.987041,-0.078191,-0.011454,0.025198,31,66.5528820740583
58962,-8.465807,-3.577868,3.97747,-0.078191,-0.012065,0.025504,30.98,66.5986850227698
58972,-8.464012,-3.579663,3.971487,-0.07758,-0.01237,0.025351,30.98,66.62794064362
58982,-8.462815,-3.582654,3.976273,-0.078496,-0.012217,0.025351,30.98,66.6029456176704
58992,-8.476574,-3.58385,3.969095,-0.07758,-0.012523,0.026114,30.97,66.6704302099112
59002,-8.470592,-3.579663,3.983452,-0.077885,-0.013897,0.025351,30.97,66.5788926738305
59012,-8.456833,-3.585645,3.962514,-0.078038,-0.014966,0.025809,31,66.6653956477599
59022,-8.468199,-3.574877,3.963113,-0.077733,-0.016341,0.02642,31,66.6764679635806
59032,-8.463414,-3.579065,3.970291,-0.078038,-0.018479,0.026725,31.04,66.6324451133319
59042,-8.459227,-3.580859,3.97747,-0.077122,-0.0197,0.026725,31.04,66.5875569971721
59052,-8.474779,-3.579663,3.970291,-0.077733,-0.021228,0.027184,30.99,66.6567154264636
59062,-8.468798,-3.585046,3.966104,-0.076969,-0.02306,0.027489,30.99,66.6709732187378
59072,-8.467602,-3.58385,3.954738,-0.076511,-0.024587,0.028253,31,66.7271630168653
59082,-8.474181,-3.585046,3.963711,-0.076205,-0.025809,0.027184,31,66.6947667088086
59092,-8.46102,-3.578466,3.9673,-0.075747,-0.027336,0.027642,31,66.6426289346348
59102,-8.480762,-3.582056,3.966104,-0.0759,-0.029016,0.0281,31,66.6932796855488
59112,-8.467602,-3.580859,3.958327,-0.075747,-0.031154,0.027642,30.98,66.7056550610899
59122,-8.475977,-3.571288,3.966104,-0.0759,-0.032834,0.0281,30.98,66.6738291087406
59132,-8.470592,-3.573082,3.9673,-0.074984,-0.036041,0.027947,31.02,66.6578807349586
59142,-8.46461,-3.582056,3.963711,-0.074831,-0.037415,0.0281,31.04,66.6721667879321
59152,-8.461619,-3.586841,3.975675,-0.07422,-0.038637,0.029016,31.04,66.6072945578256
59162,-8.468199,-3.580261,3.971487,-0.073457,-0.039095,0.028863,31.04,66.6372213314597
59172,-8.465807,-3.580261,3.97747,-0.073457,-0.040775,0.029932,31.04,66.6008022405869
59182,-8.458031,-3.580859,3.967898,-0.073915,-0.041539,0.029016,31,66.6353526444587
59192,-8.469396,-3.579663,3.972086,-0.073457,-0.042761,0.028711,31,66.636048601363
59202,-8.455637,-3.583252,3.987041,-0.073609,-0.043219,0.028863,31,66.5318979662876
59212,-8.460423,-3.582056,3.97747,-0.073151,-0.04383,0.028405,31,66.5911227063559
59222,-8.465208,-3.568895,3.979862,-0.072846,-0.043524,0.028711,31,66.5769363802977
59232,-8.460423,-3.578466,3.98405,-0.073457,-0.043219,0.029169,31,66.5533887737404
59242,-8.455637,-3.585046,3.987041,-0.073151,-0.042913,0.028711,31.01,66.5334935223399
59252,-8.455637,-3.602395,3.987639,-0.072388,-0.04215,0.028863,31.01,66.5458103789405
59262,-8.46461,-3.581457,3.993023,-0.073151,-0.041692,0.028863,31.02,66.5177449194345
59272,-8.454441,-3.586243,3.988237,-0.073304,-0.041081,0.027031,31.02,66.5257712141457
59282,-8.452645,-3.591029,3.996014,-0.073762,-0.039706,0.026878,31.01,66.4854578177801
59292,-8.456235,-3.582654,3.996612,-0.07422,-0.038637,0.026573,31.01,66.4823984589148
59302,-8.457432,-3.582056,4.004987,-0.074678,-0.035736,0.026114,31.02,66.4404692510379
59312,-8.460423,-3.594618,4.010969,-0.075747,-0.03375,0.02642,31,66.4266330375484
59322,-8.459227,-3.59043,3.999603,-0.076358,-0.031918,0.02642,31,66.4799285900993
59332,-8.462217,-3.59043,3.993621,-0.076664,-0.030391,0.026573,31,66.5175643887232
59342,-8.455039,-3.592823,3.995416,-0.077274,-0.028558,0.025809,31,66.4952226670342
59352,-8.458031,-3.58385,3.991827,-0.077427,-0.026267,0.026267,31.03,66.5123373820107
59362,-8.450253,-3.576672,4.004389,-0.076969,-0.025198,0.02474,31.03,66.4236825596713
59372,-8.456235,-3.592225,3.992425,-0.077885,-0.023671,0.024587,31.01,66.5128879139255
59382,-8.438289,-3.579065,3.99063,-0.077427,-0.021838,0.024435,31.01,66.4728449067671
59392,-8.449656,-3.58385,3.996612,-0.077122,-0.021075,0.024893,31,66.4696307472708
59402,-8.454441,-3.577868,3.997808,-0.076358,-0.0197,0.024893,31,66.4680902819591
59412,-8.44427,-3.581457,3.993023,-0.077122,-0.017868,0.025198,30.98,66.4750027146905
59422,-8.448458,-3.598207,3.987639,-0.07758,-0.017104,0.024129,30.98,66.5270267726036
59432,-8.453843,-3.584448,3.985246,-0.07758,-0.015577,0.024587,30.98,66.5386213965483
59442,-8.456235,-3.586841,3.99063,-0.076511,-0.014813,0.024893,30.98,66.5175096964978
59452,-8.459825,-3.579065,3.982853,-0.076969,-0.014508,0.024893,31,66.5589505227407
59462,-8.455637,-3.583252,3.983452,-0.077885,-0.013592,0.025656,31,66.5507411122015
59472,-8.460423,-3.586243,3.993621,-0.077427,-0.013897,0.026114,31.02,66.5100760459891
59482,-8.46461,-3.58385,3.976871,-0.077427,-0.013744,0.024893,31.04,66.6046202161585
59492,-8.46102,-3.592225,3.978666,-0.077427,-0.014508,0.024435,31.04,66.5951143857358
59502,-8.46102,-3.591029,3.988835,-0.076511,-0.014813,0.024282,30.95,66.540688038173
59512,-8.459825,-3.58385,3.97388,-0.076511,-0.015119,0.024435,30.95,66.6103184021916
59522,-8.466404,-3.573681,3.969693,-0.07758,-0.01573,0.025198,31,66.6370828705488
59532,-8.467003,-3.588037,3.972086,-0.076511,-0.01741,0.025962,31,66.6384529335212
59542,-8.467602,-3.582056,3.973282,-0.076816,-0.017715,0.024893,31,66.6281336667115
59552,-8.474779,-3.578466,3.974478,-0.076511,-0.018631,0.024893,31,66.6336808141708
59562,-8.472386,-3.586243,3.968496,-0.075747,-0.019548,0.025351,30.99,66.6669521688507
59572,-8.471789,-3.59043,3.972086,-0.075747,-0.021075,0.025656,30.99,66.6505594256239
59582,-8.469396,-3.579663,3.971487,-0.0759,-0.022144,0.025045,31,66.6391942203717
59592,-8.472386,-3.577868,3.96072,-0.075442,-0.023518,0.026725,31,66.7004154492855
59602,-8.467602,-3.58385,3.966104,-0.075747,-0.025351,0.026878,30.99,66.6674212473099
59612,-8.467003,-3.580261,3.974478,-0.075136,-0.026725,0.027184,30.99,66.6190140647037
59622,-8.481958,-3.592225,3.963711,-0.074678,-0.027642,0.026725,31.02,66.717281618831
59632,-8.462217,-3.591627,3.969693,-0.074373,-0.028558,0.026878,31.02,66.6442061102025
59642,-8.466404,-3.597609,3.976273,-0.074831,-0.030238,0.027031,31,66.6237041520715
59652,-8.468199,-3.597011,3.961318,-0.074373,-0.033292,0.027489,30.99,66.7054417504298
59662,-8.47119,-3.589832,3.971487,-0.074373,-0.033598,0.026878,30.99,66.6519252183103
59672,-8.468199,-3.579065,3.979264,-0.073609,-0.034514,0.027794,30.99,66.5953318450235
59682,-8.459825,-3.582056,3.972086,-0.073915,-0.036346,0.028711,30.99,66.6181543028073
59692,-8.47119,-3.582654,3.972684,-0.074067,-0.036499,0.028711,31,66.6392981338737
59702,-8.471789,-3.579065,3.968496,-0.073915,-0.03711,0.027642,31,66.6593724046096
59712,-8.460423,-3.582056,3.975077,-0.073609,-0.037874,0.029627,31.01,66.6036918252601
59722,-8.46102,-3.579663,3.982853,-0.073457,-0.038332,0.028711,31.01,66.5619860145527
59732,-8.46102,-3.595814,3.988237,-0.073457,-0.038943,0.028558,30.96,66.548081916218
59742,-8.464012,-3.582654,3.987041,-0.073151,-0.039248,0.028863,30.96,66.5489306736163
59752,-8.458031,-3.582056,3.982255,-0.073304,-0.039248,0.030085,31,66.5609835850551
59762,-8.459825,-3.575475,3.982255,-0.073762,-0.039401,0.029169,31,66.5589072683727
59772,-8.462815,-3.588636,3.981059,-0.073457,-0.038332,0.029627,30.98,66.5831226128594
59782,-8.456833,-3.575475,3.987639,-0.073457,-0.038179,0.030238,30.98,66.524358832171
59792,-8.462815,-3.574877,3.987041,-0.073609,-0.037721,0.029627,30.93,66.5395243644781
59802,-8.457432,-3.589234,3.985844,-0.073762,-0.037263,0.028863,30.93,66.547265792576
59812,-8.467003,-3.585046,3.99063,-0.07422,-0.036957,0.028405,31.05,66.5384968427063
59822,-8.450851,-3.589234,3.993023,-0.074067,-0.035125,0.028711,31.05,66.4957803862698
59832,-8.44427,-3.57727,3.98405,-0.074373,-0.033292,0.028558,31.04,66.5184095858186
59842,-8.453244,-3.592823,3.996014,-0.074984,-0.031612,0.028405,31.01,66.4883171815447
59852,-8.462815,-3.584448,3.994219,-0.075442,-0.030391,0.0281,31.01,66.510363592752
59862,-8.460423,-3.57727,3.99721,-0.075595,-0.029016,0.028253,30.98,66.4832750422146
59872,-8.452645,-3.585645,3.993023,-0.075747,-0.028863,0.027642,30.98,66.4963488819075
59882,-8.440084,-3.598805,3.999005,-0.074984,-0.027184,0.027184,31.02,66.4503156263955
59892,-8.452048,-3.588037,3.983452,-0.075747,-0.026114,0.025504,31.02,66.5474706909387
59902,-8.453843,-3.579065,3.991228,-0.076511,-0.024129,0.025962,31.02,66.5024277011871
59912,-8.450253,-3.58385,3.987639,-0.076511,-0.02306,0.026114,31.02,66.5179877796447
59922,-8.464012,-3.586841,3.989433,-0.076664,-0.021686,0.025656,31,66.540099407995
59932,-8.453244,-3.592225,3.994817,-0.077427,-0.021228,0.025045,31,66.494062292054
59942,-8.459825,-3.581457,3.991827,-0.076969,-0.020006,0.024435,31.01,66.5139758054171
59952,-8.456235,-3.58385,3.992425,-0.077122,-0.0197,0.024893,31.01,66.5054288748422
59962,-8.453244,-3.574877,3.996014,-0.076511,-0.018326,0.024587,31,66.4723223041494
59972,-8.462815,-3.58385,3.982255,-0.076511,-0.017715,0.024282,31,66.5725992250029
59982,-8.46102,-3.578466,3.980461,-0.077427,-0.01741,0.023976,31.02,66.5734839088217
59992,-8.466404,-3.578466,3.985844,-0.076664,-0.016952,0.023976,31.02,66.5565116420818
60002,-8.459227,-3.58744,3.987041,-0.07758,-0.016799,0.023824,31,66.5431511728819
60012,-8.467602,-3.584448,3.976273,-0.077427,-0.016188,0.023366,31,66.6145457966793
60022,-8.48136,-3.579663,3.979264,-0.077122,-0.016799,0.022907,31,66.623373103834
60032,-8.449656,-3.579065,3.976273,-0.076664,-0.01741,0.023671,31.01,66.5721944817516
60042,-8.457432,-3.579663,3.970889,-0.076816,-0.018021,0.023671,31.01,66.6173178722049
60052,-8.464012,-3.583252,3.9673,-0.077427,-0.018326,0.023518,30.98,66.6531133765984
60062,-8.460423,-3.573681,3.975675,-0.076511,-0.018631,0.024435,30.98,66.5931338356049
60072,-8.464012,-3.580859,3.983452,-0.076511,-0.018937,0.024893,31,66.5661720971112
60082,-8.46102,-3.576073,3.976273,-0.076358,-0.020311,0.024587,31,66.5933600366614
60092,-8.464012,-3.585645,3.971487,-0.076969,-0.021228,0.024129,31,66.6332334874406
60102,-8.469396,-3.579065,3.969095,-0.076511,-0.022144,0.02474,31,66.6512293420058
60112,-8.462217,-3.585645,3.965506,-0.076969,-0.023671,0.02474,31.02,66.6609092629789
60122,-8.452048,-3.579065,3.973282,-0.076969,-0.025198,0.024893,31.02,66.5929330186541
60132,-8.464012,-3.580859,3.971487,-0.0759,-0.026114,0.025504,31.02,66.6289984399266
60142,-8.468199,-3.576672,3.969693,-0.075289,-0.027336,0.025962,31.02,66.6434751627132
60152,-8.458628,-3.580261,3.98405,-0.075442,-0.028405,0.026114,30.96,66.5512172623148
60162,-8.462217,-3.582056,3.979862,-0.075136,-0.029474,0.025656,30.96,66.5823184651752
60172,-8.457432,-3.585046,3.967898,-0.074526,-0.03146,0.02642,30.99,66.637808958533
60182,-8.469995,-3.582654,3.969693,-0.074984,-0.031918,0.02642,31.01,66.65250798003
60192,-8.460423,-3.585645,3.976871,-0.074067,-0.033139,0.027642,31.01,66.5974508781154
60202,-8.467003,-3.579065,3.974478,-0.073151,-0.034514,0.028558,31.01,66.6179566787198
60212,-8.453843,-3.586243,3.972086,-0.073609,-0.034361,0.027794,31.01,66.6093503596122
60222,-8.457432,-3.579663,3.972684,-0.073304,-0.035583,0.027184,31.04,66.6078837701347
60232,-8.449656,-3.579663,3.97747,-0.072998,-0.03543,0.028253,31.04,66.5664338166435
60242,-8.453244,-3.592823,3.982255,-0.072846,-0.036194,0.0281,31.02,66.5605247764767
60252,-8.464012,-3.58744,3.985844,-0.072693,-0.03711,0.027794,31.02,66.5594579094386
60262,-8.463414,-3.585645,3.980461,-0.072082,-0.03711,0.029474,30.98,66.5848617987229
60272,-8.456235,-3.586841,3.987041,-0.071624,-0.03711,0.029474,30.98,66.5363447309974
60282,-8.449057,-3.57727,3.979264,-0.071777,-0.036652,0.029322,31.02,66.5536206497091
60292,-8.472985,-3.580859,3.985844,-0.071319,-0.03711,0.0281,31.02,66.5724132370028
60302,-8.461619,-3.585046,3.987639,-0.071013,-0.036652,0.027794,31.02,66.542900426252
60312,-8.456235,-3.586243,3.985844,-0.071777,-0.036652,0.0281,31.02,66.5420959029519
60322,-8.465807,-3.59043,3.982853,-0.072082,-0.035736,0.027642,30.98,66.5815607284444
60332,-8.46102,-3.591029,3.987639,-0.072235,-0.035888,0.027184,30.98,66.5469621149745
60342,-8.459825,-3.585046,3.985246,-0.072082,-0.033292,0.027794,30.95,66.5516975085671
60352,-8.450851,-3.59043,3.985246,-0.072846,-0.032529,0.027336,31.01,66.5376709719163
60362,-8.455637,-3.592225,3.989433,-0.072235,-0.030543,0.027489,31.01,66.5273307962758
60372,-8.459227,-3.588636,3.99063,-0.073151,-0.029627,0.026725,30.98,66.5253843338344
60382,-8.455039,-3.581457,4.003192,-0.072235,-0.029322,0.026573,30.98,66.4443087685821
60392,-8.459227,-3.578466,3.99063,-0.07254,-0.027794,0.025656,31.03,66.5163433628371
60402,-8.457432,-3.583252,3.996612,-0.072846,-0.025962,0.026878,31.03,66.4854464689357
60412,-8.453843,-3.592823,3.99063,-0.073151,-0.024587,0.026573,31.01,66.5178198961999
60422,-8.455039,-3.586841,3.999005,-0.072693,-0.02306,0.025656,31.01,66.4710648792762
60432,-8.465208,-3.595814,3.982255,-0.072693,-0.022297,0.025962,31.01,66.5882244509133
60442,-8.446664,-3.57727,3.988835,-0.073304,-0.021533,0.026267,31.01,66.4983019335532
60452,-8.458031,-3.588636,3.993621,-0.073304,-0.020464,0.026114,30.98,66.5071858580866
60462,-8.465208,-3.574279,3.990032,-0.072846,-0.019395,0.026114,30.98,66.5283215244173
60472,-8.459825,-3.592823,3.985844,-0.073609,-0.018479,0.025962,31.04,66.5554719889818
60482,-8.463414,-3.582056,3.991228,-0.07422,-0.018479,0.024282,31.04,66.5251816047543
60492,-8.460423,-3.591627,3.987041,-0.073762,-0.017868,0.024435,31.01,66.549380479851
60502,-8.456235,-3.582056,3.983452,-0.073457,-0.016952,0.025809,31.01,66.5509325279947
60512,-8.459227,-3.584448,3.987041,-0.073457,-0.016035,0.024435,31.02,66.5404919145322
60522,-8.464012,-3.571886,3.972086,-0.073915,-0.015577,0.023824,31.02,66.6179199347338
60532,-8.467602,-3.579663,3.978666,-0.074067,-0.01573,0.02306,31.02,66.5977504553463
60542,-8.458628,-3.576073,3.981059,-0.073762,-0.016493,0.022907,30.99,66.5632080092841
60552,-8.460423,-3.572484,3.981657,-0.073151,-0.016799,0.023824,30.99,66.560651700921
60562,-8.46102,-3.574877,3.974478,-0.072846,-0.016799,0.023671,31.01,66.6017317573374
60572,-8.458031,-3.579065,3.972086,-0.073304,-0.016799,0.023976,31.01,66.611750693029
60582,-8.466404,-3.575475,3.978666,-0.072998,-0.017715,0.024129,31.02,66.5915388217322
60592,-8.459825,-3.57727,3.978666,-0.07254,-0.018173,0.023213,31.02,66.5793467367164
60602,-8.470592,-3.578466,3.969095,-0.072998,-0.019395,0.022907,31,66.6531986081796
60612,-8.478369,-3.573082,3.979862,-0.072235,-0.020159,0.023213,31,66.6081861503817
60622,-8.475378,-3.583252,3.971487,-0.071777,-0.02138,0.023366,31.01,66.654852217952
60632,-8.466404,-3.58385,3.970889,-0.072082,-0.021838,0.022602,31.01,66.6397839885696
60642,-8.46461,-3.570091,3.978068,-0.072388,-0.021991,0.022602,31,66.5861614800497
60652,-8.455637,-3.576073,3.972086,-0.071929,-0.023518,0.022297,31,66.6040871349558
60662,-8.469396,-3.584448,3.972086,-0.07254,-0.025198,0.021838,30.96,66.640276236809
60672,-8.477173,-3.575475,3.959523,-0.071624,-0.026267,0.021686,30.96,66.7145777908882
60682,-8.465807,-3.593421,3.967898,-0.071013,-0.026725,0.022144,30.98,66.6627161715159
60692,-8.464012,-3.579663,3.978666,-0.07025,-0.029474,0.022144,31,66.5902363730071
60702,-8.467003,-3.586243,3.975077,-0.069791,-0.031001,0.022449,31,66.6211611138217
60712,-8.454441,-3.570091,3.970889,-0.069944,-0.031918,0.022602,30.99,66.6025772825458
60722,-8.459227,-3.582056,3.972086,-0.069486,-0.032681,0.02306,30.99,66.6169032265115
60732,-8.466404,-3.585645,3.982853,-0.06918,-0.033598,0.023213,30.99,66.5785665194435
60742,-8.456235,-3.584448,3.972086,-0.068417,-0.034361,0.024129,30.99,66.612763257287
60752,-8.457432,-3.585645,3.965506,-0.068264,-0.034667,0.023671,31.03,66.6509144721417
60762,-8.458628,-3.589234,3.98405,-0.067806,-0.035125,0.023671,31.03,66.5591879919392
60772,-8.456235,-3.579065,3.976871,-0.067195,-0.035125,0.02474,30.98,66.5828446646617
60782,-8.466404,-3.585046,3.980461,-0.067348,-0.035888,0.023518,30.98,66.5905878575
60792,-8.458031,-3.573681,3.972086,-0.067501,-0.036499,0.023366,30.98,66.6069837458895
60802,-8.458031,-3.586841,3.978666,-0.066432,-0.03543,0.024129,30.98,66.5840785307995
60812,-8.458628,-3.59043,3.984648,-0.06689,-0.035736,0.024129,31.01,66.5571127151174
60822,-8.469995,-3.588037,3.993621,-0.066737,-0.03543,0.024435,31.01,66.5317410113411
60832,-8.463414,-3.580261,3.990032,-0.066126,-0.034972,0.02474,31.02,66.5298619542519
60842,-8.455637,-3.586243,3.984648,-0.066584,-0.033598,0.023366,31.02,66.5471205375162
60852,-8.461619,-3.584448,3.988237,-0.066584,-0.032987,0.024587,30.99,66.5392317388506
60862,-8.465208,-3.586841,3.99063,-0.067195,-0.030849,0.024435,31,66.5363283491973
60872,-8.454441,-3.585645,3.99063,-0.067501,-0.029016,0.025045,31,66.5126791056454
60882,-8.450253,-3.58385,3.999603,-0.067501,-0.028558,0.023366,31.01,66.4551936249415
60892,-8.452645,-3.594618,3.985844,-0.067501,-0.026878,0.023671,31.01,66.5420260714889
60902,-8.450851,-3.595216,3.993621,-0.068264,-0.025809,0.023824,31.03,66.497982510955
60912,-8.449057,-3.589832,3.996014,-0.067806,-0.025045,0.024587,31.03,66.4768491349547
60922,-8.460423,-3.59402,3.987041,-0.068111,-0.023213,0.025045,30.98,66.5515090780721
60932,-8.458628,-3.584448,3.991827,-0.068264,-0.021228,0.024893,30.98,66.5141224363317
60942,-8.456833,-3.581457,3.991228,-0.06857,-0.019395,0.024435,30.97,66.5108366606751
60952,-8.450253,-3.578466,3.994219,-0.068722,-0.018784,0.023671,30.97,66.4786457297474
60962,-8.452048,-3.586841,3.996612,-0.06857,-0.018021,0.023518,31.02,66.4773292902257
60972,-8.456833,-3.591029,3.994219,-0.069028,-0.017104,0.023366,31.02,66.5036668189196
60982,-8.457432,-3.586841,3.98405,-0.069486,-0.016035,0.023671,30.98,66.5545546281308
60992,-8.459825,-3.586841,3.994219,-0.069944,-0.015577,0.022907,30.98,66.5062168521893
61002,-8.452048,-3.583252,3.982853,-0.06918,-0.014966,0.022297,31.01,66.5463586413238
61012,-8.458031,-3.582056,3.987041,-0.069486,-0.01405,0.023213,31.01,66.5358579425342
61022,-8.46461,-3.595216,3.987041,-0.069486,-0.012981,0.022907,31.01,66.5613383036841
61032,-8.462815,-3.582654,3.97747,-0.070097,-0.013439,0.022449,31.01,66.5966598709743
61042,-8.469396,-3.576073,3.979264,-0.069944,-0.013592,0.022297,30.99,66.5951917425711
61052,-8.453244,-3.582654,3.978068,-0.069791,-0.013897,0.02138,31.04,66.5734725493317
61062,-8.458031,-3.581457,3.965506,-0.069791,-0.01405,0.020464,31.04,66.6484578363094
61072,-8.461619,-3.592823,3.979862,-0.069333,-0.014203,0.020464,31,66.5906201856248
61082,-8.451449,-3.579663,3.980461,-0.069639,-0.015272,0.020006,31,66.5544770565743
61092,-8.461619,-3.580261,3.976273,-0.069486,-0.016035,0.020006,31.01,66.5983228387513
61102,-8.459227,-3.589234,3.970291,-0.070097,-0.016799,0.018937,31.01,66.6326970242671
61112,-8.462217,-3.592823,3.9673,-0.069486,-0.01741,0.019853,31.04,66.6578375585748
61122,-8.455637,-3.588037,3.975077,-0.06918,-0.018479,0.020159,31.04,66.5989808836055
61132,-8.456833,-3.584448,3.964309,-0.068875,-0.01909,0.021075,30.98,66.6548962843366
61142,-8.461619,-3.578466,3.97747,-0.069028,-0.020769,0.02138,30.98,66.5904461357525
61152,-8.459227,-3.575475,3.966702,-0.06857,-0.021075,0.022449,31.01,66.6393784085398
61162,-8.46461,-3.585645,3.966702,-0.06857,-0.023213,0.022907,31.01,66.6596204613498
61172,-8.462815,-3.591627,3.969095,-0.069028,-0.024282,0.022297,31.01,66.6485960313333
61182,-8.46102,-3.585046,3.973282,-0.068111,-0.024282,0.023976,31.01,66.617019440553
61192,-8.46102,-3.581457,3.972684,-0.067959,-0.025504,0.024893,30.98,66.6169817682394
61202,-8.452645,-3.578466,3.966702,-0.068111,-0.026573,0.024282,30.98,66.6282530548716
61212,-8.467003,-3.571886,3.9673,-0.067806,-0.028863,0.024893,31,66.6493264136332
61222,-8.47119,-3.584448,3.978068,-0.067348,-0.029322,0.025504,31.04,66.6126245865527
61232,-8.467602,-3.579065,3.975675,-0.067653,-0.030085,0.025045,31.04,66.6129240883082
61242,-8.461619,-3.571288,3.979862,-0.067806,-0.03146,0.02642,31,66.5715282475538
61252,-8.46461,-3.575475,3.976273,-0.067195,-0.031918,0.025198,31,66.6003486308416
61262,-8.466404,-3.579663,3.97388,-0.067501,-0.032529,0.024893,31,66.6203730937916
61272,-8.465807,-3.586243,3.969693,-0.066737,-0.033292,0.025198,31,66.6469354927233
61282,-8.465807,-3.584448,3.981059,-0.06689,-0.033598,0.026114,30.97,66.5856704119533
61292,-8.457432,-3.57727,3.975077,-0.067501,-0.035125,0.024893,30.97,66.5931878980433
61302,-8.473583,-3.589234,3.985844,-0.067501,-0.034972,0.024435,31,66.5810771751659
61312,-8.462815,-3.588636,3.987041,-0.067959,-0.034361,0.023976,31,66.5517329758821
61322,-8.467602,-3.581457,3.986442,-0.067653,-0.034361,0.024129,30.99,66.5585343165814
61332,-8.465807,-3.584448,3.982853,-0.066737,-0.034819,0.023671,30.99,66.5762558897139
61342,-8.451449,-3.585645,3.985844,-0.067042,-0.034208,0.023518,31.01,66.5315230888104
61352,-8.463414,-3.58385,3.987639,-0.067806,-0.033903,0.024282,31.01,66.5456011772501
61362,-8.463414,-3.58385,3.987041,-0.067501,-0.033598,0.023976,31,66.5487385786638
61372,-8.447861,-3.588636,3.991228,-0.066737,-0.032529,0.02474,31,66.4983866531513
61382,-8.453244,-3.580261,3.985844,-0.06689,-0.030543,0.024587,30.98,66.5305002345596
61392,-8.454441,-3.58385,3.985844,-0.067042,-0.030085,0.023824,31.01,66.536204345989
61402,-8.449656,-3.58385,3.98405,-0.066737,-0.029016,0.025351,31.01,66.5355835420488
61412,-8.469995,-3.588037,3.993621,-0.067501,-0.028558,0.025351,31,66.5317410113411
61422,-8.449656,-3.585645,3.98405,-0.068264,-0.027031,0.024587,31,66.5371818967694
61432,-8.446067,-3.592823,3.986442,-0.067348,-0.02642,0.024587,31.01,66.5234869272752
61442,-8.459825,-3.586841,4.001996,-0.067653,-0.024587,0.025504,31.01,66.4654433529203
61452,-8.456833,-3.59043,3.999005,-0.067806,-0.02474,0.02474,31,66.4780353185944
61462,-8.458031,-3.585645,3.979862,-0.068264,-0.022907,0.024129,31,66.5767358539689
61472,-8.467003,-3.563511,3.988237,-0.06857,-0.022755,0.023213,31,66.5319789624804
61482,-8.449656,-3.585046,3.985246,-0.068264,-0.021686,0.023518,31,66.5303666226757
61492,-8.462217,-3.591029,4.003192,-0.068875,-0.020311,0.024129,31.03,66.4679337023402
61502,-8.465807,-3.585645,3.988237,-0.06918,-0.018937,0.022907,31.03,66.5490719359567
61512,-8.456235,-3.589234,3.982255,-0.068875,-0.018784,0.023366,31.02,66.563597546801
61522,-8.461619,-3.602993,3.993023,-0.069028,-0.01741,0.022755,31.02,66.5306359290648
61532,-8.456833,-3.57069,3.99063,-0.069028,-0.016493,0.022144,31.02,66.5044087839273
61542,-8.468199,-3.59402,3.98405,-0.07025,-0.016188,0.020922,31.02,66.5834698893995
61552,-8.455039,-3.580261,3.981059,-0.070097,-0.015272,0.020464,31,66.5593975172963
61562,-8.457432,-3.573082,3.978068,-0.070555,-0.015272,0.020006,30.99,66.5737610756156
61572,-8.459825,-3.580859,3.994219,-0.070555,-0.014661,0.019853,30.99,66.50089627643
61582,-8.467602,-3.588636,3.979264,-0.070555,-0.014355,0.0197,30.98,66.6025556870499
61592,-8.453843,-3.589234,3.982853,-0.071471,-0.01405,0.01909,30.98,66.5554450293683
61602,-8.462815,-3.582654,3.981657,-0.070708,-0.013897,0.019395,31.02,66.5746775814123
61612,-8.463414,-3.586841,3.972684,-0.071166,-0.015119,0.019242,31.02,66.6267557456548
61622,-8.461619,-3.58744,3.97747,-0.07086,-0.015272,0.019242,31.04,66.5983999871161
61632,-8.472985,-3.584448,3.973282,-0.071166,-0.015577,0.019242,31.04,66.6414916725028
61642,-8.461619,-3.575475,3.964309,-0.071013,-0.016035,0.01909,31,66.6569623617253
61652,-8.467602,-3.578466,3.972684,-0.071166,-0.017257,0.019548,31,66.6281011580765
61662,-8.464012,-3.565904,3.971487,-0.071013,-0.018021,0.019548,31.03,66.6157866534925
61672,-8.457432,-3.592823,3.978666,-0.070555,-0.018937,0.0197,31.03,66.5881393525187
61682,-8.457432,-3.582056,3.964907,-0.069944,-0.019395,0.020464,31.02,66.6508855994818
61692,-8.468798,-3.574877,3.972086,-0.069333,-0.020617,0.021228,31.02,66.6305731426081
61702,-8.458031,-3.585645,3.969693,-0.06918,-0.021838,0.021075,31,66.6301575767226
61712,-8.456235,-3.58385,3.9673,-0.068875,-0.023213,0.021228,31,66.6373901389128
61722,-8.459825,-3.588037,3.969095,-0.069028,-0.025962,0.021991,31.03,66.639169945563
61732,-8.468798,-3.586243,3.971487,-0.067959,-0.026725,0.022755,31,66.6437594864219
61742,-8.472386,-3.588037,3.981657,-0.067501,-0.028405,0.023976,31,66.5994709070707
61752,-8.459825,-3.585046,3.972684,-0.06689,-0.030085,0.023671,31.02,66.6176616970903
61762,-8.467003,-3.579663,3.972684,-0.066126,-0.030391,0.023824,31.02,66.6279066569629
61772,-8.459825,-3.589234,3.969693,-0.066126,-0.031154,0.02474,31.01,66.6370886939621
61782,-8.462217,-3.591627,3.975675,-0.065973,-0.032681,0.024893,31.01,66.6127896112673
61792,-8.458031,-3.579065,3.982255,-0.066126,-0.033139,0.024587,30.97,66.5583289029157
61802,-8.465208,-3.576672,3.97747,-0.066126,-0.033598,0.025045,30.97,66.5963732034099
61812,-8.464012,-3.582056,3.976871,-0.06521,-0.033139,0.025351,30.99,66.6017803926483
61822,-8.458628,-3.588037,3.989433,-0.06521,-0.03375,0.025198,30.99,66.5298749887683
61832,-8.473583,-3.591627,3.976871,-0.065668,-0.034667,0.024893,31,66.6302526941501
61842,-8.457432,-3.582654,3.976871,-0.065668,-0.035277,0.025045,31,66.5885360130588
61852,-8.463414,-3.57727,3.982853,-0.065057,-0.034361,0.025045,31.02,66.5648827885138
61862,-8.460423,-3.58744,3.974478,-0.065515,-0.034667,0.025045,31.02,66.6116108658814
61872,-8.459227,-3.593421,3.987041,-0.064904,-0.034514,0.025198,31.03,66.5484709514748
61882,-8.451449,-3.588636,3.988237,-0.064294,-0.033445,0.02642,31.03,66.521623311413
61892,-8.459227,-3.59043,3.991827,-0.064599,-0.032987,0.025656,31.03,66.5207020370272
61902,-8.465807,-3.568297,3.991228,-0.064752,-0.03207,0.025809,30.96,66.5180064071957
61912,-8.447861,-3.58385,3.991228,-0.064294,-0.030391,0.025045,30.96,66.4941166166729
61922,-8.453244,-3.584448,3.995416,-0.064294,-0.029169,0.025656,31,66.4839842709732
61932,-8.454441,-3.585645,3.987639,-0.06353,-0.028405,0.026114,31,66.5283779406768
61942,-8.461619,-3.591627,3.979862,-0.064294,-0.027794,0.025656,31.05,66.589558087347
61952,-8.463414,-3.585046,3.991827,-0.064446,-0.026878,0.024587,31.05,66.5246954569042
61962,-8.455039,-3.585645,3.984648,-0.064446,-0.025045,0.024587,31,66.5453346856643
61972,-8.453244,-3.58385,3.995416,-0.064141,-0.023671,0.025198,31,66.4834513141884
61982,-8.475378,-3.57727,3.992425,-0.064446,-0.021838,0.024129,30.98,66.5397487694202
61992,-8.440084,-3.576672,3.993621,-0.065057,-0.021228,0.023366,30.98,66.4587741378095
62002,-8.459227,-3.582654,3.987639,-0.065515,-0.020006,0.023213,31,66.5357596459786
62012,-8.461619,-3.577868,3.988835,-0.065057,-0.018937,0.022907,31,66.5302526536968
62022,-8.451449,-3.586841,3.984648,-0.06521,-0.017104,0.023366,30.97,66.5388685862999
62032,-8.454441,-3.582056,3.986442,-0.066126,-0.016952,0.022602,30.97,66.5314691272475
62042,-8.463414,-3.59402,3.996014,-0.066584,-0.016188,0.021686,30.98,66.5107246310997
62052,-8.448458,-3.584448,3.979862,-0.066432,-0.015119,0.021075,30.98,66.55560505366
62062,-8.468199,-3.591029,3.985844,-0.065668,-0.013286,0.022144,30.99,66.5714074587475
62072,-8.458031,-3.586841,3.989433,-0.066584,-0.011759,0.020922,30.99,66.5275588729754
62082,-8.459227,-3.585046,3.98405,-0.06689,-0.011759,0.020617,31.01,66.5567217519783
62092,-8.452048,-3.598207,3.987041,-0.067042,-0.010996,0.020464,31,66.5376926798459
62102,-8.462815,-3.578466,3.979862,-0.067653,-0.010996,0.019548,31,66.5803898877059
62112,-8.466404,-3.582654,3.981657,-0.067348,-0.011759,0.019395,31,66.5821922338231
62122,-8.477771,-3.58744,3.985246,-0.067195,-0.011759,0.017868,31,66.5913787216234
62132,-8.455637,-3.580261,3.97747,-0.066737,-0.011912,0.018173,30.99,66.5795053212236
62142,-8.473583,-3.574279,3.983452,-0.067042,-0.012217,0.018937,30.99,66.5803954267688
62152,-8.462815,-3.576073,3.975077,-0.06689,-0.012217,0.017562,30.99,66.6034015624528
62162,-8.471789,-3.586243,3.969693,-0.066584,-0.013439,0.01741,30.99,66.6594218252655
62172,-8.463414,-3.572484,3.971487,-0.067195,-0.014508,0.017715,30.96,66.6203440983546
62182,-8.465807,-3.588037,3.976273,-0.066432,-0.015882,0.01741,30.96,66.6139713542984
62192,-8.458628,-3.58385,3.964907,-0.065363,-0.016493,0.016952,31.02,66.6549731124086
62202,-8.47119,-3.580859,3.965506,-0.065821,-0.017257,0.017104,31.02,66.6754098874795
62212,-8.474181,-3.583252,3.964907,-0.06521,-0.018937,0.017257,30.96,66.686903729666
62222,-8.479566,-3.575475,3.975077,-0.064599,-0.019853,0.017715,30.96,66.6378999531346
62232,-8.475977,-3.586243,3.969693,-0.064294,-0.020922,0.01741,30.96,66.6681568077893
62242,-8.457432,-3.579663,3.975675,-0.063683,-0.023213,0.018631,30.96,66.5921667556
62252,-8.464012,-3.585645,3.968496,-0.063377,-0.025045,0.017715,30.99,66.6489458873637
62262,-8.455637,-3.588037,3.972684,-0.063072,-0.025809,0.017104,30.96,66.6115543310419
62272,-8.452048,-3.579065,3.972086,-0.062766,-0.026573,0.017715,30.96,66.5992209019789
62282,-8.47119,-3.57727,3.97388,-0.062156,-0.027794,0.018784,31,66.6282650690158
62292,-8.476574,-3.579663,3.972086,-0.062003,-0.028863,0.018937,31,66.6510393087079
62302,-8.47119,-3.586841,3.969095,-0.061392,-0.02978,0.020159,31.03,66.6618402124586
62312,-8.463414,-3.592823,3.981059,-0.06185,-0.031001,0.019548,31.03,66.588092388647
62322,-8.46102,-3.576672,3.974478,-0.061087,-0.030849,0.020464,31.03,66.6033202535408
62332,-8.462815,-3.576073,3.97747,-0.060323,-0.031307,0.020311,31.03,66.5908323239553
62342,-8.462217,-3.58744,3.982255,-0.060628,-0.031001,0.021075,30.99,66.5745321957028
62352,-8.472386,-3.574877,3.981059,-0.060628,-0.032223,0.022144,30.99,66.5909729182324
62362,-8.467003,-3.584448,3.982255,-0.059865,-0.031307,0.022755,31,66.5818971693575
62372,-8.46461,-3.588636,3.966104,-0.060323,-0.031001,0.022602,31,66.6654081483317
62382,-8.455039,-3.588636,3.985246,-0.059865,-0.031154,0.022755,31,66.5448561221838
62392,-8.460423,-3.589832,3.982853,-0.060323,-0.032223,0.022449,31,66.5697615231526
62402,-8.450253,-3.583252,3.988835,-0.059559,-0.031307,0.022297,31.02,66.5111750360686
62412,-8.449057,-3.588636,3.990032,-0.059712,-0.029932,0.02306,31.02,66.5071777996581
62422,-8.452048,-3.601796,3.987639,-0.059712,-0.029474,0.022755,31.05,66.537757883354
62432,-8.457432,-3.59402,3.988237,-0.058948,-0.029169,0.023213,30.99,66.5389681170343
62442,-8.458628,-3.592823,3.991827,-0.058643,-0.027947,0.023366,30.99,66.5215766514875
62452,-8.46461,-3.58744,3.987041,-0.059101,-0.026267,0.02306,31.03,66.5544309472141
62462,-8.459825,-3.599404,3.99063,-0.059712,-0.025351,0.022297,31.03,66.5362260156916
62472,-8.462217,-3.593421,3.998407,-0.059865,-0.02474,0.022907,30.98,66.4951387477737
62482,-8.451449,-3.581457,3.988237,-0.060018,-0.023976,0.022907,30.98,66.515228968272
62492,-8.452048,-3.58744,3.99063,-0.059712,-0.02306,0.022297,30.99,66.5092536394307
62502,-8.455637,-3.591627,3.987639,-0.060018,-0.021991,0.021991,30.99,66.5362122390727
62512,-8.453843,-3.58385,3.992425,-0.060018,-0.021075,0.022755,31.04,66.5004046973208
62522,-8.456833,-3.586841,3.988835,-0.06017,-0.019548,0.022144,31.04,66.5281837285863
62532,-8.459227,-3.588037,3.991228,-0.060476,-0.018479,0.022602,30.98,66.5217143873958
62542,-8.462815,-3.58744,3.990032,-0.060018,-0.017104,0.021991,30.98,66.5349808699433
62552,-8.458031,-3.585046,3.985844,-0.060628,-0.016799,0.021228,31.03,66.5447978227704
62562,-8.462217,-3.582056,3.987639,-0.060628,-0.016188,0.021075,31.03,66.5414994032552
62572,-8.460423,-3.580261,3.985844,-0.061087,-0.014508,0.021075,30.99,66.5455641861455
62582,-8.447861,-3.582654,3.978068,-0.060628,-0.01405,0.020311,30.99,66.5621846608102
62592,-8.456235,-3.58744,3.981657,-0.061545,-0.013286,0.020006,31.02,66.5651424155784
62602,-8.469995,-3.586243,3.988237,-0.061087,-0.012217,0.0197,30.98,66.558373409605
62612,-8.452048,-3.581457,3.982255,-0.061697,-0.011912,0.018631,30.98,66.54790353077
62622,-8.46102,-3.578466,3.97388,-0.061392,-0.011759,0.018326,31,66.6080500246528
62632,-8.460423,-3.584448,3.98405,-0.06185,-0.011606,0.018173,31,66.5586971436277
62642,-8.468798,-3.577868,3.985844,-0.062461,-0.011759,0.017868,30.99,66.5609985918632
62652,-8.464012,-3.588636,3.967898,-0.062461,-0.011606,0.017104,30.99,66.6547345039133
62662,-8.463414,-3.58385,3.979264,-0.062003,-0.011301,0.016952,31.04,66.5895541080133
62672,-8.469995,-3.57727,3.978666,-0.061697,-0.011606,0.016799,31.04,66.6006418260896
62682,-8.469396,-3.583252,3.966104,-0.062308,-0.012217,0.016035,30.99,66.6706368315391
62693,-8.468199,-3.579065,3.975675,-0.062308,-0.012523,0.016646,30.99,66.6141726918394
62702,-8.459227,-3.579065,3.982853,-0.062003,-0.01237,0.016646,31.02,66.5576966999458
62712,-8.472386,-3.59043,3.975675,-0.062614,-0.013286,0.016646,31.02,66.6329702824165
62722,-8.468199,-3.575475,3.976273,-0.062003,-0.014508,0.016035,31,66.6078604257833
62732,-8.473583,-3.582654,3.978666,-0.06185,-0.014813,0.016188,31,66.6129022407356
62742,-8.472985,-3.597609,3.963113,-0.06185,-0.016188,0.01573,31.04,66.7065041803567
62752,-8.464012,-3.580261,3.963711,-0.061545,-0.016952,0.016188,31.04,66.6693327412535
62762,-8.456833,-3.579663,3.966702,-0.061697,-0.019395,0.01741,30.98,66.6380761924844
62772,-8.46102,-3.579663,3.966702,-0.060323,-0.020311,0.016952,30.98,66.6468308594232
62782,-8.472386,-3.580859,3.960122,-0.060781,-0.021075,0.01741,30.98,66.7061920019345
62792,-8.460423,-3.582654,3.9673,-0.060781,-0.021838,0.017257,31.01,66.645085835981
62802,-8.462815,-3.586841,3.966104,-0.059865,-0.023366,0.018173,31.01,66.6600733124977
62812,-8.469995,-3.581457,3.980461,-0.059559,-0.025198,0.018021,31.01,66.5949233974799
62822,-8.459227,-3.583252,3.976273,-0.059254,-0.025504,0.018631,31.01,66.5959662010125
62832,-8.465807,-3.575475,3.975675,-0.058948,-0.025504,0.018479,31.04,66.6059948909223
62842,-8.463414,-3.591029,3.975675,-0.059712,-0.026267,0.018937,31.04,66.614761098566
62852,-8.466404,-3.584448,3.969693,-0.059407,-0.027489,0.018937,30.99,66.6465947280749
62862,-8.46461,-3.576672,3.974478,-0.058948,-0.027489,0.01909,30.99,66.6108348683271
62872,-8.458031,-3.58744,3.982255,-0.059101,-0.028253,0.01909,31,66.5657654964612
62882,-8.456833,-3.591627,3.979862,-0.058643,-0.028405,0.020311,31,66.5795423635674
62892,-8.46102,-3.583252,3.976273,-0.057727,-0.028711,0.019853,30.98,66.5997191949447
62902,-8.461619,-3.577868,3.981059,-0.058032,-0.028405,0.021075,30.98,66.5710692128737
62912,-8.451449,-3.589234,3.980461,-0.058338,-0.028558,0.019853,31,66.562989760949
62922,-8.455039,-3.589234,3.981657,-0.057879,-0.028558,0.020464,31,66.5642316482234
62932,-8.453843,-3.582056,3.984648,-0.057116,-0.028711,0.020311,30.96,66.5396341498394
62942,-8.468199,-3.580859,3.982255,-0.057574,-0.028253,0.019853,31.02,66.5812221310602
62952,-8.455039,-3.597011,3.985246,-0.057269,-0.0281,0.020006,31.02,66.5523142620295
62962,-8.454441,-3.588636,3.988835,-0.056963,-0.027031,0.020617,31.01,66.5247631932441
62972,-8.458031,-3.591627,3.994219,-0.057116,-0.026878,0.020159,31.01,66.5067137063702
62982,-8.447262,-3.585645,3.980461,-0.056963,-0.025351,0.020311,31,66.5510139032332
62992,-8.459825,-3.585645,3.972086,-0.05681,-0.025198,0.020006,31,66.6213343688026
63002,-8.458628,-3.573681,3.989433,-0.057574,-0.02474,0.019548,31.02,66.5171189677775
63012,-8.452048,-3.585645,3.982255,-0.056963,-0.023518,0.019395,31.02,66.5516284465624
63022,-8.469995,-3.579663,3.988237,-0.057269,-0.023366,0.018937,31.01,66.5525437628856
63032,-8.456235,-3.584448,3.987639,-0.057116,-0.022449,0.020311,31.01,66.5310773617934
63042,-8.450253,-3.580859,3.994219,-0.058032,-0.021228,0.018937,31,66.480778147673
63052,-8.451449,-3.579065,3.983452,-0.058032,-0.020617,0.0197,31,66.5382316013451
63062,-8.453244,-3.595216,3.99063,-0.058185,-0.019395,0.01909,30.99,66.5186975798158
63072,-8.464012,-3.59043,3.989433,-0.057727,-0.018937,0.018479,30.99,66.5432878932993
63082,-8.449057,-3.595216,3.992425,-0.058185,-0.016952,0.019853,31,66.5004916702365
63092,-8.469995,-3.591627,3.978666,-0.058643,-0.016646,0.018021,31,66.6133438636046
63102,-8.46102,-3.588037,3.988835,-0.058948,-0.016188,0.018479,31,66.5380276718763
63112,-8.452048,-3.585046,3.981657,-0.059254,-0.014203,0.017562,31.02,66.5542366022736
63122,-8.445468,-3.596412,3.986442,-0.059712,-0.012981,0.016799,31.02,66.5254355285596
63132,-8.460423,-3.592225,3.987041,-0.060323,-0.012675,0.017104,31.04,66.5499123286195
63142,-8.459825,-3.58385,3.988237,-0.060628,-0.012217,0.017257,31.04,66.534938420345
63152,-8.459227,-3.589832,3.978666,-0.060476,-0.011301,0.017104,31.04,66.5892380900911
63162,-8.455637,-3.58385,3.978666,-0.061087,-0.011454,0.016952,31.04,66.576408209474
63172,-8.459825,-3.588037,3.976871,-0.060781,-0.011148,0.017257,31,66.5983216426832
63182,-8.455039,-3.593421,3.975077,-0.060476,-0.011148,0.016952,31,66.6025137923225
63192,-8.455637,-3.591029,3.981059,-0.060323,-0.011759,0.016188,31,66.5702210065732
63202,-8.467003,-3.586243,3.971487,-0.060323,-0.011301,0.016188,31,66.6400110833884
63212,-8.472386,-3.585046,3.976273,-0.060476,-0.011606,0.016646,31.04,66.6250716410287
63222,-8.456833,-3.59043,3.979264,-0.060781,-0.012217,0.016493,31.04,66.5816183730014
63232,-8.474779,-3.579065,3.972684,-0.060018,-0.012217,0.016493,31,66.6436256531412
63242,-8.458031,-3.589832,3.976273,-0.06017,-0.012523,0.015424,31,66.599302128987
63252,-8.463414,-3.589234,3.969095,-0.060323,-0.013439,0.015882,30.98,66.6477270135444
63262,-8.464012,-3.579065,3.97388,-0.060628,-0.013897,0.016341,30.98,66.6148411306274
63272,-8.467003,-3.586243,3.9673,-0.060628,-0.014813,0.016493,30.99,66.6620024827682
63282,-8.465807,-3.589832,3.972684,-0.058948,-0.016646,0.016646,30.99,66.6344042650476
63292,-8.462815,-3.589832,3.962514,-0.059865,-0.017868,0.016646,31.01,66.6815874236841
63302,-8.469396,-3.576073,3.966104,-0.059254,-0.018479,0.017104,31.02,66.6643031161439
63312,-8.462815,-3.583252,3.963113,-0.058948,-0.020006,0.017104,31.02,66.6726199448402
63322,-8.477173,-3.582654,3.959523,-0.058948,-0.020464,0.016799,30.99,66.7208904343243
63332,-8.462217,-3.576672,3.958327,-0.058796,-0.021838,0.016799,30.99,66.6907278680728
63342,-8.465208,-3.581457,3.964309,-0.057727,-0.022907,0.018173,31.01,66.6697429666965
63352,-8.458031,-3.58744,3.96072,-0.057574,-0.023671,0.018326,31.01,66.6789208506667
63362,-8.46461,-3.579663,3.973282,-0.057269,-0.02474,0.017715,31.04,66.6197620222799
63372,-8.463414,-3.58385,3.966104,-0.056963,-0.025504,0.018631,31.04,66.6586782640384
63382,-8.469396,-3.584448,3.97747,-0.057421,-0.026725,0.01909,31.02,66.6120130498027
63392,-8.472386,-3.58385,3.969693,-0.056505,-0.02642,0.01909,31.02,66.6585546040386
63402,-8.459227,-3.584448,3.967898,-0.056047,-0.027642,0.018784,31.02,66.6410313201734
63412,-8.453843,-3.574279,3.962514,-0.056047,-0.027184,0.019395,31.02,66.6490851692291
63422,-8.464012,-3.593421,3.974478,-0.055283,-0.027031,0.020159,30.98,66.6244163383269
63432,-8.453843,-3.586841,3.970291,-0.055741,-0.027336,0.020006,30.98,66.6193162163428
63442,-8.450851,-3.593421,3.976273,-0.055436,-0.027184,0.020617,31,66.5874659507013
63452,-8.461619,-3.574877,3.972086,-0.055589,-0.026725,0.0197,31,66.6155545642049
63462,-8.456833,-3.588636,3.970889,-0.054214,-0.026114,0.020617,30.99,66.6240199285095
63472,-8.465208,-3.585046,3.987639,-0.05452,-0.025045,0.020617,30.97,66.5504221021056
63482,-8.458628,-3.596412,3.98405,-0.055131,-0.024587,0.0197,30.97,66.5655727008492
63492,-8.463414,-3.582654,3.986442,-0.05452,-0.023976,0.0197,31.03,66.5508201602801
63502,-8.460423,-3.58744,3.976273,-0.05452,-0.023824,0.020006,31.03,66.6021835173996
63512,-8.457432,-3.579663,3.976273,-0.055283,-0.022602,0.020159,31,66.58902485127
63522,-8.450253,-3.592225,3.99063,-0.05452,-0.021686,0.019395,31,66.5097523807252
63532,-8.450851,-3.591029,3.97747,-0.054367,-0.021075,0.020006,31.01,66.5790475352787
63542,-8.452645,-3.591627,3.981059,-0.054367,-0.020159,0.0197,31.01,66.5644854581065
63552,-8.461619,-3.592823,3.975077,-0.054062,-0.019242,0.018784,31.04,66.6157408597626
63562,-8.458031,-3.598207,3.973282,-0.05452,-0.018173,0.01909,31.04,66.6224513938279
63572,-8.46461,-3.59043,3.991228,-0.054825,-0.017257,0.017868,31.06,66.5351279567351
63582,-8.464012,-3.592225,3.992425,-0.055283,-0.016646,0.017715,31.06,66.5291947153031
63592,-8.458031,-3.586243,3.980461,-0.05452,-0.014508,0.017562,31.02,66.5741214851081
63602,-8.463414,-3.59043,3.981657,-0.055589,-0.014355,0.017715,31.02,66.5828298085017
63612,-8.460423,-3.592225,3.986442,-0.055436,-0.013744,0.016493,31.04,66.5530550054616
63622,-8.450851,-3.591627,3.982853,-0.055741,-0.012675,0.016188,31.04,66.5513039194915
63632,-8.469396,-3.599404,3.987041,-0.0562,-0.010537,0.014355,31.04,66.5750695860689
63642,-8.459825,-3.588037,3.979264,-0.055741,-0.010232,0.014813,30.99,66.5857559818768
63652,-8.462815,-3.58744,3.986442,-0.055589,-0.010079,0.013744,30.99,66.5538132406999
63662,-8.462217,-3.592823,3.981657,-0.055589,-0.009316,0.012828,31.01,66.582450260397
63672,-8.474181,-3.59402,3.97747,-0.055894,-0.008705,0.012523,31.01,66.6304758397198
63682,-8.467602,-3.586243,3.972684,-0.055283,-0.009316,0.013134,30.98,66.6349766455206
63692,-8.467003,-3.589234,3.969095,-0.055741,-0.00901,0.012828,30.98,66.6552191237708
63702,-8.48136,-3.585645,3.97388,-0.055741,-0.009468,0.011606,31.02,66.6568833970695
63712,-8.468199,-3.592823,3.973282,-0.055283,-0.009927,0.011606,31.02,66.6389076627374
63722,-8.463414,-3.59043,3.9673,-0.055131,-0.00901,0.011759,31,66.6582161685884
63732,-8.468798,-3.591627,3.972684,-0.055589,-0.009927,0.010996,31,66.6422381167706
63742,-8.586643,-3.239284,4.254438,-0.062614,-0.00672,0.006261,31.01,65.1284474808092
63752,-8.435897,-3.562913,3.965506,-0.097586,0.006261,-0.012981,31.01,66.5856260827815
63762,-8.454441,-3.611966,3.946961,-0.101251,0.008247,-0.011606,30.98,66.7655660592295
63772,-8.423334,-3.61376,3.920042,-0.097891,0.006567,-0.008552,30.98,66.8444972246471
63782,-8.457432,-3.598207,3.939184,-0.093768,0.002902,-0.003207,31.02,66.8005348282245
63792,-8.46461,-3.59043,3.94397,-0.091019,-0.000764,0,31.02,66.7833869917616
63802,-8.425727,-3.612564,3.911069,-0.084147,-0.006567,0.007789,31.02,66.8958296497853
63812,-8.484949,-3.60718,3.941577,-0.080634,-0.009468,0.01237,31.02,66.8528709990684
63822,-8.440681,-3.61735,3.924229,-0.078954,-0.01237,0.015272,31.02,66.8615710840204
63832,-8.465208,-3.60718,3.934997,-0.076511,-0.016035,0.01741,30.98,66.8466310541937
63842,-8.453843,-3.619742,3.942773,-0.074831,-0.017868,0.020006,30.98,66.7932683675766
63852,-8.457432,-3.616153,3.937988,-0.073609,-0.021075,0.021686,30.98,66.8227117778807
63862,-8.480762,-3.608377,3.944568,-0.072235,-0.024587,0.023824,30.98,66.8295491781474
63872,-8.472386,-3.615555,3.942175,-0.071166,-0.027336,0.024129,30.97,66.8311229629936
63882,-8.468798,-3.616153,3.946362,-0.070555,-0.030085,0.02474,30.97,66.8022119365208
63892,-8.479566,-3.62393,3.947559,-0.069944,-0.032223,0.025656,30.96,66.8250813290753
63902,-8.483154,-3.611966,3.959523,-0.069333,-0.034208,0.026114,30.96,66.759147158935
63912,-8.456833,-3.614359,3.949354,-0.067348,-0.036041,0.02642,31,66.7600691402791
63922,-8.485548,-3.622734,3.954738,-0.067653,-0.037263,0.026725,31,66.7987136736499
63932,-8.478967,-3.627519,3.958925,-0.067501,-0.03879,0.028253,31.04,66.7673624485565
63942,-8.478967,-3.616751,3.941577,-0.067501,-0.041997,0.027336,31.04,66.8489308515552
63952,-8.483753,-3.610171,3.958327,-0.065973,-0.043066,0.028711,31.01,66.7650802960912
63962,-8.467003,-3.598805,3.976871,-0.065668,-0.044135,0.029322,31.01,66.6228776511518
63972,-8.487342,-3.57727,3.987639,-0.06521,-0.042455,0.028558,31.02,66.5898653633473
63982,-8.455039,-3.616751,3.948158,-0.071166,-0.03879,0.025962,31,66.7647588265744
63992,-8.464012,-3.621537,3.96072,-0.06918,-0.040317,0.028405,31,66.7216193447757
64002,-8.452048,-3.616751,3.955336,-0.067042,-0.040928,0.030391,30.98,66.7207876058824
64012,-8.452048,-3.611966,3.958327,-0.065363,-0.041997,0.032987,30.98,66.7008004794213
64022,-8.454441,-3.604189,3.960122,-0.064599,-0.042608,0.034667,31,66.6894321311882
64032,-8.449057,-3.607778,3.956532,-0.062003,-0.042913,0.037568,31,66.7002847420509
64042,-8.451449,-3.585046,3.969095,-0.060781,-0.041997,0.039554,31.02,66.619001230529
64052,-8.462815,-3.565306,3.987041,-0.06185,-0.037874,0.03879,31.02,66.531048266225
64062,-8.443673,-3.604787,3.949354,-0.063225,-0.032987,0.037415,31.01,66.7241878210338
64072,-8.437692,-3.602993,3.962514,-0.061239,-0.032376,0.040012,31.01,66.6408234460295
64082,-8.435298,-3.60718,3.953541,-0.059407,-0.032223,0.041233,31,66.6868044936776
64092,-8.449057,-3.589234,3.976273,-0.05849,-0.032529,0.041692,31,66.5799815036437
64102,-8.465208,-3.575475,3.979862,-0.058796,-0.02978,0.042455,31.01,66.5827547502867
64112,-8.456833,-3.592823,3.975675,-0.058948,-0.026114,0.041844,31.01,66.6025937666287
64122,-8.460423,-3.584448,3.965506,-0.058338,-0.023366,0.041997,31,66.6561033990436
64132,-8.466404,-3.583252,3.973282,-0.057421,-0.022297,0.041386,31,66.6266875016376
64142,-8.461619,-3.583252,3.966104,-0.057727,-0.020464,0.039554,31.04,66.6544002458545
64152,-8.464012,-3.582654,3.972684,-0.057116,-0.017562,0.038332,31.03,66.624298795849
64162,-8.47119,-3.583252,3.968496,-0.057879,-0.01573,0.036652,31.03,66.6618165132266
64172,-8.466404,-3.575475,3.963711,-0.057116,-0.014966,0.035277,30.97,66.6701036713056
64182,-8.474779,-3.575475,3.964309,-0.056658,-0.013744,0.034056,30.97,66.684442023926
64192,-8.474779,-3.588636,3.961916,-0.056658,-0.012981,0.032223,30.99,66.7086049894362
64202,-8.466404,-3.579663,3.970291,-0.05681,-0.012523,0.030849,30.99,66.6392239768865
64212,-8.478369,-3.574279,3.9673,-0.056658,-0.011759,0.0281,31.03,66.6751701319818
64222,-8.476574,-3.578466,3.972684,-0.057727,-0.010232,0.027336,31.03,66.6468455192161
64232,-8.484351,-3.578466,3.961916,-0.057269,-0.010079,0.025809,31.01,66.7195843053388
64242,-8.490333,-3.578466,3.970291,-0.057116,-0.009774,0.022907,31.01,66.6880910428362
64252,-8.478967,-3.574877,3.966104,-0.058032,-0.009927,0.02138,30.98,66.6832235683184
64262,-8.463414,-3.580261,3.969095,-0.057574,-0.010232,0.0197,30.98,66.6397870059358
64272,-8.469396,-3.574877,3.967898,-0.058032,-0.01069,0.018784,31.01,66.6538226887724
64282,-8.483753,-3.585046,3.972086,-0.057727,-0.011148,0.015882,31.01,66.6707537614357
64292,-8.474181,-3.574877,3.964907,-0.057269,-0.012523,0.015424,30.99,66.6795266037518
64302,-8.480165,-3.581457,3.9673,-0.058338,-0.012675,0.012523,30.99,66.6852305162557
64312,-8.479566,-3.569493,3.957131,-0.058185,-0.013286,0.012065,31,66.7268816393856
64322,-8.484949,-3.582056,3.955934,-0.057116,-0.014508,0.01069,31,66.755391379022
64332,-8.475378,-3.582056,3.963113,-0.057269,-0.01573,0.009163,31,66.6977673615759
64342,-8.469396,-3.582056,3.956532,-0.057116,-0.016341,0.007636,30.98,66.7198861608886
64352,-8.479566,-3.574279,3.957131,-0.056047,-0.01741,0.007636,30.98,66.7310805996695
64362,-8.478369,-3.568895,3.956532,-0.055589,-0.018784,0.006567,30.99,66.7270114351572
64372,-8.472985,-3.586841,3.960122,-0.054978,-0.019548,0.005956,30.99,66.7127110148405
64382,-8.469995,-3.588037,3.955336,-0.054214,-0.020769,0.005345,30.99,66.7326927231026
64392,-8.472386,-3.583252,3.957131,-0.054367,-0.021991,0.005192,30.99,66.7240187603336
64402,-8.461619,-3.583252,3.958327,-0.052534,-0.022755,0.004429,31.03,66.6952893163729
64412,-8.468798,-3.588636,3.963711,-0.051771,-0.024435,0.004581,31.03,66.6867155868137
64422,-8.462217,-3.583252,3.955336,-0.050855,-0.025504,0.003665,31,66.7122686050133
64432,-8.457432,-3.586841,3.955336,-0.050702,-0.026725,0.002902,31,66.705462225473
64442,-8.467003,-3.582056,3.952943,-0.049786,-0.027642,0.002138,30.97,66.7337744372279
64452,-8.475378,-3.583252,3.968496,-0.049022,-0.027794,0.001985,30.97,66.6705534496427
64462,-8.463414,-3.592823,3.965506,-0.048411,-0.028405,0.002749,31,66.6697608051825
64472,-8.456833,-3.591627,3.960122,-0.0478,-0.029627,0.002138,31,66.6832740913203
64482,-8.457432,-3.589234,3.972086,-0.047342,-0.030543,0.002596,30.99,66.6195133391755
64492,-8.458628,-3.591627,3.967898,-0.046273,-0.031612,0.002291,30.99,66.6461421424373
64502,-8.462217,-3.58744,3.966702,-0.045509,-0.031307,0.003665,30.97,66.6562123755273
64512,-8.455637,-3.586243,3.969095,-0.044288,-0.031001,0.003054,31,66.6288249258484
64522,-8.452645,-3.594618,3.970889,-0.043982,-0.030696,0.004581,31,66.6205766264709
64532,-8.46461,-3.591029,3.97388,-0.043066,-0.029474,0.004887,30.98,66.6266846519931
64542,-8.447861,-3.607778,3.976871,-0.042913,-0.02978,0.004887,30.98,66.5908698399614
64552,-8.472985,-3.543771,4.015755,-0.042608,-0.027336,0.005651,30.97,66.3828691642671
64562,-8.453244,-3.581457,3.989433,-0.047342,-0.021838,0.001527,30.97,66.5127201990744
64572,-8.450851,-3.609573,3.970291,-0.048564,-0.019242,0.001069,30.97,66.633287165391
64582,-8.449057,-3.604189,3.976273,-0.046578,-0.017715,0.002902,30.97,66.593308668313
64592,-8.448458,-3.606582,3.974478,-0.045357,-0.016341,0.003971,30.99,66.6036214408173
64602,-8.446664,-3.600002,3.965506,-0.04383,-0.015882,0.005651,30.99,66.6411667348641
64612,-8.443074,-3.609573,3.971487,-0.041844,-0.014966,0.006414,30.99,66.6107552889835
64622,-8.442476,-3.605984,3.970291,-0.040623,-0.012828,0.00733,30.99,66.612585948544
64632,-8.458031,-3.571288,4.001398,-0.040012,-0.009774,0.007789,31,66.450961293166
64642,-8.449656,-3.599404,3.983452,-0.041692,-0.005192,0.006414,31,66.5525890762755
64652,-8.455637,-3.600002,3.969693,-0.04215,-0.002596,0.005956,30.99,66.6379002048479
64662,-8.453843,-3.616751,3.974478,-0.041233,0.000764,0.00901,30.99,66.6239444163832
64672,-8.442476,-3.614359,3.979264,-0.037874,0.001833,0.00901,30.98,66.5729218353334
64682,-8.458031,-3.584448,3.987639,-0.037263,0.003512,0.009927,31,66.5348451632666
64692,-8.456235,-3.588037,3.976871,-0.03879,0.007025,0.007941,31,66.5908082365366
64702,-8.448458,-3.607778,3.963711,-0.038026,0.009927,0.008094,30.98,66.6612782730311
64712,-8.445468,-3.608975,3.964907,-0.037263,0.01069,0.009316,30.98,66.6498165305153
64722,-8.456833,-3.6006,3.962514,-0.035583,0.010843,0.009163,30.99,66.6786556130388
64732,-8.465807,-3.598207,3.971487,-0.035277,0.011759,0.008858,30.99,66.6481102509354
64742,-8.462217,-3.589832,3.974478,-0.035888,0.013744,0.008552,31,66.617482959109
64752,-8.451449,-3.597011,3.961916,-0.035888,0.014508,0.007941,31,66.667380287393
64762,-8.46102,-3.607778,3.949952,-0.034056,0.014508,0.008399,31,66.7597855505661
64772,-8.462815,-3.603591,3.954139,-0.033445,0.015119,0.008858,31,66.7377914279732
64782,-8.472386,-3.594618,3.952345,-0.033445,0.01573,0.009468,31.01,66.7591893580895
64792,-8.467602,-3.609573,3.953541,-0.03375,0.016035,0.009163,31.01,66.75617722874
64802,-8.467003,-3.60718,3.945765,-0.032987,0.015272,0.009774,31.01,66.7936961176727
64812,-8.474181,-3.589234,3.951149,-0.031765,0.013592,0.009774,31.01,66.7644633833561
64822,-8.483154,-3.594618,3.941577,-0.031307,0.012675,0.01069,31,66.8381265800771
64832,-8.477771,-3.591627,3.943372,-0.030849,0.010996,0.011606,31,66.8149087506777
64842,-8.478967,-3.591029,3.951149,-0.02978,0.006872,0.011301,30.98,66.7759843214894
64852,-8.478967,-3.601198,3.936791,-0.02978,0.005498,0.01069,31.03,66.8604027006342
64862,-8.483154,-3.580859,3.942773,-0.029322,0.003054,0.010537,31.03,66.8197786830275
64872,-8.474181,-3.588636,3.939184,-0.028405,0.002596,0.009621,31,66.8268656406611
64882,-8.482555,-3.596412,3.933203,-0.026725,0.000458,0.010232,31,66.8824943356817
64892,-8.482555,-3.603591,3.933203,-0.025045,-0.002902,0.011301,30.99,66.8887905972632
64902,-8.483154,-3.6006,3.946961,-0.025045,-0.006567,0.011301,30.99,66.8150867044017
64912,-8.481958,-3.576073,3.945167,-0.024435,-0.008705,0.011301,30.98,66.800517187089
64922,-8.475378,-3.597011,3.937988,-0.02474,-0.009316,0.010232,30.98,66.8429978948236
64932,-8.471789,-3.597609,3.932006,-0.023671,-0.011912,0.009621,31.03,66.8675722294982
64942,-8.478369,-3.592823,3.940381,-0.02306,-0.014355,0.010079,31.03,66.8329278583069
64952,-8.477771,-3.586841,3.944568,-0.02138,-0.016493,0.010537,31.03,66.8044161750882
64962,-8.475378,-3.591029,3.932604,-0.021075,-0.018326,0.00901,31.03,66.8660762620709
64972,-8.481958,-3.58385,3.939782,-0.020311,-0.019853,0.008399,31,66.8356473857963
64982,-8.469396,-3.585645,3.943372,-0.020006,-0.020617,0.00733,31,66.7922658876317
64992,-8.474181,-3.585046,3.948756,-0.018784,-0.021991,0.007178,31.03,66.7733605680825
65002,-8.472985,-3.591627,3.95055,-0.01741,-0.02474,0.00733,31.03,66.7672340394105
65012,-8.488539,-3.581457,3.955336,-0.016646,-0.026878,0.006567,31.05,66.7654653758344
65022,-8.46461,-3.581457,3.955934,-0.01573,-0.027642,0.005192,31.04,66.7125282044617
65042,-8.473583,-3.59043,3.962514,-0.01573,-0.029169,0.004887,31.04,66.7045561788026
65052,-8.476574,-3.589234,3.961318,-0.013592,-0.030238,0.005345,31.04,66.7160092484347
65062,-8.462815,-3.572484,3.970889,-0.013897,-0.030696,0.00504,31.03,66.6222329641809
65072,-8.460423,-3.583252,3.966104,-0.014355,-0.029932,0.003818,31.03,66.6519015814744
65082,-8.464012,-3.585046,3.972684,-0.014508,-0.029169,0.001527,31,66.6264160810708
65092,-8.452645,-3.588037,3.975077,-0.013744,-0.028405,0.001833,31,66.5927172763533
65102,-8.46461,-3.577868,3.975675,-0.013897,-0.027947,0.002138,31.01,66.6056057752294
65112,-8.456833,-3.589234,3.969693,-0.014508,-0.026725,0.000916,31.01,66.6308357041094
65122,-8.455039,-3.583252,3.970291,-0.014508,-0.025045,-0.000611,31.02,66.6186343414107
65132,-8.462815,-3.57727,3.979862,-0.013897,-0.023213,-0.000458,31.02,66.5793306432857
65142,-8.460423,-3.585046,3.979862,-0.01405,-0.02138,-0.002443,31.04,66.5812135333619
65152,-8.451449,-3.584448,3.980461,-0.01405,-0.019242,-0.002749,31.04,66.5587312851841
65162,-8.454441,-3.578466,3.986442,-0.014813,-0.016952,-0.003512,31.02,66.528277587034
65172,-8.449656,-3.577868,3.979862,-0.01405,-0.014355,-0.004429,31.02,66.5522665529847
65182,-8.46102,-3.576073,3.99063,-0.014508,-0.008552,-0.007025,31,66.5179835583449
65192,-8.442476,-3.585046,3.984648,-0.014508,-0.00504,-0.008094,30.99,66.5184282672716
65202,-8.447262,-3.586243,3.987639,-0.013897,-0.002443,-0.008552,30.99,66.5138382843643
65212,-8.448458,-3.570091,3.98405,-0.013439,0.000916,-0.009621,31.01,66.5208287007974
65222,-8.443074,-3.57727,3.978666,-0.013744,0.003207,-0.00901,31.01,66.5442002667592
65232,-8.462815,-3.586243,3.987639,-0.013439,0.005498,-0.009316,30.96,66.5464703165825
65242,-8.452048,-3.588636,3.988835,-0.013592,0.00672,-0.009927,30.96,66.5197413840281
65252,-8.449656,-3.585046,3.986442,-0.013897,0.007636,-0.010385,30.98,66.5240853776987
65262,-8.452645,-3.588636,3.994817,-0.013592,0.009468,-0.009468,30.98,66.4896023082791
65272,-8.459825,-3.583252,3.991827,-0.012828,0.010843,-0.009163,31,66.5155712874418
65282,-8.450253,-3.583252,3.976273,-0.012828,0.010996,-0.01069,31,66.5771671307662
65292,-8.462815,-3.582654,3.985246,-0.013439,0.011454,-0.010537,31,66.5558406838719
65302,-8.469396,-3.582654,3.993621,-0.013286,0.011454,-0.009927,31,66.5257097806333
65312,-8.464012,-3.59402,3.979264,-0.013439,0.011912,-0.010996,31.01,66.5998254523392
65322,-8.458628,-3.59043,3.975675,-0.013592,0.011606,-0.010385,31.01,66.604222760641
65332,-8.463414,-3.589234,3.971487,-0.013439,0.012675,-0.010232,30.98,66.6351623907826
65342,-8.467003,-3.585645,3.982255,-0.013286,0.012523,-0.01069,30.98,66.582957800366
65352,-8.467003,-3.598805,3.975675,-0.012981,0.010996,-0.012065,30.96,66.6291536920686
65362,-8.477771,-3.596412,3.975675,-0.013592,0.010079,-0.012523,31.01,66.6494925834433
65372,-8.469995,-3.603591,3.970889,-0.01405,0.009468,-0.013744,31.01,66.6647524724281
65382,-8.472386,-3.59402,3.972086,-0.012675,0.008705,-0.012828,30.98,66.6549794595744
65392,-8.474181,-3.60718,3.975077,-0.012065,0.007483,-0.012523,30.98,66.6546823930207
65402,-8.471789,-3.592225,3.978068,-0.012828,0.005803,-0.012065,30.98,66.620757365078
65412,-8.465208,-3.6006,3.967898,-0.012523,0.003971,-0.011759,30.98,66.6678276296774
65422,-8.47119,-3.597011,3.966702,-0.012675,0.002596,-0.011912,31,66.6833939413814
65432,-8.459825,-3.59043,3.969693,-0.01237,0.000458,-0.010996,31,66.6381490273243
65442,-8.455637,-3.604787,3.968496,-0.013134,-0.001374,-0.011301,30.99,66.6484446121928
65452,-8.456235,-3.600002,3.973282,-0.012828,-0.002596,-0.009468,30.99,66.6202951107168
65462,-8.458031,-3.596412,3.969693,-0.012523,-0.00336,-0.007178,30.97,66.639709719204
65472,-8.458628,-3.601796,3.978068,-0.012217,-0.005498,-0.005651,30.97,66.6017606766623
65482,-8.456833,-3.58744,3.969095,-0.011912,-0.007025,-0.004887,31.03,66.6323872776763
65492,-8.453843,-3.58385,3.966702,-0.012065,-0.008094,-0.003971,31.03,66.6355321361643
65502,-8.448458,-3.598207,3.976871,-0.012065,-0.00901,-0.002596,31.02,66.5835781052932
65512,-8.458628,-3.602993,3.972086,-0.011301,-0.008705,-0.001985,31.02,66.6342338253893
65522,-8.443673,-3.591627,3.983452,-0.011454,-0.007941,-0.002138,30.95,66.5331003660638
65532,-8.445468,-3.601796,3.976273,-0.01069,-0.005803,-0.000916,31,66.5836630530801
65542,-8.453843,-3.59043,3.974478,-0.011148,-0.004123,-0.000458,31,66.6004995518267
65552,-8.46102,-3.597011,3.975077,-0.010537,-0.002749,0.000305,31,66.6182072212573
65562,-8.455039,-3.594618,3.975675,-0.011454,-0.001374,0,31,66.6004368956926
65572,-8.447262,-3.600002,3.978666,-0.011606,0.000458,0.000305,31.02,66.5732446738046
65582,-8.449057,-3.589234,3.982255,-0.011148,0.002291,0.001833,31.02,66.5485508638464
65592,-8.459825,-3.599404,3.976273,-0.011148,0.004123,0.002138,31.03,66.611557600117
65602,-8.452645,-3.588636,3.976273,-0.010843,0.005345,0.002443,31.03,66.5869653379034
65612,-8.460423,-3.585645,3.972086,-0.010843,0.00733,0.002443,31.01,66.6225848205063
65622,-8.456235,-3.588037,3.966702,-0.009927,0.008552,0.003665,31.01,66.6442455019132
65632,-8.443673,-3.588037,3.974478,-0.009774,0.010385,0.003665,31.02,66.5770675401505
65642,-8.456833,-3.592823,3.972086,-0.009621,0.011301,0.003665,31.02,66.6214471345754
65652,-8.462217,-3.592225,3.968496,-0.009621,0.012217,0.003207,31.03,66.6510242470036
65662,-8.456235,-3.591627,3.969095,-0.00901,0.013897,0.004429,31.03,66.6348521245068
65672,-8.471789,-3.589832,3.9673,-0.009163,0.014203,0.003971,30.96,66.6751567677299
65682,-8.463414,-3.595814,3.9673,-0.009468,0.016035,0.004276,30.96,66.6629854415201
65692,-8.468199,-3.58744,3.969693,-0.009468,0.016035,0.004581,31.02,66.6529880190389
65702,-8.465208,-3.577868,3.962514,-0.008858,0.016188,0.002596,31.02,66.6760097761854
65712,-8.460423,-3.589832,3.969693,-0.008552,0.016493,0.001985,31.05,66.6388681730285
65722,-8.475977,-3.595814,3.963711,-0.008247,0.015119,0.001374,31.01,66.7080048847996
65732,-8.475378,-3.58744,3.959523,-0.00901,0.01405,0.000916,31.01,66.7213676195829
65742,-8.470592,-3.59402,3.955336,-0.008552,0.013897,0.000153,31.05,66.739212098699
65752,-8.457432,-3.586841,3.952345,-0.00901,0.011759,-0.001527,31.05,66.7212012913182
65762,-8.465208,-3.581457,3.960122,-0.00901,0.010232,-0.001833,31.04,66.6917526392066
65772,-8.480165,-3.58744,3.954139,-0.008858,0.009163,-0.001374,31.04,66.759607048588
65782,-8.467003,-3.58744,3.955934,-0.00901,0.007483,-0.002138,31.02,66.7227930338838
65792,-8.477173,-3.582056,3.954738,-0.009468,0.005345,-0.003054,31.02,66.7455064267397
65802,-8.470592,-3.585645,3.952345,-0.009468,0.003207,-0.004276,31.02,66.7475523324586
65812,-8.48136,-3.574877,3.948158,-0.009316,0.001069,-0.003665,31.02,66.7825005202814
65822,-8.470592,-3.581457,3.954139,-0.009927,-0.000916,-0.00504,31.03,66.7344314200797
65832,-8.484949,-3.585645,3.954139,-0.009163,-0.003207,-0.005192,31.03,66.7679682973096
65842,-8.473583,-3.583252,3.967898,-0.010537,-0.004887,-0.006414,31.02,66.669949455435
65852,-8.475977,-3.585645,3.954139,-0.010537,-0.006567,-0.006261,31.02,66.7493229307589
65862,-8.465208,-3.573082,3.952345,-0.010843,-0.008552,-0.007025,30.98,66.7252764258849
65872,-8.469396,-3.579065,3.966104,-0.011148,-0.010079,-0.008399,30.98,66.6669419105908
65882,-8.462217,-3.578466,3.9673,-0.010843,-0.011301,-0.008552,30.98,66.6451313437337
65892,-8.462815,-3.57727,3.961916,-0.011148,-0.011759,-0.007789,30.99,66.6736290320714
65902,-8.470592,-3.588037,3.965506,-0.011759,-0.012065,-0.007483,30.99,66.6804973574654
65912,-8.461619,-3.582654,3.966104,-0.011606,-0.012828,-0.008858,31,66.6538712635261
65922,-8.471789,-3.576073,3.964309,-0.010843,-0.012828,-0.008705,31,66.6787300878074
65932,-8.469396,-3.582056,3.958327,-0.011148,-0.012523,-0.009163,30.98,66.7104497553297
65942,-8.465208,-3.59043,3.9673,-0.011606,-0.012523,-0.009621,30.98,66.661960014047
65952,-8.459825,-3.592823,3.97388,-0.011148,-0.012523,-0.00901,30.99,66.6182773502945
65962,-8.459227,-3.589234,3.972086,-0.010996,-0.012523,-0.008858,30.99,66.6232662642768
65972,-8.462217,-3.582056,3.964309,-0.011148,-0.012217,-0.009774,30.98,66.6640269304222
65982,-8.468199,-3.581457,3.972684,-0.011301,-0.012065,-0.010232,30.98,66.6319920143117
65992,-8.46102,-3.589234,3.965506,-0.010537,-0.012675,-0.009621,31.02,66.6615869871775
66002,-8.451449,-3.589234,3.973282,-0.010079,-0.012675,-0.009621,31.02,66.6007106670473
66012,-8.46461,-3.585046,3.966104,-0.009316,-0.012981,-0.009774,31.04,66.6622330045153
66022,-8.463414,-3.589832,3.970889,-0.008552,-0.013592,-0.00901,31.04,66.6388330618266
66032,-8.452048,-3.59043,3.974478,-0.009163,-0.01405,-0.009468,30.98,66.5967425436985
66042,-8.455039,-3.58385,3.972684,-0.009316,-0.014508,-0.009621,30.98,66.6065868129674
66052,-8.460423,-3.582654,3.980461,-0.008858,-0.014813,-0.009316,31.01,66.5759463885476
66062,-8.459825,-3.588636,3.978666,-0.007941,-0.015424,-0.009163,31.02,66.5894276049369
66072,-8.462815,-3.599404,3.976273,-0.007789,-0.016188,-0.009316,31.02,66.6178034263001
66082,-8.449057,-3.58744,3.991827,-0.00733,-0.016493,-0.009927,31.01,66.4966879496389
66092,-8.452048,-3.59043,3.99063,-0.00733,-0.016341,-0.009927,31.01,66.5119192032124
66102,-8.450253,-3.597011,3.990032,-0.008399,-0.016188,-0.008552,31.01,66.517163389964
66112,-8.452645,-3.594618,3.99063,-0.008094,-0.017104,-0.008247,31.01,66.5169075045726
66122,-8.450851,-3.594618,3.991827,-0.008094,-0.017715,-0.008399,31.02,66.5068617489479
66132,-8.435897,-3.588636,3.992425,-0.00901,-0.01741,-0.007178,31.02,66.4669376438456
66142,-8.452048,-3.580261,3.990032,-0.009468,-0.016493,-0.005803,31.02,66.505998392997
66152,-8.447262,-3.59402,3.991827,-0.009621,-0.01573,-0.004887,31.02,66.4987922499004
66162,-8.446664,-3.593421,3.991228,-0.009621,-0.013286,-0.004429,31.03,66.5001452866349
66172,-8.449057,-3.595216,4.000201,-0.010385,-0.010537,-0.004276,31.03,66.4596975009255
66182,-8.434101,-3.586841,3.996014,-0.010843,-0.007789,-0.003971,30.99,66.4426923536592
66192,-8.425129,-3.59043,3.991228,-0.01069,-0.003971,-0.003207,30.99,66.4521538339925
66203,-8.449057,-3.595216,3.988237,-0.011606,-0.001374,-0.003207,30.99,66.5224730765593
66212,-8.44427,-3.57727,4.004389,-0.011912,0.002902,-0.001985,30.99,66.4115995317314
66222,-8.440681,-3.593421,3.997808,-0.012828,0.010232,-0.001527,31.01,66.4530270798776
66232,-8.429914,-3.608975,3.99063,-0.013592,0.014203,-0.000916,31,66.4820402476504
66242,-8.453843,-3.592225,3.995416,-0.013286,0.017257,0.000153,31,66.4921780345126
66252,-8.440681,-3.589832,3.996014,-0.01405,0.021533,0.000764,31.02,66.4592303913141
66262,-8.440084,-3.597609,3.987639,-0.01405,0.023824,0.001069,31.02,66.508917339782
66272,-8.444869,-3.588037,3.993023,-0.013592,0.027184,0.00168,31.01,66.4821390293538
66282,-8.44128,-3.58744,3.988835,-0.013897,0.030238,0.001069,31.01,66.4960530522408
66292,-8.448458,-3.591627,3.989433,-0.014508,0.032223,0.001833,30.99,66.5117335056616
66302,-8.446664,-3.597609,3.972684,-0.014813,0.034056,0.001833,30.99,66.6012939541208
66312,-8.440681,-3.597011,3.97747,-0.013897,0.034361,0.001374,31.05,66.563070391912
66322,-8.474181,-3.597609,3.9673,-0.013897,0.036346,0.000458,31.05,66.6870121889804
66332,-8.462217,-3.599404,3.975675,-0.014661,0.036041,0.000153,31.03,66.6196935555275
66342,-8.455637,-3.602993,3.9673,-0.014355,0.035277,0.000916,31.03,66.6531333159404
66352,-8.460423,-3.597011,3.966702,-0.014508,0.034056,0.000305,30.96,66.6609488606759
66362,-8.470592,-3.59402,3.96072,-0.013439,0.032223,0,30.96,66.7109216766131
66372,-8.467602,-3.589832,3.95055,-0.012675,0.030849,0.000153,31.01,66.754461644498
66382,-8.462815,-3.588037,3.957131,-0.013134,0.0281,-0.002138,31.01,66.7083007612828
66392,-8.477771,-3.586841,3.948158,-0.012523,0.023213,-0.001833,30.98,66.7855404262066
66402,-8.480165,-3.586841,3.948756,-0.012065,0.020464,-0.002291,31.02,66.7873676634288
66412,-8.475378,-3.59402,3.945765,-0.012217,0.017562,-0.003054,31.02,66.7994662781287
66422,-8.468199,-3.589234,3.952943,-0.012523,0.013286,-0.002138,30.99,66.7425919383123
66432,-8.477173,-3.591029,3.945167,-0.011606,0.010079,-0.001833,30.99,66.803704538977
66442,-8.469396,-3.591627,3.954738,-0.011606,0.006567,-0.00336,31.02,66.7377560839176
66452,-8.474181,-3.592225,3.938586,-0.010385,0.003054,-0.002902,31.02,66.8331651312795
66462,-8.464012,-3.586841,3.942175,-0.009927,0.000153,-0.003207,31,66.7884298714866
66472,-8.466404,-3.588636,3.942175,-0.010232,-0.002443,-0.004123,31,66.7949817125588
66482,-8.478369,-3.589832,3.945167,-0.009163,-0.004887,-0.00336,31.01,66.8051340813176
66492,-8.478369,-3.57727,3.951746,-0.008705,-0.007483,-0.003665,31.01,66.7595169718842
66502,-8.481958,-3.591029,3.942175,-0.008858,-0.00901,-0.004276,30.99,66.8293567075989
66512,-8.469396,-3.592823,3.949952,-0.008705,-0.010385,-0.005498,30.99,66.7639738030804
66522,-8.474181,-3.589832,3.951746,-0.008552,-0.012217,-0.005345,31.07,66.7618515901502
66532,-8.46461,-3.583252,3.945167,-0.008552,-0.013286,-0.00504,31.07,66.770761920281
66542,-8.472386,-3.595814,3.951149,-0.008399,-0.01405,-0.004734,30.99,66.7665303040433
66552,-8.478369,-3.586243,3.960122,-0.008705,-0.016188,-0.005803,30.99,66.7233917443981
66562,-8.474181,-3.585046,3.962514,-0.008399,-0.01741,-0.007025,31.04,66.7010539568776
66572,-8.472386,-3.59043,3.958327,-0.00901,-0.020769,-0.007025,30.99,66.7240597055517
66582,-8.468199,-3.593421,3.963711,-0.008705,-0.020769,-0.00733,30.99,66.6896959915116
66592,-8.469995,-3.58744,3.959523,-0.008858,-0.021686,-0.008094,31,66.7101594724789
66602,-8.459825,-3.586841,3.969693,-0.009316,-0.022449,-0.008247,31,66.6349677669023
66612,-8.472985,-3.588037,3.9673,-0.008858,-0.02306,-0.007178,31.02,66.6760649221132
66622,-8.468798,-3.591627,3.974478,-0.008858,-0.023671,-0.007789,31.02,66.6328212403118
66632,-8.450851,-3.588636,3.973282,-0.009621,-0.023976,-0.007483,31.02,66.5989270775799
66642,-8.456833,-3.596412,3.969693,-0.00901,-0.024129,-0.007941,31.02,66.6372077296681
66652,-8.453244,-3.6006,3.97747,-0.008705,-0.023824,-0.007178,31.01,66.5925792133074
66662,-8.463414,-3.583252,3.971487,-0.009163,-0.022907,-0.007636,31.01,66.6298655586976
66672,-8.450851,-3.578466,3.973282,-0.009468,-0.021991,-0.007636,30.98,66.5898926506012
66682,-8.458628,-3.583252,3.980461,-0.009163,-0.021991,-0.009468,30.98,66.5727166259754
66692,-8.447861,-3.594618,3.98405,-0.008705,-0.020617,-0.008705,31.02,66.5414152038452
66702,-8.450253,-3.585046,3.983452,-0.008552,-0.01909,-0.007941,31.02,66.5410424197601
66712,-8.452645,-3.592225,3.98405,-0.008552,-0.016646,-0.007483,30.98,66.5493118930473
66722,-8.449656,-3.58385,3.992425,-0.008552,-0.014661,-0.007636,30.98,66.4916059273141
66732,-8.443673,-3.588636,3.992425,-0.00901,-0.012523,-0.007789,30.99,66.4832990422578
66742,-8.44427,-3.583252,3.997808,-0.009163,-0.008552,-0.007178,30.99,66.4514835867209
66752,-8.446067,-3.594618,3.978666,-0.009774,-0.006261,-0.00733,30.98,66.565937794278
66762,-8.449057,-3.593421,3.992425,-0.009621,-0.003665,-0.006567,31.03,66.4988882454027
66772,-8.459227,-3.588636,3.98405,-0.010079,-0.000764,-0.006261,31.03,66.5599113423147
66782,-8.456235,-3.601198,3.996014,-0.010537,0.002291,-0.006109,31.02,66.5020718238526
66792,-8.449057,-3.592823,3.989433,-0.010385,0.003818,-0.005651,31.02,66.5140585219512
66802,-8.443673,-3.596412,3.987639,-0.011606,0.005956,-0.005803,31.02,66.5153822272444
66812,-8.44128,-3.588636,4.002594,-0.012065,0.007789,-0.005345,31.02,66.4248843075173
66822,-8.450253,-3.591029,3.990032,-0.012523,0.010079,-0.004581,31.01,66.5118239952982
66832,-8.452048,-3.611966,3.986442,-0.012675,0.011301,-0.00504,31.01,66.5531263044031
66842,-8.457432,-3.597011,3.985246,-0.012675,0.012981,-0.004734,31,66.557325929291
66852,-8.459825,-3.60718,3.981657,-0.012828,0.014966,-0.004887,31,66.590220949064
66862,-8.44427,-3.592225,3.97388,-0.013439,0.014661,-0.005345,31.04,66.5851949354088
66872,-8.448458,-3.59402,3.97747,-0.013439,0.015424,-0.004734,31.04,66.5766987518403
66882,-8.459227,-3.586841,3.985246,-0.013439,0.016188,-0.004734,31.01,66.5520389115799
66892,-8.437093,-3.598805,3.97388,-0.013134,0.016188,-0.004276,31.01,66.5760291377062
66902,-8.444869,-3.586841,3.978666,-0.012828,0.016188,-0.002902,31.04,66.5564925428402
66912,-8.447262,-3.601796,3.967898,-0.013439,0.016493,-0.002749,31.04,66.6314362881107
66922,-8.461619,-3.599404,3.980461,-0.011759,0.015424,-0.001833,30.99,66.5933247150294
66932,-8.449656,-3.598805,3.972684,-0.011606,0.014661,-0.002596,31.01,66.6086190166946
66942,-8.44427,-3.6006,3.964309,-0.011606,0.015272,-0.001527,31.01,66.6429929406521
66952,-8.468798,-3.593421,3.974478,-0.011148,0.014508,-0.001985,30.96,66.6344099213771
66962,-8.460423,-3.596412,3.973282,-0.010996,0.014203,-0.001069,30.96,66.6258536663214
66972,-8.456235,-3.585645,3.960122,-0.010537,0.012675,-0.001069,30.98,66.6767276608617
66982,-8.461619,-3.592823,3.976273,-0.010996,0.012523,-0.001222,30.98,66.6094611103429
66992,-8.459227,-3.595216,3.956532,-0.01069,0.01237,-0.00168,31.05,66.7103243399216
67002,-8.47119,-3.592225,3.9673,-0.009774,0.010843,-0.001527,31.05,66.6760226203734
67012,-8.459227,-3.59043,3.970291,-0.009621,0.009774,-0.00168,31,66.6337576377153
67022,-8.468199,-3.6006,3.96072,-0.009927,0.009163,-0.002138,31,66.7117579351489
67032,-8.472386,-3.597609,3.961318,-0.009927,0.007178,-0.001985,31.01,66.7146842740481
67042,-8.473583,-3.586243,3.970889,-0.009621,0.005345,-0.002749,31.01,66.6568858043726
67052,-8.472985,-3.600002,3.957131,-0.008858,0.004734,-0.00168,31.04,66.7400357289352
67062,-8.46461,-3.592225,3.952943,-0.008552,0.002902,-0.001374,31.04,66.7377631528668
67072,-8.47119,-3.586841,3.957729,-0.008858,0.001069,-0.001985,31.03,66.7215479257909
67082,-8.455039,-3.589234,3.96072,-0.008094,0,-0.001069,31.03,66.6742642786253
67092,-8.47119,-3.578466,3.958925,-0.008094,-0.002443,-0.00168,31.05,66.7078827974459
67102,-8.472985,-3.585046,3.966702,-0.007789,-0.004581,-0.001069,31,66.6765653858779
67112,-8.462815,-3.586841,3.959523,-0.007483,-0.006109,-0.001069,31,66.6946660827182
67122,-8.468798,-3.585046,3.96072,-0.007941,-0.007178,-0.001985,31.07,66.6992625041107
67132,-8.466404,-3.591029,3.96072,-0.00901,-0.007789,-0.002138,31.07,66.6995568096789
67142,-8.465208,-3.585645,3.964907,-0.007941,-0.008552,-0.00168,31.02,66.6703007412199
67152,-8.46102,-3.582654,3.961916,-0.008247,-0.008858,-0.001985,31.02,66.6746371906583
67162,-8.464012,-3.597011,3.966104,-0.008399,-0.009316,-0.002443,31.02,66.6715758815079
67172,-8.452048,-3.58744,3.963113,-0.008858,-0.01069,-0.003054,31.02,66.6538388919886
67182,-8.461619,-3.591029,3.964907,-0.009163,-0.010079,-0.003512,31.04,66.6675748140993
67192,-8.455637,-3.58385,3.97388,-0.00901,-0.010232,-0.003971,31.04,66.6015533922619
67202,-8.461619,-3.579663,3.975077,-0.008399,-0.009927,-0.001985,31.02,66.6040753419596
67212,-8.463414,-3.586841,3.969693,-0.009927,-0.010537,-0.003512,31.02,66.6424667544029
67222,-8.461619,-3.585645,3.966702,-0.009316,-0.010996,-0.002902,31,66.6533747434854
67232,-8.470592,-3.580261,3.978068,-0.010232,-0.010079,-0.003207,31,66.6076726057032
67242,-8.457432,-3.601796,3.980461,-0.009621,-0.009774,-0.004429,30.99,66.5866995268456
67252,-8.460423,-3.583252,3.970889,-0.009774,-0.00901,-0.00336,30.99,66.6267539671861
67262,-8.450851,-3.588636,3.980461,-0.010996,-0.007789,-0.004887,31.01,66.5612039676351
67272,-8.448458,-3.580859,3.975675,-0.010079,-0.00672,-0.004887,30.99,66.5744198315955
67282,-8.450253,-3.593421,3.98405,-0.009621,-0.006414,-0.004429,30.99,66.5453632149436
67292,-8.449656,-3.585046,3.981657,-0.010996,-0.006109,-0.004734,30.99,66.549219199063
67302,-8.455637,-3.581457,3.97388,-0.010232,-0.003971,-0.005192,30.99,66.5994304246182
67312,-8.450851,-3.585046,3.979264,-0.009927,-0.003512,-0.005345,31.04,66.5642981261407
67322,-8.452645,-3.586841,3.987639,-0.010385,-0.001985,-0.005192,31.04,66.5256736521631
67332,-8.459825,-3.585645,3.979264,-0.01069,-0.000458,-0.006109,31,66.58363286046
67342,-8.462815,-3.59043,3.97747,-0.010843,0.000305,-0.006414,31,66.6035537744108
67352,-8.462815,-3.57727,3.976871,-0.010537,0.001222,-0.006261,31,66.5950377237098
67362,-8.458628,-3.589832,3.981657,-0.010843,0.002902,-0.00672,31,66.5722808777422
67372,-8.453244,-3.588037,3.98405,-0.011148,0.003207,-0.00672,30.98,66.5468385293833
67382,-8.464012,-3.583252,3.988835,-0.010537,0.004123,-0.00672,30.98,66.5400496895082
67392,-8.458031,-3.586243,3.98405,-0.011148,0.00504,-0.006567,30.99,66.5552785857546
67402,-8.474181,-3.598805,3.985844,-0.011301,0.005651,-0.007941,30.99,66.5908095090082
67412,-8.456833,-3.592225,3.988237,-0.011454,0.005651,-0.008094,31,66.5361141087535
67422,-8.464012,-3.59043,3.982853,-0.012217,0.005192,-0.008094,31,66.5778050809449
67432,-8.464012,-3.595814,3.985246,-0.011759,0.006567,-0.00733,31.02,66.5700331288959
67442,-8.457432,-3.597011,3.981059,-0.010843,0.006261,-0.007483,31.04,66.5793008896803
67452,-8.455039,-3.588636,3.98405,-0.011454,0.006109,-0.007789,31.04,66.5511349949128
67462,-8.468199,-3.602993,3.975675,-0.01237,0.006261,-0.007789,31.01,66.635364728539
67472,-8.450851,-3.584448,3.97388,-0.011606,0.006261,-0.006872,31.01,66.5920613876972
67482,-8.464012,-3.592225,3.973282,-0.011301,0.006109,-0.00672,30.99,66.6296355234996
67492,-8.46102,-3.586841,3.9673,-0.011148,0.005498,-0.005803,30.99,66.6500396997484
67502,-8.465208,-3.589234,3.978068,-0.010996,0.004734,-0.005803,31.04,66.6043575224334
67512,-8.457432,-3.598805,3.972684,-0.010537,0.004581,-0.006261,31.04,66.6248724284517
67522,-8.472985,-3.597011,3.975077,-0.010232,0.003054,-0.006567,31.02,66.6431812820209
67532,-8.463414,-3.585645,3.974478,-0.010537,0.00336,-0.005956,31.02,66.6162745194198
67542,-8.468199,-3.591029,3.974478,-0.01069,0.002749,-0.006872,31,66.6310410735401
67552,-8.468199,-3.58744,3.969095,-0.010843,0.001833,-0.006414,31,66.656128529742
67562,-8.466404,-3.58385,3.972684,-0.010996,0.000916,-0.005651,30.98,66.6303568441338
67572,-8.463414,-3.582056,3.973282,-0.010537,0.000305,-0.006261,30.98,66.6193780487266
67582,-8.472386,-3.592225,3.973282,-0.009927,-0.000764,-0.005803,31.02,66.6471152153955
67592,-8.453244,-3.592225,3.975675,-0.010232,-0.001222,-0.005345,31.02,66.5945528289521
67602,-8.458031,-3.585645,3.970889,-0.010079,-0.002443,-0.005803,30.98,66.6238722860157
67612,-8.470592,-3.58385,3.978666,-0.009774,-0.004123,-0.005345,30.98,66.6077077113805
67622,-8.468798,-3.591029,3.975077,-0.010232,-0.003971,-0.004734,30.98,66.6291478192461
67632,-8.443074,-3.585645,3.980461,-0.009774,-0.00504,-0.00504,30.98,66.5422241267701
67642,-8.46102,-3.580859,3.965506,-0.009621,-0.006414,-0.004581,30.98,66.6541755944582
67652,-8.459227,-3.582056,3.985844,-0.009927,-0.00672,-0.004734,30.98,66.5446494987143
67662,-8.456235,-3.59402,3.980461,-0.009774,-0.007636,-0.005345,30.98,66.5772737284316
67672,-8.460423,-3.579065,3.980461,-0.00901,-0.00733,-0.004123,30.98,66.5727638200897
67682,-8.437692,-3.59402,3.969095,-0.009468,-0.008247,-0.004123,30.98,66.5981822384458
67692,-8.455637,-3.594618,3.970889,-0.008552,-0.008094,-0.004276,31.03,66.6268310083033
67702,-8.467602,-3.59043,3.986442,-0.007789,-0.007789,-0.003512,31.03,66.566490672853
67712,-8.450851,-3.598805,3.972684,-0.008705,-0.008705,-0.003207,30.99,66.6111180461283
67722,-8.456833,-3.595814,3.985246,-0.008247,-0.009163,-0.003512,30.99,66.5550055401542
67732,-8.469396,-3.594618,3.992425,-0.009163,-0.007941,-0.003971,30.99,66.5425983495169
67742,-8.445468,-3.582654,3.964309,-0.009468,-0.007789,-0.003665,30.99,66.6295343866931
67752,-8.456833,-3.574279,3.998407,-0.009316,-0.007178,-0.003512,30.99,66.4667872294556
67762,-8.455637,-3.589832,3.974478,-0.008705,-0.005803,-0.003512,30.99,66.6037222227265
67772,-8.456235,-3.574877,3.988835,-0.008094,-0.004734,-0.003818,30.98,66.516292797527
67782,-8.458628,-3.592823,3.981059,-0.00901,-0.002291,-0.002902,31.05,66.5780786789241
67792,-8.459227,-3.58744,3.975675,-0.008705,-0.001527,-0.002596,31.05,66.6028220157473
67802,-8.461619,-3.581457,3.979862,-0.008858,-0.000305,-0.002902,31,66.5805351445684
67812,-8.46102,-3.593421,3.988835,-0.010079,0.001069,-0.002749,31,66.5428158503121
67822,-8.451449,-3.58385,3.978068,-0.009927,0.002291,-0.002749,31.01,66.5707726483028
67832,-8.460423,-3.59402,3.98405,-0.009774,0.00336,-0.002443,31.01,66.5672021480377
67842,-8.456833,-3.586841,3.987639,-0.00901,0.005803,-0.001527,31,66.5344603660885
67852,-8.450851,-3.58385,3.986442,-0.009468,0.00672,-0.002291,31,66.525529247377
67862,-8.455637,-3.585645,3.979264,-0.01069,0.007941,-0.001833,31.01,66.5748615209639
67872,-8.462217,-3.592823,3.983452,-0.010843,0.009621,-0.002749,31.01,66.5730309124677
67882,-8.451449,-3.580261,3.975675,-0.010996,0.010537,-0.002291,31.02,66.5801599843439
67892,-8.451449,-3.589832,3.980461,-0.01069,0.012065,-0.002138,31.02,66.5635220836473
67902,-8.459825,-3.591627,3.981059,-0.010537,0.013286,-0.002749,31.01,66.5795210000891
67912,-8.462815,-3.592225,3.969095,-0.01069,0.013592,-0.003054,31.01,66.6491258994241
67922,-8.469995,-3.600002,3.987041,-0.011148,0.014966,-0.003207,30.99,66.5768527404503
67932,-8.452048,-3.588636,3.978666,-0.011759,0.015882,-0.002443,30.99,66.5731422965284
67942,-8.456235,-3.579663,3.979862,-0.011759,0.015882,-0.003054,30.98,66.567662004139
67952,-8.453843,-3.586841,3.972086,-0.011301,0.016341,-0.003054,30.98,66.6098813121561
67962,-8.46102,-3.581457,3.972086,-0.010843,0.016646,-0.003665,31.05,66.6201236297582
67972,-8.474181,-3.585046,3.971487,-0.011148,0.016188,-0.004429,30.99,66.6539377071663
67982,-8.461619,-3.58744,3.961916,-0.011148,0.01573,-0.004123,30.99,66.6801197552697
67992,-8.459227,-3.573681,3.966702,-0.011148,0.014813,-0.003818,31.02,66.637792475009
68002,-8.479566,-3.585046,3.974478,-0.010996,0.015119,-0.005192,31.02,66.6494770478882
68012,-8.469995,-3.580261,3.957729,-0.01069,0.012981,-0.005956,31.02,66.7132599744111
68022,-8.460423,-3.588037,3.958327,-0.010385,0.011759,-0.005345,31.02,66.6970242988741
68032,-8.474779,-3.583252,3.958327,-0.010843,0.010079,-0.005498,31,66.7227162114413
68042,-8.46461,-3.594618,3.952345,-0.010385,0.008858,-0.005192,31,66.7430218658371
68052,-8.464012,-3.58744,3.971487,-0.010537,0.007178,-0.005192,31.03,66.6348227142323
68062,-8.456235,-3.586243,3.958327,-0.011301,0.005192,-0.006261,31.03,66.6866995887217
68072,-8.47119,-3.592823,3.958327,-0.010385,0.002902,-0.006567,31.03,66.7236820378048
68082,-8.479566,-3.588037,3.967898,-0.010232,0.000611,-0.006872,31.03,66.6866391455686
68092,-8.483753,-3.59043,3.954738,-0.01069,-0.000305,-0.007025,30.98,66.766540837356
68102,-8.471789,-3.576672,3.951149,-0.010079,-0.002443,-0.007636,30.98,66.7484383491368
68112,-8.476574,-3.591627,3.958327,-0.010079,-0.004276,-0.008399,31.02,66.7338271393767
68122,-8.475378,-3.59043,3.966702,-0.010996,-0.008399,-0.008094,31.02,66.6863036349037
68132,-8.457432,-3.592225,3.958925,-0.011148,-0.009316,-0.007941,31.02,66.6913485313889
68142,-8.466404,-3.589832,3.967898,-0.010385,-0.010079,-0.008858,31.02,66.6607851865419
68152,-8.475378,-3.597011,3.965506,-0.010385,-0.011606,-0.009621,31.02,66.6983922978764
68162,-8.468798,-3.594618,3.976871,-0.01069,-0.012523,-0.008094,30.98,66.6229122780696
68172,-8.465208,-3.582654,3.966104,-0.010537,-0.014355,-0.008247,30.98,66.6613671487707
68182,-8.456833,-3.591627,3.960122,-0.010385,-0.014813,-0.008399,31,66.6832740913203
68192,-8.472386,-3.59043,3.971487,-0.010079,-0.014508,-0.008399,31,66.6549488466891
68204,-8.467602,-3.591627,3.970889,-0.009316,-0.015882,-0.008094,30.99,66.6491659394653
68212,-8.460423,-3.588636,3.969693,-0.009927,-0.016493,-0.008399,30.99,66.637808114477
68222,-8.472386,-3.588037,3.97388,-0.009774,-0.017104,-0.008094,31.01,66.6402738048916
68232,-8.460423,-3.588037,3.970889,-0.009621,-0.017104,-0.00733,31.01,66.6309934565311
68242,-8.450851,-3.595216,3.983452,-0.008399,-0.017562,-0.007789,30.98,66.5513572529177
68252,-8.453843,-3.591627,3.976871,-0.008552,-0.017868,-0.007483,30.98,66.5889916775355
68262,-8.46102,-3.589832,3.978666,-0.008247,-0.017868,-0.007483,31,66.5929898138343
68272,-8.453244,-3.597011,3.97747,-0.007941,-0.016952,-0.007483,31,66.5893827166378
68282,-8.440084,-3.580261,3.993023,-0.00733,-0.016799,-0.006414,30.99,66.4651213664711
68292,-8.451449,-3.592823,3.996612,-0.00672,-0.015577,-0.006414,30.99,66.4814100586095
68302,-8.458628,-3.596412,3.980461,-0.006872,-0.014508,-0.005651,31.02,66.584409258358
68312,-8.458628,-3.592823,4.001398,-0.00672,-0.013286,-0.005498,30.99,66.4713961387471
68322,-8.441879,-3.596412,3.984648,-0.007025,-0.011301,-0.006109,30.99,66.5273267854671
68332,-8.455039,-3.59402,3.979862,-0.007178,-0.010537,-0.005956,31.02,66.5779152319935
68342,-8.469995,-3.596412,4.001398,-0.007789,-0.007483,-0.004581,31.02,66.498443338097
68352,-8.440681,-3.594618,3.988835,-0.007789,-0.005498,-0.004429,31.02,66.5012124964519
68362,-8.449656,-3.59043,3.996014,-0.007789,-0.003971,-0.00336,31.02,66.4786423198247
68372,-8.447861,-3.59043,3.996612,-0.007789,-0.001985,-0.004123,31.01,66.4717311431306
68382,-8.438289,-3.589234,3.981657,-0.007789,0.001069,-0.00336,31.01,66.5290918622662
68392,-8.448458,-3.588037,3.995416,-0.007789,0.002902,-0.003207,31.02,66.4771247778886
68402,-8.440681,-3.586243,3.997808,-0.008094,0.005345,-0.003512,31.02,66.4465995412779
68412,-8.44427,-3.59402,3.987041,-0.008399,0.007789,-0.002749,31.01,66.5176379965861
68422,-8.435298,-3.586841,3.988237,-0.008858,0.009316,-0.002749,31.01,66.4860763274101
68432,-8.450253,-3.589234,3.991228,-0.009621,0.012217,-0.002596,31.02,66.503945010357
68442,-8.448458,-3.593421,3.993023,-0.009927,0.013592,-0.001985,31.02,66.4944918900246
68452,-8.466404,-3.582654,3.999005,-0.010385,0.014661,-0.001985,31.03,66.4912132141758
68462,-8.459227,-3.585645,3.971487,-0.01069,0.016341,-0.001527,31.03,66.6232310732205
68472,-8.454441,-3.605386,3.979264,-0.01069,0.018631,-0.001527,31.04,66.5899279569274
68482,-8.456833,-3.585046,3.979264,-0.011148,0.019853,-0.00168,31.02,66.5768350212801
68492,-8.46102,-3.580261,3.970889,-0.011606,0.0197,-0.002138,31.02,66.6253544103727
68502,-8.457432,-3.591627,3.979862,-0.011301,0.020769,-0.002138,31.01,66.5807962939012
68512,-8.467602,-3.591627,3.97388,-0.011912,0.020617,-0.00168,31.01,66.6334631209007
68522,-8.466404,-3.593421,3.976273,-0.012065,0.020617,-0.00168,30.99,66.6199901001977
68532,-8.453244,-3.585645,3.968496,-0.011912,0.020617,-0.001374,30.99,66.6264382583421
68542,-8.466404,-3.58385,3.974478,-0.011759,0.020464,-0.001527,31.02,66.620936290763
68552,-8.461619,-3.597011,3.972086,-0.011912,0.019853,-0.002443,31.02,66.6351638728109
68562,-8.465807,-3.583252,3.969693,-0.01237,0.018937,-0.002291,31.01,66.6442902530639
68572,-8.450851,-3.59043,3.957131,-0.011606,0.018021,-0.001985,31.01,66.6854642899257
68582,-8.477771,-3.585046,3.966104,-0.011606,0.017104,-0.002902,31.03,66.6896809792673
68592,-8.465208,-3.595814,3.970291,-0.011301,0.016341,-0.002291,31.03,66.6510190433498
68602,-8.470592,-3.570091,3.955336,-0.011301,0.014813,-0.002291,30.99,66.7181384647972
68612,-8.465208,-3.576672,3.964309,-0.010996,0.014203,-0.002596,30.99,66.6655183414658
68622,-8.477173,-3.580261,3.96072,-0.010996,0.012828,-0.00336,30.98,66.7124970717179
68632,-8.476574,-3.584448,3.963113,-0.010232,0.010996,-0.002902,30.98,66.702365884024
68642,-8.463414,-3.582654,3.952943,-0.010385,0.008705,-0.00336,31,66.7268246349928
68652,-8.474181,-3.579065,3.954139,-0.010385,0.00672,-0.003207,30.99,66.7397991695711
68662,-8.466404,-3.579663,3.963113,-0.009927,0.005192,-0.004581,30.99,66.6769418190119
68672,-8.469995,-3.583252,3.951149,-0.009163,0.003054,-0.004581,31.05,66.7504923881764
68682,-8.482555,-3.586243,3.962514,-0.009163,0.00168,-0.003971,31.05,66.7195413426327
68692,-8.477173,-3.591029,3.96072,-0.009316,-0.000458,-0.004887,31.04,66.7219778811961
68702,-8.475977,-3.576073,3.958925,-0.00901,-0.001985,-0.005345,31.04,66.7157537379136
68712,-8.474181,-3.585645,3.957131,-0.008247,-0.003207,-0.00504,31,66.7298630001552
68722,-8.470592,-3.585046,3.954738,-0.008858,-0.004887,-0.005651,31,66.734442946067
68732,-8.475378,-3.58744,3.955336,-0.008247,-0.006872,-0.006261,31.01,66.7433663765322
68742,-8.480762,-3.584448,3.951746,-0.007941,-0.008094,-0.006414,31.01,66.7707923935653
68752,-8.478369,-3.595814,3.959523,-0.008399,-0.00901,-0.006109,30.97,66.7349677125005
68762,-8.468798,-3.580859,3.956532,-0.007941,-0.010996,-0.00672,30.97,66.7175854587936
68772,-8.476574,-3.592225,3.967898,-0.007941,-0.012675,-0.007483,30.95,66.6841011198885
68782,-8.456833,-3.579663,3.96072,-0.008705,-0.013439,-0.008094,30.95,66.6695376246328
68792,-8.462815,-3.585046,3.964907,-0.008705,-0.014813,-0.007483,31.02,66.6647761813284
68802,-8.452645,-3.598207,3.975077,-0.008247,-0.014813,-0.008247,31.02,66.6017643610205
68812,-8.472386,-3.584448,3.963113,-0.008399,-0.016035,-0.008247,30.98,66.6936398493772
68822,-8.462217,-3.593421,3.975077,-0.008247,-0.016952,-0.00901,31,66.6175211990299
68832,-8.465807,-3.582056,3.969095,-0.008094,-0.01741,-0.008552,31,66.6463743951372
68842,-8.459825,-3.591029,3.973282,-0.007636,-0.01741,-0.008399,31,66.6198260996178
68852,-8.462815,-3.591627,3.972684,-0.007941,-0.017715,-0.009621,31,66.6297452765811
68862,-8.46461,-3.59043,3.981657,-0.008399,-0.017562,-0.00901,31.01,66.5853320027686
68872,-8.460423,-3.605386,3.969693,-0.008552,-0.01741,-0.008094,31.01,66.652673198006
68882,-8.465807,-3.591627,3.982255,-0.009316,-0.016799,-0.008399,31,66.5857602272463
68892,-8.459227,-3.585046,3.983452,-0.008858,-0.017257,-0.00901,31,66.559860839111
68902,-8.456833,-3.594618,3.987639,-0.007941,-0.015424,-0.008247,31,66.541383091622
68912,-8.456235,-3.598207,3.993023,-0.007789,-0.014203,-0.008552,31,66.5150856678157
68922,-8.453843,-3.586841,3.99063,-0.009163,-0.013897,-0.008094,31.02,66.512488772749
68932,-8.446664,-3.58744,3.985844,-0.008552,-0.012675,-0.008094,31.02,66.5230775524132
68942,-8.445468,-3.59402,3.979862,-0.00901,-0.010537,-0.007636,31,66.5578642733163
68952,-8.452048,-3.591029,3.987041,-0.008094,-0.008858,-0.006872,31,66.5312915041392
68962,-8.446664,-3.582654,3.981657,-0.008247,-0.007178,-0.006414,31.02,66.5408102237244
68972,-8.450851,-3.59043,3.986442,-0.008399,-0.006261,-0.006109,31.02,66.5313912235942
68982,-8.449057,-3.582654,3.985246,-0.008552,-0.003818,-0.007178,30.99,66.5269787002636
68992,-8.456833,-3.585645,3.993621,-0.007483,-0.001069,-0.005956,30.98,66.5020077314808
69002,-8.453244,-3.597011,3.991228,-0.008858,0.000305,-0.006109,30.98,66.5171616912033
69012,-8.457432,-3.589234,3.989433,-0.009163,0.003207,-0.005192,31.03,66.5284318162336
69022,-8.449057,-3.591029,3.994219,-0.008705,0.004276,-0.004734,31.03,66.4873372632093
69032,-8.448458,-3.600002,3.982255,-0.00901,0.005651,-0.004734,31.02,66.5568985344364
69042,-8.448458,-3.594618,3.984648,-0.00901,0.008094,-0.004887,31.02,66.5395267299078
69052,-8.452645,-3.599404,3.992425,-0.008552,0.008858,-0.004429,31.05,66.5117621634803
69062,-8.465208,-3.598805,3.98405,-0.007789,0.009774,-0.003971,31.05,66.5814659974486
69072,-8.458031,-3.586841,3.984648,-0.008858,0.012065,-0.003818,31.01,66.5526710012148
69082,-8.458628,-3.595814,3.972684,-0.009468,0.012065,-0.003665,31.01,66.6247134214042
69092,-8.455039,-3.582654,3.990032,-0.009468,0.013439,-0.002902,30.98,66.5144109145473
69102,-8.450253,-3.593421,3.980461,-0.009468,0.014966,-0.002749,30.98,66.5642122205126
69112,-8.453244,-3.596412,3.972684,-0.009774,0.014813,-0.002291,31.02,66.6139919049123
69122,-8.449057,-3.593421,3.98405,-0.009927,0.01405,-0.00336,31.02,66.542855431542
69132,-8.453843,-3.6006,3.972086,-0.010843,0.015119,-0.003054,30.99,66.6221120676574
69142,-8.449656,-3.598805,3.970889,-0.010385,0.014813,-0.002291,30.99,66.6180528912252
69152,-8.466404,-3.588636,3.978666,-0.010079,0.015882,-0.001833,30.99,66.6031893645738
69162,-8.468798,-3.592823,3.976273,-0.010232,0.014813,-0.001833,30.99,66.6244598495089
69172,-8.467602,-3.588037,3.981059,-0.010537,0.014661,-0.002138,31.01,66.5926060281012
69182,-8.465208,-3.591627,3.970889,-0.01069,0.013286,-0.002138,31,66.6441691324822
69192,-8.462815,-3.584448,3.971487,-0.01069,0.012828,-0.001985,31,66.6296721337829
69202,-8.467003,-3.58744,3.966104,-0.01069,0.01237,-0.002443,31.02,66.6693435719712
69212,-8.469396,-3.589234,3.965506,-0.011454,0.010385,-0.00168,31.02,66.6790612101496
69222,-8.469995,-3.58744,3.966702,-0.010537,0.010079,-0.003512,31,66.6724435150217
69232,-8.464012,-3.597609,3.964309,-0.010537,0.009621,-0.00336,31,66.681535596325
69242,-8.465807,-3.595814,3.957729,-0.01069,0.008094,-0.003512,31,66.7182632932983
69252,-8.467602,-3.592823,3.969095,-0.010537,0.007941,-0.003054,31,66.6596446889494
69262,-8.470592,-3.591627,3.974478,-0.010385,0.006567,-0.002291,31.03,66.636566177441
69272,-8.470592,-3.600002,3.970889,-0.010385,0.005498,-0.00336,31.03,66.662816537161
69282,-8.468199,-3.585046,3.963113,-0.010843,0.004887,-0.004123,31.03,66.6854383111795
69292,-8.468199,-3.591627,3.965506,-0.010079,0.004429,-0.003512,31.03,66.6786808071828
69302,-8.468199,-3.584448,3.969095,-0.009468,0.003512,-0.00336,31.02,66.6534838587536
69312,-8.461619,-3.586243,3.963113,-0.010232,0.002291,-0.004276,31.02,66.6727682346539
69322,-8.476574,-3.593421,3.963113,-0.009163,0.002138,-0.004123,31.03,66.7102751109124
69332,-8.477771,-3.592225,3.966104,-0.009621,0.001527,-0.004734,31.03,66.6960098223882
69342,-8.477173,-3.585046,3.960122,-0.00901,-0.001069,-0.004581,31.04,66.7198490171379
69352,-8.472985,-3.59043,3.957131,-0.008552,-0.001374,-0.003971,31.01,66.7315904193001
69362,-8.471789,-3.586841,3.968496,-0.009163,-0.002291,-0.005651,31.01,66.666234984309
69372,-8.473583,-3.582654,3.9673,-0.008247,-0.002291,-0.00504,30.98,66.6725622414844
69382,-8.46102,-3.580261,3.969693,-0.008247,-0.002138,-0.005345,30.98,66.6316393951654
69392,-8.463414,-3.589832,3.963711,-0.008247,-0.002291,-0.005192,30.98,66.6765457070885
69402,-8.467003,-3.591029,3.971487,-0.007789,-0.002902,-0.005192,30.98,66.6442464846865
69412,-8.472985,-3.591029,3.97747,-0.00733,-0.002902,-0.006414,31,66.6253329956854
69422,-8.459825,-3.589832,3.976273,-0.007483,-0.004123,-0.006261,31,66.6030550757439
69432,-8.468798,-3.585645,3.960122,-0.007789,-0.003512,-0.006414,31.03,66.7029338383287
69442,-8.462815,-3.580859,3.972086,-0.008094,-0.004581,-0.006414,31.03,66.6233486499723
69452,-8.464012,-3.579663,3.96072,-0.007941,-0.005345,-0.005803,30.99,66.6845293909185
69462,-8.463414,-3.582056,3.978068,-0.007789,-0.005498,-0.006872,30.99,66.5942437758806
69472,-8.463414,-3.583252,3.974478,-0.008094,-0.006261,-0.007178,31.05,66.6141551435383
69482,-8.464012,-3.585645,3.967898,-0.007941,-0.006567,-0.007483,31.05,66.6520877631259
69492,-8.465208,-3.595814,3.975675,-0.007483,-0.005192,-0.007178,31,66.6227530631
69502,-8.468199,-3.589234,3.976273,-0.007178,-0.005345,-0.007941,31,66.6200300466155
69512,-8.459825,-3.584448,3.976273,-0.007483,-0.005956,-0.007178,31.04,66.598278500919
69522,-8.473583,-3.58385,3.972086,-0.007636,-0.006109,-0.007483,31,66.6484897517914
69532,-8.461619,-3.58744,3.980461,-0.008399,-0.006414,-0.00733,31,66.5826970017391
69542,-8.461619,-3.576073,3.982853,-0.008399,-0.005956,-0.008399,31,66.5600593468385
69552,-8.461619,-3.582056,3.973282,-0.008399,-0.006261,-0.007789,31,66.6156236480083
69562,-8.459227,-3.589832,3.975077,-0.008094,-0.007025,-0.007178,31.03,66.6080855328084
69572,-8.462815,-3.584448,3.982255,-0.007636,-0.006261,-0.007789,31.03,66.5731296158266
69582,-8.459825,-3.582654,3.978068,-0.007941,-0.005192,-0.007483,31,66.5872601381799
69592,-8.455039,-3.592225,3.978666,-0.008247,-0.005803,-0.006414,31,66.582599042492
69602,-8.462815,-3.591029,3.978666,-0.007789,-0.00504,-0.007483,31.01,66.5978068200537
69612,-8.468798,-3.59043,3.983452,-0.008094,-0.004123,-0.008094,31.01,66.5846745572061
69622,-8.442476,-3.593421,3.971487,-0.008399,-0.005345,-0.008247,31.01,66.5950863730087
69632,-8.472985,-3.583252,3.982255,-0.008247,-0.004429,-0.007025,31.01,66.5933530240997
69642,-8.462815,-3.588037,3.991827,-0.008552,-0.003818,-0.006872,31,66.5260973864318
69652,-8.44427,-3.580859,3.958925,-0.008247,-0.003512,-0.00733,31,66.6537761243639
69662,-8.455637,-3.585645,3.991228,-0.007941,-0.003054,-0.006872,31.01,66.5120518976885
69672,-8.448458,-3.588037,3.97388,-0.00901,-0.002443,-0.007636,31.01,66.5902393998339
69682,-8.467003,-3.592225,3.991827,-0.008552,-0.001374,-0.006109,30.98,66.5385958392727
69692,-8.451449,-3.592225,3.979862,-0.008705,-0.000305,-0.006261,30.97,66.5687990408878
69702,-8.449057,-3.58744,3.975077,-0.008552,-0.001222,-0.006109,30.97,66.5846711188045
69712,-8.460423,-3.589832,3.982853,-0.008858,0,-0.006261,31.01,66.5697615231526
69722,-8.458031,-3.579663,3.979264,-0.008399,0.001222,-0.005956,31.01,66.5745677149163
69732,-8.456235,-3.591029,3.979862,-0.008399,0.001527,-0.004429,31.02,66.5777586737306
69742,-8.464012,-3.58385,3.992425,-0.00901,0.002596,-0.005498,31.02,66.5217512487839
69752,-8.455039,-3.593421,3.972086,-0.009163,0.003207,-0.005498,31.06,66.6182278403556
69762,-8.458628,-3.586243,3.975077,-0.008552,0.00336,-0.003665,31.06,66.6036477888635
69772,-8.454441,-3.585046,3.979264,-0.008705,0.004276,-0.004123,31.03,66.5718232966355
69782,-8.461619,-3.586841,3.97388,-0.009468,0.004581,-0.00504,31.03,66.6167217440834
69792,-8.459227,-3.597011,3.98405,-0.009468,0.004734,-0.004581,31.03,66.5673595633623
69802,-8.457432,-3.591029,3.978666,-0.009774,0.005345,-0.003665,31.03,66.5865448171225
69812,-8.439486,-3.594618,3.979264,-0.009927,0.006414,-0.003512,31.01,66.548995386051
69822,-8.453244,-3.583252,3.984648,-0.009927,0.006567,-0.004734,31.01,66.5394408282733
69832,-8.460423,-3.589234,3.976273,-0.010079,0.00733,-0.00504,31.03,66.6037751754175
69842,-8.452645,-3.592823,3.97747,-0.010385,0.008247,-0.002749,31.03,66.5844010663867
69852,-8.458628,-3.586243,3.970889,-0.009927,0.008705,-0.002902,30.96,66.6256508344257
69862,-8.463414,-3.584448,3.968496,-0.009468,0.009163,-0.003665,30.98,66.6466377454205
69872,-8.467602,-3.582056,3.970291,-0.010079,0.009621,-0.004123,30.98,66.6438415995147
69882,-8.456833,-3.591627,3.973282,-0.009468,0.009927,-0.002596,30.99,66.6141015716178
69892,-8.458031,-3.58744,3.964907,-0.009774,0.009927,-0.002596,30.99,66.6569051908014
69902,-8.466404,-3.588037,3.969693,-0.010079,0.010232,-0.002902,31.01,66.6497691119303
69912,-8.456833,-3.600002,3.963711,-0.009927,0.009316,-0.002902,31.01,66.6718327636992
69922,-8.467602,-3.595814,3.968496,-0.009163,0.008858,-0.00336,31.01,66.6654378197978
69932,-8.464012,-3.597609,3.970889,-0.009774,0.00901,-0.003054,31.01,66.6469748724482
69942,-8.464012,-3.593421,3.967898,-0.009621,0.008552,-0.003512,31.03,66.6589714681486
69952,-8.47119,-3.592823,3.964907,-0.009316,0.008705,-0.003971,31.03,66.6891171971211
69962,-8.465807,-3.588636,3.968496,-0.009163,0.007789,-0.003971,30.98,66.6553400371444
69972,-8.463414,-3.589234,3.969095,-0.008705,0.006872,-0.003665,30.98,66.6477270135444
69982,-8.468199,-3.586841,3.963113,-0.008705,0.005803,-0.004734,31,66.6870232952726
69992,-8.465208,-3.59402,3.964309,-0.008858,0.005345,-0.004887,31,66.6808506000757
70002,-8.467003,-3.594618,3.966104,-0.008399,0.005651,-0.004276,31.03,66.6756923803331
70012,-8.467602,-3.589234,3.97388,-0.008247,0.004734,-0.004887,31.03,66.63134426084
70022,-8.466404,-3.589832,3.9673,-0.008399,0.00336,-0.004581,31.02,66.663926311803
70032,-8.465807,-3.592823,3.971487,-0.007636,0.001833,-0.004734,30.98,66.643338722671
70042,-8.474181,-3.58744,3.967898,-0.007178,0,-0.005192,30.98,66.6748915039583
70052,-8.474779,-3.585046,3.967898,-0.00733,-0.000916,-0.006261,30.96,66.6740260768983
70062,-8.471789,-3.591029,3.967898,-0.007483,-0.001527,-0.00672,30.96,66.6730743913785
70072,-8.455637,-3.586243,3.970291,-0.006872,-0.002443,-0.006261,30.99,66.6225384130725
70082,-8.462815,-3.589234,3.964907,-0.006872,-0.003512,-0.006872,30.99,66.6684814252212
70092,-8.468798,-3.594618,3.954139,-0.00733,-0.003971,-0.006261,31.02,66.742300518358
70102,-8.465208,-3.582056,3.967898,-0.00733,-0.004429,-0.006567,31.02,66.6514120000265
70112,-8.46461,-3.597011,3.9673,-0.00733,-0.004887,-0.006414,30.99,66.6665404793492
70122,-8.465807,-3.588636,3.9673,-0.007025,-0.005345,-0.00672,30.99,66.6616226155033
70132,-8.474779,-3.591029,3.9673,-0.007178,-0.005803,-0.005956,30.96,66.6824451257978
70142,-8.46102,-3.579065,3.978068,-0.00733,-0.005803,-0.00672,30.96,66.5865815182051
70152,-8.462217,-3.58744,3.970889,-0.007483,-0.005803,-0.007178,31,66.6342134708762
70162,-8.458031,-3.589234,3.972684,-0.007178,-0.006261,-0.007789,31,66.6176240256886
70172,-8.472386,-3.586243,3.978666,-0.007789,-0.005651,-0.006261,31,66.6135736606953
70182,-8.463414,-3.583252,3.9673,-0.007941,-0.005651,-0.007483,31,66.6518642937515
70192,-8.455039,-3.58385,3.969095,-0.008094,-0.004887,-0.006872,30.98,66.6254519064048
70205,-8.453244,-3.588037,3.97388,-0.008094,-0.00504,-0.006567,30.97,66.6002615651803
70212,-8.467003,-3.588636,3.974478,-0.008858,-0.004429,-0.006567,30.97,66.6264242794623
70222,-8.459227,-3.585645,3.968496,-0.008552,-0.003512,-0.006109,30.93,66.6389486373641
70232,-8.450253,-3.591627,3.979862,-0.00901,-0.003665,-0.007178,30.93,66.5657605195988
70242,-8.455039,-3.584448,3.972684,-0.008552,-0.002443,-0.007178,31.03,66.6071174400727
70252,-8.457432,-3.588037,3.97747,-0.009468,-0.001527,-0.00672,31.03,66.5901677611942
70262,-8.46102,-3.58385,3.975675,-0.009163,-0.001069,-0.007483,31,66.6033899929482
70272,-8.455637,-3.600002,3.970291,-0.009621,-0.000916,-0.007483,31,66.6347582843709
70282,-8.463414,-3.592225,3.974478,-0.009316,-0.000153,-0.007178,31.02,66.6221064494347
70292,-8.46102,-3.594618,3.979264,-0.009468,-0.000153,-0.007636,31.02,66.5941007722501
70302,-8.468199,-3.596412,3.974478,-0.009468,0.000611,-0.00733,31,66.6358097065903
70312,-8.458031,-3.586841,3.981059,-0.009163,0.001069,-0.00672,31,66.5715126781133
70322,-8.463414,-3.586243,3.978068,-0.009927,0.001069,-0.007025,31.04,66.5979541292079
70332,-8.460423,-3.603591,3.981059,-0.00901,0.001069,-0.00672,31.04,66.5914120530624
70342,-8.459825,-3.591029,3.978666,-0.008858,0.000916,-0.007178,31.01,66.5915524416724
70352,-8.459227,-3.592823,3.976871,-0.009163,0.000305,-0.00672,31.01,66.6013198497664
70362,-8.459825,-3.599404,3.982853,-0.008247,0.001222,-0.006109,31.02,66.5770215005508
70372,-8.462815,-3.593421,3.97388,-0.009621,0.001374,-0.00672,31.02,66.6250557066457
70382,-8.449656,-3.592225,3.979264,-0.008705,0.000764,-0.006414,31.04,66.5681836937354
70392,-8.467003,-3.586243,3.983452,-0.008705,0.001069,-0.005498,30.98,66.577207444368
70402,-8.459227,-3.591029,3.975675,-0.008705,0.001069,-0.00504,30.98,66.6060073857157
70412,-8.448458,-3.598207,3.982853,-0.008858,0.000611,-0.005651,30.98,66.5521558884276
70422,-8.451449,-3.588636,3.980461,-0.008399,0.000916,-0.005498,30.98,66.5624574905702
70432,-8.459825,-3.595216,3.976871,-0.008094,0.001222,-0.005498,31.02,66.6046960628827
70442,-8.455039,-3.601198,3.97747,-0.007789,0.001222,-0.005498,31.02,66.5968656371803
70452,-8.462815,-3.588636,3.979862,-0.008552,0.001833,-0.00672,31,66.5894054782885
70462,-8.454441,-3.58744,3.97388,-0.008858,0.00168,-0.005192,31,66.6022367753129
70472,-8.455637,-3.589234,3.974478,-0.008399,0.001069,-0.005803,30.97,66.6031910463175
70482,-8.453843,-3.598805,3.980461,-0.008094,0.002138,-0.005192,30.97,66.5765271909775
70492,-8.47119,-3.599404,3.974478,-0.008399,0.002443,-0.00504,31,66.6447001623946
70502,-8.459227,-3.597011,3.972086,-0.007941,0.002138,-0.00504,31,66.6301687769778
70512,-8.467003,-3.591627,3.979862,-0.008094,0.003512,-0.004429,31.05,66.6008166272445
70522,-8.456833,-3.591029,3.969095,-0.008247,0.002902,-0.004276,31.05,66.6355710849479
70532,-8.459825,-3.589234,3.979264,-0.007636,0.004581,-0.004581,31.03,66.5868187442127
70542,-8.461619,-3.586841,3.973282,-0.008247,0.004734,-0.004123,31.03,66.6198626867932
70552,-8.459825,-3.588636,3.966702,-0.00901,0.005498,-0.003971,30.98,66.6522763891113
70562,-8.46102,-3.585046,3.979264,-0.008552,0.006414,-0.003665,30.95,66.5856032847799
70572,-8.464012,-3.589832,3.978068,-0.008399,0.007025,-0.003054,30.95,66.602387065419
70582,-8.464012,-3.59402,3.975675,-0.007789,0.006414,-0.004123,31,66.6186635236381
70592,-8.465807,-3.589832,3.976273,-0.008094,0.007178,-0.004887,31,66.6155617521445
70602,-8.465807,-3.591627,3.976871,-0.007789,0.00733,-0.003665,31.02,66.6140137606032
70612,-8.463414,-3.592823,3.975077,-0.007941,0.007941,-0.003971,31.02,66.6194918148168
70622,-8.449656,-3.591029,3.966104,-0.007636,0.007483,-0.004123,31,66.636293386527
70632,-8.455039,-3.596412,3.97747,-0.007483,0.007789,-0.003971,31,66.5926051046056
70642,-8.467003,-3.59402,3.968496,-0.007636,0.007636,-0.00504,31,66.662600426396
70652,-8.461619,-3.58385,3.964907,-0.008094,0.00733,-0.005192,31,66.6612209894992
70662,-8.469396,-3.582056,3.963711,-0.007483,0.007025,-0.004429,31.01,66.6821538206618
70672,-8.477771,-3.59043,3.974478,-0.007025,0.007636,-0.004581,31.01,66.6504848690482
70682,-8.459227,-3.593421,3.973282,-0.008552,0.006109,-0.004429,31.01,66.620699201651
70692,-8.463414,-3.589234,3.97388,-0.008247,0.006109,-0.004734,31.01,66.6225948969699
70702,-8.458628,-3.595814,3.961916,-0.00733,0.005651,-0.004429,30.99,66.6812963699534
70712,-8.457432,-3.580859,3.966702,-0.007789,0.00504,-0.005345,30.99,66.6403877872106
70722,-8.467003,-3.586841,3.970291,-0.00733,0.002749,-0.004734,31.01,66.6468210082912
70732,-8.462815,-3.595814,3.968496,-0.007636,0.002749,-0.004887,31,66.6554533939603
70742,-8.462815,-3.592823,3.962514,-0.007941,0.000916,-0.006109,31,66.6842343736728
70752,-8.468199,-3.588037,3.969095,-0.007789,0.000611,-0.005956,31.01,66.656656382636
70762,-8.464012,-3.58385,3.970889,-0.007789,0,-0.005345,31.01,66.6347860267058
70772,-8.461619,-3.581457,3.963711,-0.007483,-0.001527,-0.004887,31.01,66.6653922050025
70782,-8.474779,-3.591627,3.965506,-0.007636,-0.002749,-0.005345,31.01,66.6923914303922
70792,-8.466404,-3.584448,3.978068,-0.007789,-0.003054,-0.005345,31.01,66.6026182006972
70802,-8.470592,-3.575475,3.965506,-0.007789,-0.003512,-0.00672,31.01,66.669415335077
70812,-8.462217,-3.589234,3.969095,-0.008094,-0.003971,-0.006109,31,66.6452273499006
70822,-8.464012,-3.588037,3.966702,-0.008094,-0.003971,-0.005956,31,66.6604881034947
70832,-8.470592,-3.586841,3.967898,-0.008094,-0.00504,-0.006261,31.01,66.6668784003769
70842,-8.462815,-3.589832,3.967898,-0.008552,-0.005498,-0.006567,31.01,66.6532944604176
70852,-8.466404,-3.58744,3.975675,-0.008399,-0.005498,-0.00672,31,66.6178296491328
70862,-8.462815,-3.592823,3.970291,-0.007483,-0.005498,-0.006567,31,66.6433736091962
70872,-8.456833,-3.589234,3.967898,-0.007941,-0.004887,-0.006261,30.98,66.6402698035857
70882,-8.474181,-3.58385,3.969693,-0.008247,-0.004429,-0.007025,30.98,66.6622998238617
70892,-8.458628,-3.589832,3.975077,-0.007941,-0.003971,-0.00672,31.02,66.6068327165848
70902,-8.478967,-3.585645,3.978068,-0.008094,-0.004429,-0.006567,31,66.6299255155329
70912,-8.458628,-3.582654,3.979862,-0.007636,-0.003665,-0.006567,31,66.5753314866291
70922,-8.452048,-3.586243,3.976273,-0.008094,-0.003512,-0.005651,31,66.5835874649116
70932,-8.458031,-3.583252,3.972684,-0.007789,-0.003665,-0.006414,31,66.6123184218582
70942,-8.468798,-3.598207,3.98405,-0.007941,-0.002902,-0.006872,31.01,66.5884383450784
70952,-8.46102,-3.589234,3.976871,-0.007636,-0.001833,-0.00672,31.01,66.6018837050165
70962,-8.456235,-3.595814,3.976273,-0.008094,-0.00168,-0.006414,31,66.6008611818844
70972,-8.459825,-3.588636,3.97388,-0.007483,-0.001069,-0.006567,31,66.6145620666336
70982,-8.460423,-3.591627,3.967898,-0.007178,-0.001069,-0.005803,31,66.6498906542961
70992,-8.463414,-3.595814,3.987639,-0.007789,-0.000611,-0.00672,31,66.5562305854889
71002,-8.453244,-3.589832,3.976273,-0.008247,-0.000458,-0.006872,31.01,66.5892830273293
71012,-8.46461,-3.585645,3.981059,-0.008094,0.000305,-0.005651,31.01,66.5842262229516
71022,-8.457432,-3.589832,3.985844,-0.007025,0.001833,-0.005956,31,66.5477977505669
71032,-8.456235,-3.585645,3.980461,-0.007789,0.001527,-0.005345,31,66.5698277657722
71042,-8.452645,-3.584448,3.97747,-0.007941,0.001374,-0.005498,30.98,66.5769532069875
71052,-8.450851,-3.593421,3.972684,-0.00733,0.002291,-0.005956,30.98,66.6063258328256
71062,-8.466404,-3.594618,3.980461,-0.007789,0.002596,-0.006414,31.02,66.5990748026781
71072,-8.450851,-3.59043,3.97747,-0.00733,0.002443,-0.006261,31.04,66.5785144059095
71082,-8.449656,-3.589832,3.979862,-0.007483,0.002749,-0.005498,31.04,66.5629106450502
71092,-8.471789,-3.598207,3.976871,-0.008094,0.002596,-0.006109,31,66.6323348457762
71102,-8.462815,-3.591627,3.975077,-0.008247,0.002596,-0.006261,31,66.6171793334046
71112,-8.459825,-3.589234,3.975077,-0.007483,0.00336,-0.006109,30.98,66.6088055115571
71122,-8.46102,-3.586841,3.980461,-0.007025,0.002443,-0.005803,30.98,66.5809115015845
71132,-8.460423,-3.589234,3.978666,-0.007483,0.001833,-0.007025,30.97,66.5912098710781
71142,-8.464012,-3.588037,3.979264,-0.00733,0.002443,-0.006261,30.97,66.5945173036911
71152,-8.461619,-3.589234,3.976871,-0.007789,0.001833,-0.006414,31.02,66.60313654209
71162,-8.459825,-3.59043,3.97747,-0.008247,0.002138,-0.006414,31.02,66.5973002556264
71172,-8.47119,-3.593421,3.981657,-0.008399,0.001833,-0.00672,31,66.6017401962926
71182,-8.459227,-3.59043,3.975077,-0.008399,0.002291,-0.005651,31,66.6086163034833
71192,-8.462217,-3.582654,3.978068,-0.007941,0.001833,-0.005651,30.95,66.592268130923
71202,-8.464012,-3.586841,3.984648,-0.008399,0.001833,-0.006414,30.95,66.5652012583072
71212,-8.466404,-3.585046,3.975675,-0.008399,0.002291,-0.005956,31,66.6157100273362
71222,-8.458031,-3.586841,3.973282,-0.00901,0.00336,-0.005345,31,66.6123591141169
71232,-8.460423,-3.589832,3.974478,-0.009163,0.003207,-0.00504,31.02,66.6137325249182
71242,-8.467602,-3.59043,3.980461,-0.008858,0.004123,-0.005498,30.99,66.5978646318647
71252,-8.453843,-3.595216,3.975077,-0.009468,0.003971,-0.006261,30.99,66.6016082821975
71262,-8.455637,-3.592225,3.981059,-0.008552,0.005192,-0.005651,31.01,66.5712849286283
71272,-8.464012,-3.586841,3.976871,-0.008552,0.005498,-0.004581,31.01,66.6060193238043
71282,-8.465807,-3.595216,3.968496,-0.00901,0.005498,-0.004887,30.98,66.6611650656052
71292,-8.469995,-3.596412,3.976871,-0.008705,0.005651,-0.006109,30.98,66.6270008875004
71302,-8.466404,-3.585645,3.974478,-0.009163,0.005956,-0.005651,31.05,66.6225248445425
71312,-8.471789,-3.592225,3.97388,-0.008399,0.006414,-0.005345,31.05,66.6427315213402
71322,-8.466404,-3.586243,3.97388,-0.008858,0.006872,-0.004123,31.02,66.6261939893435
71332,-8.462217,-3.592225,3.976273,-0.008247,0.006414,-0.005192,31.02,66.6101804403084
71342,-8.462217,-3.585046,3.963113,-0.008858,0.006109,-0.006261,31.03,66.6729577245556
71352,-8.467003,-3.596412,3.976273,-0.008552,0.006261,-0.005345,31.03,66.6238930218156
71362,-8.472386,-3.583252,3.975077,-0.007941,0.00672,-0.005651,31.02,66.62976304955
71372,-8.456833,-3.58744,3.970889,-0.007789,0.006567,-0.004734,31.02,66.6229588353184
71382,-8.459227,-3.596412,3.967898,-0.007636,0.005956,-0.005192,31,66.6516376553433
71392,-8.46461,-3.591627,3.968496,-0.007789,0.004581,-0.005498,31,66.6554892558099
71402,-8.46461,-3.586243,3.970889,-0.007789,0.003512,-0.00672,31.01,66.6381532782684
71412,-8.461619,-3.592823,3.969095,-0.007483,0.003054,-0.005192,31.01,66.6471590416702
71422,-8.455637,-3.582654,3.97388,-0.007636,0.00168,-0.00672,30.98,66.6004922471895
71432,-8.466404,-3.592823,3.96072,-0.007483,0.001069,-0.007025,31.01,66.7011425793505
71442,-8.474779,-3.586243,3.969095,-0.007025,0,-0.005956,31.01,66.6687978834179
71452,-8.470592,-3.583252,3.972684,-0.006872,-0.000764,-0.005345,31.01,66.6385774645404
71462,-8.469995,-3.588037,3.968496,-0.007178,-0.002443,-0.00672,31.01,66.6635493509181
71472,-8.466404,-3.592225,3.974478,-0.006567,-0.002749,-0.005192,31.03,66.6283520879695
71482,-8.465208,-3.601198,3.971487,-0.007941,-0.003207,-0.00672,31.03,66.6495136422985
71492,-8.457432,-3.592225,3.978068,-0.00733,-0.003818,-0.006261,30.98,66.5907479488403
71502,-8.459825,-3.599404,3.972684,-0.006872,-0.004581,-0.006414,30.98,66.6304025895502
71512,-8.462217,-3.583252,3.979862,-0.007636,-0.005498,-0.00672,30.96,66.5833787194617
71522,-8.465807,-3.58744,3.976273,-0.008247,-0.004734,-0.006109,30.96,66.6134425072324
71532,-8.446664,-3.586243,3.97747,-0.007941,-0.004581,-0.005803,31.01,66.5660114943195
71542,-8.460423,-3.591029,3.974478,-0.008094,-0.004734,-0.006872,31.01,66.6147945548636
71552,-8.459825,-3.586243,3.975077,-0.007483,-0.003818,-0.005803,30.98,66.6061522422541
71562,-8.448458,-3.586841,3.978068,-0.008247,-0.003818,-0.005956,30.98,66.5671626746768
71572,-8.471789,-3.592823,3.980461,-0.008094,-0.003665,-0.006109,31.03,66.6087344044704
71582,-8.452048,-3.589832,3.976871,-0.008399,-0.002138,-0.006567,31.03,66.5836367065002
71592,-8.462815,-3.592225,3.973282,-0.008552,-0.000916,-0.005956,31,66.6271351314729
71602,-8.465807,-3.597609,3.976273,-0.007789,-0.000153,-0.005803,31.03,66.6224577181706
71612,-8.465208,-3.605386,3.973282,-0.007789,-0.000305,-0.005651,31.03,66.64380898934
71622,-8.46461,-3.588636,3.972684,-0.008094,0.000916,-0.006109,31.02,66.6308447126046
71632,-8.456833,-3.595814,3.973282,-0.007636,0.000764,-0.00672,31.02,66.6178212886621
71642,-8.465208,-3.591029,3.978068,-0.00733,0.000916,-0.006261,31.04,66.6059489816211
71652,-8.46461,-3.592225,3.978666,-0.007483,0.002138,-0.005956,31.04,66.6026211080209
71662,-8.453843,-3.588037,3.973282,-0.00672,0.002443,-0.005651,31.03,66.6046579069774
71672,-8.463414,-3.581457,3.972086,-0.00672,0.002291,-0.005651,31.03,66.6251304270419
71682,-8.465208,-3.585645,3.971487,-0.007025,0.002443,-0.006567,31.01,66.6357324407612
71692,-8.458628,-3.595814,3.983452,-0.007789,0.002749,-0.006567,31.01,66.5681787364091
71702,-8.462217,-3.584448,3.973282,-0.007483,0.002902,-0.006872,30.97,66.6189928478772
71712,-8.458628,-3.592823,3.971487,-0.007025,0.002749,-0.006261,30.97,66.6283456009686
71722,-8.459825,-3.586243,3.97388,-0.00672,0.003207,-0.006872,31.05,66.6124398160205
71732,-8.455637,-3.589832,3.975675,-0.00733,0.00336,-0.00672,31.05,66.5974337974264
71742,-8.459825,-3.59043,3.965506,-0.007025,0.003512,-0.006261,31,66.6601517139615
71752,-8.473583,-3.592225,3.972086,-0.006414,0.004276,-0.005192,31,66.6558881972517
71762,-8.46102,-3.591029,3.981059,-0.00733,0.004429,-0.006414,31.01,66.5814906900544
71772,-8.463414,-3.589234,3.979862,-0.006872,0.005192,-0.005498,31.02,66.591189212511
71782,-8.476574,-3.591627,3.974478,-0.007178,0.005498,-0.005498,31.02,66.6490461638876
71792,-8.464012,-3.581457,3.969095,-0.008094,0.004734,-0.005803,31.01,66.6420943661775
71802,-8.46102,-3.599404,3.974478,-0.007941,0.004887,-0.005651,31.01,66.6234778570451
71812,-8.467003,-3.583252,3.970291,-0.007483,0.005345,-0.005345,31.03,66.6436474342398
71822,-8.464012,-3.593421,3.964907,-0.007941,0.005498,-0.006109,31.03,66.6746847724833
71832,-8.465807,-3.585645,3.973282,-0.007941,0.004581,-0.00672,31.02,66.6275572449775
71842,-8.461619,-3.596412,3.971487,-0.007789,0.004429,-0.005803,31.02,66.6377780219992
71852,-8.466404,-3.586841,3.972086,-0.007636,0.004429,-0.006414,30.95,66.6361434950956
71862,-8.467602,-3.583252,3.969095,-0.00733,0.003665,-0.006261,30.95,66.6511804699772
71872,-8.469995,-3.589234,3.970291,-0.007789,0.004276,-0.005345,31.02,66.6551821154633
71882,-8.465208,-3.591627,3.973282,-0.007636,0.002596,-0.005956,31.02,66.6316034660648
71892,-8.468798,-3.592225,3.976871,-0.007941,0.001985,-0.006414,31.02,66.6207919642043
71902,-8.46102,-3.595216,3.972684,-0.008094,0.00168,-0.006414,31.02,66.6291794018938
71912,-8.462217,-3.598207,3.958925,-0.008552,0.000611,-0.005956,31.04,66.7066192690269
71922,-8.453244,-3.586243,3.974478,-0.008399,0.000458,-0.006261,31.04,66.5955251473126
71932,-8.459825,-3.588037,3.966702,-0.007789,-0.000916,-0.005651,30.98,66.6517457408029
71942,-8.467003,-3.589234,3.970291,-0.007636,-0.000611,-0.007025,30.98,66.6489380630183
71952,-8.46461,-3.58744,3.975077,-0.007483,-0.001069,-0.005803,30.98,66.617219582359
71962,-8.472985,-3.589832,3.976273,-0.007483,-0.001069,-0.006261,31,66.6305540546651
71972,-8.450851,-3.588037,3.970889,-0.007941,-0.000764,-0.005956,31,66.610973911851
71982,-8.468798,-3.582654,3.970291,-0.007483,-0.000764,-0.00733,30.99,66.6468679960483
71992,-8.460423,-3.589832,3.969693,-0.007483,0,-0.006567,30.99,66.6388681730285
72002,-8.464012,-3.591627,3.971487,-0.007483,-0.000305,-0.00672,31.02,66.6385315559434
72013,-8.465208,-3.588037,3.963113,-0.008094,0,-0.006872,31.02,66.681842865031
72022,-8.464012,-3.586841,3.969095,-0.008094,0.000305,-0.00733,30.97,66.6468573115174
72032,-8.46461,-3.594618,3.982853,-0.007178,0.000458,-0.006109,30.97,66.5827746036165
72042,-8.465807,-3.591627,3.978068,-0.007941,0.000611,-0.006414,31,66.6077312398944
72052,-8.461619,-3.596412,3.978666,-0.007483,0.001222,-0.006567,31,66.6000859271443
72062,-8.464012,-3.595216,3.975077,-0.006872,0.001985,-0.005651,31,66.6228638062363
72072,-8.463414,-3.597609,3.966104,-0.007025,0.00168,-0.005651,31,66.6708589924513
72082,-8.466404,-3.588037,3.97388,-0.007025,0.001833,-0.005651,30.99,66.6277821211482
72092,-8.452645,-3.592225,3.968496,-0.006872,0.002138,-0.006567,30.99,66.6310279523048
72102,-8.464012,-3.582056,3.972086,-0.006567,0.001833,-0.006261,31.02,66.6269107667346
72112,-8.471789,-3.594618,3.964309,-0.006414,0.001069,-0.005651,31,66.6950912660252
72122,-8.461619,-3.588636,3.972086,-0.006414,0.001527,-0.005956,31,66.6277357467296
72132,-8.47119,-3.58385,3.9673,-0.006414,0.001374,-0.005956,31.02,66.6686255354426
72142,-8.472985,-3.586841,3.971487,-0.006414,0.001527,-0.005498,31.02,66.653027203777
72152,-8.464012,-3.592823,3.981059,-0.00672,0.000458,-0.005956,31.02,66.5893430721856
72162,-8.455637,-3.589234,3.969693,-0.00672,0.000305,-0.005498,31.02,66.6283353906047
72172,-8.463414,-3.579663,3.969095,-0.00672,0.000916,-0.005956,31,66.6392582672096
72182,-8.455637,-3.592225,3.969095,-0.00733,0,-0.005651,31,66.6341332742785
72192,-8.474779,-3.586841,3.970889,-0.00733,-0.000153,-0.006414,31.01,66.6599085872406
72206,-8.466404,-3.595216,3.972086,-0.007789,-0.001374,-0.006414,31.01,66.6435598834971
72212,-8.466404,-3.595216,3.972086,-0.007789,-0.000305,-0.005956,30.98,66.6435598834971
72222,-8.471789,-3.592225,3.976871,-0.007483,-0.000305,-0.005651,30.98,66.6270372008035
72232,-8.459825,-3.586243,3.975675,-0.007789,-0.001069,-0.005651,30.98,66.603011305358
72242,-8.455637,-3.589234,3.980461,-0.007178,-0.000458,-0.005803,30.98,66.5717648494752
72252,-8.456235,-3.582056,3.978068,-0.007483,-0.000611,-0.006261,31,66.5792097789956
72262,-8.463414,-3.588636,3.982255,-0.008094,-0.001069,-0.006567,31,66.5780993360658
72272,-8.457432,-3.588037,3.982255,-0.00733,-0.000611,-0.006261,31.01,66.5650411491138
72282,-8.453244,-3.583252,3.976871,-0.006414,-0.000458,-0.005651,31.02,66.5802932869379
72292,-8.459825,-3.594618,3.975077,-0.007025,0.000611,-0.005956,31.02,66.6135848634436
72302,-8.451449,-3.595216,3.975077,-0.00733,0.000916,-0.005803,31.04,66.5965995411086
72312,-8.462815,-3.586841,3.983452,-0.007941,0.000305,-0.006567,31.04,66.5689705900764
72322,-8.455637,-3.595814,3.986442,-0.00733,0.001222,-0.005651,31,66.5462237022921
72332,-8.460423,-3.586841,3.975675,-0.007025,0.00168,-0.006109,31,66.6047927866712
72342,-8.456235,-3.599404,3.974478,-0.006872,0.002291,-0.005803,30.98,66.6134814864546
72352,-8.459227,-3.589832,3.975675,-0.00672,0.002749,-0.005651,30.98,66.6049447950417
72362,-8.468798,-3.582654,3.969693,-0.007178,0.003818,-0.006567,31.01,66.650008665951
72372,-8.459227,-3.59402,3.969693,-0.007178,0.004581,-0.006414,31.01,66.6400841983456
72382,-8.458031,-3.591029,3.967898,-0.00733,0.005498,-0.005956,30.98,66.6443648095152
72392,-8.46461,-3.585645,3.973282,-0.006872,0.005651,-0.005345,30.98,66.6250556534394
72402,-8.463414,-3.591627,3.970291,-0.007025,0.006567,-0.005651,30.98,66.6435643384536
72412,-8.465208,-3.589832,3.97388,-0.006872,0.006872,-0.005803,30.98,66.6268732662137
72422,-8.467003,-3.588636,3.975675,-0.00672,0.007178,-0.005498,30.97,66.620140536411
72432,-8.462815,-3.589234,3.971487,-0.005803,0.007789,-0.004887,30.97,66.6339110544739
72442,-8.46461,-3.586243,3.978068,-0.006872,0.00733,-0.005956,30.98,66.6004559733638
72452,-8.462217,-3.581457,3.973282,-0.007178,0.00672,-0.005345,31.02,66.6163441968507
72462,-8.468199,-3.592823,3.966702,-0.006567,0.006567,-0.006109,31.02,66.6734567344591
72472,-8.459227,-3.577868,3.970889,-0.006261,0.006109,-0.006567,31,66.6194850527104
72482,-8.463414,-3.594618,3.970889,-0.006567,0.005956,-0.005651,31,66.6430746177115
72492,-8.475977,-3.589234,3.974478,-0.006261,0.005803,-0.004887,31.01,66.6456868591599
72502,-8.468199,-3.582056,3.97388,-0.00672,0.004887,-0.00672,31.01,66.6262413695838
72512,-8.462815,-3.584448,3.972086,-0.007789,0.003665,-0.006109,31,66.6265255304715
72522,-8.463414,-3.58744,3.975675,-0.00733,0.003665,-0.006261,31,66.6115793130892
72532,-8.472985,-3.586243,3.969693,-0.007636,0.002138,-0.006567,31.01,66.6619169056246
72542,-8.463414,-3.592225,3.969693,-0.007178,0.001222,-0.007025,31.01,66.6472351870659
72552,-8.472985,-3.592225,3.965506,-0.007789,0.000153,-0.007025,30.99,66.6891827480626
72562,-8.462217,-3.585645,3.970889,-0.006567,-0.000153,-0.006872,30.99,66.6326236406395
72572,-8.464012,-3.592823,3.968496,-0.00672,-0.000764,-0.006567,30.99,66.6553005571998
72582,-8.468199,-3.59402,3.969693,-0.007178,-0.000916,-0.007483,30.99,66.6588093622036
72592,-8.454441,-3.586243,3.964907,-0.00733,-0.001527,-0.006872,30.98,66.6483433807341
72602,-8.471789,-3.579065,3.975675,-0.007636,-0.002596,-0.007178,30.98,66.6216786730295
72612,-8.459227,-3.588636,3.973282,-0.007636,-0.002749,-0.006567,31,66.6164528362297
72622,-8.46461,-3.592823,3.970291,-0.00733,-0.00168,-0.006109,31,66.647120793144
72632,-8.462815,-3.595814,3.976871,-0.007941,-0.002596,-0.00733,30.95,66.6114764137524
72642,-8.462815,-3.588636,3.967898,-0.007178,-0.00168,-0.006261,31.03,66.6522354122285
72652,-8.474181,-3.582056,3.975077,-0.007025,-0.001833,-0.006872,31.03,66.6324560282219
72662,-8.467602,-3.588037,3.968496,-0.007025,-0.001374,-0.00733,30.98,66.6585564546268
72672,-8.455637,-3.597609,3.971487,-0.006567,-0.00168,-0.006414,30.98,66.6263471604983
72682,-8.475378,-3.589234,3.973282,-0.00672,-0.001527,-0.007025,31,66.6507126179657
72692,-8.455039,-3.594618,3.976871,-0.006414,-0.000916,-0.005956,31,66.59415493879
72702,-8.46461,-3.584448,3.982255,-0.00672,-0.000764,-0.005803,31,66.5768881155538
72712,-8.464012,-3.589832,3.973282,-0.007025,0.000153,-0.005498,31,66.6275146276599
72722,-8.456833,-3.596412,3.980461,-0.006414,0.001069,-0.005956,30.98,66.580653659031
72732,-8.464012,-3.584448,3.971487,-0.005803,0.001069,-0.006109,30.98,66.6321739692209
72742,-8.467602,-3.589832,3.970291,-0.006567,0.001374,-0.005803,30.99,66.650717438788
72752,-8.455039,-3.588636,3.978068,-0.006414,0.002138,-0.006261,30.99,66.5825488170808
72762,-8.454441,-3.595814,3.975077,-0.006567,0.002443,-0.006261,30.99,66.6033910634045
72772,-8.453843,-3.582654,3.97747,-0.006414,0.002749,-0.006261,30.99,66.577870013381
72782,-8.453843,-3.593421,3.981059,-0.006109,0.002902,-0.006414,31.02,66.5685921924302
72792,-8.458031,-3.591029,3.982255,-0.007483,0.00336,-0.005803,31.02,66.5689554983236
72802,-8.462217,-3.588636,3.965506,-0.006872,0.003818,-0.006567,31.01,66.6635561870669
72812,-8.462815,-3.582056,3.968496,-0.005803,0.004887,-0.00672,31.02,66.6432701450464
72822,-8.460423,-3.597609,3.974478,-0.007025,0.004123,-0.005956,31.02,66.6206363421923
72832,-8.451449,-3.589234,3.97388,-0.006872,0.004123,-0.006414,30.99,66.5975677505515
72842,-8.468798,-3.592823,3.97388,-0.007025,0.004123,-0.007178,30.99,66.6370190100022
72852,-8.458031,-3.586243,3.974478,-0.007025,0.003971,-0.006872,31.02,66.6055452575669
72862,-8.467003,-3.593421,3.970889,-0.006261,0.004429,-0.006261,31.02,66.6495043267745
72872,-8.464012,-3.592823,3.97388,-0.006414,0.003818,-0.006567,30.98,66.6270257758434
72882,-8.46461,-3.589234,3.974478,-0.005956,0.003512,-0.006109,30.98,66.6219541541411
72892,-8.465807,-3.586841,3.960122,-0.005803,0.00336,-0.006261,30.96,66.69775542947
72902,-8.469396,-3.591029,3.975077,-0.006109,0.003207,-0.005956,30.96,66.6303964581374
72912,-8.477771,-3.589234,3.975675,-0.00672,0.001985,-0.00733,30.95,66.6431497723415
72922,-8.47119,-3.585645,3.969693,-0.007025,0.001527,-0.00672,30.95,66.6576438194781
72932,-8.462815,-3.580859,3.978666,-0.006109,0.002443,-0.006567,30.99,66.5887895227719
72942,-8.46461,-3.589234,3.976273,-0.005803,0.001527,-0.006567,30.99,66.6125300046293
72952,-8.453843,-3.584448,3.978666,-0.007025,0.001222,-0.006261,30.97,66.5731801257891
72962,-8.458031,-3.588037,3.974478,-0.00672,0.001985,-0.005956,30.97,66.607137133935
72972,-8.461619,-3.586841,3.976273,-0.00672,0.001069,-0.00672,30.96,66.6041542110008
72982,-8.462815,-3.593421,3.965506,-0.006261,0.001069,-0.006567,31,66.6690409168934
72992,-8.461619,-3.586841,3.974478,-0.006414,0.001527,-0.006872,31,66.6135809502701
73002,-8.464012,-3.584448,3.974478,-0.006261,0.001069,-0.007025,31.01,66.6164647450344
73012,-8.459227,-3.589832,3.980461,-0.006261,0.000916,-0.006109,31.01,66.5798137562998
73022,-8.459227,-3.588636,3.975675,-0.005803,0.001527,-0.005651,30.96,66.6038833009479
73032,-8.465807,-3.588037,3.97747,-0.006414,0.000916,-0.006261,30.96,66.607687880051
73042,-8.465807,-3.598207,3.975675,-0.006872,0.000916,-0.006109,31.02,66.6261267434949
73052,-8.457432,-3.586841,3.976871,-0.006414,0.000764,-0.005498,31.02,66.5922519430893
73062,-8.458628,-3.591627,3.981059,-0.007025,0.000916,-0.00672,31,66.5770155076715
73072,-8.47119,-3.576073,3.980461,-0.007025,0.000458,-0.007025,31,66.5926642214396
73082,-8.468798,-3.585645,3.978068,-0.00672,0.001069,-0.006109,30.98,66.6086837432793
73092,-8.46461,-3.592225,3.969095,-0.006109,0.00168,-0.006414,30.98,66.652872564945
73102,-8.469396,-3.592225,3.97388,-0.007025,0.000458,-0.00672,31.02,66.6377377152729
73112,-8.456833,-3.588037,3.978068,-0.00672,0.001527,-0.005651,31.02,66.5857730116644
73122,-8.473583,-3.593421,3.970889,-0.006109,0.001527,-0.006109,31.01,66.6632273888704
73132,-8.462217,-3.591029,3.985246,-0.00672,0.001985,-0.005956,31.01,66.5620238661461
73142,-8.459227,-3.580859,3.97388,-0.006567,0.00168,-0.006109,30.98,66.6064164005234
73152,-8.461619,-3.57727,3.976273,-0.006872,0.001833,-0.00672,31.02,66.5956742309698
73162,-8.462815,-3.585046,3.976871,-0.00733,0.001527,-0.007025,31.02,66.6019247909788
73172,-8.466404,-3.58385,3.972684,-0.006872,0.001374,-0.007178,31.02,66.6303568441338
73182,-8.458031,-3.58744,3.970291,-0.006567,0.00168,-0.006567,31.02,66.6286063144164
73192,-8.472985,-3.599404,3.978666,-0.007025,0.00168,-0.007178,31.01,66.6264757906993
73202,-8.474181,-3.59402,3.975675,-0.006414,0.002749,-0.005651,31.01,66.6398916030679
73212,-8.454441,-3.602395,3.970889,-0.006872,0.002749,-0.005803,31,66.6312473360073
73222,-8.468199,-3.591627,3.985246,-0.006567,0.001985,-0.005803,31,66.5750741498663
73232,-8.465208,-3.595814,3.97747,-0.006414,0.002443,-0.005651,30.99,66.6133319978815
73242,-8.465807,-3.586243,3.974478,-0.006567,0.002291,-0.005803,30.99,66.6218065075317
73252,-8.462217,-3.595814,3.972086,-0.006872,0.001527,-0.00672,31.05,66.6353502434152
73262,-8.464012,-3.586841,3.964309,-0.006414,0.001985,-0.006261,31.05,66.6720049257148
73272,-8.459227,-3.59043,3.976273,-0.006872,0.002138,-0.005803,30.98,66.6023350862461
73282,-8.448458,-3.585046,3.973282,-0.007178,0.002138,-0.006567,30.98,66.5907230204463
73292,-8.456235,-3.59043,3.97388,-0.00672,0.001833,-0.006109,31.01,66.608646151642
73302,-8.459825,-3.588037,3.971487,-0.006261,0.001527,-0.007178,31.01,66.6266017880728
73312,-8.459825,-3.58744,3.981657,-0.006872,0.001833,-0.00672,31.03,66.5726625182311
73322,-8.467003,-3.585046,3.981059,-0.006109,0.002443,-0.00672,30.97,66.5887028894381
73332,-8.462815,-3.59043,3.978666,-0.00672,0.002138,-0.007178,30.97,66.5972752938875
73342,-8.469396,-3.585046,3.973282,-0.006109,0.003054,-0.006567,30.95,66.634525508749
73352,-8.474779,-3.588037,3.980461,-0.006567,0.00336,-0.006872,30.95,66.6107438223367
73362,-8.456833,-3.591029,3.9673,-0.006414,0.003971,-0.00672,31.01,66.6450051377449
73372,-8.459227,-3.591627,3.980461,-0.006261,0.004123,-0.00672,31.01,66.5814085893499
73382,-8.468199,-3.6006,3.978666,-0.006567,0.004123,-0.006872,31,66.6175494714042
73392,-8.467003,-3.585645,3.9673,-0.005803,0.003818,-0.006872,31,66.6614738961122
73402,-8.465807,-3.588037,3.976871,-0.005956,0.004581,-0.006261,31.02,66.6108321673402
73412,-8.459227,-3.58744,3.97747,-0.006109,0.004123,-0.006872,31.02,66.5933947890287
73422,-8.462815,-3.593421,3.972684,-0.006261,0.004429,-0.006567,31,66.631336022335
73432,-8.462217,-3.588636,3.974478,-0.006567,0.003971,-0.00672,31,66.6164225369181
73442,-8.468798,-3.598805,3.964309,-0.006567,0.004276,-0.00672,31,66.6925651101154
73452,-8.468199,-3.594618,3.978068,-0.006109,0.003971,-0.006567,31,66.6153806192729
73462,-8.468798,-3.591029,3.966702,-0.006872,0.003971,-0.007025,31,66.6731191181573
73472,-8.465208,-3.595216,3.978666,-0.006109,0.003207,-0.006872,31,66.6065248158217
73482,-8.458031,-3.58744,3.973282,-0.005651,0.00336,-0.006872,31.02,66.6128905174227
73492,-8.459227,-3.593421,3.972086,-0.006261,0.001833,-0.006567,31.01,66.6269813612001
73502,-8.469396,-3.591029,3.976273,-0.006109,0.002138,-0.005956,31.01,66.6241197293193
73512,-8.460423,-3.588636,3.972684,-0.005803,0.002138,-0.007178,31.02,66.6220947003081
73522,-8.459227,-3.588636,3.978666,-0.005651,0.001833,-0.007025,31.02,66.5881760494605
73532,-8.470592,-3.595814,3.969095,-0.006109,0.000611,-0.007483,30.99,66.6685258948674
73542,-8.458628,-3.599404,3.968496,-0.005956,0.000764,-0.006567,30.99,66.6499017065563
73552,-8.469396,-3.599404,3.97747,-0.005956,0.000611,-0.006261,31.02,66.6252607623989
73562,-8.454441,-3.595814,3.968496,-0.005803,0.000305,-0.00672,31.02,66.6379700989469
73572,-8.460423,-3.585645,3.976273,-0.006414,0.000764,-0.007025,31,66.6005914428014
73582,-8.478967,-3.580859,3.976273,-0.006109,0.000153,-0.006872,31,66.6351184985178
73592,-8.465807,-3.588037,3.969095,-0.005956,0.000153,-0.005803,31.01,66.6516637041765
73602,-8.461619,-3.584448,3.981059,-0.005803,0,-0.005651,31.01,66.5769030792224
73612,-8.466404,-3.588037,3.969693,-0.005651,-0.000153,-0.006567,31.02,66.6497691119303
73622,-8.459825,-3.595216,3.963711,-0.006261,0,-0.006872,31.02,66.6738274758937
73632,-8.466404,-3.584448,3.976871,-0.005651,-0.000458,-0.00672,31.04,66.6089017749659
73642,-8.457432,-3.6006,3.968496,-0.005651,-0.000611,-0.00672,31.04,66.6484680558038
73652,-8.456235,-3.57727,3.978666,-0.006261,0.000458,-0.00733,31,66.5718217818755
73662,-8.46102,-3.597011,3.963711,-0.005803,-0.000153,-0.00672,31,66.6779107059781
73672,-8.465208,-3.588037,3.974478,-0.005498,0.000305,-0.00672,31.02,66.6221433568363
73682,-8.457432,-3.59043,3.976871,-0.006261,0.000458,-0.005498,30.98,66.5954391934073
73692,-8.462815,-3.593421,3.979264,-0.005803,0.000458,-0.006109,30.98,66.5967911531834
73702,-8.465208,-3.582654,3.983452,-0.005803,0.000764,-0.006261,31,66.5702682999437
73712,-8.457432,-3.593421,3.974478,-0.005651,0.000458,-0.006261,31,66.6106649592733
73722,-8.463414,-3.593421,3.969095,-0.006109,0.000916,-0.005803,31.02,66.6514360137515
73732,-8.458628,-3.592823,3.970889,-0.006109,0.001833,-0.005803,31.02,66.6314872370577
73742,-8.466404,-3.588636,3.970291,-0.005651,0.001069,-0.005651,30.95,66.6471584559591
73752,-8.460423,-3.588037,3.976273,-0.005651,0.001374,-0.005192,30.95,66.602713130674
73762,-8.460423,-3.588636,3.969693,-0.006109,0.001985,-0.006109,31,66.637808114477
73772,-8.47119,-3.592823,3.967898,-0.006567,0.001833,-0.006414,31,66.6734113653043
73782,-8.452645,-3.586243,3.979264,-0.005956,0.002291,-0.004887,31.02,66.5691234170247
73792,-8.468798,-3.582654,3.981059,-0.006872,0.003054,-0.005498,31.02,66.5903403765516
73802,-8.451449,-3.591029,3.976273,-0.00672,0.002443,-0.00672,31,66.5865891875887
73812,-8.464012,-3.584448,3.975077,-0.007025,0.002749,-0.006109,31,66.6133191459966
73822,-8.46461,-3.591627,3.978666,-0.007483,0.003512,-0.005803,31,66.6020906208322
73832,-8.462815,-3.582056,3.981657,-0.007178,0.00336,-0.006872,31,66.5741474022199
73842,-8.457432,-3.605386,3.985246,-0.007025,0.003818,-0.006567,31.02,66.564789500971
73852,-8.459227,-3.593421,3.982853,-0.007178,0.003512,-0.006109,31.05,66.5704476234715
73862,-8.461619,-3.582056,3.966702,-0.007178,0.003971,-0.006567,31.05,66.6501991662689
73872,-8.463414,-3.59043,3.973282,-0.006872,0.004581,-0.006109,31.04,66.6267952008277
73882,-8.459825,-3.599404,3.970291,-0.007025,0.004581,-0.005803,31.04,66.6429706435407
73892,-8.454441,-3.585645,3.97747,-0.007025,0.005192,-0.005345,31.03,66.5817798208481
73902,-8.46461,-3.600002,3.976871,-0.006567,0.005498,-0.006567,31.03,66.6189442547852
73912,-8.47119,-3.592823,3.970889,-0.006567,0.004734,-0.006414,30.98,66.6577092456224
73922,-8.462217,-3.592225,3.972086,-0.006109,0.005345,-0.007636,30.98,66.6321669006645
73932,-8.458628,-3.578466,3.978068,-0.006567,0.00504,-0.007025,31.02,66.5810395522089
73942,-8.452048,-3.585645,3.967898,-0.006261,0.005192,-0.006414,31.02,66.6270805414118
73952,-8.453843,-3.588636,3.97747,-0.005651,0.005498,-0.007636,31.03,66.5831854549433
73962,-8.46461,-3.597011,3.972684,-0.00672,0.005345,-0.006414,31.03,66.638267633714
73972,-8.471789,-3.577868,3.97388,-0.005498,0.005345,-0.006567,30.99,66.6300448201066
73982,-8.457432,-3.586841,3.978666,-0.005651,0.004581,-0.00672,30.99,66.5828242864966
73992,-8.467602,-3.598207,3.979264,-0.006261,0.003665,-0.006414,30.97,66.6110422755608
74002,-8.470592,-3.58744,3.972086,-0.005192,0.004276,-0.007178,30.97,66.6454180953622
74012,-8.468199,-3.591627,3.974478,-0.006109,0.003971,-0.007178,31.02,66.6315706150198
74022,-8.464012,-3.589832,3.979862,-0.005956,0.003665,-0.006414,31.03,66.5929706233791
74032,-8.466404,-3.585645,3.973282,-0.005192,0.003207,-0.006872,31.03,66.6288047371393
74042,-8.46461,-3.595814,3.979264,-0.005192,0.003207,-0.007178,31.03,66.6026678738195
74052,-8.469995,-3.59402,3.970889,-0.005803,0.002596,-0.00733,31.03,66.6562760953779
74062,-8.452645,-3.585645,3.961318,-0.005498,0.001222,-0.00672,31,66.6629374622159
74072,-8.456235,-3.598805,3.975077,-0.005345,0.001527,-0.006414,31,66.6098027101215
74082,-8.458628,-3.585645,3.978068,-0.004734,0.001527,-0.006872,31,66.5874072898059
74092,-8.458628,-3.582654,3.970291,-0.004734,0.000305,-0.00672,31,66.6256128024356
74102,-8.465807,-3.597011,3.9673,-0.004887,-0.000153,-0.00672,31.04,66.6690362496822
74112,-8.467003,-3.586243,3.97747,-0.005345,-0.001069,-0.00733,31.04,66.6085991949367
74122,-8.461619,-3.593421,3.966104,-0.005345,-0.001222,-0.007941,31.02,66.6634035832013
74132,-8.467003,-3.595216,3.961916,-0.005498,-0.00168,-0.007789,31.02,66.6982219045057
74142,-8.465807,-3.588037,3.966104,-0.005651,-0.001833,-0.006872,30.97,66.6673760481733
74152,-8.462217,-3.594618,3.976871,-0.005498,-0.001833,-0.007025,30.97,66.6091649300416
74162,-8.471789,-3.58385,3.976273,-0.005803,-0.002596,-0.008094,31,66.6227673566913
74172,-8.457432,-3.59043,3.972684,-0.005956,-0.003207,-0.007636,31,66.617432978605
74182,-8.454441,-3.591627,3.975077,-0.006872,-0.00336,-0.008247,31,66.5996678013539
74192,-8.464012,-3.588037,3.978666,-0.006414,-0.002902,-0.00733,30.99,66.5976562814645
74202,-8.46102,-3.595814,3.979862,-0.006414,-0.002902,-0.008247,30.99,66.592024691342
74212,-8.459825,-3.589832,3.97388,-0.007178,-0.002291,-0.007178,31.06,66.6156230618511
74222,-8.456235,-3.595814,3.979264,-0.00733,-0.002443,-0.007178,31.06,66.5851547367015
74232,-8.455039,-3.58744,3.972684,-0.006414,-0.001985,-0.007178,30.99,66.6097731357601
74242,-8.464012,-3.58744,3.975675,-0.006261,-0.002291,-0.007941,30.99,66.6128296056978
74252,-8.467003,-3.584448,3.978666,-0.006109,-0.001069,-0.007483,31.02,66.6007321521934
74262,-8.460423,-3.588636,3.979862,-0.005651,-0.000764,-0.007025,31.02,66.5843998057417
74272,-8.465208,-3.601796,3.982255,-0.006414,-0.000764,-0.006872,31.01,66.5935395131709
74282,-8.458031,-3.59402,3.982255,-0.006414,0.000611,-0.006872,31.01,66.5716154191935
74292,-8.454441,-3.597011,3.973282,-0.005498,0.000305,-0.006414,30.96,66.6138854397008
74302,-8.458628,-3.591029,3.97388,-0.006109,0.001222,-0.006567,30.96,66.6141825832818
74312,-8.461619,-3.58744,3.987041,-0.006567,0.001985,-0.006567,31.03,66.5481646035833
74322,-8.450851,-3.58744,3.970291,-0.006109,0.002443,-0.006567,31.03,66.6135873814271
74332,-8.482555,-3.589234,3.986442,-0.005803,0.002749,-0.006872,30.99,66.5966910531209
74342,-8.454441,-3.593421,3.970889,-0.006261,0.003054,-0.00672,30.99,66.6232675578416
74352,-8.464012,-3.591029,3.986442,-0.007025,0.003971,-0.006872,30.99,66.5595078309454
74362,-8.46461,-3.585645,3.984648,-0.00504,0.004123,-0.006567,31,66.5653923816679
74372,-8.450253,-3.597011,3.966104,-0.006109,0.004429,-0.005498,31,66.6428590783054
74382,-8.468199,-3.58744,3.988237,-0.005192,0.004581,-0.005803,30.98,66.5556744693548
74392,-8.454441,-3.588037,3.976273,-0.005956,0.004887,-0.006261,30.98,66.5901937372539
74402,-8.459825,-3.595814,3.976871,-0.005345,0.004276,-0.005803,31,66.6052273815554
74412,-8.458628,-3.585046,3.984648,-0.005192,0.005956,-0.005651,31,66.5523272499761
74422,-8.447262,-3.592225,3.972684,-0.006414,0.005956,-0.005956,31,66.5977494019301
74432,-8.464012,-3.591627,3.973282,-0.006109,0.004581,-0.005803,31,66.6291054429173
74442,-8.469995,-3.575475,3.97747,-0.005651,0.006109,-0.006414,31.03,66.6053339755271
74452,-8.449057,-3.584448,3.97747,-0.006109,0.005803,-0.006261,31.03,66.5694319985484
74462,-8.46461,-3.594618,3.974478,-0.005498,0.005192,-0.006261,31.03,66.6267268688191
74472,-8.467602,-3.592225,3.983452,-0.005345,0.006567,-0.006567,31.03,66.5837653912047
74482,-8.454441,-3.596412,3.969095,-0.005803,0.006414,-0.005956,30.98,66.6353534100266
74492,-8.469396,-3.58744,3.979264,-0.005956,0.005345,-0.005498,30.98,66.6052466242876
74502,-8.480762,-3.589832,3.981657,-0.005803,0.006261,-0.00672,30.99,66.6185517665084
74512,-8.456235,-3.585046,3.979264,-0.005956,0.005192,-0.006872,30.99,66.5755822595724
74522,-8.467003,-3.588037,3.976871,-0.006261,0.005651,-0.00672,31.02,66.6133320829267
74532,-8.459227,-3.585645,3.961318,-0.006567,0.004887,-0.007483,30.98,66.6766838863342
74542,-8.465807,-3.589832,3.978068,-0.006261,0.004734,-0.005803,30.98,66.6061398803594
74552,-8.463414,-3.581457,3.972684,-0.006567,0.005192,-0.006567,31.03,66.6219890819101
74562,-8.466404,-3.593421,3.972684,-0.006261,0.004276,-0.005803,31.03,66.6388298737813
74572,-8.458031,-3.584448,3.964907,-0.006567,0.004581,-0.006414,31.04,66.6542551942016
74582,-8.458031,-3.580859,3.969693,-0.00672,0.004734,-0.006261,31.04,66.6259170204934
74592,-8.468798,-3.595814,3.972086,-0.006261,0.004734,-0.007178,31.02,66.6490843792014
74602,-8.464012,-3.58385,3.972684,-0.00672,0.003818,-0.007025,31.02,66.6253573339265
74612,-8.462217,-3.58385,3.972684,-0.006872,0.004123,-0.006261,31.02,66.6216044260348
74622,-8.472386,-3.589832,3.973282,-0.006109,0.003971,-0.007483,31.02,66.6449990880215
74632,-8.467003,-3.58744,3.966702,-0.005192,0.003512,-0.006414,31.01,66.6662020599863
74642,-8.460423,-3.584448,3.978666,-0.006109,0.003054,-0.006414,31.01,66.5869629731458
74652,-8.468798,-3.589832,3.974478,-0.007025,0.002443,-0.007178,31.04,66.6312321427062
74662,-8.468798,-3.596412,3.97388,-0.006261,0.002749,-0.007025,31.04,66.640198022733
74672,-8.468199,-3.592225,3.9673,-0.006261,0.002902,-0.006414,31.06,66.66978713225
74682,-8.465807,-3.584448,3.970889,-0.005192,0.002138,-0.007025,31.06,66.63906568452
74692,-8.464012,-3.592225,3.970889,-0.005498,0.001069,-0.00672,30.98,66.6422020024578
74702,-8.467602,-3.588636,3.973282,-0.004581,0.000916,-0.006567,30.97,66.6339543870498
74712,-8.462217,-3.591029,3.970291,-0.005498,0,-0.007178,30.97,66.640534830209
74722,-8.461619,-3.598207,3.966702,-0.00504,0.000305,-0.00733,30.99,66.6645044881718
74732,-8.467602,-3.58385,3.9673,-0.00504,-0.000305,-0.00672,30.99,66.661137974172
74742,-8.468798,-3.593421,3.970291,-0.005345,0.000305,-0.00733,30.99,66.6563888155379
74752,-8.463414,-3.589832,3.979264,-0.005651,-0.000611,-0.006872,30.99,66.5948585643992
74762,-8.467003,-3.586243,3.979264,-0.005803,-0.000611,-0.007636,30.98,66.5991832552324
74772,-8.473583,-3.585645,3.965506,-0.00504,-0.000916,-0.007636,30.98,66.6846213695454
74782,-8.478369,-3.586841,3.975675,-0.004123,-0.001374,-0.007178,31.03,66.6422845484049
74792,-8.460423,-3.594618,3.970291,-0.004887,-0.002138,-0.007178,31.03,66.6399708829925
74802,-8.46461,-3.594618,3.968496,-0.005192,-0.002596,-0.006872,31,66.6581384496743
74812,-8.461619,-3.591029,3.973282,-0.005498,-0.003054,-0.006872,31,66.6235755864637
74822,-8.462815,-3.582654,3.982255,-0.004734,-0.002291,-0.00733,30.98,66.5715386005068
74832,-8.460423,-3.582654,3.971487,-0.005192,-0.002596,-0.007636,30.98,66.6230821977871
74842,-8.469396,-3.588636,3.967898,-0.005498,-0.001985,-0.007483,31.03,66.6659696198088
74852,-8.459825,-3.602993,3.974478,-0.005192,-0.002596,-0.007941,31.03,66.6241725014881
74862,-8.450851,-3.585645,3.972684,-0.005803,-0.002138,-0.00672,30.95,66.5994120012541
74872,-8.466404,-3.588636,3.981059,-0.005345,-0.001833,-0.007178,30.95,66.5906313758729
74882,-8.451449,-3.595814,3.976871,-0.005956,-0.001985,-0.006872,30.99,66.5877067432735
74892,-8.460423,-3.596412,3.976871,-0.006872,-0.000916,-0.007941,31.02,66.6070086984191
74902,-8.470592,-3.583252,3.975675,-0.006109,-0.000611,-0.00733,31.02,66.6228762763814
74912,-8.462217,-3.596412,3.975675,-0.006414,-0.000305,-0.007941,31.05,66.6170363996062
74922,-8.456833,-3.592823,3.978666,-0.006261,-0.000458,-0.006872,31.05,66.5868858512213
74932,-8.456235,-3.588037,3.988835,-0.005803,0.000305,-0.007789,31.01,66.527993602398
74942,-8.453843,-3.595814,3.986442,-0.006109,0.001222,-0.007789,31.01,66.5424643922345
74952,-8.46461,-3.591029,3.979862,-0.006261,0.001069,-0.00733,31.06,66.5952831823012
74962,-8.463414,-3.588037,3.981059,-0.005956,0.002138,-0.00733,31.06,66.5838446491489
74972,-8.459825,-3.593421,3.973282,-0.005498,0.002596,-0.006567,30.99,66.6219489145233
74982,-8.459825,-3.577868,3.983452,-0.005651,0.003054,-0.007025,30.99,66.554743877147
74992,-8.461619,-3.588636,3.978068,-0.005956,0.003054,-0.006414,31,66.5963211816856
75002,-8.466404,-3.591029,3.97388,-0.006109,0.00336,-0.006567,31,66.6304318222099
75012,-8.458031,-3.594618,3.988237,-0.006261,0.004429,-0.006872,31.01,66.5407559030458
75022,-8.466404,-3.6006,3.970889,-0.006109,0.00504,-0.006567,31.01,66.6546166078813
75032,-8.467602,-3.598805,3.97747,-0.005803,0.005192,-0.006872,31.02,66.6209850779033
75042,-8.455039,-3.59402,3.964309,-0.005803,0.005651,-0.007025,31.02,66.6596354930376
75052,-8.453843,-3.588636,3.967898,-0.005345,0.006261,-0.006567,31,66.6334893337798
75062,-8.460423,-3.588636,3.979862,-0.005803,0.006567,-0.006567,31.03,66.5843998057417
75072,-8.46461,-3.585645,3.978068,-0.006261,0.005956,-0.005651,31.03,66.5999260629571
75082,-8.465208,-3.591627,3.976273,-0.005345,0.006567,-0.005803,31.02,66.6159010437408
75092,-8.465208,-3.595814,3.972684,-0.004581,0.007025,-0.006414,31.02,66.6384543147938
75102,-8.466404,-3.595216,3.968496,-0.005651,0.006414,-0.00672,31.01,66.662410167629
75112,-8.460423,-3.592225,3.974478,-0.004887,0.00672,-0.005498,31.01,66.6158559062351
75122,-8.463414,-3.582654,3.971487,-0.005192,0.006261,-0.006567,31.02,66.6293363399357
75132,-8.459825,-3.598207,3.973282,-0.005345,0.006109,-0.005803,31.02,66.6261988200099
75142,-8.467602,-3.585645,3.965506,-0.005803,0.005956,-0.006414,31.03,66.6721486896617
75152,-8.463414,-3.592823,3.970889,-0.004887,0.006414,-0.005803,31.03,66.6414834219567
75162,-8.474181,-3.592225,3.9673,-0.005651,0.005498,-0.005345,30.98,66.6822552976075
75172,-8.463414,-3.582056,3.979264,-0.005651,0.005192,-0.005498,30.98,66.5879643234407
75182,-8.46461,-3.591029,3.971487,-0.006109,0.00504,-0.007178,31.02,66.6392504578215
75192,-8.472386,-3.596412,3.968496,-0.005956,0.003971,-0.007483,31.02,66.6759376117333
75202,-8.467602,-3.586243,3.968496,-0.005956,0.004734,-0.006414,31,66.6569703094615
75212,-8.458628,-3.584448,3.96072,-0.005345,0.004734,-0.006109,31,66.6775191922334
75222,-8.464012,-3.588037,3.964907,-0.006261,0.003512,-0.00672,30.99,66.6699201138011
75232,-8.463414,-3.585046,3.974478,-0.006567,0.003207,-0.006109,30.99,66.615743932668
75242,-8.464012,-3.581457,3.970291,-0.005803,0.002291,-0.006261,30.99,66.6358105936894
75252,-8.46102,-3.588037,3.97388,-0.006109,0.001985,-0.006414,30.96,66.6165295514621
75262,-8.459825,-3.584448,3.968496,-0.006414,0.001374,-0.006567,30.96,66.6391382623088
75272,-8.461619,-3.583252,3.965506,-0.005803,0.001374,-0.00672,30.99,66.6575434524656
75282,-8.46461,-3.586841,3.964907,-0.005498,0.001527,-0.006261,30.99,66.6701102094466
75292,-8.453244,-3.588636,3.969095,-0.005651,0.000764,-0.006872,31.01,66.6259439191705
75302,-8.477771,-3.588037,3.970291,-0.005803,0.000764,-0.007178,31.01,66.6703407940412
75312,-8.468199,-3.586243,3.969693,-0.005345,0.000916,-0.007025,30.96,66.6519297078511
75322,-8.471789,-3.582654,3.971487,-0.005345,0.000305,-0.006414,30.96,66.646833345221
75332,-8.464012,-3.576672,3.9673,-0.005192,-0.000153,-0.00672,31,66.6472982233447
75342,-8.460423,-3.606582,3.970291,-0.006109,-0.000764,-0.00672,31,66.650595881452
75352,-8.473583,-3.602395,3.964907,-0.005803,-0.000916,-0.00733,31.02,66.7025602504172
75362,-8.46461,-3.589234,3.971487,-0.00504,-0.000611,-0.006872,31.02,66.6376605472408
75372,-8.468199,-3.601198,3.97388,-0.00504,-0.000764,-0.006414,31,66.6431910764071
75382,-8.455637,-3.602993,3.976273,-0.005498,-0.001222,-0.006261,31,66.6059995702235
75392,-8.453244,-3.588037,3.972086,-0.005192,-0.000916,-0.007025,31.04,66.6096899296352
75402,-8.466404,-3.588636,3.972086,-0.004734,-0.000611,-0.007025,30.98,66.6377321771615
75412,-8.459227,-3.592225,3.97388,-0.00504,-0.001222,-0.00733,30.98,66.6164965533496
75422,-8.453244,-3.595216,3.972684,-0.004581,-0.000916,-0.006414,31,66.6129281011432
75432,-8.453843,-3.585645,3.97388,-0.005345,-0.000458,-0.006414,31,66.5993908257388
75442,-8.469995,-3.588037,3.979264,-0.004734,-0.000153,-0.006414,30.98,66.6070271764278
75452,-8.457432,-3.597011,3.982255,-0.004123,-0.000153,-0.006109,30.98,66.5730230837775
75462,-8.458628,-3.578466,3.982853,-0.004276,0,-0.006872,30.99,66.5559092093062
75472,-8.455637,-3.589832,3.974478,-0.004276,0.001069,-0.006261,30.99,66.6037222227265
75482,-8.459227,-3.588037,3.976871,-0.004887,0.000764,-0.00733,31.01,66.5970703881685
75492,-8.451449,-3.593421,3.985246,-0.004734,0.001527,-0.006109,31.01,66.5415910046151
75502,-8.458031,-3.597011,3.981059,-0.00504,0.001374,-0.006414,30.97,66.5805541937605
75512,-8.449656,-3.592225,3.97747,-0.005192,0.001833,-0.00672,30.97,66.5776091970536
75522,-8.451449,-3.591029,3.973282,-0.005345,0.002749,-0.007178,30.99,66.6023067102006
75532,-8.46102,-3.58385,3.971487,-0.005498,0.002596,-0.007025,30.99,66.6253899144086
75542,-8.468199,-3.592225,3.969095,-0.004887,0.003207,-0.007025,30.95,66.6603607694652
75552,-8.467602,-3.594618,3.975077,-0.004887,0.003818,-0.00672,30.95,66.6298299580521
75562,-8.462217,-3.589832,3.975077,-0.004581,0.004429,-0.007178,31.01,66.6143374651772
75572,-8.46461,-3.597011,3.982255,-0.005956,0.004581,-0.006261,31,66.5880374619219
75582,-8.46102,-3.576672,3.976273,-0.005956,0.005651,-0.007025,31,66.5938903418277
75592,-8.474181,-3.593421,3.979862,-0.006261,0.005651,-0.007178,30.98,66.6174002855219
75602,-8.468199,-3.591029,3.976871,-0.005803,0.005803,-0.006414,30.98,66.6184813363456
75612,-8.456833,-3.602993,3.964309,-0.006261,0.005803,-0.00733,31.01,66.6713460686766
75622,-8.457432,-3.593421,3.978666,-0.005803,0.00733,-0.006414,31.01,66.5886709686783
75632,-8.464012,-3.586243,3.979862,-0.00504,0.007178,-0.007178,30.98,66.5897876835338
75642,-8.465208,-3.592823,3.963711,-0.005651,0.00672,-0.007483,30.98,66.6829332784243
75652,-8.459227,-3.58744,3.975077,-0.00672,0.007483,-0.007025,30.99,66.6059629721375
75662,-8.464012,-3.591627,3.973282,-0.006109,0.007178,-0.006872,30.99,66.6291054429173
75672,-8.458628,-3.58744,3.962514,-0.005192,0.006567,-0.006567,31.03,66.6707333070542
75682,-8.470592,-3.602395,3.975077,-0.005498,0.006261,-0.007025,31.03,66.6429616924181
75692,-8.464012,-3.59043,3.972086,-0.005498,0.006567,-0.00672,30.99,66.6343251962147
75702,-8.459825,-3.583252,3.966702,-0.005498,0.006261,-0.006261,30.99,66.6475086347218
75712,-8.467003,-3.601198,3.966702,-0.005498,0.005651,-0.007025,31.02,66.6783785895288
75722,-8.465807,-3.586841,3.969693,-0.005956,0.003971,-0.007025,31.02,66.6474645203698
75732,-8.462217,-3.592823,3.963711,-0.005803,0.004581,-0.007789,31.01,66.6766964655757
75742,-8.469995,-3.594618,3.975077,-0.004887,0.002902,-0.008094,30.98,66.6348247823332
75752,-8.479566,-3.591029,3.970889,-0.004581,0.002138,-0.007483,30.98,66.6735828506707
75762,-8.465208,-3.589234,3.9673,-0.004734,0.001222,-0.007941,31,66.6609016525888
75772,-8.455039,-3.585645,3.972684,-0.005192,0.001069,-0.007178,31,66.6081797387855
75782,-8.462217,-3.581457,3.975077,-0.00504,0.000458,-0.00672,31.02,66.6069154750506
75792,-8.462815,-3.592823,3.973282,-0.004734,0,-0.006567,31.02,66.6276654347583
75802,-8.469995,-3.586243,3.975077,-0.005498,-0.001069,-0.00733,30.97,66.6274124545314
75812,-8.445468,-3.595814,3.968496,-0.004734,-0.001527,-0.006567,30.97,66.619211703339
75822,-8.461619,-3.584448,3.966702,-0.005192,-0.001833,-0.006414,30.99,66.6523154188382
75832,-8.472386,-3.575475,3.972086,-0.005498,-0.002291,-0.00733,30.99,66.6386005095287
75842,-8.467003,-3.591627,3.97388,-0.005192,-0.001527,-0.007025,31.01,66.6322123992033
75852,-8.458031,-3.595216,3.982853,-0.005192,-0.002291,-0.007789,31.01,66.5695406825096
75862,-8.462815,-3.59043,3.97388,-0.004276,-0.001985,-0.006567,30.97,66.6224032907373
75872,-8.467602,-3.591029,3.976273,-0.004429,-0.001222,-0.006872,30.97,66.6203727028137
75882,-8.466404,-3.586243,3.971487,-0.004429,-0.001374,-0.007025,30.98,66.6387599976989
75892,-8.470592,-3.598207,3.970291,-0.005345,-0.001222,-0.00672,30.98,66.6643657192359
75902,-8.455637,-3.586243,3.966702,-0.00504,-0.001069,-0.007178,30.99,66.6414049974702
75912,-8.462815,-3.588636,3.981059,-0.005345,-0.000611,-0.007178,30.95,66.5831226128594
75922,-8.456833,-3.592225,3.980461,-0.005956,-0.000153,-0.007941,30.95,66.5769289777935
75932,-8.450851,-3.599404,3.979862,-0.005192,0,-0.007483,31,66.5739436605691
75942,-8.472386,-3.592225,3.981657,-0.00504,0.001069,-0.007483,31,66.6031791495815
75952,-8.464012,-3.59402,3.973282,-0.004887,0.000916,-0.007178,31,66.631226964385
75962,-8.465807,-3.59043,3.9673,-0.00504,0.001069,-0.006872,31,66.6632098238679
75972,-8.46102,-3.596412,3.986442,-0.00504,0.002596,-0.006872,31.01,66.5580297138791
75982,-8.450851,-3.594618,3.975675,-0.005345,0.001527,-0.00733,31.01,66.5916736300585
75992,-8.463414,-3.59043,3.975077,-0.004887,0.002596,-0.00733,31.01,66.6173697128598
76002,-8.462815,-3.588636,3.981059,-0.005192,0.003512,-0.00733,31.01,66.5831226128594
76012,-8.463414,-3.584448,3.97388,-0.005192,0.00336,-0.006567,30.98,66.6183549094912
76022,-8.453843,-3.591627,3.966702,-0.004123,0.003512,-0.00672,30.98,66.6424321258845
76032,-8.46102,-3.593421,3.978666,-0.004887,0.004276,-0.008399,31.03,66.5961765408655
76042,-8.458628,-3.58744,3.978068,-0.004734,0.004276,-0.006414,31.03,66.5890006253607
76052,-8.472386,-3.598805,3.979862,-0.004581,0.004429,-0.006872,30.99,66.6184230280516
76062,-8.470592,-3.58385,3.98405,-0.005345,0.003971,-0.00733,30.99,66.5794610824643
76072,-8.467003,-3.591627,3.979862,-0.00504,0.004581,-0.006567,30.96,66.6008166272445
76082,-8.466404,-3.589234,3.975675,-0.005345,0.00504,-0.007789,30.96,66.6194185857785
76092,-8.451449,-3.58385,3.980461,-0.005498,0.004429,-0.006414,31,66.5581994340405
76102,-8.46461,-3.586841,3.980461,-0.005498,0.004581,-0.007178,30.99,66.5884251526251
76112,-8.467602,-3.586841,3.982255,-0.004887,0.004734,-0.007789,30.99,66.585270963872
76122,-8.463414,-3.584448,3.97388,-0.004887,0.004429,-0.007178,31.02,66.6183549094912
76132,-8.465807,-3.582056,3.982255,-0.005192,0.005192,-0.007483,31.02,66.5772743718701
76142,-8.462815,-3.598207,3.981657,-0.005192,0.00504,-0.007483,31,66.588485036678
76152,-8.466404,-3.594618,3.97388,-0.005651,0.004734,-0.006567,31,66.6336119438727
76162,-8.465807,-3.588037,3.985844,-0.005498,0.004887,-0.007025,30.97,66.5637464833877
76172,-8.460423,-3.582056,3.976273,-0.005956,0.004429,-0.007636,30.97,66.5974095936977
76182,-8.480165,-3.588636,3.97388,-0.005498,0.004123,-0.00733,31.03,66.6570295756199
76192,-8.465208,-3.589832,3.979264,-0.006109,0.004429,-0.007025,31.03,66.5986103988408
76202,-8.467602,-3.602993,3.9673,-0.005803,0.004429,-0.006414,30.97,66.6780770223242
76212,-8.467003,-3.600002,3.97388,-0.005803,0.004429,-0.006567,30.97,66.6396357213261
76222,-8.468798,-3.595814,3.974478,-0.005498,0.004429,-0.006567,30.99,66.6365297771435
76232,-8.460423,-3.585645,3.972684,-0.005498,0.003971,-0.007178,30.99,66.6194432128158
76242,-8.469396,-3.597011,3.966702,-0.004734,0.004276,-0.006109,31,66.6796566644929
76252,-8.467003,-3.589832,3.971487,-0.005345,0.00336,-0.006872,31,66.6431868788725
76262,-8.461619,-3.599404,3.980461,-0.005956,0.002291,-0.008094,31.02,66.5933247150294
76272,-8.478369,-3.588636,3.973282,-0.005651,0.003665,-0.007483,31.01,66.6564221500097
76282,-8.467003,-3.597609,3.9673,-0.005192,0.002138,-0.006872,31.01,66.672059060592
76292,-8.462217,-3.596412,3.969095,-0.005192,0.002443,-0.006872,31.01,66.6515894980606
76302,-8.467003,-3.589234,3.964907,-0.004734,0.002291,-0.006872,31.01,66.6772180244178
76312,-8.459227,-3.586841,3.978666,-0.005803,0.002138,-0.007025,31.02,66.5865824928222
76322,-8.455039,-3.602395,3.972086,-0.005498,0.002138,-0.006872,31.02,66.6262079832823
76332,-8.459825,-3.580261,3.975077,-0.004734,0.002138,-0.00733,30.99,66.6008496281377
76342,-8.465807,-3.589832,3.973282,-0.004581,0.001833,-0.00733,30.99,66.6312643493518
76352,-8.465807,-3.581457,3.972684,-0.004429,0.001374,-0.007941,31,66.6269924962677
76362,-8.461619,-3.58385,3.967898,-0.004734,0.000611,-0.007941,31,66.6455007177678
76372,-8.458628,-3.588636,3.974478,-0.005651,0.000458,-0.007483,30.99,66.6089175387859
76382,-8.474181,-3.595814,3.97388,-0.00504,0.001069,-0.007025,30.99,66.650895548439
76392,-8.472985,-3.594618,3.97388,-0.004123,0.000764,-0.007025,31.02,66.6473435443628
76402,-8.458031,-3.59043,3.976273,-0.004734,0.000153,-0.007636,31.02,66.5998331797768
76412,-8.456833,-3.592823,3.970889,-0.004734,0.000916,-0.007941,31.01,66.6277362858153
76422,-8.458628,-3.581457,3.9673,-0.004581,0.000305,-0.00733,31.01,66.6402741078258
76432,-8.458031,-3.581457,3.96072,-0.004276,0.000153,-0.00672,31.02,66.673626889249
76442,-8.464012,-3.586841,3.9673,-0.005345,0.000305,-0.00733,30.98,66.6562878640873
76452,-8.450253,-3.578466,3.974478,-0.005345,-0.000153,-0.007789,30.98,66.5823509367135
76462,-8.460423,-3.58385,3.969693,-0.004734,-0.000611,-0.007941,31.04,66.6335681962746
76472,-8.455039,-3.593421,3.972086,-0.005498,0,-0.007025,31.04,66.6182278403556
76482,-8.462815,-3.589234,3.970889,-0.005192,0,-0.008094,31,66.637052116196
76492,-8.453244,-3.592225,3.97388,-0.00504,-0.000305,-0.007025,31,66.6039839544023
76502,-8.468798,-3.595814,3.969095,-0.00504,0.000305,-0.00733,31.03,66.6647862229181
76512,-8.455039,-3.593421,3.971487,-0.004734,0.001069,-0.006872,31.03,66.6213753010313
76522,-8.469995,-3.595216,3.970889,-0.004887,0.000916,-0.007025,31.02,66.6573345837858
76532,-8.457432,-3.592823,3.983452,-0.00504,0.000611,-0.007483,31.02,66.563013375073
76542,-8.453244,-3.585046,3.970889,-0.00504,0.001374,-0.007178,30.96,66.6133259777738
76552,-8.467003,-3.6006,3.979264,-0.005345,0.002291,-0.00672,30.96,66.6119156258369
76562,-8.449057,-3.598207,3.979862,-0.004887,0.002291,-0.00733,30.98,66.5691196979991
76572,-8.456833,-3.589234,3.975675,-0.004887,0.002443,-0.007789,30.98,66.5994054049462
76582,-8.456833,-3.58385,3.969693,-0.004581,0.002596,-0.00733,30.99,66.6260611725351
76592,-8.468199,-3.591029,3.97388,-0.005192,0.003054,-0.006414,30.99,66.6341800673753
76602,-8.459825,-3.59043,3.97747,-0.00504,0.003512,-0.007025,31,66.5973002556264
76612,-8.467003,-3.593421,3.991827,-0.005345,0.003971,-0.007789,30.98,66.5396586855696
76622,-8.457432,-3.586841,3.973282,-0.004887,0.004581,-0.007025,30.98,66.6111060318161
76632,-8.46102,-3.586243,3.972684,-0.005345,0.00504,-0.006872,31.01,66.6212215202828
76642,-8.462815,-3.597609,3.976273,-0.005192,0.005192,-0.00672,31.01,66.6162092460996
76652,-8.468798,-3.584448,3.985246,-0.005345,0.005345,-0.006872,31.03,66.5699626290377
76662,-8.462815,-3.592823,3.973282,-0.005345,0.005803,-0.006872,31.03,66.6276654347583
76672,-8.463414,-3.592823,3.981657,-0.004734,0.006261,-0.006414,31.05,66.5849543145746
76682,-8.462217,-3.595814,3.975675,-0.00504,0.005956,-0.007483,31.05,66.6165054797461
76692,-8.465208,-3.58744,3.971487,-0.005803,0.006567,-0.007178,31.03,66.6373211564043
76702,-8.462217,-3.580261,3.978666,-0.004734,0.005956,-0.007025,31.03,66.5870075875795
76712,-8.465807,-3.597609,3.970889,-0.00504,0.005803,-0.006414,31,66.6507197207217
76722,-8.462217,-3.588037,3.970291,-0.005345,0.005803,-0.007636,31,66.6378837865056
76732,-8.467602,-3.588636,3.972684,-0.004734,0.005498,-0.00672,30.98,66.637094025238
76742,-8.458031,-3.582056,3.968496,-0.004887,0.005651,-0.00733,30.98,66.6332690883113
76752,-8.46461,-3.586243,3.976273,-0.005803,0.004887,-0.007941,31.02,66.6098796014651
76762,-8.453244,-3.59043,3.973282,-0.005192,0.005192,-0.00733,31.02,66.6055306240752
76772,-8.475378,-3.588636,3.969095,-0.004276,0.003971,-0.007636,31,66.6721585218633
76782,-8.465208,-3.592823,3.969095,-0.004734,0.004123,-0.00733,31.04,66.654650111845
76792,-8.466404,-3.593421,3.97388,-0.00504,0.004123,-0.007483,31.04,66.6325511042365
76802,-8.456235,-3.59402,3.969095,-0.005498,0.00336,-0.00672,31,66.6369765517681
76812,-8.465807,-3.592225,3.970291,-0.005345,0.002596,-0.007483,31,66.6490894448649
76822,-8.464012,-3.588636,3.973282,-0.004887,0.002596,-0.008094,31.01,66.6264549357191
76832,-8.468798,-3.582654,3.973282,-0.005192,0.002291,-0.00733,31.01,66.6311616259481
76842,-8.458031,-3.58744,3.973282,-0.004887,0.001374,-0.007941,30.96,66.6128905174227
76852,-8.467003,-3.589832,3.975675,-0.004887,0.000611,-0.007941,30.96,66.621199813429
76862,-8.459825,-3.579663,3.975077,-0.005345,0.000611,-0.007025,31.01,66.6003198321127
76872,-8.465208,-3.58385,3.972684,-0.005192,-0.000458,-0.007178,31.01,66.6278573145534
76882,-8.463414,-3.589832,3.968496,-0.00504,-0.000305,-0.007941,31,66.6514033141574
76892,-8.468199,-3.591627,3.971487,-0.005651,-0.000764,-0.00733,31,66.6472720471739
76902,-8.452645,-3.595216,3.969095,-0.005651,-0.000611,-0.008247,31.01,66.630537386561
76912,-8.458031,-3.592823,3.969693,-0.005498,-0.000305,-0.008094,31.01,66.6365237951436
76922,-8.463414,-3.596412,3.973282,-0.005192,-0.000305,-0.007789,31,66.6320999337216
76932,-8.454441,-3.589234,3.976871,-0.004734,-0.000458,-0.007178,31,66.5881159668533
76942,-8.456235,-3.591029,3.970291,-0.004581,-0.000458,-0.007025,31.01,66.6280359920414
76952,-8.464012,-3.596412,3.964907,-0.005498,-0.000153,-0.007025,30.98,66.6773335272547
76962,-8.472386,-3.581457,3.985246,-0.004734,-0.000305,-0.00672,30.98,66.5748246506265
76972,-8.464012,-3.589234,3.970889,-0.004887,-0.000153,-0.007483,30.96,66.6395523289517
76982,-8.462815,-3.601198,3.974478,-0.005192,0.001069,-0.007483,30.96,66.6288192116823
76992,-8.469396,-3.59043,3.978666,-0.004429,0.000916,-0.007025,31.02,66.6110322211209
77002,-8.46102,-3.596412,3.970889,-0.00504,0.001222,-0.007178,31.02,66.6396681640458
77012,-8.459227,-3.58385,3.980461,-0.004581,0.001374,-0.00733,31.02,66.5745022314044
77022,-8.457432,-3.583252,3.976871,-0.004429,0.002138,-0.007789,31.02,66.5890665763208
77032,-8.449656,-3.588037,3.970291,-0.00504,0.00336,-0.007178,31,66.6116167353488
77042,-8.458628,-3.582056,3.975077,-0.004276,0.002596,-0.007483,31,66.5999345677655
77052,-8.455637,-3.589832,3.969693,-0.004734,0.003207,-0.007789,30.99,66.6288661289019
77062,-8.457432,-3.580859,3.97388,-0.00504,0.003818,-0.008399,30.99,66.6026587271085
77072,-8.46102,-3.586841,3.978068,-0.004581,0.004123,-0.00733,31.01,66.5934753764197
77082,-8.464012,-3.595814,3.976273,-0.004887,0.00336,-0.00733,31.01,66.6171161911546
77092,-8.461619,-3.595814,3.969095,-0.004276,0.004276,-0.007483,31.02,66.6498111618336
77102,-8.466404,-3.58744,3.972086,-0.004123,0.004734,-0.007636,31.02,66.6366735935829
77112,-8.456833,-3.589234,3.973282,-0.004887,0.004429,-0.006567,30.97,66.6119767860013
77122,-8.46461,-3.581457,3.970889,-0.004887,0.005192,-0.006567,30.97,66.6339189309035
77133,-8.456833,-3.593421,3.979264,-0.004734,0.004734,-0.00672,30.97,66.5842775221611
77142,-8.46461,-3.593421,3.979862,-0.004276,0.004734,-0.006109,31.01,66.5974056719319
77152,-8.460423,-3.589234,3.981059,-0.004734,0.003818,-0.007636,31.01,66.5786469522384
77162,-8.463414,-3.591627,3.967898,-0.004429,0.00336,-0.007483,30.98,66.6561345285505
77172,-8.458628,-3.583252,3.968496,-0.004429,0.004429,-0.007941,30.98,66.6355767266783
77182,-8.462217,-3.583252,3.967898,-0.004581,0.003818,-0.007483,30.99,66.6462210696049
77192,-8.466404,-3.588636,3.964907,-0.003665,0.003665,-0.007025,30.99,66.6754400735266
77202,-8.455637,-3.589234,3.969693,-0.004123,0.00336,-0.006414,30.99,66.6283353906047
77212,-8.47119,-3.586841,3.971487,-0.004734,0.003207,-0.007025,30.99,66.649281421986
77222,-8.46102,-3.592823,3.983452,-0.004581,0.003665,-0.00733,30.98,66.5705256347637
77232,-8.467003,-3.588636,3.976871,-0.004887,0.002596,-0.007178,30.98,66.6138626380024
77242,-8.458628,-3.582654,3.981657,-0.005345,0.002291,-0.008552,31.02,66.5659056950639
77252,-8.461619,-3.592225,3.97388,-0.004123,0.002443,-0.007178,31.02,66.6214959273142
77262,-8.470592,-3.585645,3.976871,-0.003971,0.002902,-0.007178,30.98,66.6187151028567
77272,-8.461619,-3.583252,3.973282,-0.005192,0.002138,-0.007636,30.98,66.6166828724224
77282,-8.467003,-3.589234,3.975077,-0.00504,0.002291,-0.007483,30.98,66.6238092665317
77292,-8.467602,-3.588636,3.972684,-0.00504,0.002291,-0.00672,30.98,66.637094025238
77302,-8.459825,-3.595216,3.969095,-0.004887,0.00168,-0.00733,31,66.645535824022
77312,-8.465208,-3.596412,3.970291,-0.004581,0.001527,-0.007483,31.02,66.6515490440726
77322,-8.465208,-3.596412,3.973282,-0.004276,0.002291,-0.00672,31.02,66.6358450914127
77332,-8.458031,-3.589234,3.979264,-0.004734,0.001985,-0.00733,31,66.5830636094556
77342,-8.458628,-3.598207,3.975077,-0.004887,0.001833,-0.007025,31,66.6142721131254
77352,-8.455637,-3.591627,3.978068,-0.00504,0.001985,-0.006872,31.01,66.5864597079145
77362,-8.47119,-3.586243,3.979264,-0.004123,0.003054,-0.006872,31.01,66.6079368929641
77372,-8.465208,-3.589832,3.972086,-0.004276,0.003512,-0.006872,30.98,66.6362934004866
77382,-8.47119,-3.582654,3.9673,-0.005192,0.003665,-0.007483,30.98,66.6675700213938
77392,-8.464012,-3.589234,3.974478,-0.005192,0.002902,-0.007483,31.03,66.6207044876737
77402,-8.469995,-3.588636,3.969693,-0.004581,0.003512,-0.006567,31.03,66.6577932858217
77412,-8.453843,-3.595814,3.979862,-0.004276,0.004123,-0.006414,31.01,66.5770084140028
77422,-8.463414,-3.592823,3.97747,-0.004734,0.003971,-0.00733,31.01,66.6069292077232
77432,-8.46102,-3.594618,3.976871,-0.00504,0.004276,-0.007178,31.01,66.6066629979615
77442,-8.450851,-3.589234,3.970291,-0.005192,0.003512,-0.00733,31.01,66.6151814995947
77452,-8.463414,-3.58385,3.970291,-0.004276,0.003512,-0.007178,30.97,66.6366778278042
77462,-8.46461,-3.586243,3.976871,-0.004887,0.003971,-0.008247,30.97,66.606739993107
77472,-8.461619,-3.576672,3.968496,-0.00504,0.00336,-0.007789,31,66.6360088048629
77482,-8.458031,-3.592225,3.972086,-0.004887,0.003818,-0.007483,31.01,66.6234203082818
77492,-8.467602,-3.586243,3.963711,-0.004734,0.004123,-0.00672,31.01,66.6821080951873
77502,-8.467003,-3.598805,3.972086,-0.005345,0.004123,-0.00733,31,66.6479906290715
77512,-8.465208,-3.588636,3.971487,-0.005192,0.003818,-0.00733,31,66.6383799710299
77522,-8.462217,-3.58744,3.972086,-0.005192,0.002749,-0.007025,31.04,66.6279256575383
77532,-8.456833,-3.59402,3.970889,-0.004581,0.003512,-0.00672,31.04,66.6287992057859
77542,-8.462815,-3.579663,3.974478,-0.004581,0.003665,-0.008247,31.01,66.6097247449955
77552,-8.464012,-3.601796,3.963711,-0.005345,0.002902,-0.007483,31.01,66.6883874571307
77562,-8.456235,-3.59402,3.976871,-0.00504,0.002138,-0.007636,31.05,66.5961253062589
77572,-8.461619,-3.589234,3.970889,-0.005192,0.001985,-0.008094,31.05,66.6345535414308
77582,-8.453244,-3.595814,3.981657,-0.005192,0.001527,-0.008552,31,66.5663287447534
77592,-8.467003,-3.58385,3.974478,-0.004123,0.001527,-0.007025,31,66.6221883632541
77602,-8.457432,-3.592823,3.970889,-0.004581,0.000764,-0.00672,31.01,66.6289881088313
77612,-8.456235,-3.595814,3.97747,-0.004734,0.000611,-0.007025,31.01,66.5945750056823
77622,-8.470592,-3.596412,3.974478,-0.004123,0.000305,-0.007636,31.01,66.6408025442197
77632,-8.465208,-3.583252,3.975675,-0.004734,0.000916,-0.007483,31.01,66.611621199003
77642,-8.462815,-3.588636,3.978666,-0.003512,0.000305,-0.006872,31.04,66.5956836907638
77652,-8.447262,-3.592823,3.97747,-0.003512,0.001222,-0.00733,31.01,66.5731264258366
77662,-8.453244,-3.601796,3.973282,-0.004581,0.000458,-0.007178,31.01,66.6156418508142
77672,-8.456833,-3.585046,3.976871,-0.003971,0.000305,-0.007636,30.98,66.5894043531808
77682,-8.465807,-3.580859,3.976273,-0.003054,0.000611,-0.00733,30.98,66.6076162390783
77692,-8.465208,-3.583252,3.970889,-0.003971,0.000916,-0.007789,31,66.6367562720836
77702,-8.46102,-3.593421,3.970291,-0.003665,0.000153,-0.007789,31,66.640155748913
77712,-8.460423,-3.588636,3.973282,-0.003512,0.000305,-0.008094,30.97,66.6189535149647
77722,-8.457432,-3.586243,3.971487,-0.003665,0.000611,-0.008552,30.97,66.6200073316207
77732,-8.461619,-3.583252,3.969693,-0.003971,0.001222,-0.008247,31.02,66.6355388775853
77742,-8.466404,-3.595814,3.980461,-0.003971,0.001222,-0.008247,31.02,66.6001361664919
77752,-8.465807,-3.597011,3.984648,-0.003665,0.001527,-0.00733,31.01,66.5779878023565
77762,-8.455637,-3.601198,3.981059,-0.003818,0.001527,-0.007789,31.01,66.579273667797
77772,-8.454441,-3.585046,3.976273,-0.003818,0.001833,-0.007636,31,66.5875365986749
77782,-8.46461,-3.591627,3.975675,-0.004734,0.001833,-0.008247,31,66.6177907100315
77792,-8.462217,-3.585645,3.972086,-0.003665,0.002443,-0.007483,31,66.6263354988827
77802,-8.460423,-3.591627,3.975077,-0.004429,0.002749,-0.007178,31,66.6121794878205
77812,-8.459227,-3.582056,3.979264,-0.00504,0.003054,-0.007941,31.01,66.5791962381194
77822,-8.465807,-3.588037,3.971487,-0.004276,0.003512,-0.007025,31.01,66.639100707948
77832,-8.455637,-3.593421,3.97388,-0.004734,0.003665,-0.006567,31.01,66.6100527469973
77842,-8.46102,-3.585645,3.969693,-0.005192,0.004123,-0.007178,30.99,66.6364057278821
77852,-8.443673,-3.589832,3.985246,-0.005345,0.004581,-0.006567,30.99,66.5220724865787
77862,-8.453843,-3.591029,3.974478,-0.00504,0.004887,-0.007483,31.01,66.6010319779996
77872,-8.461619,-3.594618,3.976273,-0.004887,0.005192,-0.006567,31.01,66.6110545528221
77882,-8.457432,-3.591029,3.973282,-0.004887,0.005192,-0.006567,31.02,66.6148231153762
77892,-8.456833,-3.592225,3.985246,-0.005192,0.005498,-0.007025,31.02,66.5518103622833
77902,-8.474181,-3.586243,3.984648,-0.005192,0.005956,-0.007636,31,66.5859503210473
77912,-8.469995,-3.586841,3.972684,-0.006109,0.005803,-0.007025,31,66.640502880925
77922,-8.456235,-3.588037,3.969693,-0.005956,0.005956,-0.006872,30.98,66.6285235672788
77932,-8.467003,-3.592225,3.981657,-0.005498,0.005498,-0.006567,30.98,66.5919291175862
77942,-8.461619,-3.580859,3.963113,-0.005956,0.006261,-0.00672,30.98,66.6680076196392
77952,-8.467003,-3.595216,3.975675,-0.005345,0.005803,-0.006567,30.98,66.6259709122931
77962,-8.463414,-3.592823,3.976273,-0.005803,0.005956,-0.006261,30.97,66.6132128383336
77972,-8.459227,-3.580261,3.97388,-0.005803,0.005498,-0.00733,30.97,66.6058865760658
77982,-8.458628,-3.585046,3.978068,-0.005498,0.00504,-0.007178,31,66.5868756910773
77992,-8.455637,-3.595216,3.971487,-0.005651,0.005192,-0.007636,31.02,66.6242202636088
78002,-8.463414,-3.591029,3.969693,-0.005803,0.004581,-0.007636,31.02,66.6461755641554
78012,-8.458628,-3.588636,3.973282,-0.005192,0.00504,-0.006872,31,66.6152002365027
78022,-8.464012,-3.599404,3.972684,-0.004887,0.004429,-0.006567,31,66.6391426379138
78032,-8.462815,-3.597609,3.966702,-0.004887,0.004429,-0.00672,30.97,66.6664685300772
78042,-8.467602,-3.589832,3.975675,-0.004734,0.004123,-0.00733,30.97,66.6224511782378
78052,-8.468199,-3.584448,3.958327,-0.005651,0.003512,-0.007025,31,66.7100644059303
78062,-8.469396,-3.58744,3.970291,-0.004887,0.003971,-0.006567,31,66.6523460934348
78072,-8.460423,-3.591627,3.959523,-0.003971,0.003818,-0.00672,31,66.6939114865007
78082,-8.464012,-3.591029,3.963711,-0.004123,0.002749,-0.006414,31,66.6788521117228
78092,-8.468199,-3.593421,3.972086,-0.004581,0.002902,-0.00733,31.01,66.6457155446459
78102,-8.46461,-3.591627,3.970889,-0.004276,0.002443,-0.007025,31.01,66.6429206928742
78112,-8.474181,-3.582056,3.969095,-0.004581,0.002138,-0.007483,31.01,66.663856961307
78122,-8.472386,-3.592823,3.9673,-0.004581,0.001985,-0.00672,31.01,66.6790435892719
78132,-8.468199,-3.581457,3.966702,-0.003971,0.003054,-0.00733,31,66.6634123459129
78142,-8.465208,-3.594618,3.972684,-0.003818,0.002443,-0.008094,31,66.6373940312582
78152,-8.467602,-3.586243,3.971487,-0.004429,0.002291,-0.007636,30.95,66.6412620560523
78162,-8.462217,-3.58744,3.974478,-0.004123,0.000916,-0.007636,30.99,66.6153623234789
78172,-8.467602,-3.589234,3.978068,-0.004276,0.001374,-0.007178,30.99,66.6093618828585
78182,-8.461619,-3.580859,3.979264,-0.004429,0.000305,-0.007941,30.98,66.5831450614729
78192,-8.467003,-3.586243,3.969095,-0.004123,0.000153,-0.00733,30.98,66.6525737035961
78202,-8.469995,-3.586243,3.969095,-0.003818,0.000458,-0.007636,31,66.6588185933377
78212,-8.468798,-3.592823,3.976871,-0.003971,0.000305,-0.007025,31,66.6213217430287
78222,-8.458628,-3.594618,3.975675,-0.003971,0.000764,-0.00733,31.01,66.6079423740469
78232,-8.46461,-3.591627,3.975077,-0.003512,0.000764,-0.007025,31.01,66.620930124439
78242,-8.465807,-3.585046,3.97747,-0.004581,0.000153,-0.008247,31.07,66.6050383064484
78252,-8.464012,-3.586841,3.976273,-0.004276,0.000305,-0.007789,31.07,66.6091590063682
78262,-8.460423,-3.592823,3.970291,-0.004887,-0.000153,-0.007483,31,66.6383785714866
78272,-8.460423,-3.597011,3.986442,-0.004581,-0.000458,-0.00733,31,66.5573130185732
78282,-8.456235,-3.59402,3.975077,-0.004429,-0.000611,-0.007636,31,66.6055478566736
78292,-8.456235,-3.589234,3.97747,-0.004429,-0.001069,-0.007941,31,66.5887253455045
78302,-8.461619,-3.595814,3.983452,-0.004429,-0.000611,-0.007483,30.97,66.5744380626182
78312,-8.459825,-3.59043,3.975077,-0.003512,-0.000458,-0.00672,30.97,66.6098668300183
78322,-8.46102,-3.589234,3.975675,-0.003665,-0.000611,-0.007025,31.02,66.608164070654
78332,-8.463414,-3.59043,3.975077,-0.003818,-0.000764,-0.006567,31.02,66.6173697128598
78342,-8.46102,-3.589832,3.97747,-0.003971,-0.001069,-0.007483,31,66.5992691761964
78352,-8.461619,-3.594618,3.968496,-0.003971,0.000305,-0.007483,31,66.6518971874815
78362,-8.456235,-3.589832,3.973282,-0.003971,0.000458,-0.007636,31,66.6112568929795
78372,-8.463414,-3.597609,3.970291,-0.003818,0.000305,-0.006261,31.05,66.6488673750255
78382,-8.456833,-3.598805,3.980461,-0.004276,0.001222,-0.006109,31.05,66.5827835771369
78392,-8.462815,-3.58744,3.969095,-0.004581,0.001222,-0.006872,30.98,66.6448875276217
78402,-8.458628,-3.596412,3.980461,-0.003971,0.000764,-0.007178,30.98,66.584409258358
78412,-8.457432,-3.589832,3.97388,-0.004429,0.001527,-0.007025,30.98,66.6106188780785
78422,-8.465807,-3.595814,3.98405,-0.004734,0.00168,-0.007025,30.98,66.5800609504432
78432,-8.461619,-3.591627,3.985246,-0.00504,0.001985,-0.00672,31.02,66.5613031506744
78442,-8.454441,-3.592225,3.97747,-0.005345,0.002138,-0.008399,31.02,66.5876288546661
78452,-8.468199,-3.588636,3.981657,-0.004581,0.003207,-0.00733,31,66.5912478534192
78462,-8.456833,-3.582654,3.98405,-0.004887,0.004123,-0.006567,31,66.5495779950071
78472,-8.460423,-3.579065,3.975675,-0.005498,0.004276,-0.007636,31.05,66.5979006601989
78482,-8.458031,-3.577868,3.973282,-0.005498,0.00504,-0.006567,31.05,66.6044049926991
78492,-8.462217,-3.58744,3.965506,-0.00504,0.004887,-0.007025,30.98,66.6624976149591
78502,-8.453843,-3.585645,3.980461,-0.006109,0.006109,-0.006872,30.98,66.5648149008874
78512,-8.46102,-3.592823,3.974478,-0.005345,0.005956,-0.006872,30.97,66.617634400849
78522,-8.464012,-3.586243,3.969095,-0.004734,0.006261,-0.006414,31.04,66.6463280830511
78532,-8.462815,-3.595814,3.973282,-0.006109,0.006261,-0.006414,31.04,66.6303186192733
78542,-8.460423,-3.588636,3.985844,-0.005803,0.007636,-0.006872,31,66.5530020423851
78552,-8.451449,-3.591627,3.973282,-0.005956,0.006872,-0.007025,31,66.60283853266
78562,-8.463414,-3.595814,3.981059,-0.006109,0.006567,-0.006872,30.99,66.5907487005711
78572,-8.457432,-3.594618,3.978666,-0.005651,0.006872,-0.00672,30.99,66.5897352466634
78582,-8.46461,-3.585645,3.973282,-0.005192,0.006872,-0.007178,31,66.6250556534394
78592,-8.460423,-3.586841,3.975675,-0.00504,0.007025,-0.007636,31,66.6047927866712
78602,-8.459227,-3.588636,3.972086,-0.005192,0.007025,-0.006567,30.99,66.6227358715152
78612,-8.468199,-3.592225,3.970291,-0.005192,0.006872,-0.00672,30.99,66.6540807713993
78622,-8.463414,-3.582654,3.968496,-0.005192,0.006567,-0.006414,31.01,66.6450507521736
78632,-8.463414,-3.595814,3.975675,-0.00504,0.006261,-0.007483,31.01,66.619006104094
78642,-8.459825,-3.594618,3.9673,-0.005651,0.005192,-0.006872,31.01,66.6544363964521
78652,-8.463414,-3.586243,3.962514,-0.004887,0.005498,-0.006567,31.01,66.6796628011574
78662,-8.469396,-3.591627,3.975077,-0.004429,0.004734,-0.006109,31.03,66.6309258839674
78672,-8.465807,-3.599404,3.97388,-0.004276,0.004429,-0.006872,31.03,66.6366099467171
78682,-8.465208,-3.588037,3.980461,-0.003665,0.004581,-0.006872,31.01,66.5907366832495
78692,-8.468199,-3.588636,3.973282,-0.004429,0.002596,-0.007636,30.99,66.6352011167389
78702,-8.46461,-3.585645,3.97388,-0.003818,0.002902,-0.007483,30.99,66.621915246153
78712,-8.462217,-3.579663,3.969693,-0.003818,0.00168,-0.008399,31.02,66.6336133634947
78722,-8.463414,-3.592823,3.97388,-0.003818,0.001222,-0.008247,31.02,66.6257766370672
78732,-8.471789,-3.595814,3.965506,-0.003512,0.001374,-0.007789,31.02,66.6898627251941
78742,-8.464012,-3.586243,3.973282,-0.003207,0.000916,-0.00733,31.02,66.624335292294
78752,-8.459227,-3.599404,3.976871,-0.003512,0.000305,-0.00733,30.97,66.6071685333183
78762,-8.458031,-3.588636,3.974478,-0.003818,0.000153,-0.007636,30.97,66.6076687514283
78772,-8.463414,-3.584448,3.973282,-0.003971,0.000458,-0.008094,30.99,66.6214956838411
78782,-8.461619,-3.58744,3.97747,-0.004276,-0.000764,-0.008094,30.99,66.5983999871161
78792,-8.455039,-3.588636,3.975675,-0.003818,-0.000305,-0.007636,30.97,66.5951195764207
78802,-8.469396,-3.583252,3.981059,-0.003818,0,-0.007789,30.97,66.5921207339861
78812,-8.46461,-3.58744,3.974478,-0.003207,0.000153,-0.007636,31.01,66.6203647787912
78822,-8.472985,-3.588636,3.976273,-0.004123,-0.000764,-0.008247,31.01,66.629496370321
78832,-8.469995,-3.592823,3.966702,-0.003971,0.000305,-0.007789,30.98,66.6772006404825
78842,-8.458031,-3.59043,3.988237,-0.004734,-0.000153,-0.008552,30.98,66.537027658194
78852,-8.468798,-3.585046,3.9673,-0.004123,0.001527,-0.007789,31.02,66.6646906805929
78862,-8.458031,-3.591029,3.974478,-0.004429,0.001374,-0.00733,30.99,66.6097930814981
78872,-8.468798,-3.580859,3.970291,-0.004123,0.000764,-0.007636,30.99,66.6452823952425
78882,-8.469995,-3.588037,3.978068,-0.004887,0.000764,-0.00733,31,66.6133027064803
78892,-8.451449,-3.591627,3.969095,-0.003818,0.000611,-0.007025,31,66.6248468472357
78902,-8.46102,-3.594618,3.973282,-0.004429,0.001222,-0.007941,31,66.6255081795908
78912,-8.451449,-3.599404,3.978068,-0.004276,0.000916,-0.007789,31,66.5846174370054
78922,-8.465807,-3.586243,3.969095,-0.004276,0.000916,-0.007025,31.03,66.650076628779
78932,-8.46461,-3.594618,3.972684,-0.004429,0.001222,-0.00733,31.03,66.6361456309294
78942,-8.472386,-3.58744,3.979264,-0.004734,0.001527,-0.007483,31,66.6114951876186
78952,-8.462815,-3.596412,3.967898,-0.004581,0.000764,-0.008705,31,66.6591247195831
78962,-8.46461,-3.588636,3.976273,-0.004734,0.000916,-0.008705,30.98,66.6119999967715
78972,-8.462815,-3.597011,3.971487,-0.004276,0.001069,-0.007789,30.98,66.640806198308
78982,-8.457432,-3.597011,3.975675,-0.004734,0.000916,-0.006567,31.02,66.607568893336
78992,-8.459227,-3.59402,3.980461,-0.005192,0.000611,-0.007636,31.02,66.5835354687144
79002,-8.458628,-3.592823,3.981059,-0.004887,0.000916,-0.008247,30.97,66.5780786789241
79012,-8.467003,-3.58744,3.980461,-0.004734,0.001222,-0.006872,30.97,66.5939620764985
79022,-8.455637,-3.600002,3.982255,-0.003818,0.002596,-0.006567,31.02,66.5719301508115
79032,-8.47119,-3.589234,3.975077,-0.004276,0.002443,-0.00733,31.03,66.6325536157587
79042,-8.462815,-3.59043,3.981657,-0.004581,0.003512,-0.006872,31.03,66.5815764498196
79052,-8.46102,-3.588636,3.975077,-0.004887,0.002902,-0.007025,31.03,66.6107740663898
79062,-8.458628,-3.591627,3.979264,-0.004581,0.002902,-0.006567,31.03,66.5864392889255
79072,-8.46102,-3.588636,3.987041,-0.004276,0.003818,-0.006872,31.01,66.5479721663242
79082,-8.453843,-3.591627,3.981059,-0.004429,0.003512,-0.00672,31.01,66.5669953042198
79092,-8.456833,-3.593421,3.975077,-0.004429,0.004734,-0.006872,31,66.6062661199748
79102,-8.458628,-3.59402,3.975675,-0.003971,0.005192,-0.006872,31,66.6074110980002
79112,-8.450851,-3.58385,3.972684,-0.00504,0.00504,-0.007178,31.02,66.5978172786473
79122,-8.458031,-3.580261,3.972086,-0.00504,0.00504,-0.006567,31.02,66.6128101982319
79132,-8.46102,-3.591029,3.975077,-0.004276,0.006261,-0.006261,31,66.6128969085387
79142,-8.46461,-3.580859,3.979862,-0.005345,0.006414,-0.007025,31,66.5862683822303
79152,-8.469995,-3.597011,3.970291,-0.004429,0.006567,-0.007025,31,66.6620625428319
79162,-8.466404,-3.594618,3.980461,-0.00504,0.007025,-0.007178,31,66.5990748026781
79172,-8.458031,-3.589234,3.974478,-0.004887,0.007025,-0.007025,30.98,66.6081995336764
79182,-8.465807,-3.588037,3.985246,-0.004581,0.006414,-0.00733,30.98,66.5668834371512
79192,-8.463414,-3.589832,3.975077,-0.00504,0.006567,-0.006872,31,66.616839539437
79202,-8.470592,-3.591029,3.969095,-0.004581,0.005956,-0.007789,31.02,66.6642938800339
79212,-8.458628,-3.588037,3.971487,-0.00504,0.00672,-0.007483,31.02,66.6240993962943
79222,-8.452048,-3.588636,3.967898,-0.005192,0.006261,-0.007178,30.99,66.6297358175846
79232,-8.463414,-3.573082,3.978666,-0.004581,0.006261,-0.007025,30.99,66.5831594097827
79242,-8.465807,-3.584448,3.972684,-0.004734,0.005956,-0.006261,31.04,66.6296383175395
79252,-8.469396,-3.588636,3.964907,-0.004887,0.00672,-0.006872,31.04,66.6816793031605
79262,-8.463414,-3.599404,3.975675,-0.005345,0.006414,-0.006872,31.02,66.6221931545942
79272,-8.457432,-3.592225,3.966702,-0.005651,0.005651,-0.007789,31.02,66.6504603232766
79282,-8.465807,-3.588037,3.963113,-0.00504,0.004887,-0.007483,31.02,66.6830921102184
79292,-8.46102,-3.588037,3.964907,-0.004734,0.004581,-0.006872,31.02,66.663675387284
79302,-8.458031,-3.598207,3.969095,-0.00504,0.004123,-0.007636,31.01,66.6444455455311
79312,-8.474779,-3.598805,3.967898,-0.004581,0.004123,-0.008094,31.01,66.686175802904
79322,-8.466404,-3.594618,3.970889,-0.004123,0.004276,-0.007941,31.02,66.6493146856316
79332,-8.467602,-3.588037,3.967898,-0.004123,0.00336,-0.007483,31.02,66.6616973369775
79342,-8.465807,-3.588037,3.964309,-0.003818,0.002749,-0.007636,30.96,66.6768073411314
79352,-8.465208,-3.581457,3.969095,-0.003971,0.001833,-0.007789,30.96,66.6445934794453
79362,-8.465807,-3.6006,3.971487,-0.002902,0.001527,-0.007789,31.01,66.6502323798762
79372,-8.466404,-3.58744,3.974478,-0.003818,0.000611,-0.007025,31.02,66.6241138688816
79382,-8.471789,-3.592225,3.972086,-0.003207,0.000458,-0.007941,31.02,66.6521467472778
79392,-8.467003,-3.589832,3.964309,-0.003207,0.000305,-0.008094,31.04,66.6808884437828
79402,-8.467602,-3.593421,3.972684,-0.003512,-0.000305,-0.008094,31.04,66.6413304023303
79412,-8.468798,-3.58744,3.978068,-0.003971,-0.001374,-0.00733,31,66.6102727275574
79422,-8.46461,-3.593421,3.974478,-0.002749,-0.001527,-0.007941,31,66.6256654081145
79432,-8.455039,-3.592225,3.972086,-0.00336,-0.001985,-0.007789,31,66.6171651806522
79442,-8.460423,-3.59043,3.966702,-0.004123,-0.002443,-0.007178,31,66.6551145968113
79452,-8.467003,-3.588636,3.979862,-0.003512,-0.001985,-0.008094,31.02,66.5981652471555
79462,-8.480165,-3.582056,3.97747,-0.003818,-0.001985,-0.008705,31.02,66.6323962053063
79472,-8.461619,-3.603591,3.972684,-0.003512,-0.002596,-0.007789,31,66.63786738633
79482,-8.463414,-3.592823,3.976871,-0.00336,-0.002596,-0.007636,31,66.6100735732528
79492,-8.459825,-3.588636,3.975675,-0.003512,-0.003207,-0.00733,30.98,66.6051342123591
79502,-8.456833,-3.599404,3.9673,-0.003971,-0.003665,-0.008552,30.98,66.6524396023891
79512,-8.475977,-3.584448,3.973282,-0.004429,-0.002596,-0.008094,31.03,66.6477367186629
79522,-8.452048,-3.599404,3.973282,-0.003512,-0.002443,-0.008552,31.03,66.6110120527418
79532,-8.467003,-3.600002,3.980461,-0.003971,-0.002443,-0.008552,31,66.6051054121417
79542,-8.468199,-3.582654,3.976871,-0.003971,-0.001374,-0.007636,31,66.6110675218458
79552,-8.460423,-3.589832,3.968496,-0.003665,-0.001222,-0.007178,30.97,66.6451575150803
79562,-8.461619,-3.592823,3.970291,-0.003665,-0.000611,-0.007636,31.02,66.6408763154498
79572,-8.46102,-3.6006,3.984648,-0.004581,0.000305,-0.007789,31.02,66.5711679825113
79582,-8.467003,-3.585645,3.981657,-0.004123,0.00168,-0.00733,30.97,66.5860956083223
79592,-8.46461,-3.583252,3.982853,-0.004429,0.001833,-0.007941,30.97,66.5726895067197
79602,-8.459227,-3.589832,3.976273,-0.004581,0.002291,-0.007789,31,66.6018042062361
79612,-8.467003,-3.597011,3.982255,-0.004734,0.002749,-0.008247,31,66.5930393485455
79622,-8.459227,-3.59043,3.980461,-0.004276,0.003512,-0.007178,31,66.5803450188823
79632,-8.449057,-3.585645,3.983452,-0.004887,0.004429,-0.007178,31,66.5390659551045
79642,-8.456235,-3.586841,3.981657,-0.00504,0.005498,-0.007483,31.03,66.5646099889151
79652,-8.455637,-3.582654,3.976871,-0.00504,0.006109,-0.007483,31.03,66.5847761549727
79662,-8.465208,-3.589832,3.984648,-0.004887,0.007025,-0.00672,31.01,66.57035959318
79672,-8.462815,-3.580859,3.975077,-0.005651,0.00733,-0.007636,31.01,66.6076372425045
79682,-8.467602,-3.589234,3.983452,-0.00504,0.007789,-0.00733,31.05,66.5811125406078
79692,-8.449656,-3.58744,3.971487,-0.00504,0.008247,-0.00733,31.05,66.6047978535567
79702,-8.449656,-3.592823,3.967898,-0.004734,0.009316,-0.007636,31.05,66.6284539570801
79712,-8.466404,-3.58744,3.975077,-0.005498,0.009316,-0.00672,31.05,66.6209690595279
79722,-8.465208,-3.582654,3.974478,-0.004887,0.01069,-0.006872,31,66.6173774629329
79732,-8.458031,-3.599404,3.975675,-0.005192,0.010537,-0.007483,30.98,66.6109487254667
79742,-8.447861,-3.585645,3.966104,-0.005192,0.010537,-0.00672,30.98,66.6277551658109
79752,-8.456235,-3.584448,3.975077,-0.004276,0.010996,-0.007178,31.04,66.5970463919748
79762,-8.461619,-3.592225,3.972684,-0.004734,0.010537,-0.007789,31.04,66.6277769771614
79772,-8.455637,-3.599404,3.971487,-0.004581,0.010537,-0.00672,31,66.6279431019293
79782,-8.456833,-3.594618,3.976871,-0.004581,0.010385,-0.00672,31,66.5979079121685
79792,-8.467003,-3.59043,3.969095,-0.004276,0.010079,-0.00733,31.03,66.6562773028012
79802,-8.464012,-3.595216,3.969693,-0.004276,0.009774,-0.00672,31.03,66.6511339368098
79812,-8.475977,-3.592823,3.965506,-0.004276,0.009468,-0.006567,31.06,66.6959416066821
79822,-8.472985,-3.588636,3.966104,-0.004276,0.008399,-0.006872,31.06,66.6828738251016
79832,-8.461619,-3.594618,3.974478,-0.004887,0.008094,-0.007636,31.01,66.6204791585953
79842,-8.455039,-3.598207,3.97388,-0.004887,0.00733,-0.006872,31.01,66.6130579328561
79852,-8.46102,-3.588636,3.972684,-0.004276,0.005956,-0.007941,30.99,66.6233426514017
79862,-8.462815,-3.593421,3.972086,-0.003971,0.006261,-0.00733,30.99,66.6344764032925
79872,-8.476574,-3.58385,3.964907,-0.004123,0.004887,-0.007025,31,66.6924180916316
79882,-8.47119,-3.586841,3.966702,-0.004123,0.004123,-0.007789,31,66.6744066306261
79892,-8.457432,-3.59402,3.957729,-0.003818,0.002443,-0.00733,31.01,66.6992288061111
79902,-8.46461,-3.596412,3.964309,-0.003971,0.002291,-0.007789,31,66.6817217602306
79912,-8.47119,-3.585645,3.969693,-0.002902,0.001069,-0.008094,31,66.6576438194781
79922,-8.462217,-3.591029,3.968496,-0.002902,0.000764,-0.007789,31,66.6499645021395
79932,-8.455637,-3.591029,3.97388,-0.002902,-0.000611,-0.008094,31,66.6079273207207
79942,-8.465807,-3.595216,3.964907,-0.002443,-0.00168,-0.008247,31,66.6800162226447
79952,-8.456833,-3.59043,3.9673,-0.002749,-0.002596,-0.009163,31,66.644473798164
79962,-8.461619,-3.594618,3.969095,-0.002902,-0.003512,-0.007941,31,66.648750512363
79972,-8.459825,-3.591029,3.969693,-0.003665,-0.003818,-0.008094,31,66.6386801589216
79982,-8.465208,-3.585046,3.972684,-0.002291,-0.003818,-0.008399,31.02,66.6289157211347
79992,-8.462217,-3.595216,3.968496,-0.003054,-0.005192,-0.008858,31.02,66.6536754062101
80002,-8.462815,-3.594618,3.978068,-0.003512,-0.004887,-0.009316,30.98,66.6041314195808
80012,-8.466404,-3.591029,3.985246,-0.003512,-0.005192,-0.008247,30.98,66.5707880452634
80022,-8.459227,-3.591029,3.967898,-0.001985,-0.005345,-0.008399,30.99,66.6468629334866
80032,-8.465208,-3.594618,3.975077,-0.002138,-0.004887,-0.009163,30.99,66.6248312449152
80042,-8.455637,-3.579663,3.972086,-0.002596,-0.005192,-0.008552,30.96,66.6072685276716
80052,-8.462217,-3.592823,3.972086,-0.003054,-0.005192,-0.008094,30.96,66.6326971798028
80062,-8.46102,-3.597011,3.980461,-0.002902,-0.004429,-0.00901,30.98,66.5899448270018
80072,-8.457432,-3.585046,3.975675,-0.002596,-0.003512,-0.008552,31.02,66.5969412569171
80082,-8.449057,-3.586841,3.981059,-0.002138,-0.002902,-0.008247,31.02,66.5527024474369
80092,-8.460423,-3.59402,3.978068,-0.002443,-0.001985,-0.008705,31.03,66.5985994672774
80102,-8.461619,-3.592823,3.975077,-0.00336,-0.00168,-0.008552,31.03,66.6157408597626
80112,-8.453843,-3.58744,3.973282,-0.00336,-0.000611,-0.008399,30.98,66.6041276286226
80122,-8.453843,-3.592823,3.979862,-0.003512,-0.000153,-0.008247,30.98,66.574345807556
