t_ms,ax,ay,az,gx,gy,gz,temp,ang_deg
12,-8.800204,-3.519842,3.842873,-0.067195,-0.18326,-0.07422,31.04,67.9298568874983
22,-8.752945,-3.549154,3.856034,-0.070555,-0.210138,-0.10232,31.04,67.7919581426119
32,-8.748757,-3.528815,3.877569,-0.072693,-0.235336,-0.129045,31.01,67.6555240894062
42,-8.704492,-3.550351,3.894319,-0.076205,-0.25748,-0.152564,31.01,67.4978083997266
52,-8.640482,-3.457629,4.08754,-0.08827,-0.281303,-0.170431,31.03,66.2885387954556
62,-8.617152,-3.665804,3.912265,-0.106749,-0.304211,-0.183718,31.03,67.3259397926007
72,-8.568698,-3.487539,4.091727,-0.093921,-0.303295,-0.20128,30.99,66.1407019844258
82,-8.563314,-3.571288,3.981059,-0.109498,-0.319788,-0.207694,30.99,66.7768921573371
92,-8.523833,-3.569493,4.0008,-0.11469,-0.328493,-0.213345,31.01,66.5903893632954
102,-8.437093,-3.579663,4.036094,-0.117592,-0.331394,-0.217163,31.01,66.2323715432005
112,-8.375478,-3.614359,4.051049,-0.120493,-0.326813,-0.214872,31.04,66.0543276991749
122,-8.338987,-3.591627,4.070789,-0.122937,-0.319177,-0.206778,31.03,65.8510980468588
132,-8.244471,-3.637091,4.168896,-0.123547,-0.308487,-0.19624,31.03,65.1728218690221
142,-8.206783,-3.631706,4.184449,-0.116828,-0.290772,-0.182343,31.05,65.002103744337
152,-8.212766,-3.639483,4.11386,-0.110872,-0.272446,-0.166613,31.05,65.3942308764323
162,-8.186445,-3.638885,4.114459,-0.105527,-0.255342,-0.147371,31.02,65.3322607102725
172,-8.133204,-3.617948,4.176672,-0.098197,-0.237321,-0.125838,31.02,64.8638226578931
182,-8.102098,-3.676572,4.156333,-0.095142,-0.220217,-0.100793,31,64.9604779262691
192,-8.069795,-3.66401,4.250251,-0.079565,-0.194102,-0.078802,31,64.3790735071335
202,-8.077571,-3.652046,4.156931,-0.067653,-0.167988,-0.056963,31.05,64.876908455047
212,-8.069196,-3.649653,4.183851,-0.057879,-0.143859,-0.031154,31.05,64.7129317567908
222,-8.05783,-3.649653,4.202394,-0.050244,-0.116675,-0.005651,31.01,64.5889637076215
232,-8.065009,-3.674777,4.259224,-0.03711,-0.082772,0.014508,31.01,64.3321853391764
242,-8.065009,-3.65384,4.196413,-0.027184,-0.04047,0.030696,31.05,64.6412984373659
262,-8.085348,-3.645465,4.24726,-0.004581,0.022144,0.072998,31.06,64.4112273760674
272,-8.102098,-3.665804,4.22393,0.000611,0.059559,0.090103,31.06,64.593101189089
282,-8.153543,-3.657429,4.223332,0.008399,0.120951,0.120035,31,64.7043335367605
292,-8.188239,-3.649055,4.219144,0.024129,0.151342,0.13042,31.04,64.7960507358901
302,-8.214561,-3.638287,4.213162,0.028863,0.180511,0.13607,31.04,64.8756993131466
312,-8.262416,-3.64726,4.201199,0.032529,0.207694,0.14111,31.06,65.0537528818468
322,-8.30489,-3.638885,4.200002,0.034819,0.232282,0.140804,31.06,65.1458472686168
332,-8.34138,-3.628716,4.174878,0.036957,0.255953,0.13943,31.02,65.3470240653797
342,-8.367103,-3.632305,4.163511,0.038332,0.274126,0.133627,31.02,65.4656986919342
352,-8.419745,-3.625126,4.144369,0.038485,0.290619,0.126602,31.03,65.6724074012745
362,-8.440084,-3.620939,4.11745,0.038637,0.3036,0.118661,31.03,65.8519871103427
372,-8.477771,-3.621537,4.098905,0.03879,0.312152,0.108276,31.02,66.0291259301467
382,-8.513064,-3.613162,4.06062,0.038943,0.317497,0.097738,31.02,66.2948493052493
392,-8.533404,-3.614359,4.036094,0.039248,0.318872,0.08659,31.03,66.4658804739934
402,-8.542377,-3.613162,4.004389,0.038026,0.316428,0.075289,31.03,66.6483922650365
412,-8.572886,-3.605984,3.97388,0.038485,0.310778,0.064599,31.04,66.8639304299315
422,-8.588439,-3.602993,3.943372,0.038026,0.299782,0.054214,31.04,67.0521975062331
432,-8.60818,-3.600002,3.926024,0.038332,0.286954,0.044593,31.04,67.1802478805414
442,-8.619546,-3.6006,3.858427,0.038637,0.270613,0.035583,31.04,67.5570282824206
452,-8.64467,-3.595216,3.844668,0.039248,0.250607,0.02138,31.02,67.6746601375272
462,-8.653644,-3.594618,3.823731,0.040775,0.204334,0.014508,31.04,67.8016326101144
472,-8.670991,-3.586841,3.806981,0.042608,0.17822,0.008247,31.04,67.9172704271993
482,-8.673384,-3.588037,3.801597,0.04383,0.150578,0.001985,31,67.9511732074584
492,-8.620144,-3.454039,4.027121,0.042761,0.121562,-0.005498,31,66.5556564427669
502,-8.684152,-3.39721,4.042674,-0.00336,0.078496,0.000916,31.03,66.5617749810496
512,-8.685348,-3.611966,3.755535,-0.034972,0.041386,-0.001069,31.03,68.23562282496
522,-8.703294,-3.558127,3.762115,-0.027947,0.009774,-0.00733,31.01,68.1927991817728
532,-8.700901,-3.606582,3.769892,-0.025198,-0.022449,-0.016646,31.01,68.1860767201363
542,-8.683554,-3.54736,3.832105,-0.02138,-0.052993,-0.025962,31.02,67.7784180594881
552,-8.64826,-3.49711,3.951746,-0.035125,-0.091477,-0.028558,31.02,67.0416269602246
562,-8.68475,-3.598805,3.806383,-0.050244,-0.130572,-0.033598,31.02,67.9571194926249
572,-8.670394,-3.546163,3.881757,-0.046273,-0.156382,-0.044746,31.02,67.4916970155818
582,-8.632706,-3.547958,3.921238,-0.055589,-0.185245,-0.05284,31.08,67.2111939212981
592,-8.623135,-3.588636,3.876971,-0.063072,-0.210901,-0.061087,31.08,67.4571275503541
602,-8.597412,-3.601198,3.890131,-0.062003,-0.228005,-0.071624,31.02,67.347082646307
612,-8.569296,-3.583252,3.924827,-0.060628,-0.241139,-0.081398,31.02,67.0932205538654
622,-8.487342,-3.586841,3.966104,-0.061239,-0.251371,-0.090408,31.06,66.7111852738671
632,-8.442476,-3.59402,3.982853,-0.060934,-0.258549,-0.100487,31.06,66.5358725924267
642,-8.401799,-3.601796,3.999603,-0.060323,-0.257174,-0.101251,31.04,66.3691011063733
652,-8.359326,-3.619742,4.021737,-0.060018,-0.250607,-0.100182,31.01,66.1788348253755
662,-8.340183,-3.598805,4.037888,-0.058948,-0.242666,-0.096211,31.01,66.033429106386
672,-8.306684,-3.608975,4.05404,-0.055894,-0.231518,-0.090866,31.01,65.885580129586
682,-8.266006,-3.616751,4.055834,-0.052382,-0.217468,-0.082314,31.01,65.7952135512354
692,-8.246863,-3.615555,4.09053,-0.048564,-0.20296,-0.072693,31.01,65.5690939676899
702,-8.213962,-3.624528,4.073183,-0.043371,-0.185398,-0.060934,31.01,65.5971748035458
712,-8.223534,-3.619144,4.085745,-0.036957,-0.166919,-0.048717,31.03,65.5465672743295
722,-8.209774,-3.623332,4.093522,-0.031307,-0.148898,-0.036499,31.03,65.4792270945099
732,-8.199007,-3.620939,4.098307,-0.023976,-0.129503,-0.022755,31.01,65.4278208190239
742,-8.204391,-3.624528,4.099504,-0.016188,-0.109956,-0.009774,31.01,65.4368982043561
752,-8.20798,-3.625126,4.104289,-0.009468,-0.091477,0.002443,31.01,65.4201350229213
762,-8.220542,-3.62393,4.114459,-0.001222,-0.073304,0.013744,31.01,65.3930641124146
772,-8.236693,-3.573082,4.222734,0.005192,-0.053603,0.022907,31.02,64.8111680625176
782,-8.245667,-3.605984,4.124628,-0.002902,-0.024435,0.029169,31.02,65.3776079939247
792,-8.251051,-3.618546,4.119244,-0.000305,-0.004123,0.036041,31.01,65.4299421526521
802,-8.306085,-3.579663,4.176672,0.00733,0.031307,0.04612,31.01,65.2131888375922
812,-8.312068,-3.619742,4.104289,0.008247,0.054214,0.047342,31.03,65.6432413188463
822,-8.352745,-3.596412,4.127021,0.013592,0.068111,0.049327,31.03,65.5908177975913
832,-8.345568,-3.585645,4.131807,0.013592,0.084299,0.048564,31.03,65.540056200142
842,-8.368299,-3.60718,4.092923,0.014508,0.100029,0.049022,31.07,65.8128643107635
852,-8.385049,-3.582056,4.119842,0.018631,0.110872,0.048564,31.07,65.6851181124161
862,-8.388638,-3.586243,4.100101,0.018021,0.125533,0.044288,31.03,65.7998366570212
872,-8.414959,-3.568297,4.089334,0.018479,0.138208,0.042455,31.03,65.8963441013145
882,-8.426923,-3.577868,4.076771,0.020464,0.149051,0.039859,31.02,65.996350007087
892,-8.422735,-3.580261,4.070191,0.023671,0.158367,0.036652,31.02,66.0239418505479
902,-8.443074,-3.576672,4.065406,0.024435,0.168293,0.032529,31.05,66.0891228157837
912,-8.442476,-3.580261,4.036692,0.02642,0.175318,0.029169,31.05,66.2412013477992
922,-8.465807,-3.565904,4.056432,0.027947,0.180511,0.026267,31.01,66.1746697864431
932,-8.46461,-3.586243,4.027121,0.027031,0.186772,0.021991,31.01,66.343450938073
942,-8.486743,-3.573082,4.033103,0.029322,0.187994,0.018479,31,66.3471399601568
952,-8.486743,-3.574279,4.005585,0.031154,0.189215,0.013286,31,66.4920185547567
962,-8.501101,-3.5671,3.983452,0.032223,0.18891,0.009774,31.05,66.6315984370495
972,-8.517851,-3.571288,3.969095,0.031612,0.183565,0.000153,31.05,66.7452931311942
982,-8.541779,-3.565306,3.959523,0.033445,0.179136,-0.003665,31.04,66.8397580179996
992,-8.542974,-3.571886,3.958327,0.033445,0.171959,-0.008094,31.04,66.8541576758645
1002,-8.559725,-3.581457,3.936791,0.031001,0.163101,-0.012523,31.04,67.0095060200627
1012,-8.558528,-3.581457,3.932006,0.029322,0.152411,-0.016341,31.02,67.032100437992
1022,-8.566306,-3.592823,3.917649,0.026725,0.141415,-0.018021,31.02,67.1328751275836
1032,-8.567502,-3.576672,3.922434,0.023824,0.126755,-0.020311,31.02,67.0964757967392
1042,-8.567502,-3.580859,3.904488,0.018937,0.110108,-0.022297,31.02,67.1940764361661
1052,-8.592029,-3.595814,3.88714,0.014355,0.091324,-0.022755,31.05,67.3473495706281
1062,-8.580065,-3.59043,3.906283,0.009927,0.07025,-0.023976,31.05,67.2183237264779
1072,-8.586643,-3.603591,3.872185,0.003512,0.046884,-0.022907,31.03,67.4214659310764
1082,-8.59442,-3.594618,3.900301,-0.001833,0.021533,-0.022144,31.03,67.2822554761763
1092,-8.602198,-3.599404,3.89073,-0.008552,-0.008399,-0.020769,31.05,67.3520767707638
1102,-8.612965,-3.594618,3.887738,-0.014661,-0.038179,-0.019853,31.05,67.38537706092
1112,-8.613564,-3.60718,3.882355,-0.021533,-0.068264,-0.020006,31,67.4252888049595
1122,-8.612367,-3.597609,3.903292,-0.0281,-0.098197,-0.020922,31,67.3053696727674
1132,-8.603992,-3.61077,3.903292,-0.034056,-0.126449,-0.023518,31.02,67.299594706122
1142,-8.580662,-3.611368,3.941577,-0.040164,-0.153785,-0.025809,31.02,67.052891525415
1152,-8.570493,-3.618546,3.93739,-0.053451,-0.202655,-0.033598,31.03,67.0602044539811
1162,-8.56152,-3.602395,3.979264,-0.058796,-0.222508,-0.039401,31.04,66.8094172361438
1172,-8.535797,-3.628716,3.980461,-0.064752,-0.239154,-0.045204,31.04,66.773130747741
1182,-8.504092,-3.623332,4.018745,-0.067806,-0.25244,-0.048717,31.02,66.5030242389272
1192,-8.47119,-3.639483,4.015755,-0.071624,-0.262214,-0.05284,31.02,66.4643646876257
1202,-8.429317,-3.632305,4.036692,-0.072693,-0.266643,-0.05681,31.03,66.2604420375187
1212,-8.412566,-3.638287,4.063013,-0.075136,-0.269239,-0.059101,31.03,66.0928216145216
1222,-8.382656,-3.650251,4.067201,-0.07422,-0.265421,-0.059865,31.06,66.0182853079258
1232,-8.344371,-3.632305,4.127021,-0.072082,-0.256105,-0.061239,31.06,65.6063981549937
1242,-8.315658,-3.655635,4.109673,-0.072998,-0.243888,-0.060628,31,65.6569495959423
1252,-8.292327,-3.638885,4.139583,-0.069639,-0.224951,-0.060781,31,65.4334929007977
1262,-8.257033,-3.653242,4.155136,-0.065821,-0.202196,-0.059865,31.05,65.2884215130698
1272,-8.238488,-3.635296,4.168896,-0.062003,-0.176082,-0.055436,31.05,65.157794328794
1282,-8.202596,-3.646064,4.176672,-0.056963,-0.14844,-0.050396,31.05,65.0477698237084
1292,-8.182856,-3.634698,4.176074,-0.052687,-0.119271,-0.044135,31.05,64.9954893801385
1302,-8.180463,-3.6341,4.183252,-0.047953,-0.089339,-0.036957,31.05,64.9518112503523
1312,-8.173882,-3.627519,4.171288,-0.04215,-0.057879,-0.0281,31.05,64.9933943732536
1322,-8.156534,-3.617948,4.164708,-0.035277,0.000305,-0.008399,31.05,64.9795409664441
1332,-8.172088,-3.608975,4.154539,-0.0197,0.027794,0.003054,31.03,65.0591799941954
1342,-8.182258,-3.618546,4.13061,-0.010843,0.053451,0.014966,31.03,65.2176294936286
1352,-8.19781,-3.604189,4.119244,-0.001374,0.077122,0.026573,31,65.2981695930343
1362,-8.213365,-3.597609,4.101896,0.008552,0.098197,0.038637,31,65.417916560695
1372,-8.235497,-3.585645,4.088736,0.018479,0.117133,0.049938,31.03,65.5248142045279
1382,-8.255836,-3.585046,4.076173,0.028863,0.133016,0.061392,31.03,65.6353550324417
1392,-8.300103,-3.579663,4.052843,0.038179,0.146608,0.072082,31.01,65.8501116040689
1402,-8.316854,-3.570091,4.052843,0.0478,0.157145,0.081245,31.01,65.8775409897735
1412,-8.349156,-3.559922,4.039683,0.055589,0.164934,0.091172,31.03,66.007380132716
1422,-8.369495,-3.558726,4.025924,0.064599,0.171195,0.099571,31.03,66.1225307728993
1432,-8.395817,-3.554538,4.015156,0.071471,0.175318,0.106443,31,66.2317631475439
1442,-8.428718,-3.550351,4.002594,0.078038,0.177304,0.112094,31,66.3640825197006
1452,-8.453843,-3.537788,4.00379,0.082009,0.176845,0.115606,31.06,66.3998458934455
1462,-8.487342,-3.538387,4.001398,0.085521,0.175318,0.117897,31.06,66.4836023415162
1472,-8.505288,-3.527619,3.999005,0.087506,0.171806,0.119271,31.04,66.5244471562426
1482,-8.526823,-3.525824,4.302894,0.088575,0.168446,0.117592,31.04,64.9986858020205
1492,-8.549556,-3.525824,3.942773,0.071166,0.170431,0.104,31.05,66.9097117516976
1502,-8.592029,-3.522833,3.957729,0.036194,0.174097,0.100335,31.04,66.9165318044027
1512,-8.598608,-3.543172,3.93739,0.035583,0.16417,0.093157,31.04,67.053417500503
1522,-8.624331,-3.515655,3.946961,0.036805,0.153174,0.083994,31.07,67.033011419947
1532,-8.641081,-3.540779,3.940381,0.035736,0.142026,0.072693,31.07,67.1224250064004
1542,-8.647062,-3.528815,3.949952,0.03375,0.130725,0.060323,31.02,67.0748134076881
1552,-8.654242,-3.509673,4.040879,0.02978,0.118508,0.044593,31.02,66.6020296643137
1562,-8.669795,-3.524628,3.98405,0.010843,0.108123,0.027489,31.07,66.9406423888253
1572,-8.676972,-3.554538,3.92064,-0.000153,0.096517,0.009316,31.07,67.3091792297906
1582,-8.683554,-3.53719,3.945765,-0.001527,0.081856,-0.009774,31.09,67.1776061160694
1592,-8.678768,-3.533002,3.976871,-0.009316,0.064752,-0.029169,31.09,67.0031027471935
1602,-8.675776,-3.551547,3.959523,-0.017562,0.046426,-0.048869,30.99,67.1023375028256
1612,-8.682955,-3.555136,3.930212,-0.02306,0.02642,-0.067042,30.99,67.2719607665813
1622,-8.648857,-3.559324,3.967898,-0.031154,0.006414,-0.085368,31.05,67.0106627685798
1632,-8.64826,-3.568895,3.930212,-0.037568,-0.01405,-0.103542,31.05,67.2133699189497
1642,-8.62134,-3.565306,3.964907,-0.041997,-0.032223,-0.121715,31.03,66.975108633121
1652,-8.599206,-3.591029,3.960122,-0.048411,-0.051313,-0.136223,31.03,66.976638174922
1662,-8.547761,-3.589234,3.948756,-0.053756,-0.068875,-0.15012,31.04,66.9290493635357
1672,-8.528021,-3.598805,3.948158,-0.063683,-0.10232,-0.170584,31.01,66.8998735513076
1682,-8.490931,-3.595814,3.964309,-0.067653,-0.116675,-0.176235,31.01,66.7359474342677
1692,-8.472386,-3.616751,3.956532,-0.070097,-0.129198,-0.179136,31.01,66.7567478302254
1702,-8.441879,-3.608975,3.966702,-0.071471,-0.138666,-0.180053,31.01,66.6328818910823
1712,-8.41436,-3.629314,3.972684,-0.073457,-0.146302,-0.177915,31.03,66.5621069442657
1722,-8.380861,-3.626323,3.986442,-0.074526,-0.153785,-0.172111,31.03,66.4164723180962
1732,-8.363514,-3.629314,3.99063,-0.075747,-0.157909,-0.164934,31.04,66.3604523096297
1742,-8.336594,-3.633501,3.998407,-0.073915,-0.160047,-0.154091,31.04,66.2661321249142
1752,-8.315059,-3.643072,3.990032,-0.072082,-0.159894,-0.139888,31.03,66.2734518350872
1762,-8.286345,-3.655635,3.99721,-0.068417,-0.158978,-0.124617,31.03,66.1859809028823
1772,-8.277372,-3.655036,4.020541,-0.064904,-0.154854,-0.107512,31.05,66.0427230205081
1782,-8.255239,-3.635296,4.039683,-0.059865,-0.150426,-0.08827,31.05,65.8748950200976
1792,-8.254042,-3.661617,4.021138,-0.055894,-0.147524,-0.065363,31.04,65.9956166085092
1802,-8.260024,-3.671188,4.019942,-0.048258,-0.139888,-0.044899,31.04,66.0239773736992
1812,-8.240283,-3.644867,4.071986,-0.038943,-0.127671,-0.025504,31.02,65.6808074173065
1822,-8.247462,-3.656831,4.049852,-0.033903,-0.112552,-0.00733,31.02,65.8248899923735
1832,-8.250452,-3.656233,4.063612,-0.02642,-0.096822,0.011759,31,65.7581229964681
1842,-8.25464,-3.650251,4.101298,-0.009621,-0.063225,0.046273,31,65.5628679926545
1852,-8.247462,-3.661617,4.068397,-0.005651,-0.041386,0.058796,31.06,65.7315605710318
1862,-8.274381,-3.655635,4.065406,0.004734,-0.024129,0.073762,31.02,65.8000056434943
1872,-8.27139,-3.63051,4.107878,0.012675,-0.006261,0.085216,31.02,65.5458819382787
1882,-8.29472,-3.64726,4.079165,0.016493,0.016952,0.094684,31.03,65.7636503046398
1892,-8.291131,-3.633501,4.071986,0.023824,0.035736,0.103236,31.03,65.780545445625
1902,-8.320443,-3.627519,4.091727,0.030391,0.053603,0.10965,31.01,65.7346916593
1912,-8.339585,-3.622135,4.074977,0.033292,0.073762,0.11301,31.01,65.858905807286
1922,-8.349755,-3.612564,4.058227,0.036194,0.091019,0.114232,31.05,65.9598131043442
1932,-8.368897,-3.604787,4.078567,0.040623,0.107665,0.114079,31.05,65.8870869316627
1942,-8.389236,-3.600002,4.051647,0.041386,0.124311,0.110872,31.05,66.0674032527985
1952,-8.398808,-3.598805,4.048656,0.044288,0.138056,0.10797,31.05,66.1024384047956
1962,-8.42812,-3.598207,4.058227,0.044135,0.150426,0.103236,31.05,66.1142830464486
1972,-8.442476,-3.596412,4.026522,0.04383,0.161879,0.095906,31.05,66.3089734716413
1982,-8.468798,-3.582056,4.056432,0.044135,0.169515,0.089034,31.04,66.1954802376132
1992,-8.473583,-3.585645,4.004389,0.040928,0.177304,0.079718,31.04,66.4807360349832
2002,-8.517252,-3.580859,3.978666,0.040317,0.180205,0.071319,31.05,66.7022987624956
2012,-8.539985,-3.565904,3.981059,0.037568,0.182038,0.05116,31.05,66.7239614520903
2022,-8.544769,-3.575475,3.97747,0.032834,0.177915,0.041233,31.02,66.7609044941356
2032,-8.569296,-3.574279,3.96072,0.029322,0.172722,0.032987,31.04,66.8979170059568
2042,-8.592029,-3.564708,3.942175,0.025504,0.16585,0.023366,31.04,67.0331801006717
2052,-8.577072,-3.557529,3.949354,0.022755,0.156076,0.014661,31.03,66.9589437218515
2062,-8.59442,-3.566502,3.928416,0.018479,0.144928,0.006414,31.03,67.1114535861527
2072,-8.607581,-3.56411,3.929613,0.015272,0.131641,-0.001527,31.04,67.1299814713715
2082,-8.606385,-3.576672,3.910471,0.010996,0.117286,-0.008399,31.04,67.2381348142429
2092,-8.619546,-3.5671,3.902096,0.007178,0.099724,-0.015272,31.04,67.3005071409371
2102,-8.61835,-3.562913,3.897908,0.003665,0.080176,-0.021075,31.04,67.3164899189603
2112,-8.63151,-3.559324,3.894917,0.000305,0.059865,-0.025351,31.01,67.3556955839804
2122,-8.620741,-3.559922,3.893721,-0.004123,0.038637,-0.029627,31.01,67.3407237597183
2133,-8.612367,-3.556333,3.897908,-0.006872,0.016188,-0.032529,31.04,67.2988963856451
2142,-8.626723,-3.572484,3.860819,-0.010996,-0.006261,-0.034514,31.04,67.5354625542858
2152,-8.60818,-3.572484,3.905087,-0.013897,-0.0281,-0.037415,31.03,67.2663975011077
2162,-8.605787,-3.566502,3.894319,-0.019395,-0.052076,-0.040623,31.03,67.3128822492225
2172,-8.595617,-3.555735,3.907479,-0.022449,-0.074373,-0.041539,31.03,67.2143288817247
2182,-8.566903,-3.5671,3.918845,-0.025656,-0.097738,-0.041844,31.03,67.1059024620094
2192,-8.553144,-3.583252,3.909274,-0.035277,-0.142484,-0.04215,30.99,67.141767752291
2202,-8.527422,-3.556931,3.954139,-0.037263,-0.160352,-0.041997,31.02,66.8310380589522
2212,-8.511868,-3.577868,3.934997,-0.043066,-0.180205,-0.041997,31.02,66.9174375607119
2222,-8.496315,-3.581457,3.966104,-0.044899,-0.195019,-0.041692,31.02,66.7251176445343
2232,-8.475977,-3.586243,3.978666,-0.048411,-0.207389,-0.039859,31.02,66.6210747351527
2242,-8.455637,-3.580859,3.975675,-0.050396,-0.217926,-0.040012,31.03,66.5894673383588
2252,-8.442476,-3.585645,4.016353,-0.051618,-0.225562,-0.038943,31.03,66.3525678251976
2262,-8.419745,-3.589234,4.016951,-0.053909,-0.229685,-0.036805,31.02,66.3045678949562
2272,-8.388638,-3.602993,4.036094,-0.05452,-0.230907,-0.036499,31.02,66.1504684458687
2282,-8.365907,-3.601198,4.054638,-0.055589,-0.22938,-0.035888,31.04,66.0028254816647
2292,-8.346166,-3.609573,4.066004,-0.055436,-0.224951,-0.034056,31.04,65.9084582358572
2302,-8.316854,-3.606582,4.096512,-0.054062,-0.216094,-0.033903,31.02,65.6820149782274
2312,-8.303694,-3.613162,4.104289,-0.053603,-0.203876,-0.033139,31.02,65.6187513652938
2322,-8.289934,-3.60718,4.109673,-0.050855,-0.188299,-0.031765,31.02,65.5547246908775
2332,-8.275578,-3.60718,4.129414,-0.047953,-0.170279,-0.029932,31.02,65.4195645771876
2342,-8.266603,-3.609573,4.144369,-0.044288,-0.149204,-0.027794,31.01,65.3236161308087
2352,-8.261221,-3.599404,4.161119,-0.040623,-0.126602,-0.026267,31.01,65.2140696812614
2362,-8.243872,-3.604787,4.161119,-0.029932,-0.075747,-0.021228,31.01,65.1807601805
2372,-8.238488,-3.618546,4.165306,-0.025045,-0.048411,-0.018784,31.04,65.1602353167028
2382,-8.24148,-3.61735,4.164708,-0.018021,-0.021533,-0.013592,31.04,65.1688524569421
2392,-8.249854,-3.608975,4.154539,-0.011454,0.005498,-0.009163,31.03,65.2326270560394
2402,-8.263614,-3.606582,4.158726,-0.005803,0.03146,-0.00504,31.03,65.2388535191024
2412,-8.274381,-3.6006,4.154539,0.001374,0.05681,-0.001069,31.02,65.2788521387665
2422,-8.279166,-3.591627,4.145566,0.007789,0.079718,0.003971,31.02,65.3278366355333
2432,-8.306684,-3.595216,4.126423,0.014661,0.102014,0.008094,30.98,65.4921685714364
2442,-8.319246,-3.582056,4.118646,0.021533,0.121409,0.012217,30.98,65.5480064611655
2452,-8.342576,-3.577868,4.121039,0.028558,0.138361,0.016799,31.02,65.5825462812947
2462,-8.368897,-3.569493,4.106084,0.029627,0.157451,0.01909,31.02,65.7103173851136
2472,-8.383853,-3.583252,4.069593,0.032834,0.173028,0.020769,31.04,65.9464053177134
2482,-8.401799,-3.556931,4.082754,0.036957,0.183718,0.023213,31.04,65.8920271054404
2492,-8.425727,-3.576672,4.036094,0.03711,0.19395,0.024282,31,66.2055229748432
2502,-8.452645,-3.555136,4.061816,0.03879,0.198989,0.026573,31,66.1088969961378
2512,-8.459825,-3.562913,4.000201,0.037721,0.202196,0.026725,31.03,66.4535796443167
2522,-8.473583,-3.557529,3.973282,0.039248,0.20128,0.028558,31.03,66.6190221829368
2532,-8.500502,-3.555735,3.999603,0.035583,0.193339,0.029627,31.02,66.5358441191797
2542,-8.520842,-3.556931,3.958925,0.030696,0.186161,0.029322,31.05,66.792318347395
2552,-8.534599,-3.550351,3.974478,0.0281,0.17654,0.0281,31.05,66.7337357722775
2562,-8.539386,-3.56411,3.9338,0.022449,0.16585,0.025504,31.02,66.9685421552688
2572,-8.556136,-3.559324,3.955934,0.020311,0.153785,0.023213,31.02,66.8830145023051
2582,-8.562119,-3.564708,3.92722,0.015272,0.140652,0.020311,31,67.0502032930575
2592,-8.565707,-3.569493,3.936791,0.012981,0.12706,0.017562,31,67.0115265144686
2602,-8.572886,-3.575475,3.922434,0.006872,0.111788,0.013439,31.03,67.1064449489217
2612,-8.569895,-3.574279,3.924229,0.004581,0.098655,0.010232,31.03,67.0899244572072
2622,-8.577072,-3.582056,3.930809,0.000916,0.082925,0.00672,31.02,67.0767726541053
2632,-8.569895,-3.585645,3.923033,-0.002138,0.067806,0.001985,31.02,67.1058740600938
2642,-8.576474,-3.586243,3.918247,-0.00504,0.054367,-0.002138,31.02,67.1448354495762
2652,-8.556136,-3.592225,3.930809,-0.008552,0.040775,-0.007025,31.02,67.0427068346313
2662,-8.560921,-3.609573,3.92064,-0.010385,0.028253,-0.011606,31,67.1205925765456
2672,-8.550154,-3.597609,3.924229,-0.012217,0.01573,-0.017104,31,67.0695656030758
2682,-8.557931,-3.604189,3.947559,-0.014508,0.003971,-0.02138,31.03,66.969063401887
2692,-8.55135,-3.608975,3.936791,-0.017562,-0.007636,-0.025198,31.03,67.0160309117513
2702,-8.535797,-3.615555,3.952943,-0.017715,-0.016952,-0.033292,31.05,66.9053757394754
2712,-8.532805,-3.635296,3.929613,-0.022755,-0.03879,-0.036957,31,67.0385197265572
2722,-8.529217,-3.615555,3.958327,-0.023824,-0.048869,-0.040164,31,66.8636927873925
2732,-8.532208,-3.635296,3.936193,-0.027642,-0.060018,-0.041844,31.02,67.0028464898636
2742,-8.519047,-3.616153,3.960122,-0.029169,-0.071624,-0.04444,31.02,66.8338817045194
2752,-8.519646,-3.636492,3.947559,-0.033139,-0.083536,-0.046884,31.04,66.91866786299
2762,-8.504689,-3.618546,3.963113,-0.035277,-0.094379,-0.049022,31.04,66.7906943510563
2772,-8.493324,-3.626323,3.954738,-0.039095,-0.105527,-0.050244,31,66.8179483367123
2782,-8.499306,-3.627519,3.956532,-0.040928,-0.115912,-0.051465,31,66.8219464079987
2792,-8.482555,-3.62393,3.963711,-0.04444,-0.127213,-0.05116,31.04,66.7465150322209
2802,-8.478967,-3.622734,3.979862,-0.047342,-0.13775,-0.051313,31.04,66.6533652903063
2812,-8.458628,-3.617948,3.981059,-0.049175,-0.148593,-0.050396,31.04,66.6004613587566
2822,-8.435897,-3.623332,3.981059,-0.052229,-0.158825,-0.048564,31.04,66.5577776100604
2832,-8.426923,-3.614957,3.988237,-0.053298,-0.166461,-0.046426,31.02,66.4937147476349
2842,-8.412566,-3.617948,3.998407,-0.054825,-0.172264,-0.043066,31.02,66.4127703407139
2852,-8.392226,-3.608377,4.019942,-0.055131,-0.175471,-0.040928,31.04,66.2478621004727
2862,-8.363514,-3.614957,4.021737,-0.055283,-0.176845,-0.036957,31.04,66.1833512240642
2872,-8.350951,-3.608975,4.045665,-0.054672,-0.174707,-0.032681,31.06,66.0250667670311
2882,-8.340183,-3.601796,4.069593,-0.050244,-0.162948,-0.022755,31.02,65.8694482641841
2892,-8.316854,-3.621537,4.039683,-0.047189,-0.151189,-0.017104,31.02,65.9949870290887
2902,-8.302496,-3.595216,4.08754,-0.039706,-0.137903,-0.011301,31.04,65.687149931714
2912,-8.289934,-3.605984,4.069593,-0.03711,-0.121868,-0.003971,31.04,65.7644529126943
2922,-8.272586,-3.608975,4.095316,-0.031001,-0.105222,0.002902,31.02,65.5939494549851
2932,-8.285748,-3.589234,4.102495,-0.023824,-0.085216,0.010537,31.02,65.5662094545634
2942,-8.273185,-3.602993,4.092923,-0.018326,-0.062461,0.016799,31.03,65.6021513241652
2952,-8.268398,-3.594618,4.096512,-0.010079,-0.042455,0.024282,31.03,65.5647644054101
2962,-8.274979,-3.584448,4.110869,-0.001527,-0.022449,0.032529,31.02,65.493953865205
2972,-8.276773,-3.580859,4.121637,0.005803,-0.000153,0.040775,31.02,65.4378651721213
2982,-8.283952,-3.573082,4.110271,0.011912,0.021533,0.0478,31.06,65.5060326008751
2992,-8.294122,-3.578466,4.11386,0.020006,0.04215,0.054672,31.06,65.5146320109159
3002,-8.303694,-3.568895,4.104887,0.027184,0.062003,0.062003,31.04,65.5737414162675
3012,-8.327023,-3.574279,4.101896,0.034361,0.079871,0.068264,31.04,65.6455474986326
3022,-8.339585,-3.563511,4.092923,0.041233,0.096211,0.073915,31.03,65.7099751290238
3032,-8.359925,-3.562913,4.079165,0.048411,0.111177,0.076816,31.03,65.8258148772926
3042,-8.420342,-3.550949,4.066004,0.053909,0.124311,0.080023,31,66.0141253564102
3052,-8.42453,-3.552743,4.051647,0.057269,0.143248,0.081398,31,66.0998885098862
3062,-8.457432,-3.544966,4.03729,0.065973,0.148746,0.078954,30.99,66.2382311558705
3072,-8.475378,-3.540779,4.017549,0.069791,0.152869,0.0759,30.99,66.3758882321846
3082,-8.505887,-3.514458,4.065406,0.072235,0.154396,0.072082,30.99,66.167445699113
3092,-8.528021,-3.513262,4.063013,0.061697,0.156229,0.065057,31.01,66.225842153703
3102,-8.546564,-3.557529,3.981059,0.054825,0.155007,0.058643,31.01,66.7303641015261
3112,-8.559725,-3.510271,4.053442,0.055436,0.149509,0.051313,31.03,66.3399834118443
3122,-8.57827,-3.546163,3.959523,0.045509,0.145539,0.043371,31.03,66.8986110115353
3132,-8.592029,-3.525226,4.027719,0.04215,0.136987,0.032376,31.03,66.5541167235421
3142,-8.585447,-3.54736,3.961318,0.031612,0.126755,0.023213,31.03,66.9050265566243
3152,-8.606983,-3.530011,4.012764,0.025198,0.114843,0.012981,31.02,66.6669268366858
3162,-8.606385,-3.544966,3.981059,0.015272,0.100945,0.002902,31.02,66.8431966701099
3172,-8.610572,-3.55394,3.960122,0.006414,0.084452,-0.008399,31.03,66.9683937271403
3182,-8.621939,-3.549154,3.984648,-0.00168,0.066279,-0.016035,31.03,66.8600532349108
3192,-8.609975,-3.561717,3.990032,-0.010079,0.046426,-0.026114,31.04,66.8181456750496
3202,-8.610572,-3.553342,3.971487,-0.018173,0.027794,-0.034056,31.04,66.9087096725355
3212,-8.611171,-3.557529,3.989433,-0.026878,0.00901,-0.043371,31.03,66.8201575622564
3222,-8.581859,-3.579065,3.987041,-0.033445,-0.010385,-0.060476,31.03,66.7906662124016
3232,-8.590234,-3.577868,3.968496,-0.045357,-0.045357,-0.069333,31.04,66.9034247840661
3242,-8.556136,-3.577868,3.994219,-0.050549,-0.059407,-0.078802,31.07,66.6991236858239
3252,-8.547761,-3.596412,3.997808,-0.055589,-0.072388,-0.086896,31.07,66.6791868561794
3262,-8.523234,-3.591627,4.000201,-0.05849,-0.082772,-0.092852,31.02,66.6116319942539
3272,-8.508877,-3.598207,3.987041,-0.060934,-0.089797,-0.09896,31.02,66.6562977170096
3282,-8.488539,-3.6006,4.027719,-0.062461,-0.093004,-0.107054,31.05,66.403473404945
3292,-8.468199,-3.617948,4.011567,-0.065821,-0.0956,-0.110261,31.05,66.4606867775684
3302,-8.444869,-3.605386,4.021138,-0.064599,-0.09499,-0.114079,31,66.3502937773143
3312,-8.411968,-3.614957,4.034299,-0.065668,-0.093921,-0.114843,31,66.2204380679948
3322,-8.392825,-3.626323,4.009174,-0.065821,-0.091019,-0.114385,31.04,66.3221198131649
3332,-8.368299,-3.627519,4.033103,-0.062461,-0.084605,-0.112705,31.04,66.1453759478994
3342,-8.346166,-3.622734,4.034299,-0.060628,-0.079565,-0.108123,31.02,66.0873731732013
3352,-8.339585,-3.6341,4.018147,-0.058338,-0.073762,-0.101098,31.02,66.1689351895285
3362,-8.315658,-3.627519,4.037888,-0.055131,-0.068111,-0.094073,31.01,66.0074843834861
3372,-8.3013,-3.643671,4.03071,-0.051924,-0.06185,-0.083994,31.01,66.0296722346507
3382,-8.279764,-3.625725,4.016951,-0.046273,-0.054672,-0.071624,31,66.0391252598725
3392,-8.28455,-3.61376,4.041477,-0.042761,-0.049327,-0.058643,31,65.9084705567165
3402,-8.279166,-3.631706,3.999603,-0.032834,-0.035125,-0.029474,31.02,66.1353666437098
3412,-8.287541,-3.60718,4.039683,-0.026267,-0.025962,-0.014355,31.03,65.9182169960251
3422,-8.286943,-3.627519,4.006782,-0.021991,-0.014661,-0.001985,31.03,66.110098640878
3432,-8.28455,-3.609573,4.03071,-0.016035,-0.00336,0.010385,31.01,65.9614305198839
3442,-8.296515,-3.625126,4.016353,-0.011454,0.011148,0.022297,31.01,66.0777759119107
3452,-8.316854,-3.614359,4.025326,-0.005498,0.023518,0.03375,31.02,66.0639993314314
3462,-8.321639,-3.622734,4.01396,-0.002443,0.037415,0.04383,31.02,66.1420798213912
3472,-8.347363,-3.6006,4.01396,0.002291,0.048411,0.052076,31.03,66.1765991091062
3482,-8.349156,-3.605386,4.009772,0.005192,0.059101,0.060323,31.03,66.2069336512629
3492,-8.376076,-3.603591,4.018147,0.008552,0.068111,0.068417,30.96,66.218569521295
3502,-8.373085,-3.597011,4.000201,0.011606,0.076664,0.073609,30.96,66.3007003758065
3512,-8.4012,-3.591627,3.998407,0.014355,0.083994,0.078191,31.05,66.3649118125567
3522,-8.413164,-3.600002,3.992425,0.016799,0.090561,0.081092,31.05,66.4292468228665
3532,-8.452645,-3.589234,3.991228,0.018479,0.094379,0.082161,31.05,66.5089677905816
3542,-8.474181,-3.597609,3.972684,0.0197,0.100945,0.082009,31.05,66.6587584016433
3552,-8.48136,-3.586841,3.988835,0.022449,0.104,0.078649,31.01,66.5795424720365
3562,-8.534599,-3.585645,3.966104,0.022449,0.106901,0.075136,31.01,66.8080949652766
3572,-8.52443,-3.580859,3.96072,0.023976,0.107054,0.064141,31.03,66.8110958325068
3582,-8.540583,-3.581457,3.96072,0.024893,0.104763,0.057116,31.05,66.8449753725999
3592,-8.549556,-3.586841,3.958925,0.025198,0.102473,0.050244,31.05,66.8775013118206
3602,-8.556733,-3.586841,3.946362,0.024435,0.09896,0.041692,31.04,66.957927850074
3612,-8.575278,-3.57727,3.946961,0.024282,0.092546,0.031612,31.04,66.9846045395965
3622,-8.578867,-3.582056,3.944568,0.024129,0.085216,0.022449,31.05,67.0085363297353
3632,-8.587841,-3.569493,3.946362,0.023366,0.076053,0.013744,31.05,67.0068185707038
3642,-8.584252,-3.586243,3.91406,0.022144,0.065973,0.004123,31.02,67.1825608219873
3652,-8.59442,-3.582654,3.948158,0.023366,0.054214,-0.003971,31.02,67.022085427874
3662,-8.584252,-3.584448,3.920042,0.019853,0.040317,-0.011301,31.07,67.1497425332873
3672,-8.571091,-3.577868,3.940381,0.019395,0.027336,-0.018479,31.07,67.0109293130548
3682,-8.580065,-3.579065,3.9338,0.016341,0.012828,-0.026114,31.03,67.0646961057576
3692,-8.566903,-3.584448,3.929015,0.014661,-0.002443,-0.031612,31.03,67.0674385501593
3702,-8.547761,-3.580859,3.934398,0.011301,-0.01741,-0.03543,31.05,66.9969996210394
3712,-8.550154,-3.595814,3.923033,0.009316,-0.030849,-0.038179,31.05,67.0742894163603
3722,-8.532805,-3.574279,3.958925,0.008094,-0.045968,-0.042302,31.03,66.8320994243032
3732,-8.529217,-3.582654,3.960122,0.003207,-0.060934,-0.042761,31.03,66.825678850284
3743,-8.496315,-3.592823,3.939782,0.000153,-0.087965,-0.041233,31.06,66.8732106672851
3752,-8.492128,-3.585046,3.976871,-0.006414,-0.103236,-0.038637,31.01,66.6631144701353
3762,-8.478967,-3.588037,3.961916,-0.010843,-0.119882,-0.033903,31.01,66.7167944216804
3772,-8.451449,-3.58744,3.993621,-0.013592,-0.133779,-0.028405,31.08,66.4922982808
3782,-8.465807,-3.603591,3.970889,-0.017715,-0.150884,-0.020006,31.08,66.6560250892744
3792,-8.448458,-3.580859,4.017549,-0.0197,-0.161879,-0.016493,31.05,66.3546468067037
3802,-8.445468,-3.593421,4.002594,-0.023518,-0.171959,-0.010843,31.05,66.4379902836201
3812,-8.445468,-3.588037,4.027121,-0.025962,-0.176693,-0.007025,31.06,66.304630366568
3822,-8.42812,-3.585046,4.043272,-0.029169,-0.17822,-0.004887,31.06,66.1805827419264
3832,-8.420342,-3.603591,4.052843,-0.032376,-0.176998,-0.002902,31.04,66.1307801244043
3842,-8.400003,-3.597609,4.074379,-0.034361,-0.171806,-0.002443,31.04,65.9692165444735
3852,-8.408379,-3.589832,4.082754,-0.036957,-0.166766,-0.001985,31.03,65.9362675510803
3862,-8.365907,-3.679563,4.144967,-0.038485,-0.159894,-0.002291,31.03,65.6042775159536
3872,-8.349156,-3.593421,4.240082,-0.024129,-0.144011,-0.014355,31.07,64.992102385004
3882,-8.377871,-3.611966,4.061218,-0.021838,-0.13042,-0.019395,31.07,66.0039156226813
3892,-8.379665,-3.616751,4.080959,-0.014813,-0.120951,-0.021228,31.04,65.9088160033309
3902,-8.349156,-3.529413,4.084548,-0.01405,-0.109803,-0.019853,31.04,65.743230085262
3912,-8.340781,-3.572484,4.162315,-0.021228,-0.100182,-0.018784,31.03,65.3578864535596
3922,-8.343175,-3.598207,4.122235,-0.021228,-0.074067,-0.018173,30.98,65.5966742077665
3932,-8.329416,-3.574877,4.155735,-0.020922,-0.058185,-0.01909,30.98,65.3694861064383
3942,-8.321041,-3.582056,4.147958,-0.021075,-0.041997,-0.018479,31.05,65.3984923953726
3952,-8.324032,-3.591029,4.14078,-0.018937,-0.025045,-0.01909,31.05,65.4510843924661
3962,-8.320443,-3.580859,4.146762,-0.019395,-0.007025,-0.019548,31.04,65.4022982958443
3972,-8.309675,-3.585645,4.139583,-0.017562,0.011606,-0.020159,31.04,65.4207197304645
3982,-8.303694,-3.57069,4.150351,-0.015119,0.030696,-0.020311,31.05,65.3369720260137
3992,-8.297711,-3.582654,4.137789,-0.011301,0.049022,-0.020006,31.05,65.4009457533857
4002,-8.313862,-3.574279,4.135396,-0.007941,0.067806,-0.018784,31.03,65.4410873747061
4012,-8.316256,-3.574279,4.109673,-0.004276,0.086896,-0.018479,31.03,65.5811996671584
4022,-8.319845,-3.564708,4.135396,0.000764,0.105374,-0.016952,31.04,65.4452111250543
4032,-8.329416,-3.571886,4.097709,0.004429,0.123547,-0.01573,31.04,65.6705032470472
4042,-8.330612,-3.568895,4.102495,0.010232,0.139888,-0.013592,31.01,65.6451991125266
4052,-8.346764,-3.57069,4.092325,0.014966,0.155923,-0.011606,31.01,65.7354140184725
4062,-8.356335,-3.559324,4.073183,0.020617,0.171042,-0.00901,31.01,65.8461262970817
4072,-8.366504,-3.573681,4.061218,0.026267,0.184787,-0.005192,31.01,65.9441762542325
4082,-8.401799,-3.557529,4.038486,0.030391,0.194561,-0.002749,31,66.1246048045335
4092,-8.422735,-3.56052,4.009174,0.040012,0.209679,0.003818,31,66.3259050806269
4102,-8.442476,-3.549752,4.016951,0.044288,0.214414,0.006872,31.01,66.3173220491778
4112,-8.453843,-3.546163,3.978666,0.047037,0.216094,0.009927,31.02,66.5392688238627
4122,-8.480762,-3.554538,3.978068,0.051007,0.215788,0.011454,31.02,66.6062982251089
4134,-8.493923,-3.557529,3.964309,0.053145,0.212123,0.012523,31.02,66.7086300468246
4142,-8.516654,-3.562315,3.936791,0.053756,0.204793,0.013592,31.02,66.9044332654928
4152,-8.543573,-3.564708,3.937988,0.054062,0.195171,0.014203,31,66.9557145413639
4162,-8.559725,-3.559922,3.915854,0.052382,0.182343,0.014813,31,67.1008034690236
4172,-8.586643,-3.555136,3.930809,0.051465,0.166766,0.014203,31.01,67.0734580308195
4182,-8.589037,-3.572484,3.908676,0.049327,0.147524,0.01237,31.01,67.208808846677
4192,-8.599805,-3.576672,3.900899,0.04612,0.12706,0.009774,31.04,67.2748788666668
4202,-8.600404,-3.568895,3.901497,0.043066,0.105985,0.007483,31.04,67.266420073076
4212,-8.617152,-3.574877,3.898506,0.036499,0.082161,0.004734,31.01,67.3209481337153
4222,-8.611769,-3.582654,3.888935,0.03207,0.058185,0.000458,31.01,67.3666726832145
4232,-8.607581,-3.578466,3.896712,0.027947,0.032834,-0.003665,31.03,67.3140180546785
4242,-8.602198,-3.57727,3.887738,0.021533,0.006567,-0.007636,31.03,67.3491253804063
4252,-8.606983,-3.601198,3.912265,0.016188,-0.020006,-0.012217,31.02,67.2506584775264
4262,-8.596216,-3.600002,3.921238,0.009468,-0.071166,-0.020464,31.02,67.1809906349852
4272,-8.563912,-3.594618,3.934398,-0.002138,-0.096211,-0.023366,31.06,67.0418724799894
4282,-8.55135,-3.610171,3.932006,-0.007941,-0.121715,-0.025809,31.04,67.0421007809071
4292,-8.550154,-3.6006,3.956532,-0.011454,-0.142637,-0.028253,31.04,66.9031269542098
4302,-8.533404,-3.609573,3.967898,-0.016493,-0.160658,-0.031765,31.04,66.8170639144245
4312,-8.508279,-3.604787,3.979862,-0.020769,-0.17318,-0.036041,31.04,66.6983793513932
4322,-8.487342,-3.595216,3.995416,-0.024129,-0.184023,-0.039554,31.05,66.5649896595316
4332,-8.469995,-3.615555,4.003192,-0.026878,-0.189215,-0.041997,31.05,66.5061178160628
4342,-8.453244,-3.625725,4.032505,-0.028711,-0.190743,-0.045968,31.01,66.3268243656993
4352,-8.433504,-3.62393,4.030112,-0.03146,-0.188605,-0.049327,31.01,66.2960994029797
4362,-8.418548,-3.619144,4.053442,-0.033139,-0.184481,-0.051771,31.05,66.1380191373985
4372,-8.402995,-3.644269,4.037888,-0.034208,-0.178373,-0.053603,31.05,66.2094394706353
4382,-8.391629,-3.623332,4.063013,-0.031612,-0.167683,-0.054978,31.02,66.0344372851318
4392,-8.364112,-3.602993,4.116253,-0.033292,-0.156382,-0.056352,31.02,65.6779328633136
4402,-8.367702,-3.637689,4.070789,-0.036957,-0.144317,-0.055589,31.02,65.9558428571099
4412,-8.352147,-3.619144,4.08754,-0.032529,-0.131336,-0.054825,31.02,65.8173454082574
4422,-8.333005,-3.597609,4.081557,-0.032681,-0.11805,-0.052076,31.04,65.7871703684963
4432,-8.316854,-3.598207,4.123432,-0.03375,-0.105222,-0.045051,31.04,65.5329482620119
4442,-8.321041,-3.626323,4.092325,-0.031612,-0.077122,-0.039859,31.06,65.7317207362633
4452,-8.322237,-3.591627,4.114459,-0.029016,-0.063683,-0.034819,30.97,65.5855156722353
4462,-8.30788,-3.6006,4.102495,-0.0281,-0.050244,-0.029322,30.97,65.6253995617825
4472,-8.313264,-3.585046,4.11745,-0.025962,-0.036805,-0.023976,31,65.5439998383963
4482,-8.324032,-3.598207,4.106084,-0.025045,-0.024435,-0.017257,31,65.6395359851602
4492,-8.327023,-3.58744,4.095316,-0.022907,-0.012065,-0.012065,31.04,65.692417324656
4502,-8.32463,-3.57727,4.106682,-0.020464,0.001069,-0.006414,31.04,65.6180161723007
4512,-8.336594,-3.574877,4.091129,-0.018784,0.014355,-0.001374,30.98,65.7234717704027
4522,-8.333604,-3.574877,4.085745,-0.016035,0.028253,0.004429,30.98,65.7452364266513
4532,-8.346764,-3.575475,4.09711,-0.012675,0.041692,0.009774,31.08,65.7147751353788
4542,-8.353942,-3.576073,4.074379,-0.010079,0.055283,0.013744,31.08,65.8501511541312
4552,-8.346166,-3.573082,4.085745,-0.006872,0.067806,0.019395,31,65.7708620402598
4562,-8.356933,-3.564708,4.066004,-0.004276,0.080634,0.024282,31,65.890100243791
4572,-8.365308,-3.566502,4.074379,0,0.093004,0.028405,30.99,65.8658934783731
4582,-8.374281,-3.569493,4.061816,0.00336,0.106596,0.030696,30.99,65.9539458777473
4592,-8.391031,-3.559922,4.05404,0.00733,0.119882,0.033598,31.05,66.022039274471
4602,-8.398808,-3.564708,4.039683,0.011148,0.132405,0.036041,31.05,66.1184317997557
4612,-8.41137,-3.556931,4.027121,0.019395,0.151342,0.040623,31.05,66.2042008622826
4622,-8.417951,-3.571288,4.029513,0.023366,0.159283,0.04215,31.04,66.2186249196723
4632,-8.425129,-3.567699,4.034897,0.027489,0.166461,0.042608,31.04,66.202428872846
4642,-8.458031,-3.561118,3.991827,0.029474,0.173028,0.043219,31.02,66.4921554212258
4652,-8.471789,-3.569493,3.99063,0.033903,0.175013,0.042913,31.02,66.534757812317
4662,-8.479566,-3.562315,4.010371,0.038026,0.176387,0.041233,31.02,66.4413231322596
4672,-8.498708,-3.568895,3.966104,0.038485,0.177151,0.040317,31.02,66.719102924964
4682,-8.513064,-3.566502,3.965506,0.041081,0.174707,0.036346,31.02,66.7499923927185
4692,-8.530412,-3.568895,3.966702,0.04215,0.171653,0.032681,31.02,66.7817824247715
4702,-8.544172,-3.559922,3.9338,0.042302,0.166766,0.027642,31,66.9747949285704
4712,-8.553743,-3.565306,3.942773,0.043219,0.15852,0.020617,31,66.9520802722903
4722,-8.56451,-3.568895,3.934997,0.041997,0.148746,0.015119,31.01,67.0179516427728
4732,-8.579466,-3.568297,3.919443,0.040164,0.136681,0.008705,31.01,67.1294251440997
4742,-8.581859,-3.57727,3.917051,0.037721,0.124006,0.00168,31.02,67.1544300853045
4752,-8.586046,-3.568297,3.917051,0.03375,0.107818,-0.006414,31.02,67.1553507245849
4762,-8.603992,-3.574279,3.894917,0.029932,0.089797,-0.014203,31.02,67.3126460800055
4772,-8.603992,-3.57727,3.904488,0.025504,0.070097,-0.020311,31.02,67.2650780678944
4782,-8.602198,-3.57727,3.888337,0.021533,0.024435,-0.033292,31,67.3459879596656
4792,-8.593822,-3.589234,3.892524,0.009927,-0.000611,-0.03879,31.04,67.317214056528
4802,-8.602198,-3.579065,3.899703,0.004429,-0.026114,-0.043982,31.04,67.2879927259682
4812,-8.590234,-3.58385,3.910471,0,-0.052229,-0.048869,31,67.2114549323984
4822,-8.581859,-3.595216,3.900301,-0.005956,-0.078343,-0.050855,31,67.257349478462
4832,-8.571091,-3.59402,3.911069,-0.010843,-0.102625,-0.054672,31.04,67.1780907138632
4842,-8.552546,-3.589234,3.92722,-0.016035,-0.126296,-0.05681,31.04,67.0515926099028
4852,-8.539985,-3.607778,3.921836,-0.02138,-0.146913,-0.058032,30.96,67.0700911765434
4862,-8.517252,-3.591029,3.948158,-0.025504,-0.165392,-0.060476,30.96,66.8709233213323
4872,-8.500502,-3.601796,3.946961,-0.028405,-0.180053,-0.060628,31.04,66.852017517425
4882,-8.489137,-3.592823,3.980461,-0.032376,-0.191354,-0.060781,31.04,66.6449216834458
4892,-8.483753,-3.607778,3.981059,-0.035736,-0.199295,-0.060781,31.04,66.6437893113517
4902,-8.453244,-3.608975,4.016353,-0.036957,-0.203571,-0.060476,31.04,66.396208718549
4912,-8.432905,-3.610171,4.024727,-0.039859,-0.206472,-0.057879,31.05,66.3105650100696
4922,-8.395817,-3.62393,4.02413,-0.040623,-0.204487,-0.056047,31.05,66.2477108274193
4932,-8.374281,-3.607778,4.045665,-0.040775,-0.201738,-0.052076,31.02,66.0739530866662
4942,-8.359326,-3.611368,4.067201,-0.040012,-0.19563,-0.047495,31.02,65.9321789724056
4952,-8.322237,-3.62393,4.07737,-0.039401,-0.185856,-0.036957,31.05,65.8105543710008
4962,-8.322237,-3.615555,4.089932,-0.034514,-0.159436,-0.032681,31.02,65.736708659925
4972,-8.307282,-3.622734,4.107878,-0.032529,-0.144317,-0.02642,31.02,65.6168339885386
4982,-8.297711,-3.616153,4.119244,-0.029169,-0.127365,-0.021533,31.04,65.5300666773224
4992,-8.303095,-3.617948,4.102495,-0.026725,-0.108276,-0.015577,31.04,65.6314060265751
5002,-8.289336,-3.6006,4.125825,-0.020922,-0.088575,-0.009163,31.04,65.4623534270704
5012,-8.291729,-3.61735,4.10728,-0.018326,-0.067348,-0.004123,31.04,65.5809095808064
5022,-8.288737,-3.598805,4.134199,-0.014355,-0.046578,-0.000153,31.05,65.415403111908
5032,-8.288737,-3.601796,4.132405,-0.010385,-0.025504,0.005192,31.05,65.4276673610009
5042,-8.283952,-3.602993,4.124628,-0.005345,-0.00504,0.010232,31.02,65.4590904171395
5052,-8.301898,-3.6006,4.129414,-0.001985,0.016188,0.014203,31.02,65.4711129368779
5062,-8.315059,-3.582654,4.127021,0.001985,0.037721,0.016341,31.01,65.4955049805152
5072,-8.325827,-3.582056,4.107878,0.005192,0.058796,0.019242,31.01,65.6188514185782
5082,-8.3348,-3.584448,4.113262,0.009927,0.078038,0.021838,31.02,65.6124612936428
5092,-8.35155,-3.58385,4.100101,0.012981,0.096211,0.023671,31.02,65.7173042626708
5102,-8.35454,-3.581457,4.086941,0.016493,0.111941,0.025045,31.01,65.7905331163289
5112,-8.371889,-3.5671,4.068397,0.018479,0.126449,0.026267,31.01,65.9120507622055
5122,-8.410771,-3.565904,4.059424,0.021686,0.139735,0.026878,30.97,66.0416126645343
5132,-8.41436,-3.558127,4.052245,0.024282,0.160505,0.026114,31.01,66.0798582130775
5142,-8.436494,-3.567699,4.028317,0.024893,0.168599,0.025351,31.01,66.2610834586068
5152,-8.467602,-3.556931,4.036692,0.027031,0.173486,0.024282,31,66.2735910087097
5162,-8.463414,-3.562315,4.011567,0.027031,0.17654,0.022602,31,66.4010278274528
5172,-8.481958,-3.557529,4.012764,0.027947,0.176845,0.020464,31.02,66.4296048327161
5182,-8.493324,-3.561717,3.985246,0.027031,0.176998,0.017562,31.02,66.6012392423067
5192,-8.512466,-3.558726,3.999603,0.027031,0.174097,0.016035,31.02,66.5635030373998
5202,-8.523833,-3.571288,3.966104,0.025198,0.169515,0.012981,31.02,66.7733588801293
5212,-8.536993,-3.558726,3.970291,0.024435,0.163101,0.010232,31.02,66.7678406786759
5222,-8.537591,-3.571288,3.962514,0.023518,0.154549,0.005345,31.02,66.820619675271
5232,-8.556733,-3.565306,3.957729,0.022755,0.143859,0.002749,31.05,66.8799914845632
5242,-8.55434,-3.583252,3.924827,0.020006,0.132252,-0.000916,31.05,67.062668753979
5252,-8.559725,-3.568895,3.940979,0.020006,0.119882,-0.004581,31.04,66.9768321728004
5262,-8.566306,-3.573681,3.915256,0.016646,0.106291,-0.008247,31.04,67.1290897478402
5273,-8.566306,-3.574279,3.924827,0.016952,0.092241,-0.01237,31.04,67.0794618156463
5282,-8.565108,-3.573681,3.915854,0.014966,0.076969,-0.015272,31.04,67.1235115053706
5292,-8.553144,-3.58385,3.924827,0.012981,0.061239,-0.019395,31.04,67.0607350717117
5302,-8.548957,-3.582056,3.908676,0.009774,0.029474,-0.02474,31.04,67.1353396057474
5312,-8.544769,-3.596412,3.926622,0.008705,0.014813,-0.027794,31.05,67.0449890603009
5322,-8.531011,-3.595814,3.926024,0.006872,-0.000916,-0.031001,31.01,67.0194354864957
5332,-8.529217,-3.597011,3.91406,0.004581,-0.016188,-0.032223,31.01,67.0795846056244
5342,-8.525627,-3.603591,3.909274,0.002902,-0.030085,-0.034056,31.05,67.1030605179619
5352,-8.499905,-3.592225,3.95055,0.001527,-0.043677,-0.034514,31.05,66.823577957026
5362,-8.496315,-3.605386,3.919443,-0.000305,-0.058338,-0.033292,31.02,66.9910845601052
5372,-8.475977,-3.597011,3.949952,-0.001222,-0.070402,-0.033445,31.02,66.781332437236
5382,-8.478967,-3.615555,3.948756,-0.003818,-0.084299,-0.032376,31.03,66.8101616339949
5392,-8.480762,-3.6006,3.954139,-0.005803,-0.09499,-0.030696,31.03,66.7724258855685
5402,-8.456235,-3.604787,3.967898,-0.007789,-0.104458,-0.029627,31.05,66.6528341435098
5412,-8.449656,-3.608377,3.984648,-0.009621,-0.112246,-0.0281,31.05,66.55432547077
5422,-8.447262,-3.61735,3.972086,-0.011759,-0.118813,-0.026878,31.01,66.6233075555824
5432,-8.435897,-3.597011,3.995416,-0.012217,-0.122326,-0.02474,31.01,66.4587359213646
5442,-8.422137,-3.611368,3.999005,-0.014661,-0.123853,-0.023976,31.05,66.4238421555011
5452,-8.425727,-3.591029,4.001398,-0.016341,-0.125075,-0.022755,31.05,66.4005072183288
5462,-8.421539,-3.59043,4.012764,-0.018326,-0.123242,-0.022144,31.04,66.3314263762563
5472,-8.413763,-3.602993,4.02413,-0.018784,-0.115912,-0.019242,31.04,66.2666777335435
5482,-8.395219,-3.606582,4.026522,-0.020311,-0.110261,-0.018937,31,66.2180202527665
5492,-8.409575,-3.599404,4.035496,-0.021075,-0.104611,-0.017104,31,66.1949135374604
5502,-8.407183,-3.598805,4.052843,-0.021533,-0.097738,-0.016952,31,66.0983755570601
5512,-8.395219,-3.6006,4.046861,-0.021991,-0.090561,-0.016188,31.05,66.1058294774177
5522,-8.402995,-3.58385,4.052245,-0.021533,-0.081856,-0.015272,31.05,66.0789146720059
5532,-8.397013,-3.593421,4.061218,-0.02138,-0.072693,-0.015119,31.04,66.0278532705928
5542,-8.396414,-3.582056,4.052843,-0.020311,-0.06353,-0.014966,31.04,66.0600613060314
5552,-8.407781,-3.583252,4.066004,-0.018784,-0.053451,-0.015272,31.02,66.0165556851955
5562,-8.404191,-3.588037,4.063612,-0.017104,-0.043219,-0.015424,31.02,66.0257587281114
5572,-8.395219,-3.582654,4.061218,-0.014508,-0.032529,-0.014661,31.05,66.014150456099
5582,-8.376076,-3.564708,4.09053,-0.013134,-0.021075,-0.014508,31.05,65.8028781439102
5592,-8.38445,-3.597011,4.042076,-0.011759,-0.009316,-0.015272,31.04,66.1046414769742
5602,-8.389835,-3.597609,4.031308,-0.004734,0,-0.014508,31.04,66.1732253935861
5612,-8.38146,-3.548556,4.119244,-0.000916,0.009316,-0.014966,31,65.6494845032451
5622,-8.38146,-3.595216,4.039683,-0.002291,0.021533,-0.015577,31,66.1091689019529
5632,-8.393424,-3.5671,4.049852,0.004276,0.03146,-0.015577,31.03,66.0556965916759
5642,-8.393424,-3.565306,4.064807,0.005803,0.042455,-0.013744,31.03,65.9756267388921
5652,-8.393424,-3.575475,4.048656,0.013439,0.06017,-0.012065,31.01,66.0696102723499
5662,-8.398808,-3.569493,4.046861,0.018021,0.068417,-0.011301,30.99,66.0851079488801
5672,-8.400601,-3.576073,4.046861,0.020922,0.0759,-0.009621,30.99,66.0949351541863
5682,-8.404191,-3.574279,4.042674,0.025351,0.082467,-0.008094,31.04,66.1229410505348
5692,-8.413763,-3.571288,4.044468,0.028711,0.088881,-0.005498,31.04,66.1312649726556
5702,-8.408379,-3.565306,4.027719,0.031765,0.094837,-0.003971,31.04,66.2022444867188
5712,-8.408379,-3.5671,4.030112,0.034514,0.099724,-0.001833,31.04,66.1913005936861
5722,-8.413164,-3.573082,4.027719,0.03711,0.103694,0.000916,31.02,66.2194706756783
5732,-8.423933,-3.567699,4.004987,0.04047,0.107054,0.003971,31.02,66.3568918703306
5742,-8.439486,-3.571886,4.010969,0.043677,0.109192,0.005345,30.98,66.3621529269833
5752,-8.447861,-3.5671,4.005585,0.045204,0.110261,0.007025,30.98,66.40382485637
5762,-8.460423,-3.581457,3.990032,0.045815,0.110261,0.008399,31.05,66.5246484454881
5772,-8.47119,-3.578466,3.993023,0.045968,0.108734,0.009927,31.05,66.5288941004346
5782,-8.475977,-3.579065,3.996014,0.045204,0.106443,0.009927,31.02,66.5237857738321
5792,-8.492128,-3.582654,3.966104,0.044288,0.103084,0.010079,31.02,66.7174622248097
5802,-8.495118,-3.574877,3.987041,0.043066,0.098807,0.009774,31.03,66.6071363163666
5812,-8.512466,-3.577868,3.986442,0.041081,0.092393,0.00901,31.03,66.6490602198744
5822,-8.523234,-3.591029,3.971487,0.035583,0.076511,0.007025,31.02,66.761126706344
5832,-8.526823,-3.584448,3.978666,0.032681,0.066584,0.004887,31.06,66.7252859212158
5842,-8.540583,-3.593421,3.944568,0.027184,0.05452,0.001527,31.06,66.9398350865371
5852,-8.539386,-3.59043,3.974478,0.023518,0.041692,-0.001833,31.02,66.7783716666226
5862,-8.528618,-3.597609,3.965506,0.018479,0.029627,-0.004429,31.02,66.8092721324957
5872,-8.548359,-3.601198,3.954139,0.013439,0.015577,-0.006567,31.01,66.9124643543038
5882,-8.541779,-3.588037,3.967898,0.008399,0.00168,-0.009774,31.01,66.8156142721794
5892,-8.540583,-3.595216,3.969693,0.002749,-0.013744,-0.012523,31.02,66.8099959525843
5902,-8.529815,-3.595814,3.967898,-0.002749,-0.029322,-0.015272,31.02,66.7976720011389
5912,-8.520243,-3.591627,3.979862,-0.007789,-0.045815,-0.017104,31.04,66.7116574080935
5922,-8.502296,-3.595216,3.973282,-0.012981,-0.061239,-0.019548,31.04,66.7119938720657
5932,-8.509476,-3.605386,3.984648,-0.016799,-0.076511,-0.022755,31.06,66.6763631232826
5942,-8.486743,-3.601198,4.006183,-0.020159,-0.088117,-0.025045,31.06,66.5127238993204
5952,-8.479566,-3.617948,3.994219,-0.024282,-0.098349,-0.027184,31.05,66.5751934923689
5962,-8.47119,-3.61077,4.010371,-0.027336,-0.105069,-0.029627,31.05,66.4667904413462
5972,-8.457432,-3.615555,4.02413,-0.02978,-0.109039,-0.032529,31.04,66.3702467123582
5982,-8.445468,-3.602395,4.037888,-0.032376,-0.11133,-0.036805,31.04,66.2612216804162
5992,-8.412566,-3.616153,4.048656,-0.033445,-0.107818,-0.040164,31.05,66.1476095150151
6002,-8.403594,-3.61077,4.04746,-0.034819,-0.103389,-0.040775,31.06,66.129857316694
6012,-8.395817,-3.61077,4.042674,-0.033903,-0.09728,-0.041692,31.06,66.138373345606
6022,-8.374879,-3.592225,4.080361,-0.032376,-0.089034,-0.04047,31.01,65.8789449884915
6032,-8.362915,-3.622135,4.025924,-0.033598,-0.080023,-0.03879,31.01,66.1666659378465
6042,-8.362915,-3.593421,4.063612,-0.029322,-0.070708,-0.037874,31.04,65.9420947240345
6052,-8.346166,-3.600002,4.056432,-0.028253,-0.06017,-0.034361,31.04,65.9498411908298
6062,-8.352147,-3.591627,4.075575,-0.025656,-0.050244,-0.031154,31.04,65.8544230562991
6072,-8.348558,-3.595814,4.06062,-0.02306,-0.039706,-0.027947,31.04,65.9290954227688
6082,-8.350951,-3.580261,4.064807,-0.018937,-0.027947,-0.023213,31.04,65.8978358041185
6092,-8.349156,-3.580859,4.064807,-0.014203,-0.016799,-0.018479,31.04,65.8945114966009
6102,-8.348558,-3.576672,4.045665,-0.011454,-0.003818,-0.013897,31.03,65.9900232553189
6112,-8.357532,-3.573681,4.045067,-0.007636,0.008094,-0.01069,31.03,66.0097437017479
6122,-8.350353,-3.561118,4.057031,-0.003665,0.019242,-0.006414,31.05,65.9197328009291
6135,-8.378469,-3.558726,4.040879,0.003971,0.042761,0.001527,31.04,66.063092692298
6142,-8.378469,-3.558726,4.040879,0.003971,0.042761,0.001527,31.04,66.063092692298
6152,-8.382656,-3.55394,4.016353,0.007178,0.05284,0.004276,31.04,66.1967939169451
6162,-8.405388,-3.558726,4.021138,0.010843,0.063072,0.008247,31.05,66.2245003825938
6172,-8.413164,-3.566502,4.028317,0.01573,0.081703,0.010537,31.04,66.2103849375096
6182,-8.426923,-3.566502,4.007978,0.016646,0.089644,0.011454,31.04,66.3464369383867
6192,-8.433504,-3.559922,4.009772,0.018326,0.095906,0.012675,31.07,66.3450663955112
6202,-8.452048,-3.545565,3.998407,0.019853,0.098655,0.014203,31.07,66.4312055078331
6212,-8.448458,-3.556333,3.999005,0.021533,0.099113,0.015882,30.99,66.4300397231383
6222,-8.460423,-3.556333,3.999005,0.02138,0.098349,0.016035,30.99,66.4552804119606
6232,-8.480762,-3.559922,3.982255,0.022144,0.097891,0.01573,31.05,66.5890571967436
6242,-8.495118,-3.561717,3.99063,0.023671,0.095448,0.016188,31.05,66.5767874491448
6252,-8.492725,-3.568895,3.975077,0.023976,0.092852,0.014966,31.03,66.6595834793209
6262,-8.501699,-3.563511,3.981059,0.024129,0.088881,0.012981,31.03,66.6422396260101
6272,-8.508877,-3.566502,3.975675,0.025045,0.084452,0.010537,31.02,66.6880124899929
6282,-8.509476,-3.568297,3.975675,0.02474,0.078954,0.007483,31.02,66.6908253326846
6292,-8.523833,-3.579065,3.972086,0.025351,0.073762,0.004276,31.04,66.7488113843008
6302,-8.523833,-3.57069,3.976871,0.025504,0.067959,0.001374,31.04,66.7164923989821
6312,-8.532805,-3.588636,3.948756,0.024435,0.062308,-0.002596,31.04,66.8977711332859
6322,-8.528021,-3.576073,3.997808,0.026573,0.055283,-0.007025,31.04,66.6204783326034
6332,-8.520243,-3.595814,3.976273,0.023824,0.048564,-0.011454,31.05,66.7340822768829
6342,-8.523833,-3.600002,3.9673,0.022297,0.033445,-0.020464,30.99,66.7920928924381
6352,-8.52144,-3.597011,3.987639,0.020922,0.025962,-0.023671,30.99,66.6782096975036
6362,-8.525627,-3.616153,3.951746,0.018326,0.018021,-0.027184,31.02,66.8912618545437
6372,-8.501699,-3.601796,3.986442,0.018784,0.010079,-0.032681,31.02,66.6476666743255
6382,-8.517252,-3.615555,3.961318,0.015119,0.000153,-0.033903,31,66.8233990222891
6392,-8.493923,-3.599404,3.982853,0.014966,-0.008399,-0.036194,31,66.6481631128575
6402,-8.486146,-3.60718,3.985246,0.010996,-0.020311,-0.037415,31.07,66.6263153554857
6412,-8.489137,-3.631108,3.951149,0.007941,-0.03146,-0.03879,31.07,66.832346710991
6422,-8.470592,-3.59402,4.017549,0.008094,-0.041844,-0.038637,31.01,66.4130458616985
6432,-8.469396,-3.629314,3.970291,0.002291,-0.055589,-0.037415,31.01,66.6894909559167
6442,-8.458628,-3.602395,4.008576,0.001374,-0.065668,-0.037263,31,66.4423437131174
6452,-8.455637,-3.609573,3.97388,-0.003512,-0.077427,-0.034208,31,66.6244264877295
6462,-8.453843,-3.610171,4.010371,-0.005651,-0.087965,-0.032681,31.03,66.4298587428832
6472,-8.453244,-3.614359,3.989433,-0.009316,-0.096059,-0.030696,31.03,66.542079750631
6482,-8.435897,-3.600002,4.022933,-0.010843,-0.10232,-0.028711,31.03,66.3171005083782
6492,-8.439486,-3.611966,4.006782,-0.013897,-0.106749,-0.0281,31.03,66.4200938898146
6502,-8.421539,-3.605386,4.028317,-0.016188,-0.109039,-0.027031,31.02,66.2633756551492
6512,-8.416155,-3.597609,4.036692,-0.019242,-0.109039,-0.021686,31.02,66.2010001362393
6522,-8.400003,-3.608975,4.045067,-0.023976,-0.106443,-0.020006,31.02,66.133103620967
6532,-8.395817,-3.608975,4.04387,-0.024129,-0.101709,-0.017868,31,66.1304578869336
6542,-8.386245,-3.611966,4.050451,-0.025962,-0.095295,-0.015577,31,66.0782746985924
6552,-8.382057,-3.603591,4.068995,-0.026267,-0.088423,-0.012675,31.05,65.9644105992026
6562,-8.383254,-3.614359,4.063013,-0.027336,-0.079871,-0.010537,31.05,66.0082485673095
6572,-8.368299,-3.599404,4.077968,-0.02642,-0.069944,-0.00733,31.04,65.8839460628903
6582,-8.377273,-3.591029,4.074977,-0.025351,-0.057727,-0.003818,31.04,65.9111994530842
6592,-8.367103,-3.594618,4.076771,-0.024282,-0.045662,-0.00168,31.03,65.8832070235803
6602,-8.375478,-3.588037,4.084548,-0.02306,-0.03375,0.001069,31.03,65.8544394828488
6612,-8.374879,-3.596412,4.072584,-0.021686,-0.021075,0.003971,31,65.9235559280067
6622,-8.367103,-3.584448,4.080361,-0.019242,-0.007636,0.00672,31,65.8549766011403
6632,-8.374879,-3.578466,4.092325,-0.015119,0.005192,0.008094,31.03,65.8035861550884
6642,-8.382656,-3.582056,4.086343,-0.013897,0.019853,0.009774,31.03,65.8550081410638
6652,-8.37129,-3.577868,4.075575,-0.010537,0.03375,0.010232,31.02,65.8830259680764
6662,-8.380263,-3.578466,4.065406,-0.006414,0.047342,0.010996,31.02,65.9562327939057
6672,-8.398808,-3.572484,4.055834,-0.001833,0.059101,0.011148,31.02,66.0407735094336
6682,-8.408977,-3.574877,4.045665,0.000764,0.07254,0.009927,31.02,66.118024328706
6692,-8.406584,-3.553342,4.058825,0.008858,0.093768,0.009163,31.02,66.024364582934
6702,-8.421539,-3.561717,4.02413,0.010996,0.104,0.006109,31.03,66.2458837411715
6712,-8.425727,-3.552145,4.027121,0.013744,0.110414,0.00504,31.03,66.2304959445432
6722,-8.428718,-3.57727,4.019942,0.016493,0.115454,0.004276,31.02,66.2971053639637
6732,-8.4347,-3.565306,4.019942,0.018479,0.119119,0.003971,31.02,66.2990449396111
6742,-8.438888,-3.562315,4.004987,0.020006,0.118661,0.003971,31.01,66.3837317240337
6752,-8.467602,-3.554538,3.994219,0.023518,0.11805,0.002596,31.01,66.4939211978689
6762,-8.470592,-3.557529,3.988835,0.023518,0.11637,-0.000611,31.01,66.5310965328452
6772,-8.472386,-3.568895,3.982255,0.025045,0.114537,-0.001222,31.01,66.5794162207106
6782,-8.473583,-3.556931,3.970889,0.024893,0.109956,-0.003207,31.02,66.6310675823575
6792,-8.493324,-3.556333,3.957729,0.025962,0.104305,-0.004581,31.02,66.7408878249992
6802,-8.49452,-3.555136,3.966702,0.027031,0.098349,-0.00672,31.02,66.6952259087485
6812,-8.501101,-3.569493,3.954738,0.026725,0.090866,-0.007178,31.02,66.7842323786134
6822,-8.498708,-3.562913,3.955336,0.025962,0.082925,-0.007636,31.08,66.7703891827514
6832,-8.506484,-3.56411,3.957131,0.025809,0.073915,-0.009774,31.08,66.7781626315879
6842,-8.513663,-3.558127,3.930809,0.024587,0.064904,-0.011454,31.05,66.9260635105688
6852,-8.515458,-3.566502,3.949354,0.024129,0.054367,-0.01237,31.05,66.8396438270685
6862,-8.52144,-3.583252,3.926622,0.020464,0.03375,-0.012675,31.01,66.9857919598929
6872,-8.518449,-3.559922,3.975675,0.021533,0.023366,-0.012981,31.04,66.7021994498588
6882,-8.513663,-3.575475,3.941577,0.017868,0.012065,-0.013592,31.04,66.8845221933031
6892,-8.525029,-3.577868,3.96072,0.017104,0.00168,-0.015577,31.03,66.8097373346134
6902,-8.517851,-3.58744,3.944568,0.013897,-0.009468,-0.016188,31.03,66.8878618128517
6912,-8.508877,-3.58744,3.970291,0.01237,-0.020006,-0.017257,31.01,66.7345005501693
6922,-8.507681,-3.601796,3.946362,0.008552,-0.030543,-0.018021,31.01,66.8699792993525
6932,-8.502296,-3.59402,3.985246,0.008399,-0.039401,-0.017257,31.03,66.6483204328257
6942,-8.502296,-3.613162,3.963711,0.004581,-0.048869,-0.017868,31.03,66.7778831265898
6952,-8.483154,-3.591029,3.985844,0.003665,-0.056963,-0.019242,31.02,66.602660789093
6962,-8.478369,-3.606582,3.985246,-0.000916,-0.066279,-0.018937,31.02,66.6095799360886
6972,-8.471789,-3.610171,3.985246,-0.002138,-0.073762,-0.019242,31.04,66.5990432660388
6982,-8.467003,-3.594618,4.002594,-0.004581,-0.081551,-0.018631,31.04,66.4843094146094
6992,-8.454441,-3.602395,4.010969,-0.006567,-0.089492,-0.016799,31.03,66.4210123165786
7002,-8.450253,-3.595814,4.017549,-0.008094,-0.096669,-0.015882,31.03,66.3718362297907
7012,-8.440681,-3.60718,4.015755,-0.009621,-0.101862,-0.016493,31.02,66.3712734065955
7022,-8.432307,-3.601198,4.036692,-0.011148,-0.103389,-0.016799,31.02,66.2385325837659
7032,-8.429914,-3.596412,4.041477,-0.014203,-0.09896,-0.020159,31.01,66.2040789498372
7042,-8.419745,-3.595814,4.051647,-0.016646,-0.095906,-0.021533,31.05,66.1286885053118
7052,-8.410771,-3.604787,4.052245,-0.018173,-0.091324,-0.022449,31.05,66.1146195267614
7062,-8.400003,-3.604787,4.051049,-0.01909,-0.085674,-0.024587,31.03,66.0979234022136
7072,-8.408379,-3.594618,4.070191,-0.020617,-0.079871,-0.024893,31.03,66.006319356378
7082,-8.392825,-3.589832,4.063612,-0.02138,-0.072846,-0.025504,31.04,66.003050259449
7092,-8.382057,-3.601796,4.069593,-0.021991,-0.06521,-0.025809,31.04,65.9596223098649
7102,-8.380861,-3.604189,4.07737,-0.022907,-0.056963,-0.024129,30.99,65.9185397061484
7112,-8.387442,-3.592823,4.068995,-0.022755,-0.048411,-0.024282,30.99,65.9660506706086
7122,-8.387442,-3.586841,4.072584,-0.021838,-0.038332,-0.022755,31.04,65.941753132951
7132,-8.382656,-3.592823,4.083352,-0.021686,-0.028863,-0.021686,31.04,65.8805933688213
7142,-8.376674,-3.589234,4.078567,-0.020464,-0.018631,-0.021228,31,65.8894463040331
7152,-8.379066,-3.572484,4.066602,-0.019548,-0.007636,-0.0197,31,65.9418889520656
7162,-8.379665,-3.586243,4.061218,-0.018021,0.002596,-0.018479,31,65.9840583770888
7172,-8.380263,-3.571288,4.072584,-0.016341,0.013134,-0.016799,31,65.9120040134113
7182,-8.386844,-3.573681,4.069593,-0.014508,0.02306,-0.014966,31.03,65.9440528281209
7192,-8.389236,-3.580859,4.04387,-0.011759,0.03207,-0.012981,31.03,66.0906766037981
7202,-8.400003,-3.572484,4.063612,-0.009621,0.051771,-0.010843,31.01,66.0025759710613
7212,-8.412566,-3.571886,4.036094,-0.005651,0.064141,-0.009927,31.05,66.173166069626
7222,-8.415558,-3.573082,4.041477,-0.001069,0.073304,-0.00901,31.05,66.1524007165645
7232,-8.412566,-3.569493,4.033103,0.001222,0.081245,-0.009468,31,66.1866935626916
7242,-8.412566,-3.582056,4.0337,0.002902,0.086437,-0.00733,31,66.1949382363588
7252,-8.4347,-3.588037,4.031906,0.00504,0.089492,-0.00504,31.04,66.2567735120031
7262,-8.432905,-3.579065,4.008576,0.007178,0.091172,-0.002749,31.04,66.3672294166863
7272,-8.44427,-3.573681,4.02413,0.010385,0.091935,-0.001069,31.02,66.3048785124971
7282,-8.445468,-3.588037,3.996014,0.012065,0.091935,0.000153,31.02,66.4676979288413
7292,-8.447861,-3.586243,4.003192,0.014508,0.091172,0.001374,31,66.4334691231723
7302,-8.458628,-3.564708,4.0008,0.016646,0.090561,0.001833,31,66.4495089492871
7312,-8.462815,-3.573681,3.963113,0.01909,0.087659,0.004276,31.08,66.6641669549518
7322,-8.46102,-3.568895,4.017549,0.021991,0.084605,0.00336,31.08,66.3704911152096
7332,-8.466404,-3.576672,3.963113,0.022144,0.08262,0.003971,31.04,66.6743028859505
7342,-8.475378,-3.573082,3.987639,0.024435,0.078496,0.004123,31.04,66.5611374346159
7352,-8.481958,-3.571886,3.982255,0.023976,0.073915,0.002138,31.04,66.6020866618652
7362,-8.486146,-3.585046,3.979264,0.025504,0.069486,0.001374,31.04,66.6381051468111
7372,-8.478967,-3.576672,3.973282,0.025962,0.064294,-0.000611,31.03,66.6471224787277
7382,-8.48136,-3.593421,3.955934,0.026573,0.051771,-0.000305,31.02,66.7579208026707
7392,-8.492725,-3.580859,3.958925,0.026267,0.045815,-0.000305,31.02,66.7547953874321
7402,-8.492128,-3.59402,3.970889,0.025962,0.039248,-0.000305,31.05,66.7023581051833
7412,-8.487342,-3.593421,3.958327,0.024282,0.032376,-0.000611,31.05,66.7577773044571
7422,-8.487941,-3.585645,3.969095,0.023213,0.024893,-0.001985,31.04,66.6956905345293
7432,-8.492725,-3.595216,3.976273,0.021533,0.018173,-0.002291,31.04,66.6764391713598
7442,-8.489736,-3.603591,3.961916,0.017868,0.011301,-0.003207,31.03,66.7528595768864
7452,-8.481958,-3.599404,3.967898,0.017868,0.004581,-0.004123,31.03,66.7016415612674
7462,-8.492128,-3.592823,3.976273,0.01405,-0.00336,-0.005192,31.04,66.6730902634284
7472,-8.482555,-3.608377,3.972086,0.010996,-0.010537,-0.005498,31.04,66.6888474411864
7482,-8.489137,-3.59402,3.978068,0.007941,-0.017715,-0.006872,31.03,66.658514235536
7492,-8.483753,-3.604189,3.972684,0.004276,-0.025045,-0.00733,31.03,66.6845018613049
7502,-8.487342,-3.598805,3.99721,0.002138,-0.032529,-0.007178,31.05,66.5587797956022
7512,-8.486146,-3.608377,3.972684,-0.002902,-0.040775,-0.007636,31.05,66.6931757165496
7522,-8.472386,-3.586841,4.005585,-0.004734,-0.048258,-0.007178,31.04,66.4730248323623
7532,-8.468199,-3.599404,3.987639,-0.008094,-0.054825,-0.007941,31.04,66.5694323919122
7542,-8.475378,-3.585046,4.00379,-0.010079,-0.059559,-0.008399,31.04,66.487106354032
7552,-8.472386,-3.597609,4.006782,-0.014661,-0.06689,-0.012065,31.04,66.4763373850482
7562,-8.46102,-3.579663,4.010969,-0.016646,-0.069028,-0.012828,31.02,66.4145459716627
7572,-8.453843,-3.58744,4.018147,-0.018784,-0.070402,-0.01405,31.05,66.3687712279564
7582,-8.455039,-3.584448,4.022933,-0.021075,-0.071624,-0.016188,31.05,66.3435599293727
7592,-8.438888,-3.603591,4.026522,-0.022755,-0.071166,-0.016952,31.05,66.307861666455
7602,-8.432905,-3.589234,4.039085,-0.022907,-0.070097,-0.017562,31.05,66.2164557784309
7612,-8.425129,-3.59043,4.027719,-0.024129,-0.067653,-0.019395,31.04,66.2605784697658
7622,-8.429914,-3.58744,4.044468,-0.025351,-0.066126,-0.02138,31.04,66.1803028084057
7632,-8.423933,-3.586841,4.043272,-0.025962,-0.06185,-0.020922,30.98,66.1733009642879
7642,-8.421539,-3.589832,4.019344,-0.025809,-0.05681,-0.021228,30.98,66.296351364929
7652,-8.415558,-3.571288,4.053442,-0.024587,-0.051465,-0.022907,31.03,66.0880773633701
7662,-8.408379,-3.58385,4.054638,-0.02474,-0.046273,-0.022602,31.03,66.0778874597452
7672,-8.4012,-3.573082,4.048656,-0.023824,-0.039859,-0.021533,31.03,66.0840793769565
7682,-8.398808,-3.582056,4.049852,-0.02138,-0.032681,-0.021838,31.03,66.0808674821317
7692,-8.386844,-3.59043,4.033103,-0.019853,-0.024587,-0.021991,31.01,66.1508534271023
7702,-8.387442,-3.562315,4.068397,-0.016952,-0.01741,-0.020311,31.01,65.9411979355028
7712,-8.389236,-3.56052,4.052843,-0.015272,-0.009621,-0.020159,31,66.0250098704647
7722,-8.386844,-3.570091,4.045665,-0.01069,0.007636,-0.017257,31,66.0662930201135
7732,-8.400601,-3.565306,4.046861,-0.004429,0.016799,-0.015577,31.04,66.0851395544763
7742,-8.392226,-3.57727,4.032505,-0.001222,0.025504,-0.014813,31.01,66.1534832427209
7752,-8.400601,-3.571886,4.048656,0.002138,0.034361,-0.014508,31.01,66.081708560807
7762,-8.41137,-3.567699,4.03071,0.004276,0.04444,-0.014661,31.01,66.1950808039457
7772,-8.41137,-3.573082,4.025924,0.00733,0.05284,-0.013744,31.01,66.2250748255205
7782,-8.42453,-3.570091,4.029513,0.010843,0.05849,-0.011759,31.03,66.2315425766761
7792,-8.411968,-3.581457,4.013362,0.012217,0.063072,-0.010537,31.03,66.2998977558402
7802,-8.422137,-3.572484,4.022933,0.01405,0.065973,-0.008552,30.99,66.2631339891261
7812,-8.446067,-3.573082,4.009772,0.016341,0.068722,-0.00672,30.99,66.3834105974364
7822,-8.443673,-3.573082,4.003192,0.017257,0.069944,-0.005192,31.01,66.4128799724798
7833,-8.461619,-3.57727,4.00379,0.01909,0.070402,-0.004276,31.01,66.4512922248467
7842,-8.456235,-3.569493,4.001398,0.020159,0.07025,-0.002749,31.01,66.4455825135475
7852,-8.470592,-3.579663,3.988237,0.020464,0.06857,-0.001374,31.01,66.5537945275528
7862,-8.472386,-3.580261,4.012166,0.021228,0.065363,-0.000458,31.02,66.4327305596255
7872,-8.478967,-3.591029,3.976273,0.021075,0.061697,0.000153,31.02,66.6440930322484
7882,-8.476574,-3.573681,3.999005,0.022449,0.057574,-0.001374,31.08,66.5046043366661
7892,-8.501699,-3.586841,3.972086,0.019853,0.052993,-0.001527,31.08,66.7096715849195
7902,-8.499306,-3.574877,4.003192,0.020006,0.041081,-0.002749,31.05,66.5313798895801
7912,-8.498111,-3.58385,4.001996,0.017257,0.035277,-0.003207,31,66.5430370694369
7922,-8.493324,-3.597011,3.952345,0.016035,0.029474,-0.005498,31,66.8047267517277
7932,-8.490931,-3.58385,4.014558,0.016493,0.02306,-0.007636,31,66.4623475948347
7942,-8.484351,-3.595814,3.985246,0.012675,0.016341,-0.008247,31,66.612520134447
7952,-8.496913,-3.598207,3.997808,0.011759,0.010232,-0.009774,31.08,66.5750987780925
7962,-8.479566,-3.60718,4.002594,0.009468,0.003971,-0.010843,31.08,66.5217990549634
7972,-8.475378,-3.597609,4.004389,0.007636,-0.002138,-0.01237,31.03,66.4951309786942
7982,-8.48136,-3.604189,3.987639,0.005803,-0.008552,-0.01405,31.03,66.6011616551071
7992,-8.475977,-3.603591,4.004987,0.003971,-0.013439,-0.014661,31.02,66.4985786118804
8002,-8.46102,-3.611368,4.013362,0.002291,-0.017715,-0.015272,31.02,66.4303489341497
8012,-8.459227,-3.61077,4.006782,-0.000611,-0.023213,-0.015119,31.02,66.4604905745978
8022,-8.434101,-3.599404,4.052245,-0.002596,-0.031001,-0.013134,31.02,66.1593591060393
8032,-8.442476,-3.609573,3.99721,-0.00672,-0.042761,-0.009163,31.05,66.4744252391817
8042,-8.442476,-3.61077,3.988835,-0.006109,-0.047953,-0.00733,31.05,66.5194480068627
8052,-8.438888,-3.626323,4.018147,-0.004276,-0.047495,-0.009927,31.04,66.3722460546696
8062,-8.441879,-3.616153,4.015156,-0.004276,-0.0478,-0.009621,31.04,66.3850209865609
8072,-8.422735,-3.601198,4.039683,-0.007483,-0.042913,-0.01069,31.05,66.2025688833256
8082,-8.419147,-3.597011,4.042674,-0.010232,-0.04047,-0.011301,31.05,66.175478954672
8092,-8.416754,-3.609573,4.021138,-0.012065,-0.038026,-0.010996,31.05,66.2946818202691
8102,-8.413763,-3.596412,4.039085,-0.013286,-0.034819,-0.009468,30.99,66.1822857582592
8112,-8.404191,-3.585645,4.03729,-0.014203,-0.030543,-0.008399,30.99,66.1615205520287
8122,-8.411968,-3.593421,4.031308,-0.01573,-0.026114,-0.009621,31.04,66.2165241336401
8136,-8.413763,-3.592225,4.045665,-0.015424,-0.022602,-0.008247,31.04,66.1440021245666
8142,-8.405388,-3.583252,4.036094,-0.017562,-0.018326,-0.008094,31.06,66.1681716603353
8152,-8.422735,-3.584448,4.025924,-0.018021,-0.013897,-0.006414,31.06,66.2595060781893
8162,-8.405987,-3.58385,4.042076,-0.018479,-0.010079,-0.005345,31,66.1386150541275
8172,-8.412566,-3.579065,4.02413,-0.018937,-0.005803,-0.003971,31,66.2424501206043
8182,-8.414959,-3.578466,4.037888,-0.020006,-0.002138,-0.003054,31.03,66.1748177717417
8192,-8.404789,-3.57727,4.014558,-0.021075,0.001833,-0.002596,31.03,66.2745774942734
8202,-8.422137,-3.569493,4.029513,-0.01909,0.004429,-0.001222,31.05,66.2259132182852
8212,-8.422137,-3.573082,4.028317,-0.019548,0.008858,0.000764,31.05,66.2354240212384
8222,-8.4347,-3.565904,4.025924,-0.019242,0.014355,-0.000305,31.04,66.2682081636548
8232,-8.431709,-3.562913,4.017549,-0.017868,0.018021,-0.000611,31.04,66.3031102467837
8242,-8.441879,-3.559324,4.022335,-0.016341,0.027184,-0.001985,31.05,66.2963658875344
8252,-8.426923,-3.565904,3.998407,-0.013286,0.032529,-0.002138,31.04,66.3962026934691
8262,-8.442476,-3.559324,4.016353,-0.010996,0.035888,-0.002596,31.04,66.3290035324417
8272,-8.435897,-3.558127,3.999005,-0.010079,0.039248,-0.004276,31.05,66.4050927564282
8282,-8.445468,-3.5671,4.007978,-0.006872,0.042913,-0.005345,31.05,66.3862144508886
8292,-8.450253,-3.571886,4.006782,-0.005803,0.047037,-0.006872,31.05,66.4068619103335
8302,-8.457432,-3.567699,4.004389,-0.002596,0.048411,-0.008247,31.05,66.4308228466916
8312,-8.458031,-3.574877,3.993023,-0.001069,0.048106,-0.008858,31.06,66.4980856438232
8322,-8.470592,-3.565306,3.987041,0.000764,0.047647,-0.008399,31.06,66.5473737914354
8332,-8.459227,-3.564708,4.001996,0.00336,0.045204,-0.008399,31.01,66.4444978511727
8342,-8.470592,-3.572484,3.967898,0.004581,0.042913,-0.008399,31.01,66.6542120036307
8352,-8.465807,-3.565306,4.001996,0.008399,0.040317,-0.010232,31.07,66.4588856946263
8362,-8.475378,-3.576672,3.978068,0.009927,0.038026,-0.010843,31.07,66.6145102022912
8372,-8.483753,-3.571288,3.985844,0.01237,0.035888,-0.011912,31.06,66.5864981737775
8382,-8.480165,-3.56052,3.981059,0.014966,0.03207,-0.013439,31.06,66.5946073211049
8392,-8.477771,-3.571288,3.970889,0.015882,0.027794,-0.015577,31.01,66.6524468534066
8402,-8.466404,-3.579065,3.978068,0.018173,0.025351,-0.016799,31.01,66.5978537188011
8412,-8.471789,-3.580859,3.99063,0.020311,0.020617,-0.01909,31.02,66.5448139756912
8422,-8.477771,-3.584448,3.974478,0.022144,0.012981,-0.020464,31.04,66.6452046764258
8432,-8.461619,-3.575475,3.978068,0.02306,0.008247,-0.021228,31.04,66.584656834263
8442,-8.477173,-3.574279,3.981059,0.023213,0.00336,-0.020311,31.03,66.600460997128
8452,-8.450851,-3.581457,4.001398,0.022449,-0.001833,-0.02138,31.03,66.444900647839
8462,-8.471789,-3.599404,3.946961,0.020769,-0.007178,-0.0197,31.02,66.7904728298982
8472,-8.449057,-3.580859,4.017549,0.023824,-0.011454,-0.019853,31.02,66.3559119575374
8482,-8.460423,-3.585046,3.994219,0.019548,-0.016188,-0.018479,31.06,66.5058750682341
8492,-8.459825,-3.596412,3.985844,0.018173,-0.020922,-0.018021,31.06,66.5586652394708
8502,-8.450851,-3.602993,4.021737,0.017562,-0.023824,-0.018326,31.03,66.3576168429403
8512,-8.456235,-3.611966,3.987639,0.014355,-0.027336,-0.016493,31.03,66.5556065554272
8522,-8.449656,-3.597609,4.030112,0.012828,-0.030238,-0.015577,31.04,66.3064327305132
8532,-8.450253,-3.61077,3.995416,0.00901,-0.034361,-0.014203,31.04,66.5012258556714
8542,-8.446067,-3.603591,4.033103,0.007178,-0.036805,-0.010996,31.05,66.2885909916565
8552,-8.436494,-3.61376,4.021737,0.00336,-0.038026,-0.010996,31.05,66.3370461481986
8562,-8.450851,-3.609573,4.033103,-0.000458,-0.04047,-0.009163,31.03,66.3040846818514
8572,-8.44427,-3.618546,4.039085,-0.004887,-0.039706,-0.00733,31.03,66.2670268357801
8582,-8.438289,-3.611368,4.039085,-0.005651,-0.038179,-0.005498,31.02,66.2478856818302
8592,-8.439486,-3.604189,4.038486,-0.010996,-0.036194,-0.003818,31.03,66.2470565017627
8602,-8.437093,-3.608377,4.034897,-0.013592,-0.036194,-0.002291,31.03,66.2645556114382
8612,-8.439486,-3.601796,4.050451,-0.015577,-0.032987,-0.001833,31.05,66.1823360462424
8622,-8.422137,-3.601796,4.03729,-0.018784,-0.027794,-0.003054,31.05,66.214374322641
8632,-8.422735,-3.594618,4.05404,-0.018784,-0.024282,-0.002596,31.05,66.1214485435606
8642,-8.429317,-3.596412,4.043272,-0.020922,-0.019395,-0.003207,31.05,66.193417120185
8652,-8.409575,-3.609573,4.049852,-0.022144,-0.013134,-0.004123,31.01,66.1289720032968
8662,-8.412566,-3.591029,4.063013,-0.022755,-0.008247,-0.004734,31.01,66.0495407057566
8672,-8.432905,-3.61735,4.037888,-0.024587,-0.003818,-0.003971,31.02,66.2481784498874
8682,-8.413164,-3.59043,4.058227,-0.022907,0.002596,-0.004734,31.02,66.0753154379972
8692,-8.417352,-3.596412,4.040281,-0.024282,0.007789,-0.005345,31.05,66.1836520727033
8702,-8.415558,-3.611368,4.026522,-0.024282,0.012523,-0.005651,31.05,66.2655459919691
8712,-8.418548,-3.579663,4.048058,-0.02474,0.017104,-0.00733,31.05,66.1302580358331
8722,-8.417352,-3.58744,4.040281,-0.025198,0.022297,-0.007789,31.05,66.1755066868798
8732,-8.420941,-3.59043,4.028317,-0.023366,0.026878,-0.008705,30.99,66.2485575548487
8742,-8.422735,-3.580859,4.040281,-0.023213,0.030849,-0.00901,30.99,66.1810018859265
8752,-8.417951,-3.572484,4.029513,-0.022449,0.034972,-0.010232,31.03,66.2197050312159
8762,-8.425727,-3.591029,4.015156,-0.018479,0.040317,-0.011759,31.03,66.3282758606855
8772,-8.429317,-3.576672,4.026522,-0.016646,0.042913,-0.011454,31.05,66.2633269870949
8782,-8.432905,-3.580859,4.004389,-0.015272,0.045051,-0.011301,31.04,66.3908207506782
8792,-8.44128,-3.571288,4.006183,-0.012217,0.045662,-0.010843,31.04,66.3905257694997
8802,-8.437093,-3.573681,3.995416,-0.010079,0.046578,-0.010385,31.04,66.4403654641185
8812,-8.449057,-3.562315,3.993023,-0.008247,0.047189,-0.010843,31.04,66.4680362672268
8822,-8.452048,-3.570091,3.97388,-0.005345,0.047953,-0.008858,31.04,66.5818308946208
8832,-8.454441,-3.568895,3.980461,-0.001985,0.048564,-0.009468,31.04,66.5512000352214
8842,-8.460423,-3.562913,3.981059,0.001222,0.050702,-0.008399,31.02,66.5553227874628
8852,-8.450253,-3.562315,3.964309,0.001833,0.050702,-0.008858,31.02,66.6215386939141
8862,-8.463414,-3.565904,3.974478,0.005192,0.048869,-0.007789,31.05,66.5988158764263
8872,-8.477173,-3.575475,3.968496,0.005956,0.046578,-0.005651,31.05,66.6674470002563
8882,-8.479566,-3.57069,3.969095,0.007178,0.042455,-0.005803,31,66.6650876287865
8892,-8.469396,-3.571288,3.959523,0.008705,0.038179,-0.004887,31,66.6946784652162
8902,-8.486743,-3.57727,3.964309,0.010232,0.034056,-0.001985,31.04,66.71095183869
8912,-8.487342,-3.573681,3.965506,0.01237,0.028253,-0.000764,31.04,66.7027680706537
8922,-8.481958,-3.570091,3.961916,0.01237,0.022144,-0.000764,31.02,66.7072504299492
8932,-8.499306,-3.578466,3.954139,0.013744,0.009927,-0.001069,31.02,66.7914796960845
8942,-8.489137,-3.574279,3.969095,0.016799,0.003971,-0.000458,31.01,66.6881991692788
8952,-8.489137,-3.585046,3.98405,0.014508,-0.003207,-0.001069,31.03,66.6192658068528
8962,-8.493324,-3.586243,3.948158,0.013744,-0.009468,-0.001527,31.03,66.8172762129229
8972,-8.477173,-3.5671,3.99721,0.016035,-0.015577,-0.00168,31.02,66.5094484383096
8982,-8.495717,-3.59402,3.972086,0.014203,-0.022297,-0.002138,31.02,66.7035439440743
8992,-8.481958,-3.574877,3.982255,0.012981,-0.028558,-0.002749,30.98,66.6047211754664
9002,-8.480165,-3.589832,3.979862,0.012217,-0.034514,-0.004276,30.98,66.6267156976035
9012,-8.465208,-3.577868,3.995416,0.010996,-0.038179,-0.004429,31.04,66.5032662538341
9022,-8.475378,-3.586841,3.982853,0.009468,-0.042608,-0.005956,31.04,66.5983936598661
9032,-8.462217,-3.596412,4.018745,0.008858,-0.045968,-0.007483,31.04,66.391311162176
9042,-8.453244,-3.617948,3.996612,0.006414,-0.048258,-0.008247,31.04,66.5076554947102
9052,-8.444869,-3.586243,4.03071,0.005345,-0.050702,-0.008399,31.02,66.2829619458467
9062,-8.446664,-3.601796,4.016353,0.003054,-0.052229,-0.008705,31.02,66.3759061795763
9072,-8.443673,-3.598805,4.036692,0.001833,-0.052076,-0.007789,31.01,66.2604403407193
9082,-8.430512,-3.603591,4.02413,-0.001833,-0.051924,-0.008247,31.01,66.3026850545717
9092,-8.429317,-3.609573,4.045665,-0.00336,-0.050702,-0.00901,31.03,66.1928374352958
9102,-8.431709,-3.594618,4.055236,-0.004734,-0.04948,-0.008399,31.03,66.1342977628808
9112,-8.415558,-3.596412,4.04387,-0.006872,-0.040623,-0.008858,31.04,66.1610351825187
9122,-8.422137,-3.585645,4.042674,-0.008399,-0.036041,-0.009316,31.05,66.1715272248047
9132,-8.421539,-3.588037,4.051647,-0.009163,-0.029627,-0.009468,31.05,66.1254429897147
9142,-8.414959,-3.597011,4.058227,-0.01069,-0.023824,-0.010079,31.02,66.0851463783103
9152,-8.404789,-3.59043,4.052843,-0.011301,-0.016799,-0.010232,31.02,66.0856185919797
9162,-8.408379,-3.592225,4.048058,-0.012675,-0.009927,-0.010232,31.02,66.11998805918
9172,-8.423933,-3.589234,4.052245,-0.013439,-0.003818,-0.010385,31.02,66.1285011929079
9182,-8.413763,-3.591029,4.040281,-0.015272,0.00168,-0.009621,31.05,66.1711251304659
9192,-8.413763,-3.595216,4.049254,-0.01573,0.00733,-0.008552,31.05,66.1279270638517
9202,-8.423334,-3.585645,4.048058,-0.016952,0.012981,-0.008552,31.02,66.1458831949213
9212,-8.419147,-3.597011,4.032505,-0.018631,0.01741,-0.009163,31.02,66.2287564381622
9222,-8.440681,-3.570091,4.046861,-0.0197,0.021991,-0.008858,31.05,66.1750258988125
9232,-8.422137,-3.576073,4.034897,-0.021686,0.027031,-0.009468,31.05,66.2036183431134
9242,-8.422735,-3.59402,4.040879,-0.020769,0.031154,-0.009621,31.04,66.1897924778334
9252,-8.442476,-3.583252,4.032505,-0.021533,0.033903,-0.00901,31.04,66.2658082655426
9262,-8.443074,-3.583252,4.027121,-0.021991,0.035888,-0.009316,31.03,66.2952662624153
9272,-8.452645,-3.567699,4.023531,-0.020922,0.037721,-0.010079,31.03,66.3203932922795
9282,-8.447861,-3.592823,3.991228,-0.020617,0.040775,-0.010843,31.06,66.5021250227734
9292,-8.447262,-3.559324,4.021138,-0.018326,0.039859,-0.011301,31.04,66.3140537735221
9302,-8.450851,-3.585645,3.990032,-0.018937,0.03879,-0.011759,31.04,66.5082789662079
9312,-8.456235,-3.565904,4.010969,-0.017104,0.037874,-0.011606,31.04,66.3922024684061
9322,-8.445468,-3.576073,4.00379,-0.01573,0.035277,-0.011606,31.04,66.4162003789328
9332,-8.458628,-3.577868,3.982853,-0.013744,0.033445,-0.012217,31.04,66.5553786913748
9342,-8.466404,-3.556333,4.011567,-0.012065,0.031612,-0.012675,31.04,66.4020294188241
9352,-8.455039,-3.58385,3.976273,-0.009927,0.026725,-0.012217,31.09,66.587727092201
9362,-8.459825,-3.570091,4.002594,-0.007025,0.023824,-0.011759,31.09,66.4474032324205
9372,-8.467003,-3.576672,3.987041,-0.004581,0.019242,-0.010843,31.04,66.5498980432745
9382,-8.450851,-3.582056,3.999603,-0.002749,0.014813,-0.010843,31.04,66.4548513324025
9392,-8.465807,-3.582654,3.988835,-0.000916,0.012065,-0.010385,31.05,66.5432818084402
9402,-8.462815,-3.574877,3.991228,0.001069,0.010232,-0.011454,31.05,66.5175538340917
9412,-8.469396,-3.576672,3.991827,0.003818,0.009163,-0.011759,31.04,66.5298133721784
9422,-8.453244,-3.582654,3.989433,0.005803,0.007178,-0.011148,31.04,66.5137855459199
9432,-8.459227,-3.596412,3.984648,0.007178,0.005192,-0.012065,31.04,66.5636886076442
9442,-8.444869,-3.575475,4.001996,0.009621,0.003818,-0.01237,31.04,66.4238173720746
9452,-8.459825,-3.591029,3.987639,0.012065,-0.00168,-0.010385,31.01,66.5444582635864
9462,-8.454441,-3.581457,4.007978,0.015119,-0.003818,-0.010079,31.05,66.4179596569917
9472,-8.450253,-3.578466,3.998407,0.016035,-0.005803,-0.00901,31.05,66.4566659158607
9482,-8.461619,-3.582056,3.99721,0.017104,-0.007636,-0.007941,31.05,66.4900427903112
9492,-8.46461,-3.582654,4.001398,0.018021,-0.010079,-0.00672,31.05,66.4749048515503
9502,-8.453244,-3.583252,3.998407,0.018021,-0.012523,-0.005651,31.05,66.4672269241486
9512,-8.44427,-3.589234,4.006183,0.016952,-0.015272,-0.004734,31.05,66.4128931539336
9522,-8.449057,-3.59043,4.018147,0.016493,-0.016799,-0.004581,31.04,66.3613535462038
9532,-8.454441,-3.593421,4.005585,0.016188,-0.018173,-0.003512,31.04,66.4411871655808
9542,-8.467602,-3.593421,4.009772,0.015272,-0.019853,-0.002596,31.02,66.4469183997534
9552,-8.440681,-3.606582,4.010371,0.013744,-0.02138,-0.002138,31.02,66.3989491824051
9562,-8.446067,-3.601796,4.034299,0.012523,-0.023213,-0.001222,31.03,66.2807172134618
9572,-8.44128,-3.59402,4.015156,0.008094,-0.024893,-0.000458,31.03,66.3638362799895
9582,-8.445468,-3.594618,4.034897,0.00672,-0.025962,-0.000458,31.02,66.2698546701068
9592,-8.449656,-3.597011,4.01396,0.00336,-0.027642,0.001374,31.02,66.3904492335262
9602,-8.437093,-3.58744,4.057031,0.002596,-0.028405,0.000916,31.05,66.1298690374613
9612,-8.447861,-3.602395,4.037888,-0.001374,-0.027184,0.000611,31.05,66.2662824000121
9622,-8.437692,-3.595814,4.055236,-0.004276,-0.026725,0.000153,31.04,66.1481044671602
9632,-8.435897,-3.593421,4.037888,-0.009468,-0.023671,-0.000458,31.04,66.2328513570346
9642,-8.433504,-3.574877,4.057629,-0.011148,-0.02138,-0.000153,31.04,66.1077340870057
9652,-8.420941,-3.579065,4.043272,-0.012065,-0.018631,-0.000153,31.03,66.1598875446403
9662,-8.421539,-3.59043,4.051647,-0.013439,-0.015272,0,31.03,66.1276162222483
9672,-8.408379,-3.582056,4.046861,-0.015272,-0.011301,-0.00168,31.05,66.1170025513047
9682,-8.41137,-3.593421,4.049852,-0.016035,-0.006109,-0.001833,31.05,66.1180592921509
9692,-8.416754,-3.6006,4.051049,-0.01741,-0.001374,-0.002596,31.04,66.1298049890724
9702,-8.426923,-3.6006,4.052245,-0.017715,0.003818,-0.003207,31.04,66.1451872544799
9712,-8.422137,-3.582654,4.060022,-0.019395,0.010079,-0.004581,31.03,66.0780096348129
9722,-8.408977,-3.596412,4.04746,-0.019242,0.015577,-0.006261,31.03,66.1282124820931
9732,-8.42453,-3.575475,4.049852,-0.019395,0.020464,-0.006261,31.06,66.1298274547221
9742,-8.414959,-3.595216,4.028317,-0.019853,0.025656,-0.006109,31.06,66.240195011942
9752,-8.42812,-3.58385,4.045067,-0.020006,0.029627,-0.00672,31.04,66.1701036153536
9762,-8.432905,-3.600002,4.022933,-0.020159,0.034056,-0.007178,31.04,66.3107755503213
9772,-8.432905,-3.582056,4.042076,-0.01909,0.037721,-0.008247,31.03,66.1943154137496
9782,-8.429914,-3.580859,4.016353,-0.020159,0.040317,-0.009621,31.03,66.321698353886
9792,-8.425727,-3.581457,4.011567,-0.020006,0.04383,-0.010843,31.02,66.3384900893959
9802,-8.437093,-3.572484,4.005585,-0.018326,0.048258,-0.011912,31,66.3858867830419
9812,-8.446067,-3.584448,3.994817,-0.018173,0.04948,-0.012675,31,66.4720351113128
9822,-8.459227,-3.573681,4.0008,-0.015882,0.048717,-0.012981,31.02,66.4587425960194
9832,-8.449656,-3.561118,3.987041,-0.015272,0.047495,-0.012523,31.02,66.4996632924679
9842,-8.468199,-3.575475,3.987041,-0.013439,0.046884,-0.013134,31.04,66.5513455326383
9852,-8.46461,-3.561717,3.993023,-0.012217,0.045509,-0.012217,31.04,66.5002493430515
9862,-8.480165,-3.57069,3.978068,-0.010843,0.042761,-0.012981,31.04,66.619245939956
9872,-8.478369,-3.566502,3.973282,-0.008858,0.039095,-0.012675,31.04,66.6369239924301
9882,-8.478369,-3.568297,3.972684,-0.007025,0.036346,-0.013439,31.03,66.6416417286719
9892,-8.476574,-3.559922,3.978666,-0.005803,0.033139,-0.013439,31.03,66.5991194397545
9902,-8.473583,-3.574279,3.970291,-0.003971,0.027947,-0.014203,31.06,66.649472861004
9912,-8.489736,-3.578466,3.962514,-0.002902,0.020922,-0.01405,31.06,66.727649942515
9922,-8.478967,-3.567699,3.969095,-0.002749,0.014508,-0.013439,31.04,66.6612083995146
9932,-8.478967,-3.572484,3.966104,-0.00168,0.008399,-0.013744,31.04,66.681119850096
9942,-8.491529,-3.585046,3.964907,-0.00168,0.002902,-0.011912,31.04,66.7245943843274
9952,-8.484949,-3.58385,3.978666,0.000305,-0.004123,-0.012217,31.04,66.6376893273881
9962,-8.479566,-3.580261,3.969095,0.000916,-0.010232,-0.012675,31.04,66.6735071328627
9972,-8.484949,-3.583252,3.978068,0.001222,-0.021228,-0.012523,31.04,66.6402975186392
9982,-8.482555,-3.585645,3.975675,0.001985,-0.026267,-0.012065,31.05,66.6499607841413
9992,-8.474181,-3.588636,3.975675,0.004276,-0.031001,-0.011454,31.02,66.6351306340642
10002,-8.463414,-3.579663,4.001398,0.005803,-0.034972,-0.012065,31.02,66.4697321753732
10012,-8.46461,-3.598207,3.991827,0.004734,-0.038026,-0.012828,31.01,66.5389045180246
10022,-8.465807,-3.589234,3.994817,0.005498,-0.041081,-0.012981,31.01,66.5177582106005
10032,-8.455039,-3.588037,4.015156,0.00672,-0.043371,-0.011912,31.02,66.3874903863197
10042,-8.444869,-3.58744,3.993621,0.007025,-0.045204,-0.011606,31.02,66.4784661050736
10052,-8.46102,-3.6006,4.012764,0.007636,-0.045815,-0.011759,31.05,66.4238384085652
10062,-8.437692,-3.597609,4.019344,0.007483,-0.046731,-0.010996,31.05,66.337541257013
10072,-8.443673,-3.58385,4.03071,0.007941,-0.046578,-0.010232,31.04,66.2782787778028
10082,-8.428718,-3.59043,4.028915,0.00733,-0.045509,-0.009774,31.04,66.2619205315171
10092,-8.428718,-3.600002,4.040281,0.00672,-0.044593,-0.008399,31.03,66.2110529392156
10102,-8.419147,-3.622734,4.010371,0.006567,-0.043371,-0.008094,31.03,66.3681647094862
10112,-8.408977,-3.598805,4.049852,0.006261,-0.041233,-0.008094,31.03,66.1178655829495
10122,-8.420941,-3.601796,4.045665,0.003971,-0.038485,-0.005956,31.03,66.1679823772778
10132,-8.419147,-3.61376,4.055834,0.002749,-0.035583,-0.00504,31.04,66.1218672784595
10142,-8.417951,-3.601796,4.06062,0.001527,-0.031307,-0.003512,31.04,66.0833751499955
10152,-8.417352,-3.601198,4.053442,-0.002138,-0.020922,-0.002443,31.04,66.1191003889667
10162,-8.408977,-3.588037,4.059424,-0.004429,-0.012981,-0.003665,31.02,66.0579215930174
10172,-8.407781,-3.598207,4.04746,-0.006872,-0.003971,-0.003054,31.02,66.1273000410371
10182,-8.404789,-3.597609,4.064209,-0.007789,0.001985,-0.003665,31.02,66.0326693833994
10192,-8.416754,-3.593421,4.052245,-0.009316,0.008399,-0.002749,31.02,66.1170086002867
10202,-8.405388,-3.591627,4.046263,-0.01069,0.015882,-0.002291,31.04,66.1224686283233
10212,-8.396414,-3.584448,4.040281,-0.011759,0.022755,-0.000764,31.04,66.1281389973201
10222,-8.416754,-3.586841,4.046861,-0.013134,0.029169,-0.000305,31.03,66.1392172126339
10232,-8.420342,-3.592225,4.042674,-0.015119,0.034819,0.000153,31.03,66.1736747326072
10242,-8.426923,-3.593421,4.033103,-0.016188,0.04047,0.000305,31.06,66.2388734127731
10252,-8.434101,-3.580859,4.045665,-0.016952,0.045357,0.000305,31.06,66.1769933664804
10262,-8.429317,-3.6006,4.025924,-0.018937,0.049938,0.001374,31.04,66.2880526350308
10272,-8.42453,-3.583252,4.029513,-0.019548,0.053145,0.001527,31.04,66.2434166863659
10282,-8.428718,-3.595814,4.024727,-0.021533,0.055741,0.001833,31.01,66.288732622517
10292,-8.452048,-3.591627,4.020541,-0.021228,0.057269,0.001069,31.01,66.3562003964955
10302,-8.44128,-3.585046,4.006782,-0.022449,0.058643,0.001374,31.02,66.3996947340155
10312,-8.458031,-3.589832,4.007978,-0.022602,0.059559,0.000153,31.02,66.4329930801787
10322,-8.46461,-3.576672,4.006183,-0.022449,0.059559,-0.001069,31.05,66.4445135188988
10332,-8.464012,-3.585046,3.987041,-0.021686,0.059559,-0.002596,31.04,66.5510531914194
10342,-8.467602,-3.574279,3.989433,-0.020769,0.057879,-0.003971,31.04,66.5364867283886
10352,-8.466404,-3.586243,3.983452,-0.020311,0.0562,-0.004734,31.04,66.5759537789568
10362,-8.477173,-3.580261,3.970889,-0.019395,0.05284,-0.005803,31.04,66.6590992680898
10372,-8.472386,-3.574279,3.979862,-0.017868,0.049633,-0.008399,31.02,66.5967261965073
10382,-8.478369,-3.559922,3.978068,-0.016035,0.045509,-0.008858,31.02,66.6060168607998
10392,-8.483154,-3.585645,3.956532,-0.014355,0.041081,-0.009774,31.04,66.751671027141
10402,-8.474181,-3.580859,3.963711,-0.011301,0.03543,-0.01069,31.04,66.6910769753158
10412,-8.482555,-3.57727,3.949354,-0.009468,0.030238,-0.011759,31.02,66.7807928926168
10422,-8.472985,-3.570091,3.941577,-0.00672,0.023518,-0.011454,31.02,66.7955181942097
10432,-8.496913,-3.574279,3.954139,-0.004887,0.015424,-0.011912,31.07,66.7828586726272
10442,-8.478369,-3.571288,3.951746,-0.002596,0.008094,-0.012217,31.07,66.7542698472188
10452,-8.491529,-3.583252,3.955934,-0.000916,-0.000916,-0.012981,31.01,66.7701071291084
10462,-8.492725,-3.586841,3.964907,0.000458,-0.007483,-0.012675,31.01,66.7286553818665
10472,-8.487342,-3.577868,3.948158,0.002596,-0.013592,-0.012675,31.04,66.7975435876317
10482,-8.483154,-3.580859,3.963711,0.003665,-0.019548,-0.013897,31.04,66.7097706888546
10492,-8.484351,-3.574279,3.958925,0.00504,-0.032223,-0.013744,31.03,66.7316173071126
10502,-8.483154,-3.579065,3.9673,0.005651,-0.037568,-0.013439,31.02,66.6893550173386
10512,-8.473583,-3.579065,3.969693,0.007941,-0.042302,-0.011912,31.02,66.6568315106904
10522,-8.476574,-3.579065,3.969693,0.008705,-0.047647,-0.012523,30.98,66.6630738563812
10532,-8.472386,-3.576672,3.986442,0.009468,-0.052076,-0.01069,30.98,66.5643199346123
10542,-8.477173,-3.582654,3.976273,0.009163,-0.055131,-0.009468,31.01,66.6329562114091
10552,-8.471789,-3.588636,3.98405,0.009927,-0.058796,-0.00901,31.01,66.5862030094134
10562,-8.463414,-3.576672,3.994219,0.008858,-0.061087,-0.008094,31.01,66.5047147206929
10572,-8.455039,-3.577868,4.00738,0.008094,-0.062766,-0.00672,31.01,66.4191525357739
10582,-8.454441,-3.591627,4.004389,0.007636,-0.063835,-0.006109,31.04,66.4458522545747
10592,-8.440681,-3.591029,4.023531,0.007483,-0.064752,-0.005192,31.04,66.3159985038497
10602,-8.445468,-3.592823,4.019344,0.00733,-0.064294,-0.004276,31.05,66.3496567017906
10612,-8.435298,-3.592225,4.022335,0.005956,-0.062766,-0.002902,31.05,66.3119573547827
10622,-8.42812,-3.59043,4.030112,0.003971,-0.061545,-0.002596,31.05,66.2543798005291
10632,-8.429914,-3.582056,4.044468,0.003054,-0.059865,-0.001374,31.05,66.1754336611535
10642,-8.425727,-3.597011,4.046861,0.001833,-0.056047,-0.001069,31.03,66.1675506048016
10652,-8.43111,-3.604189,4.063013,-0.000305,-0.05284,-0.001069,31.03,66.1010793749203
10662,-8.415558,-3.59043,4.070191,-0.002749,-0.043371,-0.000916,31.02,66.0178529495705
10672,-8.402397,-3.596412,4.074379,-0.005803,-0.037415,-0.001222,30.99,65.9732494707303
10682,-8.408379,-3.603591,4.066004,-0.007178,-0.029474,-0.000916,30.99,66.0364297053202
10692,-8.397612,-3.592823,4.066602,-0.009774,-0.022144,-0.002138,31.06,66.0003956918547
10702,-8.404789,-3.59402,4.071388,-0.011148,-0.015119,-0.002902,31.06,65.9918249272451
10712,-8.397612,-3.586841,4.067799,-0.010996,-0.006414,-0.003054,31.05,65.9886467196905
10722,-8.398808,-3.596412,4.074977,-0.012065,0.001527,-0.002749,31.05,65.9624273750028
10732,-8.407781,-3.602395,4.074977,-0.01237,0.009621,-0.003512,31.05,65.9871416615821
10742,-8.399406,-3.59402,4.073183,-0.013286,0.016493,-0.003512,31.05,65.970898618254
10752,-8.407183,-3.600002,4.076771,-0.013134,0.024282,-0.003665,31.08,65.9742906157121
10762,-8.402397,-3.594618,4.063612,-0.014661,0.032376,-0.003971,31.08,66.0279387913444
10772,-8.403594,-3.591627,4.065406,-0.016341,0.039859,-0.004887,31.05,66.0183734153791
10782,-8.407781,-3.591627,4.056432,-0.015882,0.047495,-0.00504,31.05,66.0743057406863
10792,-8.413763,-3.595814,4.05404,-0.01573,0.054367,-0.005192,31.04,66.1034152552602
10802,-8.415558,-3.595814,4.041477,-0.016493,0.060018,-0.004581,31.04,66.1730270743863
10812,-8.426325,-3.593421,4.051647,-0.016646,0.064904,-0.005651,31.04,66.1405234526711
10822,-8.425727,-3.588636,4.03729,-0.017715,0.06918,-0.006872,31.04,66.2100709531663
10832,-8.438289,-3.582654,4.029513,-0.018173,0.072082,-0.006567,31.07,66.2720656638069
10842,-8.446067,-3.57727,4.016353,-0.017715,0.076205,-0.006872,31.02,66.3526500668886
10852,-8.446067,-3.574877,4.009772,-0.017104,0.077733,-0.007636,31.02,66.3850146641394
10862,-8.46461,-3.573082,4.004987,-0.01741,0.077274,-0.007789,31.04,66.4475899425128
10872,-8.458031,-3.584448,4.006183,-0.018173,0.076205,-0.008858,31.04,66.4375941882707
10882,-8.461619,-3.579663,3.985844,-0.016799,0.07422,-0.008552,31.04,66.5475416905077
10892,-8.468798,-3.581457,3.987041,-0.016341,0.07086,-0.008552,31.04,66.5578976880919
10902,-8.475378,-3.582654,3.968496,-0.015882,0.066279,-0.009468,31.03,66.6700262037129
10912,-8.486146,-3.573082,3.980461,-0.014661,0.060781,-0.009621,31.03,66.6212984678319
10922,-8.483753,-3.571886,3.958925,-0.014355,0.053909,-0.009316,30.99,66.728274406425
10932,-8.486743,-3.562315,3.966104,-0.013439,0.04612,-0.009316,30.99,66.688420007834
10942,-8.490333,-3.573082,3.938586,-0.012217,0.039095,-0.009163,31.01,66.8498844635246
10952,-8.486146,-3.561118,3.955934,-0.010537,0.030238,-0.009621,31.01,66.7395462992868
10962,-8.495717,-3.571886,3.95055,-0.008858,0.020311,-0.008858,31.04,66.797132705255
10972,-8.480165,-3.57069,3.958925,-0.008094,0.009316,-0.007941,31.04,66.7197523823504
10982,-8.495118,-3.576073,3.946362,-0.008094,-0.000458,-0.00901,31.05,66.8215416001311
10992,-8.498708,-3.581457,3.957131,-0.007025,-0.008858,-0.009163,31.05,66.777152347916
11002,-8.481958,-3.574279,3.962514,-0.005192,-0.017715,-0.009621,31.04,66.7077850879115
11012,-8.48136,-3.588636,3.960122,-0.004276,-0.03375,-0.010079,31.04,66.7317191483079
11022,-8.477173,-3.579065,3.963711,-0.003054,-0.039706,-0.010843,31.06,66.6957342286254
11032,-8.472985,-3.589234,3.952345,-0.002596,-0.045357,-0.011148,31.02,66.7556902356525
11042,-8.48136,-3.591029,3.982255,-0.000611,-0.050855,-0.010996,31.02,66.6177228849537
11052,-8.475977,-3.586841,3.975077,-0.000305,-0.055741,-0.01069,31.05,66.6404305788589
11062,-8.462815,-3.573681,3.990032,0.001374,-0.059407,-0.01069,31.05,66.522768421334
11072,-8.464012,-3.585645,3.990032,0.002749,-0.062003,-0.011148,31.04,66.5358955361529
11082,-8.453843,-3.582056,3.993621,0.003512,-0.064294,-0.012065,31.04,66.4925308148636
11092,-8.443074,-3.58744,4.013362,0.004734,-0.06521,-0.010996,31.04,66.3711195160462
11102,-8.447262,-3.595814,4.011567,0.005498,-0.065515,-0.010079,31.04,66.3968698560686
11112,-8.425727,-3.59402,4.019344,0.005956,-0.06521,-0.009927,31.04,66.3090042235232
11122,-8.429914,-3.601796,4.025326,0.006872,-0.064141,-0.009927,31.04,66.2935306526297
11132,-8.427522,-3.600002,4.024727,0.006414,-0.062461,-0.008399,31.03,66.2899855812443
11142,-8.426923,-3.583252,4.038486,0.006109,-0.059865,-0.007789,31.03,66.2014784008993
11152,-8.416155,-3.591029,4.037888,0.006109,-0.056658,-0.006414,31.06,66.1887570899671
11162,-8.417951,-3.594618,4.03729,0.006261,-0.052382,-0.004734,31.06,66.1989676340573
11172,-8.417352,-3.60718,4.05404,0.004429,-0.0478,-0.004581,31.03,66.1214256317056
11182,-8.402397,-3.601198,4.054638,0.003054,-0.036652,-0.003971,31.03,66.0809480011163
11192,-8.408977,-3.601796,4.053442,0.000305,-0.030085,-0.00336,31.05,66.1017974765063
11202,-8.41137,-3.597011,4.061816,-0.001374,-0.021533,-0.002291,31.07,66.0587083324644
11212,-8.417352,-3.588037,4.063612,-0.003512,-0.014355,-0.001374,31.07,66.0539076442561
11222,-8.402397,-3.585046,4.058825,-0.00504,-0.005498,-0.000458,31.03,66.0442520416335
11232,-8.408379,-3.58744,4.070191,-0.00733,0.003971,-0.002138,31.03,65.9997554897769
11242,-8.4012,-3.582056,4.056432,-0.007789,0.012065,-0.002291,31.04,66.0514963115339
11252,-8.410173,-3.57727,4.058227,-0.00901,0.0197,-0.001527,31.04,66.0569361270686
11262,-8.4012,-3.588636,4.053442,-0.010232,0.02642,-0.001222,31.05,66.0731717383655
11272,-8.410771,-3.579663,4.045665,-0.011759,0.03375,-0.000916,31.05,66.1262024266558
11282,-8.408379,-3.59043,4.051049,-0.01237,0.040164,-0.000305,31.08,66.1026828373823
11292,-8.42453,-3.576073,4.038486,-0.014508,0.045509,-0.000153,31.08,66.1899001750418
11302,-8.422735,-3.585645,4.042674,-0.015119,0.051313,-0.000153,31.04,66.1727999257544
11312,-8.430512,-3.581457,4.040281,-0.016188,0.056352,0.000305,31.04,66.198085468712
11322,-8.429914,-3.592225,4.028317,-0.017257,0.060934,0.000611,31.05,66.2692104188537
11332,-8.432905,-3.584448,4.029513,-0.018021,0.064599,-0.000153,31.05,66.2622677243693
11342,-8.432307,-3.589234,4.019942,-0.018326,0.067348,-0.000153,31.02,66.31547869884
11362,-8.450851,-3.586243,4.002594,-0.018937,0.071166,-0.002291,31.01,66.442900537004
11372,-8.461619,-3.582654,4.004389,-0.018937,0.071624,-0.003665,31.1,66.4529443879657
11382,-8.467003,-3.593421,3.999603,-0.018631,0.069791,-0.005192,31.1,66.4989104243637
11392,-8.463414,-3.586243,3.991827,-0.017868,0.068111,-0.006567,31.02,66.525758959708
11402,-8.470592,-3.579663,3.987041,-0.016493,0.065668,-0.007789,31.02,66.5600668594362
11412,-8.481958,-3.592823,3.976871,-0.015119,0.062919,-0.008705,31.04,66.6487770492998
11422,-8.478967,-3.59402,3.978068,-0.014355,0.059254,-0.010385,31.04,66.6373230821494
11432,-8.474779,-3.58385,3.974478,-0.012523,0.05452,-0.011454,31,66.6384320507831
11442,-8.473583,-3.58744,3.965506,-0.011148,0.04948,-0.01237,31,66.6862048727672
11452,-8.486146,-3.574279,3.958327,-0.009774,0.044135,-0.014355,30.99,66.7384933577584
11462,-8.484351,-3.576672,3.961916,-0.007483,0.037721,-0.014508,30.99,66.7180095835658
11472,-8.496315,-3.581457,3.951149,-0.006109,0.030696,-0.015119,31.01,66.8035852328889
11482,-8.477173,-3.572484,3.95055,-0.004734,0.022144,-0.015272,31.01,66.7591182450797
11492,-8.489137,-3.57727,3.949354,-0.002902,0.012523,-0.015424,31.04,66.7944619004702
11502,-8.486743,-3.574877,3.952943,-0.00168,0.002596,-0.014966,31.04,66.7685394578379
11512,-8.493324,-3.582056,3.948158,-0.000153,-0.007941,-0.014813,31.05,66.8136146220214
11522,-8.496913,-3.58385,3.955336,0.001069,-0.017257,-0.014203,31.05,66.7849404707769
11532,-8.486743,-3.58744,3.948756,0.001833,-0.032834,-0.01405,31.03,66.8015421089221
11542,-8.488539,-3.580261,3.946961,0.002291,-0.041081,-0.014508,31.05,66.8084112049522
11552,-8.475977,-3.574877,3.954139,0.002749,-0.047647,-0.01405,31.05,66.7398583439061
11562,-8.486146,-3.571886,3.975077,0.002902,-0.053756,-0.013286,31.05,66.648480992955
11572,-8.477771,-3.585645,3.979862,0.003207,-0.06017,-0.012981,31.05,66.6180202009474
11582,-8.472386,-3.589832,3.974478,0.002596,-0.065973,-0.012065,31.02,66.6387225363942
11592,-8.471789,-3.588636,3.982255,0.003054,-0.070402,-0.011301,31.02,66.5956168829481
11602,-8.479566,-3.580859,3.984648,0.001833,-0.075747,-0.011912,31.02,66.5924504845307
11612,-8.448458,-3.58744,3.991827,0.002291,-0.078343,-0.010537,31.02,66.49542925833
11622,-8.463414,-3.583252,4.00379,0.001985,-0.080481,-0.00901,31.05,66.4603893069509
11632,-8.440084,-3.588037,4.01396,0.00168,-0.082009,-0.006872,31.05,66.3622071815233
11642,-8.443673,-3.585046,4.010969,0.001527,-0.082314,-0.005651,31.03,66.3827839571701
11652,-8.435298,-3.588636,4.021737,0.000458,-0.082009,-0.00504,31.03,66.3118595129435
11662,-8.42812,-3.586841,4.042076,0.000153,-0.080023,-0.004429,31.07,66.188468426045
11672,-8.422735,-3.588636,4.046861,-0.001069,-0.076664,-0.00336,31.07,66.1535865564019
11682,-8.422137,-3.58744,4.043272,-0.00168,-0.071777,-0.001833,31.03,66.1700220488413
11692,-8.410173,-3.600002,4.059424,-0.002443,-0.067042,-0.000916,31.03,66.0714002844233
11702,-8.399406,-3.605984,4.069593,-0.002749,-0.052382,0,31.05,66.0006643360288
11712,-8.397612,-3.605386,4.067799,-0.004734,-0.043677,-0.000305,31,66.0056615828968
11722,-8.396414,-3.603591,4.077968,-0.005192,-0.036194,0.000305,31,65.9482508938192
11732,-8.397612,-3.59043,4.078567,-0.007025,-0.026725,0.001069,31.04,65.9355898076272
11742,-8.391629,-3.597011,4.085745,-0.008247,-0.015424,0.001069,31.04,65.8912494971888
11752,-8.405987,-3.585645,4.085745,-0.008552,-0.003207,0.000305,31.04,65.911666390449
11762,-8.388638,-3.592225,4.08395,-0.009316,0.008858,0.000305,31.04,65.8897912029023
11772,-8.393424,-3.588636,4.076771,-0.008858,0.019853,0.000153,31.04,65.9343410482934
11782,-8.395219,-3.58744,4.073781,-0.009774,0.030238,0.000458,31.04,65.9527465333396
11792,-8.38804,-3.592225,4.06062,-0.009163,0.04047,0.000611,31.05,66.0106644863734
11802,-8.39462,-3.582654,4.067201,-0.007789,0.050244,0.000611,31.05,65.9815224876924
11812,-8.400003,-3.576073,4.068995,-0.007636,0.060628,0.000305,31.08,65.9776621720489
11822,-8.408379,-3.588037,4.058227,-0.007789,0.069028,-0.000153,31.08,66.0629098139881
11832,-8.409575,-3.592225,4.049852,-0.008247,0.0759,-0.000764,31.06,66.1131410717734
11842,-8.417352,-3.588037,4.04387,-0.008858,0.082009,-0.001222,31.06,66.1572444486344
11852,-8.432905,-3.59043,4.035496,-0.008858,0.086285,-0.000916,31.02,66.2363264915203
11862,-8.436494,-3.586841,4.017549,-0.009316,0.090255,-0.001985,31.02,66.3347289941326
11872,-8.442476,-3.573082,4.010969,-0.010232,0.093768,-0.002596,31.04,66.3695447137636
11882,-8.452048,-3.580261,4.009174,-0.011912,0.093615,-0.003971,31.01,66.4055796501676
11892,-8.46102,-3.581457,3.994817,-0.012981,0.092546,-0.004581,31.01,66.5008009837423
11902,-8.470592,-3.580261,3.990032,-0.013286,0.089797,-0.006109,31.03,66.5449115253508
11912,-8.485548,-3.58385,3.982255,-0.013744,0.085674,-0.006261,31.03,66.6201274207832
11922,-8.489137,-3.577868,3.973282,-0.013897,0.081245,-0.006567,31.04,66.6693883569295
11932,-8.472386,-3.574279,3.969095,-0.013897,0.075136,-0.007483,31.04,66.6532537304586
11942,-8.483154,-3.579663,3.964907,-0.013897,0.068722,-0.008552,31.03,66.7024412303412
11952,-8.493324,-3.580261,3.952943,-0.013439,0.060781,-0.009316,31.03,66.7869171732877
11962,-8.502296,-3.579065,3.949354,-0.013134,0.052382,-0.010079,31.07,66.8233135171705
11972,-8.498111,-3.585046,3.952345,-0.012828,0.043524,-0.010385,31.07,66.8041665238542
11982,-8.501699,-3.566502,3.946961,-0.01237,0.033292,-0.011454,31.05,66.8237005662732
11992,-8.511271,-3.581457,3.946362,-0.011759,0.023976,-0.011759,31.05,66.8596661600348
12002,-8.497512,-3.574279,3.949952,-0.010537,0.013286,-0.011301,31.04,66.8060849111309
12012,-8.492725,-3.574279,3.947559,-0.009316,0.002138,-0.011759,31.04,66.8087244969011
12022,-8.499905,-3.575475,3.95055,-0.007789,-0.008858,-0.011301,31.03,66.8089503565282
12032,-8.499306,-3.581457,3.953541,-0.006872,-0.019395,-0.011148,31.03,66.797230266825
12042,-8.496315,-3.582654,3.951746,-0.005803,-0.030849,-0.013134,31.02,66.8014973024982
12052,-8.49452,-3.585046,3.957729,-0.004581,-0.048106,-0.01405,31.09,66.7684655705555
12062,-8.491529,-3.580859,3.9673,-0.003971,-0.054978,-0.013897,31.09,66.7083682312086
12072,-8.478967,-3.59043,3.969095,-0.002291,-0.062308,-0.014813,31.02,66.6812197316576
12082,-8.484351,-3.588037,3.969693,-0.001222,-0.067501,-0.015272,31.02,66.6871854116475
12092,-8.475977,-3.583252,3.97747,-0.000305,-0.072846,-0.015424,31.05,66.6247067580385
12102,-8.461619,-3.58385,3.985844,0,-0.078191,-0.016493,31.05,66.5512573265767
12112,-8.462217,-3.585645,3.998407,0.001069,-0.081092,-0.015577,31.04,66.4882155507457
12122,-8.455039,-3.58744,3.999005,0.002749,-0.083078,-0.016493,31.04,66.4715990597373
12132,-8.446664,-3.591627,4.012166,0.003665,-0.085216,-0.01573,31.04,66.3887161393117
12142,-8.438888,-3.589234,4.010969,0.004123,-0.085521,-0.015119,31.04,66.3764409184291
12152,-8.441879,-3.591029,4.025924,0.003971,-0.085521,-0.015119,31.02,66.3059980382854
12162,-8.425727,-3.58385,4.018147,0.004276,-0.08491,-0.01237,31.02,66.3061091841471
12172,-8.423933,-3.582056,4.03729,0.004429,-0.08262,-0.01237,31.03,66.2003051507502
12182,-8.413164,-3.588037,4.049254,0.00336,-0.079565,-0.011301,31.03,66.1201161742368
12192,-8.420941,-3.582654,4.048656,0.002902,-0.076053,-0.010232,31.02,66.1349413675598
12202,-8.418548,-3.59043,4.064209,0.001833,-0.071777,-0.008705,31.02,66.0555203308637
12212,-8.403594,-3.591029,4.073781,0.00168,-0.065668,-0.007178,30.98,65.9740079677315
12222,-8.39821,-3.589234,4.077968,-0.000305,-0.051313,-0.004123,30.98,65.9389091976108
12232,-8.394022,-3.595814,4.079165,-0.001527,-0.042761,-0.002902,31.05,65.9297003486439
12242,-8.392825,-3.599404,4.082156,-0.00336,-0.034208,-0.002291,31.02,65.9147917862978
12252,-8.380263,-3.596412,4.080959,-0.004734,-0.024129,-0.000611,31.02,65.8912798955211
12262,-8.396414,-3.597011,4.084548,-0.005956,-0.013897,-0.000764,30.98,65.9077928413051
12272,-8.401799,-3.579663,4.080959,-0.007941,-0.003971,0,30.98,65.9222021052006
12282,-8.389835,-3.586841,4.080959,-0.010079,0.007636,0.000153,31.06,65.9030580558073
12292,-8.401799,-3.582654,4.079762,-0.011148,0.018937,0.000916,31.06,65.9312019544899
12302,-8.392825,-3.583252,4.069593,-0.012065,0.028405,0.001985,31.04,65.9656888475196
12312,-8.389236,-3.579663,4.076771,-0.01237,0.037874,0.001222,31.04,65.9170915874859
12322,-8.383254,-3.592225,4.067799,-0.013439,0.046884,0.002443,31.02,65.9627720801414
12332,-8.399406,-3.576073,4.060022,-0.012675,0.055436,0.00336,31.02,66.0233802447076
12342,-8.408379,-3.592225,4.069593,-0.013134,0.06353,0.004429,31.05,66.0072578058096
12352,-8.415558,-3.591627,4.058227,-0.012828,0.071471,0.004276,31.05,66.081517379766
12362,-8.411968,-3.581457,4.046861,-0.013592,0.078038,0.004123,31.02,66.1241191421914
12372,-8.426923,-3.579663,4.045067,-0.013897,0.083383,0.003971,31.02,66.1637683247862
12382,-8.435897,-3.583252,4.031308,-0.014966,0.08827,0.002443,31.04,66.2581310517356
12392,-8.437093,-3.589234,4.021737,-0.014661,0.094684,0.002749,31.04,66.3161953095737
12402,-8.44427,-3.585645,4.015156,-0.014813,0.096669,0.001374,31.02,66.3626308744577
12412,-8.447861,-3.589832,4.017549,-0.014813,0.09728,-0.000611,31.03,66.3614260949987
12422,-8.465807,-3.583252,4.006782,-0.01405,0.096517,-0.002138,31.03,66.4497456111772
12432,-8.465208,-3.591029,4.006183,-0.014355,0.0956,-0.003207,31.04,66.4585487809607
12442,-8.470592,-3.582056,3.990032,-0.013592,0.093004,-0.004429,31.04,66.5465015933727
12452,-8.466404,-3.577868,3.97747,-0.013592,0.089644,-0.005192,31.03,66.599934520714
12462,-8.475378,-3.579663,3.975675,-0.012981,0.084758,-0.007178,31.03,66.6297060859984
12472,-8.485548,-3.570091,3.963113,-0.013134,0.078496,-0.00901,31.03,66.708445281935
12482,-8.492128,-3.567699,3.967898,-0.011759,0.072235,-0.009927,31.03,66.6949450661842
12492,-8.490931,-3.579663,3.953541,-0.01069,0.064599,-0.010996,31.08,66.7782871809081
12502,-8.505288,-3.571886,3.960122,-0.009927,0.056505,-0.011759,31.08,66.7667619281243
12512,-8.503493,-3.574877,3.935595,-0.009468,0.047189,-0.012828,31.01,66.8944054755273
12522,-8.511271,-3.576073,3.944568,-0.008247,0.037721,-0.013439,31.01,66.864400539263
12532,-8.500502,-3.576073,3.939782,-0.007483,0.027031,-0.014203,31.06,66.8672604597036
12542,-8.516056,-3.568297,3.94397,-0.005651,0.016188,-0.014355,31.06,66.8706860033467
12552,-8.496315,-3.582654,3.948158,-0.004887,0.006109,-0.014966,31.03,66.8203354092385
12562,-8.505887,-3.578466,3.932604,-0.004123,-0.005192,-0.013592,31.03,66.9181844088121
12572,-8.499306,-3.584448,3.941577,-0.003054,-0.027031,-0.01405,31.01,66.8626539251137
12582,-8.504689,-3.582654,3.948158,-0.002443,-0.036041,-0.01405,31.04,66.8376732100868
12592,-8.502296,-3.583252,3.94397,-0.004123,-0.046731,-0.01405,31.04,66.8552280465507
12602,-8.489736,-3.585645,3.957131,-0.003512,-0.055741,-0.014355,31.06,66.762198517421
12612,-8.496315,-3.582654,3.945167,-0.004734,-0.06353,-0.014355,31.06,66.8360431367365
12622,-8.496913,-3.59043,3.952943,-0.004429,-0.071013,-0.013592,31.04,66.8032557819498
12632,-8.487941,-3.58744,3.972684,-0.002902,-0.077885,-0.013286,31.04,66.6784483597977
12642,-8.469396,-3.579663,3.968496,-0.004123,-0.084147,-0.01405,31.04,66.6549035418736
12652,-8.473583,-3.588636,3.982255,-0.004581,-0.089034,-0.014355,31.04,66.5993664253773
12662,-8.467602,-3.586243,3.997808,-0.004734,-0.092241,-0.013134,31.06,66.5031888575863
12672,-8.446664,-3.58385,4.00379,-0.00504,-0.094684,-0.011301,31.06,66.4256714573121
12682,-8.452048,-3.59402,4.011567,-0.004429,-0.096364,-0.011148,31,66.4053429721845
12692,-8.446067,-3.59043,4.018147,-0.004734,-0.096669,-0.011148,31,66.3550434699006
12702,-8.433504,-3.591029,4.025326,-0.004887,-0.096669,-0.010232,31.01,66.2914088429824
12712,-8.425129,-3.591627,4.03729,-0.004276,-0.094379,-0.010232,31.01,66.2115080149766
12722,-8.425727,-3.589832,4.034299,-0.003971,-0.092088,-0.008705,31.07,66.2268223016569
12732,-8.411968,-3.609573,4.062415,-0.004123,-0.088423,-0.007483,31.07,66.0683363201369
12742,-8.399406,-3.604787,4.069593,-0.00504,-0.07758,-0.006567,31.03,65.9995646466303
12752,-8.39462,-3.602395,4.070789,-0.006109,-0.069791,-0.006414,31.08,65.980858181096
12762,-8.402397,-3.604787,4.070789,-0.006109,-0.060628,-0.005803,31.08,65.9997100314522
12772,-8.394022,-3.601198,4.073781,-0.00672,-0.050855,-0.004276,31.03,65.9628194443781
12782,-8.388638,-3.59402,4.088736,-0.006872,-0.040623,-0.003818,31.03,65.8664162910033
12792,-8.38445,-3.602395,4.082754,-0.006872,-0.028558,-0.004276,31.04,65.8964227077012
12802,-8.38146,-3.596412,4.082754,-0.007483,-0.016341,-0.002749,31.04,65.884461744001
12812,-8.383853,-3.584448,4.086941,-0.007941,-0.004276,-0.002902,31.05,65.8566658981913
12822,-8.377273,-3.582654,4.085146,-0.007789,0.008247,-0.002902,31.05,65.8502097648074
12832,-8.383254,-3.578466,4.074379,-0.007789,0.020159,-0.001374,31.04,65.9156395521757
12842,-8.392825,-3.596412,4.088138,-0.007636,0.03207,-0.001222,31.04,65.8807596471864
12852,-8.389835,-3.592823,4.077968,-0.007789,0.043677,-0.000611,31.07,65.9242143024916
12862,-8.386245,-3.589234,4.066602,-0.007483,0.054214,-0.000458,31.07,65.972716986133
12872,-8.400601,-3.589832,4.073183,-0.007789,0.064141,0.000305,31.02,65.9696207520947
12882,-8.398808,-3.578466,4.05404,-0.008094,0.073304,0.001833,31.02,66.0556347533359
12892,-8.406584,-3.588636,4.053442,-0.008552,0.081551,0.000916,31.05,66.0846788288626
12902,-8.42453,-3.589234,4.039085,-0.008705,0.088881,0.000916,31.05,66.1986663258028
12912,-8.435298,-3.589234,4.029513,-0.010079,0.097738,0.00168,31.02,66.2716540368039
12922,-8.437692,-3.589832,4.032505,-0.011301,0.101404,0.000916,31.06,66.2615963099457
12932,-8.447262,-3.582056,4.017549,-0.011912,0.103694,0.001069,31.06,66.3531924542971
12942,-8.452048,-3.586841,4.010969,-0.01237,0.104611,0.001222,31.04,66.4020521073793
12953,-8.456235,-3.579065,4.0008,-0.012217,0.103236,0.000153,31.04,66.4572372257627
12962,-8.469995,-3.588636,3.996612,-0.012828,0.101098,-0.000916,31.07,66.516599334054
12972,-8.483154,-3.59402,3.982853,-0.011759,0.099266,-0.000764,31.07,66.6209746118499
12982,-8.466404,-3.58744,3.975675,-0.012065,0.094379,-0.000764,31.06,66.6178296491328
12992,-8.476574,-3.576672,3.970889,-0.012523,0.089186,-0.001069,31.06,66.6546870825459
13002,-8.486743,-3.582654,3.960122,-0.01237,0.082925,-0.002138,31.05,66.737654886771
13012,-8.490333,-3.578466,3.96072,-0.012217,0.076053,-0.002749,31.05,66.7383070755802
13022,-8.504689,-3.588636,3.955934,-0.010843,0.068264,-0.003054,31.04,66.8021008441661
13032,-8.500502,-3.582056,3.948756,-0.010079,0.058643,-0.005192,31.04,66.8253460548856
13042,-8.514859,-3.573681,3.949952,-0.009621,0.049022,-0.005345,31.06,66.8414959140231
13052,-8.502296,-3.576073,3.939782,-0.00901,0.038179,-0.006567,31.06,66.8709716301787
13062,-8.510075,-3.583252,3.938586,-0.008705,0.027336,-0.007789,31.03,66.8995667763686
13072,-8.508877,-3.58385,3.936791,-0.007178,0.016646,-0.008094,31.03,66.9070387933312
13082,-8.518449,-3.58385,3.940979,-0.006414,0.00504,-0.009774,31.02,66.9048025243864
13092,-8.507681,-3.579065,3.944568,-0.003665,-0.017257,-0.010232,31.07,66.859578890818
13102,-8.510672,-3.58744,3.942773,-0.003818,-0.028253,-0.01069,31.07,66.8824646928262
13112,-8.499306,-3.589234,3.944568,-0.002291,-0.039248,-0.012065,31.02,66.8511237747739
13122,-8.501699,-3.580859,3.949354,-0.002596,-0.048564,-0.01237,31.02,66.8236415785006
13132,-8.495118,-3.582654,3.955336,-0.003207,-0.058643,-0.013286,31.04,66.7801707980096
13142,-8.496315,-3.586243,3.956532,-0.002596,-0.068111,-0.01405,31.04,66.7795184379054
13152,-8.486743,-3.583252,3.969095,-0.001985,-0.075595,-0.014508,31.05,66.6910928324767
13162,-8.482555,-3.585046,3.9673,-0.001833,-0.08323,-0.014203,31.05,66.6933681661525
13172,-8.468798,-3.578466,3.973282,-0.001833,-0.08995,-0.014813,31.01,66.6274610079107
13182,-8.465208,-3.586841,3.986442,-0.001527,-0.094837,-0.014203,31.01,66.5582939626514
13192,-8.466404,-3.585645,3.991827,-0.001527,-0.098197,-0.014203,31.04,66.5314965971287
13202,-8.446067,-3.582654,4.004389,-0.001985,-0.101404,-0.014661,31.04,66.420201815658
13212,-8.449057,-3.580859,4.010969,-0.002443,-0.104,-0.012981,31.04,66.3903966113984
13222,-8.43111,-3.594618,4.018745,-0.001833,-0.103694,-0.012981,31.04,66.3240746489892
13232,-8.428718,-3.588636,4.015755,-0.002596,-0.103084,-0.012828,31.04,66.3293050856159
13242,-8.421539,-3.584448,4.037888,-0.003665,-0.101251,-0.012065,31.04,66.1942441369444
13252,-8.4012,-3.582056,4.042674,-0.004429,-0.097586,-0.009927,31.05,66.1236262473425
13262,-8.408379,-3.59402,4.057031,-0.007025,-0.086437,-0.008858,31.04,66.0746311819271
13272,-8.394022,-3.601198,4.052245,-0.007025,-0.078649,-0.007789,31.04,66.075596523484
13282,-8.400003,-3.59043,4.067201,-0.008399,-0.07025,-0.006109,31,66.0001908684644
13292,-8.390432,-3.588636,4.064209,-0.008705,-0.060628,-0.005345,31,65.9936930435963
13302,-8.38804,-3.591029,4.066004,-0.009163,-0.050396,-0.004276,31,65.9813532042527
13312,-8.376674,-3.588037,4.074379,-0.010385,-0.039095,-0.003665,31,65.9102823349309
13322,-8.389236,-3.591627,4.088138,-0.011148,-0.027336,-0.002138,31.04,65.8686239384704
13332,-8.376076,-3.582654,4.07737,-0.012065,-0.01405,-0.000916,31.04,65.8883565205033
13342,-8.383254,-3.58744,4.084548,-0.012981,-0.001833,-0.000153,31.02,65.8706560379111
13352,-8.382057,-3.592823,4.094718,-0.01237,0.01069,0.001222,31.02,65.8198473316907
13362,-8.379665,-3.59043,4.082156,-0.012828,0.02306,0.000764,31,65.8782012939481
13372,-8.38445,-3.584448,4.076173,-0.012981,0.035736,0.001985,31,65.9143201033953
13382,-8.376674,-3.586841,4.074379,-0.013134,0.047495,0.003054,31.04,65.9091791935708
13392,-8.39821,-3.589234,4.075575,-0.012828,0.059712,0.003054,31.04,65.9514273269681
13402,-8.385049,-3.594618,4.073781,-0.013134,0.069791,0.002596,31.03,65.9374985468907
13412,-8.394022,-3.580859,4.066602,-0.012981,0.07926,0.00336,31.03,65.9817319349596
13422,-8.410173,-3.58744,4.043272,-0.013439,0.088575,0.002749,31.05,66.1445382135612
13432,-8.407781,-3.576672,4.048058,-0.011912,0.103236,0.002596,31.05,66.1045550511744
13442,-8.435298,-3.580859,4.029513,-0.01069,0.108276,0.002138,31.04,66.264109371118
13452,-8.440681,-3.597011,4.028915,-0.010996,0.111177,0.00168,31.02,66.2931896747263
13462,-8.44128,-3.580859,4.011567,-0.011148,0.113621,0.000764,31.02,66.3708437448835
13472,-8.446067,-3.59043,4.001996,-0.011148,0.114537,-0.000153,31.04,66.4397102633651
13482,-8.451449,-3.58744,3.997808,-0.010079,0.113774,-0.001374,31.04,66.4703301753451
13492,-8.470592,-3.581457,3.995416,-0.010537,0.111788,-0.001833,31.04,66.5177478096401
13502,-8.468199,-3.591029,3.988237,-0.010232,0.108581,-0.003207,31.04,66.5588590318248
13512,-8.483753,-3.583252,3.964907,-0.009621,0.103694,-0.003665,31.09,66.7068431680683
13522,-8.489736,-3.589234,3.966104,-0.009927,0.096822,-0.004887,31.09,66.7182666582756
13532,-8.49452,-3.585046,3.961916,-0.009774,0.090408,-0.006109,31.05,66.7464983843187
13542,-8.511271,-3.584448,3.948158,-0.009468,0.082009,-0.007483,31.05,66.852846582117
13552,-8.500502,-3.576672,3.942175,-0.009163,0.073151,-0.008094,31.04,66.8552104558961
13562,-8.507083,-3.59043,3.939184,-0.00901,0.063377,-0.008858,31.04,66.8964974215806
13572,-8.522635,-3.586243,3.925426,-0.00901,0.052687,-0.008247,31.05,66.997113232591
13582,-8.519646,-3.589234,3.921238,-0.008705,0.040317,-0.01069,31.05,67.0155538908514
13592,-8.513064,-3.572484,3.923631,-0.009316,0.028711,-0.012065,31.01,66.9749592700461
13602,-8.518449,-3.575475,3.931407,-0.007789,0.003207,-0.011759,31.01,66.9477860750742
13612,-8.522635,-3.576672,3.929015,-0.007789,-0.009621,-0.011912,31.02,66.9699999022792
13622,-8.514859,-3.578466,3.925426,-0.007178,-0.022144,-0.012217,31.04,66.9743955926609
13632,-8.517851,-3.589832,3.932604,-0.00733,-0.034514,-0.012675,31.04,66.9527042851856
13642,-8.506484,-3.589234,3.931407,-0.006872,-0.046426,-0.013439,31.04,66.9350619176472
13652,-8.505887,-3.586243,3.925426,-0.00672,-0.05681,-0.01237,31.04,66.96266173641
13662,-8.503493,-3.591029,3.949952,-0.006414,-0.067348,-0.012981,31.02,66.8330928756374
13672,-8.499306,-3.589234,3.959523,-0.005498,-0.076969,-0.014203,31.02,66.772649515011
13682,-8.490931,-3.58385,3.960122,-0.007025,-0.085368,-0.014203,31.04,66.7474079035741
13692,-8.486146,-3.59402,3.9673,-0.005956,-0.092088,-0.013592,31.04,66.7087403756908
13702,-8.474181,-3.589832,3.976273,-0.006414,-0.097891,-0.013592,31.02,66.6330504999301
13712,-8.474779,-3.586243,3.981657,-0.006261,-0.103084,-0.013286,31.02,66.6028848540341
13722,-8.464012,-3.600002,3.987041,-0.005651,-0.106901,-0.013897,31.04,66.5643432231652
13732,-8.452048,-3.593421,4.000201,-0.005345,-0.108123,-0.012523,31.04,66.4643799847281
13742,-8.437093,-3.588636,4.010371,-0.005803,-0.109498,-0.013286,31.05,66.3752510439812
13752,-8.441879,-3.601198,4.019942,-0.006109,-0.108887,-0.012675,31.05,66.3464795142235
13762,-8.427522,-3.585046,4.042674,-0.005345,-0.106291,-0.010843,31.03,66.1824418453114
13772,-8.413164,-3.593421,4.042674,-0.005956,-0.102473,-0.010079,31.03,66.1594841856454
13782,-8.400003,-3.593421,4.045067,-0.005651,-0.092393,-0.008858,31,66.1188838730492
13792,-8.408977,-3.598207,4.062415,-0.005956,-0.086285,-0.009621,31.02,66.0515555325071
13802,-8.397612,-3.591627,4.06062,-0.005651,-0.078343,-0.009163,31.02,66.0306246435733
13812,-8.397612,-3.599404,4.061816,-0.005651,-0.069791,-0.007941,31.05,66.031488055549
13822,-8.400003,-3.591029,4.079762,-0.00504,-0.059712,-0.00733,31.05,65.9350248504369
13832,-8.396414,-3.597609,4.070191,-0.005803,-0.049938,-0.006261,31.03,65.9834341505061
13842,-8.373683,-3.592823,4.076173,-0.00672,-0.038485,-0.005498,31.03,65.8988593771956
13852,-8.379665,-3.586841,4.091727,-0.00672,-0.026878,-0.004581,31.05,65.8247972709042
13862,-8.383853,-3.595814,4.075575,-0.006261,-0.015119,-0.00336,31.05,65.9266368270166
13872,-8.382057,-3.59043,4.083352,-0.00672,-0.003207,-0.002596,31.02,65.8770945447939
13882,-8.377273,-3.593421,4.084548,-0.008552,0.00901,-0.001069,31.02,65.863287828176
13892,-8.375478,-3.588037,4.079165,-0.008094,0.020769,-0.000458,31.03,65.8826310345739
13902,-8.383853,-3.583252,4.077968,-0.008552,0.033292,0.000916,31.03,65.9025339089286
13912,-8.389835,-3.588037,4.069593,-0.009163,0.044135,0.001222,31.03,65.9636584679604
13922,-8.386844,-3.597609,4.066602,-0.010079,0.055741,0.001833,31.03,65.9817046028315
13932,-8.395219,-3.594618,4.068995,-0.010232,0.066279,0.002596,31.06,65.9843859249264
13942,-8.401799,-3.595814,4.041477,-0.01069,0.075747,0.003512,31.06,66.1437238870841
13952,-8.412566,-3.582056,4.04387,-0.011912,0.092699,0.003971,31.04,66.1416138566819
13962,-8.414959,-3.586841,4.034299,-0.012065,0.099876,0.004429,31.09,66.2012281003043
13972,-8.422137,-3.585645,4.022933,-0.011912,0.106138,0.00504,31.09,66.2750073272578
13982,-8.42812,-3.583252,4.024727,-0.013286,0.111177,0.004581,31.05,66.2761287034202
13992,-8.451449,-3.58744,4.012166,-0.013286,0.114537,0.006109,31.05,66.395053168472
14002,-8.451449,-3.586841,4.009772,-0.012675,0.116828,0.005345,31.02,66.4070629091972
14012,-8.459825,-3.579065,3.993621,-0.013286,0.118202,0.004887,31.02,66.5024386273334
14022,-8.458628,-3.585645,3.979264,-0.013286,0.116981,0.004429,31.07,66.5811264310732
14032,-8.466404,-3.582654,3.975675,-0.013134,0.115759,0.004276,31.07,66.6135930127162
14042,-8.474779,-3.583252,3.968496,-0.012828,0.112094,0.003054,31.03,66.6693041641208
14052,-8.487342,-3.580261,3.960122,-0.012523,0.10736,0.002749,31.03,66.7368006751665
14062,-8.485548,-3.58744,3.956532,-0.011454,0.100945,0.001069,31,66.7582212843285
14072,-8.495717,-3.591029,3.944568,-0.011606,0.093004,-0.001374,31,66.8452691547074
14082,-8.502296,-3.583252,3.932604,-0.01069,0.085063,-0.002138,31.07,66.9149319520405
14092,-8.515458,-3.58385,3.923631,-0.009621,0.0759,-0.002902,31.07,66.9897184022858
14102,-8.508877,-3.589234,3.931407,-0.009468,0.065057,-0.005498,31.01,66.9399928768054
14112,-8.507681,-3.585046,3.91406,-0.008705,0.05284,-0.00672,31.01,67.025082430338
14122,-8.522635,-3.583252,3.92064,-0.00733,0.029169,-0.009163,31.03,67.0196628728083
14132,-8.526823,-3.58385,3.915256,-0.007025,0.016952,-0.010843,31.04,67.0570531909892
14142,-8.525627,-3.56411,3.92064,-0.005651,0.003665,-0.011759,31.04,67.0093190008872
14152,-8.517851,-3.574877,3.912863,-0.004887,-0.00901,-0.012675,31.03,67.0434872526833
14162,-8.518449,-3.583252,3.923631,-0.004276,-0.022449,-0.014355,31.03,66.9953510946705
14172,-8.515458,-3.582056,3.921238,-0.004734,-0.034972,-0.015119,31.04,67.0007404735109
14182,-8.517252,-3.577868,3.915854,-0.004429,-0.046426,-0.015882,31.04,67.0291094843567
14192,-8.507681,-3.586841,3.933203,-0.004123,-0.058948,-0.017257,31,66.9260147464061
14202,-8.516654,-3.591029,3.933203,-0.003665,-0.069333,-0.016952,31,66.9481355355729
14212,-8.498111,-3.588037,3.936791,-0.003818,-0.079565,-0.017562,31.02,66.8884566542947
14222,-8.500502,-3.585645,3.946961,-0.003971,-0.089797,-0.016952,31.02,66.8379011205503
14232,-8.505887,-3.580261,3.951746,-0.003818,-0.097891,-0.017257,31,66.8192400795559
14242,-8.478967,-3.588636,3.963113,-0.003818,-0.104611,-0.018326,31,66.7110370882714
14252,-8.480762,-3.592225,3.97388,-0.003818,-0.110414,-0.017715,31,66.6614407053041
14262,-8.467003,-3.577868,3.972684,-0.004276,-0.115759,-0.017715,31,66.6263204205554
14272,-8.474181,-3.58744,3.978666,-0.00504,-0.118966,-0.016952,31.05,66.61838190817
14282,-8.46102,-3.592823,4.012166,-0.005345,-0.120646,-0.016493,31.05,66.4200178076497
14292,-8.445468,-3.592823,4.025924,-0.005651,-0.120493,-0.015119,31.04,66.315198661305
14302,-8.432905,-3.591627,4.033103,-0.00672,-0.11637,-0.013897,31.07,66.2499386609215
14312,-8.42453,-3.58385,4.037888,-0.006567,-0.112094,-0.012217,31.07,66.2000640392462
14322,-8.414959,-3.593421,4.052245,-0.007483,-0.107207,-0.011912,31.04,66.1131819210038
14332,-8.407781,-3.597609,4.054638,-0.008247,-0.101404,-0.011606,31.04,66.0891601786767
14342,-8.405987,-3.597609,4.062415,-0.008399,-0.094073,-0.010537,31.07,66.0446189563744
14352,-8.399406,-3.596412,4.068397,-0.008552,-0.084758,-0.008399,31.07,65.9981350915763
14362,-8.383853,-3.59043,4.068995,-0.00901,-0.075289,-0.007636,31.06,65.9561404594489
14372,-8.385648,-3.598207,4.073781,-0.009621,-0.064752,-0.007941,31.06,65.9420926393465
14382,-8.375478,-3.601796,4.079762,-0.009316,-0.052687,-0.006109,31.06,65.892225346095
14392,-8.376076,-3.600002,4.086941,-0.009468,-0.040775,-0.004887,31.06,65.8542739665906
14402,-8.369495,-3.595814,4.088138,-0.009927,-0.027489,-0.002138,31.02,65.8299317196897
14412,-8.369495,-3.601198,4.095914,-0.009774,-0.014203,-0.002291,31.02,65.7942364606121
14422,-8.365308,-3.604787,4.088736,-0.010079,-0.001222,-0.001527,31.06,65.8260970858121
14432,-8.369495,-3.59402,4.104289,-0.01069,0.012675,-0.000916,31.06,65.7437631147296
14442,-8.379066,-3.597011,4.091727,-0.01069,0.025045,0.000305,31.03,65.8329117823619
14452,-8.376076,-3.59043,4.080959,-0.010385,0.039248,0.001069,31.03,65.876734186891
14462,-8.376674,-3.596412,4.085745,-0.010232,0.052076,0.001374,31.04,65.8584981351791
14472,-8.383254,-3.588037,4.064209,-0.009316,0.076205,0.002291,31.06,65.9777344171702
14482,-8.392825,-3.58744,4.067799,-0.009468,0.086743,0.002596,31.06,65.9789253506081
14492,-8.400003,-3.582654,4.061816,-0.010385,0.096669,0.002596,31.05,66.0212726791904
14502,-8.413164,-3.602395,4.049852,-0.009468,0.105527,0.003207,31.05,66.1300617390891
14512,-8.418548,-3.59043,4.04746,-0.009927,0.113163,0.003512,31.02,66.1431627149711
14522,-8.420342,-3.586243,4.025326,-0.009163,0.118966,0.003512,31.02,66.2591854565672
14532,-8.429914,-3.591029,4.014558,-0.009621,0.123395,0.002902,31.05,66.3402702684602
14542,-8.447262,-3.591029,4.013362,-0.00901,0.126144,0.002902,31.05,66.3831731466617
14552,-8.447262,-3.589234,4.003192,-0.009468,0.127518,0.002596,31.07,66.4348826774928
14562,-8.457432,-3.577868,3.993023,-0.009316,0.127671,0.002291,31.07,66.4994847606108
14572,-8.46102,-3.581457,3.982853,-0.00901,0.126755,0.001833,31.05,66.5635771746331
14582,-8.468798,-3.57727,3.974478,-0.009316,0.124006,0.001985,31.05,66.6201242770544
14592,-8.478967,-3.586243,3.957729,-0.009316,0.119271,0.00168,31.03,66.7372048580779
14602,-8.49452,-3.594618,3.958925,-0.008705,0.11301,0.001374,31.03,66.7705817558507
14612,-8.495118,-3.577868,3.947559,-0.009316,0.105832,0.000458,31.03,66.8168207471795
14622,-8.492725,-3.578466,3.93739,-0.00901,0.09728,0.000153,31.03,66.865823046057
14632,-8.522038,-3.581457,3.931407,-0.009621,0.087048,-0.000611,31.05,66.9603499292315
14642,-8.52443,-3.578466,3.929015,-0.009621,0.064294,-0.002443,31.05,66.9752423597306
14652,-8.520842,-3.584448,3.92064,-0.008858,0.051924,-0.003207,31.05,67.0170137709093
14662,-8.525627,-3.582056,3.906881,-0.008858,0.038637,-0.004429,31.06,67.0970715425206
14672,-8.519646,-3.573082,3.914658,-0.009316,0.025351,-0.004276,31.06,67.0361889039423
14682,-8.528618,-3.589234,3.908676,-0.009621,0.010232,-0.006414,31.02,67.0999368354773
14692,-8.519646,-3.579065,3.903292,-0.009163,-0.002749,-0.007789,31.02,67.1011226087548
14702,-8.523234,-3.579065,3.915854,-0.009774,-0.016799,-0.007941,31.05,67.042425950225
14712,-8.512466,-3.57727,3.914658,-0.009316,-0.029474,-0.008705,31.05,67.0250463210107
14722,-8.520842,-3.585645,3.921836,-0.008705,-0.041539,-0.009774,31.05,67.011765716554
14732,-8.513663,-3.580859,3.927818,-0.008094,-0.054062,-0.010537,31.05,66.9614373853592
14742,-8.506484,-3.586243,3.929015,-0.008094,-0.065363,-0.011301,31.03,66.945029610459
14752,-8.505887,-3.578466,3.936791,-0.00733,-0.0759,-0.01237,31.03,66.8961869396883
14762,-8.505887,-3.58385,3.945167,-0.007636,-0.085368,-0.012217,31.02,66.8568908469284
14772,-8.496315,-3.586841,3.948756,-0.006567,-0.094837,-0.012217,31.02,66.8208547490842
14782,-8.492725,-3.592225,3.952943,-0.006414,-0.101862,-0.013744,31.03,66.7961509495786
14792,-8.485548,-3.586841,3.973282,-0.005498,-0.108887,-0.014355,31.03,66.6698016412369
14802,-8.478967,-3.58744,3.987639,-0.005498,-0.113774,-0.014966,31.05,66.581336819353
14812,-8.465807,-3.586243,3.988835,-0.005651,-0.118813,-0.016188,31.05,66.5464662295452
14822,-8.452048,-3.592823,4.008576,-0.005192,-0.121868,-0.01573,31.04,66.4199432086957
14832,-8.44128,-3.57727,4.014558,-0.004887,-0.12202,-0.016188,31.03,66.3519419361598
14842,-8.434101,-3.588037,4.018745,-0.004734,-0.119882,-0.017257,31.03,66.3244728127835
14852,-8.413763,-3.591627,4.028915,-0.004276,-0.116828,-0.016188,31.05,66.2312627128946
14862,-8.416754,-3.591627,4.031308,-0.004887,-0.112552,-0.014813,31.05,66.2250672409245
14872,-8.408977,-3.589234,4.039085,-0.004429,-0.106596,-0.014661,30.98,66.1655706488273
14882,-8.414959,-3.595814,4.059424,-0.004581,-0.100182,-0.014355,30.98,66.0777923523442
14892,-8.400601,-3.594618,4.06062,-0.005192,-0.092088,-0.013592,31.06,66.0397603671365
14902,-8.391629,-3.585645,4.068397,-0.004734,-0.082314,-0.012675,31.06,65.9715791602018
14912,-8.382656,-3.585645,4.071388,-0.005345,-0.072082,-0.012981,31.05,65.936625970478
14922,-8.38804,-3.59043,4.080361,-0.006261,-0.061392,-0.011912,31.05,65.9056285207025
14932,-8.382656,-3.594618,4.086941,-0.005651,-0.049327,-0.010385,31.04,65.8634720216729
14942,-8.377871,-3.6006,4.086941,-0.006567,-0.036957,-0.009774,31.04,65.8586957130695
14952,-8.378469,-3.595814,4.079762,-0.007789,-0.024282,-0.007789,31.01,65.8931318245012
14962,-8.376674,-3.591627,4.091727,-0.008552,-0.011148,-0.007025,31.01,65.8227664933623
14972,-8.375478,-3.586243,4.08754,-0.00901,0.002596,-0.004276,31.05,65.8371165979675
14982,-8.374879,-3.59402,4.093522,-0.00901,0.016646,-0.002902,31.05,65.8117163149441
14992,-8.373085,-3.595814,4.086941,-0.010996,0.041386,-0.001985,31.05,65.8439452099903
15002,-8.383853,-3.596412,4.080361,-0.011148,0.054062,-0.001527,31.02,65.9021354165004
15012,-8.388638,-3.591627,4.076173,-0.011301,0.067042,0.000611,31.02,65.929935202175
15022,-8.403594,-3.595814,4.073183,-0.012217,0.077122,0.00168,31.02,65.9815208383845
15032,-8.39821,-3.592823,4.060022,-0.01237,0.087201,0.002291,31.02,66.0361322016803
15042,-8.401799,-3.586841,4.054638,-0.012828,0.097128,0.003054,31.02,66.0665465744128
15052,-8.41137,-3.591029,4.048656,-0.012675,0.104153,0.003971,31.02,66.1221451720483
15062,-8.413763,-3.595216,4.033103,-0.012675,0.110872,0.003818,31.02,66.2125562027104
15072,-8.422735,-3.6006,4.039085,-0.013134,0.117133,0.00504,31.02,66.205157527501
15082,-8.431709,-3.589832,4.019344,-0.013592,0.121409,0.004276,31.05,66.3178874886176
15092,-8.440084,-3.582654,4.011567,-0.012217,0.123853,0.004429,31.05,66.3699263611411
15102,-8.441879,-3.583252,4.003192,-0.01237,0.125533,0.005192,31.07,66.4181879241029
15112,-8.452645,-3.58385,3.994219,-0.012065,0.125227,0.004276,31.07,66.4884730683024
15122,-8.470592,-3.591029,3.984648,-0.012217,0.123242,0.003971,31.03,66.5826845957715
15132,-8.47119,-3.591627,3.97388,-0.011454,0.119577,0.002902,31.03,66.6409525601566
15142,-8.487342,-3.582654,3.958925,-0.010996,0.115912,0.002596,31.06,66.7451839673514
15152,-8.499306,-3.58385,3.951149,-0.010232,0.109345,0.001985,31.06,66.8118744179083
15162,-8.497512,-3.586243,3.943372,-0.01069,0.093615,0,31.01,66.8510818498634
15172,-8.510672,-3.578466,3.93739,-0.009316,0.08491,-0.000458,31.05,66.9029219233223
15182,-8.525627,-3.576073,3.932006,-0.009316,0.074067,-0.001374,31.05,66.9599403150488
15192,-8.523234,-3.574279,3.924229,-0.009163,0.062308,-0.002749,31.02,66.9942997576132
15202,-8.513663,-3.580261,3.913461,-0.008552,0.050396,-0.004276,31.02,67.0363857949171
15212,-8.514261,-3.585645,3.903292,-0.007941,0.038179,-0.00504,31.07,67.095759540252
15222,-8.517252,-3.592225,3.917051,-0.008094,0.024587,-0.005498,31.07,67.0352251940149
15232,-8.520842,-3.591029,3.91406,-0.007178,0.010537,-0.006567,31.05,67.0572703002294
15242,-8.530412,-3.586243,3.914658,-0.007025,-0.002749,-0.007178,31.05,67.0696094436508
15252,-8.525029,-3.586243,3.913461,-0.00733,-0.016035,-0.008247,31.04,67.0648690469917
15262,-8.512466,-3.589234,3.917649,-0.00733,-0.029627,-0.00901,31.04,67.0196678712394
15272,-8.528021,-3.586841,3.921836,-0.006414,-0.042608,-0.010385,31.06,67.0275339846891
15282,-8.52144,-3.581457,3.924229,-0.006261,-0.055283,-0.01069,31.06,66.9968070768263
15292,-8.520243,-3.589832,3.926622,-0.006261,-0.067348,-0.011759,31.08,66.9890242627075
15302,-8.502296,-3.582654,3.935595,-0.006414,-0.078649,-0.011148,31.08,66.898695077117
15312,-8.506484,-3.585046,3.935595,-0.006414,-0.087965,-0.012523,31.08,66.9094216414837
15322,-8.496315,-3.582654,3.958925,-0.006567,-0.096975,-0.012523,31.08,66.7638212731807
15332,-8.475977,-3.59402,3.970889,-0.005498,-0.111941,-0.013897,31.06,66.6687460729079
15342,-8.476574,-3.585645,3.979862,-0.006261,-0.117286,-0.012981,31.05,66.6155202851101
15352,-8.465807,-3.58385,3.987041,-0.006872,-0.121409,-0.013439,31.05,66.5537529923105
15362,-8.464012,-3.588037,4.000201,-0.005803,-0.123395,-0.013439,31.04,66.4847102454903
15372,-8.449656,-3.58744,4.002594,-0.006567,-0.124617,-0.014355,31.04,66.4414546844097
15382,-8.440681,-3.588636,4.015156,-0.006261,-0.124158,-0.013744,31.05,66.3577355654708
15392,-8.428718,-3.582056,4.018745,-0.006109,-0.121409,-0.012828,31.05,66.3076929104011
15402,-8.422137,-3.583252,4.029513,-0.006261,-0.117897,-0.012675,31.07,66.2383342363659
15412,-8.407781,-3.582056,4.051647,-0.006414,-0.113316,-0.013286,31.07,66.0906443835157
15422,-8.410173,-3.594618,4.045067,-0.006872,-0.106443,-0.012675,31,66.1416640260265
15432,-8.400003,-3.589832,4.063013,-0.006109,-0.098044,-0.011606,31,66.0215689767795
15442,-8.400601,-3.602395,4.068995,-0.005651,-0.089339,-0.010843,31.03,66.0030544852858
15452,-8.395817,-3.591627,4.079165,-0.006567,-0.079871,-0.010537,31.03,65.9297059707193
15462,-8.370093,-3.588636,4.078567,-0.006567,-0.068111,-0.009774,31.02,65.8747059256296
15472,-8.383254,-3.597011,4.074977,-0.006567,-0.056352,-0.009163,31.02,65.9295840680294
15482,-8.376076,-3.591627,4.082156,-0.007025,-0.043219,-0.008552,31.04,65.8715721479661
15492,-8.366504,-3.59402,4.09053,-0.007483,-0.029169,-0.009316,31.04,65.8092834106453
15502,-8.367702,-3.595814,4.092325,-0.00733,-0.01573,-0.006261,31.05,65.8041411072394
15512,-8.367103,-3.59402,4.089334,-0.007941,0.013286,-0.005192,31.06,65.8168397297956
15522,-8.374281,-3.592225,4.085146,-0.00901,0.027336,-0.004429,31.06,65.8525992265297
15532,-8.380263,-3.599404,4.081557,-0.008552,0.040317,-0.004581,31.06,65.8909146799108
15542,-8.378469,-3.589832,4.086343,-0.008399,0.053909,-0.002902,31.06,65.8531536489575
15552,-8.386245,-3.589234,4.080361,-0.009163,0.065821,-0.002291,31.02,65.9006643990414
15562,-8.397013,-3.592225,4.074379,-0.009468,0.076816,-0.001374,31.02,65.9578605043859
15572,-8.401799,-3.601198,4.074379,-0.010232,0.08827,0.000153,31.05,65.97636061422
15582,-8.395817,-3.591029,4.045665,-0.010843,0.096975,0.000458,31.05,66.104623918903
15592,-8.402995,-3.588037,4.051647,-0.010537,0.105527,0.001069,31.03,66.0858681028576
15602,-8.423334,-3.594618,4.049254,-0.010079,0.11301,0.001833,31.03,66.1477653965169
15612,-8.432307,-3.581457,4.036094,-0.010996,0.118355,0.002138,31.04,66.2238266510642
15622,-8.439486,-3.591029,4.0337,-0.01069,0.122937,0.003054,31.04,66.2602199264459
15632,-8.438888,-3.580859,4.010969,-0.011148,0.126296,0.003512,31.07,66.3689270444933
15642,-8.451449,-3.585046,4.003192,-0.011759,0.127824,0.003818,31.07,66.4399542918119
15652,-8.455039,-3.585645,3.999005,-0.011912,0.128282,0.003512,31.04,66.4699984596754
15662,-8.465807,-3.573082,3.98405,-0.01237,0.126144,0.002291,31.04,66.5599080438487
15672,-8.489736,-3.585046,3.963113,-0.01237,0.123395,0.002443,31.07,66.7302789684015
15682,-8.486743,-3.586243,3.955336,-0.011912,0.112094,0.002902,31.07,66.7659323530213
15692,-8.490931,-3.58385,3.949952,-0.012065,0.104611,0.002749,31.03,66.8008001574773
15702,-8.495717,-3.580859,3.942773,-0.012065,0.095448,0.001527,31.06,66.8458138409129
15712,-8.505887,-3.591627,3.929613,-0.012217,0.08491,0.000916,31.06,66.9453378738105
15722,-8.518449,-3.578466,3.937988,-0.012217,0.074373,0.000458,31.07,66.9158284878795
15732,-8.514859,-3.586841,3.92064,-0.011301,0.062003,-0.000611,31.07,67.0067921347868
15742,-8.518449,-3.574279,3.909872,-0.01069,0.049022,-0.001069,31.04,67.0599308951322
15752,-8.53819,-3.576073,3.906881,-0.011148,0.03543,-0.002291,31.04,67.1176450762753
15762,-8.532208,-3.574279,3.908676,-0.010843,0.021533,-0.003665,31.03,67.0944318932466
15772,-8.517851,-3.582056,3.906881,-0.010079,0.007178,-0.00504,31.03,67.0811390140824
15782,-8.532805,-3.582654,3.911667,-0.008858,-0.006261,-0.006109,31.05,67.0871314276369
15792,-8.527422,-3.581457,3.911069,-0.009316,-0.020006,-0.007941,31.05,67.0782196005372
15802,-8.520842,-3.577868,3.911069,-0.008247,-0.033445,-0.009163,31.04,67.0616386404829
15812,-8.511271,-3.578466,3.921238,-0.007941,-0.047037,-0.009468,31.04,66.9890211119444
15822,-8.511271,-3.572484,3.924229,-0.007789,-0.058948,-0.011301,31.04,66.9681214737188
15832,-8.501101,-3.58744,3.930809,-0.007025,-0.070708,-0.012675,31.04,66.9255440705865
15842,-8.504689,-3.585645,3.945765,-0.006261,-0.081551,-0.012675,31.07,66.8528394938404
15852,-8.495717,-3.589234,3.95055,-0.006872,-0.09896,-0.013439,31.07,66.8122913209649
15862,-8.489736,-3.595216,3.959523,-0.005651,-0.10568,-0.015272,31.09,66.7580468260125
15872,-8.470592,-3.589832,3.9673,-0.004887,-0.111483,-0.015272,31.05,66.6726612039299
15882,-8.460423,-3.591029,3.987041,-0.003818,-0.116828,-0.016188,31.05,66.5488486833493
15892,-8.468798,-3.591029,4.000201,-0.004734,-0.120035,-0.016035,31.03,66.4974141264102
15902,-8.454441,-3.59043,3.993621,-0.004734,-0.121257,-0.015424,31.03,66.5012486073949
15912,-8.44427,-3.591627,4.011567,-0.003971,-0.120951,-0.016188,31.02,66.3868079681205
15922,-8.450851,-3.589234,4.018745,-0.004734,-0.120951,-0.016188,31.02,66.3609346812792
15932,-8.429317,-3.593421,4.016353,-0.004734,-0.117897,-0.015577,31.02,66.3317476309526
15942,-8.420941,-3.59043,4.039683,-0.004734,-0.11301,-0.015119,31.02,66.1889874074275
15952,-8.413164,-3.588037,4.042674,-0.004581,-0.107207,-0.014203,31.08,66.1545897301937
15962,-8.4012,-3.591029,4.049254,-0.005345,-0.100487,-0.013286,31.08,66.0973055573169
15972,-8.404191,-3.59043,4.06062,-0.005498,-0.092241,-0.01237,31.07,66.0436098489569
15982,-8.390432,-3.58744,4.064807,-0.005956,-0.083536,-0.012065,31.07,65.9894625484816
15992,-8.385049,-3.596412,4.066602,-0.005651,-0.072846,-0.010537,31.07,65.9767515962948
16002,-8.377273,-3.588037,4.079165,-0.006872,-0.061545,-0.009468,31.07,65.8864998748405
16012,-8.370093,-3.592225,4.088138,-0.006414,-0.049327,-0.008705,31.02,65.8278953803081
16022,-8.376076,-3.589234,4.086941,-0.00733,-0.037263,-0.006872,31.02,65.8443083548758
16032,-8.362915,-3.591627,4.080361,-0.008247,-0.009621,-0.006261,31.06,65.8525824787655
16042,-8.368299,-3.598207,4.084548,-0.00901,0.003512,-0.004123,31.04,65.8483681921533
16052,-8.379066,-3.596412,4.085146,-0.009468,0.016341,-0.002596,31.04,65.866787737073
16062,-8.376076,-3.596412,4.07737,-0.009621,0.02978,-0.002749,31.05,65.9010589259317
16072,-8.368897,-3.578466,4.08395,-0.010537,0.041997,-0.001985,31.05,65.8345122567673
16082,-8.379066,-3.589832,4.069593,-0.010385,0.05452,-0.000305,31.05,65.9421655806822
16092,-8.378469,-3.589832,4.068995,-0.01069,0.065973,0.000611,31.05,65.9440158202772
16102,-8.397612,-3.580261,4.066602,-0.010996,0.076358,0.000764,31.06,65.9888904610428
16112,-8.391629,-3.59402,4.057629,-0.011606,0.085827,0.001222,31.06,66.0356777113993
16122,-8.409575,-3.583252,4.055236,-0.011606,0.094684,0.001069,31.04,66.0767670886704
16132,-8.412566,-3.59402,4.036094,-0.011301,0.101709,0.00168,31.04,66.1932430146447
16142,-8.425727,-3.59402,4.045067,-0.012065,0.10736,0.002596,31,66.174226125334
16152,-8.429914,-3.593421,4.02413,-0.011759,0.112705,0.002902,31,66.2922334566386
16162,-8.4347,-3.591029,4.011567,-0.010843,0.115912,0.002596,31.01,66.3660744952986
16172,-8.455637,-3.588636,4.006183,-0.011454,0.117744,0.002902,31.01,66.4362941145708
16182,-8.470592,-3.581457,4.009772,-0.010843,0.118355,0.003054,31.04,66.442552188125
16192,-8.459227,-3.58744,3.97747,-0.011301,0.117133,0.002749,31.04,66.5933947890287
16202,-8.485548,-3.588636,3.976273,-0.010385,0.111788,0.003207,31.07,66.6557006045227
16212,-8.484351,-3.589234,3.960122,-0.010079,0.106596,0.002749,31.06,66.7384628044999
16222,-8.481958,-3.580261,3.961916,-0.01069,0.10064,0.001374,31.06,66.7161795575919
16232,-8.492725,-3.594618,3.948158,-0.010232,0.09331,0.001069,31.01,66.8233679679391
16242,-8.505887,-3.594618,3.935595,-0.010079,0.084758,0.000611,31.01,66.9165218056394
16252,-8.511271,-3.582056,3.929613,-0.010385,0.075747,-0.000611,31.02,66.9481176813259
16262,-8.509476,-3.585046,3.936791,-0.009468,0.064904,-0.001069,31.02,66.9093140896412
16272,-8.517851,-3.586243,3.917051,-0.009468,0.054214,-0.001222,31.05,67.031281176809
16282,-8.523234,-3.583252,3.916452,-0.010232,0.041844,-0.003207,31.05,67.0428937331604
16292,-8.527422,-3.572484,3.921836,-0.009621,0.030238,-0.00336,31.03,67.0139310583622
16302,-8.519047,-3.580261,3.919443,-0.008858,0.018631,-0.003207,31.03,67.0159990784325
16312,-8.527422,-3.586841,3.920042,-0.009774,0.005345,-0.00504,31.07,67.0357241771736
16322,-8.516654,-3.591627,3.923033,-0.00901,-0.00672,-0.00504,31.07,67.0020523247668
16332,-8.523833,-3.586841,3.924827,-0.008858,-0.020159,-0.005956,31.07,67.0032357347931
16342,-8.522038,-3.579663,3.932604,-0.008552,-0.032376,-0.00733,31.07,66.9525157838205
16352,-8.511868,-3.567699,3.928416,-0.008552,-0.043982,-0.007483,31.04,66.9432054784214
16362,-8.514261,-3.58744,3.929613,-0.008552,-0.054978,-0.008399,31.04,66.9589443240014
16372,-8.499306,-3.582654,3.945167,-0.008247,-0.074373,-0.009621,31.03,66.8422350782284
16382,-8.491529,-3.589832,3.948158,-0.008247,-0.08323,-0.010843,31.02,66.8166989293907
16392,-8.483154,-3.575475,3.958925,-0.007025,-0.08995,-0.010843,31.02,66.7301748244318
16402,-8.487342,-3.59043,3.964309,-0.007178,-0.09499,-0.011912,31,66.7237578184992
16412,-8.479566,-3.585645,3.979862,-0.007025,-0.099876,-0.011454,31,66.6217681854143
16422,-8.468798,-3.58744,3.982255,-0.006872,-0.103084,-0.011912,31.02,66.5883035456127
16432,-8.455039,-3.591627,3.994817,-0.006567,-0.105374,-0.012523,31.02,66.4972976455695
16442,-8.449057,-3.589234,3.997808,-0.007025,-0.106291,-0.013134,31.08,66.4669022459074
16452,-8.446664,-3.591627,4.006782,-0.007178,-0.105985,-0.014508,31.08,66.4169393748362
16462,-8.427522,-3.586841,4.002594,-0.006872,-0.103542,-0.014355,31.02,66.3942487857126
16472,-8.425727,-3.594618,4.030112,-0.006567,-0.100793,-0.014355,31.02,66.2530912794679
16482,-8.426923,-3.591627,4.027719,-0.006414,-0.096975,-0.014355,31.04,66.2654643925675
16492,-8.412566,-3.59402,4.042674,-0.005956,-0.091019,-0.013744,31.04,66.1587556819294
16502,-8.400003,-3.585645,4.045067,-0.005956,-0.084452,-0.013439,31.06,66.1117884180143
16512,-8.4012,-3.58385,4.037888,-0.006567,-0.07758,-0.013897,31.06,66.150369732465
16522,-8.404191,-3.595216,4.066004,-0.006109,-0.068417,-0.012981,31.04,66.019806534588
16532,-8.391031,-3.595216,4.061218,-0.005803,-0.058643,-0.012217,31.04,66.0166873079476
16542,-8.38146,-3.585645,4.067201,-0.005803,-0.048717,-0.011301,31.04,65.9559960849617
16552,-8.397612,-3.589234,4.059424,-0.00672,-0.027794,-0.009316,31.03,66.0346989530965
16562,-8.392825,-3.599404,4.064209,-0.007178,-0.01741,-0.009468,31.03,66.0087091049158
16572,-8.385648,-3.595216,4.064209,-0.007178,-0.005803,-0.008858,31.07,65.9894746066405
16582,-8.39821,-3.588037,4.070191,-0.007483,0.00504,-0.00733,31.07,65.9785035843299
16592,-8.397013,-3.59043,4.071388,-0.007636,0.016035,-0.007178,31.05,65.9718648832381
16602,-8.390432,-3.589832,4.076771,-0.007941,0.02642,-0.006414,31.05,65.9290100272522
16612,-8.392825,-3.603591,4.066004,-0.00901,0.036652,-0.005345,31.04,66.0031583377322
16622,-8.396414,-3.594618,4.052843,-0.00901,0.046273,-0.004734,31.04,66.0715475210586
16632,-8.404191,-3.585645,4.057031,-0.008858,0.054978,-0.002749,31.04,66.0580347399186
16642,-8.402995,-3.582654,4.052843,-0.009621,0.062308,-0.003207,31.04,66.0746900695552
16652,-8.412566,-3.595216,4.046861,-0.010232,0.069333,-0.002291,31.05,66.1379090506838
16662,-8.415558,-3.59043,4.055236,-0.010537,0.075747,-0.001527,31.05,66.0960800633123
16672,-8.413763,-3.576672,4.031906,-0.010537,0.081398,0,31.02,66.2020210453127
16682,-8.416155,-3.588636,4.024727,-0.011759,0.085827,-0.000458,31.02,66.2556043253007
16692,-8.437692,-3.59043,4.014558,-0.011606,0.089644,0.000764,31.03,66.3561693641743
16702,-8.449656,-3.601198,4.006782,-0.012217,0.091783,0.001222,31.03,66.4318121100277
16712,-8.458628,-3.586243,3.99721,-0.011606,0.09331,0.001222,31.05,66.4874861959815
16722,-8.468199,-3.591627,3.98405,-0.012217,0.092241,0.000916,31.05,66.5813468229093
16732,-8.453843,-3.58385,3.99063,-0.011454,0.090713,0.002138,31.05,66.5098251789831
16742,-8.484949,-3.589832,3.981059,-0.011301,0.087965,0.00168,31.05,66.6304210310816
16752,-8.476574,-3.585046,3.975675,-0.011301,0.084452,0.002138,31.05,66.6369542434447
16762,-8.480762,-3.591627,3.974478,-0.010996,0.079565,0.000916,31,66.6577767152603
16772,-8.49452,-3.592225,3.962514,-0.010385,0.07422,0.001069,31,66.7496580617486
16782,-8.490931,-3.597011,3.952345,-0.010537,0.068722,0.001069,31.01,66.7997703943266
16792,-8.487342,-3.591029,3.951149,-0.010537,0.060628,-0.000305,31.01,66.7933622360652
16802,-8.504092,-3.593421,3.945765,-0.010232,0.052382,-0.000153,31.04,66.8583888797676
16812,-8.501101,-3.588037,3.944568,-0.009316,0.044288,-0.001527,31.04,66.8537905376433
16822,-8.500502,-3.585046,3.942773,-0.009468,0.035736,-0.002443,31.05,66.859367484763
16832,-8.502296,-3.592225,3.932604,-0.009316,0.026878,-0.001985,31.05,66.9227433658254
16842,-8.499905,-3.591627,3.936791,-0.008705,0.016799,-0.003818,31.04,66.8952928493745
16852,-8.502895,-3.588037,3.942773,-0.008552,0.008094,-0.003665,31.04,66.8669226501941
16862,-8.507083,-3.593421,3.939782,-0.007789,-0.002138,-0.005345,31.03,66.895963749507
16872,-8.501699,-3.573681,3.945765,-0.006567,-0.011606,-0.005803,31.03,66.83622908167
16882,-8.501699,-3.586841,3.942175,-0.007636,-0.02138,-0.005803,31.02,66.8665477512411
16892,-8.495118,-3.589832,3.947559,-0.005803,-0.038943,-0.00733,31.02,66.8272767725508
16902,-8.500502,-3.577868,3.943372,-0.006261,-0.046884,-0.007636,31.05,66.8499648581102
16912,-8.489137,-3.582654,3.955336,-0.006567,-0.05452,-0.008858,31.03,66.7677563230865
16922,-8.487342,-3.59043,3.958327,-0.005956,-0.061392,-0.007941,31.03,66.755149402594
16932,-8.481958,-3.59043,3.954139,-0.006261,-0.067959,-0.008552,31.05,66.765959729802
16942,-8.480165,-3.582056,3.965506,-0.006414,-0.073762,-0.010079,31.05,66.6951752399077
16952,-8.475378,-3.58744,3.968496,-0.00672,-0.076664,-0.009468,31.01,66.674247395232
16962,-8.464012,-3.585046,3.971487,-0.00672,-0.080176,-0.009468,31.01,66.6327032596018
16972,-8.471789,-3.585046,3.992425,-0.007025,-0.082314,-0.009774,31,66.5391146410988
16982,-8.453244,-3.588037,3.991827,-0.007025,-0.084605,-0.01069,31,66.5060150655784
16992,-8.443074,-3.585046,3.988237,-0.006872,-0.084299,-0.011148,31.04,66.5008282066214
17002,-8.440681,-3.578466,4.009772,-0.007025,-0.08262,-0.009316,31.04,66.3768501809974
17012,-8.440084,-3.586841,4.006183,-0.006872,-0.080481,-0.008705,31.06,66.4019229981432
17022,-8.432905,-3.596412,4.017549,-0.007636,-0.077427,-0.010232,31.06,66.3357574005506
17032,-8.419745,-3.589234,4.025924,-0.00733,-0.073151,-0.009468,31.05,66.2574865961089
17042,-8.42453,-3.588636,4.025924,-0.008247,-0.068264,-0.008094,31.05,66.2670978317489
17052,-8.423933,-3.58744,4.045665,-0.008399,-0.062461,-0.008705,31.06,66.1613137952611
17062,-8.411968,-3.582654,4.039085,-0.008705,-0.048106,-0.008399,31.06,66.1659659181548
17072,-8.397612,-3.597609,4.040879,-0.00901,-0.040623,-0.00901,31.05,66.1395711932412
17082,-8.407183,-3.582654,4.051647,-0.008247,-0.031612,-0.008399,31.04,66.0899109606596
17092,-8.405987,-3.581457,4.050451,-0.008399,-0.023671,-0.008399,31.04,66.0925321445288
17102,-8.399406,-3.589234,4.052843,-0.00901,-0.014508,-0.006872,31.02,66.0730210916499
17112,-8.389835,-3.588037,4.063612,-0.008858,-0.005651,-0.007178,31.02,65.9949906187965
17122,-8.4012,-3.584448,4.052843,-0.008552,0.00336,-0.00733,31.03,66.0724873443588
17132,-8.397612,-3.584448,4.063612,-0.008247,0.012065,-0.007636,31.03,66.008381372611
17142,-8.400003,-3.592823,4.057629,-0.008552,0.020769,-0.006567,31.04,66.0525030240557
17152,-8.418548,-3.58744,4.042674,-0.008094,0.029016,-0.006567,31.04,66.1655148016669
17162,-8.415558,-3.59402,4.060022,-0.008399,0.03711,-0.006872,31.04,66.0743066550172
17172,-8.404789,-3.591029,4.048058,-0.007636,0.044135,-0.006261,31.04,66.1112374967236
17182,-8.419147,-3.595814,4.035496,-0.008247,0.050244,-0.006567,31.07,66.2119953154487
17192,-8.428718,-3.59043,4.042076,-0.008399,0.055741,-0.006567,31.07,66.1929873067741
17202,-8.42453,-3.586243,4.034897,-0.007941,0.06185,-0.006109,31.05,66.2179002052198
17212,-8.429914,-3.591627,4.031906,-0.007636,0.065973,-0.005803,31.05,66.2498663867982
17222,-8.432905,-3.591029,4.019344,-0.008094,0.069486,-0.005956,31.03,66.3214961207981
17232,-8.446664,-3.6006,4.014558,-0.007178,0.072235,-0.004123,31.03,66.3842341230575
17242,-8.447262,-3.582654,3.999005,-0.007789,0.074678,-0.004429,31.02,66.4509674074478
17252,-8.465807,-3.591029,4.004389,-0.008247,0.074526,-0.004276,31.04,66.4692021546291
17262,-8.447262,-3.591029,3.995416,-0.007789,0.073457,-0.00336,31.04,66.4772831173047
17272,-8.463414,-3.582056,3.987639,-0.007941,0.071471,-0.004123,31.06,66.5440091058026
17282,-8.467602,-3.59402,3.976871,-0.009316,0.068264,-0.004276,31.06,66.6198848071551
17292,-8.469995,-3.586841,3.97388,-0.009163,0.064599,-0.003054,31.05,66.6342244566167
17302,-8.476574,-3.586243,3.968496,-0.009163,0.059712,-0.003207,31.05,66.6756845573401
17312,-8.475378,-3.588037,3.965506,-0.008858,0.05452,-0.001985,31.04,66.6904716846312
17322,-8.480762,-3.585645,3.966104,-0.009468,0.04948,-0.002902,31.04,66.6964386265247
17332,-8.492128,-3.591627,3.951149,-0.009468,0.042913,-0.002138,31.05,66.8038072280293
17342,-8.473583,-3.594618,3.957729,-0.009621,0.03543,-0.003054,31.05,66.7333856423638
17352,-8.483753,-3.579663,3.959523,-0.009774,0.027947,-0.002443,31.06,66.7319559666487
17362,-8.490333,-3.580859,3.951746,-0.009316,0.020311,-0.001833,31.06,66.7875193857386
17372,-8.483154,-3.582654,3.956532,-0.009621,0.012675,-0.002902,31.07,66.7490443602259
17382,-8.487342,-3.583252,3.952943,-0.010537,0.00504,-0.003054,31.07,66.7771200970392
17392,-8.48136,-3.588037,3.958327,-0.010537,-0.003054,-0.003512,31.04,66.7406178272582
17402,-8.478967,-3.579663,3.963711,-0.009774,-0.009774,-0.002443,31.04,66.6999988082655
17412,-8.483753,-3.585046,3.958327,-0.010079,-0.025351,-0.00336,31.02,66.7429634910861
17422,-8.482555,-3.585046,3.961318,-0.010079,-0.031307,-0.004581,31.03,66.724767597694
17432,-8.486146,-3.580859,3.958925,-0.009163,-0.037263,-0.003512,31.03,66.7411228010117
17442,-8.465807,-3.583252,3.961318,-0.010232,-0.042455,-0.004429,31,66.6882992851201
17452,-8.485548,-3.583252,3.976273,-0.010385,-0.047495,-0.005651,31,66.6509578750743
17462,-8.468798,-3.586243,3.973282,-0.009468,-0.052076,-0.00504,31.07,66.6343349929705
17472,-8.462815,-3.588037,3.983452,-0.008705,-0.054672,-0.005956,31.07,66.570032165722
17482,-8.449656,-3.579663,3.985844,-0.008858,-0.057269,-0.005651,31.05,66.5224330609071
17492,-8.462217,-3.583252,3.989433,-0.007941,-0.059407,-0.005956,31.05,66.5331488294992
17502,-8.451449,-3.584448,3.994219,-0.00733,-0.061239,-0.006872,31.04,66.4864921824092
17512,-8.442476,-3.582056,4.007978,-0.00733,-0.060781,-0.007789,31.04,66.3932661216595
17522,-8.445468,-3.586841,4.0008,-0.006872,-0.06017,-0.00733,31.02,66.4415128890675
17532,-8.443673,-3.582056,4.015156,-0.007483,-0.059254,-0.007941,31.02,66.3581527585555
17542,-8.446664,-3.582654,4.027121,-0.00733,-0.056963,-0.008552,31.02,66.3023266548046
17552,-8.432905,-3.592823,4.022335,-0.006109,-0.05452,-0.008399,31.02,66.3074335019117
17562,-8.420941,-3.589832,4.025326,-0.00672,-0.051313,-0.009163,31.04,66.2637018367944
17572,-8.423933,-3.591029,4.034897,-0.006261,-0.0478,-0.008705,31.04,66.2209628507971
17582,-8.422735,-3.59402,4.042674,-0.006567,-0.038179,-0.008094,31.07,66.1803927498856
17592,-8.426325,-3.595216,4.034299,-0.006261,-0.032681,-0.008247,31.04,66.2329637268311
17602,-8.421539,-3.597609,4.034897,-0.006414,-0.026267,-0.008705,31.04,66.2218417880665
17612,-8.420342,-3.59043,4.042076,-0.005803,-0.0197,-0.007483,31.01,66.1751781067725
17622,-8.416155,-3.592823,4.034299,-0.007025,-0.014203,-0.007941,31.01,66.209197549579
17632,-8.418548,-3.592823,4.042076,-0.006567,-0.007941,-0.008552,31.04,66.1735331359634
17642,-8.423933,-3.59043,4.03729,-0.006261,-0.00168,-0.007178,31.04,66.2078833411158
17652,-8.419745,-3.589234,4.03729,-0.00672,0.005651,-0.006414,31.04,66.1978980620016
17662,-8.413164,-3.584448,4.053442,-0.006567,0.010996,-0.006872,31.04,66.0949181015654
17672,-8.415558,-3.59043,4.03729,-0.007636,0.017868,-0.006872,31.02,66.1900777135276
17682,-8.4347,-3.589832,4.03071,-0.008094,0.022449,-0.007178,31.02,66.2646564465512
17692,-8.437093,-3.586243,4.031906,-0.008094,0.027489,-0.005803,31.03,66.2602290821796
17702,-8.422137,-3.583252,4.031308,-0.008399,0.033292,-0.006109,31.03,66.2289225816201
17712,-8.432905,-3.589832,4.034897,-0.008858,0.038637,-0.005498,31.04,66.2389230564199
17722,-8.425129,-3.593421,4.025924,-0.008552,0.043066,-0.005498,31.04,66.2726922391271
17732,-8.437093,-3.589234,4.026522,-0.008552,0.047037,-0.004429,31.07,66.2911234397018
17742,-8.436494,-3.58744,4.006782,-0.009316,0.050549,-0.003665,31.07,66.3917425605328
17752,-8.437093,-3.592823,4.010969,-0.009774,0.052382,-0.004429,31.05,66.3758760926555
17762,-8.439486,-3.585046,4.019942,-0.010232,0.056352,-0.004581,31.08,66.3268986740243
17772,-8.452048,-3.593421,3.99063,-0.009163,0.056505,-0.003665,31.08,66.5145869690568
17782,-8.449656,-3.588037,3.991228,-0.009621,0.056352,-0.002902,31.04,66.5016232728902
17792,-8.467003,-3.585046,3.990032,-0.009163,0.055283,-0.003512,31.04,66.5416326198156
17802,-8.457432,-3.589234,3.985844,-0.009621,0.054214,-0.00336,31.03,66.547265792576
17812,-8.468798,-3.592225,3.985246,-0.009774,0.05284,-0.003971,31.03,66.5768575840685
17822,-8.463414,-3.593421,3.989433,-0.009468,0.050244,-0.003207,31.06,66.5446941553871
17832,-8.472386,-3.591627,3.980461,-0.009316,0.047037,-0.00336,31.06,66.608922155822
17842,-8.468798,-3.584448,3.97747,-0.008858,0.043219,-0.00336,31.05,66.6107629595443
17852,-8.483753,-3.588037,3.958327,-0.009316,0.039554,-0.004581,31.05,66.7455915938716
17862,-8.477771,-3.580859,3.964309,-0.009774,0.034056,-0.004276,31.05,66.6954187852696
17872,-8.475378,-3.597011,3.970889,-0.008705,0.029322,-0.004581,31.05,66.6701415836714
17882,-8.496913,-3.592225,3.973282,-0.008858,0.023671,-0.004429,31.02,66.6981856040677
17892,-8.488539,-3.585046,3.96072,-0.008858,0.016341,-0.004123,31.02,66.7403486261293
17902,-8.473583,-3.582654,3.967898,-0.008705,0.009468,-0.005651,31.05,66.6694220094921
17912,-8.486743,-3.589832,3.956532,-0.00901,0.003207,-0.005956,31.05,66.7628032595222
17922,-8.486146,-3.57727,3.962514,-0.008858,-0.003665,-0.005192,31.08,66.7191313123513
17932,-8.487941,-3.579663,3.969693,-0.008552,-0.017104,-0.005345,31.03,66.6872968449564
17942,-8.478967,-3.595814,3.965506,-0.008552,-0.022144,-0.005498,31.03,66.7048034926933
17952,-8.478369,-3.576672,3.969095,-0.008094,-0.027947,-0.005345,31.05,66.6678512149044
17962,-8.481958,-3.592823,3.978068,-0.008247,-0.033445,-0.005498,31.05,66.6425016984719
17972,-8.468798,-3.58744,3.972684,-0.008552,-0.037568,-0.005345,31.07,66.6385332792487
17982,-8.467003,-3.588636,3.99063,-0.009468,-0.040928,-0.005192,31.07,66.5416833646373
17992,-8.455039,-3.588636,3.973282,-0.008094,-0.044135,-0.005345,31.03,66.6076927237921
18002,-8.464012,-3.588037,3.98405,-0.008399,-0.047342,-0.006261,31.03,66.5694003474445
18012,-8.465208,-3.579663,3.990032,-0.008858,-0.049022,-0.006109,31.04,66.533094435387
18022,-8.459825,-3.589832,3.994817,-0.009316,-0.050702,-0.005345,31.04,66.5057432722517
18032,-8.449057,-3.588037,4.001398,-0.008858,-0.051771,-0.00672,31.07,66.4470003022865
18042,-8.444869,-3.585046,3.993621,-0.008858,-0.051465,-0.005651,31.07,66.4763276011937
18052,-8.44128,-3.585046,4.006183,-0.009163,-0.051007,-0.005498,31.05,66.4028372292859
18062,-8.43111,-3.591029,4.021737,-0.008552,-0.050091,-0.006261,31.05,66.305151981201
18072,-8.440084,-3.584448,4.014558,-0.008705,-0.048717,-0.005651,31.03,66.3558503717273
18082,-8.435298,-3.58385,4.016353,-0.008858,-0.04612,-0.00672,31.03,66.3357825907144
18092,-8.429914,-3.579663,4.028915,-0.008705,-0.043066,-0.00672,31.02,66.2547434941627
18102,-8.438289,-3.585645,4.02413,-0.008552,-0.036805,-0.006414,31.02,66.3029572955759
18112,-8.419745,-3.59402,4.025326,-0.008247,-0.032834,-0.007483,31.04,66.2649544371108
18122,-8.426325,-3.585046,4.030112,-0.00901,-0.028558,-0.006872,31.03,66.2457078446049
18132,-8.419745,-3.588636,4.028317,-0.009163,-0.023518,-0.006872,31.03,66.2443950709896
18143,-8.425129,-3.583252,4.034897,-0.008094,-0.017715,-0.006567,31.03,66.2164686980576
18152,-8.420941,-3.582056,4.040281,-0.008247,-0.01237,-0.007636,31.03,66.1782666774405
18162,-8.420342,-3.582654,4.037888,-0.007941,-0.006567,-0.008094,31.04,66.1900731984336
18172,-8.420342,-3.591029,4.042674,-0.007178,-0.000305,-0.008094,31.04,66.1725894152186
18182,-8.409575,-3.589234,4.041477,-0.007483,0.00672,-0.007178,31.02,66.1543041752259
18192,-8.422137,-3.581457,4.040281,-0.00733,0.013592,-0.006872,31.02,66.180270244512
18202,-8.417951,-3.595814,4.018745,-0.007636,0.019395,-0.007789,31.04,66.2973006210909
18212,-8.413164,-3.589234,4.029513,-0.007636,0.026725,-0.007483,31.04,66.2246825150912
18222,-8.407781,-3.592225,4.032505,-0.007636,0.032987,-0.006872,31.05,66.200254111724
18232,-8.426325,-3.585046,4.028317,-0.007941,0.038179,-0.006567,31.05,66.2551172429972
18242,-8.438289,-3.58744,4.027719,-0.007789,0.04383,-0.005651,31,66.28577002036
18252,-8.442476,-3.59043,4.02413,-0.00733,0.04948,-0.005803,31,66.3161173251612
18262,-8.433504,-3.582654,4.017549,-0.007636,0.05284,-0.005651,31.07,66.3246391134044
18272,-8.447861,-3.588037,4.006782,-0.007941,0.055436,-0.004429,31.07,66.4162470657717
18282,-8.453843,-3.588037,4.001996,-0.008705,0.058796,-0.004276,31.05,66.4539333921586
18292,-8.443074,-3.582654,3.999005,-0.008552,0.059559,-0.005192,31.03,66.4421467151943
18302,-8.465807,-3.586841,3.986442,-0.009316,0.057879,-0.005345,31.03,66.5595484119738
18312,-8.465807,-3.591627,3.987041,-0.008858,0.055741,-0.004276,31.02,66.5606549351466
18322,-8.462815,-3.591627,3.989433,-0.009774,0.053603,-0.004276,31.02,66.5418442204884
18332,-8.475378,-3.591627,3.975077,-0.009774,0.050244,-0.004581,31.06,66.6434094089913
18342,-8.469995,-3.589832,3.976871,-0.009468,0.046578,-0.003665,31.06,66.621172851111
18352,-8.48136,-3.591627,3.983452,-0.008858,0.043371,-0.002596,31.07,66.6119781101187
18362,-8.475977,-3.578466,3.972086,-0.009927,0.038179,-0.003054,31.07,66.648737960191
18372,-8.477771,-3.583252,3.96072,-0.010385,0.033139,-0.002596,31.05,66.7163739111572
18382,-8.489137,-3.592225,3.967898,-0.010843,0.027489,-0.003665,31.05,66.7102426427233
18392,-8.486743,-3.58385,3.960122,-0.010079,0.022144,-0.003207,31.04,66.738704688502
18402,-8.487941,-3.586841,3.959523,-0.009163,0.016952,-0.00336,31.04,66.7469642235837
18412,-8.487941,-3.593421,3.959523,-0.009316,0.010843,-0.003818,31.02,66.7527439937915
18422,-8.488539,-3.591627,3.953541,-0.009163,0.00504,-0.003665,31.02,66.7838088880504
18432,-8.474181,-3.58744,3.9673,-0.009621,-0.001527,-0.003818,31.07,66.6780311701171
18442,-8.496913,-3.592823,3.970291,-0.010079,-0.007483,-0.003818,31.07,66.7143825361287
18452,-8.480165,-3.58744,3.974478,-0.009163,-0.020006,-0.004887,31.02,66.6528378282682
18462,-8.469396,-3.584448,3.964309,-0.008858,-0.025962,-0.004429,31.05,66.6811226927147
18472,-8.480165,-3.579663,3.974478,-0.008399,-0.03146,-0.005651,31.05,66.6459820460492
18482,-8.472985,-3.584448,3.974478,-0.008094,-0.036346,-0.006109,31.04,66.6352143971092
18492,-8.474181,-3.584448,3.974478,-0.008247,-0.040928,-0.005803,31.04,66.6377115990658
18502,-8.477173,-3.591627,3.987041,-0.007789,-0.044746,-0.005803,31.06,66.584426117465
18512,-8.468199,-3.595814,3.983452,-0.008552,-0.047495,-0.006567,31.06,66.5881982494069
18522,-8.452048,-3.591029,3.985844,-0.007789,-0.049938,-0.006414,30.99,66.5375755794993
18532,-8.465208,-3.586243,3.997808,-0.006872,-0.051313,-0.006414,30.99,66.4981658301982
18542,-8.464012,-3.583252,4.003192,-0.007178,-0.052534,-0.007178,31.02,66.4647795290804
18552,-8.449656,-3.581457,3.999603,-0.007483,-0.051924,-0.00672,31.02,66.4518014099906
18562,-8.452645,-3.588636,4.006782,-0.007178,-0.051771,-0.006414,31.05,66.426857798674
18572,-8.448458,-3.589234,4.014558,-0.00672,-0.050549,-0.006261,31.05,66.3778196353805
18582,-8.437093,-3.594618,4.008576,-0.007178,-0.048564,-0.007025,31.04,66.3900406397291
18592,-8.438888,-3.593421,4.024727,-0.007636,-0.045509,-0.006109,31.04,66.3080949780517
18602,-8.432307,-3.585046,4.019344,-0.007178,-0.042302,-0.005956,31.05,66.3148435097383
18612,-8.43111,-3.580859,4.02413,-0.007178,-0.03879,-0.005956,31.05,66.2834426901599
18622,-8.43111,-3.591627,4.022335,-0.007789,-0.028558,-0.005956,31.06,66.3025562387517
18632,-8.418548,-3.58744,4.02413,-0.007636,-0.024129,-0.005651,31.04,66.2627342989081
18642,-8.420941,-3.578466,4.036094,-0.008247,-0.018173,-0.006109,31.04,66.1969613897679
18652,-8.425727,-3.584448,4.030112,-0.008552,-0.011912,-0.005345,31.03,66.2438982826749
18662,-8.415558,-3.583252,4.033103,-0.008399,-0.005803,-0.00504,31.03,66.2055214413171
18672,-8.423933,-3.592225,4.038486,-0.009163,-0.000611,-0.005956,31.07,66.2032443377699
18682,-8.423933,-3.592225,4.0337,-0.009468,0.004734,-0.005956,31.07,66.2283175423089
18692,-8.419147,-3.592225,4.037888,-0.009163,0.011606,-0.004734,31.01,66.1962052129811
18702,-8.413763,-3.584448,4.028317,-0.009316,0.01741,-0.004734,31.01,66.2278929698462
18712,-8.405388,-3.595814,4.027121,-0.009163,0.022449,-0.005345,31.03,66.2266801757679
18722,-8.414959,-3.585645,4.0337,-0.009621,0.028558,-0.00504,31.03,66.2032848046135
18732,-8.429317,-3.588037,4.031906,-0.010385,0.033598,-0.004276,31.05,66.245357205531
18742,-8.445468,-3.588037,4.022933,-0.010843,0.039095,-0.004276,31.05,66.3265608446084
18752,-8.42812,-3.589832,4.019344,-0.010232,0.043677,-0.004429,31.05,66.3102911321432
18762,-8.432307,-3.595814,4.019344,-0.010385,0.046884,-0.004123,31.05,66.3245437172396
18772,-8.430512,-3.582654,4.012166,-0.010232,0.049786,-0.004276,31.04,66.3465492669729
18782,-8.439486,-3.591627,3.996014,-0.009774,0.05284,-0.004887,31.04,66.458322517467
18792,-8.458628,-3.586243,3.994817,-0.009774,0.055894,-0.004123,31.02,66.5000356270285
18802,-8.450851,-3.591627,3.995416,-0.010079,0.054672,-0.005651,31.07,66.4853598782877
18812,-8.459227,-3.591627,3.991228,-0.010232,0.05452,-0.004887,31.07,66.5249094749392
18822,-8.472985,-3.579663,3.986442,-0.009468,0.053298,-0.005345,31.09,66.5682193559341
18832,-8.455637,-3.573681,3.988835,-0.009163,0.051007,-0.006261,31.09,66.5139741163652
18842,-8.473583,-3.586243,3.968496,-0.009163,0.048564,-0.006109,31.04,66.6694485936769
18852,-8.460423,-3.591627,3.97747,-0.008858,0.044899,-0.005803,31.04,66.5996138665476
18862,-8.479566,-3.582654,3.971487,-0.00901,0.04047,-0.006109,31.04,66.6630612249675
18872,-8.473583,-3.58385,3.970889,-0.008552,0.035888,-0.006567,31.04,66.6547733162385
18882,-8.474779,-3.592225,3.972684,-0.008247,0.031612,-0.006261,31.03,66.6552440221835
18892,-8.483154,-3.596412,3.969095,-0.008399,0.025045,-0.007025,31.03,66.6952109831716
18902,-8.490931,-3.595814,3.970291,-0.008094,0.018631,-0.007789,31.05,66.7045832821397
18912,-8.476574,-3.584448,3.964907,-0.007941,0.01237,-0.007789,31.05,66.692944944872
18922,-8.489736,-3.593421,3.958327,-0.007941,0.005803,-0.006567,31.05,66.7627456183478
18932,-8.478967,-3.589832,3.959523,-0.00733,-0.000916,-0.007178,31.05,66.7309410037303
18942,-8.492128,-3.6006,3.962514,-0.007178,-0.007178,-0.007483,31.03,66.7520528227448
18952,-8.486743,-3.589234,3.9673,-0.007789,-0.014203,-0.008247,31.03,66.7057695603335
18962,-8.48136,-3.598805,3.963711,-0.008094,-0.020617,-0.007025,31.03,66.7218373044615
18972,-8.480762,-3.57727,3.969693,-0.007025,-0.032223,-0.007941,31.04,66.6702302533743
18982,-8.483154,-3.600002,3.979264,-0.007636,-0.037874,-0.008094,31.04,66.6450678895905
18992,-8.472386,-3.584448,3.976273,-0.008552,-0.042761,-0.007025,31.06,66.6245431051692
19002,-8.468798,-3.585645,3.978666,-0.007483,-0.046731,-0.008247,31.06,66.6055454284634
19012,-8.467602,-3.585046,3.982853,-0.00733,-0.050549,-0.008094,31.05,66.5805428961008
19022,-8.462815,-3.596412,3.994817,-0.007178,-0.053603,-0.006872,31.05,66.5178731365519
19032,-8.465208,-3.576073,3.994817,-0.008247,-0.055894,-0.007941,31.09,66.5048145496075
19042,-8.450253,-3.586243,3.996612,-0.008094,-0.057421,-0.00672,31.09,66.4730217344791
19052,-8.446067,-3.58744,4.001996,-0.007483,-0.058032,-0.007178,31.02,66.4370352312449
19062,-8.445468,-3.588037,4.001398,-0.008247,-0.058032,-0.007636,31.02,66.4394451627305
19072,-8.438888,-3.586841,4.00738,-0.007941,-0.056505,-0.00672,31.06,66.3931196871752
19082,-8.430512,-3.6006,4.020541,-0.008552,-0.055131,-0.006261,31.06,66.3187921681837
19092,-8.437093,-3.595216,4.017549,-0.007941,-0.051924,-0.005651,31.03,66.3435288260507
19102,-8.423933,-3.591627,4.031308,-0.007789,-0.048411,-0.004734,31.03,66.2403113966546
19112,-8.423334,-3.588037,4.031906,-0.008247,-0.043677,-0.004276,31.06,66.2326575875636
19122,-8.419147,-3.600002,4.036094,-0.008552,-0.039401,-0.005345,31.06,66.2126630834781
19132,-8.42453,-3.595216,4.032505,-0.008247,-0.034208,-0.004581,31.05,66.2385540892141
19142,-8.414959,-3.592225,4.046861,-0.007789,-0.021686,-0.004276,31.05,66.1402856131669
19152,-8.41436,-3.589832,4.04387,-0.008247,-0.014661,-0.003054,31.05,66.1525019852743
19162,-8.409575,-3.599404,4.03729,-0.008247,-0.007941,-0.003512,31.07,66.1855080495015
19172,-8.412566,-3.586841,4.049852,-0.008094,-0.000153,-0.003054,31.07,66.1146202366638
19182,-8.414959,-3.581457,4.040281,-0.008399,0.006567,-0.002596,31.03,66.1649834327385
19192,-8.409575,-3.588636,4.049852,-0.007941,0.014203,-0.003054,31.03,66.1098715164487
19202,-8.41436,-3.59402,4.036692,-0.008399,0.021838,-0.002749,31.07,66.1939237649132
19212,-8.428718,-3.582654,4.031308,-0.007941,0.028863,-0.002596,31.07,66.2423600162941
19222,-8.409575,-3.584448,4.040281,-0.008399,0.03543,-0.001527,31.06,66.1562235532411
19232,-8.423334,-3.602395,4.031906,-0.008705,0.041081,-0.002443,31.06,66.2456606010896
19242,-8.440084,-3.588636,4.025326,-0.008858,0.046884,-0.002749,31.05,66.3031804205834
19252,-8.42453,-3.586841,4.023531,-0.009468,0.051618,-0.002596,31.05,66.2780258944202
19262,-8.429914,-3.58744,4.025326,-0.00901,0.05681,-0.001833,31.05,66.2805680013734
19272,-8.429317,-3.583252,4.012764,-0.009621,0.060018,-0.001985,31.05,66.3414203095682
19282,-8.441879,-3.579663,4.013362,-0.009927,0.063072,-0.002443,31.05,66.3616239906455
19292,-8.449057,-3.581457,3.996612,-0.009316,0.064904,-0.002138,31.05,66.4662355956408
19302,-8.449057,-3.588037,4.004987,-0.009774,0.066126,-0.002291,31.05,66.4281782294801
19312,-8.469396,-3.58744,3.988835,-0.010232,0.06521,-0.002596,31.05,66.5550451389849
19322,-8.462217,-3.595814,3.99063,-0.010079,0.063072,-0.003207,31.04,66.5380389604896
19332,-8.474181,-3.584448,3.982853,-0.010385,0.060781,-0.003818,31.05,66.5937751798301
19342,-8.465208,-3.588636,3.969693,-0.010537,0.057269,-0.003818,31.05,66.6478022184286
19352,-8.478369,-3.585645,3.972684,-0.010079,0.053298,-0.004276,31.09,66.6569207442886
19362,-8.478967,-3.579065,3.965506,-0.010079,0.0478,-0.005498,31.09,66.6900471518564
19372,-8.474779,-3.583252,3.958925,-0.010232,0.041692,-0.005651,31.05,66.719574066283
19382,-8.479566,-3.59043,3.9673,-0.009927,0.035583,-0.006414,31.05,66.6918868379452
19392,-8.485548,-3.589832,3.958327,-0.009468,0.029016,-0.007483,31.01,66.7508983348406
19402,-8.477771,-3.588037,3.965506,-0.009468,0.021838,-0.008094,31.01,66.6954561484439
19412,-8.504689,-3.59402,3.961916,-0.009621,0.01405,-0.007941,31.04,66.7754500528809
19422,-8.498111,-3.583252,3.957729,-0.008247,0.006872,-0.008858,31.04,66.774346129272
19432,-8.485548,-3.59043,3.956532,-0.008247,-0.001069,-0.009468,31.03,66.7608474587107
19442,-8.482555,-3.578466,3.9673,-0.007789,-0.007636,-0.008705,31.03,66.6875802273806
19452,-8.489736,-3.588636,3.949952,-0.008094,-0.015424,-0.00901,31.05,66.8025139743717
19462,-8.488539,-3.586841,3.959523,-0.00733,-0.021533,-0.009927,31.05,66.7482065070097
19472,-8.487342,-3.585645,3.956532,-0.00733,-0.027794,-0.010996,31.05,66.7603717513941
19482,-8.482555,-3.580859,3.965506,-0.006872,-0.034514,-0.011454,31.05,66.6991007112475
19492,-8.475378,-3.588037,3.973282,-0.00733,-0.044746,-0.011301,31.03,66.6496553796566
19502,-8.466404,-3.588636,3.973282,-0.006109,-0.049022,-0.011301,31.05,66.6314522358493
19512,-8.466404,-3.583252,3.984648,-0.006261,-0.052229,-0.010843,31.05,66.5670274234748
19522,-8.462217,-3.579065,3.979862,-0.005803,-0.055894,-0.010537,31.06,66.5796678607237
19532,-8.452048,-3.597609,3.989433,-0.005651,-0.05849,-0.011301,31.06,66.5246056546516
19542,-8.44427,-3.586243,3.994219,-0.006109,-0.06017,-0.010232,31.07,66.4729970550287
19552,-8.452645,-3.589234,3.994817,-0.005651,-0.061239,-0.010996,31.07,66.4901357168449
19562,-8.454441,-3.592823,4.001398,-0.006109,-0.06185,-0.011148,31.02,66.4625992483293
19572,-8.453843,-3.589234,4.009772,-0.006109,-0.062461,-0.011759,31.02,66.4142452079649
19582,-8.437692,-3.581457,4.012166,-0.006109,-0.061392,-0.011148,31.06,66.360656764502
19592,-8.423933,-3.589234,4.018745,-0.006109,-0.059865,-0.009927,31.06,66.3040267172806
19602,-8.427522,-3.59043,4.018745,-0.006567,-0.057574,-0.008247,31.06,66.3127061797377
19612,-8.425727,-3.595216,4.027719,-0.006872,-0.054978,-0.007789,31.06,66.2661735476485
19622,-8.426923,-3.592823,4.029513,-0.006872,-0.051465,-0.007025,31.06,66.2571430788596
19632,-8.42812,-3.595216,4.036692,-0.007483,-0.046273,-0.006261,31.06,66.2242391413907
19642,-8.417951,-3.586243,4.025924,-0.008247,-0.041539,-0.005956,31.04,66.2509720650056
19652,-8.423933,-3.59402,4.039683,-0.008094,-0.036041,-0.005956,31.04,66.1986018293173
19662,-8.410771,-3.59402,4.039683,-0.009468,-0.023824,-0.003818,31.01,66.1706091188147
19672,-8.41436,-3.585645,4.053442,-0.009316,-0.016646,-0.003054,31.07,66.0985604741963
19682,-8.410771,-3.595814,4.03729,-0.009621,-0.009774,-0.001527,31.07,66.1847854124762
19692,-8.414959,-3.597609,4.045665,-0.010537,-0.003054,-0.001222,31.05,66.1514478437293
19702,-8.416155,-3.595814,4.051049,-0.010537,0.003818,-0.001069,31.05,66.1241707100986
19712,-8.402397,-3.597011,4.046861,-0.010843,0.011759,0.000764,30.99,66.1178659702529
19722,-8.412566,-3.579663,4.04387,-0.01069,0.019242,0.000458,30.99,66.1394411844442
19732,-8.417352,-3.586243,4.038486,-0.010996,0.026267,0.001222,31.04,66.183827958743
19742,-8.423334,-3.59043,4.040879,-0.010843,0.032987,0.001833,31.04,66.187811095267
19752,-8.41436,-3.582056,4.035496,-0.010996,0.039095,0.001069,31.04,66.1893383216054
19762,-8.419745,-3.588037,4.039085,-0.010996,0.045051,0.001374,31.04,66.1874071908201
19772,-8.431709,-3.588636,4.025326,-0.010385,0.05116,0.002138,31.02,66.2854498284544
19782,-8.42812,-3.589832,4.032505,-0.011301,0.055894,0.001222,31.02,66.2413008018095
19792,-8.428718,-3.589832,4.022335,-0.010843,0.060018,0.000153,31.03,66.2958724444838
19802,-8.432905,-3.58385,4.014558,-0.011606,0.064141,0.000458,31.03,66.3401358460128
19812,-8.443673,-3.579663,4.014558,-0.010996,0.067042,0.000305,31.06,66.359143655481
19822,-8.443074,-3.586841,4.0008,-0.011301,0.068722,0,31.06,66.4364708778498
19832,-8.454441,-3.586841,3.996612,-0.010385,0.070097,-0.000764,31.01,66.4823588051038
19842,-8.460423,-3.577868,3.984648,-0.009774,0.069791,-0.000458,31,66.5497190688291
19852,-8.454441,-3.591029,3.993023,-0.009468,0.068722,-0.001985,31,66.5049198795977
19862,-8.462217,-3.574877,3.979862,-0.008247,0.066737,-0.002596,31.06,66.5759586888638
19872,-8.464012,-3.582654,3.980461,-0.007789,0.063683,-0.002596,31.06,66.5834622071867
19882,-8.463414,-3.582654,3.97388,-0.008552,0.060018,-0.003971,31.07,66.6167664409586
19892,-8.471789,-3.583252,3.969693,-0.007941,0.055589,-0.005651,31.07,66.6567808381315
19902,-8.489137,-3.586243,3.958925,-0.007941,0.050091,-0.005803,31.03,66.752062505013
19912,-8.474181,-3.59043,3.9673,-0.007789,0.044593,-0.00672,31.03,66.680670307928
19922,-8.499306,-3.581457,3.954738,-0.007025,0.037415,-0.007636,31.07,66.7909487900941
19932,-8.501699,-3.582654,3.951746,-0.00672,0.030543,-0.007483,31.07,66.8126540195468
19942,-8.484351,-3.588037,3.957729,-0.006567,0.022297,-0.008247,31.02,66.7499740219408
19952,-8.487941,-3.573681,3.951149,-0.006109,0.015577,-0.008247,31.02,66.7794078503216
19962,-8.491529,-3.592225,3.954738,-0.007025,0.007941,-0.009316,31.05,66.7842502907864
19972,-8.499905,-3.586243,3.952943,-0.006567,-0.000305,-0.009316,31.05,66.8057914784229
19982,-8.489736,-3.573082,3.949354,-0.007025,-0.007941,-0.009316,31.03,66.7920438733933
19992,-8.490931,-3.583252,3.953541,-0.007789,-0.016646,-0.011454,31.03,66.7814293826463
20002,-8.487941,-3.593421,3.955336,-0.00672,-0.023671,-0.011759,31.03,66.7747199097217
20012,-8.496913,-3.595216,3.962514,-0.007789,-0.036652,-0.010843,31.07,66.757247057045
20022,-8.484351,-3.58385,3.963113,-0.00733,-0.04383,-0.009927,31.07,66.7180296738483
20032,-8.488539,-3.596412,3.964309,-0.007789,-0.04948,-0.010385,31.03,66.7315065004763
20042,-8.470592,-3.588037,3.965506,-0.007483,-0.054214,-0.010843,31.03,66.6804973574654
20052,-8.478369,-3.582654,3.973282,-0.007789,-0.059712,-0.010843,31.02,66.6511454589669
20062,-8.467003,-3.58385,3.987639,-0.007483,-0.063988,-0.009316,31.02,66.5531218431094
20072,-8.467602,-3.602993,3.993023,-0.007789,-0.065668,-0.009927,31.04,66.5431584958225
20082,-8.453244,-3.58744,3.994219,-0.008399,-0.068875,-0.009927,31.04,66.4929316545797
20092,-8.451449,-3.588037,3.992425,-0.009163,-0.070097,-0.010537,31.03,66.4991070948349
20102,-8.448458,-3.586841,3.998407,-0.008552,-0.070708,-0.00901,31.03,66.4603619280748
20112,-8.454441,-3.586243,4.004987,-0.008399,-0.070402,-0.008399,31.05,66.4379095048048
20122,-8.44427,-3.592823,4.012764,-0.008705,-0.06918,-0.00901,31.05,66.3816066194396
20132,-8.435897,-3.589832,4.018147,-0.00901,-0.067042,-0.007483,31.04,66.3330215016282
20144,-8.420941,-3.59402,4.034299,-0.008858,-0.064599,-0.007178,31.04,66.2204516034899
20152,-8.420941,-3.59402,4.034299,-0.008552,-0.060781,-0.007178,31.04,66.2204516034899
20162,-8.417352,-3.583252,4.032505,-0.008247,-0.055741,-0.006414,31.04,66.2124738014047
20172,-8.415558,-3.596412,4.042674,-0.008399,-0.050855,-0.00733,31.05,66.1673000298314
20182,-8.407781,-3.593421,4.036094,-0.00901,-0.038332,-0.005345,31.05,66.1825165128596
20192,-8.395817,-3.59043,4.051049,-0.009163,-0.030696,-0.004734,31.05,66.0758433373748
20202,-8.405987,-3.592225,4.055236,-0.008552,-0.023976,-0.004734,31.06,66.0772819211782
20212,-8.405388,-3.593421,4.042674,-0.007789,-0.016035,-0.003971,31.06,66.1429169031962
20222,-8.408977,-3.589234,4.05404,-0.008399,-0.007789,-0.004276,31.05,66.0872035892717
20232,-8.396414,-3.591627,4.055236,-0.008094,0.000153,-0.003665,31.05,66.0562685661861
20242,-8.406584,-3.586841,4.048058,-0.008247,0.008094,-0.00336,31.02,66.1112521623615
20252,-8.408977,-3.582056,4.044468,-0.008858,0.016952,-0.003054,31.02,66.1308225824855
20262,-8.408977,-3.594618,4.049254,-0.008858,0.024587,-0.002596,31.04,66.1171791108772
20272,-8.410173,-3.589234,4.043272,-0.009163,0.031612,-0.002749,31.04,66.1461699274038
20282,-8.420941,-3.588636,4.046263,-0.009774,0.039248,-0.001985,31.03,66.1528979102621
20292,-8.420342,-3.591029,4.038486,-0.009774,0.045051,-0.00168,31.03,66.1945279343086
20302,-8.414959,-3.584448,4.023531,-0.009468,0.051618,-0.001069,31.02,66.2555503997101
20312,-8.417352,-3.601796,4.03071,-0.009774,0.05681,-0.001985,31.02,66.2386978205804
20322,-8.423334,-3.586841,4.026522,-0.00901,0.061697,-0.000916,31.05,66.2598030558603
20332,-8.434101,-3.580261,4.014558,-0.009316,0.065363,-0.000611,31.05,66.339441092211
20342,-8.438289,-3.580261,4.006183,-0.009621,0.06857,-0.000611,31.04,66.3922380382574
20352,-8.452645,-3.593421,4.008576,-0.010843,0.069333,-0.000305,31.04,66.4217348543908
20362,-8.455039,-3.595814,4.003192,-0.010232,0.069333,-0.000305,31.05,66.4571244301219
20372,-8.447861,-3.586841,3.99063,-0.010385,0.06857,-0.000153,31.04,66.4999243448026
20382,-8.461619,-3.588636,3.982255,-0.010385,0.067806,-0.000153,31.04,66.5743419521917
20392,-8.468798,-3.582056,3.985246,-0.010232,0.065973,-0.001374,31.02,66.5678437018716
20402,-8.475977,-3.592225,3.990032,-0.010232,0.063072,-0.001527,31.02,66.5667828378822
20412,-8.474779,-3.591029,3.967898,-0.010843,0.058948,-0.001985,31.03,66.6793059164048
20422,-8.483753,-3.598805,3.972684,-0.009774,0.054214,-0.001527,31.03,66.679747632994
20432,-8.477173,-3.584448,3.968496,-0.010079,0.049786,-0.003054,31,66.6753505982375
20442,-8.48136,-3.585046,3.965506,-0.010385,0.045357,-0.004581,31,66.7002953580847
20452,-8.484949,-3.586841,3.954738,-0.010537,0.040164,-0.004887,31.05,66.7658721261007
20462,-8.48136,-3.589234,3.955336,-0.009927,0.034208,-0.005192,31.05,66.7573789852019
20472,-8.479566,-3.584448,3.956532,-0.009316,0.028863,-0.006109,31.02,66.7431600831437
20482,-8.486743,-3.57727,3.95055,-0.008858,0.022602,-0.006414,31.02,66.7832072956392
20492,-8.487342,-3.591029,3.952345,-0.008705,0.016493,-0.006567,31.02,66.7870814001968
20502,-8.489137,-3.585645,3.953541,-0.007941,0.009927,-0.00733,31.02,66.7798030451984
20512,-8.493324,-3.583252,3.945167,-0.008094,0.002443,-0.008094,31,66.8303709774785
20522,-8.492128,-3.580859,3.957131,-0.008094,-0.010843,-0.008552,31,66.7629715357591
20532,-8.487342,-3.589234,3.957131,-0.007025,-0.018021,-0.008705,31.06,66.760377165468
20542,-8.496913,-3.586841,3.962514,-0.006414,-0.024435,-0.008858,31.06,66.7499033882972
20552,-8.476574,-3.59043,3.959523,-0.006567,-0.031154,-0.009927,31.06,66.7264905067828
20562,-8.479566,-3.59402,3.963113,-0.006109,-0.037721,-0.010079,31.06,66.7170274258914
20572,-8.480165,-3.582056,3.962514,-0.006261,-0.042455,-0.010232,31.06,66.710884520732
20582,-8.488539,-3.585645,3.967898,-0.007178,-0.047342,-0.009774,31.04,66.7032133210635
20592,-8.467602,-3.585046,3.975077,-0.005803,-0.051771,-0.01069,31.04,66.6213536055635
20602,-8.467602,-3.586841,3.987639,-0.007025,-0.0562,-0.011148,31.07,66.5570290394396
20612,-8.468798,-3.588636,3.980461,-0.005803,-0.06017,-0.009927,31.07,66.5987751978318
20622,-8.46461,-3.586243,3.99063,-0.006414,-0.062919,-0.010996,31.01,66.5345438760936
20632,-8.452048,-3.58744,3.987041,-0.006261,-0.06521,-0.010537,31.01,66.5280937429082
20642,-8.462217,-3.592823,3.99721,-0.007025,-0.066737,-0.009927,31.02,66.500879722761
20652,-8.443673,-3.589234,4.000201,-0.007178,-0.067501,-0.010232,31.02,66.4430172545721
20662,-8.449656,-3.59043,4.008576,-0.006414,-0.067042,-0.009774,31.04,66.4127649877442
20672,-8.452048,-3.589832,4.000201,-0.007025,-0.066432,-0.008399,31.04,66.4611737698539
20682,-8.432307,-3.586841,4.022335,-0.008247,-0.063835,-0.008858,31.06,66.3007771111916
20692,-8.426923,-3.588037,4.027719,-0.008552,-0.061545,-0.008399,31.06,66.2622214585121
20702,-8.422735,-3.593421,4.031906,-0.008247,-0.054367,-0.008399,31.02,66.2362586223592
20712,-8.42812,-3.58385,4.0337,-0.008399,-0.050091,-0.007025,31.02,66.2296354859728
20722,-8.413763,-3.583252,4.03729,-0.009468,-0.044288,-0.006414,31.02,66.1797442755721
20732,-8.406584,-3.589832,4.046861,-0.009163,-0.03879,-0.005803,31.04,66.120250348766
20742,-8.399406,-3.588037,4.050451,-0.008858,-0.032681,-0.005498,31.04,66.0844653430612
20752,-8.417951,-3.599404,4.043272,-0.009468,-0.025351,-0.004734,31.03,66.1719789389163
20762,-8.402995,-3.59402,4.054638,-0.009468,-0.018173,-0.00504,31.03,66.0756611568277
20772,-8.407781,-3.591627,4.04387,-0.009468,-0.010079,-0.004581,31.05,66.1401146719287
20782,-8.405987,-3.586243,4.048656,-0.009468,-0.002138,-0.00336,31.05,66.1062986688136
20792,-8.409575,-3.591627,4.053442,-0.009163,0.00504,-0.00336,31.04,66.0937936798426
20802,-8.405388,-3.591627,4.051049,-0.009163,0.012828,-0.003054,31.04,66.0973889705297
20812,-8.408977,-3.596412,4.044468,-0.009927,0.020769,-0.002443,31.04,66.1438886427943
20822,-8.411968,-3.597011,4.048058,-0.009163,0.029474,-0.00168,31.04,66.1320004304242
20832,-8.408977,-3.59043,4.037888,-0.009163,0.036499,-0.001985,31.06,66.1729347074807
20842,-8.41137,-3.592225,4.05404,-0.009468,0.043524,-0.002291,31.06,66.095038926126
20852,-8.417352,-3.582056,4.037888,-0.009621,0.050549,-0.003054,31.04,66.1831673314922
20862,-8.416155,-3.589832,4.028317,-0.008399,0.056505,-0.00168,31.04,66.2378539100521
20872,-8.428718,-3.588037,4.015755,-0.009621,0.065973,-0.001069,31.04,66.3287654756696
20882,-8.4347,-3.583252,4.012764,-0.009316,0.069944,-0.001069,31.07,66.3528061290049
20892,-8.442476,-3.58385,4.010969,-0.009163,0.073151,-0.000458,31.07,66.3791857397188
20902,-8.447861,-3.584448,4.009174,-0.00901,0.075442,-0.001374,31.01,66.4004944102668
20912,-8.44128,-3.596412,4.005585,-0.008858,0.076053,-0.001833,31.01,66.41616563112
20922,-8.459825,-3.592225,4.001996,-0.009468,0.076205,-0.001527,31.02,66.470242898098
20932,-8.459825,-3.581457,3.994219,-0.009316,0.075595,-0.001069,31.02,66.5014279195592
20942,-8.469396,-3.592225,3.981059,-0.010232,0.074831,-0.002443,31.04,66.6000682616093
20952,-8.474779,-3.576073,3.973282,-0.010232,0.072388,-0.002596,31.04,66.6378484435529
20962,-8.480762,-3.579663,3.975675,-0.009316,0.069333,-0.003054,31.05,66.6409484941045
20972,-8.480165,-3.586841,3.965506,-0.009774,0.065668,-0.003207,31.05,66.6993875239224
20982,-8.479566,-3.579663,3.951746,-0.010385,0.060476,-0.003207,31.02,66.7641062470251
20992,-8.491529,-3.583252,3.949354,-0.010232,0.055894,-0.003665,31.02,66.8046576480299
21002,-8.489736,-3.584448,3.957729,-0.009621,0.049938,-0.003971,31.05,66.7580098186236
21012,-8.487941,-3.582654,3.955336,-0.009621,0.043371,-0.003512,31.05,66.7652724973557
21022,-8.503493,-3.582056,3.939184,-0.009163,0.036346,-0.004581,31.08,66.8817939023266
21032,-8.496913,-3.594618,3.942773,-0.009163,0.028711,-0.004887,31.08,66.8603064538737
21043,-8.495717,-3.579663,3.938586,-0.009468,0.012828,-0.006567,31.04,66.8667721137959
21052,-8.498708,-3.591029,3.942175,-0.009774,0.004276,-0.007025,31.05,66.8640204612957
21062,-8.492128,-3.580261,3.937988,-0.009163,-0.004429,-0.007789,31.05,66.8630094557795
21072,-8.490931,-3.582056,3.943372,-0.008705,-0.012065,-0.007025,30.99,66.8337994783123
21082,-8.49452,-3.586841,3.939782,-0.008399,-0.020617,-0.008094,30.99,66.864274218524
21092,-8.502296,-3.586243,3.937988,-0.007789,-0.028558,-0.009163,31.02,66.8892489641988
21102,-8.492725,-3.58744,3.951746,-0.007483,-0.036346,-0.00901,31.02,66.7982424099287
21112,-8.480762,-3.593421,3.94397,-0.008247,-0.043982,-0.010385,31.04,66.819541217146
21122,-8.493923,-3.584448,3.954139,-0.007941,-0.051465,-0.010843,31.04,66.7855446915904
21132,-8.484351,-3.582056,3.961318,-0.007941,-0.057574,-0.010537,31.05,66.7258763573225
21142,-8.472386,-3.582654,3.97388,-0.007789,-0.064446,-0.01069,31.05,66.6355175910581
21152,-8.477771,-3.593421,3.970291,-0.00733,-0.06918,-0.010996,31.03,66.6750922853319
21162,-8.462815,-3.591029,3.975077,-0.007025,-0.072998,-0.011454,31.03,66.6166489702193
21172,-8.464012,-3.59043,3.985844,-0.006109,-0.077733,-0.012217,31.07,66.562112738049
21182,-8.460423,-3.585645,3.989433,-0.005498,-0.079565,-0.010996,31.07,66.5315124653021
21192,-8.461619,-3.59043,3.996014,-0.006261,-0.081551,-0.012065,31.03,66.503763790554
21202,-8.443074,-3.591029,4.009772,-0.006261,-0.082161,-0.011912,31.03,66.3931601544416
21212,-8.449057,-3.577868,4.021138,-0.005345,-0.081703,-0.011912,31.04,66.3344320544135
21222,-8.429317,-3.59043,4.009772,-0.005956,-0.078038,-0.010843,31.04,66.3635817955105
21232,-8.426325,-3.59402,4.0337,-0.005498,-0.074373,-0.010537,31.04,66.2350190739843
21242,-8.417951,-3.586841,4.040879,-0.005192,-0.069486,-0.01069,31.07,66.1731048983819
21252,-8.413164,-3.591029,4.037888,-0.005192,-0.063988,-0.009621,31.07,66.182393038838
21262,-8.413763,-3.586841,4.045665,-0.005956,-0.058796,-0.009621,31.05,66.139106980058
21272,-8.407781,-3.605386,4.045067,-0.00672,-0.051618,-0.008552,31.05,66.1463879963474
21282,-8.399406,-3.592225,4.051647,-0.006414,-0.043219,-0.007636,31.04,66.0820227158918
21292,-8.396414,-3.591627,4.054638,-0.007178,-0.034972,-0.008094,31.04,66.0594025165574
21302,-8.398808,-3.58744,4.048058,-0.007178,-0.026878,-0.007178,31.05,66.0951879446054
21312,-8.400003,-3.586841,4.055236,-0.007178,-0.016646,-0.006414,31.05,66.059571131534
21322,-8.402397,-3.586243,4.051049,-0.007789,-0.007941,-0.005345,31.04,66.0860870757569
21332,-8.395817,-3.593421,4.052245,-0.007941,0.001833,-0.004429,31.04,66.0723099239374
21342,-8.409575,-3.591627,4.058825,-0.007789,0.012217,-0.003054,31.05,66.0656106761667
21352,-8.397013,-3.586243,4.062415,-0.009163,0.02138,-0.002596,31.05,66.015009985712
21362,-8.411968,-3.591627,4.048656,-0.009163,0.029932,-0.003207,31.01,66.1239648070372
21372,-8.410771,-3.582654,4.054638,-0.009163,0.039401,-0.00168,31.01,66.0819105077384
21382,-8.417951,-3.595814,4.040879,-0.009621,0.047953,-0.000458,31.02,66.1812498947669
21392,-8.423933,-3.591627,4.043272,-0.010232,0.063377,0.000916,31.03,66.177638590611
21402,-8.42453,-3.59043,4.036094,-0.010996,0.070097,0.000305,31.03,66.2154171869608
21412,-8.438289,-3.589234,4.026522,-0.010232,0.076053,0.001069,31.08,66.2936551278146
21422,-8.437093,-3.58385,4.028317,-0.010079,0.080787,0.001069,31.08,66.2768726086069
21432,-8.432307,-3.58744,4.02413,-0.010843,0.084147,0.000916,31.04,66.2919072417408
21442,-8.440084,-3.585645,4.018147,-0.011148,0.087354,0.001069,31.04,66.3381095296718
21452,-8.441879,-3.59043,4.016951,-0.010843,0.089492,0.001222,31.02,66.3524680862439
21462,-8.452645,-3.581457,4.001996,-0.010385,0.090255,0.001833,31.02,66.4455411080608
21472,-8.459227,-3.589234,3.989433,-0.010385,0.090103,0.002138,31.06,66.5321959431841
21482,-8.468798,-3.583252,3.979264,-0.010537,0.087812,0.002291,31.06,66.6002892080481
21492,-8.475977,-3.591029,3.969095,-0.010385,0.084758,0.000458,31.02,66.6755192006562
21502,-8.475977,-3.585046,3.972684,-0.009927,0.081551,0.000611,31.02,66.6514026337773
21512,-8.487941,-3.580261,3.961318,-0.009927,0.076511,0,31.04,66.731768098074
21522,-8.483154,-3.586841,3.954139,-0.009163,0.071319,-0.000611,31.04,66.7652902399601
21532,-8.485548,-3.580859,3.949354,-0.008858,0.064446,-0.001527,31.06,66.7901534287965
21542,-8.496315,-3.584448,3.945765,-0.008705,0.057269,-0.001527,31.06,66.8344691530376
21552,-8.489137,-3.59043,3.949952,-0.009316,0.049938,-0.002291,31.09,66.8028447002026
21562,-8.509476,-3.586243,3.944568,-0.008094,0.032376,-0.004581,31.09,66.8695345560979
21572,-8.498708,-3.578466,3.93739,-0.007789,0.021991,-0.005345,31.02,66.8782019150167
21582,-8.496913,-3.585046,3.9338,-0.007483,0.012981,-0.005651,31.03,66.899092607811
21592,-8.500502,-3.583252,3.927818,-0.00733,0.003207,-0.00672,31.03,66.9363876269343
21602,-8.49452,-3.593421,3.940979,-0.007483,-0.007483,-0.007789,31.03,66.8637357758917
21612,-8.495717,-3.591029,3.941577,-0.006872,-0.016493,-0.008552,31.03,66.860978120638
21622,-8.498111,-3.581457,3.937988,-0.006872,-0.025351,-0.009316,31.05,66.8764303697344
21632,-8.492725,-3.589832,3.938586,-0.006872,-0.034819,-0.009468,31.05,66.869460129363
21642,-8.501699,-3.578466,3.942773,-0.00672,-0.043982,-0.010843,31.07,66.8561088840272
21652,-8.46461,-3.602395,3.975077,-0.005345,-0.048258,-0.011148,31.07,66.6304845051405
21662,-8.486146,-3.571886,3.951746,-0.002443,-0.04444,-0.009774,31.05,66.7709702322795
21672,-8.500502,-3.573681,3.951149,-0.001222,-0.047189,-0.010385,31.05,66.8054793385263
21682,-8.49452,-3.589234,3.970291,-0.000764,-0.052382,-0.009927,31.05,66.7062577091423
21692,-8.478369,-3.589832,3.965506,-0.001069,-0.058338,-0.010232,31.05,66.6982835539011
21702,-8.469995,-3.58385,3.966702,-0.001833,-0.064141,-0.010537,31.04,66.669273264509
21712,-8.473583,-3.59043,3.976273,-0.001527,-0.067959,-0.011301,31.04,66.6323311688815
21722,-8.454441,-3.584448,3.981657,-0.001833,-0.071013,-0.011148,31.05,66.5587227082301
21732,-8.452645,-3.578466,3.999005,-0.002138,-0.073151,-0.011301,31.05,66.4585636691845
21742,-8.44427,-3.591627,3.999005,-0.002443,-0.073609,-0.011301,31.05,66.4526914806713
21752,-8.444869,-3.588636,4.014558,-0.002902,-0.072693,-0.010843,31.03,66.3697116498055
21762,-8.417951,-3.592823,4.025924,-0.002138,-0.066584,-0.010385,31.03,66.2569282066074
21772,-8.438289,-3.577868,4.018745,-0.001222,-0.056505,-0.009468,31.02,66.3241958355967
21782,-8.430512,-3.579663,4.022933,0,-0.048411,-0.00733,31.02,66.2873745879115
21792,-8.426325,-3.592225,4.035496,-0.000611,-0.043677,-0.00733,31.06,66.2239862358578
21802,-8.420342,-3.58385,4.02413,-0.000916,-0.039859,-0.00733,31.06,66.263297012303
21812,-8.414959,-3.592823,4.03071,-0.002138,-0.034514,-0.007636,31.03,66.2254740165608
21822,-8.421539,-3.589234,4.042076,-0.001985,-0.029322,-0.007789,31.03,66.1766400180126
21832,-8.405388,-3.584448,4.033103,-0.002138,-0.022449,-0.007636,31,66.1849533452377
21842,-8.415558,-3.570091,4.04387,-0.001985,-0.015577,-0.007025,31,66.1371474674057
21852,-8.420342,-3.580261,4.049852,-0.002138,-0.008858,-0.006567,31.02,66.1252317060928
21862,-8.403594,-3.585046,4.039683,-0.002902,-0.001374,-0.006261,31.02,66.1471485420536
21872,-8.416155,-3.595814,4.040879,-0.003207,0.006414,-0.007025,31.03,66.1774300473869
21882,-8.412566,-3.588636,4.040281,-0.003207,0.013897,-0.007025,31.03,66.16640206753
21892,-8.416754,-3.581457,4.038486,-0.003512,0.021228,-0.006872,31.06,66.1782165091203
21902,-8.407183,-3.574877,4.048058,-0.003971,0.028711,-0.006567,31.06,66.1016451768851
21912,-8.416754,-3.582056,4.026522,-0.003971,0.042608,-0.005803,31.04,66.2415042135895
21922,-8.421539,-3.59043,4.031308,-0.004276,0.048258,-0.006261,31.07,66.2341460032576
21932,-8.428718,-3.582654,4.017549,-0.004581,0.05284,-0.006567,31.07,66.3145057950571
21942,-8.433504,-3.580859,4.017549,-0.004429,0.057269,-0.007025,31.04,66.323025424993
21952,-8.4347,-3.585645,4.022335,-0.004429,0.062614,-0.00733,31.04,66.3047670983916
21962,-8.454441,-3.586841,4.009772,-0.004734,0.065973,-0.006109,31.04,66.4133657484854
21972,-8.453244,-3.572484,4.001398,-0.004429,0.068111,-0.007483,31.04,66.4419425834216
21982,-8.447262,-3.576672,3.996014,-0.00504,0.069333,-0.007483,31.06,66.4613283071127
21992,-8.459825,-3.585046,3.994817,-0.004887,0.069333,-0.00733,31.06,66.5014834995083
22002,-8.456833,-3.57727,3.99063,-0.005345,0.06857,-0.008247,31.07,66.5102527994126
22012,-8.461619,-3.58385,3.987639,-0.005192,0.067501,-0.008858,31.07,66.5418382706818
22022,-8.46461,-3.580261,3.981059,-0.005192,0.06521,-0.008552,31.03,66.579455159748
22032,-8.47119,-3.579663,3.986442,-0.005345,0.062766,-0.008399,31.03,66.5644608551218
22042,-8.483753,-3.585046,3.973282,-0.005345,0.058185,-0.008552,31,66.6644806390617
22052,-8.478369,-3.588636,3.961916,-0.005192,0.053145,-0.009316,31,66.7160775653781
22062,-8.481958,-3.58744,3.961916,-0.005192,0.048258,-0.009468,31.04,66.7224917026698
22072,-8.496315,-3.601198,3.957131,-0.005192,0.042455,-0.010232,31.04,66.7894845513998
22082,-8.495717,-3.586841,3.955934,-0.004734,0.028711,-0.010385,31.05,66.7819396509815
22092,-8.489137,-3.592823,3.951149,-0.005192,0.020922,-0.012065,31.07,66.7986574429577
22102,-8.489736,-3.59043,3.946961,-0.005345,0.013439,-0.012217,31.07,66.8197953421083
22112,-8.495118,-3.585046,3.947559,-0.005192,0.006109,-0.01237,31.04,66.8230915270057
22122,-8.488539,-3.6006,3.955934,-0.005192,-0.002443,-0.012675,31.04,66.7791294902712
22132,-8.488539,-3.579065,3.948158,-0.003971,-0.009163,-0.012828,30.99,66.8010751076985
22145,-8.49452,-3.588636,3.954139,-0.003971,-0.016493,-0.013439,30.99,66.7904495175025
22152,-8.487342,-3.583252,3.955934,-0.00336,-0.024587,-0.014203,31.02,66.7614125241541
22162,-8.476574,-3.59043,3.966104,-0.003818,-0.030696,-0.015424,31.02,66.6919340611862
22172,-8.48136,-3.602993,3.962514,-0.003818,-0.037415,-0.014966,31.08,66.7318125601401
22182,-8.482555,-3.592823,3.961318,-0.002902,-0.043982,-0.015119,31.08,66.7316094710919
22192,-8.479566,-3.589832,3.964309,-0.00336,-0.049175,-0.01573,31.04,66.7070585742572
22202,-8.468798,-3.59402,3.972684,-0.002596,-0.054367,-0.015272,31.04,66.6443566922254
22212,-8.458628,-3.58744,3.970889,-0.001833,-0.057727,-0.015577,31.02,66.6267120929667
22222,-8.472985,-3.589832,3.985844,-0.001985,-0.06185,-0.015272,31.02,66.5803564942191
22232,-8.46461,-3.595814,3.978666,-0.001527,-0.064446,-0.015424,31.04,66.6058060130936
22242,-8.453244,-3.599404,4.001398,-0.000764,-0.066279,-0.014966,31.04,66.4659660723003
22252,-8.44427,-3.600002,4.006183,-0.001069,-0.067195,-0.014203,31.01,66.4225473560603
22262,-8.448458,-3.604189,4.007978,-0.000305,-0.066279,-0.014508,31.11,66.4257073101124
22272,-8.419745,-3.605386,4.026522,-0.000153,-0.064752,-0.013439,31.11,66.268983714522
22282,-8.437692,-3.592823,4.026522,-0.000305,-0.062614,-0.012217,31.09,66.295624106078
22292,-8.422735,-3.591627,4.033103,-0.000611,-0.059712,-0.010232,31.09,66.2283610257359
22302,-8.429317,-3.596412,4.034299,-0.000764,-0.055894,-0.010232,31.06,66.2403924300282
22312,-8.413164,-3.589234,4.031308,-0.000916,-0.051618,-0.010385,31.06,66.2152667557807
22322,-8.417951,-3.59043,4.041477,-0.000916,-0.04612,-0.009316,31.06,66.1732282909746
22332,-8.408977,-3.58744,4.040281,0,-0.040623,-0.007941,31.06,66.1576684643362
22342,-8.410771,-3.600002,4.0337,-0.000458,-0.033903,-0.00672,31.05,66.2074170879497
22352,-8.404191,-3.595814,4.049852,-0.000458,-0.027642,-0.005956,31.05,66.1049269265592
22362,-8.410173,-3.6006,4.052245,-0.000916,-0.020464,-0.005651,31.04,66.1095224417527
22372,-8.397013,-3.594618,4.049852,-0.001374,-0.013286,-0.004429,31.04,66.0885056902172
22382,-8.404789,-3.607778,4.057031,-0.002443,-0.005956,-0.004276,31.05,66.0795476285541
22392,-8.406584,-3.586841,4.055834,-0.002749,0.002138,-0.002749,31.05,66.0705127993681
22402,-8.406584,-3.589234,4.049254,-0.002443,0.010385,-0.002138,31.04,66.1071651977273
22412,-8.397013,-3.592225,4.043272,-0.003054,0.01741,-0.002596,31.04,66.1208226294283
22422,-8.401799,-3.597011,4.050451,-0.003818,0.025504,-0.000764,31.01,66.0977761601317
22432,-8.397612,-3.59402,4.048656,-0.003665,0.041233,-0.000305,31.01,66.0955085137558
22442,-8.412566,-3.591029,4.042674,-0.003054,0.048258,0,31.01,66.1560354044517
22452,-8.417951,-3.595216,4.04387,-0.00336,0.055283,0.000611,31.03,66.1650402076284
22462,-8.413164,-3.598805,4.045067,-0.003971,0.061392,0.001069,31.03,66.1518474626121
22472,-8.420941,-3.58744,4.029513,-0.003512,0.066737,0.000916,31.01,66.2395809482199
22482,-8.426923,-3.59043,4.021138,-0.003818,0.071471,0.000611,31.01,66.2988870471778
22492,-8.434101,-3.586841,4.017549,-0.00336,0.075442,0.001222,31.05,66.3296679456396
22502,-8.445468,-3.591029,4.011567,-0.00336,0.077733,0.000153,31.05,66.3887979119742
22512,-8.44128,-3.58385,4.004389,-0.004276,0.080481,0.000611,31.04,66.4111788418164
22522,-8.440084,-3.586841,4.004389,-0.003971,0.082161,0.000458,31.04,66.4113359243621
22532,-8.460423,-3.588636,4.001996,-0.003971,0.082161,0,31.02,66.4682994737475
22542,-8.453843,-3.589832,3.987639,-0.003665,0.080481,-0.000764,31.02,66.5308512480165
22552,-8.472386,-3.591627,3.982255,-0.003971,0.079871,-0.000305,31.07,66.5995133905951
22562,-8.468199,-3.594618,3.980461,-0.003971,0.077885,-0.000916,31.07,66.6028257632802
22572,-8.469995,-3.583252,3.978068,-0.003512,0.074067,-0.002138,31.04,66.6090688809325
22582,-8.476574,-3.585645,3.972086,-0.003512,0.068417,-0.003054,31.04,66.6563148461552
22592,-8.490333,-3.580261,3.956532,-0.002443,0.063683,-0.002596,31.07,66.7618641731735
22602,-8.491529,-3.581457,3.957131,-0.003207,0.04948,-0.004887,31.07,66.762251293895
22612,-8.490931,-3.57727,3.949354,-0.003512,0.042455,-0.005192,31.04,66.7981851868776
22622,-8.495118,-3.569493,3.948756,-0.003512,0.034208,-0.005803,31.09,66.8032252820069
22632,-8.498111,-3.579065,3.947559,-0.00336,0.025962,-0.00672,31.09,66.8240682585301
22642,-8.493324,-3.586243,3.948756,-0.00336,0.017562,-0.00733,31.03,66.814135840242
22652,-8.506484,-3.582056,3.941577,-0.003665,0.008399,-0.008094,31.03,66.8754082451508
22662,-8.501101,-3.588636,3.942175,-0.004276,-0.000153,-0.008705,31.02,66.8668774483909
22672,-8.499306,-3.574877,3.949354,-0.002902,-0.008094,-0.009163,31.02,66.8134664048177
22682,-8.501699,-3.570091,3.941577,-0.003054,-0.016035,-0.009774,31.01,66.8551033095323
22692,-8.496315,-3.57069,3.940381,-0.003971,-0.024129,-0.010843,31.01,66.8507581680334
22702,-8.495717,-3.578466,3.951746,-0.003054,-0.031307,-0.011301,31.03,66.7965973422331
22712,-8.489137,-3.576672,3.95055,-0.003207,-0.038179,-0.012065,31.03,66.7876552954998
22722,-8.487342,-3.591029,3.953541,-0.003818,-0.045051,-0.013439,31.04,66.7808011548346
22732,-8.471789,-3.581457,3.966104,-0.003971,-0.05116,-0.013897,31.04,66.6740456951164
22742,-8.478369,-3.586841,3.973282,-0.003665,-0.055894,-0.014355,31,66.654838242228
22752,-8.475378,-3.57727,3.972684,-0.003971,-0.059712,-0.014661,31,66.6432939280468
22762,-8.472386,-3.579065,3.979264,-0.004123,-0.064294,-0.015882,31.04,66.6040910516771
22772,-8.453843,-3.59043,3.989433,-0.003665,-0.067959,-0.015424,31.04,66.5219682584761
22782,-8.445468,-3.586243,3.989433,-0.003665,-0.068111,-0.015272,31.02,66.5006471190317
22792,-8.455039,-3.59043,4.001398,-0.003971,-0.06857,-0.016035,31.02,66.4617194931711
22802,-8.446067,-3.585645,4.009772,-0.004123,-0.067195,-0.016341,31.02,66.3946472912358
22812,-8.44427,-3.59402,4.012764,-0.004581,-0.065821,-0.015424,31.03,66.3826807938526
22822,-8.431709,-3.582654,4.010371,-0.003665,-0.063377,-0.014661,31.03,66.3585015330483
22832,-8.430512,-3.593421,4.013362,-0.004581,-0.060781,-0.016188,31.02,66.3499632791497
22842,-8.427522,-3.586243,4.021138,-0.004581,-0.057116,-0.016493,31.02,66.2963791774116
22852,-8.422137,-3.585645,4.026522,-0.004123,-0.052993,-0.015577,31.05,66.256181947006
22862,-8.415558,-3.59402,4.034897,-0.00504,-0.04948,-0.016493,31.05,66.2058801301532
22872,-8.420342,-3.585645,4.028915,-0.004734,-0.044899,-0.016493,31.02,66.2398208265695
22882,-8.417352,-3.589234,4.034897,-0.004429,-0.038943,-0.014508,31.02,66.2053521044808
22892,-8.417951,-3.592225,4.039085,-0.004429,-0.032834,-0.013592,31.02,66.1873900244413
22902,-8.412566,-3.588636,4.050451,-0.003665,-0.02642,-0.013439,31.02,66.113116179437
22912,-8.405388,-3.597011,4.044468,-0.003971,-0.020006,-0.012981,31,66.1367863591858
22922,-8.41137,-3.591627,4.045067,-0.003818,-0.013286,-0.01237,31,66.1414919048866
22932,-8.408379,-3.596412,4.046861,-0.004734,-0.005803,-0.011606,31.01,66.130075911767
22942,-8.412566,-3.588636,4.043272,-0.003665,0.000916,-0.010537,31.01,66.1507261218211
22952,-8.400601,-3.588636,4.061816,-0.004276,0.01405,-0.010385,31.01,66.0280233590172
22962,-8.401799,-3.600002,4.048656,-0.004123,0.021075,-0.009316,31.07,66.1099160171908
22972,-8.405388,-3.597011,4.039085,-0.004734,0.027489,-0.008858,31.07,66.1650057438797
22982,-8.410173,-3.592225,4.040281,-0.003971,0.034667,-0.007483,31.01,66.1645682860716
22992,-8.419745,-3.59402,4.042076,-0.004276,0.039401,-0.007789,31.01,66.1771661847893
23002,-8.413164,-3.595814,4.042076,-0.004276,0.044899,-0.007483,31.09,66.1647941969345
23012,-8.414959,-3.595814,4.038486,-0.004734,0.049786,-0.005956,31.09,66.1874250404829
23022,-8.420342,-3.59402,4.027121,-0.004581,0.053909,-0.00504,31,66.2568075234188
23032,-8.435897,-3.591627,4.02413,-0.004276,0.058338,-0.004429,31,66.3032797866969
23042,-8.4347,-3.591627,4.025924,-0.004734,0.060628,-0.004429,31,66.2913465972615
23052,-8.444869,-3.601796,4.015156,-0.004123,0.062766,-0.00336,31,66.3783935781921
23062,-8.440084,-3.594618,4.016353,-0.004276,0.064141,-0.001985,31.03,66.3555756343995
23072,-8.449656,-3.589832,4.014558,-0.00504,0.064446,-0.002596,31.03,66.3808818146002
23082,-8.454441,-3.596412,3.996014,-0.00504,0.064141,-0.002902,31.04,66.4940342308108
23092,-8.454441,-3.583252,3.992425,-0.004887,0.063683,-0.001527,31.04,66.5011284506725
23102,-8.455637,-3.588037,3.99063,-0.004887,0.062308,-0.001069,31.06,66.5173195700866
23112,-8.464012,-3.586841,3.985844,-0.004734,0.060323,-0.001069,31.06,66.558926213039
23122,-8.475378,-3.591627,3.978068,-0.00504,0.05452,-0.001374,30.98,66.6277201634488
23132,-8.469396,-3.589832,3.970889,-0.004734,0.050244,-0.001833,31.03,66.6513213738546
23142,-8.475977,-3.59402,3.97388,-0.004276,0.045662,-0.001374,31.03,66.6530533682711
23152,-8.48136,-3.59043,3.967898,-0.00504,0.04047,-0.000916,31.07,66.6924837311638
23162,-8.485548,-3.585046,3.967898,-0.004734,0.036194,-0.001222,31.07,66.6964619831613
23172,-8.478967,-3.592823,3.963113,-0.004276,0.030085,-0.001985,31.02,66.7147264267046
23182,-8.475378,-3.58744,3.963113,-0.003818,0.023976,-0.001069,31.02,66.7025113227676
23192,-8.474181,-3.588037,3.9673,-0.003665,0.019395,-0.002138,31.05,66.6785580111137
23202,-8.477771,-3.580859,3.966104,-0.003512,0.013744,-0.002902,31.05,66.6859932780644
23212,-8.488539,-3.592225,3.963711,-0.004123,0.007178,-0.002902,31.04,66.7309607194632
23222,-8.476574,-3.585046,3.967898,-0.003512,0.002291,-0.00336,31.04,66.6777682738139
23232,-8.481958,-3.591029,3.9673,-0.002443,-0.002596,-0.003665,31.07,66.6973940274742
23242,-8.474779,-3.584448,3.958925,-0.003054,-0.008094,-0.004276,31.07,66.7206271362024
23252,-8.489736,-3.584448,3.971487,-0.001833,-0.013286,-0.003971,31.03,66.6858303677797
23262,-8.475378,-3.578466,3.966702,-0.001833,-0.018021,-0.005498,31.03,66.6757558609455
23272,-8.477771,-3.577868,3.974478,-0.002291,-0.022449,-0.005956,31.05,66.6394026707943
23282,-8.473583,-3.582654,3.970889,-0.001833,-0.026267,-0.006567,31.05,66.6537178266423
23292,-8.475977,-3.584448,3.975675,-0.001985,-0.032376,-0.006109,31.04,66.6351800923767
23302,-8.456833,-3.592823,3.988237,-0.001374,-0.035736,-0.007178,31.04,66.5366466322591
23312,-8.460423,-3.573681,3.978068,-0.001833,-0.038637,-0.007941,31.04,66.5805622585158
23322,-8.462217,-3.589234,3.987041,-0.002291,-0.040775,-0.00733,31.04,66.5510115149542
23332,-8.467003,-3.571886,3.993621,-0.001374,-0.042302,-0.007789,31.04,66.5111442027721
23342,-8.46102,-3.588037,3.985246,-0.001833,-0.043982,-0.008552,31.05,66.5568585735866
23352,-8.458031,-3.589234,3.994817,-0.001527,-0.043677,-0.009316,31.05,66.5014456847771
23362,-8.452048,-3.582654,4.001398,-0.001985,-0.04444,-0.00901,31.02,66.4484886011637
23372,-8.433504,-3.577868,4.004389,-0.002138,-0.043982,-0.009468,31.02,66.3894042009711
23382,-8.440084,-3.584448,4.005585,-0.002596,-0.042761,-0.010232,31.02,66.4029159766571
23392,-8.443074,-3.582056,4.002594,-0.002443,-0.040928,-0.01069,31.02,66.4227755061921
23402,-8.437093,-3.582056,4.015156,-0.003207,-0.039095,-0.010232,31.07,66.3442451139809
23412,-8.430512,-3.583252,4.009772,-0.003665,-0.036041,-0.011454,31.07,66.359651760934
23422,-8.426923,-3.58744,4.016951,-0.003971,-0.033292,-0.010996,31.04,66.3181533115685
23432,-8.418548,-3.591029,4.022933,-0.004429,-0.029016,-0.010843,31.04,66.2722611432267
23442,-8.422735,-3.589832,4.020541,-0.004429,-0.025045,-0.011454,31.05,66.2926057129289
23452,-8.428718,-3.58744,4.034897,-0.003971,-0.020311,-0.010385,31.05,66.2278771308627
23462,-8.427522,-3.582654,4.034299,-0.004734,-0.014813,-0.010996,31.04,66.224146628107
23472,-8.420342,-3.59043,4.022933,-0.004734,-0.004581,-0.010385,31.04,66.2755243206192
23482,-8.422137,-3.581457,4.034299,-0.004887,0.000916,-0.010843,31.04,66.2116196624521
23492,-8.418548,-3.58385,4.027719,-0.005192,0.006414,-0.01069,31.05,66.2406591095958
23502,-8.423334,-3.583252,4.031906,-0.005345,0.011606,-0.01069,31.05,66.2283309481666
23512,-8.42812,-3.58744,4.031308,-0.005803,0.017104,-0.009927,31.01,66.2454115576193
23522,-8.410771,-3.589832,4.02413,-0.005956,0.021686,-0.010385,31.01,66.2483866094166
23532,-8.425129,-3.592823,4.018147,-0.00504,0.026267,-0.010843,31,66.3129364193856
23542,-8.438888,-3.592225,4.021138,-0.005498,0.031765,-0.010232,31,66.3258211816287
23552,-8.435897,-3.586243,4.026522,-0.005803,0.035277,-0.011606,31.06,66.2858974302449
23562,-8.436494,-3.581457,4.01396,-0.005345,0.039095,-0.010232,31.06,66.3487136619363
23572,-8.442476,-3.59043,4.008576,-0.004887,0.042608,-0.010079,31.05,66.397633477238
23582,-8.433504,-3.581457,4.009174,-0.004734,0.044746,-0.009927,31.05,66.3675038292166
23592,-8.428718,-3.589832,4.001398,-0.004581,0.047342,-0.009927,31.03,66.4057442969433
23602,-8.443074,-3.592225,4.005585,-0.004887,0.048258,-0.010079,31.03,66.4161895507194
23612,-8.447262,-3.589234,3.998407,-0.004734,0.049786,-0.010079,31.03,66.4599840241844
23622,-8.455039,-3.591029,3.994219,-0.004123,0.04948,-0.009163,31.03,66.4999011244068
23632,-8.461619,-3.599404,3.985246,-0.004429,0.048411,-0.009316,31.01,66.5682195753996
23642,-8.468199,-3.604189,3.988835,-0.004887,0.045815,-0.010079,31,66.5674179067755
23652,-8.465807,-3.591627,3.975675,-0.004276,0.042913,-0.009163,31,66.620291627879
23662,-8.468199,-3.588037,3.981657,-0.00504,0.039859,-0.009468,31.02,66.5907170319687
23672,-8.484949,-3.575475,3.97388,-0.004429,0.036041,-0.009316,31.02,66.6554160523816
23682,-8.474181,-3.593421,3.969693,-0.003971,0.03146,-0.009163,30.99,66.6707507908249
23692,-8.482555,-3.592823,3.969693,-0.004123,0.026878,-0.009468,30.99,66.6876633042675
23702,-8.472386,-3.580261,3.974478,-0.004276,0.021991,-0.008247,31.02,66.6302655122249
23712,-8.473583,-3.592823,3.963711,-0.003818,0.01573,-0.008552,31.02,66.7003818130568
23722,-8.48136,-3.589234,3.967898,-0.004429,0.010996,-0.007941,31.02,66.6914298458574
23732,-8.476574,-3.581457,3.975675,-0.004887,0.005956,-0.008552,31.02,66.6337868232936
23742,-8.480165,-3.589234,3.970291,-0.005345,-0.000458,-0.008399,31.04,66.6763850043728
23752,-8.478369,-3.594618,3.972684,-0.004887,-0.006261,-0.008247,31.04,66.6648408237913
23762,-8.46461,-3.591029,3.967898,-0.004887,-0.012065,-0.008247,31.06,66.6581010044475
23772,-8.475378,-3.580859,3.966104,-0.005192,-0.017715,-0.008094,31.06,66.6810042278534
23782,-8.475977,-3.586841,3.972086,-0.004429,-0.022144,-0.008705,31.04,66.6561250731424
23792,-8.465807,-3.586841,3.970291,-0.004429,-0.026878,-0.008399,31.04,66.6443235876585
23802,-8.46461,-3.592225,3.99063,-0.004734,-0.030696,-0.007636,31.06,66.5398590730552
23812,-8.465208,-3.591029,3.986442,-0.003818,-0.037415,-0.007483,31.06,66.5620116847103
23822,-8.468798,-3.592225,3.987041,-0.003818,-0.040317,-0.006567,31.04,66.5674449956859
23832,-8.458031,-3.58744,4.0008,-0.003512,-0.041692,-0.00733,30.98,66.4684760246961
23842,-8.458628,-3.591627,3.988835,-0.003512,-0.042913,-0.006872,30.98,66.5362068830675
23852,-8.450851,-3.595814,4.004389,-0.002443,-0.043982,-0.007789,30.97,66.4420459721788
23862,-8.445468,-3.589234,4.006782,-0.002596,-0.043677,-0.006414,30.97,66.4122764397843
23872,-8.440681,-3.59043,4.001996,-0.002749,-0.043066,-0.006261,31.06,66.4283676054432
23882,-8.436494,-3.593421,4.009772,-0.002138,-0.041233,-0.006109,31.06,66.3814276871626
23892,-8.4347,-3.588636,4.016353,-0.001985,-0.039554,-0.006567,31.02,66.3388211212524
23902,-8.435897,-3.59043,4.011567,-0.001374,-0.036957,-0.00672,31.02,66.3680639087733
23912,-8.429317,-3.597011,4.015156,-0.001527,-0.034361,-0.006872,31.03,66.3412631580512
23922,-8.42453,-3.583252,4.019344,-0.001069,-0.02978,-0.007025,31.03,66.2967524376977
23932,-8.428718,-3.588037,4.030112,-0.000916,-0.025656,-0.006567,31.02,66.2534867303422
23942,-8.423933,-3.582654,4.034897,-0.001069,-0.021228,-0.006414,31.02,66.2133860407555
23952,-8.434101,-3.591029,4.024727,-0.001069,-0.016799,-0.006567,31.02,66.2958116119512
23962,-8.420342,-3.591029,4.024727,-0.001527,-0.011606,-0.005956,31.02,66.2666555860128
23972,-8.428718,-3.595216,4.027719,-0.001374,-0.006109,-0.005803,31.04,66.2725117723261
23982,-8.425727,-3.58744,4.033103,-0.001527,0.004581,-0.005498,31.04,66.230925889242
23992,-8.423334,-3.581457,4.03071,-0.001374,0.010385,-0.004581,31.07,66.2329790747672
24002,-8.416155,-3.577868,4.028317,-0.001833,0.014661,-0.00504,31.05,66.227024761453
24012,-8.422735,-3.583252,4.018745,-0.00168,0.020617,-0.00504,31.05,66.2960902086772
24022,-8.431709,-3.591627,4.022335,-0.001985,0.025045,-0.00504,31.06,66.3038241553714
24032,-8.429317,-3.573681,4.021138,-0.002902,0.029016,-0.004734,31.06,66.288872646051
24042,-8.435897,-3.58744,4.022933,-0.003207,0.033598,-0.005345,31.06,66.3057821708138
24052,-8.421539,-3.579663,4.026522,-0.00336,0.037721,-0.005192,31.06,66.2495085174514
24062,-8.426325,-3.583252,4.016353,-0.003207,0.041386,-0.004429,31.04,66.3162510925389
24072,-8.442476,-3.586841,4.016951,-0.004123,0.04383,-0.004429,31.04,66.3505067268749
24082,-8.437692,-3.583252,4.007978,-0.003665,0.046273,-0.003665,31.05,66.3842387680134
24092,-8.443673,-3.592225,4.009174,-0.003512,0.048869,-0.004123,31.05,66.3986311236923
24102,-8.442476,-3.584448,4.018147,-0.004276,0.050549,-0.004123,31.04,66.3420909273028
24112,-8.437093,-3.592225,3.998407,-0.00504,0.05116,-0.004887,31.04,66.4412564320753
24122,-8.453244,-3.585645,3.997808,-0.005651,0.051771,-0.003971,31.03,66.4725028124221
24132,-8.462815,-3.57727,4.00379,-0.005651,0.051618,-0.004734,31.03,66.4538083480616
24146,-8.454441,-3.581457,3.997808,-0.005345,0.049633,-0.005498,31.03,66.4712868179916
24152,-8.463414,-3.58385,3.986442,-0.005345,0.049633,-0.004734,31.03,66.5518813760015
24162,-8.47119,-3.582056,3.966104,-0.004887,0.045815,-0.005651,30.97,66.6733243942094
24172,-8.471789,-3.586243,3.980461,-0.00504,0.043066,-0.005956,31.03,66.602909016436
24182,-8.474181,-3.579663,3.974478,-0.004887,0.039859,-0.006414,31.03,66.6334876573108
24192,-8.482555,-3.57727,3.961916,-0.005345,0.035888,-0.00733,31.04,66.7147951242023
24202,-8.478967,-3.577868,3.961916,-0.00504,0.03207,-0.007789,31.04,66.7078474521088
24212,-8.490931,-3.579065,3.965506,-0.004887,0.026725,-0.007941,31.09,66.714961294097
24222,-8.484949,-3.582056,3.970291,-0.004734,0.022297,-0.008094,31.09,66.680030447641
24232,-8.468798,-3.588037,3.955934,-0.004123,0.016952,-0.008552,31.05,66.7270574062712
24242,-8.474779,-3.582654,3.953541,-0.004581,0.011759,-0.00901,31.05,66.7473432584776
24252,-8.483753,-3.588037,3.96072,-0.004123,0.006109,-0.009468,31.07,66.7330281601731
24262,-8.478369,-3.586243,3.972086,-0.00336,0.000611,-0.010079,31.07,66.660585894238
24272,-8.486146,-3.576672,3.955336,-0.003818,-0.006261,-0.010385,31.04,66.7562997229553
24282,-8.486743,-3.579065,3.964907,-0.003818,-0.011606,-0.011148,31.04,66.7093887749631
24292,-8.489736,-3.592225,3.964907,-0.004276,-0.01741,-0.011912,31.04,66.7271739352863
24302,-8.480762,-3.583252,3.963113,-0.003512,-0.021686,-0.011454,31.04,66.7100342627229
24312,-8.476574,-3.588037,3.9673,-0.003971,-0.027489,-0.012675,31.07,66.6835449237349
24322,-8.47119,-3.597609,3.963711,-0.003665,-0.032529,-0.012675,31.07,66.6996279902922
24332,-8.473583,-3.596412,3.987041,-0.003512,-0.040164,-0.012828,31.06,66.5811644029577
24342,-8.469396,-3.594618,3.98405,-0.003054,-0.043524,-0.012981,31,66.5865028813391
24352,-8.464012,-3.595814,3.982853,-0.00336,-0.046578,-0.013592,31,66.5825863860294
24362,-8.467003,-3.591029,3.99063,-0.003054,-0.048717,-0.013134,31.03,66.5438084643895
24372,-8.44427,-3.585645,3.992425,-0.00336,-0.051313,-0.013897,31.03,66.4818823222757
24382,-8.446664,-3.59043,3.996612,-0.003665,-0.051618,-0.01405,31.04,66.4692141005593
24392,-8.447262,-3.591627,4.009174,-0.003665,-0.051618,-0.013439,31.04,66.4056589170505
24402,-8.449656,-3.58744,4.004389,-0.003818,-0.051465,-0.013744,31.05,66.4320414723891
24412,-8.432307,-3.585645,4.010969,-0.004276,-0.049938,-0.013134,31.05,66.3593154504442
24422,-8.435298,-3.589234,4.019344,-0.004123,-0.047647,-0.01237,31,66.3249415627781
24432,-8.436494,-3.586841,4.022335,-0.003665,-0.044135,-0.01237,31,66.3096406985545
24442,-8.434101,-3.592823,4.021138,-0.004429,-0.04215,-0.013592,31.03,66.3162376860299
24452,-8.42453,-3.584448,4.033103,-0.004581,-0.037874,-0.012065,31.03,66.2256787786572
24462,-8.423933,-3.588636,4.031906,-0.003512,-0.03375,-0.011454,31.03,66.2344713224922
24472,-8.423334,-3.586243,4.035496,-0.003818,-0.029627,-0.010537,31.03,66.2122198736547
24482,-8.423933,-3.593421,4.024727,-0.003665,-0.025351,-0.010843,31.05,66.2764331583778
24492,-8.418548,-3.586243,4.043272,-0.003054,-0.018937,-0.010385,31.05,66.1612961206618
24502,-8.416155,-3.597609,4.027719,-0.003665,-0.007636,-0.009316,31.07,66.2480406666315
24512,-8.417352,-3.592823,4.038486,-0.002749,-0.001069,-0.008552,31.01,66.1897975968979
24522,-8.421539,-3.591029,4.035496,-0.003054,0.005651,-0.00733,31.01,66.2127388405875
24532,-8.431709,-3.589832,4.034897,-0.003054,0.010537,-0.00733,31.04,66.2363859343909
24542,-8.423933,-3.592225,4.039085,-0.002902,0.015882,-0.00733,31.04,66.200106939087
24552,-8.429317,-3.588636,4.036692,-0.003207,0.021075,-0.006414,31.04,66.2208279193386
24562,-8.423334,-3.589832,4.038486,-0.00336,0.026114,-0.005651,31.04,66.1998035171159
24572,-8.418548,-3.594618,4.040281,-0.003512,0.030696,-0.005651,31.05,66.1845658845926
24582,-8.439486,-3.597011,4.034299,-0.003207,0.035736,-0.005651,31.05,66.2624796493912
24592,-8.422735,-3.595814,4.018147,-0.003512,0.040164,-0.005192,31.06,66.3105700858192
24602,-8.430512,-3.593421,4.027719,-0.003665,0.043371,-0.004734,31.06,66.2746909760279
24612,-8.432905,-3.597609,4.026522,-0.00336,0.046426,-0.004429,31.07,66.2898108308573
24622,-8.436494,-3.596412,4.010371,-0.003512,0.049022,-0.00336,31.07,66.3809751051942
24632,-8.450253,-3.589832,4.016353,-0.004581,0.051618,-0.003512,31.05,66.3727374051469
24642,-8.441879,-3.584448,4.005585,-0.003971,0.052687,-0.003818,31.05,66.4067024141415
24652,-8.449656,-3.585046,4.012764,-0.003665,0.052993,-0.002291,31.05,66.3859970119448
24662,-8.443074,-3.586841,4.000201,-0.004429,0.054214,-0.00336,31.05,66.4396143279449
24672,-8.458628,-3.588037,3.99063,-0.003971,0.054062,-0.003207,31.06,66.5235949889714
24682,-8.458031,-3.584448,3.991228,-0.003971,0.051465,-0.002902,31.06,66.5160120316954
24692,-8.459227,-3.585645,3.989433,-0.004429,0.049938,-0.003818,31.06,66.5290039839898
24702,-8.470592,-3.580859,3.985246,-0.003971,0.046578,-0.003054,31.05,66.5705401478685
24712,-8.47119,-3.586841,3.979264,-0.003665,0.043524,-0.002902,31.05,66.60846602795
24722,-8.475977,-3.573681,3.973282,-0.003665,0.039859,-0.003512,31.06,66.638243444779
24732,-8.474779,-3.588636,3.967898,-0.003665,0.03543,-0.003818,31.06,66.6771935321047
24742,-8.469995,-3.586841,3.970291,-0.003054,0.031154,-0.003665,31.02,66.6530667632466
24752,-8.474779,-3.591627,3.963113,-0.003818,0.02642,-0.004123,31.02,66.7049565621816
24762,-8.479566,-3.582056,3.967898,-0.003512,0.021533,-0.004276,31.05,66.6813704605909
24772,-8.483753,-3.58385,3.966104,-0.002902,0.016188,-0.004123,31.05,66.7010868097185
24782,-8.476574,-3.592823,3.961318,-0.00336,0.011301,-0.004887,31.04,66.7191728694715
24792,-8.471789,-3.574877,3.9673,-0.003207,0.006109,-0.004887,31.04,66.6619625230038
24802,-8.481958,-3.581457,3.96072,-0.002291,0.000153,-0.005803,31.07,66.7235108020246
24812,-8.490333,-3.583252,3.966104,-0.002749,-0.005345,-0.006414,31.07,66.714253859561
24822,-8.487941,-3.574877,3.964907,-0.002749,-0.010232,-0.005345,31.09,66.7082082607337
24832,-8.484351,-3.578466,3.966702,-0.002443,-0.01573,-0.006414,31.09,66.694460963924
24842,-8.484351,-3.585046,3.97388,-0.002443,-0.0197,-0.007483,31.01,66.6625907182239
24852,-8.460423,-3.580859,3.97747,-0.002443,-0.027794,-0.007941,31.06,66.5900616997844
24862,-8.472985,-3.585645,3.969095,-0.002291,-0.030543,-0.007941,31.06,66.6645285927362
24872,-8.471789,-3.582056,3.970889,-0.002291,-0.034056,-0.008247,31.08,66.6494451517405
24882,-8.467003,-3.578466,3.980461,-0.002596,-0.036499,-0.007789,31.08,66.5860156472298
24892,-8.468798,-3.578466,3.986442,-0.002138,-0.037874,-0.008247,31.04,66.5583908996602
24902,-8.457432,-3.59043,3.991228,-0.002596,-0.039095,-0.008399,31.04,66.5200791699686
24912,-8.453843,-3.59043,3.991827,-0.003207,-0.040317,-0.009621,31.04,66.5094056187841
24922,-8.452048,-3.573681,3.986442,-0.003207,-0.040164,-0.008858,31.04,66.518998313673
24932,-8.438888,-3.578466,3.992425,-0.003054,-0.03879,-0.009774,31.05,66.464139878912
24942,-8.4347,-3.584448,4.001996,-0.002749,-0.038026,-0.010385,31.05,66.4103942156601
24952,-8.449057,-3.579065,4.013362,-0.003054,-0.036652,-0.010232,31.05,66.3762487590324
24962,-8.434101,-3.595216,4.008576,-0.003818,-0.035277,-0.010843,31.05,66.3842660956119
24972,-8.4347,-3.593421,4.010969,-0.003665,-0.032223,-0.010996,31.03,66.3713624109972
24982,-8.427522,-3.585046,4.018147,-0.004123,-0.029474,-0.01069,31.03,66.3109896464771
24992,-8.432307,-3.58385,4.011567,-0.004581,-0.025962,-0.010232,31.06,66.3545641661373
25002,-8.427522,-3.58385,4.02413,-0.00336,-0.02306,-0.010537,31.06,66.2785303055043
25012,-8.429317,-3.581457,4.022933,-0.003971,-0.018479,-0.010537,31.03,66.2864565702978
25022,-8.42812,-3.588636,4.02413,-0.004276,-0.010232,-0.01069,31.03,66.2841150669033
25032,-8.42453,-3.589832,4.03071,-0.00504,-0.005498,-0.010843,31.04,66.243088837636
25042,-8.4347,-3.59043,4.02413,-0.005651,-0.000916,-0.010843,31.04,66.2996682008876
25052,-8.423933,-3.592225,4.029513,-0.005192,0.002596,-0.01069,31.04,66.2502605971837
25062,-8.423933,-3.591029,4.018147,-0.004734,0.007789,-0.009927,31.07,66.3087845231641
25072,-8.433504,-3.586243,4.021737,-0.004734,0.012217,-0.010843,31.07,66.3059080825326
25082,-8.439486,-3.585645,4.026522,-0.004734,0.016493,-0.010232,30.99,66.2929592918113
25092,-8.42812,-3.584448,4.016353,-0.005345,0.020159,-0.009468,30.99,66.3211297180389
25102,-8.430512,-3.569493,4.023531,-0.005192,0.023366,-0.009774,31.02,66.2750903115503
25112,-8.43111,-3.591627,4.026522,-0.005345,0.027794,-0.009774,31.02,66.2806108244967
25122,-8.4347,-3.584448,4.016353,-0.005192,0.030696,-0.009468,31.03,66.335055150582
25132,-8.437093,-3.582056,4.014558,-0.004887,0.033139,-0.010385,31.03,66.3473814253447
25142,-8.439486,-3.588037,4.014558,-0.005498,0.034972,-0.010079,31.06,66.3578088309519
25152,-8.440681,-3.597609,4.009174,-0.004887,0.036652,-0.00901,31.06,66.3971570412498
25162,-8.436494,-3.589234,4.006782,-0.005498,0.037721,-0.00901,31.07,66.3933528661051
25172,-8.449656,-3.592225,3.997808,-0.004734,0.038179,-0.008399,31.07,66.4708340800232
25182,-8.454441,-3.591627,4.002594,-0.004887,0.036957,-0.009316,31.04,66.4552612530947
25192,-8.452048,-3.592225,3.991228,-0.004429,0.036652,-0.009468,31.04,66.5103818793269
25202,-8.459227,-3.586841,3.997808,-0.004276,0.034819,-0.009774,31.06,66.4861412713208
25212,-8.462815,-3.589234,3.995416,-0.003971,0.032529,-0.009163,31.02,66.508343494866
25222,-8.46461,-3.59043,3.987639,-0.004581,0.030391,-0.008705,31.02,66.5539493481052
25232,-8.461619,-3.581457,3.982255,-0.004123,0.027184,-0.009621,31.07,66.5679716106967
25242,-8.466404,-3.592823,3.983452,-0.004429,0.024282,-0.009316,31.07,66.5817906014605
25252,-8.462815,-3.586243,3.981657,-0.003971,0.022297,-0.009927,31.04,66.5778606436469
25262,-8.471789,-3.58744,3.983452,-0.003665,0.018173,-0.009163,31.04,66.5882799471676
25272,-8.477173,-3.598207,3.97388,-0.004429,0.014661,-0.009621,31.06,66.6592477452822
25282,-8.46461,-3.59043,3.978068,-0.003665,0.011912,-0.009621,31.06,66.6041676956287
25292,-8.46461,-3.588037,3.979264,-0.00336,0.008094,-0.008399,31,66.5957681710653
25302,-8.469995,-3.588037,3.979862,-0.00336,0.004734,-0.008399,31,66.6038896343836
25312,-8.471789,-3.58744,3.981657,-0.002902,0.000305,-0.008552,31.06,66.5976945935035
25322,-8.478967,-3.585645,3.978666,-0.002749,-0.002749,-0.008247,31.06,66.6267893879695
25332,-8.47119,-3.593421,3.976871,-0.00336,-0.006109,-0.008094,31.01,66.6268456373277
25342,-8.467003,-3.595814,3.982853,-0.003054,-0.009468,-0.007483,31.01,66.5888399995579
25352,-8.47119,-3.591029,3.984648,-0.002443,-0.013439,-0.008705,31.05,66.5839349545299
25362,-8.474181,-3.598207,3.981059,-0.002902,-0.017104,-0.008858,31.05,66.615362403894
25372,-8.462815,-3.591029,3.994817,-0.00336,-0.023366,-0.007941,31.01,66.5130809018249
25382,-8.459825,-3.58744,3.991228,-0.003207,-0.026114,-0.006567,31.05,66.5224376682812
25392,-8.460423,-3.585046,3.985844,-0.003818,-0.029169,-0.007636,31.05,66.5498124963733
25402,-8.458628,-3.598207,3.996014,-0.00336,-0.030696,-0.007483,31.02,66.5044205240657
25412,-8.453244,-3.6006,3.998407,-0.003207,-0.03146,-0.006872,31.02,66.4827157069607
25422,-8.450253,-3.588037,4.0008,-0.002749,-0.03207,-0.006567,31.02,66.4526534805394
25432,-8.443074,-3.58744,4.000201,-0.003054,-0.032529,-0.006109,31.02,66.4401503385669
25442,-8.456235,-3.595814,4.0008,-0.002596,-0.032376,-0.006109,31.04,66.4721742559973
25452,-8.448458,-3.581457,4.01396,-0.002902,-0.030849,-0.005651,31.04,66.3739897193744
25462,-8.4347,-3.591627,4.016353,-0.003818,-0.02978,-0.005651,31.02,66.3415123017986
25472,-8.440681,-3.585645,4.010371,-0.003665,-0.027184,-0.005651,31.02,66.3801417803481
25482,-8.4347,-3.586841,4.015156,-0.003665,-0.02474,-0.00504,31.05,66.3434842570096
25492,-8.4347,-3.58744,4.017549,-0.004276,-0.021838,-0.005345,31.05,66.3314737646315
25502,-8.438289,-3.580261,4.019942,-0.004429,-0.018784,-0.004734,31.06,66.3200684088685
25512,-8.428718,-3.58744,4.019344,-0.003665,-0.014661,-0.004581,31.06,66.3094008764269
25522,-8.423933,-3.589234,4.018147,-0.003818,-0.010232,-0.00336,31.02,66.3071642825309
25532,-8.42812,-3.579663,4.030112,-0.003665,-0.005498,-0.003665,31.02,66.244660583117
25542,-8.427522,-3.588037,4.022335,-0.003512,0.002291,-0.004276,31.06,66.2917195718922
25552,-8.427522,-3.592823,4.018745,-0.003665,0.007025,-0.004276,31.09,66.3148648624192
25562,-8.432307,-3.6006,4.025326,-0.003665,0.011606,-0.004123,31.09,66.2975124560363
25572,-8.426325,-3.583252,4.025924,-0.003207,0.015577,-0.004276,31.07,66.2660446514603
25582,-8.442476,-3.581457,4.019344,-0.003971,0.019853,-0.005192,31.07,66.3331340048598
25592,-8.42453,-3.586841,4.013362,-0.003818,0.024282,-0.005651,31.03,66.3313817726393
25602,-8.428718,-3.586243,4.019344,-0.003971,0.027184,-0.004123,31.03,66.3083221696415
25612,-8.44427,-3.584448,4.016353,-0.003512,0.031307,-0.003665,31.02,66.3552838285087
25622,-8.440084,-3.588037,4.007978,-0.003512,0.033598,-0.004887,31.02,66.3935787373956
25632,-8.440681,-3.574279,4.013362,-0.003971,0.036652,-0.005345,31.02,66.3542686864779
25642,-8.436494,-3.58385,4.004389,-0.003665,0.039248,-0.00504,31.02,66.4010812580198
25652,-8.449656,-3.577868,3.991228,-0.003207,0.040928,-0.005498,31.07,66.4925598600611
25662,-8.446067,-3.574279,3.997808,-0.004734,0.042913,-0.005651,31.07,66.4472587486998
25672,-8.450253,-3.583252,4.006782,-0.004276,0.043524,-0.005956,31.02,66.4170083777949
25682,-8.450851,-3.58385,3.988835,-0.004429,0.042761,-0.007025,31.02,66.5129638925684
25692,-8.457432,-3.582654,3.990032,-0.004581,0.042608,-0.007178,31.05,66.519434916
25702,-8.455637,-3.588037,3.993621,-0.005192,0.042302,-0.007178,31.05,66.5016268449062
25712,-8.469995,-3.588037,3.985844,-0.005192,0.038332,-0.008094,31.05,66.5725119036835
25722,-8.462815,-3.586841,3.985844,-0.00504,0.035888,-0.008552,31.05,66.5564188749341
25732,-8.472386,-3.588636,3.97747,-0.004887,0.033139,-0.007636,31.05,66.6219651901539
25742,-8.472386,-3.585645,3.973282,-0.005345,0.029627,-0.009316,31,66.6412985346937
25752,-8.469995,-3.582056,3.975675,-0.00504,0.026267,-0.009774,31,66.6205714411346
25762,-8.463414,-3.592225,3.970889,-0.005192,0.022449,-0.009163,31.05,66.6409534229685
25772,-8.484351,-3.574877,3.978068,-0.005192,0.018631,-0.010079,31.05,66.6316763321115
25782,-8.474181,-3.591627,3.964309,-0.004734,0.014355,-0.009774,31.03,66.6974311036868
25792,-8.472386,-3.602395,3.971487,-0.004734,0.010537,-0.009774,31.03,66.6655355609866
25802,-8.472985,-3.575475,3.97747,-0.004581,0.006414,-0.010843,31.05,66.6115885464171
25812,-8.474779,-3.582654,3.975077,-0.004887,0.001985,-0.011454,31.05,66.6342328070366
25822,-8.478967,-3.591627,3.972086,-0.005345,-0.003207,-0.011912,31.05,66.6665828024901
25832,-8.469396,-3.585046,3.972684,-0.004734,-0.008094,-0.012523,31.05,66.637665088016
25842,-8.473583,-3.585046,3.970291,-0.004276,-0.011301,-0.011759,31.01,66.6589682858247
25862,-8.469995,-3.586841,3.970889,-0.004123,-0.018631,-0.010843,31.06,66.6499268822608
25872,-8.464012,-3.588037,3.987639,-0.004276,-0.022602,-0.013134,31.06,66.5505715132632
25882,-8.464012,-3.588636,3.981657,-0.004123,-0.026114,-0.012065,31.05,66.5824890525001
25892,-8.46461,-3.594618,3.981657,-0.003665,-0.030543,-0.01237,31.05,66.5890494636904
25902,-8.455637,-3.596412,3.981657,-0.003665,-0.03375,-0.012217,31.05,66.5718717722823
25912,-8.452645,-3.58744,3.985844,-0.00336,-0.035277,-0.011759,31.09,66.5356310018885
25922,-8.462815,-3.592823,3.986442,-0.002902,-0.036499,-0.012523,31.09,66.5585957896439
25932,-8.459227,-3.589234,3.991827,-0.003665,-0.037415,-0.012828,31.04,66.5196374921047
25942,-8.447861,-3.584448,3.995416,-0.003512,-0.03879,-0.012675,31.04,66.4726651221439
25952,-8.446664,-3.582056,4.005585,-0.003054,-0.038332,-0.011301,31.05,66.4146520854609
25962,-8.452645,-3.586841,4.004389,-0.003512,-0.03879,-0.011301,31.05,66.437798496465
25972,-8.435897,-3.586841,4.014558,-0.003665,-0.038026,-0.012065,31.05,66.3491509487205
25982,-8.430512,-3.598805,4.012764,-0.003665,-0.036957,-0.011148,31.05,66.3579519869255
25992,-8.435897,-3.591627,4.010371,-0.003512,-0.034972,-0.010232,31.02,66.3754132123111
26002,-8.440084,-3.592225,4.01396,-0.003207,-0.032529,-0.009927,31.02,66.3659684044163
26012,-8.42812,-3.604787,4.017549,-0.003818,-0.029932,-0.009468,31.06,66.3332045132672
26022,-8.435897,-3.591627,4.026522,-0.003971,-0.027336,-0.009163,31.06,66.2907475242318
26032,-8.432307,-3.59402,4.025924,-0.003971,-0.023518,-0.009163,31.04,66.2884387534732
26042,-8.435298,-3.592225,4.026522,-0.004123,-0.020769,-0.007789,31.04,66.2900185623721
26052,-8.422137,-3.586841,4.028915,-0.004734,-0.016646,-0.007483,31.05,66.2447143142333
26062,-8.422137,-3.597609,4.030112,-0.004734,-0.007789,-0.007483,31.05,66.2481855717621
26072,-8.413763,-3.589832,4.034299,-0.003971,-0.002749,-0.006261,31.05,66.2013972633418
26082,-8.416155,-3.595216,4.033103,-0.003512,0.001833,-0.005651,31.04,66.2176390020486
26092,-8.413763,-3.592823,4.031308,-0.004276,0.006872,-0.005956,31.04,66.2197964754868
26102,-8.428718,-3.598207,4.027121,-0.004734,0.011759,-0.00504,31.05,66.2783488251256
26112,-8.431709,-3.592225,4.032505,-0.004123,0.01573,-0.004887,31.05,66.2510750071257
26122,-8.429914,-3.592823,4.029513,-0.004276,0.020617,-0.00504,31.05,66.2634838125629
26132,-8.428718,-3.598805,4.025326,-0.005192,0.024893,-0.004734,31.05,66.2882958535235
26142,-8.427522,-3.59402,4.030112,-0.005192,0.029016,-0.004734,31.04,66.256356476158
26152,-8.420342,-3.589234,4.020541,-0.004429,0.032987,-0.004123,31.04,66.2869929050573
26162,-8.427522,-3.595216,4.012166,-0.003818,0.036805,-0.003512,31.04,66.3515367291747
26172,-8.434101,-3.586841,4.013362,-0.004734,0.039401,-0.003207,31.04,66.3516277490451
26182,-8.434101,-3.589234,4.012166,-0.004429,0.042455,-0.002749,31.01,66.3600530427624
26192,-8.425727,-3.579663,4.01396,-0.004581,0.045509,-0.002749,31.01,66.3243126810725
26202,-8.439486,-3.591627,4.010371,-0.004276,0.047189,-0.002749,31.05,66.3829876520393
26212,-8.437692,-3.579065,3.995416,-0.003665,0.048869,-0.002902,31.05,66.4464413976652
26222,-8.443074,-3.580261,3.99063,-0.003665,0.049175,-0.003512,31.08,66.4839867144725
26232,-8.456833,-3.585046,3.984648,-0.003512,0.04948,-0.003512,31.08,66.5485640713371
26242,-8.450851,-3.588037,3.988835,-0.003054,0.048564,-0.003665,31.04,66.5166947914329
26252,-8.462815,-3.585046,3.989433,-0.002749,0.046731,-0.003818,31.07,66.5359960354198
26262,-8.465807,-3.585645,3.981059,-0.003054,0.044899,-0.004123,31.07,66.5867311660241
26272,-8.471789,-3.583252,3.981059,-0.004123,0.041997,-0.005651,31.05,66.5971258277718
26282,-8.47119,-3.589234,3.975675,-0.002902,0.039706,-0.004887,31.05,66.6294153994464
26292,-8.471789,-3.585046,3.976273,-0.00336,0.036652,-0.005498,31.05,66.6238245458328
26302,-8.478369,-3.574877,3.963711,-0.003818,0.03207,-0.005803,31.05,66.6945439285745
26312,-8.473583,-3.592225,3.970889,-0.003207,0.027947,-0.006872,31.04,66.6621702322625
26322,-8.479566,-3.585645,3.97388,-0.003207,0.02474,-0.006109,31.04,66.6531423731667
26332,-8.473583,-3.58385,3.969095,-0.003054,0.019853,-0.006872,31.04,66.6641919027002
26342,-8.483753,-3.589832,3.967898,-0.003512,0.014966,-0.006567,31.04,66.6969377781893
26352,-8.487342,-3.584448,3.967898,-0.003818,0.009927,-0.006872,31.05,66.6996703694829
26362,-8.472386,-3.583252,3.963711,-0.00336,0.004734,-0.007636,31.05,66.6894438602154
26372,-8.479566,-3.576672,3.959523,-0.003054,-0.000153,-0.008094,31.03,66.7206141946776
26382,-8.477173,-3.579065,3.973282,-0.003665,-0.004887,-0.008094,31.03,66.6454854903866
26392,-8.474181,-3.593421,3.969095,-0.003971,-0.009163,-0.00901,31.04,66.6738894654529
26402,-8.478967,-3.583252,3.969095,-0.003665,-0.013744,-0.008858,31.04,66.6748924018658
26412,-8.47119,-3.586243,3.966104,-0.002596,-0.023213,-0.00901,31.07,66.6770193590765
26422,-8.477173,-3.586243,3.97747,-0.003054,-0.027031,-0.00901,31.04,66.6298451696646
26432,-8.471789,-3.580859,3.982853,-0.004123,-0.030696,-0.009927,31.04,66.5855980168574
26442,-8.473583,-3.580261,3.9673,-0.004276,-0.034514,-0.010537,31.04,66.6704523162021
26452,-8.465807,-3.574877,3.983452,-0.004276,-0.036652,-0.010079,31.04,66.56463523127
26462,-8.460423,-3.59043,3.985246,-0.004581,-0.038637,-0.009621,31.03,66.5577345258965
26472,-8.446067,-3.58385,3.993023,-0.004123,-0.040775,-0.009927,31.03,66.4809196243425
26482,-8.453244,-3.588037,3.997808,-0.003665,-0.041386,-0.010079,31.07,66.4746364559444
26492,-8.450253,-3.58385,3.999005,-0.003207,-0.04215,-0.010232,31.07,66.4583308608831
26502,-8.451449,-3.594618,3.993023,-0.00336,-0.04215,-0.009774,31.04,66.5018414177649
26512,-8.4347,-3.586243,4.008576,-0.003818,-0.04215,-0.010232,31.04,66.3774662606528
26522,-8.447861,-3.585046,4.015156,-0.004429,-0.040928,-0.010232,31.04,66.3696747885116
26532,-8.451449,-3.592225,4.001996,-0.004123,-0.039401,-0.010079,31.04,66.452639547306
26542,-8.440681,-3.586841,4.018147,-0.004123,-0.036652,-0.01069,31.01,66.34044550567
26552,-8.436494,-3.58744,4.018745,-0.003512,-0.03375,-0.009621,31.01,66.3289972870445
26562,-8.443074,-3.586841,4.018147,-0.003665,-0.030391,-0.009163,31.02,66.3455020624913
26572,-8.431709,-3.585645,4.016951,-0.00336,-0.026878,-0.009163,31.02,66.3266672184837
26582,-8.425129,-3.586243,4.027121,-0.004429,-0.019242,-0.009927,31.05,66.2599306733696
26592,-8.438289,-3.583252,4.028915,-0.004276,-0.014355,-0.009316,31.03,66.2757360929713
26602,-8.423334,-3.585046,4.024727,-0.004123,-0.010232,-0.009316,31.03,66.2675954157782
26612,-8.426325,-3.588636,4.034299,-0.004276,-0.00504,-0.00901,31.06,66.227010295993
26622,-8.42453,-3.582654,4.024727,-0.004429,0.000153,-0.008858,31.06,66.2679738575415
26632,-8.428718,-3.591029,4.028317,-0.004581,0.004887,-0.008705,31.04,66.2655953686634
26642,-8.415558,-3.58385,4.034299,-0.004581,0.009927,-0.008399,31.04,66.1997912443205
26652,-8.418548,-3.591627,4.017549,-0.00504,0.014355,-0.007941,31,66.3010551345191
26662,-8.430512,-3.58744,4.022335,-0.003818,0.019548,-0.008552,31,66.2975153554758
26672,-8.4347,-3.589832,4.025924,-0.004429,0.023824,-0.007941,31.07,66.2897287645955
26682,-8.435298,-3.580261,4.021138,-0.005192,0.027489,-0.008705,31.07,66.3074658868584
26692,-8.438289,-3.58744,4.021138,-0.00504,0.032529,-0.007636,31.06,66.3202505135555
26702,-8.432307,-3.585046,4.023531,-0.004581,0.035583,-0.008094,31.06,66.2928904291949
26712,-8.431709,-3.589832,4.010371,-0.004887,0.038026,-0.007789,31.06,66.3649545480041
26722,-8.432905,-3.592225,4.018147,-0.004734,0.039401,-0.007636,31.06,66.3288494112274
26732,-8.443673,-3.586841,4.011567,-0.004276,0.042302,-0.007178,31.05,66.3812571873881
26742,-8.447262,-3.579065,4.002594,-0.004887,0.044746,-0.006872,31.05,66.4289305377599
26752,-8.458628,-3.588037,4.002594,-0.005192,0.045509,-0.006872,31.05,66.4608593311792
26762,-8.455637,-3.585046,3.988237,-0.004887,0.045815,-0.006109,31.05,66.5272157454593
26772,-8.459825,-3.58744,3.988237,-0.003971,0.045051,-0.006261,31.05,66.5381291581078
26782,-8.462815,-3.579663,3.993621,-0.004887,0.043066,-0.00672,31.07,66.5092486148677
26792,-8.453244,-3.59043,3.988835,-0.004123,0.041997,-0.006261,31.07,66.5238499560268
26802,-8.465807,-3.589832,3.990032,-0.004276,0.039859,-0.006414,31.04,66.5433756488479
26812,-8.465807,-3.6006,3.978666,-0.004734,0.036194,-0.006872,31.04,66.6125557062113
26822,-8.466404,-3.581457,3.981657,-0.00504,0.034208,-0.00672,31.06,66.5811320651314
26832,-8.468798,-3.588037,3.970291,-0.005498,0.030696,-0.00672,31.06,66.6516258521423
26842,-8.468798,-3.585645,3.961916,-0.004887,0.026725,-0.007025,31.04,66.6935059609929
26852,-8.474181,-3.589832,3.97747,-0.004123,0.022755,-0.007178,31.04,66.6267709601708
26862,-8.485548,-3.582056,3.97747,-0.003665,0.018173,-0.006872,31.06,66.6436288385064
26872,-8.478369,-3.593421,3.979862,-0.003665,0.01405,-0.007636,31.06,66.6261403075777
26882,-8.468798,-3.581457,3.973282,-0.003818,0.009774,-0.00672,31.05,66.6301036659734
26892,-8.477771,-3.588037,3.961916,-0.003512,0.004887,-0.006414,31.05,66.7143054552216
26902,-8.468199,-3.577868,3.9673,-0.003971,-0.000458,-0.007483,31.04,66.657102601547
26912,-8.481958,-3.585046,3.969095,-0.003512,-0.004581,-0.007483,31.04,66.682705485358
26922,-8.467003,-3.598207,3.967898,-0.003054,-0.009468,-0.008247,31.04,66.6694484582994
26932,-8.475977,-3.578466,3.976273,-0.002902,-0.017562,-0.008858,31.02,66.6267634683719
26942,-8.463414,-3.585645,3.976273,-0.002291,-0.022297,-0.007636,31.02,66.6068486131595
26952,-8.466404,-3.589234,3.971487,-0.00336,-0.025504,-0.009163,31.05,66.6414069373831
26962,-8.471789,-3.588636,3.979862,-0.002443,-0.028253,-0.009163,31.05,66.6081690487581
26972,-8.465208,-3.586841,3.979264,-0.001985,-0.030543,-0.009163,31.04,66.5959587959395
26982,-8.469396,-3.59402,3.994817,-0.001833,-0.032987,-0.009316,31.04,66.5295325627786
26992,-8.465807,-3.597609,3.993023,-0.001527,-0.034819,-0.009316,31.04,66.5346097224497
27002,-8.454441,-3.595216,3.994219,-0.001985,-0.035888,-0.00901,31.04,66.5023808044954
27012,-8.460423,-3.589234,4.009772,-0.002291,-0.036652,-0.009163,31,66.4280938984985
27022,-8.450851,-3.582056,3.993023,-0.002138,-0.03711,-0.009163,31,66.4893800407103
27032,-8.44427,-3.583252,3.998407,-0.003207,-0.037415,-0.008705,31.02,66.4483394653592
27042,-8.437093,-3.579065,4.006183,-0.002138,-0.035736,-0.008552,31.02,66.388640717186
27052,-8.438289,-3.586841,4.009174,-0.002596,-0.033903,-0.008399,31.05,66.3824438155916
27062,-8.437692,-3.591029,4.002594,-0.003054,-0.033139,-0.008705,31.05,66.4194676930823
27072,-8.438888,-3.585645,4.016353,-0.002596,-0.030543,-0.008858,31.03,66.3449860577652
27082,-8.427522,-3.576073,4.026522,-0.003207,-0.0281,-0.007636,31.03,66.2589768808625
27092,-8.43111,-3.588636,4.012764,-0.002749,-0.024893,-0.006567,31.03,66.3500564986217
27102,-8.428718,-3.594618,4.019344,-0.003054,-0.018326,-0.00672,31.03,66.3158739593101
27112,-8.427522,-3.585645,4.019942,-0.003512,-0.014203,-0.00733,31.03,66.3021132130386
27122,-8.432905,-3.582654,4.030112,-0.003512,-0.010385,-0.006567,31.04,66.2575123237706
27132,-8.423334,-3.59402,4.030112,-0.002749,-0.005803,-0.006414,31.04,66.2474745192836
27142,-8.42812,-3.593421,4.026522,-0.003665,-0.000458,-0.007483,31.03,66.2758960937925
27152,-8.43111,-3.589234,4.02413,-0.004276,0.004123,-0.006109,31.03,66.2909890277717
27162,-8.425129,-3.57727,4.035496,-0.004123,0.008399,-0.005803,31.05,66.2079250132363
27172,-8.417352,-3.58744,4.031906,-0.004123,0.012981,-0.006261,31.05,66.2194078177523
27182,-8.425727,-3.585645,4.021737,-0.004887,0.016799,-0.006261,31.05,66.2888939323255
27192,-8.436494,-3.592823,4.017549,-0.004734,0.021686,-0.005803,31.05,66.3401095815024
27202,-8.448458,-3.581457,4.028915,-0.004429,0.02642,-0.005803,31.07,66.2956563267328
27212,-8.42812,-3.595216,4.019344,-0.004581,0.02978,-0.006109,31.07,66.3151483658115
27222,-8.436494,-3.588636,4.015156,-0.004734,0.034056,-0.00504,31.06,66.3488900833924
27232,-8.444869,-3.581457,4.012166,-0.004734,0.037263,-0.006109,31.06,66.3758175674853
27242,-8.435298,-3.588636,4.009772,-0.004429,0.040012,-0.006109,31.01,66.3746031671567
27252,-8.440681,-3.585046,4.004987,-0.004887,0.041997,-0.006872,31.01,66.4078488400443
27262,-8.447262,-3.584448,3.994817,-0.005345,0.04383,-0.007025,31.05,66.4745491225089
27272,-8.451449,-3.591627,4.00738,-0.003818,0.046578,-0.007025,31.05,66.4238802327495
27282,-8.450851,-3.59402,4.002594,-0.004581,0.04612,-0.007178,31.09,66.4498514368148
27292,-8.457432,-3.597011,3.99721,-0.004734,0.04612,-0.006872,31.07,66.4945746086815
27302,-8.44427,-3.583252,3.987639,-0.004276,0.045357,-0.007178,31.07,66.504883106896
27312,-8.471789,-3.579065,3.984648,-0.004429,0.04383,-0.007941,31.07,66.574595576774
27322,-8.472985,-3.589234,3.983452,-0.004429,0.042455,-0.007483,31.07,66.5923688618488
27332,-8.473583,-3.591627,3.988835,-0.003818,0.039095,-0.007483,31.02,66.5675191899486
27342,-8.467003,-3.583252,3.97388,-0.004123,0.035888,-0.008858,31.02,66.6247992912723
27352,-8.472985,-3.582056,3.981657,-0.004429,0.033139,-0.008705,31.09,66.5954322485559
27362,-8.475977,-3.582056,3.9673,-0.003665,0.029016,-0.009163,31.09,66.677027743967
27372,-8.480762,-3.586841,3.9673,-0.004123,0.025198,-0.010385,31.05,66.6912146821757
27382,-8.474181,-3.591029,3.972684,-0.004123,0.019395,-0.010843,31.05,66.6529399739645
27392,-8.480762,-3.591029,3.964907,-0.003818,0.014966,-0.009927,31.04,66.7074631156483
27402,-8.477771,-3.573681,3.970291,-0.003054,0.010385,-0.008552,31.04,66.6576919745714
27412,-8.488539,-3.58385,3.964309,-0.004276,0.005651,-0.009927,30.98,66.7204648366296
27422,-8.477771,-3.585645,3.964907,-0.004429,-0.000764,-0.010537,30.98,66.6964931569201
27432,-8.465807,-3.585046,3.968496,-0.004123,-0.006109,-0.010079,31.04,66.6521646023686
27442,-8.478967,-3.58744,3.97388,-0.004429,-0.016188,-0.012065,31.04,66.6534765586378
27452,-8.479566,-3.582056,3.981657,-0.003665,-0.020311,-0.010843,31.05,66.6091882760878
27462,-8.468798,-3.597609,3.97747,-0.00336,-0.02474,-0.010537,31.04,66.6224208527059
27472,-8.473583,-3.595216,3.981059,-0.003054,-0.027947,-0.011454,31.04,66.6114642924256
27482,-8.480165,-3.586841,3.979264,-0.004123,-0.032223,-0.011912,31.03,66.6272099223094
27492,-8.46102,-3.591029,3.985844,-0.003207,-0.034972,-0.010537,31.03,66.5563795948708
27502,-8.470592,-3.595814,3.988835,-0.002749,-0.038026,-0.010843,31,66.5649782753987
27512,-8.457432,-3.59402,3.993621,-0.003207,-0.040164,-0.011454,31,66.5107258465352
27522,-8.453843,-3.597011,3.996014,-0.003512,-0.04215,-0.011148,31.05,66.4933139676293
27532,-8.448458,-3.58385,3.999603,-0.003665,-0.043524,-0.01069,31.05,66.4514155413796
27542,-8.450851,-3.584448,4.004389,-0.002902,-0.04444,-0.010843,31.02,66.431884211501
27552,-8.44427,-3.591029,4.003192,-0.002291,-0.044135,-0.010996,31.02,66.4301891263387
27562,-8.448458,-3.598805,4.007978,-0.003054,-0.043371,-0.010537,31.02,66.4208787364102
27572,-8.434101,-3.589832,4.012764,-0.002749,-0.042608,-0.010232,31.02,66.3574539063449
27582,-8.426325,-3.585645,4.013362,-0.001985,-0.040012,-0.009621,31.03,66.3341037327417
27592,-8.428718,-3.598805,4.014558,-0.001985,-0.037721,-0.009621,31.03,66.3447521761508
27602,-8.435298,-3.595814,4.022933,-0.00168,-0.035277,-0.010232,31.05,66.3120579006513
27612,-8.432905,-3.591627,4.019344,-0.001985,-0.03207,-0.00901,31.05,66.3220348139892
27622,-8.430512,-3.585046,4.029513,-0.002749,-0.024129,-0.007941,31.05,66.2577317364121
27632,-8.437692,-3.59043,4.02413,-0.002596,-0.019853,-0.008705,31.03,66.3059996633965
27642,-8.422137,-3.597011,4.025326,-0.002902,-0.014813,-0.007483,31.03,66.2727335096566
27652,-8.421539,-3.591627,4.028915,-0.002902,-0.010232,-0.007025,31.01,66.2477746117338
27662,-8.429914,-3.592823,4.033103,-0.00336,-0.004734,-0.006567,31.01,66.2446769952166
27672,-8.41436,-3.585046,4.034897,-0.003054,-0.000153,-0.006567,31.07,66.1951901284831
27682,-8.432307,-3.593421,4.030112,-0.002749,0.005956,-0.005498,31.07,66.2659568601542
27692,-8.416754,-3.594618,4.028915,-0.003512,0.010843,-0.005956,31.06,66.2403274569005
27702,-8.42812,-3.595216,4.036094,-0.004276,0.016035,-0.00504,31.06,66.2273707471124
27712,-8.420342,-3.588037,4.029513,-0.004429,0.020464,-0.005192,31.04,66.2388490549103
27722,-8.426923,-3.591029,4.02413,-0.003971,0.025809,-0.004734,31.04,66.2837385892874
27732,-8.42812,-3.584448,4.02413,-0.004276,0.030696,-0.00504,31.03,66.2803374828941
27742,-8.429914,-3.588636,4.022335,-0.004276,0.035736,-0.004276,31.03,66.2973269350832
27752,-8.423334,-3.575475,4.028915,-0.004429,0.039706,-0.004734,31.03,66.2369910302345
27762,-8.435298,-3.58744,4.022933,-0.004429,0.042913,-0.003665,31.03,66.3045143167335
27772,-8.438289,-3.589832,4.006782,-0.004429,0.046426,-0.003665,31.09,66.397676660763
27782,-8.452048,-3.575475,4.006782,-0.004887,0.049022,-0.003665,31.09,66.4138490413304
27792,-8.456235,-3.574877,4.000201,-0.004887,0.053145,-0.003207,31.09,66.4566504671679
27802,-8.456833,-3.584448,4.008576,-0.004887,0.054062,-0.003512,31.03,66.422532821517
27812,-8.448458,-3.581457,3.990032,-0.004581,0.05452,-0.003207,31.03,66.4995182112091
27822,-8.450253,-3.584448,3.987041,-0.004429,0.05452,-0.003207,31.04,66.5216606316768
27832,-8.450851,-3.586841,3.990032,-0.00504,0.053298,-0.004276,31.04,66.5093449535566
27842,-8.468798,-3.570091,3.978666,-0.00504,0.051313,-0.003665,31.05,66.5917949301053
27852,-8.469995,-3.582056,3.982255,-0.004429,0.049633,-0.005345,31.05,66.5860403574764
27862,-8.474181,-3.583252,3.979862,-0.002902,0.046731,-0.004581,31.06,66.6084059801903
27872,-8.470592,-3.57727,3.972684,-0.004123,0.043219,-0.004429,31.06,66.6332949817228
27882,-8.48136,-3.596412,3.969693,-0.004429,0.039554,-0.004429,31.01,66.688341780124
27892,-8.478369,-3.585645,3.970291,-0.003512,0.035736,-0.005498,31.01,66.6694778422984
27902,-8.477173,-3.584448,3.968496,-0.003054,0.030696,-0.006261,31.03,66.6753505982375
27912,-8.473583,-3.59043,3.971487,-0.002902,0.024893,-0.007025,31.03,66.6574453720585
27922,-8.486743,-3.574877,3.9673,-0.003054,0.01909,-0.007483,31.05,66.6931543584463
27932,-8.474181,-3.59043,3.966104,-0.00336,0.013286,-0.007789,31.05,66.6869495389722
27942,-8.49452,-3.585645,3.967898,-0.002291,0.008247,-0.008094,31.07,66.7156518178129
27952,-8.48136,-3.585645,3.964907,-0.002902,0.002443,-0.009468,31.07,66.7039666960324
27962,-8.48136,-3.581457,3.957131,-0.003054,-0.007789,-0.010079,31.09,66.7411163880336
27972,-8.477771,-3.584448,3.955336,-0.002902,-0.013897,-0.010385,31.01,66.7457108009422
27982,-8.477173,-3.599404,3.966702,-0.002291,-0.018326,-0.01069,31.01,66.6979639770163
27992,-8.47119,-3.588636,3.9673,-0.002596,-0.023824,-0.010537,31.03,66.6728514433416
28002,-8.475977,-3.58385,3.966104,-0.002138,-0.028863,-0.010996,31.03,66.6848885575853
28012,-8.462217,-3.59402,3.97747,-0.002443,-0.032223,-0.011148,31.05,66.6054895429851
28022,-8.472985,-3.58744,3.97388,-0.002902,-0.036499,-0.010996,31.05,66.6409964135638
28032,-8.463414,-3.582654,3.976871,-0.002902,-0.039248,-0.011759,31.03,66.6010587330151
28042,-8.453244,-3.591029,3.986442,-0.002291,-0.041844,-0.012065,31.03,66.5369444597552
28052,-8.463414,-3.576672,3.994219,-0.002749,-0.044135,-0.012065,31.04,66.5047147206929
28062,-8.452048,-3.58744,3.98405,-0.002596,-0.045204,-0.011759,31.04,66.5437988154479
28072,-8.461619,-3.585046,3.994817,-0.002596,-0.045357,-0.011301,31.04,66.5052494343849
28082,-8.450851,-3.583252,3.989433,-0.003054,-0.045815,-0.011759,31.04,66.5092915378681
28092,-8.441879,-3.586243,3.996014,-0.003207,-0.044899,-0.011301,31,66.4585409149464
28102,-8.436494,-3.585645,4.012166,-0.002596,-0.044746,-0.012217,31,66.3618841373365
28112,-8.437692,-3.589832,4.008576,-0.003054,-0.043524,-0.012217,31.07,66.3870054373868
28122,-8.443673,-3.595814,4.018745,-0.002443,-0.040928,-0.010843,31.07,66.3516928626337
28132,-8.444869,-3.591627,4.027121,-0.003054,-0.038332,-0.010232,31.01,66.306590541472
28142,-8.440681,-3.592225,4.022335,-0.003512,-0.031765,-0.010843,30.99,66.3233396428659
28152,-8.426325,-3.592823,4.030112,-0.002443,-0.0281,-0.009621,30.99,66.2527359109226
28162,-8.42453,-3.592823,4.023531,-0.003054,-0.023671,-0.010232,31.05,66.2834292546844
28172,-8.422735,-3.578466,4.029513,-0.002902,-0.019548,-0.010232,31.05,66.235281391023
28182,-8.422137,-3.597609,4.034299,-0.003512,-0.014966,-0.009621,31.02,66.2262443222153
28192,-8.425129,-3.582654,4.026522,-0.003512,-0.009316,-0.008247,31.02,66.2598313097754
28202,-8.418548,-3.591627,4.034299,-0.003971,-0.005192,-0.008858,31.04,66.2131986333502
28212,-8.419147,-3.584448,4.037888,-0.003818,0.000611,-0.008552,31.04,66.1891551002778
28222,-8.416155,-3.588636,4.034299,-0.00336,0.005956,-0.008399,31.04,66.205399625557
28232,-8.420342,-3.588037,4.035496,-0.00336,0.011301,-0.008399,31.04,66.2074844309867
28242,-8.425129,-3.585046,4.024727,-0.004276,0.016646,-0.007636,31.04,66.2714034281784
28252,-8.434101,-3.58744,4.031906,-0.004276,0.020922,-0.006414,31.04,66.2549651659777
28262,-8.430512,-3.589832,4.028915,-0.003512,0.026267,-0.00672,31.02,66.2651838754263
28272,-8.419147,-3.592823,4.030112,-0.004887,0.029932,-0.00672,31.02,66.2375044900529
28282,-8.422735,-3.583252,4.027121,-0.004734,0.034667,-0.006261,31.02,66.2521479776753
28292,-8.438888,-3.585645,4.023531,-0.003665,0.037721,-0.00672,31.02,66.3073636817944
28302,-8.432905,-3.585046,4.018147,-0.004123,0.041386,-0.006109,31,66.3223865529541
28312,-8.44128,-3.588037,4.011567,-0.004734,0.046426,-0.004887,31.03,66.3772795719621
28322,-8.445468,-3.588037,4.001398,-0.004276,0.048106,-0.005956,31.03,66.4394451627305
28332,-8.450253,-3.595216,4.001398,-0.003665,0.04948,-0.005345,31.04,66.4559347979762
28342,-8.449656,-3.582056,3.998407,-0.004887,0.050091,-0.004581,31.04,66.4586111470025
28352,-8.456235,-3.59402,3.991228,-0.004734,0.051007,-0.00504,31.03,66.5207669748034
28362,-8.449656,-3.586841,3.992425,-0.004123,0.050091,-0.004581,31.03,66.4942733401284
28372,-8.46461,-3.581457,3.994817,-0.004581,0.048717,-0.004581,31.03,66.5083377550241
28382,-8.467602,-3.576672,3.988237,-0.003512,0.046426,-0.005345,31.03,66.5448795746176
28392,-8.47119,-3.582654,3.991827,-0.00336,0.044288,-0.004734,31,66.5388740482327
28402,-8.465208,-3.582056,3.978068,-0.003512,0.041233,-0.00504,31,66.5979981626669
28412,-8.46461,-3.591627,3.974478,-0.00336,0.038179,-0.005345,31.03,66.6240749378125
28422,-8.483753,-3.59402,3.972684,-0.003054,0.035277,-0.005651,31.03,66.6755258610091
28432,-8.477771,-3.58744,3.976871,-0.003054,0.030849,-0.006261,31.06,66.6352922003378
28442,-8.487941,-3.582056,3.968496,-0.003971,0.026878,-0.005956,31.06,66.6956781885271
28452,-8.478369,-3.582654,3.974478,-0.003512,0.022144,-0.006109,31.04,66.6448701758897
28462,-8.469396,-3.576073,3.962514,-0.003512,0.017104,-0.006567,31.04,66.6831689506069
28472,-8.472985,-3.593421,3.962514,-0.002749,0.012523,-0.00672,31.07,66.7059509305468
28482,-8.477173,-3.581457,3.966702,-0.002138,0.002138,-0.007483,31.07,66.6821334593461
28492,-8.478967,-3.585645,3.970291,-0.002902,-0.002902,-0.007941,31.04,66.670724414779
28502,-8.480165,-3.57727,3.972684,-0.003207,-0.007178,-0.008552,31.06,66.6532877391526
28512,-8.472386,-3.576672,3.974478,-0.003054,-0.012065,-0.008094,31.06,66.6270976897751
28522,-8.472985,-3.591029,3.97747,-0.002902,-0.016646,-0.008858,31.01,66.6253329956854
28532,-8.481958,-3.589234,3.966702,-0.002596,-0.020922,-0.009774,31.01,66.6989506317962
28542,-8.480165,-3.589234,3.975675,-0.002443,-0.024282,-0.009316,31.03,66.6481426095545
28552,-8.475378,-3.582056,3.981657,-0.002596,-0.028253,-0.009621,31.03,66.6004358294448
28562,-8.467003,-3.580261,3.974478,-0.002596,-0.03146,-0.009468,31.04,66.6190140647037
28572,-8.464012,-3.593421,3.982255,-0.002138,-0.034208,-0.009621,31.04,66.5835983342231
28582,-8.46461,-3.58744,3.990032,-0.001833,-0.035736,-0.009927,31.06,66.5387431022918
28592,-8.469396,-3.58744,3.987639,-0.002596,-0.037874,-0.010079,31.06,66.5613162741873
28602,-8.463414,-3.585046,3.994219,-0.002749,-0.039095,-0.009774,31.04,66.5121519535713
28612,-8.462217,-3.588636,4.000201,-0.002138,-0.039859,-0.009774,31.04,66.4814747561833
28622,-8.460423,-3.583252,3.993023,-0.001833,-0.039554,-0.009927,31.03,66.5105526684941
28632,-8.449057,-3.593421,4.006782,-0.002291,-0.039859,-0.010843,31.03,66.4235849070431
28642,-8.443673,-3.596412,4.009772,-0.002291,-0.037874,-0.009621,31.06,66.3992524071721
28652,-8.437093,-3.58744,4.018147,-0.001527,-0.03711,-0.010537,31.06,66.3333989400453
28662,-8.430512,-3.578466,4.018147,-0.002291,-0.032987,-0.010537,31.06,66.3114005060419
28672,-8.438888,-3.584448,4.015156,-0.002291,-0.029627,-0.01069,31.05,66.3501873711175
28682,-8.416754,-3.586841,4.025326,-0.002596,-0.026573,-0.009774,31.05,66.2521086074985
28692,-8.43111,-3.591029,4.027121,-0.002596,-0.022907,-0.008552,31.09,66.2769322177119
28702,-8.431709,-3.58744,4.018147,-0.003054,-0.018937,-0.008399,31.09,66.3220102065314
28712,-8.429317,-3.586243,4.022335,-0.00336,-0.014813,-0.009316,31.07,66.2939050155397
28722,-8.425129,-3.58744,4.018147,-0.003512,-0.009927,-0.008399,31.07,66.3080790657577
28732,-8.42812,-3.598207,4.027719,-0.002749,-0.006109,-0.007483,31.06,66.2739487967822
28742,-8.42453,-3.586243,4.034299,-0.003207,-0.002138,-0.008247,31.06,66.2210338381822
28752,-8.425129,-3.592225,4.025924,-0.003818,0.002291,-0.009316,31.04,66.2716111380885
28762,-8.440681,-3.588636,4.023531,-0.003665,0.00733,-0.008399,31.04,66.3138463401247
28772,-8.435897,-3.595216,4.025326,-0.003665,0.011606,-0.007789,31.02,66.3002481814122
28782,-8.43111,-3.588636,4.026522,-0.003207,0.01573,-0.007025,31.02,66.2779124298297
28792,-8.420342,-3.586243,4.025924,-0.004734,0.019548,-0.007178,31.06,66.256048665812
28802,-8.425727,-3.589234,4.02413,-0.004581,0.023213,-0.007178,31.06,66.2795830270354
28812,-8.43111,-3.58385,4.013362,-0.004429,0.027642,-0.007025,31.06,66.3426135759154
28822,-8.444869,-3.602395,4.009174,-0.003818,0.030849,-0.00672,31.06,66.4102772921244
28832,-8.440681,-3.598805,4.018147,-0.004581,0.036652,-0.00672,31.03,66.3512009401553
28842,-8.442476,-3.586243,4.00738,-0.004581,0.038179,-0.00672,31.06,66.4001531174555
28852,-8.432905,-3.592823,4.014558,-0.004276,0.039706,-0.00672,31.06,66.3482084555218
28862,-8.447262,-3.586243,4.004389,-0.004887,0.041233,-0.007025,31.04,66.4259292769677
28872,-8.453843,-3.589234,4.015156,-0.00504,0.041539,-0.00733,31.04,66.3860405558735
28882,-8.454441,-3.58385,4.008576,-0.004581,0.041997,-0.007483,31.02,66.4169616287295
28892,-8.443074,-3.589234,4.006183,-0.004887,0.042302,-0.006872,31.02,66.4103724120566
28902,-8.462815,-3.589234,3.989433,-0.004429,0.041386,-0.00733,31.02,66.5397169550406
28912,-8.465208,-3.59402,3.987041,-0.004887,0.040317,-0.007178,31.02,66.5615269044152
28922,-8.465807,-3.591627,3.999005,-0.005192,0.039095,-0.00733,31.05,66.4979386688557
28932,-8.463414,-3.59043,3.988237,-0.004581,0.036805,-0.00733,31.05,66.5483079303986
28942,-8.456235,-3.589832,3.988237,-0.004429,0.035125,-0.007025,30.99,66.5327296410078
28952,-8.477173,-3.592823,3.988835,-0.004429,0.03146,-0.007636,30.99,66.5760846375245
28962,-8.477173,-3.58385,3.987639,-0.004123,0.027947,-0.007941,31.01,66.5744107669781
28972,-8.473583,-3.584448,3.97747,-0.003665,0.025809,-0.007941,31.01,66.6207626154165
28982,-8.469396,-3.59402,3.979862,-0.003054,0.021228,-0.008094,31.03,66.6079385820243
28992,-8.470592,-3.582654,3.976871,-0.00336,0.017562,-0.008705,31.03,66.6160702531968
29002,-8.473583,-3.588636,3.9673,-0.00336,0.009468,-0.008094,31.04,66.6778402659037
29012,-8.474181,-3.591029,3.972086,-0.002749,0.006109,-0.008399,31.03,66.6560781251087
29022,-8.475378,-3.585046,3.97747,-0.002749,0.002138,-0.009621,31.03,66.6250401520983
29032,-8.480762,-3.586841,3.973282,-0.002749,-0.002596,-0.008705,31.05,66.6598278413324
29042,-8.472985,-3.586841,3.976871,-0.003512,-0.005803,-0.009163,31.05,66.6247715997488
29052,-8.472386,-3.582056,3.979862,-0.002902,-0.009621,-0.009774,31.02,66.6035965730721
29062,-8.472386,-3.6006,3.970291,-0.003207,-0.013134,-0.009468,31.02,66.6702220770685
29072,-8.48136,-3.583252,3.975077,-0.00336,-0.017562,-0.009927,31.05,66.6484956043763
29082,-8.469396,-3.588037,3.975675,-0.003971,-0.021228,-0.010232,31.05,66.6246096291609
29092,-8.457432,-3.584448,3.98405,-0.002902,-0.02474,-0.010232,31.06,66.5524279236399
29102,-8.458628,-3.581457,3.99721,-0.003207,-0.027642,-0.010232,31.06,66.4832258356691
29112,-8.470592,-3.594618,3.985246,-0.002902,-0.030849,-0.01069,31.05,66.582731556556
29122,-8.460423,-3.599404,3.990032,-0.002291,-0.032529,-0.010079,31.05,66.5406143705392
29132,-8.452645,-3.582654,3.990032,-0.002596,-0.033903,-0.009316,31.05,66.5093830005499
29142,-8.450851,-3.59043,3.986442,-0.003512,-0.036194,-0.008705,31.05,66.5313912235942
29152,-8.461619,-3.586243,4.005585,-0.003512,-0.037263,-0.009468,31.04,66.4498745352795
29162,-8.446664,-3.599404,4.011567,-0.004123,-0.038179,-0.010079,31.04,66.3988310172023
29172,-8.433504,-3.584448,4.009174,-0.002749,-0.036499,-0.009163,31.04,66.3701894380482
29182,-8.437093,-3.59043,4.012764,-0.003665,-0.036346,-0.009774,31.02,66.364311629264
29192,-8.437692,-3.595216,4.01396,-0.003512,-0.034667,-0.010079,31.02,66.3636078857341
29202,-8.435298,-3.595216,4.019942,-0.003054,-0.032529,-0.009468,31.02,66.3271933269971
29212,-8.427522,-3.588636,4.026522,-0.002749,-0.029322,-0.009468,31.02,66.2703072902455
29222,-8.436494,-3.588636,4.016353,-0.002596,-0.026573,-0.009163,31.04,66.3426136066433
29232,-8.432307,-3.582654,4.03071,-0.001985,-0.022144,-0.008247,31.04,66.2531104353473
29242,-8.431709,-3.592225,4.036692,-0.002902,-0.018784,-0.008399,31.06,66.2291488015754
29252,-8.435897,-3.592823,4.022933,-0.002902,-0.014355,-0.007789,31.06,66.3106293906945
29262,-8.428718,-3.59043,4.027719,-0.002596,-0.009774,-0.007941,31.03,66.2681884281432
29272,-8.426325,-3.585645,4.033103,-0.00336,-0.005651,-0.007941,31.03,66.2305732973725
29282,-8.421539,-3.591627,4.026522,-0.003512,-0.000764,-0.007483,31.03,66.2603219287096
29292,-8.420342,-3.574877,4.035496,-0.002749,0.003971,-0.007636,31.03,66.1955765288324
29302,-8.431709,-3.59402,4.021138,-0.001985,0.008705,-0.007636,31.03,66.3122566660563
29312,-8.426923,-3.595814,4.021737,-0.002902,0.013897,-0.007636,31.03,66.3006069692841
29322,-8.429317,-3.59043,4.028317,-0.002138,0.018784,-0.007025,31.01,66.266324226125
29332,-8.434101,-3.58744,4.023531,-0.002138,0.021991,-0.006872,31.01,66.2988460291645
29342,-8.432307,-3.588636,4.024727,-0.002596,0.026267,-0.006414,31.07,66.289856002161
29352,-8.438888,-3.584448,4.021737,-0.003054,0.033903,-0.005956,31.02,66.3156887471816
29362,-8.432307,-3.585046,4.015755,-0.003512,0.03711,-0.005651,31.02,66.3336670608363
29372,-8.441879,-3.59043,4.01396,-0.00336,0.039248,-0.00672,31.04,66.3681452277476
29382,-8.448458,-3.591029,4.005585,-0.003818,0.041233,-0.005498,31.04,66.4264580544093
29392,-8.446664,-3.591029,4.006183,-0.003818,0.043219,-0.005345,31.07,66.4195446060872
29402,-8.448458,-3.583252,4.005585,-0.004123,0.043982,-0.00504,31.07,66.4195025710626
29412,-8.449057,-3.597011,4.0008,-0.004429,0.045662,-0.004581,31.06,66.4581622861222
29422,-8.446067,-3.58744,4.009174,-0.004123,0.045662,-0.005192,31.06,66.3993899510956
29432,-8.461619,-3.591627,3.987639,-0.004429,0.045204,-0.005803,31.03,66.5487486942167
29442,-8.455039,-3.586841,3.996612,-0.004887,0.044899,-0.005803,31.03,66.4836153754955
29452,-8.456833,-3.580261,3.989433,-0.003971,0.043524,-0.005192,31.02,66.5191935472491
29462,-8.465208,-3.586243,3.978666,-0.003971,0.041386,-0.004887,31.02,66.5985676934431
29472,-8.467003,-3.59402,3.985246,-0.00504,0.03879,-0.005651,31.05,66.574696291827
29482,-8.458628,-3.579663,3.987041,-0.004887,0.036194,-0.005192,31.05,66.5349849364828
29492,-8.464012,-3.588636,3.969693,-0.004887,0.034056,-0.005498,31.04,66.645304890605
29502,-8.465208,-3.588037,3.975077,-0.004734,0.030849,-0.006414,31.04,66.6189983440285
29512,-8.47119,-3.584448,3.976871,-0.004734,0.027336,-0.005956,31.06,66.6189060987828
29522,-8.475977,-3.582654,3.968496,-0.004887,0.019548,-0.006414,31.06,66.6712754612297
29532,-8.480762,-3.585645,3.971487,-0.004734,0.014661,-0.00672,31.02,66.6681903506058
29542,-8.478369,-3.580859,3.966702,-0.004429,0.010232,-0.006872,31.05,66.6841000782998
29552,-8.48136,-3.57727,3.981657,-0.004581,0.005651,-0.007941,31.05,66.6087156196948
29562,-8.475977,-3.589234,3.96072,-0.003971,0.000916,-0.008399,31.01,66.7179074979726
29572,-8.472985,-3.585046,3.973282,-0.003971,-0.003971,-0.008858,31.01,66.6420198507801
29582,-8.468199,-3.585645,3.973282,-0.003512,-0.008247,-0.009468,31.04,66.6325548955378
29592,-8.479566,-3.584448,3.979862,-0.004123,-0.013134,-0.009927,31.04,66.6207115639465
29602,-8.474181,-3.591627,3.983452,-0.003207,-0.017257,-0.009774,31.05,66.5969871692041
29612,-8.474779,-3.580859,3.991827,-0.00336,-0.021533,-0.010843,31.05,66.5448033950675
29622,-8.473583,-3.58385,3.971487,-0.003207,-0.024129,-0.010537,31.01,66.6516340843616
29632,-8.460423,-3.598207,3.988237,-0.003512,-0.027489,-0.010996,31.01,66.5489621462426
29642,-8.465807,-3.595216,3.98405,-0.002443,-0.030085,-0.01069,31.06,66.5795298299416
29652,-8.461619,-3.583252,3.987639,-0.002443,-0.032223,-0.011301,31.06,66.5413072715591
29662,-8.456833,-3.582654,3.994817,-0.002749,-0.034208,-0.011606,31.01,66.4930710314369
29672,-8.458628,-3.58744,3.991827,-0.002596,-0.036346,-0.012065,31.01,66.5167843022479
29682,-8.459825,-3.584448,4.001398,-0.002291,-0.037263,-0.012217,31.04,66.4664460232277
29692,-8.442476,-3.591627,4.001996,-0.001833,-0.03879,-0.012217,31.04,66.4332211208142
29702,-8.459227,-3.585046,4.0008,-0.002443,-0.038179,-0.011912,31.04,66.4688564432345
29712,-8.436494,-3.582654,4.011567,-0.002291,-0.037568,-0.011301,31.04,66.3623411825873
29722,-8.451449,-3.59402,4.015755,-0.002596,-0.036194,-0.010843,31.04,66.382143843103
29732,-8.448458,-3.589234,4.018745,-0.00336,-0.033445,-0.011606,31.07,66.3558848978143
29742,-8.442476,-3.588636,4.006782,-0.002138,-0.031307,-0.011454,31.07,66.405434054811
29752,-8.439486,-3.588037,4.020541,-0.002749,-0.029169,-0.010079,31.02,66.3264472904413
29762,-8.439486,-3.589832,4.016353,-0.002291,-0.025504,-0.010232,31.02,66.350010940403
29772,-8.428718,-3.586243,4.022933,-0.002749,-0.022449,-0.01069,31.01,66.2895001011874
29782,-8.430512,-3.588037,4.024727,-0.002902,-0.017562,-0.009621,31.01,66.2855134902064
29792,-8.426325,-3.589832,4.02413,-0.002902,-0.013897,-0.008552,31.01,66.281390502996
29802,-8.429317,-3.593421,4.029513,-0.003512,-0.010079,-0.009163,31.01,66.2627587313788
29812,-8.419745,-3.596412,4.03071,-0.003512,-0.005498,-0.00901,31.03,66.2388914048679
29822,-8.427522,-3.58744,4.042076,-0.00336,-0.001374,-0.009468,31.03,66.1877391186069
29832,-8.428718,-3.585645,4.029513,-0.00336,0.003512,-0.008399,31,66.2544664602948
29842,-8.420941,-3.589832,4.03071,-0.003054,0.007789,-0.007636,31,66.2354697525674
29852,-8.42812,-3.591029,4.018745,-0.002902,0.012675,-0.007941,31.08,66.314512250935
29862,-8.432905,-3.588037,4.02413,-0.003054,0.017868,-0.00733,31.08,66.2937117117901
29872,-8.423933,-3.591627,4.021737,-0.004276,0.025351,-0.006109,30.99,66.2904920944512
29882,-8.439486,-3.579065,4.016353,-0.003818,0.029169,-0.006261,31.04,66.3403447279485
29892,-8.438289,-3.594618,4.007978,-0.003665,0.03207,-0.006872,31.04,66.3956996863703
29902,-8.438888,-3.588037,4.018147,-0.003818,0.034972,-0.006261,31.02,66.3377303457728
29912,-8.445468,-3.59402,4.011567,-0.005192,0.037568,-0.006567,31.02,66.3914801999811
29922,-8.441879,-3.595216,4.025924,-0.004581,0.040317,-0.005498,31.04,66.3097659896034
29932,-8.447262,-3.581457,4.006183,-0.004276,0.041692,-0.00504,31.04,66.4122408700971
29942,-8.440084,-3.584448,4.006782,-0.004429,0.042455,-0.004887,31.04,66.3966354611136
29952,-8.450253,-3.582654,4.006782,-0.004123,0.04215,-0.005651,31.04,66.4164740653305
29962,-8.450253,-3.583252,3.993023,-0.003971,0.042761,-0.005345,31.05,66.4891888342255
29972,-8.451449,-3.578466,3.991228,-0.003665,0.043371,-0.004734,31.05,66.4968625454325
29982,-8.451449,-3.594618,3.998407,-0.003818,0.042608,-0.00504,31.05,66.4735988494837
29992,-8.462815,-3.593421,3.991228,-0.004429,0.040623,-0.004734,31.05,66.5340265664609
30002,-8.465208,-3.586243,3.999005,-0.003818,0.039401,-0.005192,31.05,66.4918925083986
30012,-8.467003,-3.598207,3.983452,-0.003818,0.038179,-0.005803,31.05,66.5878231611693
30022,-8.46102,-3.588636,3.980461,-0.003818,0.034819,-0.005345,31.06,66.5825047816605
30032,-8.469995,-3.576672,3.97747,-0.003818,0.031765,-0.005651,31.06,66.6063913096555
30042,-8.472386,-3.585645,3.972684,-0.003665,0.025045,-0.005651,31.02,66.6444374151096
30052,-8.475378,-3.592225,3.97747,-0.003512,0.021075,-0.006109,31.03,66.631385512291
30062,-8.474181,-3.585645,3.974478,-0.003665,0.017257,-0.006109,31.03,66.6387687694071
30072,-8.475378,-3.582654,3.970889,-0.002902,0.012675,-0.006261,31.02,66.6574636533745
30082,-8.476574,-3.582056,3.978666,-0.003054,0.008247,-0.00672,31.02,66.6186237570735
30092,-8.478369,-3.597609,3.97388,-0.002749,0.003818,-0.007483,31.05,66.6612105960466
30102,-8.472985,-3.59043,3.978068,-0.002749,-0.000611,-0.00733,31.05,66.6216659026068
30112,-8.477173,-3.589234,3.975077,-0.003054,-0.005498,-0.007789,31.05,66.6450392534397
30122,-8.477173,-3.594618,3.9673,-0.003054,-0.009774,-0.008858,31.05,66.6905993020808
30132,-8.465208,-3.595216,3.969693,-0.002596,-0.013134,-0.008399,31.01,66.6536293904217
30142,-8.477173,-3.583252,3.975077,-0.002902,-0.016188,-0.008094,31.01,66.6397587094178
30152,-8.47119,-3.58385,3.969693,-0.003207,-0.020617,-0.00901,31.01,66.6560586186568
30162,-8.467003,-3.582654,3.979862,-0.003207,-0.023366,-0.009163,31.01,66.5928664070933
30172,-8.474181,-3.585645,3.974478,-0.003054,-0.026725,-0.008858,31.04,66.6387687694071
30182,-8.46102,-3.586243,3.982255,-0.002749,-0.029169,-0.008705,31.04,66.5709632416623
30192,-8.457432,-3.584448,3.985844,-0.003512,-0.030543,-0.00901,31.01,66.5430102361613
30202,-8.447262,-3.596412,3.994219,-0.002749,-0.03207,-0.009927,31.01,66.4883768687383
30212,-8.452645,-3.595216,4.006782,-0.003054,-0.033445,-0.010232,31.03,66.4327419337421
30222,-8.460423,-3.580261,3.999603,-0.002596,-0.033903,-0.009468,31.02,66.4733863501822
30232,-8.442476,-3.583252,4.010969,-0.002443,-0.033445,-0.010385,31.02,66.3786498760255
30242,-8.438888,-3.585645,4.002594,-0.002443,-0.032987,-0.010996,31.06,66.4171622518268
30252,-8.452645,-3.585046,3.996014,-0.003054,-0.031307,-0.010843,31.06,66.480120755021
30262,-8.429317,-3.592823,4.010371,-0.002138,-0.029627,-0.010232,31.03,66.3625927238573
30272,-8.432905,-3.595814,4.009772,-0.002443,-0.027031,-0.010385,31.03,66.3760055164492
30282,-8.439486,-3.585645,4.019942,-0.002902,-0.024435,-0.010079,31.03,66.3274368393544
30292,-8.433504,-3.59402,4.014558,-0.002749,-0.02138,-0.009927,31.03,66.3505518090245
30302,-8.432905,-3.59043,4.019942,-0.003512,-0.018173,-0.010079,30.99,66.3178213384669
30312,-8.435897,-3.591627,4.022335,-0.002596,-0.01405,-0.010079,30.99,66.3126858034478
30322,-8.432307,-3.589832,4.019344,-0.002291,-0.010385,-0.009927,31.02,66.3191527972995
30332,-8.418548,-3.585645,4.018147,-0.002443,-0.00733,-0.009468,31.02,66.2925103867533
30342,-8.434101,-3.599404,4.031308,-0.002138,-0.003207,-0.009316,31.06,66.268896808915
30352,-8.426325,-3.605386,4.019942,-0.002596,0.00168,-0.009163,31.06,66.3174057238028
30362,-8.444869,-3.58385,4.021737,-0.002749,0.005651,-0.00901,31.04,66.3278015270914
30372,-8.429317,-3.593421,4.032505,-0.002902,0.009163,-0.009163,31.04,66.247083896578
30382,-8.440681,-3.586841,4.022335,-0.003207,0.016341,-0.008247,31.03,66.3184987129051
30392,-8.42812,-3.591029,4.015755,-0.003665,0.020159,-0.008399,31.06,66.3301963004749
30402,-8.433504,-3.602395,4.015755,-0.004429,0.023366,-0.007941,31.06,66.3518218505009
30412,-8.44128,-3.600002,4.015156,-0.003818,0.026114,-0.00733,31,66.3692141062155
30422,-8.445468,-3.596412,4.017549,-0.003665,0.029322,-0.007025,31,66.3622828122536
30432,-8.44427,-3.58744,4.011567,-0.003971,0.030391,-0.007789,31.04,66.3830537594993
30442,-8.435897,-3.604787,4.012764,-0.003971,0.032223,-0.007789,31.04,66.3747073656001
30452,-8.437692,-3.591029,4.004987,-0.004276,0.03375,-0.007789,31.05,66.4069098526639
30462,-8.447262,-3.591029,4.009772,-0.004276,0.034819,-0.007483,31.05,66.4019885426489
30472,-8.453244,-3.594618,4.001996,-0.003971,0.035736,-0.006414,31.07,66.4585522311599
30482,-8.455637,-3.601198,4.012166,-0.004276,0.036041,-0.006414,31.07,66.4161868502971
30492,-8.452645,-3.589832,3.998407,-0.003818,0.034819,-0.005956,31.07,66.4718375696585
30502,-8.453843,-3.592823,4.0008,-0.004276,0.034514,-0.005956,31.07,66.4644776007088
30512,-8.463414,-3.592225,3.995416,-0.004887,0.032529,-0.006109,31.02,66.512261265735
30522,-8.461619,-3.594618,3.989433,-0.004581,0.03146,-0.007025,31.02,66.5419992428568
30532,-8.462217,-3.583252,3.988237,-0.003665,0.030391,-0.00672,31.03,66.5394235096289
30542,-8.464012,-3.585046,3.979862,-0.003665,0.027642,-0.007483,31.03,66.5887265310282
30552,-8.471789,-3.582654,3.985246,-0.004123,0.024587,-0.006872,31.06,66.5746344076419
30562,-8.460423,-3.584448,3.976273,-0.003665,0.0197,-0.006261,31.02,66.5995300259096
30572,-8.472985,-3.585645,3.976871,-0.003512,0.015424,-0.006567,31.02,66.6237143281143
30582,-8.465807,-3.58385,3.996014,-0.003512,0.01237,-0.007025,31.06,66.50669959997
30592,-8.460423,-3.591029,3.985246,-0.003512,0.008552,-0.007941,31.06,66.5582669953996
30602,-8.467003,-3.586243,3.979862,-0.003818,0.00504,-0.008094,31.04,66.5960449062328
30612,-8.470592,-3.580261,3.979264,-0.00336,0.002138,-0.007636,31.04,66.6013959166692
30622,-8.479566,-3.591029,3.987639,-0.003054,-0.001527,-0.007789,31,66.5857633749798
30632,-8.469995,-3.586841,3.975077,-0.00336,-0.00504,-0.008705,31,66.6279413779386
30642,-8.463414,-3.589234,3.978068,-0.002443,-0.007789,-0.008399,31.04,66.6006062042195
30652,-8.46461,-3.588037,3.98405,-0.002902,-0.010385,-0.008399,31.04,66.5706522438315
30662,-8.465208,-3.588636,3.985246,-0.003207,-0.013439,-0.008705,31.03,66.5661609917155
30672,-8.468199,-3.58385,3.98405,-0.002291,-0.016341,-0.008705,31.03,66.5744528532313
30682,-8.458628,-3.586841,3.981059,-0.002443,-0.018784,-0.009163,31.04,66.5727631361133
30692,-8.467602,-3.592225,3.991827,-0.002291,-0.020464,-0.008858,31.04,66.5398503374177
30702,-8.457432,-3.588636,3.99721,-0.00168,-0.022144,-0.008858,31.02,66.4871059990882
30712,-8.465807,-3.584448,3.998407,-0.001833,-0.02306,-0.009316,31.02,66.4946880801805
30722,-8.450851,-3.594618,3.988835,-0.002749,-0.024282,-0.009468,31.03,66.5225640996928
30732,-8.451449,-3.580859,3.997808,-0.003054,-0.024587,-0.008552,31.03,66.4644597522755
30742,-8.450851,-3.586841,4.009174,-0.002443,-0.025351,-0.008705,31.03,66.4089371344035
30752,-8.449057,-3.594618,3.994219,-0.002138,-0.024893,-0.008247,31.04,66.4905434157648
30762,-8.444869,-3.585046,4.010969,-0.002749,-0.023976,-0.008552,31.04,66.3853077240052
30772,-8.450851,-3.579663,4.016951,-0.002749,-0.022755,-0.009163,31,66.3617634569618
30782,-8.441879,-3.597609,4.00379,-0.002902,-0.021075,-0.008399,31,66.4279160599832
30792,-8.447262,-3.585046,4.015156,-0.003207,-0.019242,-0.008247,31.04,66.3684105249959
30802,-8.446664,-3.601198,4.009772,-0.003818,-0.016799,-0.007941,31.04,66.4098473670176
30812,-8.442476,-3.588037,4.016353,-0.003512,-0.014661,-0.00733,31.05,66.3547143952853
30822,-8.435897,-3.585046,4.025924,-0.003665,-0.012217,-0.008247,31.05,66.2879531501872
30832,-8.438888,-3.582056,4.016353,-0.003818,-0.00901,-0.007483,31.06,66.3417637855138
30842,-8.438888,-3.586841,4.020541,-0.00336,-0.005803,-0.00672,31.06,66.3241076455018
30852,-8.431709,-3.593421,4.012166,-0.004734,-0.002902,-0.007789,31.03,66.3587666685911
30862,-8.433504,-3.585046,4.020541,-0.004123,0.000458,-0.007483,31.03,66.311100991584
30872,-8.443074,-3.577868,4.019942,-0.003512,0.003207,-0.007941,31.01,66.3280462196618
30882,-8.432905,-3.582056,4.030112,-0.004276,0.007636,-0.00672,31.01,66.256973450417
30892,-8.433504,-3.59402,4.010371,-0.004887,0.01069,-0.006109,31.07,66.3725132020488
30902,-8.432307,-3.592225,4.015156,-0.004734,0.016341,-0.007178,31.07,66.3432698541999
30912,-8.444869,-3.582654,4.009772,-0.003207,0.019853,-0.00733,31.03,66.3894422319182
30922,-8.441879,-3.581457,4.01396,-0.003818,0.022907,-0.007636,31.05,66.3600960526135
30932,-8.439486,-3.593421,4.011567,-0.003665,0.02474,-0.006414,31.05,66.378327257887
30942,-8.438888,-3.585645,4.007978,-0.003971,0.026114,-0.007178,31.06,66.3889096957605
30952,-8.449057,-3.580859,4.005585,-0.003512,0.028253,-0.007025,31.06,66.4186267382637
30962,-8.452048,-3.586841,4.010371,-0.004276,0.028863,-0.006872,31.05,66.4051858424491
30972,-8.450253,-3.588037,4.012166,-0.003818,0.030085,-0.007178,31.05,66.3930664021304
30982,-8.450253,-3.586841,4.016951,-0.002749,0.030543,-0.00733,31.07,66.3669256182174
30992,-8.455039,-3.589234,3.99721,-0.00336,0.031307,-0.00733,31.07,66.4826125472093
31002,-8.459227,-3.594618,4.002594,-0.00336,0.030391,-0.008094,30.99,66.4679881989182
31012,-8.452048,-3.585645,3.996612,-0.003971,0.02978,-0.007178,30.99,66.4762624480542
31022,-8.459227,-3.580261,3.993023,-0.003818,0.028558,-0.008094,31.04,66.5053827103509
31032,-8.458628,-3.585046,3.994817,-0.003054,0.0281,-0.008247,31.04,66.4989702112442
31042,-8.472386,-3.59402,3.991228,-0.003665,0.026267,-0.008247,31.06,66.5545971956582
31052,-8.461619,-3.586243,3.989433,-0.003665,0.023671,-0.008552,31.06,66.5345518669031
31062,-8.46102,-3.58744,3.994219,-0.003512,0.021075,-0.007178,31.06,66.5092576077427
31072,-8.475977,-3.582654,3.98405,-0.002902,0.018937,-0.007025,31.06,66.5896673605811
31082,-8.475378,-3.588636,3.984648,-0.003665,0.013439,-0.008705,31.04,66.5905703423408
31092,-8.469396,-3.586243,3.98405,-0.003512,0.01069,-0.007789,31.05,66.5790779058965
31102,-8.470592,-3.588636,3.982853,-0.003512,0.007941,-0.008705,31.05,66.589977918757
31112,-8.471789,-3.571288,3.991228,-0.003971,0.004581,-0.008858,31.04,66.5332088408573
31122,-8.478369,-3.585046,3.985844,-0.00336,0.000458,-0.007941,31.04,66.5873775404519
31132,-8.463414,-3.57069,3.980461,-0.003971,-0.002291,-0.00901,31.07,66.5716169379135
31142,-8.465208,-3.588636,3.983452,-0.003665,-0.004887,-0.008858,31.07,66.5755729687017
31152,-8.453843,-3.575475,3.983452,-0.004276,-0.007483,-0.009316,31.07,66.5400679746741
31162,-8.462217,-3.58385,3.990032,-0.003971,-0.009774,-0.008552,31.07,66.5305375985768
31172,-8.472386,-3.584448,3.996014,-0.003054,-0.010996,-0.008552,31.02,66.5210276997785
31182,-8.462217,-3.58744,3.985246,-0.003665,-0.013439,-0.008552,31.02,66.5588358160524
31192,-8.457432,-3.573082,3.988237,-0.004123,-0.014813,-0.008399,31.04,66.520353219121
31202,-8.467602,-3.579663,3.996612,-0.003971,-0.015882,-0.009316,31.04,66.5036147527164
31212,-8.450253,-3.592823,3.988835,-0.003971,-0.017715,-0.009774,31.02,66.5197077520849
31222,-8.449057,-3.586243,3.994817,-0.004276,-0.018021,-0.00901,31.02,66.4799262647478
31232,-8.447861,-3.594618,4.006782,-0.003818,-0.019242,-0.00901,31.06,66.4221390837131
31242,-8.449656,-3.58744,4.009772,-0.003512,-0.01909,-0.008247,31.06,66.4038204145285
31252,-8.458031,-3.595814,3.999603,-0.003207,-0.018021,-0.009468,31.04,66.4822194017329
31262,-8.447861,-3.58744,4.0008,-0.003512,-0.018326,-0.009621,31.04,66.4470863549281
31272,-8.44128,-3.589832,3.999005,-0.003512,-0.017257,-0.008705,31.04,66.4447905433589
31282,-8.440681,-3.59043,4.00379,-0.003665,-0.016035,-0.007941,31.04,66.4189542412078
31292,-8.446664,-3.59043,4.012166,-0.003818,-0.014661,-0.007941,31.04,66.3876431855714
31302,-8.441879,-3.588636,4.013362,-0.003971,-0.012828,-0.008552,31.06,66.369669973225
31312,-8.444869,-3.601198,4.013362,-0.003818,-0.012217,-0.008399,31.06,66.3872552933989
31322,-8.44128,-3.594618,4.006782,-0.003207,-0.010079,-0.008705,31.08,66.4082776769744
31332,-8.437093,-3.59402,4.015156,-0.003512,-0.007636,-0.007025,31.08,66.3549970376899
31342,-8.430512,-3.588636,4.01396,-0.003665,-0.005803,-0.00733,31.04,66.3425172024305
31352,-8.44128,-3.594618,4.013362,-0.003207,-0.003818,-0.00733,31.04,66.3737769296669
31362,-8.438888,-3.600002,4.01396,-0.002902,-0.00168,-0.00733,31.03,66.3704372007246
31372,-8.441879,-3.57727,4.013362,-0.004123,0.000153,-0.006872,31.03,66.3594802284847
31382,-8.433504,-3.595814,4.019344,-0.003512,0.002596,-0.007636,31.03,66.3270743753141
31392,-8.440681,-3.595216,4.018147,-0.00336,0.004734,-0.007941,31.03,66.3479722746782
31402,-8.439486,-3.581457,4.012764,-0.00336,0.007025,-0.007483,31.02,66.3613115160231
31412,-8.435897,-3.59402,4.016951,-0.003207,0.009621,-0.007178,31.02,66.3430603401451
31422,-8.435897,-3.584448,4.010969,-0.003665,0.012981,-0.007025,31.07,66.3658272590439
31432,-8.439486,-3.585046,4.002594,-0.003665,0.014508,-0.007789,31.02,66.417886634346
31442,-8.44128,-3.595814,4.009772,-0.003207,0.016341,-0.006567,31.02,66.3936719457842
31452,-8.433504,-3.579065,4.010371,-0.003207,0.017562,-0.006567,31.02,66.3590745068273
31462,-8.450253,-3.591029,4.010371,-0.003971,0.019395,-0.006414,31.02,66.405151101634
31472,-8.438289,-3.596412,4.006183,-0.003207,0.02138,-0.006109,31.02,66.4067267959377
31482,-8.462217,-3.604189,4.012166,-0.002596,0.02306,-0.006109,31.02,66.4326935209662
31492,-8.455637,-3.591627,4.001996,-0.003818,0.024129,-0.005651,31.02,66.4609100985464
31502,-8.451449,-3.58385,4.002594,-0.003512,0.024282,-0.005803,31.02,66.4420224794468
31512,-8.453843,-3.591029,4.001398,-0.002902,0.024129,-0.005956,31.06,66.4597401045538
31522,-8.446067,-3.58744,4.001996,-0.00336,0.023518,-0.008094,31.06,66.4370352312449
31532,-8.451449,-3.573082,4.011567,-0.00336,0.023824,-0.00672,31.02,66.3853624929392
31542,-8.46102,-3.582654,4.011567,-0.003512,0.023366,-0.00733,31.02,66.414079759184
31552,-8.460423,-3.576073,3.992425,-0.003665,0.022907,-0.00672,31.05,66.5073115998615
31562,-8.462815,-3.586243,3.99721,-0.002749,0.021991,-0.007483,31.05,66.4962778688456
31572,-8.46102,-3.583252,3.991228,-0.003207,0.020769,-0.008094,31.07,66.52122132673
31582,-8.46461,-3.586841,3.991228,-0.003512,0.019242,-0.007178,31.07,66.5319390041211
31592,-8.470592,-3.596412,3.993023,-0.002902,0.017562,-0.007789,31.08,66.5435619391252
31602,-8.46461,-3.589832,3.990032,-0.002443,0.013592,-0.006872,31.02,66.5408680435956
31612,-8.465208,-3.591029,3.988835,-0.002443,0.011454,-0.008247,31.02,66.5494612850861
31622,-8.456833,-3.589234,3.98405,-0.003207,0.008552,-0.008705,31.02,66.5554269960376
31632,-8.472386,-3.595216,3.987041,-0.002902,0.006567,-0.007636,31.02,66.5776019265505
31642,-8.472985,-3.597609,3.987639,-0.002443,0.004123,-0.008858,31.04,66.5778425387378
31652,-8.465208,-3.586841,3.994219,-0.003054,0.001985,-0.00901,31.04,66.5175102416402
31662,-8.477173,-3.585645,3.987041,-0.002749,-0.000458,-0.00901,31.04,66.5791326034238
31672,-8.468798,-3.592225,3.985844,-0.003054,-0.003512,-0.008399,31.04,66.5737216536803
31682,-8.463414,-3.589832,3.979264,-0.003512,-0.005803,-0.008552,31.03,66.5948585643992
31692,-8.46102,-3.59043,3.980461,-0.003512,-0.007483,-0.007789,31.03,66.5840976445996
31702,-8.465807,-3.588636,3.991827,-0.003512,-0.009927,-0.008247,31.05,66.53290149674
31712,-8.462815,-3.594618,3.991827,-0.002749,-0.011454,-0.008858,31.05,66.5319508487176
31722,-8.452645,-3.581457,3.985844,-0.00336,-0.012675,-0.00901,31.06,66.5303063585384
31732,-8.470592,-3.589234,3.987041,-0.003207,-0.015272,-0.009468,31.06,66.5685454230708
31742,-8.469995,-3.586841,3.991827,-0.003818,-0.016188,-0.009163,31,66.540082764723
31752,-8.449057,-3.589832,3.991827,-0.003512,-0.017257,-0.00901,31,66.4988224480836
31762,-8.447262,-3.593421,3.993621,-0.003512,-0.017715,-0.009163,31.04,66.4888410722238
31772,-8.456235,-3.581457,3.999005,-0.003512,-0.018784,-0.008399,31.05,66.4687812353185
31782,-8.446664,-3.594618,4.005585,-0.003054,-0.019242,-0.008399,31.05,66.4258947383372
31792,-8.449057,-3.595216,3.995416,-0.003512,-0.018326,-0.00901,31.08,66.4847974024607
31802,-8.438888,-3.591029,4.004987,-0.004123,-0.018021,-0.008858,31.08,66.4094316057156
31812,-8.440084,-3.588636,4.014558,-0.004734,-0.018173,-0.008858,31.04,66.3596097557797
31822,-8.441879,-3.588037,4.018147,-0.004429,-0.016493,-0.008247,31.04,66.3440510690175
31832,-8.446067,-3.591627,4.020541,-0.004123,-0.015272,-0.007941,31,66.3435775923862
31842,-8.440681,-3.589832,4.004389,-0.004734,-0.013592,-0.008094,31,66.4152754017251
31852,-8.428718,-3.586243,4.010969,-0.004429,-0.011606,-0.008705,31.04,66.3522649339135
31862,-8.443074,-3.583252,4.007978,-0.004276,-0.009468,-0.00733,31.04,66.3955989341769
31872,-8.436494,-3.591029,4.006782,-0.004581,-0.006872,-0.007636,31.05,66.3949645441234
31882,-8.435298,-3.599404,4.018745,-0.004276,-0.004887,-0.007789,31.05,66.3372408544586
31892,-8.44427,-3.592225,4.021737,-0.003818,-0.002596,-0.008399,31.04,66.3340554877429
31902,-8.439486,-3.582654,4.009772,-0.003665,-0.000458,-0.008094,31.04,66.3780787941962
31912,-8.437692,-3.58385,4.02413,-0.003971,0.002749,-0.008399,31.02,66.3000791593521
31922,-8.44128,-3.597011,4.009174,-0.003818,0.005956,-0.007178,31.02,66.3978823762048
31932,-8.437093,-3.592225,4.024727,-0.003971,0.007789,-0.008552,31.07,66.3032210492842
31942,-8.440084,-3.585046,4.008576,-0.00336,0.011912,-0.007178,31.07,66.3877597815057
31952,-8.435298,-3.588037,4.013362,-0.003971,0.013744,-0.008094,31.05,66.3552326895622
31962,-8.445468,-3.59043,4.018147,-0.00336,0.016341,-0.007483,31.03,66.3537790035523
31972,-8.44128,-3.588037,4.010371,-0.002902,0.018173,-0.006261,31.03,66.3835512744627
31982,-8.443074,-3.582654,4.015156,-0.003818,0.019395,-0.00733,31.05,66.3574233184908
31992,-8.443074,-3.591029,4.010969,-0.003665,0.021075,-0.00733,31.05,66.3868842184205
32002,-8.432905,-3.588037,4.010371,-0.003512,0.022602,-0.007025,31.05,66.3658673222998
32012,-8.437093,-3.589832,4.010371,-0.003818,0.023518,-0.006567,31.05,66.3763252191691
32022,-8.44427,-3.581457,4.00379,-0.003512,0.024587,-0.00733,31.02,66.4184856759691
32032,-8.454441,-3.584448,4.008576,-0.003665,0.025045,-0.008094,31.02,66.4174956080428
32042,-8.450253,-3.595216,3.999603,-0.004429,0.025504,-0.008858,31.06,66.4653477503787
32052,-8.455039,-3.589234,3.994817,-0.004581,0.025198,-0.008247,31.06,66.4951639676631
32062,-8.445468,-3.591029,4.001398,-0.004123,0.02474,-0.008094,31.04,66.442122406156
32072,-8.449656,-3.594618,3.997808,-0.003818,0.025045,-0.00672,31.04,66.4729729872082
32082,-8.464012,-3.59043,3.993023,-0.003971,0.023976,-0.008094,31.05,66.5244631716378
32092,-8.456235,-3.589234,4.003192,-0.004276,0.02306,-0.007636,31.05,66.453762018552
32102,-8.459227,-3.589234,3.995416,-0.003512,0.021533,-0.008247,31.01,66.5008147865077
32112,-8.459227,-3.584448,3.982255,-0.003207,0.018784,-0.00733,31.01,66.5656137554683
32122,-8.469396,-3.588037,3.992425,-0.003665,0.016493,-0.007025,31.06,66.5367546260474
32132,-8.466404,-3.589832,3.976273,-0.004276,0.01405,-0.007636,31.05,66.6168092922927
32142,-8.469396,-3.601198,3.986442,-0.003512,0.011606,-0.00733,31.05,66.5798034088132
32152,-8.465807,-3.59043,3.980461,-0.003207,0.008399,-0.007941,31.06,66.5941115426028
32162,-8.467003,-3.592823,3.978666,-0.003512,0.006261,-0.008094,31.06,66.6081528367148
32172,-8.463414,-3.586841,3.991228,-0.003971,0.004429,-0.007789,31.02,66.5294316754777
32182,-8.459227,-3.588636,3.984648,-0.003971,0.002138,-0.007789,31.02,66.5567727315241
32192,-8.458628,-3.59402,3.989433,-0.004123,-0.000916,-0.008552,31.03,66.5352001072395
32203,-8.471789,-3.591627,3.995416,-0.004276,-0.003971,-0.008247,31.03,66.5292801916986
32212,-8.470592,-3.59402,3.991827,-0.004123,-0.006261,-0.008552,31.07,66.5477043666007
32222,-8.456235,-3.58744,3.992425,-0.003971,-0.008705,-0.008399,31.07,66.5086249823951
32232,-8.472386,-3.586841,3.99063,-0.004123,-0.011301,-0.008399,31.07,66.5513641389243
32242,-8.468798,-3.586841,3.988835,-0.003512,-0.013134,-0.008247,31.07,66.5532617472503
32252,-8.469396,-3.592225,3.996612,-0.003971,-0.014813,-0.008399,31.08,66.5185324796712
32262,-8.458628,-3.588037,3.99063,-0.003512,-0.016341,-0.007941,31.08,66.5235949889714
32272,-8.456833,-3.593421,3.996612,-0.003054,-0.017715,-0.007178,31.05,66.4932500329623
32282,-8.455039,-3.586243,3.993621,-0.00336,-0.018326,-0.008552,31.05,66.4987728027059
32292,-8.441879,-3.58385,3.997808,-0.003207,-0.020311,-0.008399,31.07,66.4469822403571
32302,-8.448458,-3.593421,4.001398,-0.002596,-0.020311,-0.008552,31.04,66.4505543236732
32312,-8.444869,-3.586243,4.0008,-0.002902,-0.020617,-0.008094,31.04,66.4397166442391
32322,-8.441879,-3.588037,4.007978,-0.003665,-0.020311,-0.008858,31.05,66.3973651588686
32332,-8.443673,-3.58744,4.015156,-0.002749,-0.018937,-0.008705,31.05,66.362980140376
32342,-8.448458,-3.591029,4.019344,-0.00336,-0.017715,-0.008094,31.07,66.3543573965994
32352,-8.445468,-3.589832,4.015755,-0.003207,-0.016952,-0.007025,31.07,66.3657755139963
32362,-8.441879,-3.591029,4.009174,-0.003971,-0.016646,-0.007178,31.02,66.393775878225
32372,-8.432307,-3.593421,4.01396,-0.003207,-0.013744,-0.007636,31.02,66.3506196691409
32382,-8.436494,-3.591029,4.013362,-0.003665,-0.012217,-0.007025,31.04,66.3604489548319
32392,-8.445468,-3.589832,4.022335,-0.002902,-0.009927,-0.00672,31.04,66.3313045854425
32402,-8.438888,-3.586243,4.017549,-0.00336,-0.007178,-0.007941,31.05,66.3392530944234
32412,-8.443673,-3.588636,4.029513,-0.003818,-0.004581,-0.007941,31.05,66.2888484914484
32422,-8.434101,-3.588636,4.021737,-0.003665,-0.002596,-0.006872,31.07,66.309326436094
32432,-8.429317,-3.595216,4.011567,-0.002902,0.000305,-0.00733,31.07,66.3584726524169
32442,-8.429914,-3.588037,4.012166,-0.004276,0.00336,-0.007789,31.05,66.350126515007
32452,-8.43111,-3.586841,4.015755,-0.003512,0.00672,-0.005651,31.05,66.3327497127006
32462,-8.425727,-3.59402,4.020541,-0.004734,0.011759,-0.00672,31.07,66.3027262386146
32472,-8.433504,-3.582654,4.008576,-0.004123,0.013897,-0.006872,31.02,66.3717169815156
32482,-8.44128,-3.595216,4.020541,-0.004429,0.017257,-0.006567,31.02,66.336694089885
32492,-8.434101,-3.595216,4.012764,-0.004581,0.019853,-0.006567,31.07,66.3622979547155
32502,-8.437093,-3.591029,4.00379,-0.004429,0.021991,-0.006567,31.07,66.4119281974609
32512,-8.436494,-3.596412,4.008576,-0.004734,0.024129,-0.005956,31.04,66.3903898126646
32522,-8.448458,-3.597011,4.010969,-0.005192,0.025198,-0.006872,31.04,66.4035961215431
32532,-8.441879,-3.586841,4.006183,-0.00504,0.026725,-0.006109,31.04,66.4057087847219
32542,-8.44427,-3.589832,4.004987,-0.004734,0.027336,-0.006567,31.04,66.4197016514673
32552,-8.444869,-3.592823,4.015755,-0.004276,0.028711,-0.006109,31.05,66.3671954515147
32562,-8.440084,-3.594618,4.002594,-0.004581,0.028711,-0.007025,31.05,66.4277271793477
32572,-8.455637,-3.58744,4.004389,-0.004123,0.029169,-0.00672,31.04,66.4446290317
32582,-8.458031,-3.593421,3.993023,-0.004123,0.028558,-0.007025,31.04,66.5145846352688
32592,-8.449057,-3.588636,4.004987,-0.003971,0.029627,-0.006872,31.05,66.4287139195576
32602,-8.462815,-3.58744,3.993023,-0.004581,0.028558,-0.007178,31.05,66.519294827362
32612,-8.470592,-3.586243,3.996612,-0.004581,0.027336,-0.00733,31.02,66.5157262282514
32622,-8.462217,-3.582654,3.978068,-0.003665,0.025656,-0.008552,31.02,66.592268130923
32632,-8.46461,-3.585046,3.987639,-0.003665,0.022907,-0.007789,31.07,66.5491691210876
32642,-8.460423,-3.588037,3.982255,-0.003971,0.021075,-0.007789,31.01,66.5713058742553
32652,-8.466404,-3.591029,3.986442,-0.004429,0.018784,-0.008094,31.01,66.564515087723
32662,-8.467003,-3.586841,3.981657,-0.003665,0.016188,-0.00733,31.08,66.5871554536652
32672,-8.47119,-3.58385,3.983452,-0.003665,0.013592,-0.007483,31.08,66.5838489592972
32682,-8.475977,-3.580261,3.972086,-0.003971,0.010079,-0.008247,31.06,66.6503203656732
32692,-8.465807,-3.595814,3.97747,-0.003512,0.006567,-0.00901,31.06,66.6145832342736
32702,-8.477771,-3.58744,3.982853,-0.003971,0.004123,-0.009163,31.04,66.6039232081424
32712,-8.472985,-3.589832,3.982853,-0.003971,0.000611,-0.008247,31.04,66.5960394716958
32722,-8.472386,-3.596412,3.974478,-0.004581,-0.003207,-0.009774,31.07,66.6445444279146
32732,-8.472386,-3.585046,3.97388,-0.003818,-0.005803,-0.009468,31.07,66.6376305491652
32742,-8.467003,-3.59043,3.980461,-0.004276,-0.008552,-0.009774,31.06,66.5966123210127
32752,-8.467003,-3.589832,3.983452,-0.003665,-0.010843,-0.009468,31.06,66.580389788839
32762,-8.468798,-3.586841,3.996612,-0.003512,-0.013897,-0.00901,31.02,66.5124957877764
32772,-8.459227,-3.598207,3.985246,-0.004123,-0.016799,-0.009774,31.02,66.5621487230922
32782,-8.467003,-3.589832,3.982255,-0.003818,-0.018784,-0.009468,31.04,66.5866694416079
32792,-8.465807,-3.588636,3.996014,-0.004276,-0.021686,-0.010079,31.04,66.5109525622244
32802,-8.451449,-3.59402,4.001398,-0.004276,-0.02306,-0.010385,31,66.4573797001996
32812,-8.450851,-3.586841,3.99721,-0.002902,-0.025809,-0.009468,31.04,66.4716753674156
32822,-8.456235,-3.59402,4.00379,-0.003512,-0.026878,-0.008858,31.04,66.4549009506096
32832,-8.456833,-3.592225,4.001996,-0.003971,-0.027642,-0.009468,31.02,66.4639573306802
32842,-8.447262,-3.595216,4.013362,-0.003512,-0.027336,-0.009621,31.02,66.3869276909599
32852,-8.4347,-3.597609,4.001398,-0.00336,-0.027184,-0.009163,31.04,66.4253476427127
32862,-8.446664,-3.58385,4.011567,-0.002443,-0.026267,-0.00901,31.04,66.3848889468447
32872,-8.442476,-3.594618,4.010371,-0.002902,-0.025045,-0.008705,31.04,66.3919789724928
32882,-8.444869,-3.597609,4.01396,-0.003054,-0.023366,-0.009163,31.04,66.3808980615272
32892,-8.437692,-3.597011,4.006183,-0.002749,-0.021228,-0.009163,31.03,66.4060066679653
32902,-8.425129,-3.59402,4.009772,-0.002902,-0.018479,-0.007941,31.03,66.3579649272565
32912,-8.42812,-3.582056,4.020541,-0.003665,-0.015424,-0.007636,31,66.2970043634097
32922,-8.435897,-3.586841,4.023531,-0.003665,-0.013744,-0.008094,31,66.3021090294577
32932,-8.435298,-3.598207,4.020541,-0.003512,-0.011148,-0.008247,31.03,66.3267494931212
32942,-8.42812,-3.591029,4.022933,-0.00336,-0.007636,-0.00733,31.03,66.2925504220924
32952,-8.438888,-3.585645,4.021737,-0.00336,-0.003971,-0.007483,31.03,66.31676462459
32962,-8.431709,-3.592225,4.025326,-0.003512,-0.000458,-0.007483,31.03,66.2886867087792
32972,-8.438289,-3.602395,4.025326,-0.00336,0.003818,-0.00733,31.04,66.31177963124
32982,-8.430512,-3.599404,4.016353,-0.003054,0.010385,-0.00672,31.04,66.3396694831508
32992,-8.426923,-3.59043,4.021737,-0.003665,0.013744,-0.006567,31.02,66.2957457383028
33002,-8.435897,-3.583252,4.015156,-0.00336,0.017562,-0.006414,31.05,66.342789967727
33012,-8.439486,-3.580261,4.01396,-0.003665,0.020159,-0.005651,31.05,66.3539663997487
33022,-8.435298,-3.58385,4.022335,-0.00336,0.023213,-0.006261,31.07,66.3044180746488
33032,-8.44128,-3.585046,4.009772,-0.003818,0.026267,-0.006567,31.07,66.3840107410348
33042,-8.434101,-3.585046,4.015156,-0.003818,0.0281,-0.005192,31.03,66.3406038586143
33052,-8.454441,-3.599404,4.012166,-0.003971,0.030238,-0.004429,31.03,66.4120641227821
33062,-8.449057,-3.586243,4.008576,-0.004276,0.032223,-0.004734,31.04,66.4077565020866
33072,-8.449057,-3.582654,4.010969,-0.004734,0.033139,-0.005345,31.04,66.3920017797596
33082,-8.442476,-3.585046,4.006183,-0.004429,0.034056,-0.005956,31.04,66.4053598579711
33092,-8.450851,-3.59043,3.993621,-0.004581,0.03375,-0.005651,31.04,66.4937095431572
33102,-8.450253,-3.577868,4.002594,-0.00504,0.034361,-0.005651,31.05,66.4341651827247
33112,-8.456833,-3.582056,3.999005,-0.004429,0.034819,-0.005498,31.05,66.4705721987737
33122,-8.445468,-3.585046,3.989433,-0.00504,0.033292,-0.00504,31.05,66.4995789090377
33132,-8.458031,-3.592225,3.994817,-0.004123,0.033139,-0.004734,31.05,66.5041105469962
33142,-8.464012,-3.592823,3.996014,-0.003971,0.032376,-0.005803,31.04,66.5109128952011
33152,-8.455637,-3.588636,3.99721,-0.00504,0.028558,-0.006261,31.04,66.4833355923406
33162,-8.456235,-3.589832,3.978666,-0.003512,0.026114,-0.005956,31.03,66.5829752875529
33172,-8.456833,-3.58744,3.981059,-0.004734,0.023976,-0.006567,31.03,66.5695353307607
33182,-8.457432,-3.595216,3.979862,-0.004734,0.020922,-0.007025,31.03,66.5839876927115
33192,-8.473583,-3.592823,3.982255,-0.004734,0.018173,-0.00672,31.04,66.6030733370517
33202,-8.473583,-3.580261,3.973282,-0.004276,0.014355,-0.008247,31.04,66.639043998143
33212,-8.480762,-3.578466,3.972684,-0.003971,0.011606,-0.007025,31.04,66.6555864295436
33222,-8.467602,-3.591029,3.987041,-0.003512,0.007789,-0.007483,31.04,66.5638809828028
33232,-8.472386,-3.579065,3.988835,-0.003971,0.003818,-0.008552,31.05,66.5538876659078
33242,-8.466404,-3.588636,3.976273,-0.003971,0.000764,-0.007941,31.05,66.6157497355352
33252,-8.472985,-3.595216,3.967898,-0.003818,-0.003054,-0.00901,31.02,66.6792671334484
33262,-8.470592,-3.592225,3.979862,-0.003054,-0.006414,-0.009163,31.02,66.6088462981364
33272,-8.468798,-3.580859,3.972684,-0.002749,-0.009468,-0.009316,31,66.6327152963191
33282,-8.464012,-3.584448,3.979862,-0.002749,-0.012981,-0.009621,31,66.5881964765415
33292,-8.463414,-3.583252,3.982853,-0.002902,-0.015577,-0.009774,30.98,66.5701847510045
33302,-8.472985,-3.574877,3.985844,-0.003054,-0.018326,-0.009774,30.98,66.5671242849755
33312,-8.459227,-3.582654,3.988237,-0.002902,-0.020922,-0.010079,31.03,66.5326213856429
33322,-8.469396,-3.58385,3.982255,-0.003207,-0.023976,-0.01069,31.03,66.5863749636051
33332,-8.455637,-3.586243,3.991827,-0.003054,-0.026878,-0.010537,31.04,66.5094412329378
33342,-8.463414,-3.594618,3.997808,-0.002902,-0.028253,-0.010537,31.04,66.5018549675501
33352,-8.442476,-3.58744,4.003192,-0.002596,-0.029322,-0.011148,31.04,66.4231956924877
33362,-8.469995,-3.586243,4.006782,-0.002443,-0.029474,-0.010996,31.03,66.4612063192067
33372,-8.449057,-3.588037,3.999005,-0.002749,-0.030085,-0.01069,31.03,66.4595530953104
33382,-8.446664,-3.588636,4.010371,-0.003207,-0.029627,-0.011148,31.05,66.3954444521698
33392,-8.437093,-3.591627,4.019942,-0.00336,-0.029016,-0.010996,31.05,66.3277561679861
33402,-8.449057,-3.591029,4.010371,-0.002902,-0.027642,-0.01069,31.03,66.4026313532254
33412,-8.429914,-3.591029,4.005585,-0.003054,-0.026114,-0.009774,31.03,66.3873595169515
33422,-8.435897,-3.591029,4.011567,-0.003054,-0.023824,-0.009316,31.05,66.3686023085977
33432,-8.443074,-3.586243,4.019942,-0.003971,-0.021075,-0.009163,31.05,66.3355593192315
33442,-8.42812,-3.586841,4.016951,-0.003054,-0.018326,-0.009468,31.05,66.3201477246886
33452,-8.434101,-3.588636,4.016353,-0.003512,-0.01573,-0.00901,31.05,66.3375546177926
33462,-8.433504,-3.585645,4.015156,-0.004276,-0.013592,-0.008247,31.02,66.3398798037411
33472,-8.437093,-3.586841,4.017549,-0.004123,-0.010385,-0.009163,31.02,66.3359955576713
33482,-8.432905,-3.588636,4.016951,-0.004123,-0.006567,-0.008247,31.02,66.331889341741
33492,-8.426325,-3.589832,4.014558,-0.004123,-0.002443,-0.007636,31.02,66.3315998692783
33502,-8.431709,-3.597011,4.025326,-0.003971,0.003665,-0.006261,31.07,66.2930061135553
33512,-8.42812,-3.589832,4.028317,-0.003971,0.007941,-0.006414,31.02,66.2632464939593
33522,-8.440084,-3.58385,4.015755,-0.004734,0.010996,-0.007789,31.02,66.3490376720002
33532,-8.444869,-3.598805,4.021138,-0.004887,0.015119,-0.007483,31.03,66.344372257763
33542,-8.438888,-3.597011,4.021138,-0.004734,0.018173,-0.006261,31.03,66.330129227968
33552,-8.435298,-3.578466,4.018745,-0.004581,0.021533,-0.007025,31.02,66.3184008431155
33562,-8.443074,-3.585645,4.020541,-0.004429,0.024129,-0.005956,31.02,66.3318839203869
33572,-8.438289,-3.585645,4.014558,-0.004581,0.026573,-0.006261,31.05,66.3531319021002
33582,-8.431709,-3.589832,4.018745,-0.004734,0.028558,-0.005956,31.05,66.3210284334817
33592,-8.443074,-3.598207,4.010969,-0.004123,0.030696,-0.004887,31.04,66.3933270500225
33602,-8.442476,-3.584448,4.005585,-0.004429,0.03207,-0.005498,31.04,66.4079615207617
33612,-8.450253,-3.58385,4.007978,-0.005345,0.032987,-0.005956,31.06,66.4112723157961
33622,-8.449057,-3.588636,4.00738,-0.005345,0.03375,-0.005956,31.06,66.416167337643
33632,-8.453244,-3.588037,3.99721,-0.005498,0.034514,-0.005956,31.05,66.4777731195151
33642,-8.442476,-3.581457,3.999005,-0.004887,0.034208,-0.005651,31.05,66.4398165803588
33652,-8.455039,-3.583252,3.994817,-0.00504,0.033903,-0.005956,31.04,66.4898338945269
33662,-8.456833,-3.586243,4.002594,-0.005192,0.032834,-0.006109,31.04,66.4554858143891
33672,-8.456833,-3.594618,3.986442,-0.004581,0.030391,-0.006261,31,66.5476641554499
33682,-8.471789,-3.588636,3.980461,-0.004734,0.029169,-0.007178,31.03,66.6050268499959
33692,-8.464012,-3.592823,3.987041,-0.003665,0.027031,-0.005956,31.03,66.5579598251135
33702,-8.468199,-3.589832,3.993621,-0.004276,0.024435,-0.006872,31.05,66.5295717932633
33712,-8.473583,-3.598207,3.987041,-0.003665,0.022144,-0.007178,31.05,66.5827566132004
33722,-8.466404,-3.582056,3.982853,-0.003512,0.018937,-0.006414,31.06,66.5753861881737
33732,-8.471789,-3.58744,3.988237,-0.003512,0.016341,-0.007025,31.06,66.5631895101859
33742,-8.475977,-3.578466,3.978068,-0.003054,0.013439,-0.007483,31.02,66.6173450600512
33752,-8.471789,-3.592823,3.982255,-0.003665,0.009621,-0.008247,31.02,66.5993255813124
33762,-8.472386,-3.58744,3.981657,-0.003665,0.005803,-0.008247,31.05,66.5989425049639
33772,-8.46461,-3.580859,3.986442,-0.002902,0.002749,-0.007789,31.05,66.5517348240662
33782,-8.46461,-3.582654,3.978068,-0.00336,-0.000764,-0.009163,31.03,66.5972764097223
33792,-8.469396,-3.596412,3.98405,-0.00336,-0.00336,-0.008247,31.03,66.5880947077601
33802,-8.468798,-3.595814,3.986442,-0.003818,-0.00733,-0.009163,31.04,66.5737714491048
33812,-8.471789,-3.585645,3.979264,-0.003971,-0.011148,-0.009468,31.04,66.6086597554532
33822,-8.468199,-3.586841,3.985246,-0.003054,-0.013439,-0.008399,31,66.570829653098
33832,-8.459227,-3.585645,3.978068,-0.003054,-0.01573,-0.008858,31,66.5886613500618
33842,-8.46102,-3.588037,3.984648,-0.003207,-0.021075,-0.00901,31.05,66.5599967046024
33852,-8.453244,-3.586243,3.985246,-0.003054,-0.022602,-0.008552,31.02,66.5389618961237
33862,-8.464012,-3.585046,3.988237,-0.003054,-0.023976,-0.008552,31.02,66.5447790119893
33872,-8.465807,-3.589234,4.000201,-0.003818,-0.025656,-0.008705,31.04,66.4895429474238
33882,-8.460423,-3.588636,3.996612,-0.003054,-0.026725,-0.00901,31.04,66.4965215691586
33892,-8.452645,-3.59043,4.001398,-0.002749,-0.026878,-0.008705,31.05,66.456686286577
33902,-8.445468,-3.601796,4.004389,-0.003971,-0.026878,-0.00901,31.05,66.4360837115756
33912,-8.451449,-3.588636,4.001996,-0.003971,-0.026878,-0.009468,31.07,66.4494324669435
33922,-8.452048,-3.59402,4.00738,-0.004123,-0.026725,-0.009927,31.07,66.4272818965606
33932,-8.437093,-3.588037,4.007978,-0.003512,-0.025045,-0.00901,31,66.387267170383
33942,-8.432307,-3.592823,4.011567,-0.00336,-0.022602,-0.009927,31,66.3626339937927
33952,-8.438289,-3.58744,4.013362,-0.004429,-0.021533,-0.009163,31.02,66.3610155589047
33962,-8.44427,-3.589832,4.019942,-0.004276,-0.019395,-0.008705,31.02,66.3413085825177
33972,-8.443074,-3.595814,4.020541,-0.003971,-0.016799,-0.007941,31.04,66.3410203569976
33982,-8.4347,-3.580859,4.010969,-0.004123,-0.014203,-0.008094,31.04,66.3600754642712
33992,-8.438289,-3.6006,4.019942,-0.004276,-0.011301,-0.008094,31.01,66.3383629212676
34002,-8.430512,-3.591627,4.018745,-0.003971,-0.007789,-0.007483,31.01,66.3201133130869
34012,-8.429317,-3.59043,4.022335,-0.003971,-0.004581,-0.008399,31.09,66.2976804559369
34022,-8.43111,-3.592823,4.031906,-0.004276,0.001527,-0.007941,30.99,66.2534827434757
34032,-8.426923,-3.579065,4.021138,-0.004429,0.004887,-0.008094,30.99,66.2886406822996
34042,-8.439486,-3.576672,4.022335,-0.004887,0.007178,-0.008094,31.05,66.3068366350186
34052,-8.435298,-3.591627,4.021138,-0.004581,0.011454,-0.007178,31.05,66.3176921167898
34062,-8.427522,-3.589832,4.01396,-0.004429,0.014508,-0.006872,31,66.3372702925671
34072,-8.4347,-3.589234,4.01396,-0.004581,0.016646,-0.007636,31,66.3519086982667
34082,-8.4347,-3.588037,4.015156,-0.003971,0.0197,-0.006567,31.02,66.3445596761597
34092,-8.444869,-3.583252,4.012764,-0.004581,0.022144,-0.005651,31.02,66.374289885125
34102,-8.438888,-3.597011,4.00379,-0.005192,0.024129,-0.006414,31.05,66.421080640276
34112,-8.443074,-3.595814,4.006183,-0.004581,0.025809,-0.006567,31.05,66.4162716761081
34122,-8.429914,-3.58385,4.005585,-0.00504,0.026573,-0.006414,31.04,66.3809064481172
34132,-8.447861,-3.589234,4.010371,-0.004734,0.027642,-0.005803,31.04,66.3985034126872
34142,-8.445468,-3.584448,4.010371,-0.004887,0.028558,-0.005498,30.99,66.3891713658012
34153,-8.447262,-3.573681,3.998407,-0.004276,0.029322,-0.005956,30.99,66.446099475014
34162,-8.448458,-3.589234,4.011567,-0.004581,0.029016,-0.006261,31,66.3934933011792
34172,-8.449057,-3.585645,3.993621,-0.004429,0.028253,-0.005956,31,66.4856698076704
34182,-8.454441,-3.59043,3.999005,-0.004581,0.028253,-0.006872,31.04,66.4730097225373
34192,-8.455039,-3.589234,3.984648,-0.004429,0.026573,-0.006414,31.04,66.5485276228089
34202,-8.453843,-3.597609,3.988237,-0.004734,0.025045,-0.006872,31.02,66.5346448894673
34212,-8.456833,-3.589234,3.994817,-0.004276,0.02306,-0.006261,31.03,66.4989308180319
34222,-8.459825,-3.592823,3.982255,-0.004429,0.02138,-0.006567,31.03,66.5743062869992
34232,-8.465208,-3.58385,3.988237,-0.004123,0.0197,-0.006872,31.01,66.5462241036202
34242,-8.465208,-3.588636,3.985246,-0.003971,0.01741,-0.007178,31.01,66.5661609917155
34252,-8.468798,-3.59402,3.986442,-0.004887,0.014661,-0.007483,31.05,66.5721788695902
34262,-8.458031,-3.598805,3.988237,-0.004276,0.01237,-0.007178,31.05,66.5444858183645
34272,-8.467003,-3.586243,3.976273,-0.003971,0.009927,-0.008399,31.03,66.6148824813554
34282,-8.462815,-3.59043,3.973282,-0.004123,0.007025,-0.008094,31.03,66.6255436477035
34292,-8.472386,-3.584448,3.982853,-0.004123,0.004734,-0.008705,31.01,66.5900217121703
34302,-8.459825,-3.595216,3.989433,-0.003665,0.00168,-0.00901,31.01,66.5387732901174
34312,-8.469396,-3.591627,3.980461,-0.003665,-0.001374,-0.008705,31.02,66.6026752842274
34322,-8.471789,-3.586243,3.988237,-0.003971,-0.003207,-0.00901,31.02,66.5621288402002
34332,-8.456235,-3.579065,3.979264,-0.003818,-0.005956,-0.007941,31.05,66.5702726330282
34342,-8.449057,-3.588037,3.976871,-0.003818,-0.008094,-0.008399,31.05,66.5757734113346
34352,-8.469396,-3.595814,3.981059,-0.004887,-0.010232,-0.009316,31.01,66.6032503837564
34362,-8.458031,-3.577868,3.986442,-0.004581,-0.01405,-0.00901,31.01,66.5352826729062
34372,-8.456235,-3.591029,4.000201,-0.002749,-0.015272,-0.008399,31.04,66.4710429577788
34382,-8.462217,-3.584448,3.988237,-0.002902,-0.017104,-0.008247,30.99,66.5404854983544
34392,-8.458628,-3.58385,3.994817,-0.003054,-0.018784,-0.008705,30.99,66.4979058956925
34402,-8.457432,-3.580261,3.999005,-0.002902,-0.018784,-0.008552,31.05,66.4702334674559
34412,-8.451449,-3.585046,3.99063,-0.004123,-0.019548,-0.00901,31.05,66.5058621400045
34422,-8.447861,-3.592823,4.00379,-0.004429,-0.020311,-0.009316,31.02,66.4362190354168
34432,-8.445468,-3.576073,4.001398,-0.003971,-0.020159,-0.008858,31.02,66.4287529501586
34442,-8.456235,-3.59043,3.996612,-0.003054,-0.019242,-0.008399,31.07,66.4893272547965
34452,-8.44128,-3.579065,4.004987,-0.004581,-0.019395,-0.008552,31.07,66.4037576749679
34462,-8.455039,-3.585046,4.006782,-0.004581,-0.018326,-0.008399,31.04,66.4286910500759
34472,-8.441879,-3.58385,4.010969,-0.003818,-0.017868,-0.008094,31.04,66.3779253977305
34482,-8.449656,-3.59402,4.017549,-0.003971,-0.016646,-0.008094,31.01,66.3689683939535
34492,-8.437692,-3.597609,4.019344,-0.004276,-0.015577,-0.008399,31.01,66.337541257013
34502,-8.445468,-3.588037,4.004987,-0.003971,-0.013744,-0.008399,31.02,66.4206184804989
34512,-8.43111,-3.59043,4.011567,-0.004581,-0.011148,-0.007483,31.02,66.357951346418
34522,-8.435897,-3.580261,4.022335,-0.003818,-0.009316,-0.007789,31.04,66.3024591590126
34532,-8.447861,-3.582056,4.016353,-0.004581,-0.007789,-0.007178,31.04,66.3607246347245
34542,-8.427522,-3.589234,4.019344,-0.004887,-0.002902,-0.007025,31.05,66.3084857129581
34552,-8.433504,-3.593421,4.01396,-0.004276,0.000153,-0.007178,31.07,66.3531487219575
34562,-8.434101,-3.58744,4.019942,-0.004276,0.002902,-0.00672,31.07,66.3176596553535
34572,-8.435298,-3.592225,4.010371,-0.004276,0.005956,-0.006261,31.06,66.3746862333626
34582,-8.4347,-3.589234,4.019344,-0.004887,0.006872,-0.005651,31.06,66.3236767359096
34592,-8.429914,-3.586243,4.017549,-0.004887,0.01069,-0.005803,31.05,66.3202697773131
34602,-8.435298,-3.589234,4.016353,-0.004887,0.012675,-0.00672,31.05,66.3406232606528
34612,-8.434101,-3.584448,4.012166,-0.005345,0.015119,-0.007025,31.04,66.3557514718203
34622,-8.448458,-3.593421,4.016951,-0.005192,0.01741,-0.006261,31.04,66.369036864681
34632,-8.447262,-3.59402,4.00379,-0.00504,0.01909,-0.006567,31.03,66.4360300039065
34642,-8.440084,-3.591627,4.01396,-0.005345,0.020464,-0.005956,31.03,66.3654311851714
34652,-8.433504,-3.591029,4.004389,-0.004887,0.022907,-0.006109,31.07,66.4012147440993
34662,-8.440681,-3.600002,4.007978,-0.004887,0.023518,-0.006567,31.07,66.4055781339728
34672,-8.446664,-3.595814,3.996612,-0.004887,0.025045,-0.006414,31.04,66.4740290710664
34682,-8.444869,-3.588636,4.015156,-0.004581,0.025351,-0.006109,31.04,66.3665775947202
34692,-8.452645,-3.584448,4.006183,-0.00504,0.026267,-0.006567,31.01,66.4262561297199
34702,-8.451449,-3.595216,4.00379,-0.004429,0.025962,-0.005498,31.01,66.4459085613216
34712,-8.449656,-3.58744,4.003192,-0.00504,0.026114,-0.006261,31.01,66.4383185452728
34722,-8.459825,-3.59043,3.998407,-0.003971,0.025809,-0.005651,31.04,66.4874537089324
34732,-8.462217,-3.59043,3.988237,-0.005192,0.024282,-0.007025,31.04,66.5458003636235
34742,-8.456235,-3.589234,3.995416,-0.004276,0.023518,-0.006872,31.04,66.49453355762
34752,-8.452048,-3.59043,3.994219,-0.004276,0.022602,-0.005956,31.04,66.4930861179623
34762,-8.465208,-3.582654,3.994219,-0.004123,0.021075,-0.006872,31.01,66.5137910263875
34772,-8.461619,-3.583252,3.987639,-0.004581,0.01909,-0.007483,31.01,66.5413072715591
34782,-8.459825,-3.59043,3.984648,-0.004429,0.017257,-0.007483,31.03,66.5596200941838
34792,-8.465807,-3.588636,3.979264,-0.003665,0.015577,-0.00733,31.03,66.598802603272
34802,-8.458628,-3.586841,3.993621,-0.004429,0.012828,-0.007789,31.02,66.5068408494432
34812,-8.467003,-3.595814,3.980461,-0.004887,0.009927,-0.00733,31.02,66.6013878217159
34822,-8.475378,-3.589832,3.98405,-0.004734,0.00733,-0.008247,31.05,66.5947639041108
34832,-8.469995,-3.583252,3.981059,-0.004734,0.004887,-0.007636,31.05,66.5933737455197
34842,-8.465208,-3.58744,3.979264,-0.004123,0.002291,-0.007178,31.04,66.5964897211047
34852,-8.462815,-3.59402,3.991827,-0.004734,-0.000916,-0.00733,31.04,66.5314186967958
34862,-8.477173,-3.586841,3.978666,-0.004429,-0.002443,-0.007483,31.02,66.6241003340181
34872,-8.466404,-3.591627,3.98405,-0.004429,-0.00504,-0.008705,31.02,66.5775922683111
34882,-8.461619,-3.589234,3.985844,-0.004581,-0.009927,-0.00901,31.06,66.556038983474
34892,-8.456833,-3.589234,3.98405,-0.004581,-0.011912,-0.009468,31.04,66.5554269960376
34902,-8.468199,-3.581457,3.99063,-0.004581,-0.01405,-0.009316,31.04,66.5378203490929
34912,-8.461619,-3.579065,3.992425,-0.003971,-0.015882,-0.009316,31.06,66.5124799644894
34922,-8.460423,-3.580859,3.99721,-0.004276,-0.017104,-0.00901,31.06,66.4864657995574
34932,-8.469396,-3.588037,3.99721,-0.004429,-0.018479,-0.009774,31.02,66.5116783823632
34942,-8.455039,-3.58385,3.992425,-0.004887,-0.019242,-0.008858,31.02,66.5029170123626
34952,-8.448458,-3.588037,4.00379,-0.004276,-0.019853,-0.009163,31.06,66.4331939772579
34962,-8.447262,-3.574279,4.001398,-0.004123,-0.020922,-0.009468,31.06,66.430934435439
34972,-8.443074,-3.58385,3.996014,-0.004123,-0.020617,-0.008858,31.02,66.4589174152663
34982,-8.451449,-3.586841,4.009174,-0.004276,-0.02138,-0.009316,31.02,66.4101970719056
34992,-8.449656,-3.589832,4.0008,-0.003818,-0.020159,-0.00901,31.06,66.453001422207
35002,-8.452645,-3.582654,4.004987,-0.003665,-0.020311,-0.008705,31.06,66.4309247474745
35012,-8.455637,-3.595216,4.008576,-0.003818,-0.018631,-0.008247,31.05,66.4296355565761
35022,-8.448458,-3.586243,4.011567,-0.004429,-0.018021,-0.008705,31.05,66.3908152743263
35032,-8.446664,-3.597011,4.012166,-0.003665,-0.016799,-0.008399,31.05,66.3935447964565
35042,-8.438289,-3.600002,4.008576,-0.004123,-0.015119,-0.008552,31.05,66.3974020779833
35052,-8.437093,-3.591627,4.009772,-0.003818,-0.01405,-0.008705,31.04,66.3810796660368
35062,-8.434101,-3.592225,4.016353,-0.003818,-0.009468,-0.009163,31.06,66.3407845329148
35072,-8.44427,-3.586841,4.022335,-0.003665,-0.007636,-0.008858,31.06,66.3260871659042
35082,-8.428718,-3.589832,4.007978,-0.003971,-0.004581,-0.00901,31.05,66.3711943114091
35092,-8.446664,-3.592823,4.028317,-0.003818,-0.001374,-0.007941,31.05,66.3051997768319
35102,-8.438289,-3.594618,4.019942,-0.004429,0.001069,-0.00733,31.05,66.3329758969986
35112,-8.434101,-3.588037,4.023531,-0.004429,0.004276,-0.00733,31.05,66.2993837108655
35122,-8.437692,-3.586841,4.012166,-0.004123,0.00733,-0.007178,31.04,66.3654889945333
35132,-8.440681,-3.589234,4.013362,-0.003818,0.009927,-0.006872,31.04,66.3676776769082
35142,-8.438289,-3.597011,4.014558,-0.004887,0.012523,-0.007636,31.06,66.3633476136466
35152,-8.445468,-3.589832,4.018745,-0.004734,0.015119,-0.007483,31.06,66.350109420816
35162,-8.451449,-3.601198,4.008576,-0.003971,0.017257,-0.006261,31.05,66.4261825102945
35172,-8.442476,-3.592823,4.012166,-0.004429,0.020769,-0.006261,31.05,66.3809574563387
35182,-8.438289,-3.580859,4.015755,-0.004429,0.022755,-0.006414,31.01,66.342558552442
35192,-8.446664,-3.588636,4.004389,-0.004276,0.024282,-0.006872,31.01,66.426810403807
35202,-8.4347,-3.591627,4.019344,-0.004734,0.025656,-0.006567,31.04,66.3258310525768
35212,-8.442476,-3.58385,4.004389,-0.004887,0.027489,-0.005803,31.04,66.413701047117
35222,-8.451449,-3.585046,3.998407,-0.004734,0.028405,-0.005498,31.02,66.4650515111355
35232,-8.455039,-3.588636,3.999005,-0.005498,0.029322,-0.006109,31.05,66.4726657947623
35242,-8.453244,-3.586841,4.0008,-0.004887,0.029322,-0.005956,31.05,66.4578774223548
35252,-8.454441,-3.588636,3.994817,-0.004734,0.028863,-0.006109,31.03,66.4933749737432
35262,-8.449656,-3.589832,3.99721,-0.004581,0.028253,-0.006109,31.03,66.4718332817235
35272,-8.460423,-3.588636,3.998407,-0.004887,0.027031,-0.006414,30.98,66.4871111123094
35282,-8.46102,-3.579065,3.98405,-0.005192,0.025656,-0.006567,30.98,66.5551718414437
35292,-8.459227,-3.576672,3.99063,-0.00504,0.024282,-0.005651,31.06,66.5147501021329
35302,-8.454441,-3.582654,3.981059,-0.004887,0.022755,-0.006261,31.06,66.5602692008484
35312,-8.469396,-3.583252,3.982255,-0.005498,0.020159,-0.006414,31.03,66.5858455626945
35322,-8.468199,-3.59402,3.982853,-0.005192,0.017562,-0.006872,31.03,66.5897479663919
35332,-8.463414,-3.586841,3.987639,-0.004581,0.016035,-0.006567,31.02,66.5482565661412
35342,-8.460423,-3.579663,3.976871,-0.00504,0.012523,-0.006414,31.02,66.5921480030581
35352,-8.472985,-3.592225,3.97747,-0.004734,0.01069,-0.005956,31.06,66.626391315152
35362,-8.467003,-3.589234,3.98405,-0.004429,0.007636,-0.006872,31.06,66.5767223807462
35372,-8.467003,-3.595216,3.97747,-0.004276,0.004887,-0.006567,31.05,66.6165508422709
35382,-8.465807,-3.588037,3.985844,-0.004429,0.001985,-0.00733,31.05,66.5637464833877
35392,-8.47119,-3.592225,3.981059,-0.003971,-0.000305,-0.00733,31.01,66.603816852243
35402,-8.466404,-3.579065,3.987639,-0.004734,-0.004887,-0.008399,31.01,66.5476249855457
35412,-8.471789,-3.586841,3.982853,-0.004123,-0.007789,-0.008247,31.05,66.590891196302
35422,-8.463414,-3.595216,3.983452,-0.003818,-0.010079,-0.008247,31,66.5776617354508
35432,-8.475378,-3.582654,3.986442,-0.004581,-0.012981,-0.008858,31,66.5758729008931
35442,-8.462217,-3.595814,3.985844,-0.004276,-0.014966,-0.009621,31.02,66.563140214244
35452,-8.458628,-3.596412,4.000201,-0.003971,-0.016035,-0.009163,31.02,66.4808720132015
35462,-8.459825,-3.591627,3.999603,-0.003818,-0.018021,-0.008705,31.03,66.4822512710785
35472,-8.451449,-3.579065,3.989433,-0.004429,-0.0197,-0.008858,31.03,66.506820025168
35482,-8.456833,-3.577868,3.990032,-0.003818,-0.020006,-0.008094,31.02,66.5139228405811
35492,-8.459825,-3.586841,3.997808,-0.00336,-0.02138,-0.008858,31.02,66.4873971930591
35502,-8.453843,-3.592823,3.999603,-0.003512,-0.021991,-0.009316,31.05,66.4707536980732
35512,-8.44427,-3.576073,4.0008,-0.00336,-0.021686,-0.008705,31.05,66.4293654821172
35522,-8.449057,-3.588636,4.000201,-0.003818,-0.021991,-0.009163,31.05,66.4538142763705
35532,-8.448458,-3.604189,4.003192,-0.003971,-0.021991,-0.009163,31.05,66.4507913754
35542,-8.440084,-3.598207,4.008576,-0.00336,-0.021228,-0.009774,31.05,66.3995717408426
35552,-8.439486,-3.58744,4.001398,-0.003818,-0.020159,-0.008705,31.05,66.4263085936009
35562,-8.44128,-3.586243,4.019942,-0.004429,-0.018784,-0.008858,31.01,66.3317672503537
35572,-8.438289,-3.588636,4.005585,-0.004276,-0.016035,-0.008399,31.01,66.4028840056729
35582,-8.44128,-3.58744,4.016951,-0.004429,-0.013592,-0.008705,31.05,66.3485178088027
35592,-8.438289,-3.589234,4.018745,-0.004429,-0.011606,-0.008858,31.07,66.3344057012077
35602,-8.44128,-3.58744,4.008576,-0.004581,-0.009163,-0.009774,31.07,66.3924299069617
35612,-8.429317,-3.589832,4.021737,-0.003971,-0.005956,-0.008094,31.05,66.3002765350751
35622,-8.440681,-3.585046,4.018147,-0.003971,-0.002902,-0.007941,31.05,66.3388336535963
35632,-8.435298,-3.586841,4.016353,-0.004429,-0.000916,-0.008247,31.06,66.3384712225997
35642,-8.44427,-3.597011,4.017549,-0.003971,0.002138,-0.007483,31.06,66.3602937826156
35652,-8.443074,-3.589234,4.012764,-0.003971,0.005651,-0.007789,31.05,66.3758636015894
35662,-8.435897,-3.596412,4.021138,-0.003971,0.008247,-0.007789,31.05,66.3232691663585
35672,-8.436494,-3.592823,4.021138,-0.003665,0.010996,-0.007789,31.05,66.3212983338061
35682,-8.442476,-3.59402,4.022335,-0.004123,0.013744,-0.00733,31.05,66.3287472206878
35692,-8.433504,-3.593421,4.010371,-0.003971,0.016035,-0.007178,31.04,66.3719743006774
35702,-8.439486,-3.588636,4.017549,-0.004123,0.018631,-0.007178,31.04,66.3426670145466
35712,-8.445468,-3.586841,4.009174,-0.00504,0.020922,-0.006109,31.04,66.3975904887982
35722,-8.44128,-3.592225,4.012764,-0.004734,0.022755,-0.006872,31.04,66.3747624806537
35732,-8.443673,-3.596412,4.004389,-0.004734,0.024282,-0.007483,31.01,66.4274776350022
35742,-8.446067,-3.582654,4.0008,-0.004581,0.025198,-0.007025,31.01,66.4390315638506
35752,-8.450851,-3.589832,4.00379,-0.00504,0.027489,-0.00672,31.03,66.4398360139942
35762,-8.448458,-3.583252,4.001996,-0.005345,0.027336,-0.006567,31.05,66.4383271224205
35772,-8.452048,-3.588037,3.996612,-0.005192,0.028253,-0.006872,31.05,66.4783963425783
35782,-8.462217,-3.589234,3.99721,-0.00504,0.028405,-0.006261,31.02,66.4976841980113
35792,-8.459825,-3.59043,3.992425,-0.004887,0.027489,-0.006414,31.02,66.5188197840688
35802,-8.46461,-3.589832,4.00379,-0.004734,0.026878,-0.005803,31.05,66.4687601223291
35812,-8.462217,-3.596412,3.99721,-0.005345,0.025656,-0.006261,31.05,66.5040771326152
35822,-8.470592,-3.588636,3.993023,-0.004887,0.023976,-0.00672,31.07,66.5366572445835
35832,-8.453244,-3.584448,3.994817,-0.004276,0.022602,-0.005956,31.07,66.4871271058687
35842,-8.461619,-3.59043,3.987041,-0.005192,0.020769,-0.006109,31.05,66.5508216852916
35852,-8.462217,-3.586243,3.993621,-0.004734,0.018631,-0.005498,31.05,66.5138403595043
35862,-8.466404,-3.59043,3.978068,-0.004734,0.016341,-0.006261,31.02,66.6079178265733
35872,-8.468798,-3.592823,3.98405,-0.004581,0.013286,-0.005803,31.02,66.5836603243542
35882,-8.475977,-3.580261,3.987041,-0.004429,0.011148,-0.006109,31.05,66.5718700714507
35892,-8.465807,-3.585046,3.981657,-0.004887,0.007941,-0.007636,31.05,66.5830620511799
35902,-8.47119,-3.58385,3.978666,-0.004276,0.005192,-0.00733,31.01,66.6089578059179
35912,-8.461619,-3.589832,3.97747,-0.004429,0.002596,-0.007483,31.01,66.6005220569831
35922,-8.474779,-3.58744,3.972086,-0.004429,-0.003512,-0.009163,31.02,66.654154990816
35932,-8.457432,-3.586243,3.988835,-0.004123,-0.005345,-0.007941,31.03,66.5289083077282
35942,-8.458628,-3.585645,3.988835,-0.004123,-0.007636,-0.007636,31.03,66.5308852944417
35952,-8.46102,-3.601796,3.98405,-0.004123,-0.010537,-0.007789,31.01,66.5753697138881
35962,-8.463414,-3.589832,3.985844,-0.003818,-0.011912,-0.007941,31.01,66.5603295293678
35972,-8.461619,-3.594618,3.994219,-0.003971,-0.014661,-0.009621,31.02,66.5169032470027
35982,-8.450253,-3.602395,4.00379,-0.003971,-0.016341,-0.009621,31.02,66.4498211730762
35992,-8.459825,-3.585645,3.99063,-0.004276,-0.01741,-0.009468,31.04,66.5239783598422
36002,-8.453244,-3.58744,3.990032,-0.003054,-0.017868,-0.008858,31.04,66.5149033463738
36012,-8.455637,-3.594618,3.994219,-0.002443,-0.018937,-0.009468,31.05,66.5043569569662
36022,-8.449057,-3.597011,4.001398,-0.00336,-0.020006,-0.009621,31.05,66.4550264405441
36032,-8.441879,-3.592823,3.999603,-0.002902,-0.020464,-0.009774,31.03,66.4455922113945
36042,-8.454441,-3.599404,4.014558,-0.002596,-0.020006,-0.008552,31.03,66.3995384742334
36052,-8.449656,-3.589832,4.005585,-0.003207,-0.020159,-0.007789,31.01,66.427909404023
36062,-8.439486,-3.583252,4.001996,-0.003512,-0.01909,-0.008705,31.01,66.4194187220894
36072,-8.447262,-3.589234,4.006782,-0.003512,-0.018631,-0.008552,31.04,66.4160564060396
36082,-8.454441,-3.58744,4.005585,-0.003512,-0.018021,-0.009468,31.04,66.4358436629933
36092,-8.438289,-3.592225,4.014558,-0.003512,-0.013897,-0.008552,31.05,66.3590436558154
36102,-8.441879,-3.588037,4.012764,-0.004123,-0.012523,-0.007941,31.01,66.372267684181
36112,-8.446067,-3.580261,4.016951,-0.003665,-0.010843,-0.007789,31.01,66.3521939079234
36122,-8.435897,-3.602395,4.018147,-0.003207,-0.008705,-0.00733,31.07,66.3443360453186
36132,-8.42812,-3.589234,4.014558,-0.003818,-0.006261,-0.007941,31.07,66.3348587833232
36142,-8.439486,-3.593421,4.018745,-0.00336,-0.003665,-0.007025,31.05,66.340700444697
36154,-8.429317,-3.580859,4.005585,-0.003971,-0.001833,-0.00733,31.05,66.3769581345471
36162,-8.434101,-3.601796,4.015755,-0.003818,0.000916,-0.00733,30.99,66.3525420795457
36172,-8.425727,-3.591627,4.022933,-0.004581,0.003665,-0.007789,30.99,66.2880208956544
36182,-8.439486,-3.59402,4.014558,-0.004429,0.006414,-0.007789,31.02,66.3631843332993
36192,-8.446067,-3.592823,4.01396,-0.004734,0.008552,-0.007483,31.02,66.3791282846951
36202,-8.440681,-3.582654,4.018147,-0.004887,0.011301,-0.007636,31.02,66.3366864557121
36212,-8.435897,-3.576073,4.010371,-0.005192,0.013744,-0.007178,31.02,66.3614514335133
36222,-8.437692,-3.57727,4.016353,-0.004581,0.01573,-0.007636,31.02,66.3349392108157
36232,-8.438888,-3.589234,4.010969,-0.004581,0.018021,-0.006872,31.02,66.3764409184291
36242,-8.451449,-3.593421,3.999005,-0.00504,0.0197,-0.006872,31.03,66.4693929913444
36252,-8.432905,-3.585645,4.003192,-0.004276,0.021533,-0.007483,31.03,66.4014000825307
36262,-8.442476,-3.581457,3.999603,-0.00504,0.022602,-0.00672,31,66.436677460013
36272,-8.443074,-3.585645,3.999603,-0.004734,0.025504,-0.006872,31.02,66.4416827156056
36282,-8.445468,-3.58744,4.004389,-0.003971,0.026573,-0.006109,31.02,66.4232207019286
36292,-8.447861,-3.581457,4.007978,-0.004887,0.026114,-0.007636,31.02,66.4040904351589
36302,-8.460423,-3.592225,3.993023,-0.004429,0.026114,-0.00733,31.02,66.5185357375147
36312,-8.46102,-3.584448,3.993023,-0.00504,0.025504,-0.006872,31.05,66.5128689536245
36322,-8.446067,-3.583252,3.991827,-0.005345,0.024893,-0.00733,31.05,66.486665729479
36332,-8.456235,-3.602395,3.99721,-0.004581,0.024129,-0.00733,31.03,66.4968710933329
36342,-8.469396,-3.588636,3.997808,-0.004887,0.02306,-0.007483,31.03,66.5090772977786
36352,-8.467602,-3.59043,3.988835,-0.00504,0.021533,-0.007636,31.05,66.5539421106971
36362,-8.460423,-3.593421,3.987041,-0.004734,0.019395,-0.006872,31.05,66.5509761829016
36372,-8.46102,-3.589832,3.985844,-0.003971,0.017715,-0.007178,31.04,66.5553156587253
36382,-8.462217,-3.58744,3.994219,-0.004581,0.015272,-0.00733,31.04,66.511769049635
36392,-8.470592,-3.591029,3.986442,-0.004581,0.013897,-0.006872,31.02,66.5732776331869
36402,-8.477771,-3.585645,3.985246,-0.004276,0.010843,-0.007178,31.02,66.589791606228
36412,-8.469995,-3.580261,3.984648,-0.003207,0.008247,-0.008399,31.04,66.5718977788518
36422,-8.469995,-3.59402,3.988237,-0.003971,0.005498,-0.008399,31.04,66.5652717244498
36432,-8.463414,-3.591029,3.980461,-0.004429,0.002902,-0.008858,30.98,66.5896381468147
36442,-8.469396,-3.580859,3.976273,-0.003818,-0.002596,-0.009316,31.07,66.6151220810589
36452,-8.470592,-3.593421,3.982853,-0.003665,-0.004887,-0.008705,31.07,66.5942183120323
36462,-8.46461,-3.586841,3.987041,-0.003512,-0.007941,-0.008094,31.05,66.5538992271548
36472,-8.469995,-3.59402,3.976871,-0.004123,-0.010079,-0.008399,31.05,66.6248815167368
36482,-8.469995,-3.589832,3.988835,-0.004429,-0.011912,-0.008552,31.02,66.5584206607801
36492,-8.465208,-3.586841,3.99063,-0.003818,-0.013134,-0.00901,31.02,66.5363283491973
36502,-8.460423,-3.597609,3.992425,-0.003818,-0.014661,-0.008552,31.02,66.5264668629038
36512,-8.459227,-3.588037,3.999603,-0.003054,-0.016799,-0.00901,31.02,66.4777959914773
36522,-8.456235,-3.584448,3.991827,-0.003054,-0.018021,-0.008247,31.01,66.5090988251805
36532,-8.455039,-3.597609,3.991827,-0.003818,-0.018631,-0.008552,31.01,66.5183173282706
36542,-8.459227,-3.588037,4.001996,-0.003818,-0.018479,-0.009163,31.01,66.4652525078518
36552,-8.440681,-3.58385,4.005585,-0.003665,-0.018479,-0.008552,31.01,66.4036397370959
36562,-8.449057,-3.588037,4.00379,-0.003665,-0.019395,-0.008858,31.05,66.4344551505926
36572,-8.447262,-3.598207,4.001996,-0.003665,-0.018173,-0.008705,31.05,66.4491873123864
36582,-8.442476,-3.595216,4.006183,-0.003971,-0.018479,-0.009163,31.04,66.4144756004957
36592,-8.449656,-3.59043,4.004987,-0.003665,-0.017104,-0.008858,31.04,66.4315795943155
36602,-8.440084,-3.597609,4.01396,-0.004123,-0.015424,-0.008399,31.04,66.3708075456052
36612,-8.441879,-3.586243,4.008576,-0.004734,-0.013134,-0.009316,31.04,66.3926206119066
36622,-8.438888,-3.591029,4.010969,-0.003818,-0.011148,-0.008094,31.02,66.3780527022427
36632,-8.443074,-3.591627,4.009772,-0.00504,-0.009163,-0.007483,30.98,66.3936965093058
36642,-8.442476,-3.586841,4.015156,-0.004123,-0.006872,-0.007483,30.98,66.3599152523359
36652,-8.437692,-3.576672,4.020541,-0.004429,-0.004887,-0.008399,31.02,66.3124418895897
36662,-8.4347,-3.58385,4.016951,-0.003971,-0.002749,-0.008858,31.02,66.331381415414
36672,-8.44427,-3.589832,4.012166,-0.004734,-0.000305,-0.007789,31.06,66.3820581260849
36682,-8.429317,-3.589832,4.00738,-0.004429,0.001833,-0.007789,31.06,66.3755989458326
36692,-8.438289,-3.593421,4.01396,-0.004429,0.003971,-0.007025,31.03,66.363254054212
36702,-8.433504,-3.582654,4.014558,-0.004429,0.007483,-0.007941,31.03,66.3403279711611
36712,-8.433504,-3.582654,4.013362,-0.003971,0.009927,-0.00733,31.04,66.3466024700029
36722,-8.439486,-3.593421,4.016951,-0.004734,0.011454,-0.00733,31.04,66.3501024992216
36732,-8.442476,-3.595216,4.016951,-0.003971,0.013286,-0.006872,31.03,66.358028348658
36742,-8.438289,-3.58744,4.013362,-0.004123,0.014813,-0.00672,31.03,66.3610155589047
36752,-8.423933,-3.595814,4.021737,-0.004581,0.016799,-0.007025,31.06,66.29427596064
36762,-8.435298,-3.592225,4.016951,-0.004276,0.018326,-0.006872,31.06,66.340178952486
36772,-8.433504,-3.585645,4.005585,-0.004581,0.019395,-0.00733,31.04,66.3901016377907
36782,-8.445468,-3.595216,4.01396,-0.004123,0.02138,-0.007178,31.04,66.3800124633853
36792,-8.456833,-3.592823,3.999005,-0.004276,0.021686,-0.006872,31.02,66.4801699117223
36802,-8.456235,-3.581457,3.999005,-0.004276,0.021838,-0.00672,31.06,66.4687812353185
36813,-8.459825,-3.582654,4.001398,-0.004123,0.022297,-0.006261,31.06,66.4648485086775
36822,-8.455637,-3.592225,3.999005,-0.004276,0.021838,-0.00733,31.11,66.4771243502548
36832,-8.449656,-3.591029,4.002594,-0.003207,0.021533,-0.00672,31.11,66.4446630057748
36842,-8.464012,-3.589832,4.006183,-0.004276,0.020617,-0.007636,31.02,66.4549696958574
36852,-8.458031,-3.58744,3.988835,-0.004123,0.0197,-0.007025,31.02,66.5312295354996
36862,-8.459227,-3.584448,4.0008,-0.003971,0.018784,-0.007025,31.01,66.4683238018213
36872,-8.457432,-3.597011,3.989433,-0.004429,0.017868,-0.008094,31.01,66.5353582757759
36882,-8.455637,-3.586243,4.006782,-0.004429,0.016799,-0.007636,31.05,66.4310183875899
36892,-8.464012,-3.582654,3.995416,-0.004734,0.014966,-0.006872,31.05,66.5050051679442
36902,-8.464012,-3.59043,3.990032,-0.004581,0.013592,-0.006872,31.04,66.5401465706926
36912,-8.462815,-3.589832,3.99721,-0.00504,0.011759,-0.008094,31.04,66.4994713072431
36922,-8.459227,-3.586841,3.990032,-0.004429,0.009621,-0.007789,31.04,66.526924786104
36932,-8.449656,-3.583252,3.993621,-0.004734,0.00733,-0.006872,31.04,66.4847948002062
36942,-8.469396,-3.588037,3.996014,-0.003665,0.005803,-0.007025,31.04,66.5179452395038
36952,-8.465807,-3.585046,3.988237,-0.003665,0.003971,-0.007941,31.04,66.5485404354015
36962,-8.458031,-3.579065,3.985246,-0.004581,-0.000153,-0.008094,31.02,66.5426242061499
36972,-8.465208,-3.588636,3.990032,-0.004734,-0.002749,-0.007789,31.01,66.5410584506102
36982,-8.456833,-3.58744,3.988237,-0.004123,-0.003665,-0.008094,31.01,66.5318549146603
36992,-8.467602,-3.586243,3.993621,-0.003818,-0.004734,-0.007789,31.01,66.5251334910427
37002,-8.449656,-3.595216,3.984648,-0.004123,-0.007636,-0.008858,31.01,66.5425722798586
37012,-8.453244,-3.577868,3.98405,-0.003665,-0.008705,-0.008247,31.04,66.5377949788133
37022,-8.454441,-3.574877,3.993621,-0.003207,-0.010232,-0.008399,31.04,66.4873994098356
37032,-8.46102,-3.585046,3.988237,-0.002749,-0.010843,-0.008094,31.04,66.5385070134589
37042,-8.457432,-3.585645,3.999603,-0.003665,-0.011912,-0.00901,31.04,66.4718929122739
37052,-8.445468,-3.592225,3.999005,-0.004123,-0.012828,-0.008858,31.06,66.4557472990142
37062,-8.458031,-3.586841,3.998407,-0.003512,-0.013592,-0.008399,31.06,66.4804882479275
37072,-8.452645,-3.586243,3.999005,-0.004123,-0.013286,-0.008552,31.06,66.465498083471
37082,-8.459227,-3.574877,3.999005,-0.004429,-0.013897,-0.008552,31.06,66.4692192100269
37092,-8.448458,-3.585046,4.004389,-0.003818,-0.013286,-0.007636,31.07,66.4273784497415
37102,-8.449057,-3.579065,4.003192,-0.003818,-0.013286,-0.008094,31.07,66.4295762599347
37112,-8.434101,-3.586841,4.006183,-0.003512,-0.013134,-0.008399,31.02,66.3892970279891
37122,-8.440681,-3.6006,4.013362,-0.004123,-0.012675,-0.008705,31.02,66.3778907677694
37132,-8.445468,-3.595216,4.004389,-0.003665,-0.01069,-0.008705,31.04,66.4301842609572
37142,-8.446067,-3.589234,4.00738,-0.003512,-0.009468,-0.008705,31.01,66.4104029541756
37152,-8.449656,-3.589832,4.018745,-0.003971,-0.007789,-0.008247,31.01,66.3589492440238
37162,-8.442476,-3.584448,4.014558,-0.003971,-0.007636,-0.008399,31.04,66.3609035873147
37172,-8.441879,-3.588037,4.012166,-0.003512,-0.005498,-0.008552,31.04,66.3754030319903
37182,-8.442476,-3.575475,4.019942,-0.003971,-0.003971,-0.007483,31.05,66.3246359402544
37192,-8.441879,-3.588037,4.013362,-0.004429,-0.003054,-0.007636,31.05,66.369132486479
37202,-8.436494,-3.589832,4.006782,-0.004734,-0.000916,-0.008247,31.04,66.3938897400799
37212,-8.444869,-3.588636,4.010371,-0.002902,0.001069,-0.00733,31.04,66.3916594781856
37222,-8.432905,-3.593421,4.004987,-0.003971,0.002443,-0.00733,31.06,66.3989618378572
37232,-8.442476,-3.594618,4.018147,-0.004887,0.004123,-0.007483,31.06,66.3512242449326
37242,-8.440681,-3.591627,4.015755,-0.004429,0.006261,-0.007483,31.02,66.3572821120282
37252,-8.449057,-3.57727,4.012166,-0.004123,0.008247,-0.007636,31.02,66.3809133241892
37262,-8.448458,-3.586243,4.019344,-0.004887,0.008552,-0.007941,31.04,66.3500659249482
37272,-8.437093,-3.588037,4.011567,-0.003818,0.010079,-0.007483,31.04,66.3684396459191
37282,-8.443673,-3.586243,4.015156,-0.003971,0.01237,-0.006567,31.03,66.3619065204198
37292,-8.447861,-3.58744,3.995416,-0.003818,0.013897,-0.00733,31.03,66.4753363415977
37302,-8.450851,-3.594618,4.000201,-0.004429,0.01573,-0.007025,31.02,66.4629339462417
37312,-8.447861,-3.59043,4.004389,-0.003971,0.016493,-0.007025,31.06,66.430936351774
37322,-8.453843,-3.582056,4.001996,-0.003971,0.017257,-0.007636,31.06,66.448597024639
37332,-8.44128,-3.585046,4.009174,-0.004276,0.017715,-0.007789,31.05,66.3871472393955
37342,-8.445468,-3.593421,3.994817,-0.004887,0.018631,-0.007178,31.05,66.4787940410828
37352,-8.453843,-3.593421,4.003192,-0.004276,0.018631,-0.007483,31.04,66.4524720520875
37362,-8.456235,-3.592823,3.997808,-0.004276,0.01909,-0.008247,31.04,66.4851899953376
37372,-8.458628,-3.59043,4.003192,-0.003971,0.018479,-0.007636,31.04,66.459859410843
37382,-8.450851,-3.588037,3.994817,-0.00336,0.018173,-0.00733,31.04,66.4852983201158
37392,-8.454441,-3.585645,3.991228,-0.004276,0.01741,-0.008552,31.06,66.5095408366663
37402,-8.456235,-3.588037,3.986442,-0.003665,0.017257,-0.007483,31.06,66.5405528010946
37412,-8.453244,-3.591029,3.991827,-0.003665,0.016188,-0.007483,31.05,66.5086823627447
37422,-8.467003,-3.589832,3.992425,-0.003971,0.015577,-0.007025,31.05,66.5333349903484
37432,-8.472386,-3.586841,3.98405,-0.003512,0.013744,-0.007941,31.03,66.5858618641262
37442,-8.462815,-3.596412,3.987639,-0.004123,0.01237,-0.007636,31.03,66.5555086369028
37452,-8.469995,-3.589832,3.99063,-0.004123,0.010996,-0.007789,31.08,66.549010869612
37462,-8.465208,-3.594618,3.997808,-0.003818,0.008858,-0.008247,31.08,66.5056166867049
37472,-8.458031,-3.582056,3.981657,-0.004276,0.007789,-0.007636,31.02,66.5641236496998
37482,-8.458628,-3.591029,3.988835,-0.003512,0.003818,-0.008094,31.02,66.5356746664577
37492,-8.458628,-3.595814,3.984648,-0.003971,0.002749,-0.007789,31.02,66.5619024182997
37502,-8.458628,-3.597609,3.982255,-0.004123,0.000764,-0.007636,31.04,66.576058047355
37512,-8.462217,-3.588636,3.985246,-0.003971,-0.00168,-0.00733,31.04,66.5598979940561
37522,-8.463414,-3.589832,3.989433,-0.00336,-0.003054,-0.008552,31.04,66.5415035875906
37532,-8.461619,-3.592225,3.981059,-0.003818,-0.004123,-0.008094,31.04,66.5838063856478
37542,-8.456235,-3.589832,3.987639,-0.004123,-0.006109,-0.007941,31.04,66.5358678902589
37552,-8.448458,-3.595216,3.999005,-0.004276,-0.006872,-0.008247,31.04,66.4647111532843
37562,-8.452645,-3.589832,3.990032,-0.004887,-0.00901,-0.008247,31.09,66.5157776202256
37572,-8.459825,-3.591029,3.99721,-0.004123,-0.010232,-0.008552,31.09,66.4942625210437
37582,-8.454441,-3.586243,3.997808,-0.003971,-0.010843,-0.007636,31.02,66.475552410891
37592,-8.447861,-3.591029,4.0008,-0.004429,-0.011912,-0.008858,31.02,66.4502952452429
37602,-8.458031,-3.583252,3.997808,-0.004276,-0.011759,-0.008247,31.02,66.4804327937472
37612,-8.447861,-3.592823,4.001996,-0.004581,-0.012065,-0.007789,31.02,66.4456271367697
37622,-8.465807,-3.585046,3.996014,-0.004581,-0.01237,-0.007178,31.05,66.5077620812966
37632,-8.451449,-3.586841,4.006782,-0.004276,-0.012981,-0.008094,31.05,66.4227352200382
37642,-8.452048,-3.583252,4.00738,-0.004276,-0.013134,-0.008399,30.99,66.4176553509335
37652,-8.449656,-3.586243,3.998407,-0.004429,-0.011759,-0.008552,31.03,66.4623482425953
37662,-8.453244,-3.589234,4.006782,-0.004276,-0.010537,-0.008247,31.03,66.428653142551
37672,-8.445468,-3.59043,4.009772,-0.004123,-0.009468,-0.008399,31.03,66.3976705813052
37682,-8.435298,-3.596412,4.018745,-0.004123,-0.008247,-0.008094,31.03,66.3345446889031
37692,-8.434101,-3.589832,4.010371,-0.003818,-0.006872,-0.008858,31.05,66.3700074384108
37702,-8.4347,-3.589832,4.009772,-0.003207,-0.005498,-0.008094,31.05,66.3744150549258
37712,-8.438289,-3.588636,4.018745,-0.003665,-0.003512,-0.007789,31.01,66.3338680524636
37722,-8.440084,-3.585645,4.005585,-0.003971,-0.001833,-0.007941,31.01,66.4039885758623
37732,-8.448458,-3.588037,4.014558,-0.003971,0.000305,-0.007941,31.04,66.3767471865156
37742,-8.438289,-3.597011,4.006183,-0.003818,0.000764,-0.008399,31.04,66.4072648861271
37752,-8.438888,-3.591029,4.001996,-0.004276,0.002443,-0.007789,31.05,66.4251266891226
37762,-8.443673,-3.598805,4.014558,-0.00336,0.004276,-0.009163,31.05,66.3763176097852
37772,-8.442476,-3.588037,4.012764,-0.003971,0.006109,-0.008705,30.99,66.3735278064318
37782,-8.443074,-3.59043,4.00738,-0.004276,0.007636,-0.008399,30.99,66.4051663593286
37792,-8.444869,-3.589234,4.006782,-0.003207,0.009163,-0.008247,31.07,66.411014116966
37802,-8.447262,-3.595814,4.010371,-0.003054,0.011301,-0.007789,31.07,66.4031375914957
37812,-8.447861,-3.585046,4.008576,-0.003971,0.01237,-0.008094,31.04,66.4041646834675
37822,-8.446067,-3.580261,4.009174,-0.003512,0.015119,-0.008247,31.04,66.3929647432087
37832,-8.440681,-3.588037,4.005585,-0.003818,0.016341,-0.007941,31.05,66.4073915457032
37842,-8.446664,-3.585645,4.010969,-0.004581,0.017562,-0.007483,31.01,66.3896309471736
37852,-8.454441,-3.588636,4.001996,-0.005192,0.017715,-0.008094,31.01,66.4557257007847
37862,-8.452048,-3.58744,4.007978,-0.004581,0.018937,-0.008094,31.07,66.4182629475365
37872,-8.450253,-3.586243,3.997808,-0.003971,0.018784,-0.007941,31.07,66.4667466495921
37882,-8.447861,-3.588636,4.007978,-0.004123,0.018631,-0.007636,31,66.4105125100071
37892,-8.452048,-3.598207,4.012764,-0.004276,0.018937,-0.006872,31,66.402823496181
37902,-8.447262,-3.589832,3.997808,-0.003971,0.019242,-0.007789,31.07,66.4636614638268
37912,-8.454441,-3.589234,3.999005,-0.003665,0.018631,-0.007178,31.07,66.4719425010487
37922,-8.461619,-3.591627,3.996612,-0.003971,0.017715,-0.00672,31.04,66.5016946706498
37932,-8.467003,-3.591627,3.993621,-0.005345,0.016952,-0.007941,31.04,66.5286607447529
37942,-8.459825,-3.59402,3.987639,-0.003818,0.016646,-0.008552,31.02,66.5471193584926
37952,-8.446067,-3.586841,3.99063,-0.003512,0.015424,-0.007789,31.02,66.4961540696588
37962,-8.466404,-3.592823,3.979862,-0.003512,0.013744,-0.007025,31.02,66.6006252365859
37972,-8.466404,-3.59043,3.988237,-0.004123,0.01237,-0.00672,31.02,66.5545696366472
37982,-8.462217,-3.592225,3.979264,-0.004276,0.010385,-0.007636,31.03,66.594478792855
37992,-8.459227,-3.604189,3.985246,-0.003665,0.008399,-0.007789,31.03,66.5674771490107
38002,-8.456833,-3.591627,3.987041,-0.004276,0.005192,-0.008094,31.01,66.5418577011456
38012,-8.462815,-3.589832,3.98405,-0.004276,0.002902,-0.008094,31.09,66.5684879295708
38022,-8.462217,-3.585645,3.991827,-0.004123,0.001374,-0.008705,31.09,66.5227171500561
38032,-8.457432,-3.582654,3.989433,-0.004429,-0.000305,-0.008705,31.02,66.5225783616956
38042,-8.444869,-3.58385,3.99063,-0.004276,-0.001985,-0.008552,31.02,66.4909657510744
38052,-8.452645,-3.586243,3.99063,-0.003971,-0.003818,-0.00901,31.06,66.5094406156416
38062,-8.459227,-3.586841,3.984648,-0.004123,-0.00504,-0.008552,31.06,66.5551775368668
38072,-8.467003,-3.588037,3.986442,-0.004276,-0.007025,-0.008399,31.06,66.5631137091008
38082,-8.456833,-3.597609,3.994219,-0.004276,-0.008705,-0.007941,31.06,66.5095340832232
38092,-8.467602,-3.58744,3.988835,-0.00336,-0.009774,-0.008094,31.05,66.5512884815742
38102,-8.449057,-3.59043,3.992425,-0.003512,-0.01069,-0.007789,31.05,66.496217514531
38112,-8.451449,-3.595216,3.995416,-0.003971,-0.011759,-0.008552,31.05,66.4898212458133
38122,-8.450253,-3.578466,3.989433,-0.003971,-0.012675,-0.00901,31.05,66.5037730073847
38132,-8.449057,-3.593421,4.004987,-0.00336,-0.012217,-0.007941,31.04,66.4329950741136
38142,-8.449057,-3.583252,4.001398,-0.003665,-0.013286,-0.008399,31.04,66.4427255469889
38155,-8.448458,-3.585046,4.002594,-0.004276,-0.014813,-0.008552,31.04,66.4367930838995
38162,-8.446067,-3.586243,4.002594,-0.004276,-0.014813,-0.008552,31.04,66.4328275265884
38172,-8.441879,-3.589832,3.995416,-0.003818,-0.013286,-0.008705,31.01,66.4648911062793
38182,-8.438888,-3.59043,4.012764,-0.002902,-0.012523,-0.008858,31.05,66.368101787111
38192,-8.441879,-3.591029,4.007978,-0.003665,-0.011606,-0.008552,31.05,66.4000479820295
38202,-8.450851,-3.583252,4.004389,-0.003665,-0.010385,-0.008094,31.04,66.4308160341836
38212,-8.440681,-3.582654,4.00738,-0.003971,-0.009163,-0.00901,31.04,66.3931504925499
38222,-8.446664,-3.589832,4.005585,-0.004887,-0.008399,-0.008552,31.02,66.4216086578746
38232,-8.442476,-3.585046,4.01396,-0.003665,-0.006109,-0.008247,31.02,66.3645749233746
38242,-8.439486,-3.58744,4.010371,-0.003512,-0.004734,-0.007636,31.05,66.3792293744242
38252,-8.439486,-3.593421,4.008576,-0.003818,-0.002902,-0.008247,31.05,66.394012354225
38262,-8.444869,-3.597011,4.015156,-0.003207,-0.000153,-0.007636,31.1,66.3740943184889
38272,-8.435897,-3.586243,4.006782,-0.003512,0.001222,-0.007941,31.1,66.3894081522361
38282,-8.435897,-3.593421,4.01396,-0.004123,0.002749,-0.008247,31.06,66.3582033518343
38292,-8.440084,-3.588636,4.005585,-0.003512,0.005651,-0.007483,31.06,66.4066696535818
38302,-8.441879,-3.580859,4.012764,-0.004123,0.006872,-0.006872,31.04,66.3658315903457
38312,-8.436494,-3.588037,4.004987,-0.004734,0.008705,-0.007178,31.04,66.40169808023
38322,-8.440084,-3.58385,4.010371,-0.004887,0.010843,-0.007025,31.02,66.3772718074458
38332,-8.448458,-3.594618,3.998407,-0.004581,0.012675,-0.00672,31.02,66.4673130279913
38342,-8.441879,-3.584448,4.000201,-0.004581,0.015577,-0.00733,31.04,66.4349555923078
38352,-8.437692,-3.589234,4.007978,-0.004734,0.01741,-0.007025,31.04,66.3896057583055
38362,-8.444869,-3.576672,4.000201,-0.003971,0.018479,-0.007025,31.04,66.4343073776436
38372,-8.443673,-3.591029,4.012166,-0.004123,0.0197,-0.006414,31.01,66.3818724400417
38382,-8.459227,-3.585645,4.015156,-0.004429,0.020464,-0.006109,31.01,66.3941774631937
38392,-8.447861,-3.584448,4.007978,-0.003665,0.020617,-0.007025,31.05,66.406765152226
38402,-8.445468,-3.585046,3.996612,-0.004429,0.020769,-0.00672,31.05,66.461886445763
38412,-8.443673,-3.589832,3.994817,-0.004276,0.020617,-0.006261,31.04,66.4718099520345
38422,-8.453244,-3.58385,3.999603,-0.004429,0.020769,-0.006872,31.04,66.4614867601755
38432,-8.455039,-3.592225,3.99063,-0.003818,0.020922,-0.00672,31.02,66.5197958719203
38442,-8.456235,-3.585645,3.992425,-0.004123,0.0197,-0.006872,31.02,66.5070266921207
38452,-8.453843,-3.585046,3.996612,-0.003665,0.018173,-0.006567,31.06,66.4795018178071
38462,-8.462217,-3.586243,3.994817,-0.003971,0.018021,-0.006567,31.06,66.5075689086521
38472,-8.465208,-3.578466,3.986442,-0.003665,0.017104,-0.007025,31.06,66.5508671102957
38482,-8.453843,-3.586841,3.991228,-0.003818,0.015119,-0.007025,31.06,66.5093504843106
38492,-8.463414,-3.585046,3.983452,-0.004123,0.013744,-0.006567,31.03,66.5686322463783
38502,-8.458628,-3.585645,3.994817,-0.004123,0.011606,-0.007789,31.03,66.4995033378762
38512,-8.458031,-3.591627,3.979862,-0.003665,0.010079,-0.006414,31.05,66.5820501110999
38522,-8.463414,-3.579663,3.988835,-0.004429,0.006567,-0.007941,31.03,66.5356110749887
38532,-8.468798,-3.589234,3.979264,-0.004123,0.003971,-0.008247,31.03,66.6055854697877
38542,-8.46102,-3.59043,3.990032,-0.003665,0.002749,-0.008247,31.01,66.5338764916867
38552,-8.463414,-3.583252,3.987639,-0.003512,0,-0.008705,31.01,66.5450704343163
38562,-8.465208,-3.595216,3.988835,-0.004123,-0.001833,-0.008858,30.98,66.553182206485
38572,-8.459825,-3.584448,3.993023,-0.003971,-0.003971,-0.00901,30.98,66.5103609142385
38582,-8.447861,-3.580859,3.987041,-0.003665,-0.005192,-0.008399,31.04,66.5134389973405
38592,-8.46461,-3.591627,3.985844,-0.003207,-0.007025,-0.008094,31.04,66.5644276931831
38602,-8.455637,-3.58385,3.99721,-0.003665,-0.008552,-0.008858,31.07,66.4790701218153
38612,-8.450851,-3.580859,3.989433,-0.00336,-0.010385,-0.009163,31.07,66.5071603626333
38622,-8.46102,-3.583252,3.996014,-0.003665,-0.011301,-0.008247,31.02,66.4961196141502
38632,-8.453843,-3.588636,3.996014,-0.003665,-0.01237,-0.008552,31.02,66.4858396784167
38642,-8.447861,-3.594618,3.993023,-0.003512,-0.013744,-0.008552,31.04,66.4943075377449
38652,-8.449656,-3.588636,3.987639,-0.002902,-0.014813,-0.007941,31.04,66.5209992578853
38662,-8.456235,-3.58744,4.002594,-0.003512,-0.014813,-0.009316,31.04,66.4552959425655
38672,-8.443074,-3.58385,3.995416,-0.003818,-0.015424,-0.009163,31.04,66.4620570894963
38682,-8.452048,-3.582056,4.012764,-0.003665,-0.015424,-0.009927,31.05,66.388367839565
38692,-8.440084,-3.583252,4.002594,-0.003054,-0.015272,-0.00901,31.09,66.4175410764489
38702,-8.445468,-3.592823,4.007978,-0.003512,-0.013592,-0.008858,31.09,66.4092207638195
38712,-8.449656,-3.585645,4.013362,-0.004276,-0.012828,-0.008552,31.01,66.3833993037377
38722,-8.440084,-3.580859,4.001398,-0.004123,-0.012217,-0.008858,31.01,66.4216769427821
38732,-8.449057,-3.59402,4.004389,-0.003512,-0.010537,-0.00901,31.06,66.436666458077
38742,-8.446067,-3.58744,4.015156,-0.002749,-0.009163,-0.008247,31.06,66.3680336372294
38752,-8.437093,-3.586841,4.01396,-0.003512,-0.007483,-0.008705,31.02,66.3548147113103
38762,-8.436494,-3.583252,4.013362,-0.004734,-0.005651,-0.007941,31.02,66.35346186725
38772,-8.443673,-3.58744,4.015755,-0.004276,-0.003512,-0.008094,31.03,66.3598406306653
38782,-8.441879,-3.580859,4.006183,-0.003207,-0.001374,-0.008399,31.03,66.400351577363
38792,-8.446067,-3.595216,4.021138,-0.003971,0.000611,-0.007636,31.1,66.3436745327525
38802,-8.441879,-3.59402,4.013362,-0.004581,0.002443,-0.007941,31.1,66.3745034473778
38812,-8.433504,-3.593421,4.010371,-0.003971,0.004581,-0.007941,31.03,66.3719743006774
38822,-8.436494,-3.589234,4.01396,-0.004734,0.006872,-0.007483,31.03,66.3556993920256
38832,-8.442476,-3.594618,4.002594,-0.003971,0.008552,-0.006261,31.06,66.4327643014346
38842,-8.438888,-3.592225,4.010371,-0.004123,0.010843,-0.006567,31.06,66.3822629465124
38852,-8.446664,-3.589234,4.013362,-0.004429,0.011912,-0.006261,31.06,66.3803030534496
38862,-8.440681,-3.589832,4.009174,-0.004429,0.016188,-0.006872,31.06,66.3901752199108
38872,-8.448458,-3.597609,4.015755,-0.004734,0.01741,-0.00672,31.05,66.3790590553332
38882,-8.449057,-3.591029,4.003192,-0.004734,0.018784,-0.005956,31,66.4402666918999
38892,-8.443074,-3.59043,4.013362,-0.004734,0.019395,-0.005498,31,66.373801865678
38902,-8.437692,-3.582056,4.010969,-0.004429,0.020159,-0.006414,31.04,66.367473431868
38912,-8.433504,-3.588037,4.006782,-0.004581,0.020617,-0.006567,31.04,66.3859667944596
38922,-8.449656,-3.589234,4.012764,-0.003818,0.02138,-0.005956,31.05,66.3897459700901
38932,-8.449057,-3.598805,3.999005,-0.003971,0.02138,-0.006109,31.05,66.4691812392569
38942,-8.455039,-3.581457,4.0008,-0.003818,0.021533,-0.00733,31.05,66.4568517868069
38952,-8.459825,-3.588037,3.991228,-0.003971,0.020769,-0.007178,31.05,66.5229687277776
38962,-8.46102,-3.582654,4.004389,-0.004276,0.020464,-0.006872,31.06,66.4516846952236
38972,-8.452048,-3.58385,3.98405,-0.004581,0.01909,-0.007178,31.06,66.5406036903071
38982,-8.46102,-3.59402,4.003192,-0.003818,0.018937,-0.00733,31.03,66.46808675841
38992,-8.46102,-3.580859,3.992425,-0.003665,0.017868,-0.007789,31.03,66.5128159376982
39002,-8.463414,-3.588037,3.993023,-0.003054,0.01741,-0.007025,31.02,66.5210817680756
39012,-8.459825,-3.586243,3.991228,-0.003512,0.014813,-0.007636,31.02,66.5213730380367
39022,-8.468798,-3.591627,3.989433,-0.003818,0.013286,-0.007025,31.02,66.5543730814179
39032,-8.468199,-3.579065,3.991827,-0.003971,0.010232,-0.007941,31.02,66.529423251252
39042,-8.459825,-3.597011,3.984648,-0.003665,0.007178,-0.008705,31.06,66.5654733617578
39052,-8.468798,-3.585046,3.987639,-0.003818,0.005803,-0.007941,31.07,66.5579418065012
39062,-8.469995,-3.586841,3.991827,-0.003207,0.004581,-0.008247,31.07,66.540082764723
39072,-8.463414,-3.586841,3.988237,-0.003971,0.002138,-0.008858,31.03,66.5451195858288
39082,-8.46102,-3.595216,3.982255,-0.003818,0.000458,-0.008552,31.03,66.5789342425677
39092,-8.472386,-3.586841,3.984648,-0.003818,-0.001985,-0.008552,31.02,66.5827259168315
39102,-8.467602,-3.579065,3.984648,-0.003818,-0.004123,-0.008705,31.02,66.5658274741175
39112,-8.468798,-3.579663,3.998407,-0.003818,-0.005956,-0.009468,31.07,66.4967173392571
39122,-8.464012,-3.57069,3.986442,-0.00336,-0.007789,-0.009163,31.07,66.5414710147034
39132,-8.461619,-3.584448,3.994219,-0.003665,-0.008552,-0.008705,31,66.5078536200049
39142,-8.450253,-3.592225,4.00379,-0.00336,-0.009927,-0.008552,31,66.4407174453417
39152,-8.459825,-3.582654,3.978666,-0.003512,-0.011912,-0.009163,31.05,66.5841196191362
39162,-8.442476,-3.591627,3.988835,-0.003512,-0.013592,-0.008705,31.05,66.5023090739129
39172,-8.455039,-3.591029,3.992425,-0.004123,-0.014813,-0.009468,31.05,66.5093122826624
39182,-8.459227,-3.595216,3.995416,-0.003971,-0.015272,-0.009468,31.05,66.5061446532196
39192,-8.446664,-3.589832,4.007978,-0.00336,-0.015119,-0.008858,31.02,66.409061063013
39202,-8.456235,-3.583252,4.005585,-0.003207,-0.015577,-0.008552,31.02,66.4358818584853
39212,-8.447861,-3.589832,4.007978,-0.00336,-0.015882,-0.008858,31.04,66.4115831466549
39222,-8.447262,-3.592823,3.999005,-0.003054,-0.015577,-0.00901,31.02,66.4600558598897
39232,-8.438289,-3.584448,4.003192,-0.003971,-0.014355,-0.00901,31.02,66.4116876416481
39242,-8.44427,-3.58385,4.009174,-0.00336,-0.014355,-0.008552,31.04,66.3923851147584
39252,-8.439486,-3.586841,4.015156,-0.003818,-0.013286,-0.008399,31.04,66.3535995365297
39262,-8.449057,-3.595216,4.012764,-0.003971,-0.011454,-0.007941,31.07,66.3938433915844
39272,-8.44128,-3.596412,4.021737,-0.004123,-0.009774,-0.008247,31.07,66.3315049859148
39282,-8.43111,-3.592225,4.006782,-0.003971,-0.008094,-0.007941,31.07,66.3846769895855
39292,-8.440084,-3.585046,4.015755,-0.004276,-0.006261,-0.008705,31.07,66.3501111156541
39302,-8.43111,-3.58385,4.007978,-0.004123,-0.004123,-0.008705,31.05,66.3708703977008
39312,-8.453244,-3.588636,4.007978,-0.003818,-0.00168,-0.007941,31.05,66.4218504518
39322,-8.438289,-3.589234,4.015156,-0.003971,0,-0.007483,31.04,66.3532202161842
39332,-8.448458,-3.589832,4.015755,-0.003971,0.003054,-0.006872,31.04,66.3720840394009
39342,-8.437692,-3.591029,4.01396,-0.003512,0.005345,-0.006872,31.04,66.359843295975
39352,-8.436494,-3.584448,4.012166,-0.00336,0.007483,-0.007025,31.04,66.360809304675
39362,-8.441879,-3.592225,4.009772,-0.004123,0.010232,-0.006872,31.07,66.3917131582503
39373,-8.442476,-3.59043,4.017549,-0.003971,0.014203,-0.006872,31.07,66.3505949535049
39382,-8.439486,-3.592823,4.001996,-0.003818,0.016188,-0.00672,31.04,66.4279954066898
39392,-8.446067,-3.595814,4.004987,-0.004123,0.017868,-0.00672,31.02,66.4288452014908
39402,-8.448458,-3.585645,4.015156,-0.004123,0.019395,-0.006414,31.02,66.3714711533904
39412,-8.438888,-3.598805,4.008576,-0.004887,0.020922,-0.006567,31.02,66.3975884590623
39422,-8.440681,-3.579065,4.004389,-0.004123,0.021686,-0.006414,31.02,66.4056318453551
39432,-8.44427,-3.596412,4.00379,-0.004581,0.021228,-0.00672,31.02,66.4318758465453
39442,-8.441879,-3.59402,4.002594,-0.004276,0.021686,-0.007178,31.02,66.4309711593753
39452,-8.454441,-3.597011,4.003192,-0.003971,0.022755,-0.005803,31.07,66.4569377688388
39462,-8.460423,-3.578466,3.99721,-0.004429,0.021838,-0.007178,31.07,66.4843381208603
39472,-8.456235,-3.59043,3.999005,-0.004734,0.022449,-0.007178,30.99,66.4767790890792
39482,-8.449656,-3.584448,3.994219,-0.004429,0.022449,-0.00733,30.99,66.4827227064271
39492,-8.455039,-3.580859,3.992425,-0.003818,0.021228,-0.007025,30.99,66.5002547726234
39502,-8.456833,-3.593421,3.992425,-0.003971,0.020922,-0.00733,30.99,66.5152083393074
39512,-8.468798,-3.580859,4.000201,-0.004734,0.019548,-0.00672,31.05,66.4883780569875
39522,-8.449057,-3.588636,3.996612,-0.004887,0.018631,-0.006261,31.05,66.4726432122824
39532,-8.458628,-3.596412,3.999603,-0.005192,0.016952,-0.006872,31.04,66.4840061650522
39542,-8.458031,-3.586841,3.989433,-0.003512,0.01573,-0.007025,31.04,66.5275588729754
39552,-8.458031,-3.582654,3.994817,-0.004276,0.011759,-0.006567,31.06,66.4955877847744
39562,-8.459227,-3.57727,3.994219,-0.004123,0.010232,-0.00672,31.05,66.4964501132411
39572,-8.469995,-3.575475,3.985246,-0.004581,0.008399,-0.00672,31.05,66.5645263850007
39582,-8.459227,-3.594618,3.990032,-0.003818,0.00672,-0.00672,31.02,66.5338458937103
39592,-8.461619,-3.589832,3.987041,-0.003971,0.004123,-0.006872,31.02,66.5502901643222
39602,-8.46461,-3.58385,3.978666,-0.003207,0.001833,-0.007483,31.05,66.5951963799151
39612,-8.466404,-3.597011,3.985844,-0.00336,0.000305,-0.008552,31.05,66.5729639530458
39622,-8.450253,-3.600002,3.991228,-0.003512,-0.001833,-0.008094,31.04,66.5135591831682
39632,-8.459825,-3.586243,3.996014,-0.004123,-0.003971,-0.008705,31.04,66.496271449544
39642,-8.469995,-3.589234,3.982255,-0.003971,-0.006261,-0.009163,31.02,66.5923961134731
39652,-8.46102,-3.591627,3.98405,-0.003207,-0.007025,-0.007941,31.02,66.5663246083463
39662,-8.456235,-3.584448,3.986442,-0.00336,-0.008247,-0.008399,31.05,66.5373605386249
39672,-8.458031,-3.59043,3.987041,-0.003971,-0.010079,-0.009163,31.05,66.5433034256098
39682,-8.449656,-3.579663,3.996014,-0.003971,-0.012065,-0.009163,31.07,66.4690347629784
39692,-8.450253,-3.588037,3.994817,-0.003512,-0.012523,-0.008552,31.07,66.4840415138098
39702,-8.456235,-3.591029,3.999603,-0.003665,-0.013286,-0.008247,31.05,66.4741781109179
39712,-8.46461,-3.588636,4.004987,-0.002291,-0.014508,-0.008399,31.05,66.4614248920115
39722,-8.444869,-3.59043,3.987041,-0.003665,-0.014508,-0.009316,31.04,66.5156890971147
39732,-8.44427,-3.593421,3.993023,-0.00336,-0.015119,-0.009163,31.04,66.4856926048061
39742,-8.443673,-3.596412,4.005585,-0.003665,-0.016188,-0.009774,31.04,66.4212054782597
39752,-8.450851,-3.58744,4.006782,-0.004429,-0.015577,-0.009316,31.03,66.4220112832697
39762,-8.457432,-3.597609,3.999603,-0.003971,-0.014813,-0.008552,31.03,66.4825643525669
39772,-8.447262,-3.58744,4.004389,-0.003971,-0.01405,-0.009163,31.05,66.4269999071368
39782,-8.44427,-3.595814,4.004987,-0.004429,-0.013592,-0.008705,31.05,66.4250622330231
39792,-8.455039,-3.591029,4.009772,-0.004581,-0.012981,-0.008858,31.06,66.4183678844842
39802,-8.438289,-3.580261,4.013362,-0.004123,-0.011148,-0.008705,31.06,66.3545723353077
39812,-8.44427,-3.58744,3.999603,-0.003207,-0.009468,-0.008552,31.02,66.4458070776398
39822,-8.434101,-3.584448,4.010371,-0.003207,-0.008399,-0.007941,31.02,66.3651696270603
39832,-8.440681,-3.589234,4.016951,-0.003971,-0.00672,-0.008705,31.05,66.3488635197793
39842,-8.432905,-3.58744,4.01396,-0.004581,-0.00504,-0.007941,31.05,66.3465010489192
39852,-8.437093,-3.591627,4.009174,-0.004123,-0.002443,-0.008247,31.05,66.3842164612294
39862,-8.441879,-3.58744,4.012166,-0.003818,-0.000305,-0.00672,31.05,66.374867500889
39872,-8.44128,-3.588636,4.009174,-0.004581,0.000611,-0.008399,31.07,66.390366014374
39882,-8.440681,-3.58744,4.019344,-0.004276,0.003054,-0.007941,31.07,66.3347100926782
39892,-8.438289,-3.595814,4.013362,-0.004429,0.004887,-0.007025,31,66.3685409229678
39902,-8.437692,-3.592225,4.024727,-0.003971,0.00901,-0.007636,31.06,66.3044882509916
39912,-8.447262,-3.589234,4.022933,-0.004123,0.011148,-0.007483,31.06,66.3314259741947
39922,-8.442476,-3.58385,4.001996,-0.003971,0.013439,-0.007025,31.05,66.4262580036365
39932,-8.447861,-3.584448,4.014558,-0.003512,0.015272,-0.006872,31.05,66.3722730113063
39942,-8.444869,-3.580261,4.010371,-0.004276,0.01741,-0.006261,31.02,66.3841591757182
39952,-8.42812,-3.592823,4.009772,-0.004276,0.018326,-0.00672,31.02,66.3632071435297
39962,-8.450851,-3.600002,4.006183,-0.004429,0.019395,-0.007178,31.04,66.4363926010531
39972,-8.443074,-3.594618,3.994817,-0.004734,0.020617,-0.006261,31.04,66.474832306233
39982,-8.445468,-3.592823,4.004987,-0.004581,0.02138,-0.006872,31,66.4249042401767
39992,-8.443074,-3.599404,4.0008,-0.004276,0.022602,-0.00672,31,66.4477249734075
40002,-8.454441,-3.591029,3.998407,-0.003818,0.02306,-0.006567,31.05,66.4766801404443
40012,-8.454441,-3.576073,4.009174,-0.004276,0.023213,-0.006414,31.05,66.4068873776232
40022,-8.448458,-3.58744,4.003192,-0.004429,0.022907,-0.006261,31.02,66.4357963966881
40032,-8.450851,-3.583252,3.997808,-0.004429,0.022297,-0.006109,31.02,66.4653356122004
40042,-8.447861,-3.588037,4.007978,-0.004734,0.021533,-0.005651,31.04,66.4099763756568
40052,-8.457432,-3.586841,3.992425,-0.004581,0.020769,-0.007178,31.04,66.5106042257326
40062,-8.453843,-3.586841,3.990032,-0.004581,0.019395,-0.00672,31.05,66.5156272105895
40072,-8.462815,-3.58385,3.983452,-0.003971,0.016188,-0.00672,31.05,66.5663166797645
40082,-8.464012,-3.586243,3.987639,-0.004581,0.014355,-0.007483,31.06,66.5489785970806
40092,-8.46102,-3.58744,3.991228,-0.004581,0.012065,-0.007636,31.02,66.5249440837351
40102,-8.462815,-3.591029,3.991827,-0.004429,0.00901,-0.007789,31.02,66.5287578317293
40112,-8.468798,-3.586841,3.985844,-0.004581,0.007178,-0.007789,31.03,66.5689468599096
40122,-8.46102,-3.592823,3.986442,-0.004734,0.004887,-0.008705,31.03,66.5548371611569
40132,-8.458031,-3.588636,3.981657,-0.003512,0.002902,-0.007941,31.03,66.5699677894634
40142,-8.468199,-3.58744,3.995416,-0.003818,0.000305,-0.007789,31.03,66.5180395734066
40156,-8.467003,-3.585046,3.985246,-0.003207,-0.002138,-0.008247,31.04,66.5667346901858
40162,-8.464012,-3.594618,3.97747,-0.003207,-0.004276,-0.007941,31.04,66.6097718655539
40172,-8.466404,-3.584448,3.991228,-0.003665,-0.00672,-0.008247,31.05,66.5335749587456
40182,-8.459825,-3.596412,3.986442,-0.003665,-0.007789,-0.008552,31.05,66.5555279135385
40192,-8.456235,-3.591627,3.99721,-0.003665,-0.009316,-0.008247,31.04,66.4872587826108
40202,-8.456235,-3.589234,3.999603,-0.003665,-0.011148,-0.008705,31.04,66.4725769162541
40212,-8.452645,-3.589832,3.990032,-0.003818,-0.013286,-0.008858,31.05,66.5157776202256
40222,-8.457432,-3.589832,3.992425,-0.003207,-0.013897,-0.009316,31.05,66.513267379327
40232,-8.456833,-3.589832,3.993023,-0.003054,-0.014661,-0.008858,31.04,66.5088735623278
40242,-8.450851,-3.589234,4.003192,-0.003207,-0.014966,-0.008705,31.04,66.4424370502883
40252,-8.442476,-3.591029,4.004389,-0.003971,-0.016493,-0.009468,31.01,66.4201310439162
40262,-8.440681,-3.588636,4.007978,-0.003665,-0.016035,-0.008858,31.05,66.3953753487587
40272,-8.438289,-3.592225,4.006782,-0.003207,-0.015272,-0.00901,31.05,66.3998245449034
40282,-8.439486,-3.584448,4.003192,-0.003665,-0.014355,-0.007789,31,66.4142124066211
40292,-8.439486,-3.592225,4.006183,-0.002902,-0.013744,-0.00733,31,66.405490828562
40302,-8.452048,-3.585046,4.011567,-0.003971,-0.012828,-0.007789,31.05,66.3973133719229
40312,-8.440084,-3.585645,4.011567,-0.003818,-0.012217,-0.007941,31.05,66.3726088360888
40322,-8.451449,-3.576672,4.001398,-0.004429,-0.011148,-0.008399,31.06,66.4418923284416
40332,-8.446664,-3.589832,4.016353,-0.00336,-0.009316,-0.008247,31.06,66.3651660005309
40342,-8.450851,-3.583252,4.00738,-0.003818,-0.007483,-0.008705,31.08,66.4151332181091
40352,-8.439486,-3.591627,4.012166,-0.003665,-0.005651,-0.008552,31.08,66.3735749088045
40362,-8.434101,-3.589234,4.010371,-0.004276,-0.003512,-0.008552,31.05,66.3694698921835
40372,-8.438888,-3.586841,4.016951,-0.004429,-0.001985,-0.008552,31.05,66.3429252294896
40382,-8.436494,-3.598805,4.004389,-0.005345,0.000305,-0.008094,31.01,66.4145060904053
40392,-8.447262,-3.588037,4.009772,-0.004887,0.002291,-0.008094,31.01,66.3993087830604
40402,-8.4347,-3.588037,4.012764,-0.004429,0.004887,-0.006872,31.02,66.3571056968324
40412,-8.444869,-3.589234,4.00738,-0.004581,0.006872,-0.006414,31.02,66.4078781661237
40422,-8.443673,-3.591627,4.010969,-0.00504,0.010843,-0.006414,31.01,66.3886838963544
40432,-8.44128,-3.583252,4.006183,-0.004734,0.013439,-0.007025,31.02,66.4012302662116
40442,-8.44427,-3.582654,4.006183,-0.005345,0.015272,-0.007178,31.02,66.4070021602188
40452,-8.449656,-3.595216,4.008576,-0.005651,0.016341,-0.007483,31.04,66.4170502191703
40462,-8.442476,-3.58744,4.015156,-0.004734,0.017562,-0.00672,31.04,66.3604527100807
40472,-8.453244,-3.589832,4.008576,-0.004429,0.018326,-0.007636,31.04,66.4197857337207
40482,-8.446067,-3.592823,4.003192,-0.004734,0.020464,-0.00733,31.04,66.4355791456102
40492,-8.447861,-3.593421,4.010371,-0.00504,0.021533,-0.006261,31,66.4022543469626
40502,-8.447861,-3.59402,4.003192,-0.004887,0.021533,-0.006872,31,66.4404263174984
40512,-8.451449,-3.594618,4.004987,-0.004581,0.021533,-0.007025,31.05,66.4390989397352
40522,-8.462815,-3.583252,4.004389,-0.004887,0.021686,-0.006567,31.05,66.4559915232583
40532,-8.469995,-3.592225,4.004389,-0.004581,0.022144,-0.005803,31.05,66.4790564582567
40542,-8.455039,-3.59043,4.005585,-0.004276,0.021533,-0.005956,31.05,66.439772286549
40552,-8.459825,-3.588037,3.992425,-0.004123,0.020311,-0.006109,31.04,66.5166901384438
40562,-8.462217,-3.589234,3.993023,-0.004887,0.018784,-0.006872,31.04,66.5196360497802
40572,-8.456833,-3.596412,3.992425,-0.004581,0.018173,-0.00733,31.03,66.5178748028845
40582,-8.463414,-3.591029,3.99721,-0.004429,0.016493,-0.007636,31.03,66.5017934147388
40592,-8.453244,-3.588037,3.996014,-0.004581,0.014203,-0.006872,31.04,66.4840468951331
40602,-8.458628,-3.586841,3.990032,-0.004123,0.012828,-0.005803,31.04,66.5256683206947
40612,-8.46461,-3.594618,3.984648,-0.003818,0.010843,-0.007025,31.04,66.5733581839708
40622,-8.468798,-3.579065,3.988835,-0.004123,0.008399,-0.008247,31,66.5463695647575
40632,-8.461619,-3.595216,3.979264,-0.004123,0.00672,-0.007636,31,66.5958845846642
40642,-8.457432,-3.602395,3.987639,-0.003818,0.004429,-0.008399,31.04,66.5495687115381
40652,-8.46102,-3.582056,3.988237,-0.003818,0.002291,-0.007941,31.04,66.5358513183184
40662,-8.468199,-3.579663,3.99063,-0.003512,0.000764,-0.007178,31.03,66.5362301393944
40672,-8.46461,-3.589832,3.991827,-0.004123,-0.001069,-0.00733,31.03,66.5314556811311
40682,-8.470592,-3.59043,3.987639,-0.004581,-0.003971,-0.008094,31.02,66.5664705908461
40692,-8.460423,-3.586841,3.991228,-0.004276,-0.005498,-0.008399,31.02,66.5231592806213
40702,-8.461619,-3.583252,3.99721,-0.003818,-0.006872,-0.008399,31.04,66.4911063696575
40712,-8.465208,-3.591627,3.996014,-0.004734,-0.00901,-0.008705,31.04,66.5123563251143
40722,-8.469995,-3.594618,4.002594,-0.004276,-0.01069,-0.00901,31,66.4905843103317
40732,-8.456235,-3.588037,4.003192,-0.004887,-0.011606,-0.008705,31,66.4526938686358
40742,-8.458031,-3.589832,3.99063,-0.004581,-0.011912,-0.00901,31.04,66.5239403066205
40752,-8.456833,-3.59043,4.002594,-0.003971,-0.01237,-0.009468,31.04,66.4592209439765
40762,-8.452048,-3.592823,4.005585,-0.004276,-0.012981,-0.008399,31.04,66.43561890396
40772,-8.465807,-3.586841,3.99721,-0.004276,-0.013286,-0.008705,31,66.5030884747715
40782,-8.448458,-3.579663,4.005585,-0.003971,-0.01237,-0.007178,31,66.416295698947
40792,-8.455039,-3.584448,3.996612,-0.004887,-0.01237,-0.008094,31.04,66.4814827252227
40802,-8.447262,-3.58744,4.013362,-0.003971,-0.011759,-0.007483,31.04,66.3799568925094
40812,-8.449656,-3.588037,4.003192,-0.004276,-0.010996,-0.007636,31.04,66.4388521455009
40822,-8.450851,-3.593421,3.99721,-0.003512,-0.010385,-0.007941,31.04,66.477551028287
40832,-8.453244,-3.591029,4.012764,-0.003512,-0.009316,-0.008399,31.06,66.3989138562245
40842,-8.446664,-3.595814,4.015156,-0.003207,-0.008705,-0.008094,31.06,66.3768042903982
40852,-8.451449,-3.596412,4.013362,-0.003512,-0.006567,-0.00733,31.07,66.3968213030732
40862,-8.438888,-3.598805,4.010371,-0.004429,-0.004887,-0.008094,31.07,66.3881759407161
40872,-8.446067,-3.589832,4.004987,-0.004276,-0.003665,-0.008094,31.05,66.423487207823
40882,-8.437093,-3.580859,4.005585,-0.004123,-0.002291,-0.008399,31.05,66.3933870563554
40892,-8.443074,-3.581457,4.010371,-0.004276,-0.001069,-0.007483,31.07,66.3814405307279
40902,-8.429914,-3.59043,4.00738,-0.003512,0.000458,-0.00733,31.07,66.3773979733051
40912,-8.442476,-3.597011,4.021138,-0.003971,0.002443,-0.007025,31.05,66.3377072667615
40922,-8.440681,-3.579663,4.000201,-0.003971,0.004429,-0.00672,31.05,66.4281499214357
40932,-8.448458,-3.588636,4.015755,-0.004429,0.004887,-0.006567,31.05,66.3710121640777
40942,-8.44128,-3.589234,4.012764,-0.004276,0.009468,-0.007025,31.01,66.3720774200437
40952,-8.44128,-3.58385,4.008576,-0.005345,0.010385,-0.00733,31.01,66.3892120916663
40962,-8.44128,-3.588636,4.000201,-0.004581,0.012217,-0.006414,31.04,66.4374423482674
40972,-8.438888,-3.593421,4.007978,-0.005192,0.013134,-0.007941,31.04,66.3958877739782
40982,-8.441879,-3.588037,4.004389,-0.003971,0.014508,-0.007483,31.02,66.4161919489734
40992,-8.447861,-3.581457,4.013362,-0.003818,0.015119,-0.007636,31.02,66.3758638965606
41002,-8.447262,-3.578466,4.004389,-0.004123,0.016035,-0.006261,31.04,66.4189784569236
41012,-8.462217,-3.584448,3.998407,-0.004734,0.016341,-0.006872,31.04,66.4871506150163
41022,-8.453244,-3.589234,4.004987,-0.005498,0.016493,-0.00733,31.05,66.4380617650335
41032,-8.447262,-3.584448,3.999603,-0.004734,0.016952,-0.007025,31.05,66.4494318511303
41042,-8.452048,-3.58385,3.999005,-0.004581,0.016493,-0.007025,31.05,66.4621075390698
41062,-8.449656,-3.588636,3.989433,-0.004581,0.015882,-0.007178,31.02,66.511580392076
41072,-8.458628,-3.589832,3.997808,-0.004581,0.015424,-0.00672,31.02,66.4875478813608
41082,-8.455039,-3.586243,3.991827,-0.004429,0.014661,-0.007789,31.04,66.5081857160327
41092,-8.448458,-3.586243,3.996612,-0.005192,0.013439,-0.008552,31.04,66.4692466061381
41102,-8.468798,-3.589832,3.991228,-0.004734,0.013134,-0.00733,31.05,66.5433697792971
41112,-8.447262,-3.595814,4.000201,-0.004276,0.010232,-0.007789,31.05,66.4564585038937
41122,-8.452645,-3.589832,3.998407,-0.003207,0.008858,-0.007636,31.06,66.4718375696585
41132,-8.456833,-3.585645,3.996014,-0.003971,0.008399,-0.007941,31.08,66.4894553481979
41142,-8.444869,-3.58385,3.995416,-0.004276,0.007941,-0.007789,31.08,66.4658355415484
41152,-8.450851,-3.588037,3.990032,-0.004123,0.006872,-0.008094,31.04,66.5104111508387
41162,-8.458031,-3.596412,3.985246,-0.003512,0.005651,-0.007636,31.04,66.5580467993339
41172,-8.458031,-3.592823,3.996612,-0.003665,0.004123,-0.008247,30.98,66.4952313017961
41182,-8.466404,-3.592225,3.994219,-0.004429,0.002749,-0.008247,30.98,66.5248028969891
41192,-8.450851,-3.601198,3.987639,-0.004276,0.001069,-0.00901,31.06,66.5347154325216
41202,-8.463414,-3.589234,3.986442,-0.003818,0,-0.008552,31.06,66.5566612162709
41212,-8.46102,-3.58744,4.001398,-0.003971,-0.001222,-0.008858,31.02,66.4716221501044
41222,-8.450253,-3.58744,3.994219,-0.004123,-0.002138,-0.008247,31.02,66.4866468665353
41232,-8.450851,-3.585645,3.991827,-0.003818,-0.003818,-0.008094,30.98,66.4988565983273
41242,-8.449057,-3.58385,3.993023,-0.004276,-0.00504,-0.008399,30.98,66.487207565811
41252,-8.448458,-3.581457,3.994817,-0.004429,-0.006414,-0.008094,31.02,66.474396475614
41262,-8.453244,-3.58385,3.991228,-0.004123,-0.007178,-0.00901,31.02,66.5054284473601
41272,-8.453843,-3.589234,3.998407,-0.004734,-0.008094,-0.008247,31.05,66.4738217752048
41282,-8.456235,-3.589234,3.999603,-0.004276,-0.008552,-0.008705,31.05,66.4725769162541
41292,-8.453244,-3.58385,3.994817,-0.004734,-0.009468,-0.007789,31,66.4865942035481
41302,-8.44427,-3.579065,3.99721,-0.004429,-0.009927,-0.008552,31.02,66.4508827048388
41312,-8.455039,-3.586243,3.999005,-0.004429,-0.010232,-0.007941,31.02,66.4705316431945
41322,-8.448458,-3.59402,3.990032,-0.004429,-0.010385,-0.008705,31.05,66.510725497197
41332,-8.443673,-3.592225,4.006782,-0.004429,-0.010385,-0.008399,31.05,66.411173962721
41342,-8.437692,-3.584448,4.001996,-0.004276,-0.009927,-0.008399,31.04,66.4167063485987
41352,-8.443074,-3.583252,4.0008,-0.004429,-0.009927,-0.00733,31.04,66.4332600682694
41362,-8.454441,-3.591029,4.006183,-0.004887,-0.009927,-0.008247,31.01,66.4359154495837
41372,-8.44427,-3.583252,4.007978,-0.004429,-0.008705,-0.008399,31.01,66.3981221664394
41382,-8.437093,-3.588636,4.004389,-0.004734,-0.007941,-0.007636,31.04,66.4066374668643
41392,-8.434101,-3.582056,4.012166,-0.004429,-0.006567,-0.007941,31.04,66.3536028547628
41402,-8.44427,-3.582056,4.004987,-0.004276,-0.005345,-0.008247,31.07,66.4127413067952
41412,-8.4347,-3.57727,4.00738,-0.004429,-0.004123,-0.007789,31.07,66.3756924067802
41422,-8.44427,-3.59043,4.014558,-0.004429,-0.002443,-0.006567,31.02,66.3700568397674
41432,-8.449656,-3.591627,4.010371,-0.003665,-0.000611,-0.00733,31.02,66.404428852451
41442,-8.419745,-3.588037,4.004987,-0.003971,0.000916,-0.007789,31.07,66.3663168050057
41452,-8.449656,-3.592823,4.006782,-0.004123,0.002138,-0.007789,31.07,66.4243105388424
41462,-8.450253,-3.594618,4.010969,-0.004887,0.006109,-0.007025,31.07,66.4052316276239
41472,-8.445468,-3.591627,4.009174,-0.004581,0.006414,-0.007178,31.05,66.4018784506683
41482,-8.439486,-3.59043,4.000201,-0.003971,0.007789,-0.008094,31.05,66.4352704775118
41492,-8.447861,-3.592823,4.001398,-0.004123,0.009163,-0.007025,31.05,66.4487634699215
41502,-8.450851,-3.59402,4.006782,-0.003971,0.010537,-0.007025,31.05,66.4278970977536
41512,-8.445468,-3.591627,4.010969,-0.003818,0.011148,-0.007025,31.04,66.3924686408569
41522,-8.443074,-3.585645,4.018147,-0.004887,0.012675,-0.00672,31.04,66.3444287305552
41532,-8.444869,-3.59402,4.004987,-0.004581,0.01405,-0.007483,31.09,66.4247154060282
41542,-8.447262,-3.589832,4.002594,-0.004123,0.01573,-0.007178,31.09,66.4385541074397
41552,-8.445468,-3.58744,4.013362,-0.004887,0.015882,-0.00733,31.06,66.3761719352329
41562,-8.447861,-3.589832,3.998407,-0.004276,0.016035,-0.006567,31.06,66.4617785721627
41572,-8.450253,-3.596412,4.008576,-0.004276,0.017104,-0.006109,31.02,66.4193781600674
41582,-8.444869,-3.596412,3.994817,-0.004429,0.016799,-0.006261,31.02,66.4802110308818
41592,-8.442476,-3.582056,4.003192,-0.00504,0.016493,-0.007483,31.03,66.4183765344542
41602,-8.44128,-3.586841,3.996612,-0.00504,0.016035,-0.007178,31.03,66.4546750927803
41612,-8.453244,-3.597011,4.001398,-0.004123,0.015882,-0.007178,31.04,66.4638262417082
41622,-8.447861,-3.588037,3.99721,-0.004734,0.015119,-0.007178,31.04,66.4664551438667
41632,-8.462217,-3.586243,3.99063,-0.005192,0.014813,-0.007941,31.05,66.5295268419002
41642,-8.453244,-3.589832,3.993621,-0.004581,0.012981,-0.00672,31.03,66.4982020198784
41652,-8.456235,-3.591029,4.0008,-0.004123,0.011759,-0.007025,31.03,66.4679027116683
41662,-8.466404,-3.586243,3.986442,-0.004581,0.010385,-0.007025,31.06,66.5602680905441
41672,-8.457432,-3.589234,3.989433,-0.004429,0.009163,-0.007789,31.06,66.5284318162336
41702,-8.447861,-3.585046,3.991228,-0.003207,0.004581,-0.008094,31.03,66.4951833642665
41712,-8.457432,-3.585046,3.985844,-0.003971,0.003054,-0.009316,31.03,66.5435417749247
41722,-8.447861,-3.586841,3.994219,-0.004123,0.00168,-0.007941,31.07,66.481083904403
41732,-8.455039,-3.595216,3.988237,-0.003971,0.000305,-0.007941,31.07,66.5350180933537
41742,-8.46102,-3.588037,3.983452,-0.003512,-0.001222,-0.008247,31.05,66.5662734137709
41752,-8.452048,-3.589832,3.976871,-0.003818,-0.002749,-0.008858,31.05,66.5836367065002
41762,-8.458031,-3.585645,3.992425,-0.003971,-0.003818,-0.008858,31.04,66.5107970650854
41772,-8.463414,-3.585046,3.992425,-0.004123,-0.005345,-0.008705,31.04,66.5215593573903
41782,-8.463414,-3.582654,3.986442,-0.003512,-0.005956,-0.008247,31.07,66.5508201602801
41792,-8.448458,-3.576672,3.997808,-0.003971,-0.00672,-0.008094,31.07,66.4544300981946
41802,-8.446067,-3.586243,3.987041,-0.005192,-0.008247,-0.008858,31.02,66.5144687793555
41812,-8.458628,-3.595216,4.012166,-0.004734,-0.008399,-0.007941,31.04,66.4171246841912
41822,-8.449656,-3.589234,3.984648,-0.004734,-0.008552,-0.007941,31.04,66.5372385187841
41832,-8.454441,-3.577868,4.002594,-0.003665,-0.008858,-0.007178,31.02,66.4429865345061
41842,-8.454441,-3.580859,4.004987,-0.004123,-0.008858,-0.007636,31.02,66.4331053078234
41852,-8.446664,-3.597609,4.000201,-0.004276,-0.008399,-0.008399,31.07,66.4568081973975
41862,-8.440681,-3.591627,4.006183,-0.004123,-0.007789,-0.008399,31.07,66.407473534231
41872,-8.447262,-3.592225,4.004389,-0.004429,-0.006872,-0.00733,31.02,66.4312818505926
41882,-8.448458,-3.59043,4.012166,-0.004887,-0.007178,-0.007789,31.02,66.3914254057533
41892,-8.452048,-3.586243,4.00379,-0.004429,-0.006872,-0.007636,31.03,66.4391484389623
41902,-8.438289,-3.581457,4.006782,-0.005192,-0.005956,-0.007789,31.03,66.3901661645666
41912,-8.444869,-3.589234,4.006782,-0.004734,-0.004734,-0.007789,31.05,66.411014116966
41922,-8.440084,-3.586243,4.006183,-0.004429,-0.004123,-0.007636,31.05,66.4013869602653
41932,-8.44128,-3.580261,3.999603,-0.005498,-0.003207,-0.008247,31.05,66.4330870850638
41942,-8.435298,-3.581457,4.00379,-0.004887,-0.003054,-0.008094,31.05,66.399555704606
41952,-8.435298,-3.591627,4.015156,-0.004887,-0.002443,-0.007789,31.05,66.3490525885629
41962,-8.439486,-3.597011,4.00738,-0.00504,-0.001374,-0.007483,31.05,66.4035091221931
41972,-8.443074,-3.588037,4.009174,-0.004276,0.000916,-0.007636,31.02,66.3936132207485
41982,-8.447262,-3.58744,4.002594,-0.003818,0.001833,-0.007025,31.04,66.4364146567325
41992,-8.446067,-3.586243,4.012166,-0.003665,0.003665,-0.007178,31.04,66.3826322895194
42092,-8.443673,-3.591029,4.004987,-0.004123,0.012675,-0.008247,31.05,66.4195161912396
42112,-8.449057,-3.58385,4.004389,-0.004581,0.01405,-0.006872,31.02,66.4275713839342
42122,-8.452048,-3.591029,4.007978,-0.004276,0.01405,-0.007178,31.03,66.4214721407185
42132,-8.458031,-3.588037,3.995416,-0.003512,0.014203,-0.00733,31.03,66.497238092566
42142,-8.450851,-3.585645,3.997808,-0.003818,0.014661,-0.007025,31.03,66.4674706792151
42152,-8.446664,-3.591627,3.99063,-0.003971,0.01573,-0.00733,31.03,66.501681916352
42162,-8.453244,-3.589234,3.99063,-0.004276,0.014966,-0.006567,31.03,66.5133635013172
42172,-8.458031,-3.585645,3.996612,-0.004123,0.013897,-0.008094,31.04,66.4888356039239
42182,-8.451449,-3.58385,3.991827,-0.004734,0.013439,-0.00672,31.04,66.4985132815179
42192,-8.453244,-3.589832,3.990032,-0.004429,0.013592,-0.006567,31.05,66.5170347889943
42202,-8.452048,-3.588636,3.998407,-0.004429,0.011912,-0.00733,31.05,66.4695149987094
42212,-8.460423,-3.591627,3.987041,-0.004734,0.011301,-0.006567,31.06,66.549380479851
42222,-8.449656,-3.576672,3.990032,-0.004581,0.009774,-0.00672,31.06,66.4977752673141
42232,-8.467003,-3.588037,3.99063,-0.004276,0.008399,-0.007178,31.04,66.5411515547493
42242,-8.46102,-3.598805,3.993023,-0.004276,0.00733,-0.00672,31.04,66.5256481631394
42252,-8.463414,-3.588636,3.996612,-0.004276,0.005345,-0.007789,31.07,66.5027984524369
42262,-8.468199,-3.595814,3.990032,-0.004429,0.003665,-0.008247,31.07,66.5536979849503
42272,-8.459825,-3.59043,3.996612,-0.004734,0.003054,-0.007636,31.02,66.4968640609131
42282,-8.465807,-3.59043,3.992425,-0.004276,0.001527,-0.007789,31.02,66.5313603180171
42292,-8.468798,-3.582056,3.999603,-0.004123,-0.000458,-0.007941,31.04,66.492574084458
42302,-8.463414,-3.58744,3.988835,-0.003818,-0.001833,-0.008247,31.04,66.5425148090432
42312,-8.461619,-3.589832,3.995416,-0.004276,-0.003512,-0.008247,31.03,66.5063666075886
42322,-8.455039,-3.582654,3.99063,-0.004123,-0.006261,-0.008094,31.03,66.5112723523254
42332,-8.452645,-3.586243,3.996014,-0.005192,-0.007636,-0.008399,31.02,66.4811881036987
42342,-8.463414,-3.592225,3.993621,-0.004581,-0.007941,-0.007941,31.04,66.5216710600587
42352,-8.446067,-3.579663,3.999603,-0.004581,-0.009163,-0.007636,31.04,66.4426414326638
42362,-8.460423,-3.583252,3.994219,-0.005192,-0.010079,-0.008858,31.07,66.5042796066815
42372,-8.453244,-3.593421,3.996014,-0.004123,-0.010537,-0.008094,31.07,66.4888509802719
42382,-8.454441,-3.588037,4.004389,-0.003512,-0.010843,-0.008399,31.05,66.4426458693868
42392,-8.439486,-3.580859,3.99721,-0.003512,-0.010843,-0.008552,31.05,66.4424048651015
42402,-8.462815,-3.592823,4.005585,-0.004429,-0.011301,-0.008552,30.98,66.4582534451917
42412,-8.446067,-3.585645,4.0008,-0.003665,-0.011148,-0.007941,30.98,66.4417048393316
42422,-8.443074,-3.593421,4.007978,-0.004276,-0.01069,-0.009316,31.02,66.4047124020521
42432,-8.449656,-3.585046,4.006782,-0.003818,-0.009927,-0.008247,31.02,66.4173538277672
42442,-8.447262,-3.586243,4.009772,-0.003512,-0.008399,-0.007789,31.06,66.3977026345689
42452,-8.436494,-3.598207,4.006183,-0.00336,-0.007789,-0.008858,31.06,66.4045565207427
42462,-8.443673,-3.591029,4.012166,-0.003512,-0.007789,-0.008858,31.03,66.3818724400417
42472,-8.450253,-3.586243,4.006782,-0.003512,-0.005651,-0.007789,31.03,66.4196816251128
42482,-8.442476,-3.597609,4.008576,-0.003665,-0.004734,-0.007941,31.09,66.4040749977763
42492,-8.450253,-3.591627,4.007978,-0.003665,-0.001833,-0.009468,31.09,66.4182279533208
42502,-8.434101,-3.589832,4.009174,-0.003971,0,-0.007636,31.04,66.3762877306506
42512,-8.443074,-3.589832,4.010969,-0.00336,0.001985,-0.006872,30.99,66.3858105523523
42522,-8.453843,-3.595216,4.004389,-0.004123,0.00336,-0.007636,30.99,66.4478024914171
42532,-8.446067,-3.591029,4.014558,-0.003971,0.004276,-0.008399,31.07,66.3743854828002
42542,-8.443074,-3.585645,4.001996,-0.004276,0.005651,-0.007941,31.07,66.4291245231957
42552,-8.435897,-3.589832,4.009772,-0.004429,0.007025,-0.008094,31.03,66.3769424466639
42562,-8.438289,-3.592225,4.009174,-0.004734,0.008858,-0.00733,31.03,66.3872771029191
42572,-8.439486,-3.589832,4.006183,-0.00504,0.009621,-0.008094,31.07,66.4033438536089
42582,-8.437692,-3.58744,4.005585,-0.005345,0.01069,-0.007636,31.07,66.40055178783
42592,-8.448458,-3.585046,4.000201,-0.004887,0.012675,-0.007178,31.06,66.4493462799306
42602,-8.438888,-3.582056,4.006183,-0.004581,0.014203,-0.006872,31.06,66.3951108785928
42612,-8.449057,-3.589832,4.011567,-0.00504,0.014355,-0.00672,31.05,66.3952914650525
42622,-8.448458,-3.588037,4.006782,-0.005498,0.015424,-0.005803,31.05,66.4175047800262
42632,-8.453244,-3.589234,4.007978,-0.004887,0.015577,-0.00672,31.05,66.4223849702124
42642,-8.451449,-3.586841,4.00738,-0.004887,0.016493,-0.006872,31.05,66.4196004584263
42652,-8.446664,-3.582654,4.00738,-0.004581,0.016493,-0.006414,31.04,66.405772564257
42662,-8.458628,-3.58385,4.005585,-0.005345,0.016952,-0.006567,31.04,66.4414510018179
42672,-8.447861,-3.58744,3.996014,-0.00504,0.017104,-0.006109,31.05,66.472198021156
42682,-8.460423,-3.586841,4.001996,-0.004734,0.016952,-0.006261,31.05,66.4667000579286
42692,-8.443074,-3.588636,3.990032,-0.005498,0.015882,-0.006109,31.05,66.4946060728843
42702,-8.459227,-3.596412,3.984648,-0.004734,0.015272,-0.006261,31.04,66.5636886076442
42712,-8.454441,-3.588037,3.99721,-0.005345,0.014661,-0.007483,31.04,66.4802886147107
42722,-8.461619,-3.58744,3.994219,-0.00504,0.013439,-0.00733,31.04,66.510514434305
42732,-8.459227,-3.582056,3.991228,-0.004581,0.012828,-0.007178,31.04,66.5163955140602
42742,-8.468798,-3.588636,3.992425,-0.004276,0.011301,-0.007636,31.06,66.5360335518468
42752,-8.459227,-3.588037,3.98405,-0.004887,0.009927,-0.008094,31.06,66.5593790204866
42762,-8.452048,-3.589234,3.987639,-0.004429,0.008094,-0.008094,31.07,66.5265525897667
42772,-8.455637,-3.583252,3.988835,-0.003971,0.00733,-0.008399,31.07,66.5224810348551
42782,-8.465807,-3.591029,3.982853,-0.004429,0.005498,-0.007483,31.06,66.5820922097514
42792,-8.46461,-3.602993,3.991827,-0.004429,0.003665,-0.006872,31.06,66.5431658442203
42802,-8.456235,-3.592823,3.985844,-0.003971,0.002138,-0.007636,31.04,66.5479511031421
42812,-8.470592,-3.597609,3.991228,-0.004276,0.001069,-0.007636,31.04,66.5540310970446
42822,-8.453244,-3.58744,4.002594,-0.004276,-0.001222,-0.007789,31.05,66.4490050121494
42832,-8.460423,-3.585645,3.986442,-0.003971,-0.002749,-0.008552,31.05,66.5472063694982
42842,-8.461619,-3.579663,4.006183,-0.003971,-0.005498,-0.007941,31.04,66.4408808952278
42852,-8.456235,-3.586243,3.992425,-0.003971,-0.007178,-0.00733,31.03,66.5075591062196
42862,-8.462217,-3.58385,3.994219,-0.003971,-0.008094,-0.007636,31.03,66.5085770987234
42872,-8.465208,-3.584448,3.995416,-0.003512,-0.009163,-0.008247,31.02,66.5091088411929
42882,-8.447262,-3.592823,3.99721,-0.003665,-0.009774,-0.007636,31.02,66.4694731855161
42892,-8.463414,-3.595216,3.994219,-0.004276,-0.010843,-0.008094,31.01,66.5211981083941
42902,-8.459825,-3.592823,4.00379,-0.004123,-0.011454,-0.008552,31.01,66.4613758185454
42912,-8.46102,-3.589234,3.999005,-0.003665,-0.012217,-0.008247,31.05,66.4857625247675
42922,-8.453244,-3.594618,4.002594,-0.003971,-0.012217,-0.008705,31.05,66.4554173623828
42932,-8.449656,-3.593421,4.005585,-0.004276,-0.011606,-0.007941,31.06,66.4311206184569
42942,-8.452645,-3.58385,4.001996,-0.004429,-0.012523,-0.008552,31.06,66.4476760347903
42952,-8.450253,-3.585046,4.008576,-0.004429,-0.011301,-0.008552,31,66.4092065408459
42962,-8.437093,-3.59043,4.009174,-0.003818,-0.010537,-0.008094,31,66.3831412891124
42972,-8.438289,-3.591627,3.998407,-0.004581,-0.009621,-0.008399,31.04,66.4432391863781
42982,-8.454441,-3.578466,4.004389,-0.004429,-0.007941,-0.008247,31.04,66.4341068621382
42992,-8.447262,-3.58744,4.004987,-0.004581,-0.007636,-0.008552,31.04,66.4238637053406
43002,-8.440681,-3.585645,4.01396,-0.004581,-0.006109,-0.007941,31.04,66.3613211609216
43012,-8.435298,-3.591627,4.01396,-0.005192,-0.002749,-0.007178,31,66.3553243905129
43022,-8.438888,-3.578466,4.015156,-0.00504,-0.001527,-0.008399,31.03,66.3448198236692
43032,-8.44128,-3.598207,4.010371,-0.004734,0.000611,-0.008247,31.03,66.3926809024654
43042,-8.442476,-3.589832,4.010371,-0.004429,0.002596,-0.007178,31.02,66.3876845825322
43052,-8.447861,-3.588037,4.01396,-0.004276,0.003818,-0.006872,31.02,66.378621435638
43062,-8.439486,-3.586243,4.010969,-0.004276,0.005651,-0.006567,31.02,66.3750189424662
43072,-8.447262,-3.589234,4.01396,-0.004581,0.008094,-0.007483,31.02,66.3784305439259
43082,-8.450851,-3.596412,4.012166,-0.004429,0.009621,-0.007025,31.02,66.4018270447731
43092,-8.446067,-3.579663,4.01396,-0.004581,0.010232,-0.00733,31.02,66.3673358878094
43102,-8.436494,-3.582654,4.001996,-0.004429,0.011759,-0.007636,31.05,66.4125715732522
43112,-8.444869,-3.591029,4.014558,-0.004276,0.013439,-0.007483,31.05,66.3718581421644
43122,-8.452645,-3.586841,4.009174,-0.004276,0.01405,-0.00672,31.05,66.4127166070885
43132,-8.453244,-3.598207,4.0008,-0.004581,0.014508,-0.007178,31.05,66.4680304462807
43142,-8.453244,-3.591627,4.001996,-0.004429,0.015577,-0.007483,31.02,66.4558796223407
43152,-8.446664,-3.58744,3.999005,-0.004276,0.016493,-0.00733,31.02,66.4539844885884
43162,-8.449057,-3.585645,4.012166,-0.004276,0.016646,-0.007636,31.02,66.3884037656076
43172,-8.448458,-3.592225,4.003192,-0.004734,0.016952,-0.007178,31.02,66.4400760935341
43182,-8.455637,-3.59043,4.002594,-0.004429,0.016493,-0.005956,31.04,66.4567068361701
43192,-8.446664,-3.592225,3.999005,-0.004123,0.016341,-0.006567,31.04,66.4582632009449
43202,-8.445468,-3.585046,3.991827,-0.004734,0.015119,-0.007178,31.04,66.4870071056779
43212,-8.459227,-3.591029,3.999603,-0.005651,0.014661,-0.007178,31,66.4804625395812
43222,-8.456833,-3.586243,3.99721,-0.004734,0.01405,-0.00672,31,66.4837154393128
43232,-8.464012,-3.581457,3.991827,-0.00504,0.012675,-0.00733,31.08,66.5227626033264
43242,-8.456235,-3.583252,3.999603,-0.00504,0.011912,-0.006872,31.08,66.4672442065004
43252,-8.450851,-3.58385,3.99063,-0.005192,0.010843,-0.00672,31.03,66.5035401353891
43262,-8.467602,-3.586243,3.988237,-0.005345,0.009316,-0.00672,31.03,66.5533624959131
43272,-8.465807,-3.585046,3.99721,-0.005192,0.007483,-0.00672,31.04,66.5014931449031
43282,-8.458628,-3.584448,3.983452,-0.004429,0.006109,-0.007178,31.04,66.5580743827556
43292,-8.452645,-3.59043,3.990032,-0.004581,0.00504,-0.00733,31.03,66.5163106977411
43302,-8.467003,-3.595216,3.997808,-0.004734,0.00336,-0.007941,31.03,66.5099116372192
43312,-8.457432,-3.597609,3.987639,-0.004276,0.001527,-0.00733,31.01,66.5453026422062
43322,-8.453244,-3.588636,3.996014,-0.003818,0.000305,-0.007941,31.01,66.4845811661591
43332,-8.467003,-3.594618,4.001996,-0.004429,-0.001833,-0.007636,31.06,66.4874413425778
43342,-8.47119,-3.592823,3.995416,-0.004429,-0.002443,-0.00733,31.06,66.5290878277656
43352,-8.445468,-3.589832,3.992425,-0.004276,-0.003665,-0.008247,31.01,66.4881416559308
43362,-8.455637,-3.599404,3.993621,-0.003971,-0.005956,-0.008399,31.06,66.5117638122154
43372,-8.454441,-3.594618,3.990032,-0.004123,-0.006261,-0.00733,31.06,66.5238124986836
43382,-8.449057,-3.585046,3.996612,-0.004581,-0.006414,-0.008094,31.05,66.4694380099126
43392,-8.458628,-3.592823,3.99721,-0.003971,-0.007636,-0.008705,31.05,66.4933490138403
43402,-8.46102,-3.592823,3.996612,-0.004734,-0.008399,-0.009163,31.01,66.5015032517598
43412,-8.459825,-3.591029,3.999005,-0.003665,-0.008399,-0.008094,31.01,66.4848527803729
43422,-8.450253,-3.596412,4.00379,-0.003665,-0.008247,-0.008247,31.06,66.4444636246483
43432,-8.451449,-3.586243,4.001996,-0.004123,-0.008399,-0.009316,31.06,66.4472951674221
43442,-8.450253,-3.58744,3.999603,-0.004123,-0.008399,-0.009163,31.03,66.4583987982546
43452,-8.453843,-3.59043,4.005585,-0.004123,-0.007941,-0.008247,31.03,66.4372562216009
43462,-8.445468,-3.584448,4.009772,-0.003512,-0.007789,-0.007789,31.02,66.392312116502
43472,-8.44427,-3.591029,3.999603,-0.003512,-0.00733,-0.007636,31.02,66.4490184131451
43482,-8.44128,-3.58385,4.003192,-0.003512,-0.006414,-0.007941,31.04,66.4174601560537
43492,-8.446664,-3.588636,4.006183,-0.004123,-0.006261,-0.008399,31.04,66.4174021901615
43502,-8.451449,-3.598207,3.998407,-0.004429,-0.005192,-0.008399,31.05,66.4768071177606
43512,-8.449057,-3.586243,4.004987,-0.004123,-0.004276,-0.008705,31.05,66.4265741581375
43522,-8.445468,-3.585645,4.006183,-0.004276,-0.003665,-0.008552,31.02,66.4122047121889
43532,-8.447262,-3.595216,4.012166,-0.004581,-0.001069,-0.00733,31.02,66.3931946357458
43542,-8.437093,-3.598207,4.010969,-0.003665,-0.000153,-0.00733,31.02,66.3807171481925
43552,-8.449656,-3.588037,4.011567,-0.004276,0.001069,-0.007178,31.05,66.3949469574649
43562,-8.446067,-3.581457,4.011567,-0.004887,0.002596,-0.00733,31.05,66.3814870897966
43572,-8.443074,-3.585645,4.017549,-0.004276,0.003512,-0.006567,31.07,66.3475626887482
43582,-8.441879,-3.592225,4.009772,-0.003665,0.004429,-0.007178,31.07,66.3917131582503
43592,-8.448458,-3.577868,4.006782,-0.004276,0.006109,-0.007636,31.02,66.4084144058701
43602,-8.446067,-3.593421,4.004987,-0.004276,0.00733,-0.008094,31.02,66.426701194027
43612,-8.447861,-3.591029,4.004987,-0.004276,0.008399,-0.00733,31.08,66.428336622938
43622,-8.450851,-3.581457,4.002594,-0.004734,0.009163,-0.007178,31.08,66.4386273454906
43632,-8.452048,-3.595216,4.0008,-0.004276,0.010232,-0.007483,31.04,66.4628434854055
43642,-8.451449,-3.585645,4.006183,-0.004429,0.011301,-0.007483,31.04,66.4248066210308
43652,-8.443673,-3.597609,4.006782,-0.004734,0.012675,-0.006414,31.03,66.4160025666146
43662,-8.448458,-3.589832,4.000201,-0.00504,0.013134,-0.005956,31.03,66.4536230101763
43672,-8.443673,-3.582654,4.00738,-0.004429,0.013439,-0.007025,31.01,66.3994640037648
43682,-8.443673,-3.579663,3.995416,-0.003971,0.013744,-0.006414,31.01,66.4595783592576
43692,-8.447861,-3.58744,4.007978,-0.003818,0.014355,-0.005956,31.05,66.4094420839876
43702,-8.442476,-3.588037,4.0008,-0.004429,0.013744,-0.006261,31.05,66.4362817098393
43712,-8.449656,-3.589234,4.000201,-0.004887,0.01405,-0.007025,31.02,66.4556088078297
43722,-8.449057,-3.582056,3.99721,-0.004581,0.013744,-0.007025,31.04,66.4636316885992
43732,-8.457432,-3.586841,3.991827,-0.004276,0.012981,-0.006567,31.04,66.5137414451031
43742,-8.44427,-3.582056,3.994219,-0.004581,0.012523,-0.007178,31.06,66.469257211928
43752,-8.459227,-3.582654,3.990032,-0.004429,0.011454,-0.00733,31.06,66.5232022530651
43762,-8.458031,-3.582056,3.988237,-0.004276,0.011148,-0.006872,31.04,66.5295806499151
43772,-8.457432,-3.592225,3.991827,-0.004276,0.010232,-0.00733,31.04,66.5185357534107
43782,-8.456833,-3.588636,3.989433,-0.004429,0.009621,-0.007941,31.01,66.5266431644492
43792,-8.455039,-3.597609,3.987639,-0.004123,0.008399,-0.006872,31.01,66.5402892617183
43802,-8.462815,-3.58744,3.993621,-0.004123,0.006872,-0.007483,31.02,66.5161591151459
43812,-8.449057,-3.585645,3.994817,-0.004276,0.005651,-0.00733,31.02,66.4793926041765
43822,-8.461619,-3.599404,3.997808,-0.003818,0.004887,-0.007178,31.04,66.5023567374492
43832,-8.442476,-3.592225,3.998407,-0.003971,0.003665,-0.00733,31.04,66.4525896441836
43842,-8.46102,-3.585046,3.984648,-0.004887,0.001985,-0.008094,31.04,66.5573404443429
43852,-8.460423,-3.588037,3.995416,-0.00336,0.001833,-0.007483,31.04,66.5022592715156
43862,-8.460423,-3.576672,3.985246,-0.003971,0.000764,-0.00733,31.02,66.5455190826265
43872,-8.463414,-3.586841,3.997808,-0.004276,-0.000611,-0.007483,31.02,66.4949324495667
43882,-8.446067,-3.586841,4.006183,-0.004734,-0.003818,-0.007483,31.04,66.4145376102112
43892,-8.46102,-3.600002,3.991228,-0.003971,-0.004276,-0.008399,31.06,66.5361259753557
43902,-8.452645,-3.591627,3.994817,-0.004123,-0.004734,-0.007636,31.06,66.4922707680019
43912,-8.450253,-3.58385,3.99063,-0.004276,-0.006109,-0.008094,31.04,66.5022836271612
43922,-8.446664,-3.589832,3.99721,-0.003971,-0.007178,-0.009163,31.04,66.4655415051446
43932,-8.451449,-3.584448,4.001398,-0.004887,-0.007178,-0.007941,31.02,66.4488288490485
43942,-8.450253,-3.586841,3.998407,-0.004123,-0.007178,-0.008094,31.02,66.4641379535133
43952,-8.449656,-3.592225,3.998407,-0.004429,-0.00733,-0.007636,31.01,66.467691932956
43962,-8.454441,-3.579663,3.996612,-0.004276,-0.00733,-0.008094,31.01,66.4759632432042
43972,-8.453244,-3.586841,4.001996,-0.004429,-0.007483,-0.007483,31.03,66.4516058227872
43982,-8.446067,-3.586243,4.001398,-0.004276,-0.007483,-0.008552,31.03,66.4391020082038
43992,-8.460423,-3.592225,4.009772,-0.004581,-0.007025,-0.008247,31.03,66.4307638360706
44002,-8.452048,-3.583252,3.993023,-0.004123,-0.00672,-0.007636,31.03,66.4929619193918
44012,-8.452048,-3.588037,4.009174,-0.003971,-0.006109,-0.007941,31.07,66.412528336621
44022,-8.449656,-3.583252,4.00738,-0.004429,-0.004887,-0.007636,31.07,66.4126148462554
44032,-8.450253,-3.591029,4.009772,-0.003818,-0.003818,-0.00733,31.03,66.4082902306985
44042,-8.44427,-3.588037,4.0008,-0.004276,-0.00336,-0.007636,31.03,66.4400600533713
44052,-8.449057,-3.589832,4.005585,-0.00504,-0.000916,-0.007178,31.04,66.4266482181818
44062,-8.447861,-3.589832,4.013362,-0.004887,0.000153,-0.007636,31,66.3833634436219
44072,-8.442476,-3.584448,3.999005,-0.004276,0.001222,-0.006872,31,66.4424910943281
44082,-8.432905,-3.589832,4.004987,-0.004734,0.002902,-0.006109,31.05,66.3957364591867
44092,-8.443673,-3.591029,4.009772,-0.004276,0.004276,-0.007178,31.05,66.3944231990272
44102,-8.458031,-3.599404,4.019942,-0.004887,0.004887,-0.007483,31.01,66.3789150470853
44112,-8.437692,-3.602993,4.00738,-0.004887,0.006414,-0.00733,31.01,66.4051062750934
44122,-8.452048,-3.589234,4.009174,-0.004429,0.007789,-0.006567,31.04,66.4135987754428
44132,-8.438289,-3.594618,4.00738,-0.004123,0.008247,-0.007025,31.04,66.3988364040803
44142,-8.452048,-3.592823,4.009174,-0.004734,0.009163,-0.007483,31.04,66.4168095667829
44152,-8.44128,-3.595814,4.0008,-0.003818,0.009774,-0.007636,31.04,66.4407309781916
44162,-8.448458,-3.599404,4.012166,-0.004429,0.01069,-0.00733,31.03,66.3994706764453
44172,-8.450253,-3.591029,4.011567,-0.00504,0.010385,-0.007025,31.03,66.3988837741956
44182,-8.456833,-3.593421,4.006183,-0.004276,0.010232,-0.007483,31.08,66.4430833608622
44192,-8.458031,-3.591627,3.999603,-0.004123,0.011454,-0.007025,31.08,66.4784840695037
44202,-8.449656,-3.594618,4.004389,-0.004429,0.011606,-0.007178,31.03,66.4384619657683
44212,-8.452048,-3.593421,3.996612,-0.004276,0.011301,-0.007025,31.03,66.4832024622654
44222,-8.457432,-3.586841,4.009772,-0.003818,0.011606,-0.00672,31.01,66.4196636481937
44232,-8.450253,-3.600002,3.998407,-0.004276,0.011759,-0.007789,31.02,66.4759008036288
44242,-8.46102,-3.593421,3.996612,-0.004123,0.011148,-0.006872,31.02,66.5020359909922
44252,-8.446067,-3.582654,4.002594,-0.004429,0.01069,-0.007178,31.02,66.4296186380721
44262,-8.447262,-3.584448,3.996014,-0.004276,0.009621,-0.007941,31.02,66.4682662810933
44272,-8.448458,-3.59043,4.006782,-0.004276,0.009621,-0.008858,31,66.4196461701699
44282,-8.459825,-3.59043,4.004389,-0.003665,0.00901,-0.007025,31,66.4561025680231
44292,-8.451449,-3.592823,3.999603,-0.004123,0.008247,-0.007178,31.05,66.4657224989073
44302,-8.452048,-3.592823,3.997808,-0.00336,0.007636,-0.007025,31.05,66.4763953194532
44312,-8.455637,-3.589234,3.995416,-0.004887,0.006872,-0.007789,31.06,66.4932778124575
44322,-8.458628,-3.589832,3.995416,-0.003971,0.006567,-0.00733,31.06,66.5000901659527
44332,-8.457432,-3.585645,3.993023,-0.003818,0.005345,-0.007636,31.07,66.5064025088086
44342,-8.455039,-3.598805,3.994219,-0.004123,0.003971,-0.007789,31.07,66.5068388622331
44352,-8.462815,-3.589832,3.991228,-0.004581,0.004123,-0.007941,31.04,66.530834504699
44362,-8.468199,-3.585645,4.001398,-0.004276,0.00336,-0.00733,31.04,66.4851005751004
44372,-8.455039,-3.591029,3.99721,-0.004887,0.001985,-0.008552,31.04,66.4842136033875
44382,-8.456235,-3.59043,3.99063,-0.004429,0.001374,-0.00733,31.04,66.5207055074949
44392,-8.455637,-3.59043,3.99721,-0.004429,0.000458,-0.007941,31.03,66.4849353419686
44402,-8.456833,-3.596412,3.993621,-0.004887,-0.000764,-0.008094,31.02,66.5116022980079
44412,-8.455039,-3.597609,3.985844,-0.004887,-0.002291,-0.007483,31.02,66.5497087940001
44422,-8.467003,-3.596412,3.991228,-0.003818,-0.001833,-0.00733,31,66.5454572917113
44432,-8.458628,-3.6006,3.999005,-0.003971,-0.002596,-0.00733,31,66.4908786421661
44442,-8.452645,-3.584448,4.004987,-0.004581,-0.00336,-0.008247,31.04,66.4325263246202
44452,-8.453244,-3.595814,3.992425,-0.004581,-0.003818,-0.007789,31.04,66.5098135017625
44462,-8.456833,-3.588037,4.006183,-0.003971,-0.003665,-0.008399,31.01,66.4382755905221
44472,-8.452048,-3.586243,4.0008,-0.004734,-0.004734,-0.008247,31.01,66.4548278671785
44482,-8.449656,-3.588037,4.002594,-0.005192,-0.004734,-0.00733,31.03,66.4419882303966
44492,-8.458628,-3.588636,3.999005,-0.004429,-0.005192,-0.007483,31.03,66.480206475592
44502,-8.440681,-3.58744,3.993023,-0.004276,-0.004887,-0.006567,31.05,66.472795603534
44512,-8.449656,-3.59402,4.006782,-0.004887,-0.005192,-0.007483,31.05,66.4253820735183
44522,-8.447861,-3.585046,3.991827,-0.004581,-0.004887,-0.008094,31.06,66.4920385275789
44532,-8.454441,-3.592823,4.004987,-0.004276,-0.004123,-0.007789,31.06,66.4437866966561
44542,-8.451449,-3.588037,4.000201,-0.004123,-0.003971,-0.007941,31.05,66.4583110883523
44552,-8.450253,-3.585645,4.003192,-0.004123,-0.00336,-0.007025,31.05,66.437971436725
44562,-8.449057,-3.589234,4.010371,-0.003665,-0.002902,-0.00672,31.05,66.4010241304324
44572,-8.453244,-3.586841,4.012764,-0.004276,-0.002138,-0.007178,31.05,66.3951674021741
44582,-8.440084,-3.584448,4.009174,-0.004276,-0.001833,-0.008399,31.07,66.384086726095
44592,-8.447861,-3.586841,4.008576,-0.004123,-0.001069,-0.007636,31.03,66.4057708263225
44602,-8.450253,-3.591627,4.013362,-0.004581,0.000153,-0.007483,31.03,66.3900143139308
44612,-8.447861,-3.597609,4.007978,-0.004429,0.000916,-0.007789,31.03,66.4185501003774
44622,-8.441879,-3.591029,4.008576,-0.004276,0.001985,-0.007025,31.03,66.3969118551242
44632,-8.449057,-3.594618,4.006782,-0.004734,0.002749,-0.007483,31.05,66.4246567192572
44642,-8.449057,-3.586243,4.006782,-0.004429,0.004734,-0.007483,31.05,66.4171620340646
44652,-8.452048,-3.592823,4.009772,-0.004123,0.004734,-0.007483,31.05,66.4136760744969
44662,-8.447861,-3.595216,4.005585,-0.004429,0.006414,-0.007483,31.05,66.4289500202797
44672,-8.444869,-3.595216,4.00738,-0.004123,0.007636,-0.007941,31.01,66.4132395359874
44682,-8.44427,-3.593421,4.004389,-0.004581,0.007636,-0.00733,31.01,66.4260534880682
44692,-8.446664,-3.582056,4.00379,-0.004429,0.008552,-0.007636,31.02,66.4240677872495
44702,-8.437093,-3.582056,4.017549,-0.003971,0.009927,-0.007025,31.02,66.3316961290675
44712,-8.447861,-3.589234,3.999005,-0.004429,0.009774,-0.007483,31.02,66.4581066891785
44722,-8.464012,-3.593421,3.996612,-0.004123,0.010996,-0.007636,31.02,66.5083109854975
44732,-8.450253,-3.593421,3.993621,-0.004429,0.011454,-0.007483,31.05,66.4951237543809
44742,-8.452645,-3.58744,4.001996,-0.004429,0.011606,-0.007025,31.05,66.4508804524272
44752,-8.450851,-3.585645,3.998407,-0.004276,0.011759,-0.00733,31.05,66.4643281888835
44762,-8.446664,-3.588037,3.999005,-0.004123,0.011454,-0.007178,31.03,66.4545181379421
44772,-8.448458,-3.593421,3.997808,-0.00336,0.010843,-0.00733,31.03,66.4693848637749
44782,-8.456235,-3.595216,3.999603,-0.003971,0.010537,-0.007483,31.03,66.4779148784879
44792,-8.460423,-3.59402,4.00379,-0.004581,0.010537,-0.007636,31.03,66.463699948557
44802,-8.446664,-3.595216,4.009174,-0.003665,0.010537,-0.007025,31.03,66.4076155763619
44812,-8.449057,-3.585046,3.99721,-0.003971,0.009927,-0.00733,31.03,66.4663000273776
44822,-8.456833,-3.589832,4.000201,-0.003971,0.009316,-0.008247,31.08,66.4712316072288
44832,-8.451449,-3.585046,4.0008,-0.004276,0.008705,-0.007789,31.08,66.4524990812676
44842,-8.455039,-3.582056,3.990032,-0.004887,0.00733,-0.008399,31.02,66.5138788622241
44852,-8.452048,-3.593421,3.987041,-0.004429,0.006872,-0.008247,31.02,66.5334237982045
44862,-8.450851,-3.592823,4.002594,-0.004429,0.005803,-0.007941,31.01,66.4487810079672
44872,-8.462217,-3.581457,3.994817,-0.004581,0.004734,-0.008247,31.01,66.5033143935392
44882,-8.46102,-3.59402,3.996612,-0.004429,0.00336,-0.00733,30.98,66.5025696735475
44892,-8.449656,-3.584448,4.0008,-0.003665,0.002902,-0.006872,30.98,66.4481916198363
44902,-8.461619,-3.591627,3.991827,-0.005192,0.001527,-0.00733,31.02,66.5267828265627
44912,-8.449057,-3.594618,4.001996,-0.004887,0.001069,-0.007178,31.02,66.4497491274239
44922,-8.464012,-3.585046,3.994219,-0.003665,-0.000153,-0.00733,31.07,66.5134065718903
44932,-8.451449,-3.585046,3.994219,-0.003665,-0.00168,-0.007941,31.11,66.4870253401994
44942,-8.460423,-3.593421,3.999005,-0.003971,-0.001985,-0.00733,31.11,66.4882401004694
44952,-8.458031,-3.588037,3.994817,-0.004429,-0.002596,-0.007789,31.09,66.5003795726699
44962,-8.452048,-3.581457,3.995416,-0.004123,-0.00336,-0.008247,31.09,66.4788041586148
44972,-8.450253,-3.589832,3.994817,-0.004429,-0.003818,-0.007789,31.05,66.48564366125
44982,-8.450253,-3.58744,3.994219,-0.004581,-0.004734,-0.00733,31.05,66.4866468665353
44992,-8.446664,-3.585645,4.006782,-0.00504,-0.004887,-0.008705,31.04,66.4115842923289
45002,-8.450851,-3.591627,3.99721,-0.004123,-0.005651,-0.009163,31.04,66.4759484324663
45012,-8.452645,-3.583252,4.0008,-0.004123,-0.004581,-0.007636,31.08,66.4534149547627
45022,-8.443074,-3.588636,4.010371,-0.003665,-0.005192,-0.006872,31.08,66.3878734828006
45032,-8.459825,-3.584448,4.003192,-0.003971,-0.005803,-0.00733,31.05,66.4570428696735
45042,-8.455637,-3.591627,3.999603,-0.004429,-0.004581,-0.007636,31.05,66.4734553511515
45052,-8.461619,-3.588636,4.004389,-0.003971,-0.004734,-0.007636,30.98,66.4582732026035
45062,-8.458628,-3.588037,4.001996,-0.004123,-0.003512,-0.007178,30.98,66.4639936462832
45072,-8.455637,-3.586243,4.011567,-0.004581,-0.002902,-0.006872,31.07,66.4059459702917
45082,-8.448458,-3.589234,4.00738,-0.004887,-0.002596,-0.007789,31.07,66.4154406334992
45092,-8.446067,-3.58744,4.009772,-0.003818,-0.002138,-0.00733,31.03,66.3962546930429
45102,-8.449656,-3.584448,4.000201,-0.003818,-0.000916,-0.00672,31.05,66.4513338756269
45112,-8.443074,-3.59043,4.008576,-0.004276,-0.000458,-0.006872,31.05,66.3988943574444
45122,-8.459825,-3.588636,4.009772,-0.003818,-0.000305,-0.008399,31.06,66.4263021379575
45132,-8.451449,-3.589832,4.000201,-0.003818,0.000764,-0.007025,31.06,66.4599141911065
45142,-8.438888,-3.580261,4.013362,-0.003665,0.001985,-0.006872,31.06,66.3558386132752
45152,-8.440681,-3.585645,4.008576,-0.003971,0.002902,-0.007025,31.06,66.3895567411189
45162,-8.448458,-3.589234,3.990032,-0.004123,0.00336,-0.007789,31.06,66.5064532393946
45172,-8.445468,-3.588037,4.001996,-0.003971,0.004581,-0.008552,31.06,66.4363078818951
45182,-8.456235,-3.589234,4.002594,-0.003818,0.005192,-0.007941,31.03,66.4568965873979
45192,-8.441879,-3.585645,4.000201,-0.003818,0.006109,-0.007483,31.03,66.4360266937701
45202,-8.453244,-3.601198,4.012166,-0.003971,0.006567,-0.007178,31,66.4111531848891
45212,-8.444869,-3.586243,4.002594,-0.004734,0.007483,-0.007025,31,66.4303039274406
45222,-8.453244,-3.592225,4.000201,-0.004123,0.008858,-0.00672,31.02,66.4658252598726
45232,-8.44427,-3.594618,4.001996,-0.004276,0.009468,-0.007178,31.02,66.4396777431163
45242,-8.44128,-3.582654,4.01396,-0.004276,0.009468,-0.007178,31.01,66.3599036356538
45252,-8.447861,-3.589832,4.011567,-0.003665,0.009927,-0.007178,31.01,66.3927704087084
45262,-8.447262,-3.589832,3.999603,-0.004123,0.01069,-0.006872,31.04,66.4542437697975
45272,-8.455637,-3.595216,3.999005,-0.004429,0.011454,-0.006872,31.02,66.4797941438398
45282,-8.456833,-3.594618,4.004389,-0.004581,0.012523,-0.00733,31.02,66.4535528915656
45292,-8.450851,-3.589234,4.005585,-0.004429,0.011454,-0.007789,31.07,66.4298904224146
45302,-8.451449,-3.588037,4.004987,-0.003512,0.011606,-0.007789,31.07,66.4332143923384
45312,-8.458628,-3.59043,4.001398,-0.004123,0.011759,-0.00733,31.02,66.4692617046977
45322,-8.458031,-3.586243,3.994817,-0.003971,0.011148,-0.007178,31.02,66.4987821340509
45332,-8.456833,-3.589234,3.991827,-0.004123,0.011454,-0.006872,31.03,66.5146149755223
45342,-8.443074,-3.59043,3.994817,-0.004276,0.010843,-0.006567,31.03,66.4710848296474
45352,-8.459825,-3.58385,3.985246,-0.004734,0.009927,-0.006109,31.07,66.5506352762495
45362,-8.453843,-3.598805,3.996014,-0.00504,0.009621,-0.006261,31.07,66.4949163623258
45372,-8.455637,-3.586841,3.999603,-0.004276,0.008705,-0.00733,31.03,66.4691860381235
45382,-8.455039,-3.589234,3.999603,-0.004123,0.007025,-0.007178,31.03,66.4700635193688
45392,-8.459825,-3.586243,3.992425,-0.004123,0.006567,-0.007941,31.04,66.5150941221091
45402,-8.455039,-3.586243,3.994817,-0.004276,0.005345,-0.007941,31.04,66.4924982741887
45412,-8.452048,-3.591627,3.998407,-0.004123,0.004276,-0.007636,31.05,66.4721855209485
45422,-8.460423,-3.591627,3.99063,-0.004123,0.003207,-0.007636,31.05,66.5305534570242
45432,-8.459227,-3.601796,3.993621,-0.004123,0.001985,-0.008247,31,66.521423240524
45442,-8.463414,-3.582654,4.001398,-0.004123,0.000458,-0.007483,31.04,66.4723919701049
45452,-8.460423,-3.594618,3.989433,-0.003971,-0.000916,-0.007941,31.04,66.5394937780162
45462,-8.458628,-3.593421,4.003192,-0.003054,-0.001527,-0.007636,31.02,66.4625281761908
45472,-8.447861,-3.585645,3.98405,-0.004123,-0.002596,-0.008399,31.02,66.5334142699574
45482,-8.450851,-3.586841,3.990032,-0.003207,-0.00336,-0.007025,31.05,66.5093449535566
45492,-8.453244,-3.591029,4.00379,-0.004123,-0.004581,-0.007941,31.05,66.4459403002342
45502,-8.449656,-3.585046,3.994219,-0.004429,-0.005192,-0.008552,31.05,66.4832561213686
45512,-8.450851,-3.589832,3.997808,-0.003512,-0.005651,-0.007636,31.05,66.4712084028093
45522,-8.447861,-3.591627,4.012764,-0.003512,-0.00733,-0.008858,31.05,66.3881057507176
45532,-8.452645,-3.591627,3.995416,-0.004276,-0.007025,-0.008399,31.05,66.48912845886
45542,-8.453244,-3.59043,3.99721,-0.004276,-0.007483,-0.008552,31.03,66.4799082782328
45552,-8.451449,-3.59402,4.006183,-0.004276,-0.00733,-0.00901,31.03,66.4322949936212
45562,-8.453244,-3.595814,4.00379,-0.004581,-0.00733,-0.008247,31.03,66.4502174526704
45572,-8.450851,-3.59402,3.999603,-0.003971,-0.007941,-0.008247,31.03,66.4655353513292
45582,-8.450851,-3.59402,3.998407,-0.003512,-0.007789,-0.007941,31.05,66.4718078666151
45592,-8.453843,-3.58385,4.008576,-0.004123,-0.007636,-0.007636,31.05,66.4157019563756
45602,-8.438888,-3.589234,4.017549,-0.004429,-0.006261,-0.007941,31.01,66.341940733151
45612,-8.443673,-3.592823,4.003192,-0.003818,-0.004734,-0.007178,31.02,66.4305389847645
45622,-8.453244,-3.602395,4.019942,-0.004429,-0.004276,-0.008247,31.02,66.3715162710678
45632,-8.441879,-3.591029,4.006183,-0.004734,-0.003512,-0.008858,31.07,66.4094625079394
45642,-8.451449,-3.586841,4.010371,-0.004429,-0.002443,-0.008858,31.07,66.4039236555358
45652,-8.450253,-3.602993,4.003192,-0.004123,-0.000611,-0.008094,31.02,66.4534913940442
45662,-8.435298,-3.59043,3.993621,-0.003971,0.000611,-0.007789,31.02,66.4610008742714
45672,-8.452048,-3.588037,4.010969,-0.004734,0.001527,-0.007483,31.05,66.4031217665947
45682,-8.442476,-3.599404,4.009772,-0.004887,0.001985,-0.008399,31.05,66.3994167602916
45692,-8.446664,-3.57727,4.009174,-0.004123,0.003512,-0.00733,31.03,66.3915501548929
45702,-8.435897,-3.58385,4.010371,-0.004276,0.005498,-0.00733,31.03,66.3684278505389
45712,-8.44427,-3.595216,4.008576,-0.003665,0.00672,-0.007636,31.03,66.4057072139784
45722,-8.446067,-3.592823,4.004987,-0.003818,0.007789,-0.007636,31.03,66.4261655474711
45732,-8.44128,-3.580261,4.00738,-0.004276,0.008094,-0.006872,31.04,66.3922716918624
45742,-8.438888,-3.597609,4.003192,-0.004276,0.009468,-0.006872,31.04,66.42475494768
45752,-8.435897,-3.593421,4.009174,-0.004887,0.01069,-0.00672,31.08,66.3833047335351
45762,-8.452645,-3.601796,4.010371,-0.004123,0.011759,-0.007025,31.08,66.4198305363726
45772,-8.440681,-3.586243,3.99721,-0.004581,0.012523,-0.007483,31.05,66.449739061042
45782,-8.449656,-3.59043,4.004987,-0.004734,0.013592,-0.007178,31.05,66.4315795943155
45792,-8.452645,-3.584448,4.00738,-0.004581,0.014203,-0.007483,31.05,66.4199812916982
45802,-8.448458,-3.585046,4.0008,-0.004429,0.014661,-0.00733,31.05,66.446203821553
45812,-8.452645,-3.585046,4.002594,-0.003207,0.014203,-0.008094,31.05,66.4456075016772
45822,-8.450851,-3.589832,3.994817,-0.003971,0.014355,-0.00672,31.05,66.4869002100043
45832,-8.450253,-3.596412,4.00379,-0.004734,0.014661,-0.00672,31.05,66.4444636246483
45842,-8.449656,-3.595216,3.995416,-0.004429,0.014508,-0.00672,31.11,66.4860556331674
45852,-8.462217,-3.580261,4.002594,-0.004581,0.013286,-0.006414,31.11,66.4614790776139
45862,-8.462815,-3.588636,3.998407,-0.00504,0.012828,-0.007483,31.05,66.4921327034883
45872,-8.449656,-3.597011,3.995416,-0.004887,0.011912,-0.007483,31.05,66.4876600903767
45882,-8.459825,-3.588636,3.982255,-0.004123,0.011148,-0.008247,31.05,66.5705856462203
45892,-8.458628,-3.593421,4.00379,-0.004887,0.010079,-0.00733,31.05,66.4593946483969
45902,-8.449057,-3.588037,3.995416,-0.005192,0.00901,-0.00733,31.05,66.4783841546496
45912,-8.453843,-3.591029,3.99063,-0.004429,0.007941,-0.00733,31.05,66.5162205435476
45922,-8.456235,-3.59402,4.003192,-0.004581,0.006261,-0.007789,31.03,66.4580349354447
45932,-8.442476,-3.582654,4.002594,-0.004887,0.005498,-0.007483,31.03,66.4220496975858
45942,-8.457432,-3.591627,3.996612,-0.005192,0.003971,-0.007941,31.06,66.4929077060264
45952,-8.458628,-3.58744,3.985844,-0.00504,0.001069,-0.007483,31.06,66.54817733734
45962,-8.459825,-3.594618,3.991228,-0.004581,-0.000305,-0.007636,31.04,66.528826293786
45972,-8.463414,-3.59402,3.99721,-0.004581,-0.001527,-0.008552,31.02,66.5044562995341
45982,-8.456833,-3.58744,3.992425,-0.00504,-0.002291,-0.007636,31.02,66.5098802301656
45992,-8.448458,-3.592823,4.006183,-0.004123,-0.003512,-0.00733,31.04,66.4249286526067
46002,-8.444869,-3.595216,3.995416,-0.004581,-0.00504,-0.007025,31.04,66.4759971232769
46012,-8.458031,-3.591627,3.982255,-0.004887,-0.005803,-0.008705,31.05,66.5694872001537
46022,-8.462217,-3.58385,3.999603,-0.004276,-0.006872,-0.007941,31.05,66.4803491740887
46032,-8.441879,-3.592225,3.994817,-0.004429,-0.007483,-0.008094,31.05,66.4701773420434
46042,-8.449057,-3.583252,3.996612,-0.004123,-0.00733,-0.008399,31.05,66.4678370118521
46052,-8.453843,-3.597011,4.005585,-0.004734,-0.007941,-0.008247,31.06,66.4431398952657
46062,-8.456833,-3.585046,3.996612,-0.004123,-0.007636,-0.007636,31.06,66.4857853900107
46072,-8.454441,-3.592225,4.00379,-0.004429,-0.00733,-0.007941,31.04,66.4495261615316
46082,-8.450253,-3.591029,4.001996,-0.003971,-0.007178,-0.008705,31.04,66.4490548922261
46092,-8.450851,-3.589234,4.003192,-0.003665,-0.005803,-0.008247,31.04,66.4424370502883
46102,-8.44128,-3.589234,4.002594,-0.003818,-0.004887,-0.007941,31.04,66.4254200574085
46112,-8.455039,-3.58744,4.00738,-0.004429,-0.004429,-0.008399,31.05,66.4276945573999
46122,-8.452645,-3.591029,4.009174,-0.004123,-0.003054,-0.008094,31.05,66.4164613854162
46132,-8.443673,-3.586841,4.005585,-0.004734,-0.000916,-0.007941,31.03,66.4126281652125
46142,-8.449057,-3.589234,4.001398,-0.004276,0.000611,-0.008705,31.04,66.4480701879461
46152,-8.447262,-3.591029,4.010371,-0.004429,0.001527,-0.008552,31.04,66.3988487739025
46162,-8.444869,-3.583252,4.001996,-0.003971,0.00168,-0.008399,31.03,66.430766405397
46172,-8.446664,-3.592823,4.006183,-0.004123,0.003054,-0.007636,31.03,66.4211512989485
46182,-8.437093,-3.586841,4.009174,-0.004581,0.005192,-0.007025,31.02,66.3799188355531
46192,-8.446664,-3.58385,3.998407,-0.00504,0.005192,-0.007483,31.02,66.4539147021128
46202,-8.445468,-3.592225,4.001996,-0.004887,0.006261,-0.007789,31.07,66.4400560560755
46212,-8.446067,-3.58744,4.006183,-0.004734,0.00672,-0.007025,31.07,66.4150737342794
46222,-8.446664,-3.588636,4.003192,-0.003971,0.007178,-0.007025,31.05,66.4330885404748
46232,-8.444869,-3.591029,4.001996,-0.005192,0.007483,-0.006567,31.05,66.4377243590407
46242,-8.459227,-3.588636,3.996014,-0.004276,0.008094,-0.00672,31,66.4971464907704
46252,-8.447861,-3.592823,3.994817,-0.004887,0.008247,-0.006567,31,66.4832887537945
46262,-8.462217,-3.59402,4.009174,-0.004734,0.009163,-0.00733,31.02,66.4392693357611
46272,-8.447861,-3.601796,3.998407,-0.005192,0.008399,-0.007178,31.02,66.4724826566627
46282,-8.461619,-3.592225,3.999005,-0.004734,0.007789,-0.00733,31.05,66.4896843189415
46292,-8.452048,-3.591627,3.991827,-0.004276,0.008399,-0.00733,31.05,66.5067051143096
46302,-8.452645,-3.604189,3.985844,-0.004429,0.00733,-0.006872,31.02,66.5505648331587
46312,-8.447861,-3.585046,4.001996,-0.005192,0.006567,-0.007025,31.06,66.4386727254224
46322,-8.460423,-3.591029,3.988835,-0.004734,0.00733,-0.00672,31.06,66.53943696016
46332,-8.450253,-3.594618,4.001996,-0.004276,0.007025,-0.007025,31,66.4522642644121
46342,-8.44427,-3.585046,4.004389,-0.004581,0.006109,-0.007178,31,66.4185536784608
46352,-8.455039,-3.59043,4.0008,-0.003971,0.005956,-0.00672,31.05,66.4648546575796
46362,-8.462217,-3.592225,4.004389,-0.004429,0.006109,-0.00672,31.05,66.4627289432915
46372,-8.456833,-3.589832,3.998407,-0.004276,0.005651,-0.006567,31.03,66.4806374571153
46382,-8.452645,-3.579663,3.998407,-0.004734,0.005498,-0.00733,31.03,66.4627676552793
46392,-8.454441,-3.585645,3.998407,-0.004276,0.005651,-0.00672,31.04,66.4718775305465
46402,-8.452645,-3.595216,3.99721,-0.004276,0.006414,-0.006872,31.04,66.4829231779214
46412,-8.455039,-3.589234,4.009772,-0.003818,0.005651,-0.006872,31.06,66.4167634048251
46422,-8.449057,-3.59043,3.997808,-0.004123,0.004734,-0.007789,31.06,66.4679707948137
46432,-8.459227,-3.595216,4.001398,-0.004276,0.004734,-0.007483,31.07,66.4747891154558
46442,-8.447262,-3.582654,3.998407,-0.004276,0.00504,-0.00672,31.07,66.4541055428193
46452,-8.450253,-3.591029,4.002594,-0.003207,0.004581,-0.007178,31.03,66.4459190573501
46462,-8.448458,-3.595814,3.995416,-0.004123,0.003818,-0.008094,31.03,66.4840736992473
46472,-8.460423,-3.588037,4.007978,-0.004276,0.002902,-0.007941,31.04,66.4364226197143
46482,-8.467003,-3.585645,4.000201,-0.003665,0.002596,-0.007636,31.05,66.4888613716626
46492,-8.449057,-3.600002,4.0008,-0.00336,0.001985,-0.007483,31.05,66.4608397182438
46502,-8.453843,-3.597011,3.99721,-0.003665,0.000916,-0.007483,31.04,66.4870420825008
46512,-8.453244,-3.591029,3.99721,-0.003971,-0.000153,-0.008094,31.04,66.4804428685895
46522,-8.458031,-3.585645,4.000201,-0.003665,-0.000764,-0.008094,31.04,66.4700165728431
46532,-8.447861,-3.589832,3.99721,-0.003512,-0.001833,-0.00733,31.04,66.4680589762664
46542,-8.44128,-3.585645,3.992425,-0.003971,-0.001833,-0.008094,31.05,66.4755917769269
46552,-8.447262,-3.58744,4.005585,-0.003818,-0.002443,-0.007636,31.05,66.4207276533654
46562,-8.452645,-3.58385,4.004389,-0.00336,-0.002596,-0.007178,31.07,66.4351277890683
46572,-8.461619,-3.584448,3.997808,-0.004276,-0.002596,-0.007636,31.07,66.4890349636678
46582,-8.452645,-3.589832,3.995416,-0.003665,-0.002902,-0.007636,31.08,66.4875267050183
46592,-8.448458,-3.584448,3.999603,-0.003207,-0.002749,-0.007025,31.08,66.4519495653639
46602,-8.449057,-3.59402,4.006183,-0.004581,-0.002443,-0.00733,31.04,66.4272612474103
46612,-8.459227,-3.59402,4.004987,-0.004734,-0.002749,-0.00733,31.04,66.4549162324982
46622,-8.452645,-3.586243,3.998407,-0.003971,-0.002138,-0.005956,31.06,66.4686347391403
46632,-8.437692,-3.604787,4.004987,-0.005498,-0.000764,-0.00733,31.06,66.4192707431753
46642,-8.456833,-3.586841,3.996612,-0.004581,-0.000764,-0.007636,31.03,66.48738440815
46652,-8.452048,-3.58744,4.005585,-0.004734,-0.000153,-0.007789,31.05,66.4308068063391
46662,-8.448458,-3.588636,4.0008,-0.004887,0.001374,-0.007789,31.05,66.4494118272838
46672,-8.455637,-3.58744,3.994219,-0.00504,0.001985,-0.006872,31.07,66.4979578679732
46682,-8.448458,-3.591029,3.998407,-0.00504,0.002596,-0.007789,31.07,66.4641040685101
46692,-8.469396,-3.588636,4.00379,-0.00504,0.003207,-0.007636,31.05,66.477743507557
46702,-8.446664,-3.597011,3.999603,-0.004734,0.004123,-0.00733,31.05,66.4594093622687
46712,-8.445468,-3.588037,4.008576,-0.004581,0.005345,-0.00733,31.02,66.4017971967984
46722,-8.446664,-3.597609,4.006782,-0.004276,0.005345,-0.007178,31.02,66.4222997191341
46732,-8.437692,-3.591029,3.996612,-0.004734,0.006261,-0.006567,31.07,66.4508701816072
46742,-8.438888,-3.582056,3.996612,-0.004887,0.00672,-0.007025,31.07,66.4453555802259
46752,-8.440681,-3.582056,4.000201,-0.005192,0.00733,-0.006567,31.06,66.4302904413947
46762,-8.455039,-3.59043,4.00379,-0.005192,0.007941,-0.007178,31.06,66.4491803301392
46772,-8.453843,-3.595216,4.004389,-0.005498,0.008399,-0.007483,31.04,66.4478024914171
46782,-8.453244,-3.59402,3.997808,-0.004734,0.007941,-0.007025,31.04,66.4799769183894
46792,-8.449656,-3.580261,4.010969,-0.004887,0.008705,-0.008094,31.09,66.3911256753696
46802,-8.458031,-3.581457,4.004389,-0.004581,0.008399,-0.00733,31.09,66.4443304591506
46812,-8.454441,-3.583252,4.001398,-0.004887,0.007941,-0.007789,31.07,66.4540578440445
46822,-8.452048,-3.595216,3.99721,-0.00504,0.008094,-0.00733,31.04,66.4816693283707
46832,-8.454441,-3.571886,3.988237,-0.00504,0.007025,-0.007789,31.04,66.5130063319693
46842,-8.451449,-3.589832,3.993023,-0.004581,0.007025,-0.008399,31.05,66.4975699921517
46852,-8.457432,-3.597011,4.000201,-0.004887,0.007178,-0.007789,31.05,66.4788961079701
46862,-8.458031,-3.593421,3.996612,-0.003971,0.006261,-0.007636,31.09,66.4957644688772
46872,-8.458031,-3.592823,3.988237,-0.004734,0.006109,-0.007636,31.09,66.5391576426967
46882,-8.459227,-3.589832,3.998407,-0.004429,0.005498,-0.008094,31.03,66.485665275611
46892,-8.452645,-3.59402,3.998407,-0.004123,0.004887,-0.008399,31.03,66.475577339068
46902,-8.460423,-3.588636,4.0008,-0.004276,0.003971,-0.008858,31.05,66.4745676754273
46912,-8.454441,-3.58744,3.991827,-0.003818,0.003665,-0.007941,31.05,66.5079963674631
46922,-8.444869,-3.602993,3.997808,-0.003971,0.002902,-0.008247,31.02,66.4704116567874
46932,-8.442476,-3.582654,4.0008,-0.003512,0.003054,-0.008705,31.02,66.4314649311662
46942,-8.455039,-3.595814,3.996612,-0.004123,0.001985,-0.008705,31.02,66.4916196278954
46952,-8.441879,-3.585046,3.997808,-0.003971,0.001069,-0.008552,31.02,66.4480519058236
46962,-8.453843,-3.58744,3.989433,-0.003818,0.000458,-0.007789,31.05,66.5193045261889
46972,-8.458628,-3.58744,3.995416,-0.003818,0.000153,-0.008399,31.05,66.4979598468173
46982,-8.462217,-3.581457,3.99721,-0.00336,0.000305,-0.008705,31.07,66.4907663016244
46992,-8.456833,-3.593421,4.00379,-0.004123,-0.001222,-0.008094,31.07,66.4556227522619
47002,-8.450253,-3.586841,4.001398,-0.004734,-0.00168,-0.00901,31.04,66.4484486365264
47012,-8.443673,-3.586841,3.996612,-0.004123,-0.002291,-0.00901,31.04,66.4597127667507
47022,-8.446664,-3.595814,4.000201,-0.003665,-0.002291,-0.008094,31.04,66.455200982644
47032,-8.455039,-3.59043,4.001398,-0.003818,-0.003054,-0.008858,31.05,66.4617194931711
47042,-8.456833,-3.585645,3.997808,-0.003512,-0.003818,-0.007178,31.05,66.4800465637454
47052,-8.454441,-3.592225,4.000201,-0.003818,-0.003512,-0.007941,31.06,66.4683408348241
47062,-8.451449,-3.581457,4.004389,-0.003971,-0.00336,-0.007941,31.06,66.4304729585568
47072,-8.453843,-3.59043,4.00738,-0.003512,-0.003818,-0.008399,31.06,66.4278487580915
47082,-8.455637,-3.585046,4.001398,-0.003971,-0.003818,-0.007789,31.06,66.4581734218507
47092,-8.452048,-3.594618,4.006183,-0.004429,-0.002902,-0.008247,31.04,66.4340902516762
47102,-8.441879,-3.591627,3.997808,-0.003971,-0.002291,-0.007483,31.04,66.4539415155695
47112,-8.455637,-3.59402,4.0008,-0.003512,-0.00168,-0.007636,31.05,66.4693161565486
47122,-8.451449,-3.584448,4.002594,-0.003971,-0.00168,-0.007941,31.05,66.4425563457228
47132,-8.441879,-3.581457,4.006183,-0.004123,-0.00168,-0.008094,31.04,66.4008868812327
47142,-8.440681,-3.582056,4.004987,-0.004123,-0.000458,-0.007636,31.04,66.4051709442128
47152,-8.453843,-3.592225,4.001996,-0.003818,-0.000458,-0.006567,31.08,66.4576731399773
47162,-8.452645,-3.580261,4.008576,-0.003971,-0.000305,-0.007789,31.08,66.4099728506328
47172,-8.456235,-3.591627,4.00379,-0.004581,0.001833,-0.007789,31.05,66.4527638547046
47182,-8.443673,-3.597609,4.00738,-0.004581,0.002443,-0.007178,31.07,66.4128671218394
47192,-8.452048,-3.586841,4.010371,-0.004734,0.002902,-0.00733,31.07,66.4051858424491
47202,-8.447861,-3.591627,4.010969,-0.004123,0.004734,-0.006414,31.02,66.397512676862
47212,-8.450253,-3.584448,4.001996,-0.004123,0.004123,-0.00672,31.02,66.4431749167876
47222,-8.444869,-3.584448,4.012764,-0.004123,0.00504,-0.006414,31.08,66.3753613014619
47232,-8.442476,-3.589832,4.009174,-0.004276,0.005956,-0.006567,31.08,66.3939612921636
47242,-8.449656,-3.586841,4.01396,-0.004887,0.006872,-0.006567,31.03,66.3813363769259
47252,-8.448458,-3.59043,4.001996,-0.004429,0.007636,-0.00672,31.03,66.4447426508693
47262,-8.454441,-3.6006,3.999603,-0.004276,0.008552,-0.006414,31.04,66.4789583276843
47272,-8.450851,-3.59043,4.005585,-0.004581,0.008705,-0.006567,31.04,66.4309598700896
47282,-8.447861,-3.588037,3.996014,-0.004429,0.009163,-0.006261,31.05,66.4727312269985
47292,-8.447262,-3.589832,4.00379,-0.004276,0.008858,-0.006261,31.05,66.4322813892092
47302,-8.449057,-3.582056,3.990032,-0.004276,0.009316,-0.005956,31.02,66.5013111236706
47312,-8.449656,-3.586841,3.999005,-0.004429,0.009774,-0.006872,31.02,66.4597449548071
47322,-8.46461,-3.58744,3.992425,-0.00504,0.010079,-0.006872,31.04,66.526194461496
47332,-8.44427,-3.597609,3.986442,-0.003818,0.010079,-0.00672,31.04,66.5239915723662
47342,-8.452645,-3.588037,4.001996,-0.004123,0.008705,-0.007636,31.06,66.4514135157706
47352,-8.450253,-3.592823,3.991228,-0.003512,0.008858,-0.00733,31.05,66.5071475517431
47362,-8.453244,-3.58385,4.004389,-0.004276,0.00901,-0.007789,31.05,66.4363888985844
47372,-8.450851,-3.592823,4.010371,-0.003665,0.008247,-0.007789,31.08,66.4080168331136
47382,-8.456833,-3.58385,3.989433,-0.004276,0.007789,-0.007789,31.08,66.5223847254922
47392,-8.455039,-3.591029,3.982255,-0.003665,0.007178,-0.007178,31.03,66.5626885596922
47402,-8.456833,-3.584448,3.993621,-0.004429,0.006261,-0.007025,31.03,66.5009421242916
47412,-8.452048,-3.585046,3.99063,-0.004123,0.005192,-0.008552,31.05,66.5071203508771
47422,-8.455637,-3.58744,3.985844,-0.00336,0.004887,-0.00733,31.05,66.5419066316099
47432,-8.458628,-3.582654,3.994219,-0.00336,0.004734,-0.008399,31.04,66.4999785364937
47442,-8.455637,-3.593421,3.990032,-0.003971,0.004429,-0.008399,31.04,66.525253606716
47452,-8.446067,-3.581457,3.999005,-0.004276,0.003054,-0.008705,31.05,66.4473819362031
47462,-8.44427,-3.58744,3.996612,-0.004276,0.002443,-0.008552,31.05,66.4615047818697
47472,-8.456235,-3.585645,3.99721,-0.004581,0.001374,-0.008399,31.05,66.4819261452926
47482,-8.459227,-3.585645,3.996612,-0.003971,0.001069,-0.008858,31.05,66.4913476164227
47492,-8.459825,-3.576073,3.992425,-0.003971,0.000916,-0.009163,31.04,66.5060554060174
47502,-8.449057,-3.592823,3.994219,-0.004276,0.000305,-0.009163,31.04,66.4889396568856
47512,-8.449057,-3.595216,3.996612,-0.003818,-0.000764,-0.009163,31.02,66.4785228409845
47522,-8.449057,-3.580261,3.999005,-0.003818,0,-0.008552,31.06,66.4526108239667
47532,-8.444869,-3.59043,4.0008,-0.003971,-0.000764,-0.009163,31.06,66.4434626597407
47542,-8.445468,-3.577868,3.994817,-0.004123,-0.000611,-0.008705,31.07,66.4649016953286
47552,-8.449656,-3.580261,3.997808,-0.004581,-0.000611,-0.00901,31.07,66.4601530524412
47562,-8.449057,-3.581457,4.00738,-0.003971,-0.001069,-0.00901,31.03,66.4097479780209
47572,-8.440681,-3.582654,4.002594,-0.004276,-0.001069,-0.008705,31.03,66.4182647470213
47582,-8.443074,-3.592823,4.000201,-0.005192,-0.001222,-0.008858,31.05,66.4449696436597
47592,-8.459227,-3.584448,3.994219,-0.004581,-0.00168,-0.008705,31.05,66.5028323182449
47602,-8.452645,-3.592225,4.004389,-0.004429,-0.001527,-0.008399,31.07,66.4426092649453
47612,-8.449057,-3.589832,4.006183,-0.00504,-0.001222,-0.007941,31.07,66.4235129170735
47622,-8.453244,-3.589234,4.001996,-0.004887,-0.001527,-0.007789,31.03,66.4537423019086
47632,-8.450851,-3.595216,3.992425,-0.004887,-0.001222,-0.008705,31.03,66.5042577985388
47642,-8.455039,-3.593421,4.004987,-0.004276,-0.001527,-0.008399,31.07,66.4455785585853
47652,-8.438289,-3.597011,3.999005,-0.004429,-0.001374,-0.007483,31.07,66.4449286826425
47662,-8.449057,-3.594618,4.00379,-0.004123,-0.001833,-0.007941,31.01,66.4403422834792
47672,-8.44427,-3.593421,4.007978,-0.004123,-0.000916,-0.008552,31.01,66.4072327050401
47682,-8.447262,-3.58744,4.012166,-0.004734,-0.000916,-0.007636,30.99,66.3862252480719
47692,-8.447861,-3.586243,4.003192,-0.004276,-0.001222,-0.008705,31.02,66.4334691231723
47702,-8.447861,-3.582654,3.993023,-0.005498,-0.000611,-0.008094,31.02,66.4836258648801
47712,-8.437093,-3.58744,4.005585,-0.005192,0,-0.008705,31.04,66.3992879854449
47722,-8.450253,-3.57727,3.998407,-0.00504,0.000458,-0.007789,31.04,66.4555997080422
47732,-8.452048,-3.593421,4.000201,-0.004581,0.000611,-0.007483,31.05,66.4643799847281
47742,-8.457432,-3.591029,4.012166,-0.004123,0.000916,-0.007789,31.05,66.4108649916989
47752,-8.44128,-3.589832,3.999603,-0.003971,0.000916,-0.007483,31.05,66.4416519291398
47762,-8.446664,-3.596412,4.005585,-0.003818,0.001833,-0.007483,31.05,66.4275022137422
47772,-8.447262,-3.59043,4.004987,-0.004429,0.003207,-0.007178,31.02,66.4265392377756
47782,-8.448458,-3.593421,4.002594,-0.004276,0.002749,-0.007636,31.02,66.444282171358
47792,-8.459825,-3.593421,3.999005,-0.004123,0.003207,-0.00733,31.07,66.4869849771727
47802,-8.447262,-3.579663,4.011567,-0.004123,0.003665,-0.007178,31.07,66.3824042326394
47812,-8.44427,-3.595814,3.993621,-0.003665,0.004429,-0.006261,31.01,66.4846943569988
47822,-8.450253,-3.585046,4.009772,-0.00336,0.004429,-0.006414,31.01,66.4029372292934
47832,-8.440681,-3.591029,3.999005,-0.003665,0.004276,-0.006872,31.06,66.4446013567296
47842,-8.444869,-3.597609,3.996014,-0.003207,0.004887,-0.00672,31.06,66.4750009252045
47852,-8.454441,-3.58744,3.999005,-0.003207,0.005803,-0.007025,31.09,66.4703420625767
47862,-8.444869,-3.583252,4.001996,-0.00336,0.006414,-0.006109,31.04,66.430766405397
47872,-8.454441,-3.586243,4.000201,-0.003971,0.006567,-0.006109,31.04,66.4630023810354
47882,-8.435897,-3.588636,4.004389,-0.004429,0.006872,-0.006567,31.02,66.4041145983115
47892,-8.451449,-3.58744,3.994817,-0.004429,0.007789,-0.006414,31.02,66.4860224303449
47902,-8.440681,-3.585645,4.004987,-0.004734,0.008705,-0.00672,31.01,66.4083854734853
47912,-8.446067,-3.584448,4.00379,-0.004123,0.008552,-0.006872,31.01,66.4249481895187
47922,-8.456235,-3.592225,3.996612,-0.003971,0.008858,-0.006109,31.06,66.4909279480139
47932,-8.451449,-3.593421,3.996612,-0.004276,0.009621,-0.006261,31.06,66.4819441693377
47942,-8.462217,-3.592823,3.996014,-0.004429,0.009927,-0.006261,31.07,66.5071487843555
47952,-8.464012,-3.58385,3.999603,-0.004429,0.010079,-0.006414,31.07,66.4841194407723
47962,-8.46102,-3.585645,4.0008,-0.003512,0.01069,-0.006414,31.05,66.4731577878879
47972,-8.444869,-3.59043,3.991827,-0.004734,0.010079,-0.006414,31.05,66.4905564997722
47982,-8.450253,-3.592823,4.004987,-0.004123,0.01069,-0.006567,31.05,66.434976789878
47992,-8.447262,-3.592823,4.00379,-0.004123,0.01069,-0.006872,31.05,66.4349583245608
48002,-8.46461,-3.592823,3.995416,-0.004734,0.009774,-0.007025,31.03,66.5153009162904
48012,-8.443074,-3.597609,3.992425,-0.003818,0.010537,-0.007025,31.03,66.4900660393314
48022,-8.459227,-3.589832,3.996014,-0.003971,0.010232,-0.007636,31.04,66.4982116925002
48032,-8.450851,-3.586841,4.004389,-0.004429,0.008705,-0.007178,31.04,66.4340220919218
48042,-8.447262,-3.582056,3.994219,-0.003665,0.008552,-0.007178,31.02,66.4755536356827
48052,-8.455637,-3.585046,3.994219,-0.004734,0.008247,-0.008094,31.03,66.495825329875
48062,-8.450851,-3.58744,3.999005,-0.004123,0.007178,-0.00733,31.03,66.4627934974241
48072,-8.459825,-3.580261,3.991228,-0.003818,0.005803,-0.00733,31.05,66.516055706222
48082,-8.452645,-3.584448,3.998407,-0.003818,0.005651,-0.007483,31.05,66.4670335879011
48092,-8.450253,-3.58385,3.993023,-0.003665,0.005345,-0.007483,31.05,66.4897219494954
48102,-8.454441,-3.58744,3.987639,-0.004123,0.004123,-0.007483,31.05,66.5299756936084
48112,-8.465208,-3.589234,3.988237,-0.003971,0.002902,-0.008399,31.07,66.5510031096547
48122,-8.450253,-3.594618,3.996014,-0.003818,0.002138,-0.007789,31.07,66.4836380656149
48132,-8.456833,-3.586243,3.996612,-0.003971,0.001069,-0.007636,31.07,66.4868516464711
48142,-8.458031,-3.584448,3.995416,-0.004429,0.000305,-0.008247,31.07,66.4940424710273
48152,-8.453244,-3.589832,3.995416,-0.004123,-0.000305,-0.007636,31.05,66.4887850305638
48162,-8.455039,-3.596412,3.992425,-0.004123,-0.001527,-0.008247,31.05,66.5141125755193
48172,-8.46102,-3.586243,3.995416,-0.003971,-0.002443,-0.008552,31,66.5019158659945
48182,-8.455039,-3.589832,4.000201,-0.004123,-0.003512,-0.007636,31,66.4674615546041
48192,-8.455039,-3.591029,3.99063,-0.004123,-0.004581,-0.008552,31.03,66.5187300318413
48202,-8.453843,-3.58744,3.997808,-0.004734,-0.006414,-0.008705,31.03,66.475362927379
48212,-8.453843,-3.58744,3.995416,-0.004734,-0.00672,-0.00901,31.04,66.4879101823354
48222,-8.458628,-3.586841,3.999005,-0.004276,-0.00733,-0.009163,31,66.4786071032537
48232,-8.446664,-3.589832,3.987639,-0.00504,-0.00672,-0.008552,31,66.5157841755087
48242,-8.450851,-3.58744,4.001398,-0.004734,-0.006261,-0.008552,31.03,66.4502420244708
48252,-8.455039,-3.59043,4.00379,-0.004276,-0.007025,-0.009163,31.03,66.4491803301392
48262,-8.455637,-3.591627,3.995416,-0.004887,-0.006872,-0.009316,31.05,66.4954113656278
48272,-8.44128,-3.588636,4.001398,-0.004581,-0.006567,-0.008705,31.05,66.4311604037963
48282,-8.447262,-3.584448,3.999005,-0.00504,-0.005956,-0.009163,31.06,66.4525696735925
48292,-8.437692,-3.582056,4.001996,-0.004429,-0.00504,-0.008858,31.06,66.414563502651
48302,-8.445468,-3.586243,4.003192,-0.004276,-0.004123,-0.008705,31.05,66.4284286396155
48312,-8.440681,-3.595216,4.012166,-0.003818,-0.003665,-0.007789,31.05,66.3793202767363
48322,-8.438289,-3.593421,4.006183,-0.003818,-0.002138,-0.008094,31.02,66.4040407271253
48332,-8.437093,-3.585046,4.005585,-0.004429,-0.000764,-0.007941,31.02,66.3971406377425
48342,-8.452048,-3.586243,4.008576,-0.004123,-0.000764,-0.008552,31.01,66.4140586535494
48352,-8.453244,-3.585645,4.008576,-0.004887,0.000458,-0.008399,31.01,66.4160435688098
48362,-8.450851,-3.591029,4.003192,-0.004887,0.001527,-0.008399,31.05,66.4440415425081
48372,-8.459227,-3.579065,4.001398,-0.004581,0.002291,-0.007941,31.05,66.4603962084697
48382,-8.456235,-3.588636,4.002594,-0.003971,0.004276,-0.008247,31.07,66.4563629865799
48392,-8.465208,-3.592225,4.008576,-0.003971,0.005345,-0.007483,31.04,66.4470842574502
48402,-8.450851,-3.584448,4.00738,-0.003818,0.005803,-0.007636,31.04,66.416201937937
48412,-8.44427,-3.580859,4.0008,-0.004429,0.006261,-0.008094,31.05,66.4336411333783
48422,-8.443673,-3.594618,4.001996,-0.004429,0.007178,-0.008094,31.05,66.4384212046521
48432,-8.442476,-3.58385,4.012166,-0.004123,0.007636,-0.008552,31.1,66.372908844947
48442,-8.453244,-3.589832,4.003192,-0.004887,0.008552,-0.008247,31.1,66.4480058718974
48452,-8.452048,-3.59402,4.015156,-0.003818,0.009927,-0.007178,31.05,66.3865432703408
48462,-8.438888,-3.588636,4.008576,-0.003818,0.009927,-0.007178,31.05,66.388455740455
48472,-8.455637,-3.585046,4.0008,-0.004123,0.010385,-0.006567,31.02,66.4613089471736
48482,-8.462217,-3.594618,4.003192,-0.003665,0.010537,-0.007483,31.02,66.4711334301443
48492,-8.447262,-3.596412,4.000201,-0.004581,0.011454,-0.007483,31.09,66.4569938052308
48502,-8.455039,-3.58744,3.993621,-0.004123,0.010843,-0.007025,31.09,66.4998392394822
48512,-8.450851,-3.586841,3.997808,-0.004887,0.011454,-0.007025,31.1,66.468538082332
48522,-8.44128,-3.592225,4.008576,-0.004429,0.011454,-0.006414,31.1,66.3967217881497
48532,-8.450851,-3.589234,4.0008,-0.003971,0.010996,-0.007025,31.03,66.4549808298903
48542,-8.461619,-3.586243,3.996612,-0.004429,0.01069,-0.007025,31.03,66.4969023093786
48552,-8.450851,-3.598805,3.999603,-0.004734,0.010232,-0.007025,31.06,66.4698143031645
48562,-8.458031,-3.58744,3.996612,-0.004887,0.010537,-0.00672,31.05,66.4904342651898
48572,-8.450851,-3.585046,4.0008,-0.004734,0.009621,-0.006872,31.05,66.4512406769163
48582,-8.461619,-3.58385,3.994219,-0.004887,0.00901,-0.006109,31.05,66.50732197041
48592,-8.459825,-3.582056,3.999603,-0.004581,0.008399,-0.005803,31.05,66.473726500501
48602,-8.457432,-3.575475,3.996612,-0.004429,0.008247,-0.006109,31.05,66.478527221946
48612,-8.444869,-3.584448,3.992425,-0.003971,0.007636,-0.006261,31.05,66.4820733714902
48622,-8.458031,-3.588037,3.994219,-0.004276,0.006261,-0.006567,31.06,66.5035159576506
48632,-8.457432,-3.581457,3.988237,-0.004887,0.004887,-0.007178,31.06,66.5277912759934
48642,-8.449057,-3.589234,4.001996,-0.004734,0.004734,-0.006567,31.01,66.4449337842752
48652,-8.459227,-3.588636,3.999603,-0.004276,0.004123,-0.005956,31.01,66.47832973068
48662,-8.458628,-3.58744,3.991827,-0.004581,0.003054,-0.006414,31,66.5167843022479
48672,-8.451449,-3.586243,3.993621,-0.004581,0.001985,-0.007636,31,66.491230814212
48682,-8.458031,-3.593421,3.996014,-0.004887,0.001222,-0.006872,31.01,66.4988999161325
48692,-8.460423,-3.59043,3.999603,-0.004734,0,-0.00672,31.01,66.4824400618067
48702,-8.461619,-3.585046,4.002594,-0.003512,-0.000916,-0.007178,31.03,66.4644807534385
48712,-8.458031,-3.594618,3.995416,-0.004123,-0.002138,-0.007789,31.03,66.5031026777561
48722,-8.450253,-3.588636,4.001996,-0.003971,-0.002291,-0.006414,31.04,66.446916063663
48732,-8.449656,-3.585046,3.991827,-0.003665,-0.002902,-0.007636,31.04,66.4958114293714
48742,-8.446067,-3.585046,3.997808,-0.003054,-0.003818,-0.007483,31.04,66.4568699794522
48752,-8.455637,-3.596412,3.997808,-0.00336,-0.004429,-0.007636,31.04,66.4871376436106
48762,-8.446664,-3.597609,3.994219,-0.003818,-0.004734,-0.007178,31.04,66.488191450053
48772,-8.449057,-3.59402,3.997808,-0.003512,-0.00504,-0.007483,31.05,66.4711794890936
48782,-8.456833,-3.586841,4.010969,-0.003818,-0.005192,-0.008858,31.05,66.4121317946243
48792,-8.452048,-3.592823,3.997808,-0.00336,-0.004581,-0.008094,31.06,66.4763953194532
48802,-8.447861,-3.597011,4.000201,-0.003665,-0.004123,-0.008399,31.06,66.4587893926401
48812,-8.449057,-3.594618,3.996612,-0.003512,-0.004887,-0.007941,31.03,66.4779882295264
48822,-8.44427,-3.589832,3.997808,-0.003665,-0.003207,-0.008094,31.03,66.4573667792102
48832,-8.454441,-3.592225,4.006183,-0.003207,-0.002596,-0.008247,31.03,66.4369842902798
48842,-8.442476,-3.592225,4.006782,-0.003818,-0.002443,-0.007483,31.03,66.4086514926658
48852,-8.452645,-3.579663,4.006183,-0.00336,-0.002138,-0.008552,31.06,66.4219845525655
48862,-8.449656,-3.593421,4.006183,-0.003818,-0.001222,-0.008705,31.06,66.4279857714619
48872,-8.447861,-3.59402,3.991827,-0.004276,-0.000611,-0.008858,31.06,66.5000502214772
48882,-8.448458,-3.58744,4.001398,-0.003818,0.000305,-0.008858,31.06,66.4452060324257
48892,-8.440084,-3.588636,3.993023,-0.004276,0.002443,-0.008094,31.05,66.4726092168367
48902,-8.450851,-3.580859,4.006782,-0.004581,0.003512,-0.008247,31.05,66.4161309502366
48912,-8.448458,-3.588037,4.010371,-0.005192,0.004734,-0.007636,31.05,66.3986900314658
48922,-8.448458,-3.586243,4.007978,-0.004429,0.005498,-0.007636,31.02,66.4096292009663
48932,-8.445468,-3.585046,4.005585,-0.004429,0.006414,-0.007636,31.02,66.4148051635251
48942,-8.455039,-3.588636,4.004389,-0.004581,0.007636,-0.007789,31.02,66.4444387083771
48952,-8.452048,-3.602395,4.001398,-0.004581,0.007941,-0.007789,31.02,66.4661302972874
48962,-8.455039,-3.601198,4.003192,-0.004581,0.008094,-0.007789,31.05,66.4619382097115
48972,-8.451449,-3.588636,3.999603,-0.005651,0.008247,-0.007636,31.05,66.4619823938365
48982,-8.437093,-3.586841,4.0008,-0.005192,0.009621,-0.008247,31.04,66.4238663331833
48992,-8.448458,-3.581457,4.007978,-0.004581,0.010232,-0.007789,31.04,66.4053493490373
49002,-8.447861,-3.580261,3.991827,-0.004734,0.010232,-0.007941,31.01,66.4877714719272
49012,-8.448458,-3.591627,3.996014,-0.004734,0.010232,-0.008705,31.01,66.477193609027
49022,-8.450851,-3.58385,4.000201,-0.004734,0.010385,-0.008705,31.03,66.4533150996812
49032,-8.455039,-3.588037,3.993023,-0.004581,0.010537,-0.00733,31.03,66.5035085252086
49042,-8.453843,-3.592225,4.00738,-0.004429,0.010079,-0.007789,31.02,66.4294534175692
49052,-8.465208,-3.592225,3.996612,-0.004887,0.009774,-0.007941,31.02,66.5097542872448
49062,-8.449656,-3.592823,4.007978,-0.005498,0.008705,-0.007941,30.99,66.4180414850515
49072,-8.46102,-3.59043,4.004389,-0.005192,0.007636,-0.008399,31.06,66.4586137593648
49082,-8.452645,-3.585645,3.989433,-0.004429,0.007025,-0.008399,31.06,66.5151908574623
49092,-8.459825,-3.58385,4.006183,-0.004123,0.006872,-0.007178,31.06,66.4408357043505
49102,-8.449656,-3.599404,3.998407,-0.004276,0.005803,-0.007636,31.06,66.4741118258521
49112,-8.448458,-3.594618,3.996014,-0.004581,0.005498,-0.007789,31.03,66.4798669315611
49122,-8.46102,-3.574877,4.008576,-0.004276,0.004734,-0.008399,31.03,66.422820766359
49132,-8.458031,-3.588037,3.994817,-0.003512,0.00336,-0.008399,31.04,66.5003795726699
49142,-8.446664,-3.595216,4.002594,-0.004123,0.002443,-0.008094,31.04,66.4421146172776
49212,-8.435298,-3.592225,3.998407,-0.003971,-0.002902,-0.009316,31.03,66.4374752504385
49222,-8.445468,-3.596412,3.995416,-0.002749,-0.002596,-0.008094,31.03,66.4783263402752
49232,-8.460423,-3.582056,4.004987,-0.003818,-0.002902,-0.00901,31.06,66.4467626351156
49242,-8.455039,-3.593421,3.995416,-0.003665,-0.003818,-0.008552,31.06,66.4957561539414
49252,-8.456833,-3.58744,4.0008,-0.003207,-0.00336,-0.008552,31.05,66.4659580764626
49262,-8.458628,-3.592225,4.001398,-0.003971,-0.00336,-0.007178,31.05,66.470862674533
49272,-8.453843,-3.58744,4.007978,-0.003818,-0.003971,-0.007483,31.05,66.422042821156
49282,-8.452645,-3.591627,4.012764,-0.003971,-0.003971,-0.007941,31.05,66.3981872362256
49292,-8.447861,-3.589234,4.004389,-0.00336,-0.004429,-0.007789,31.05,66.4298662619189
49302,-8.447861,-3.591627,4.012764,-0.003054,-0.003512,-0.008399,31.06,66.3881057507176
49312,-8.450851,-3.601796,3.998407,-0.003665,-0.003512,-0.008094,31.06,66.478761783029
49322,-8.450253,-3.589832,3.990032,-0.003971,-0.002749,-0.007636,31.03,66.5107562098312
49332,-8.448458,-3.58744,4.009174,-0.003207,-0.002138,-0.00733,31.03,66.404430195132
49342,-8.447861,-3.592823,4.008576,-0.00336,-0.002138,-0.007636,31.02,66.4111268689965
49352,-8.438888,-3.588037,4.003192,-0.004429,-0.001374,-0.007178,31.02,66.4161675024561
49362,-8.449057,-3.596412,4.013362,-0.003665,0,-0.006872,31.05,66.3917828040654
49372,-8.446664,-3.588037,4.006782,-0.003665,0.000611,-0.007178,31.05,66.4137249769246
49382,-8.444869,-3.58744,4.008576,-0.003818,0.001527,-0.007636,31.03,66.399999541579
49392,-8.440084,-3.586243,4.011567,-0.004123,0.002902,-0.007178,31.03,66.3731453102851
49402,-8.447861,-3.586243,4.004389,-0.004123,0.003512,-0.007025,31.03,66.427191063908
49412,-8.437692,-3.589234,4.009174,-0.003207,0.005803,-0.006414,31.03,66.3833315381197
49422,-8.436494,-3.583252,3.993621,-0.003818,0.006261,-0.006567,31,66.4570918002197
49432,-8.452645,-3.579065,4.004987,-0.003971,0.007025,-0.006872,31.04,66.4277221251796
49442,-8.454441,-3.585645,4.015755,-0.004581,0.008094,-0.006872,31.04,66.3809534031155
49452,-8.449057,-3.586243,3.998407,-0.004123,0.009316,-0.006261,31.01,66.4610880792197
49462,-8.446067,-3.585046,4.002594,-0.004429,0.009927,-0.006414,31.01,66.43175709002
49472,-8.447262,-3.588037,4.006183,-0.004734,0.009774,-0.006567,31.04,66.4181259662034
49482,-8.446664,-3.599404,3.996612,-0.004734,0.01069,-0.006872,31.04,66.4772420074723
49492,-8.449057,-3.583252,4.001398,-0.004123,0.011606,-0.007025,31.07,66.4427255469889
49502,-8.441879,-3.583252,3.998407,-0.003971,0.012065,-0.006872,31.07,66.4433028517248
49512,-8.449057,-3.588636,4.00379,-0.004734,0.012523,-0.006872,31.07,66.4349907317531
49522,-8.442476,-3.588037,4.006782,-0.004429,0.01237,-0.007025,31.07,66.4048972528197
49532,-8.455637,-3.586841,3.995416,-0.004734,0.012065,-0.006567,31,66.4911450991751
49542,-8.450253,-3.585645,3.993621,-0.004123,0.011759,-0.006872,31,66.4881839330418
49552,-8.440084,-3.589234,3.999005,-0.003971,0.011606,-0.00733,31,66.4417362660216
49562,-8.457432,-3.598805,3.996014,-0.00336,0.010843,-0.007025,31,66.5024458079796
49572,-8.455637,-3.592225,3.996014,-0.004581,0.01069,-0.007789,31.04,66.4928084439495
49582,-8.456833,-3.589234,3.997808,-0.004123,0.010079,-0.00733,31.04,66.4832451498118
49592,-8.456833,-3.58744,3.998407,-0.003818,0.008399,-0.008399,31.05,66.4785050226547
49602,-8.456833,-3.588636,3.985844,-0.003971,0.008247,-0.007178,31.02,66.5454782398819
49612,-8.449656,-3.581457,3.993621,-0.003665,0.007789,-0.007789,31.02,66.4831944585786
49622,-8.455039,-3.594618,3.996612,-0.003665,0.006872,-0.008858,31,66.4905520697029
49632,-8.455039,-3.588636,3.991827,-0.003054,0.005651,-0.00733,31,66.5103172552674
49642,-8.459227,-3.591627,3.994817,-0.003207,0.004581,-0.007483,31.03,66.5060871790829
49652,-8.466404,-3.588037,3.991827,-0.003512,0.004276,-0.008094,31.03,66.5336205383235
49662,-8.456235,-3.584448,3.99063,-0.003665,0.002902,-0.008858,31.04,66.5153799086036
49672,-8.459227,-3.579065,3.993023,-0.004123,0.001985,-0.00901,31.04,66.5043197333511
49682,-8.467602,-3.586243,3.996014,-0.004123,0.000764,-0.007941,31.02,66.5125905599495
49692,-8.46102,-3.588037,3.998407,-0.00336,-0.000305,-0.008552,31.02,66.4878312065486
49702,-8.46461,-3.592823,4.002594,-0.003054,-0.001527,-0.008247,31.02,66.477689370775
49712,-8.459825,-3.581457,3.99063,-0.003665,-0.001833,-0.008858,31.02,66.5202558908738
49722,-8.456235,-3.589832,3.990032,-0.004429,-0.002596,-0.00901,31.04,66.5233105416913
49732,-8.447262,-3.596412,3.982853,-0.003971,-0.003971,-0.008399,31.04,66.5480469589337
49742,-8.465807,-3.595216,3.992425,-0.00336,-0.004429,-0.009468,31.05,66.5356152817003
49752,-8.455039,-3.592823,4.001996,-0.003971,-0.004887,-0.010079,31.05,66.460721188241
49762,-8.459825,-3.591627,3.996612,-0.003971,-0.00504,-0.008552,31.06,66.497930405593
49772,-8.447861,-3.58744,3.996014,-0.003818,-0.005345,-0.008858,31.01,66.472198021156
49782,-8.451449,-3.597609,4.006782,-0.003818,-0.006109,-0.00901,31.01,66.432368019686
49792,-8.459825,-3.586243,3.988237,-0.004123,-0.005956,-0.008399,31.05,66.5370650726504
49802,-8.444869,-3.588636,4.000201,-0.003818,-0.00504,-0.007789,31.05,66.4450001934874
49812,-8.449057,-3.588636,3.999603,-0.003971,-0.00504,-0.008399,31.05,66.4569511837093
49822,-8.444869,-3.595216,3.999603,-0.004276,-0.00504,-0.008858,31.05,66.454027248873
49832,-8.452048,-3.589832,4.005585,-0.003971,-0.003971,-0.008705,31.04,66.4329445932403
49842,-8.446664,-3.596412,3.999603,-0.00336,-0.003818,-0.008247,31.04,66.4588730816857
49852,-8.452048,-3.585046,4.006782,-0.003665,-0.003665,-0.00901,31.04,66.4223927904806
49862,-8.452048,-3.6006,4.010371,-0.004887,-0.002902,-0.00901,31.04,66.4175028552783
49872,-8.453244,-3.585645,4.008576,-0.004887,-0.002291,-0.008247,31.02,66.4160435688098
49882,-8.447861,-3.589832,4.00379,-0.004276,-0.001527,-0.008399,31.02,66.4335425309205
49892,-8.441879,-3.597011,4.010969,-0.003512,-0.000611,-0.007941,31.03,66.3897341279959
49902,-8.445468,-3.585046,4.00738,-0.004276,0.000458,-0.007941,31.03,66.4053908592461
49912,-8.443074,-3.59043,4.00379,-0.004276,0.001374,-0.007483,31.02,66.4239964554934
49922,-8.443074,-3.588636,4.004987,-0.004123,0.002291,-0.007483,31.02,66.416110122344
49932,-8.44427,-3.59043,4.015755,-0.00504,0.00336,-0.008247,31.02,66.3637837089422
49942,-8.447861,-3.597609,4.009772,-0.003818,0.004887,-0.007789,31.06,66.4091477971761
49952,-8.443074,-3.589234,4.016353,-0.003665,0.004887,-0.00733,31.06,66.3570516078193
49962,-8.44427,-3.588636,4.006782,-0.003971,0.006109,-0.007636,31.05,66.4092159802902
49972,-8.452048,-3.58744,4.007978,-0.004123,0.007025,-0.008094,31.05,66.4182629475365
49982,-8.456833,-3.59402,4.000201,-0.004429,0.007178,-0.007483,31.04,66.4749683132324
49992,-8.44427,-3.593421,4.001398,-0.004429,0.007941,-0.007483,31.04,66.4417424709275
50002,-8.443673,-3.595216,4.016353,-0.004276,0.008705,-0.007483,31.01,66.3636875631424
50012,-8.44427,-3.59043,4.0008,-0.004123,0.009163,-0.007178,31.01,66.4422016777614
50022,-8.449656,-3.586841,4.004389,-0.003818,0.010537,-0.006872,31.02,66.4315060283668
50032,-8.451449,-3.584448,4.000201,-0.003971,0.010385,-0.006567,31.02,66.4551071963699
50042,-8.444869,-3.588636,4.001996,-0.003512,0.009927,-0.006872,31.07,66.4355824331592
50052,-8.449057,-3.58385,3.999603,-0.003665,0.009927,-0.00733,31.07,66.4526764192615
50062,-8.445468,-3.585046,3.996014,-0.00336,0.01069,-0.006567,31.04,66.4650253476516
50072,-8.449057,-3.582654,4.0008,-0.003971,0.011301,-0.00733,31.04,66.4453287026511
50082,-8.44427,-3.585046,4.007978,-0.004276,0.010996,-0.007483,31.06,66.399728326781
50092,-8.454441,-3.598805,4.009772,-0.003971,0.010079,-0.00733,31.06,66.4240663416898
50102,-8.459227,-3.596412,4.00379,-0.00336,0.010537,-0.006872,31.06,66.4633230403864
50112,-8.458031,-3.592225,3.992425,-0.003818,0.009621,-0.00733,31.07,66.5166554583685
50122,-8.456833,-3.592823,4.002594,-0.004276,0.00901,-0.00672,31.07,66.4613568419667
50132,-8.455039,-3.582654,3.991228,-0.004429,0.008094,-0.00672,31.04,66.5081339395261
50142,-8.446067,-3.584448,3.994817,-0.004581,0.007789,-0.007636,31.04,66.4720351113128
50152,-8.454441,-3.589234,3.992425,-0.004123,0.006872,-0.007636,31.06,66.5064572037651
50163,-8.449656,-3.597609,4.000201,-0.003971,0.006109,-0.007483,31.06,66.4630975862573
50172,-8.459825,-3.592225,3.993621,-0.003818,0.005498,-0.007483,30.98,66.514145806099
50182,-8.458031,-3.589234,3.995416,-0.003971,0.004734,-0.007025,30.98,66.4983043136904
50192,-8.447262,-3.586841,3.994817,-0.003665,0.004581,-0.006567,31.05,66.4766855829575
50202,-8.456833,-3.592225,4.001996,-0.003818,0.00336,-0.007178,31.05,66.4639573306802
50212,-8.457432,-3.589832,3.994219,-0.003512,0.003207,-0.007483,31.03,66.5038574333492
50222,-8.453843,-3.585645,3.992425,-0.003512,0.002443,-0.007025,31.03,66.5020035426004
50232,-8.456833,-3.58385,3.985844,-0.002749,0.001069,-0.007789,31,66.5412224173542
50242,-8.450851,-3.580261,3.993621,-0.003818,0.000611,-0.008247,31,66.4846417615955
50252,-8.443673,-3.591627,3.996612,-0.004429,-0.000458,-0.008094,31.04,66.4639936500015
50262,-8.465208,-3.592225,3.998407,-0.003665,-0.000153,-0.007483,31.04,66.5003478831322
50272,-8.465208,-3.588636,3.992425,-0.004123,-0.000611,-0.007636,31.06,66.5285107579506
50282,-8.452048,-3.601198,3.997808,-0.00336,-0.000305,-0.008094,31.06,66.4838806375508
50292,-8.455039,-3.589832,3.989433,-0.004123,-0.001527,-0.007636,31.06,66.5239447246144
50302,-8.456235,-3.593421,3.997808,-0.003971,-0.001985,-0.008399,31.06,66.4857235285187
50312,-8.453244,-3.581457,4.007978,-0.003971,-0.001374,-0.006872,31.06,66.4154376607287
50322,-8.446664,-3.580859,3.986442,-0.004276,-0.00168,-0.006872,31.06,66.5140699947011
50332,-8.452645,-3.601796,3.99721,-0.004429,-0.001985,-0.008705,31.06,66.4888040770107
50342,-8.456833,-3.594618,4.002594,-0.004429,-0.001985,-0.009163,31.04,66.4629595397663
50352,-8.449057,-3.584448,3.987639,-0.004429,-0.001985,-0.007789,31.04,66.5160085576701
50362,-8.457432,-3.59043,4.006782,-0.003818,-0.001222,-0.007636,31.02,66.43853315827
50372,-8.452645,-3.591627,4.0008,-0.003665,-0.001374,-0.007483,31.02,66.4608911296073
50382,-8.44427,-3.593421,3.998407,-0.003665,-0.001069,-0.007636,31.05,66.4574352010049
50392,-8.446067,-3.581457,4.004389,-0.004581,-0.00168,-0.008399,31.05,66.4191316862542
50402,-8.455637,-3.591029,4.005585,-0.003971,-0.001222,-0.00901,31.07,66.4415651582188
50412,-8.452645,-3.583252,4.000201,-0.003512,-0.000305,-0.007941,31.07,66.4565566781436
50422,-8.450253,-3.596412,3.999005,-0.004734,0.000458,-0.008858,31.05,66.469553424889
50432,-8.449057,-3.58385,3.999603,-0.004581,0.000611,-0.007636,31.05,66.4526764192615
50442,-8.449057,-3.579663,4.004389,-0.004123,0.000611,-0.007025,31.03,66.4238313593856
50452,-8.451449,-3.583252,4.004987,-0.004581,0.000611,-0.007789,31.03,66.428939777929
50462,-8.449057,-3.589832,4.001398,-0.003818,0.001374,-0.008094,31.04,66.4486047627686
50472,-8.450851,-3.58744,3.998407,-0.00336,0.002443,-0.007483,31.04,66.4659304285706
50482,-8.437093,-3.594618,4.000201,-0.003818,0.002596,-0.007483,31.04,66.4339855694263
50492,-8.440084,-3.58744,4.005585,-0.003818,0.003054,-0.009163,30.98,66.4055974227894
50502,-8.442476,-3.594618,4.002594,-0.003665,0.00336,-0.009468,30.98,66.4327643014346
50512,-8.457432,-3.58385,4.004389,-0.004123,0.00336,-0.008705,31.03,66.4452029635686
50522,-8.448458,-3.582654,4.006782,-0.004429,0.004123,-0.007941,31.03,66.4126908537604
50532,-8.440681,-3.582056,4.012764,-0.004429,0.004123,-0.008552,31.01,66.3643735848724
50542,-8.445468,-3.585645,3.993023,-0.004429,0.004734,-0.007636,31.01,66.481262207065
50552,-8.449057,-3.586841,4.006782,-0.003818,0.004887,-0.007636,31.04,66.4176968347905
50562,-8.441879,-3.59043,4.0008,-0.003818,0.004887,-0.008247,31.04,66.4371671435707
50572,-8.453843,-3.591627,3.995416,-0.003665,0.005345,-0.008858,31,66.4916444809161
50582,-8.458628,-3.583252,4.005585,-0.004276,0.005803,-0.007025,31,66.4409179462618
50592,-8.447861,-3.594618,3.992425,-0.004123,0.006414,-0.007789,31.04,66.497445952054
50602,-8.456235,-3.578466,4.0008,-0.003971,0.006109,-0.007789,31.04,66.4567037922903
50612,-8.447861,-3.585645,4.006782,-0.003665,0.006109,-0.007636,31.08,66.4141070697825
50622,-8.449057,-3.592225,4.0008,-0.003207,0.00672,-0.00672,31.08,66.4538807630162
50632,-8.453843,-3.588037,4.001996,-0.004123,0.006567,-0.007025,31.07,66.4539333921586
50642,-8.459825,-3.586841,4.002594,-0.003971,0.007178,-0.00733,31.07,66.4623091853455
50652,-8.454441,-3.58744,4.007978,-0.003971,0.00733,-0.006261,31.07,66.4233018505848
50662,-8.452645,-3.593421,4.0008,-0.004429,0.00672,-0.007483,31.05,66.4624939329914
50672,-8.441879,-3.59402,4.009174,-0.003818,0.006261,-0.007178,31.05,66.3964596659267
50682,-8.455637,-3.592225,4.006782,-0.004429,0.00672,-0.007636,31.06,66.436361101394
50692,-8.447861,-3.586841,3.998407,-0.004123,0.006567,-0.007483,31.06,66.4591058316969
50702,-8.458628,-3.580859,4.00738,-0.003665,0.006261,-0.00733,31.02,66.4293783625656
50712,-8.444869,-3.59402,3.994817,-0.003818,0.006414,-0.007789,31.02,66.4780707272204
50722,-8.437692,-3.588037,3.996612,-0.003665,0.006109,-0.007789,31.05,66.4481895182223
50732,-8.446067,-3.586841,3.999005,-0.004734,0.005803,-0.007178,31.05,66.4521925406296
50742,-8.447262,-3.59043,4.004987,-0.004276,0.004887,-0.00733,31.04,66.4265392377756
50752,-8.446067,-3.591627,3.988835,-0.004581,0.004887,-0.007483,31.04,66.5098525448888
50762,-8.465807,-3.591627,3.991827,-0.004276,0.004581,-0.00672,31.01,66.5355591779502
50772,-8.443673,-3.593421,4.001996,-0.004581,0.003665,-0.007483,31.01,66.4373487131758
50782,-8.450851,-3.58744,4.005585,-0.004429,0.003818,-0.00733,31.07,66.4282866453972
50792,-8.457432,-3.585046,4.006782,-0.003818,0.003207,-0.006872,31.07,66.4337280389315
50802,-8.464012,-3.588037,3.998407,-0.004123,0.002291,-0.007636,31.06,66.4941119751688
50812,-8.455637,-3.586841,3.993023,-0.004123,0.001833,-0.00733,31.04,66.5036986711752
50822,-8.458031,-3.598805,3.995416,-0.004276,0.001374,-0.007178,31.04,66.5068371747876
50832,-8.460423,-3.603591,4.00379,-0.004887,0.001069,-0.007025,31.03,66.4722462116667
50842,-8.451449,-3.599404,4.00379,-0.004734,0.000305,-0.007636,31.03,66.4496562681457
50852,-8.458031,-3.592225,3.997808,-0.004123,0.000611,-0.007636,31.08,66.4884275227392
50862,-8.456235,-3.585645,4.0008,-0.004276,-0.000153,-0.007789,31.08,66.463100459448
50872,-8.453843,-3.588636,3.998407,-0.003818,0.000305,-0.007789,31.03,66.4732882118192
50882,-8.450253,-3.59043,4.001398,-0.004429,-0.000764,-0.007789,31.03,66.4516554747655
50892,-8.441879,-3.589832,4.006782,-0.003971,-0.000916,-0.007789,31.04,66.4052474366485
50902,-8.450253,-3.595814,4.003192,-0.003512,-0.000611,-0.007789,31.04,66.4470635270984
50912,-8.446067,-3.582654,4.000201,-0.003818,-0.000611,-0.007178,31.02,66.4421747530653
50922,-8.453244,-3.589832,3.997808,-0.003665,-0.000764,-0.007636,31.02,66.4762381325368
50932,-8.459825,-3.597011,3.999603,-0.003207,-0.001527,-0.007789,31.02,66.4870526364484
50942,-8.456235,-3.591627,3.99063,-0.003818,-0.000764,-0.007789,31.02,66.5217717910535
50952,-8.453843,-3.592823,4.002594,-0.003818,0,-0.006567,31.04,66.4550724407192
50962,-8.44427,-3.588636,3.999005,-0.003665,0.000305,-0.006872,31.04,66.4500150966164
50972,-8.457432,-3.591029,3.999005,-0.003665,0.000458,-0.008552,31.04,66.4798276881254
50982,-8.440681,-3.58744,3.995416,-0.003665,0.000305,-0.007483,31.03,66.4602294106137
50992,-8.446067,-3.597011,4.001398,-0.004581,0.000458,-0.007178,31.03,66.4487389803536
51002,-8.450851,-3.586841,3.991228,-0.003665,0.001222,-0.007636,31.07,66.503066942627
51012,-8.452048,-3.583252,4.000201,-0.002443,0.002443,-0.007941,31.07,66.4553004755205
51022,-8.453843,-3.591029,4.009174,-0.003665,0.002749,-0.00733,31.04,66.4189834748871
51032,-8.449057,-3.582654,4.005585,-0.003207,0.003054,-0.007178,31.04,66.4202304420597
51042,-8.439486,-3.581457,3.997808,-0.003971,0.00336,-0.007789,31.06,66.4397994856004
51052,-8.459227,-3.591627,4.010371,-0.003818,0.004276,-0.008247,31.06,66.4245772913755
51062,-8.446067,-3.589234,4.008576,-0.004123,0.004734,-0.007025,31.03,66.4041320142972
51072,-8.444869,-3.591627,3.997808,-0.004123,0.005192,-0.007941,31.03,66.460232965417
51082,-8.449656,-3.583252,4.008576,-0.004887,0.005803,-0.007941,31.07,66.406344355022
51092,-8.454441,-3.592225,4.006782,-0.003971,0.006567,-0.007025,31.07,66.4338452662998
51102,-8.452645,-3.585645,3.994817,-0.004429,0.00672,-0.008094,31.05,66.4869351614155
51112,-8.455039,-3.597609,4.007978,-0.004276,0.007636,-0.008705,31.05,66.4336512413865
51122,-8.458628,-3.597609,4.00379,-0.004734,0.007941,-0.008399,31,66.463134038508
51132,-8.447861,-3.585645,4.0008,-0.003971,0.008399,-0.007025,31,66.4454821734026
51142,-8.444869,-3.591627,3.994219,-0.004276,0.008247,-0.007789,31.05,66.4790692480102
51152,-8.462815,-3.589234,4.004389,-0.004276,0.008094,-0.007483,31.02,66.4613191522669
51162,-8.447861,-3.588037,3.999005,-0.003818,0.007941,-0.007483,31.02,66.4570368952719
51172,-8.457432,-3.586841,3.996014,-0.004276,0.008094,-0.007636,31.04,66.4917788005227
51182,-8.459227,-3.58744,4.001398,-0.004581,0.007025,-0.00901,31.04,66.4678547768754
51192,-8.452645,-3.582056,4.000201,-0.004123,0.006872,-0.008552,31.05,66.4554899865765
51202,-8.452048,-3.580859,3.993023,-0.003971,0.007025,-0.007636,31.05,66.4908301229822
51212,-8.456235,-3.586841,4.000201,-0.003971,0.007178,-0.007483,31.06,66.4673074893834
51222,-8.452645,-3.580859,4.006183,-0.003512,0.006109,-0.007789,31.06,66.4230519069956
51232,-8.459227,-3.583252,3.985844,-0.003665,0.005803,-0.007789,31.08,66.5457116960669
51242,-8.459227,-3.582056,4.0008,-0.003665,0.004887,-0.008552,31.08,66.4661937622306
51252,-8.456833,-3.59043,3.985844,-0.004734,0.004734,-0.007789,31.03,66.5470743708521
51262,-8.447861,-3.582056,3.996014,-0.004581,0.003818,-0.00733,31.03,66.4673917120123
51272,-8.449656,-3.586841,3.995416,-0.004276,0.003054,-0.008247,31.04,66.4785758968331
51282,-8.452645,-3.588636,3.991827,-0.003818,0.002596,-0.008094,31.04,66.5052912284987
51292,-8.459227,-3.597011,4.00379,-0.003665,0.002138,-0.008399,31.09,66.4638578957011
51302,-8.456833,-3.588037,3.999005,-0.004276,0.001069,-0.008094,31.09,66.4759015653793
51312,-8.461619,-3.585046,3.996612,-0.004429,0.001069,-0.008247,31.07,66.4958374234434
51322,-8.456833,-3.59043,3.99721,-0.004734,-0.000153,-0.008247,31.03,66.4874471453132
51332,-8.453244,-3.589234,3.993621,-0.004429,-0.000153,-0.008858,31.03,66.4976687536197
51342,-8.459825,-3.592225,3.994219,-0.004276,-0.000764,-0.008552,31.05,66.5110100372976
51352,-8.458628,-3.602993,3.995416,-0.004123,-0.001069,-0.00733,31.05,66.5118263506521
51362,-8.448458,-3.592823,4.006183,-0.003971,-0.001833,-0.007636,31.05,66.4249286526067
51372,-8.452048,-3.588037,4.001398,-0.003665,-0.002443,-0.008552,31.05,66.4532934871673
51382,-8.454441,-3.578466,3.993023,-0.003971,-0.00336,-0.008399,31.04,66.4937304057206
51392,-8.453843,-3.582654,3.995416,-0.004429,-0.002902,-0.008552,31.04,66.4836448009994
51402,-8.455039,-3.589234,3.998407,-0.003818,-0.00336,-0.007789,31.07,66.4763351121515
51412,-8.455637,-3.585645,3.994219,-0.003971,-0.00336,-0.007941,31.07,66.4963588308495
51422,-8.450851,-3.579065,3.991827,-0.003818,-0.002902,-0.007941,31.02,66.4929938468941
51432,-8.44427,-3.58744,3.995416,-0.003512,-0.002596,-0.007789,31.02,66.4677828132414
51442,-8.444869,-3.582056,3.987041,-0.003818,-0.002443,-0.007789,31.05,66.50821720738
51452,-8.453843,-3.586243,4.000201,-0.003818,-0.002291,-0.008858,31.05,66.4617448430619
51462,-8.447861,-3.584448,4.001398,-0.003818,-0.002291,-0.008094,31.04,66.4412754402618
51472,-8.441879,-3.58744,3.992425,-0.004276,-0.002443,-0.00733,31.04,66.4784566900211
51482,-8.455637,-3.588636,4.001398,-0.003818,-0.00168,-0.007483,31.02,66.4613755694076
51492,-8.452645,-3.583252,4.000201,-0.003818,-0.001222,-0.008094,31.07,66.4565566781436
51502,-8.452645,-3.589832,4.016951,-0.003665,-0.000153,-0.008094,31.07,66.3746494967219
51512,-8.437692,-3.586243,4.002594,-0.003665,0.000458,-0.008094,31.06,66.4151759739806
51522,-8.440681,-3.588636,4.002594,-0.004276,0.000916,-0.008705,31.06,66.4236220009091
51532,-8.451449,-3.592225,3.998407,-0.003207,0.001985,-0.007636,31.03,66.4714607543213
51542,-8.449057,-3.586243,3.996612,-0.00336,0.002902,-0.007941,31.03,66.4705064977531
51552,-8.443074,-3.586243,4.009772,-0.004123,0.003512,-0.008094,31.05,66.388869420002
51562,-8.448458,-3.582654,4.00738,-0.004581,0.004123,-0.00733,31.05,66.4095550730087
51572,-8.445468,-3.584448,4.009772,-0.004581,0.004276,-0.007941,31.01,66.392312116502
51582,-8.435298,-3.585645,4.00379,-0.00336,0.005651,-0.00733,31.01,66.4033112228991
51592,-8.451449,-3.583252,4.001996,-0.004429,0.006109,-0.007025,31.03,66.4446249512411
51602,-8.446067,-3.592225,4.00379,-0.004123,0.00672,-0.00672,31.03,66.4319073926555
51612,-8.450253,-3.579065,4.00738,-0.003971,0.008399,-0.005803,31.02,66.4101326840585
51622,-8.451449,-3.592823,3.991827,-0.003207,0.00733,-0.006567,31.02,66.5065147832565
51632,-8.437093,-3.591029,4.001996,-0.003818,0.007941,-0.007483,31.05,66.4213437024894
51642,-8.450851,-3.594618,4.000201,-0.003665,0.00901,-0.007025,31.05,66.4629339462417
51652,-8.446664,-3.580261,4.00738,-0.004123,0.009163,-0.00672,31.06,66.4036326683571
51662,-8.451449,-3.584448,4.002594,-0.004581,0.009621,-0.006261,31.06,66.4425563457228
51672,-8.458031,-3.586243,3.994817,-0.004581,0.00901,-0.006872,31.05,66.4987821340509
51682,-8.447262,-3.586841,3.994219,-0.004429,0.009927,-0.007178,31.08,66.4798243860433
51692,-8.453843,-3.585046,3.996014,-0.004123,0.010232,-0.00733,31.08,66.4826389239562
51702,-8.446067,-3.58744,3.991827,-0.003971,0.009927,-0.006109,31,66.4904038684706
51712,-8.450253,-3.579065,3.996612,-0.004429,0.009774,-0.006872,31,66.4666195980125
51722,-8.452048,-3.57727,4.0008,-0.004429,0.009163,-0.007178,31.03,66.4468240928768
51732,-8.454441,-3.592823,3.992425,-0.003818,0.008094,-0.007636,31.03,66.5096567962948
51742,-8.453843,-3.580261,3.993023,-0.004887,0.008247,-0.007025,31.07,66.4940708793412
51752,-8.444869,-3.591627,3.992425,-0.004581,0.008247,-0.00733,31.07,66.4884867865332
51762,-8.454441,-3.579065,3.996014,-0.004429,0.007636,-0.00733,31.01,66.478568291751
51772,-8.446664,-3.589234,4.001398,-0.003512,0.006872,-0.006414,31.01,66.4430338681852
51782,-8.452048,-3.594618,3.992425,-0.003818,0.005498,-0.007178,31.05,66.5062362845446
51792,-8.450851,-3.591627,3.996014,-0.004276,0.005956,-0.008094,31.05,66.4822225801684
51802,-8.438888,-3.582056,3.994817,-0.004276,0.005345,-0.007178,31.06,66.4547830408741
51812,-8.455039,-3.58744,3.990032,-0.003971,0.004429,-0.007789,31.06,66.5186710046853
51822,-8.447262,-3.585046,3.991827,-0.003512,0.004123,-0.007483,30.99,66.490779265355
51832,-8.452048,-3.589234,4.002594,-0.003971,0.002749,-0.008247,30.99,66.4480911355959
51842,-8.463414,-3.589832,3.991827,-0.004429,0.000916,-0.008705,31.05,66.5289489497256
51852,-8.449057,-3.591627,3.999005,-0.004276,0,-0.007941,31.06,66.462761182838
51862,-8.467003,-3.594618,3.98405,-0.004429,-0.000458,-0.008094,31.06,66.5814998881373
51872,-8.450253,-3.586841,3.988835,-0.003665,-0.001222,-0.00901,31.06,66.5143731184836
51882,-8.446664,-3.586243,4.001398,-0.003818,-0.001374,-0.008247,31.06,66.440359169289
51892,-8.46102,-3.582654,3.994817,-0.004429,-0.00168,-0.008858,31,66.5018650837935
51902,-8.458031,-3.59402,3.999603,-0.00336,-0.002138,-0.008094,31,66.4806186130601
51912,-8.452645,-3.596412,3.996014,-0.003512,-0.002443,-0.008552,31.06,66.4902641438859
51922,-8.458628,-3.59043,3.991228,-0.004276,-0.003512,-0.008858,31.06,66.522587731078
51932,-8.459825,-3.588636,4.001996,-0.004276,-0.003512,-0.008094,31.01,66.4670430256715
51942,-8.447262,-3.582654,3.991827,-0.003665,-0.003971,-0.007941,31.01,66.4886454183937
51952,-8.448458,-3.588037,4.001996,-0.003818,-0.00336,-0.008399,31.07,66.4426030009959
51962,-8.44427,-3.588037,3.998407,-0.004429,-0.004123,-0.008705,31.07,66.4526175488817
51972,-8.443074,-3.586841,4.001996,-0.004581,-0.003818,-0.008094,31.04,66.4301949233447
51982,-8.445468,-3.576073,4.005585,-0.003512,-0.003054,-0.008247,31.04,66.4067822794266
51992,-8.455637,-3.589832,4.003192,-0.003512,-0.003054,-0.008247,31.06,66.4530384021395
52002,-8.449057,-3.591627,4.00738,-0.003207,-0.002902,-0.008858,31.06,66.4188440875685
52012,-8.447262,-3.588037,3.996014,-0.004734,-0.00168,-0.008858,31.05,66.4714714950527
52022,-8.444869,-3.580859,3.999603,-0.004429,-0.000916,-0.008247,31.04,66.4411856157506
52032,-8.445468,-3.586243,4.009772,-0.003971,-0.000305,-0.008705,31.04,66.3939194601205
52042,-8.443673,-3.589832,4.004389,-0.004123,0.000611,-0.00901,31.02,66.4215805382981
52052,-8.446067,-3.580261,4.001996,-0.004123,0.000458,-0.007789,31.02,66.4306178460771
52062,-8.449057,-3.589234,3.995416,-0.004123,0.001222,-0.008399,31.03,66.479452950726
52072,-8.445468,-3.595216,3.997808,-0.003665,0.002596,-0.008094,31.03,66.4647045458829
52082,-8.438289,-3.58744,4.002594,-0.004276,0.00336,-0.008094,31.02,66.417507865753
52092,-8.442476,-3.589832,4.008576,-0.004581,0.004123,-0.008705,31.02,66.397097250275
52102,-8.454441,-3.589234,3.997808,-0.003665,0.005345,-0.007178,31.04,66.4782198933337
52112,-8.439486,-3.602993,4.007978,-0.004734,0.005345,-0.007941,31.04,66.405749389618
52122,-8.450253,-3.591029,3.995416,-0.004276,0.005956,-0.007941,31.02,66.4835694425402
52132,-8.452645,-3.589234,3.997808,-0.003665,0.007025,-0.007636,31.02,66.4744455603911
52142,-8.443673,-3.595814,4.00738,-0.003971,0.007636,-0.007178,31.04,66.411256651808
52152,-8.44427,-3.592823,4.001398,-0.004123,0.008094,-0.007483,31.04,66.4412068923999
52164,-8.446067,-3.585046,4.001398,-0.003818,0.008858,-0.007178,31.07,66.4380317892573
52172,-8.453244,-3.585046,3.994817,-0.003818,0.008858,-0.007178,31.07,66.4876600607623
52182,-8.447861,-3.588636,3.997808,-0.004123,0.009163,-0.006872,31.02,66.4638525351966
52192,-8.450253,-3.586243,4.004987,-0.004429,0.009163,-0.00733,31.06,66.4290929815411
52202,-8.440681,-3.585046,3.993621,-0.004276,0.008858,-0.007025,31.06,66.4675142283273
52212,-8.449656,-3.582654,4.001398,-0.004123,0.009621,-0.00733,31.07,66.4434528726241
52222,-8.446067,-3.580859,3.987639,-0.004276,0.009163,-0.006109,31.07,66.5065270593404
52232,-8.449057,-3.576672,3.996014,-0.003971,0.008247,-0.00733,31.07,66.4651078535975
52242,-8.453843,-3.588037,3.996612,-0.004581,0.008705,-0.00733,31.07,66.4821686592197
52252,-8.456235,-3.59043,4.0008,-0.003971,0.007789,-0.007636,31.03,66.4673682239262
52262,-8.459825,-3.591029,3.995416,-0.003665,0.00733,-0.006109,31.03,66.5036683628486
52272,-8.454441,-3.578466,3.995416,-0.004429,0.007025,-0.00672,31.04,66.4811727610485
52282,-8.454441,-3.598805,3.994219,-0.003665,0.00672,-0.007025,31.04,66.5055845195173
52292,-8.443673,-3.589234,3.993621,-0.003971,0.005803,-0.007941,31.02,66.4775540622518
52302,-8.455637,-3.589234,4.00379,-0.004887,0.005345,-0.007636,31.02,66.4493700615149
52312,-8.449656,-3.584448,3.993023,-0.003971,0.004123,-0.00733,31.05,66.4890001700869
52322,-8.458031,-3.594618,3.988835,-0.003207,0.004276,-0.00733,31.05,66.5376186248564
52332,-8.450851,-3.58385,3.996612,-0.003665,0.002902,-0.007636,31.05,66.4721443406557
52342,-8.447861,-3.595216,4.00379,-0.00336,0.001985,-0.008247,31.05,66.438361364056
52352,-8.467602,-3.595216,3.999603,-0.003512,0.000611,-0.007941,31.02,66.5017638326552
52362,-8.47119,-3.594618,3.997808,-0.003512,0.000305,-0.007025,31.08,66.5181526166391
52372,-8.448458,-3.594618,3.992425,-0.003818,-0.000764,-0.007941,31.08,66.4986996529307
52382,-8.453843,-3.59043,3.993621,-0.003818,-0.000611,-0.008094,31.02,66.4999930793911
52392,-8.452645,-3.589832,3.983452,-0.003665,-0.000458,-0.007483,31.02,66.550320627447
52402,-8.450851,-3.58744,3.994219,-0.003818,-0.001222,-0.006414,31.01,66.4879036302398
52412,-8.458628,-3.593421,3.996612,-0.003054,-0.002443,-0.00733,31.01,66.4970173200187
52422,-8.441879,-3.589234,3.994817,-0.003971,-0.001833,-0.008247,31.03,66.4675008841428
52432,-8.444869,-3.59402,3.991827,-0.004429,-0.002291,-0.008094,31.03,66.4937655326636
52442,-8.453244,-3.58744,4.001398,-0.003818,-0.002443,-0.008247,31.07,66.4552762037837
52452,-8.451449,-3.589832,3.997808,-0.003818,-0.00168,-0.007636,31.07,66.4724654794948
52462,-8.449057,-3.588037,4.006782,-0.003665,-0.001527,-0.007789,31.03,66.4187665942606
52472,-8.456235,-3.594618,4.001996,-0.003665,-0.001374,-0.008247,31.03,66.4648373720879
52482,-8.444869,-3.58385,4.012166,-0.004276,-0.000611,-0.008399,31.04,66.3779606559233
52492,-8.452048,-3.585645,4.000201,-0.003818,-0.000458,-0.008399,31.04,66.4574357254942
52502,-8.459227,-3.583252,3.991228,-0.003818,0.000611,-0.007789,31.06,66.517458690868
52512,-8.460423,-3.591627,3.998407,-0.004123,0.000916,-0.007636,31.06,66.4897756322569
52522,-8.448458,-3.592225,4.007978,-0.004123,0.000764,-0.007636,31.07,66.4149833150666
52532,-8.455637,-3.59043,3.999603,-0.003665,0.001833,-0.007941,31.02,66.4723872616133
52542,-8.444869,-3.592225,4.012764,-0.004734,0.002291,-0.007941,31.02,66.3823333447424
52552,-8.458628,-3.59043,4.004987,-0.004429,0.003512,-0.006872,31.03,66.4504532212915
52562,-8.443673,-3.583252,3.99721,-0.004734,0.004123,-0.007941,31.03,66.453365461743
52572,-8.450253,-3.582654,3.997808,-0.004887,0.003512,-0.00733,31.07,66.4635439803051
52582,-8.447262,-3.589234,4.007978,-0.004429,0.004429,-0.007025,31.07,66.4097856772401
52592,-8.446664,-3.586841,4.00738,-0.004429,0.005192,-0.00733,31.04,66.4095187447989
52602,-8.447262,-3.596412,3.995416,-0.004123,0.005192,-0.007483,31.04,66.482095910456
52612,-8.446664,-3.586243,3.995416,-0.004123,0.005651,-0.008094,31.05,66.4717497840763
52622,-8.453244,-3.579663,4.00379,-0.004123,0.006109,-0.008247,31.05,66.4357941029388
52632,-8.46102,-3.596412,3.99063,-0.004276,0.006261,-0.008094,31.07,66.5360639107933
52642,-8.445468,-3.59402,4.011567,-0.004123,0.006872,-0.008094,31.07,66.3914801999811
52652,-8.450253,-3.584448,4.000201,-0.004123,0.007789,-0.00733,31.03,66.4525903593189
52662,-8.450851,-3.578466,4.001398,-0.004429,0.00733,-0.007941,31.03,66.4422323840375
52672,-8.450253,-3.591627,4.002594,-0.004276,0.007789,-0.008552,31.03,66.4464537267929
52682,-8.448458,-3.584448,3.994817,-0.003512,0.008247,-0.008552,31.03,66.4770647844926
52692,-8.465208,-3.586243,3.993621,-0.003665,0.008094,-0.008705,31.04,66.5201140536304
52702,-8.466404,-3.582056,3.999603,-0.004429,0.008399,-0.007636,31.04,66.4875480314297
52712,-8.458031,-3.596412,3.988835,-0.003971,0.007789,-0.007941,31.04,66.5392166286252
52722,-8.455637,-3.583252,3.998407,-0.003665,0.007636,-0.008247,31.02,66.4722591308419
52732,-8.449057,-3.592823,3.99063,-0.004276,0.00733,-0.007941,31.02,66.5077752835273
52742,-8.443673,-3.589832,3.994817,-0.004581,0.006414,-0.008399,31.01,66.4718099520345
52752,-8.450851,-3.591627,4.00738,-0.004581,0.005345,-0.008858,31.01,66.4226213661706
52762,-8.456235,-3.580859,3.985844,-0.004123,0.005192,-0.008705,31.08,66.5373096805644
52772,-8.448458,-3.585645,3.999005,-0.004123,0.004734,-0.009163,31.08,66.4561561218954
52782,-8.457432,-3.586841,3.999005,-0.004276,0.003665,-0.008858,31.02,66.4760941815914
52792,-8.444869,-3.59043,3.999005,-0.004276,0.002902,-0.008552,31.02,66.452880829248
52802,-8.456235,-3.59402,3.99721,-0.004734,0.00336,-0.008858,31,66.4893934851717
52812,-8.453843,-3.603591,4.00379,-0.004276,0.002596,-0.008858,31,66.4584342380719
52822,-8.458031,-3.588037,3.99063,-0.004276,0.001527,-0.008552,31.04,66.5223426486452
52832,-8.452048,-3.591627,3.994817,-0.003971,0.000916,-0.007941,31.04,66.49101691622
52842,-8.452645,-3.589234,4.000201,-0.003665,0.000764,-0.008705,31.05,66.461895079259
52852,-8.451449,-3.584448,3.995416,-0.003971,0.000305,-0.007483,31.05,66.4802108391732
52862,-8.446664,-3.581457,3.989433,-0.003512,-0.000458,-0.008399,31.01,66.4988922147732
52872,-8.46102,-3.591627,3.992425,-0.003665,-0.001527,-0.008552,31.01,66.5223910986483
52882,-8.450851,-3.577868,3.998407,-0.003971,-0.001985,-0.008094,31.03,66.4573918202578
52892,-8.44128,-3.584448,3.993023,-0.003665,-0.002749,-0.008247,31.03,66.4713811664928
52902,-8.443074,-3.597609,4.00379,-0.003207,-0.003207,-0.008094,31.03,66.4304317126598
52912,-8.443074,-3.589234,3.99721,-0.00336,-0.003054,-0.00901,31.03,66.4574534213714
52922,-8.458628,-3.598805,3.995416,-0.003512,-0.002902,-0.008399,31.03,66.5080890004494
52932,-8.453244,-3.585046,4.003192,-0.004276,-0.002902,-0.008094,31.06,66.4437324658873
52942,-8.452048,-3.579663,4.0008,-0.004429,-0.002443,-0.007483,31.06,66.4489574502689
52952,-8.441879,-3.591029,3.999603,-0.003971,-0.002443,-0.007178,31.06,66.4439852488307
52962,-8.439486,-3.591627,4.016353,-0.003818,-0.001985,-0.007178,31.06,66.3516240910226
52972,-8.452645,-3.591029,3.997808,-0.004887,-0.001985,-0.007636,31.02,66.4760478102361
52982,-8.440084,-3.591029,4.001996,-0.003971,-0.001222,-0.00733,31.02,66.4276467083328
52992,-8.449656,-3.594618,4.001996,-0.004429,-0.000916,-0.007789,31.05,66.4510088553879
53002,-8.446664,-3.591029,3.999005,-0.004276,-0.000916,-0.007483,31.05,66.4571934311247
53012,-8.446664,-3.589832,4.0008,-0.004429,-0.000305,-0.007636,31.03,66.4467057982148
53022,-8.450851,-3.581457,4.008576,-0.004276,0.000611,-0.007789,31.03,66.4072593351664
53032,-8.451449,-3.591627,4.002594,-0.004276,0.00168,-0.007636,31.05,66.4489695268724
53042,-8.438888,-3.591627,4.008576,-0.004734,0.001833,-0.007483,31.05,66.3911403600266
53052,-8.440681,-3.58744,4.002594,-0.004123,0.002902,-0.007025,31,66.4225504865015
53062,-8.447861,-3.589832,4.015755,-0.00504,0.003207,-0.006872,31.03,66.3708246705733
53072,-8.453244,-3.592823,4.001996,-0.003971,0.00336,-0.007025,31.03,66.4569481510137
53082,-8.449656,-3.59402,4.00738,-0.004581,0.003971,-0.007789,31.05,66.4222475805304
53092,-8.452645,-3.58385,4.00738,-0.004429,0.00504,-0.006414,31.05,66.4194471630001
53102,-8.451449,-3.588636,4.006183,-0.003971,0.005345,-0.007025,31.05,66.4274797917934
53112,-8.443673,-3.591627,4.006782,-0.004429,0.005498,-0.007178,31.05,66.410637913331
53122,-8.453843,-3.592225,4.012764,-0.003971,0.006414,-0.007178,31.02,66.4012458175647
53132,-8.448458,-3.59043,4.006782,-0.003665,0.007025,-0.00733,31.02,66.4196461701699
53142,-8.449656,-3.59043,4.00379,-0.003054,0.007483,-0.007636,31.04,66.4378558238218
53152,-8.440084,-3.595216,4.004987,-0.003665,0.007636,-0.006872,31.04,66.4157093621684
53162,-8.453244,-3.591627,3.997808,-0.003818,0.007941,-0.007178,31.04,66.4778402819657
53172,-8.449656,-3.589234,4.004389,-0.004276,0.008705,-0.00672,31.04,66.4336454386405
53182,-8.451449,-3.585046,3.99721,-0.004429,0.00901,-0.006567,31.06,66.4713312478106
53192,-8.455039,-3.593421,4.0008,-0.00336,0.009316,-0.00672,31.06,66.4675249094439
53202,-8.450253,-3.585046,4.007978,-0.003512,0.009468,-0.007025,31.03,66.412341421325
53212,-8.455039,-3.592823,3.993023,-0.003665,0.010079,-0.006261,31.03,66.5077745733304
53222,-8.453244,-3.586243,4.010969,-0.003971,0.010079,-0.00733,31,66.4040376034351
53232,-8.454441,-3.58744,3.991228,-0.004276,0.009163,-0.00733,31.05,66.5111395709154
53242,-8.454441,-3.592823,3.993023,-0.004123,0.008705,-0.007483,31.05,66.5065196294132
53252,-8.455637,-3.591029,4.001996,-0.004123,0.007789,-0.007483,31.04,66.4603762562072
53262,-8.448458,-3.583252,3.996014,-0.004276,0.006872,-0.007941,31.04,66.4697151140456
53272,-8.455039,-3.585046,3.988237,-0.004581,0.006567,-0.007483,31.06,66.5259608279659
53282,-8.441879,-3.58385,3.997808,-0.003818,0.007178,-0.006872,31.06,66.4469822403571
53292,-8.458031,-3.585046,3.999005,-0.003665,0.007025,-0.00672,31.07,66.4757536444157
53302,-8.450253,-3.589832,3.992425,-0.003971,0.006261,-0.007025,31.07,66.4981961148797
53312,-8.456833,-3.591627,4.007978,-0.004276,0.005192,-0.008094,31.03,66.4320761215112
53322,-8.458628,-3.592225,3.988835,-0.004887,0.004734,-0.008399,31.03,66.536739151977
53332,-8.460423,-3.580859,3.991228,-0.003665,0.004734,-0.007941,31.04,66.5178422784195
53342,-8.457432,-3.593421,3.997808,-0.003665,0.003054,-0.007636,31.04,66.4882366042618
53352,-8.454441,-3.591627,3.995416,-0.003971,0.002749,-0.007941,31.06,66.4929002221086
53362,-8.456833,-3.589234,3.99721,-0.003207,0.002138,-0.007789,31.06,66.4863809357895
53372,-8.453843,-3.589832,3.996014,-0.004276,0.001222,-0.008247,31.03,66.4869064223773
53382,-8.455637,-3.585046,4.00379,-0.004734,0.000458,-0.008552,31.03,66.4456328157585
53392,-8.448458,-3.592823,3.988835,-0.00504,-0.000916,-0.007789,31.03,66.5159404668326
53402,-8.442476,-3.58744,3.992425,-0.004276,-0.001222,-0.008705,31.02,66.4797125505571
53412,-8.452048,-3.58744,3.998407,-0.003818,-0.002138,-0.008705,31.02,66.4684475146013
53422,-8.452645,-3.588037,3.993621,-0.003818,-0.002596,-0.007636,30.99,66.4953432891161
53432,-8.462217,-3.588636,3.99721,-0.003512,-0.001985,-0.007483,30.99,66.4971519423755
53442,-8.453244,-3.58385,3.990032,-0.004123,-0.002596,-0.007941,31.03,66.5117059755227
53452,-8.453244,-3.599404,3.999603,-0.004581,-0.002596,-0.008399,31.03,66.4753759594647
53462,-8.44128,-3.600002,4.002594,-0.004123,-0.002443,-0.008858,31.05,66.4350761324044
53472,-8.454441,-3.581457,3.992425,-0.003665,-0.002291,-0.008399,31.05,66.4995304937962
53482,-8.453843,-3.589832,4.007978,-0.004887,-0.001985,-0.009774,31.07,66.4241804455651
53492,-8.442476,-3.591627,4.010371,-0.004734,-0.00168,-0.008552,31.07,66.3892948079098
53502,-8.450851,-3.592225,4.005585,-0.004123,-0.002138,-0.008858,31.07,66.4325653303544
53512,-8.439486,-3.586243,4.004987,-0.003971,-0.002749,-0.009163,31.07,66.4064009199605
53522,-8.460423,-3.580859,4.006782,-0.003971,-0.001833,-0.008705,31.05,66.4362903300924
53532,-8.446067,-3.580261,4.005585,-0.003971,-0.001833,-0.008705,31.05,66.4117885935057
53542,-8.451449,-3.588037,4.006782,-0.004429,-0.001985,-0.00901,31.05,66.4238042921213
53552,-8.452645,-3.585645,3.996014,-0.004123,-0.001069,-0.008399,31.05,66.4806548488779
53562,-8.449057,-3.59043,4.006183,-0.004581,0.000153,-0.008552,31.04,66.42404797934
53572,-8.459227,-3.59402,3.999603,-0.004123,0.000153,-0.007941,31.05,66.4831295081813
53582,-8.44128,-3.584448,3.997808,-0.003971,0.000611,-0.00672,31.05,66.4462552771877
53592,-8.458628,-3.592823,4.009174,-0.003971,0.001069,-0.007636,31.06,66.4306549208072
53602,-8.437093,-3.603591,4.01396,-0.004581,0.000916,-0.00901,31.06,66.3698824456307
53612,-8.440084,-3.598805,4.004987,-0.004887,0.001222,-0.008399,31.04,66.4189313603614
53622,-8.447262,-3.580859,4.00738,-0.004123,0.00168,-0.007941,31.04,66.40542854727
53632,-8.446067,-3.588636,4.00379,-0.004429,0.002291,-0.007941,31.03,66.4286946908455
53642,-8.435298,-3.582056,3.999005,-0.004276,0.003512,-0.007941,31.03,66.4252185730755
53652,-8.450851,-3.58744,4.006183,-0.004734,0.003818,-0.00733,31.05,66.4251515106408
53662,-8.457432,-3.589832,4.006782,-0.003512,0.004734,-0.007025,31.05,66.4379992440562
53672,-8.451449,-3.591029,4.009772,-0.003512,0.004887,-0.007789,31.03,66.4108092705896
53682,-8.448458,-3.58744,4.004987,-0.004123,0.005498,-0.007178,31.03,66.4263828648084
53692,-8.44427,-3.591029,3.997808,-0.004276,0.005651,-0.008094,31.07,66.4584377040353
53702,-8.455039,-3.597011,4.006183,-0.004276,0.006109,-0.007025,31.07,66.4425207000975
53712,-8.452645,-3.589234,4.007978,-0.003971,0.007178,-0.007025,31.05,66.4211238663293
53722,-8.447861,-3.58744,3.999005,-0.003512,0.00672,-0.007178,31.05,66.4565034176353
53732,-8.452645,-3.597609,4.007978,-0.004123,0.007025,-0.008247,31.02,66.4286165313999
53742,-8.457432,-3.593421,4.006782,-0.003665,0.007636,-0.007178,31,66.4412044103202
53752,-8.458031,-3.588037,4.005585,-0.003818,0.007941,-0.008094,31,66.4439292193076
53762,-8.452645,-3.598805,4.00738,-0.003665,0.007636,-0.007789,31.04,66.4328206387248
53772,-8.446664,-3.586841,4.0008,-0.003512,0.007025,-0.007636,31.04,66.4440311082566
53782,-8.455637,-3.583252,4.006782,-0.003971,0.007636,-0.00733,31.05,66.4283490051922
53792,-8.453244,-3.601796,4.001996,-0.004734,0.007636,-0.00733,31.05,66.4649714805964
53802,-8.459227,-3.591029,4.009772,-0.003971,0.006872,-0.007636,31.05,66.42718041475
53812,-8.454441,-3.599404,3.999603,-0.004276,0.007025,-0.008094,31.05,66.4778892162044
53822,-8.456833,-3.589234,3.990032,-0.003971,0.00672,-0.007789,31.05,66.5240325083127
53832,-8.450851,-3.585645,4.00738,-0.004123,0.006109,-0.006567,31.05,66.4172717625145
53842,-8.450851,-3.579065,4.001398,-0.004429,0.005651,-0.007636,31.03,66.4427666447497
53852,-8.453244,-3.584448,3.996612,-0.004123,0.005651,-0.007178,31.03,66.4777095436193
53862,-8.447262,-3.592823,4.0008,-0.00336,0.004887,-0.00733,31.05,66.4506398826973
53872,-8.454441,-3.596412,3.991827,-0.004276,0.004581,-0.007636,31.05,66.5159952631714
53882,-8.458628,-3.588636,3.99063,-0.00504,0.004429,-0.007636,31.06,66.5241279969926
53892,-8.452048,-3.585645,3.997808,-0.004123,0.004581,-0.007789,31.06,66.4699880238283
53902,-8.451449,-3.591029,3.999603,-0.004276,0.004123,-0.007636,31.05,66.4641196645012
53912,-8.454441,-3.591029,3.991228,-0.003971,0.002902,-0.00733,31.05,66.5143375655841
53922,-8.449057,-3.59043,4.00379,-0.004123,0.002749,-0.006872,31.05,66.4365951085516
53932,-8.454441,-3.584448,4.001996,-0.004123,0.002596,-0.008247,31.09,66.4519887625127
53942,-8.443673,-3.58385,4.004389,-0.004581,0.002291,-0.00733,31.09,66.4162249067542
53952,-8.454441,-3.595814,4.000201,-0.004123,0.002596,-0.006872,31.02,66.4715462480955
53962,-8.455637,-3.595216,4.002594,-0.004123,0.002138,-0.007025,31.02,66.4609808443722
53972,-8.452048,-3.593421,4.0008,-0.004429,0.002138,-0.00733,31.05,66.4612390590465
53982,-8.447262,-3.588636,3.996014,-0.004276,0.001374,-0.007483,31.05,66.4720066259927
53992,-8.438289,-3.583252,4.001996,-0.004581,0.001222,-0.007941,31.03,66.4168941249856
54002,-8.444869,-3.58744,4.001398,-0.004123,0.000611,-0.00733,31.03,66.4376496968797
54012,-8.440084,-3.593421,4.00738,-0.004429,0.000611,-0.007636,31.04,66.4015461057017
54022,-8.450253,-3.586841,4.001996,-0.004734,0,-0.007483,31.04,66.4453122713502
54032,-8.456833,-3.58385,3.998407,-0.004429,0,-0.008247,31.03,66.4753061651104
54042,-8.447262,-3.597609,4.001398,-0.00336,0,-0.00733,31.03,66.4517877157599
54052,-8.456235,-3.579663,4.005585,-0.003665,-0.000153,-0.007483,31.02,66.4326816837013
54062,-8.455039,-3.596412,4.002594,-0.003971,-0.000611,-0.007789,31.02,66.4607930588716
54072,-8.454441,-3.581457,4.004987,-0.003971,0,-0.008399,31.05,66.4336386982642
54082,-8.444869,-3.592823,3.991228,-0.003818,0,-0.007483,31.05,66.4958401166276
54092,-8.450253,-3.588636,3.997808,-0.003818,0,-0.007789,31.05,66.4688831125977
54102,-8.442476,-3.58385,3.99721,-0.004429,0.000764,-0.007483,31.02,66.4513791224034
54112,-8.446067,-3.59043,3.99721,-0.004123,0.000305,-0.007789,31.02,66.4648204307079
54122,-8.452048,-3.592225,4.001996,-0.004429,0.000916,-0.007483,31.07,66.4538991667058
54132,-8.440681,-3.591029,3.999603,-0.004887,0.001833,-0.00733,31.07,66.441462723258
54142,-8.454441,-3.588636,4.002594,-0.004887,0.001222,-0.007941,31.04,66.4525905444482
54152,-8.441879,-3.585645,4.006782,-0.004276,0.001833,-0.008094,31.04,66.4014949666462
54165,-8.453843,-3.586841,4.001996,-0.004429,0.002443,-0.00733,31.04,66.4528658760681
54172,-8.449057,-3.598805,3.994817,-0.004429,0.001985,-0.008094,31.04,66.4911488342189
54182,-8.454441,-3.585046,4.0008,-0.004429,0.003054,-0.007636,31.04,66.458793611096
54192,-8.450851,-3.59402,4.0008,-0.004123,0.003207,-0.00672,31.04,66.4592581903039
54202,-8.456833,-3.576073,4.000201,-0.004734,0.003971,-0.008094,31.05,66.4589734052864
54212,-8.448458,-3.582056,4.003192,-0.004276,0.004276,-0.007636,31.05,66.4309849843182
54222,-8.444869,-3.58744,3.999005,-0.004123,0.004123,-0.008094,31.02,66.4502062966892
54232,-8.446664,-3.592823,4.013362,-0.004429,0.00504,-0.008705,31.02,66.3835207729962
54242,-8.448458,-3.59043,3.99721,-0.004429,0.005651,-0.007789,31.02,66.4698487199465
54252,-8.449656,-3.599404,3.99721,-0.004887,0.006261,-0.007789,31.02,66.4803897144906
54262,-8.451449,-3.592823,3.994817,-0.004887,0.00672,-0.00733,31.08,66.4908264879547
54272,-8.449656,-3.591627,3.987041,-0.004734,0.006261,-0.008399,31.04,66.5268062363249
54282,-8.458628,-3.598207,3.997808,-0.004429,0.006414,-0.007941,31.04,66.4950163200121
54292,-8.453843,-3.597011,4.002594,-0.003665,0.005956,-0.007178,31,66.4588155095232
54302,-8.458031,-3.597011,4.001996,-0.003971,0.005803,-0.008399,31,66.4707465033132
54312,-8.449057,-3.581457,3.994817,-0.004429,0.00672,-0.007178,31.07,66.4756566696141
54322,-8.454441,-3.6006,3.999005,-0.004734,0.006261,-0.006567,31.07,66.4820931431541
54332,-8.458031,-3.6006,3.99721,-0.004276,0.006109,-0.007025,31.04,66.4990345863226
54342,-8.452645,-3.597011,3.999603,-0.004429,0.006109,-0.007483,31.04,66.4719785908499
54352,-8.449656,-3.582654,3.995416,-0.004429,0.005498,-0.007941,31.11,66.4748403374153
54362,-8.457432,-3.598207,3.993023,-0.004581,0.004276,-0.008094,31.11,66.5175953195702
54372,-8.461619,-3.59043,4.003192,-0.003818,0.004429,-0.007483,31.04,66.4661437471582
54382,-8.447861,-3.593421,4.001996,-0.003207,0.003665,-0.008094,31.04,66.4461622531133
54392,-8.456833,-3.594618,4.008576,-0.003818,0.003054,-0.008705,31.02,66.4316162642526
54402,-8.448458,-3.594618,3.99721,-0.003665,0.002443,-0.00901,31.02,66.4735923034425
54412,-8.449656,-3.592823,3.999603,-0.003971,0.001985,-0.008094,31.06,66.4619531672042
54422,-8.455039,-3.582654,3.994817,-0.003665,0.001985,-0.007941,31.06,66.4893013545048
54432,-8.461619,-3.589832,3.995416,-0.004123,0.000611,-0.007941,31.04,66.5063666075886
54442,-8.454441,-3.591627,3.996014,-0.004276,0.000611,-0.008399,31.07,66.4897636932987
54452,-8.452048,-3.59043,3.99721,-0.003971,0,-0.007636,31.07,66.4773951183965
54462,-8.457432,-3.585645,3.999005,-0.004429,-0.000305,-0.007483,31.05,66.4750284475926
54472,-8.444869,-3.598805,4.00379,-0.003512,-0.000153,-0.007789,31.05,66.4352819184828
54482,-8.452645,-3.588636,3.992425,-0.003971,-0.001222,-0.008399,31.05,66.5021531455544
54492,-8.466404,-3.596412,4.0008,-0.004276,-0.001527,-0.007636,31.05,66.4940471302525
54502,-8.460423,-3.588037,3.992425,-0.004276,-0.00168,-0.00733,31.04,66.5179446226255
54512,-8.450851,-3.592823,4.002594,-0.004276,-0.001985,-0.007483,31.04,66.4487810079672
54522,-8.446067,-3.598805,4.006782,-0.003971,-0.00168,-0.007941,31.07,66.4221155533046
54532,-8.453244,-3.588037,4.001398,-0.003971,-0.001527,-0.007789,31.07,66.4558091271052
54542,-8.449057,-3.589234,3.996612,-0.003665,-0.001069,-0.006567,31.06,66.4731772990825
54552,-8.445468,-3.593421,4.003192,-0.003512,-0.001222,-0.007636,31.06,66.4348537923125
54562,-8.456235,-3.58385,4.003192,-0.004123,-0.000764,-0.008399,31.04,66.4489592320936
54572,-8.448458,-3.58744,3.995416,-0.004734,-0.000458,-0.008247,31.04,66.4765917119946
54582,-8.455637,-3.594618,4.007978,-0.004429,-0.000153,-0.007636,31.07,66.4322336643582
54592,-8.452048,-3.593421,3.999603,-0.003971,0.000458,-0.006872,31.07,66.4675158164161
54602,-8.452645,-3.597011,4.008576,-0.004887,0.00168,-0.007789,31.02,66.4249479077065
54612,-8.446067,-3.597011,4.001996,-0.004581,0.001985,-0.007789,31.04,66.4456026447108
54622,-8.44427,-3.579065,4.000201,-0.004276,0.003207,-0.008094,31.04,66.4351819392489
54632,-8.449656,-3.58744,3.998407,-0.004123,0.003818,-0.007483,31.05,66.4634170958812
54642,-8.456833,-3.593421,4.008576,-0.004429,0.004276,-0.00672,31.05,66.4305463619957
54652,-8.447861,-3.594618,4.001996,-0.003818,0.004429,-0.007483,31.02,66.447233538289
54662,-8.435298,-3.598805,3.99721,-0.004123,0.005345,-0.00733,31.02,66.4496660990133
54672,-8.458031,-3.601198,3.995416,-0.003818,0.006109,-0.006872,31.08,66.5089727050335
54682,-8.438289,-3.582056,4.004987,-0.003512,0.006414,-0.006261,31.08,66.4001231701886
54692,-8.459227,-3.591627,3.998407,-0.003512,0.006567,-0.00672,31.08,66.4872650151141
54702,-8.448458,-3.592225,4.00738,-0.004123,0.006414,-0.00733,31.08,66.4181180773568
54712,-8.455637,-3.59043,4.001996,-0.004123,0.005498,-0.007636,31.03,66.4598415737645
54722,-8.457432,-3.589832,4.00379,-0.004887,0.006261,-0.007483,31.03,66.453678027992
54732,-8.456235,-3.591029,3.996014,-0.004429,0.006261,-0.008399,31.01,66.4929974107313
54742,-8.450253,-3.592225,4.0008,-0.004581,0.005956,-0.008094,31.01,66.4563960759138
54752,-8.454441,-3.588636,3.996612,-0.004429,0.004734,-0.00733,31.04,66.4839593249413
54762,-8.453244,-3.581457,3.996014,-0.004123,0.005192,-0.00733,31.04,66.4781814119988
54772,-8.445468,-3.586841,3.99721,-0.004429,0.004734,-0.00733,31.04,66.4603517688299
54782,-8.453843,-3.584448,4.000201,-0.005803,0.004887,-0.00733,31.02,66.4601437182617
54792,-8.44427,-3.586243,3.998407,-0.004887,0.005345,-0.007483,31.02,66.4510132078498
54802,-8.452048,-3.593421,4.004389,-0.004123,0.005498,-0.00733,31.05,66.4424228652962
54812,-8.454441,-3.586841,4.004389,-0.003818,0.005345,-0.007025,31.05,66.4415780904415
54822,-8.460423,-3.586243,4.001996,-0.004581,0.00504,-0.007941,31.05,66.4661673214405
54832,-8.449656,-3.599404,3.993621,-0.004429,0.005192,-0.008399,31.05,66.499216480094
54842,-8.450851,-3.58385,4.002594,-0.004581,0.006109,-0.007789,31.04,66.4407635193814
54852,-8.445468,-3.595216,4.002594,-0.004276,0.005803,-0.007483,31.04,66.4395980394235
54862,-8.443074,-3.591627,3.997808,-0.004276,0.005651,-0.008247,31.04,66.4564563308302
54872,-8.443074,-3.595814,4.000201,-0.003971,0.006109,-0.007789,31.04,66.4476492728675
54882,-8.453244,-3.595216,3.999005,-0.004276,0.005345,-0.007941,31.06,66.474768288681
54892,-8.452048,-3.595216,3.998407,-0.003818,0.005192,-0.007636,31.06,66.4753917008395
54902,-8.453244,-3.589832,3.99063,-0.003818,0.005345,-0.007483,31.01,66.5138964951034
54912,-8.446067,-3.58385,3.994817,-0.004734,0.004887,-0.007483,31.01,66.4715011793438
54922,-8.439486,-3.580261,4.000201,-0.00504,0.004581,-0.008552,31.08,66.4261647315709
54932,-8.453244,-3.599404,4.001398,-0.004581,0.003512,-0.008705,31.08,66.4659660723003
54942,-8.449656,-3.584448,4.007978,-0.003665,0.00336,-0.007636,31.06,66.4105486973051
54952,-8.456833,-3.592225,3.996612,-0.004429,0.001833,-0.007483,31.06,66.4921834079654
54962,-8.455039,-3.59402,3.996612,-0.003971,0.000764,-0.007178,31.06,66.4900183691099
54972,-8.451449,-3.593421,4.004389,-0.004123,0,-0.007789,31.07,66.441162905371
54982,-8.453244,-3.588636,4.001996,-0.004429,-0.000764,-0.007941,31.07,66.4532083264431
54992,-8.450253,-3.580261,4.003192,-0.00504,-0.001069,-0.007789,31.02,66.4331637698083
55002,-8.452645,-3.589234,4.004389,-0.003971,-0.001985,-0.008552,31.02,66.4399361890395
55012,-8.456833,-3.583252,4.00379,-0.004581,-0.00336,-0.008399,31.04,66.4465493705058
55022,-8.449656,-3.606582,4.000201,-0.004276,-0.004276,-0.008399,31.04,66.4711324783905
55032,-8.456235,-3.588636,3.994817,-0.00504,-0.004276,-0.009163,31.05,66.4971424201086
55042,-8.456833,-3.580859,3.999005,-0.005651,-0.003818,-0.007941,31.05,66.469506244634
55052,-8.446664,-3.591627,4.006183,-0.004581,-0.004429,-0.008247,31.05,66.4200801178028
55062,-8.445468,-3.598207,3.99721,-0.004734,-0.004276,-0.008705,31.05,66.4705198123167
55072,-8.446067,-3.596412,4.006782,-0.003971,-0.003971,-0.007636,31.05,66.419969842009
55082,-8.446067,-3.584448,3.998407,-0.004581,-0.003665,-0.007789,31.05,66.4531920961428
55092,-8.440681,-3.597609,4.001996,-0.00504,-0.003665,-0.006872,31.07,66.4348050401911
55102,-8.455637,-3.596412,3.999603,-0.004581,-0.003207,-0.007636,31.07,66.4777271299253
55112,-8.44128,-3.597609,4.001398,-0.00336,-0.002749,-0.007636,31.03,66.4392032286629
55122,-8.447262,-3.58744,4.013362,-0.004123,-0.001985,-0.007941,31.03,66.3799568925094
55132,-8.442476,-3.597011,4.009174,-0.003971,-0.000916,-0.007483,31.04,66.4004028342256
55142,-8.440084,-3.597011,3.995416,-0.00336,0.000458,-0.007178,31.05,66.4675441671872
55152,-8.445468,-3.585046,4.01396,-0.003512,0.000305,-0.00733,31.05,66.3708920404592
55162,-8.449656,-3.581457,4.012764,-0.003818,0.000611,-0.007483,31.02,66.3827863182429
55172,-8.443673,-3.593421,4.0008,-0.004123,0.001985,-0.008094,31.02,66.443623213003
55182,-8.447262,-3.595814,4.010371,-0.004734,0.003054,-0.007789,31,66.4031375914957
55192,-8.450253,-3.589234,4.00738,-0.004734,0.003818,-0.006567,31,66.4192213902973
55202,-8.445468,-3.591627,4.004987,-0.004123,0.00504,-0.007025,31.04,66.4238329322732
55212,-8.437692,-3.585046,4.008576,-0.003971,0.005345,-0.00733,31.04,66.3827102061831
55222,-8.449057,-3.588636,4.004987,-0.004276,0.006567,-0.007483,31.08,66.4287139195576
55232,-8.448458,-3.595814,4.001398,-0.003971,0.007483,-0.006109,31.08,66.4526956475886
55242,-8.442476,-3.594618,4.012764,-0.004123,0.008399,-0.006414,31.05,66.3794343388819
55252,-8.450253,-3.592823,3.996014,-0.004276,0.008399,-0.005803,31.05,66.4820343310573
55262,-8.449057,-3.588037,4.00738,-0.004887,0.009163,-0.005956,31.02,66.4156314299307
55272,-8.446664,-3.58744,4.009174,-0.004734,0.010079,-0.006261,31.02,66.4006486008314
55282,-8.450851,-3.589832,4.00379,-0.004887,0.010232,-0.006414,31.05,66.4398360139942
55292,-8.440681,-3.592225,4.001996,-0.004734,0.010843,-0.006414,31.05,66.4299764784402
55302,-8.456235,-3.583252,3.999603,-0.005192,0.009927,-0.006872,31.02,66.4672442065004
55312,-8.439486,-3.589832,4.009772,-0.005192,0.009927,-0.007025,31.03,66.384517673616
55322,-8.443673,-3.576672,4.005585,-0.004887,0.00901,-0.006261,31.03,66.4035297321596
55332,-8.449057,-3.585046,3.992425,-0.004429,0.008552,-0.005956,31.07,66.4914133275868
55342,-8.458031,-3.59402,3.999005,-0.004887,0.008094,-0.006414,31.07,66.4837532593466
55352,-8.458031,-3.582056,4.007978,-0.005192,0.00733,-0.007178,31.07,66.4260549064509
55362,-8.454441,-3.591627,4.003192,-0.00504,0.007025,-0.00733,31.07,66.4521265179081
55372,-8.466404,-3.604787,3.997808,-0.005651,0.005956,-0.007178,31.04,66.5171817052255
55382,-8.454441,-3.597609,3.993621,-0.005192,0.005345,-0.00733,31.04,66.507653134999
55392,-8.456235,-3.592823,3.993023,-0.00504,0.00504,-0.006872,31.05,66.510284122501
55402,-8.452645,-3.592823,4.006183,-0.004734,0.004734,-0.007941,31.05,66.4337406224773
55412,-8.465807,-3.591029,3.999005,-0.005192,0.003971,-0.007483,31.06,66.4974065536931
55422,-8.462815,-3.59402,3.996612,-0.00504,0.002902,-0.007483,31.06,66.5063343323845
55432,-8.464012,-3.592225,3.996014,-0.004734,0.002902,-0.00733,31.06,66.5103806904727
55442,-8.461619,-3.585046,4.000201,-0.004887,0.002138,-0.007636,31.06,66.4770226772157
55452,-8.459227,-3.591029,3.996612,-0.005498,0.002291,-0.007178,31.07,66.496142586115
55462,-8.448458,-3.588037,3.996014,-0.004734,0.00168,-0.007941,31.07,66.4739866398252
55472,-8.453244,-3.585645,3.996014,-0.004581,0.001374,-0.007025,31.04,66.4819139041149
55482,-8.451449,-3.591029,4.006782,-0.005345,0.000764,-0.007483,31.05,66.4264796819303
55492,-8.453244,-3.592823,3.983452,-0.00504,0.000611,-0.007941,31.05,66.5542397502552
55502,-8.464012,-3.592225,3.989433,-0.005192,0.000764,-0.007178,31.07,66.5448832869637
55512,-8.458031,-3.585645,3.998407,-0.004887,0.000305,-0.007483,31.07,66.4794227940442
55522,-8.469396,-3.580261,3.999603,-0.005498,0,-0.008399,31.06,66.4922360832726
55532,-8.449057,-3.581457,4.00738,-0.004887,-0.000916,-0.008705,31.06,66.4097479780209
55542,-8.459825,-3.591627,3.99721,-0.004276,-0.001527,-0.008247,31.06,66.4947953285535
55552,-8.447861,-3.589832,3.997808,-0.004581,-0.001069,-0.008247,31.06,66.4649213226496
55562,-8.458031,-3.595814,4.001398,-0.004123,-0.00168,-0.008399,31,66.472811607008
55572,-8.447262,-3.591029,4.001398,-0.004276,-0.00168,-0.008247,31,66.4458981425359
55582,-8.447861,-3.588037,3.991228,-0.004581,-0.002291,-0.008858,31.02,66.4978520452794
55592,-8.451449,-3.593421,3.994219,-0.004123,-0.002902,-0.008858,31.02,66.4944977408406
55602,-8.440084,-3.594618,3.993023,-0.004581,-0.003207,-0.008705,31.02,66.4779638667709
55612,-8.458628,-3.584448,4.008576,-0.005192,-0.00336,-0.009316,31.02,66.4263116475017
55622,-8.445468,-3.58744,4.005585,-0.004734,-0.003207,-0.008552,31.07,66.4169476806437
55632,-8.445468,-3.583252,4.001996,-0.004734,-0.002749,-0.008552,31.07,66.432028564438
55642,-8.447861,-3.597609,4.008576,-0.004581,-0.003512,-0.008858,31.08,66.4154158496127
55652,-8.438888,-3.595216,4.006782,-0.00504,-0.00336,-0.009316,31.05,66.4037730683315
55662,-8.446067,-3.593421,3.999603,-0.004581,-0.002749,-0.008705,31.05,66.4549402998729
55672,-8.452048,-3.58744,4.0008,-0.00504,-0.002291,-0.008705,31.04,66.4558964686893
55682,-8.454441,-3.596412,4.005585,-0.004581,-0.002596,-0.008858,31.04,66.4438613331501
55692,-8.449057,-3.589832,4.006183,-0.004581,-0.00168,-0.008552,31.04,66.4235129170735
55702,-8.440681,-3.579065,3.996612,-0.004734,-0.001527,-0.007636,31.04,66.4464600864772
55712,-8.447861,-3.597609,4.006782,-0.00504,-0.000458,-0.008247,31.02,66.424819050959
55722,-8.450253,-3.591627,4.001996,-0.004887,0,-0.008094,31.02,66.4495895072954
55732,-8.430512,-3.589832,4.005585,-0.005803,0.001374,-0.008094,31.05,66.3875457376575
55742,-8.44427,-3.588636,4.010969,-0.005345,0.001069,-0.008705,31.05,66.3872609539482
55752,-8.457432,-3.58744,4.0008,-0.005345,0.001985,-0.007789,31.02,66.4672171073037
55762,-8.448458,-3.585046,4.009772,-0.005956,0.003818,-0.008094,31.02,66.3991531312941
55772,-8.449656,-3.59402,4.012764,-0.004581,0.005345,-0.00672,31.04,66.3940334012252
55782,-8.443074,-3.592823,4.0008,-0.005345,0.005498,-0.007025,31.04,66.4418267392438
55792,-8.443673,-3.595814,4.004389,-0.005345,0.006872,-0.006872,31.07,66.4269414355471
55802,-8.438888,-3.591627,4.004987,-0.005345,0.008247,-0.006567,31.07,66.4099681289092
55812,-8.440681,-3.595814,4.000201,-0.005345,0.009927,-0.006261,31.05,66.4426132369367
55822,-8.442476,-3.591029,4.005585,-0.005192,0.009774,-0.005803,31.03,66.413857395238
55832,-8.459227,-3.58744,4.001996,-0.004429,0.010385,-0.006414,31.03,66.46472038637
55842,-8.448458,-3.589832,4.009772,-0.004429,0.010843,-0.006567,31.05,66.4034368182663
55852,-8.446067,-3.591627,4.001398,-0.004734,0.011148,-0.005956,31.05,66.4439183652611
55862,-8.449057,-3.59402,4.000201,-0.00504,0.011606,-0.004581,31.07,66.4586276764538
55872,-8.44427,-3.591627,4.000201,-0.00504,0.010996,-0.005803,31.07,66.4464160103367
55882,-8.457432,-3.588037,4.003192,-0.005192,0.01069,-0.005956,31.09,66.4552107946367
55892,-8.450253,-3.59043,4.001996,-0.00504,0.010232,-0.006109,31.09,66.4485194358018
55902,-8.448458,-3.582654,4.004389,-0.004734,0.00901,-0.006261,31,66.4252407203432
55912,-8.452645,-3.588636,3.994219,-0.004581,0.009163,-0.005956,31,66.4927397934064
55922,-8.458031,-3.588636,3.997808,-0.004887,0.007941,-0.006261,31.07,66.4852283913242
55932,-8.456235,-3.581457,4.001996,-0.005498,0.00733,-0.00672,31.07,66.4530966287316
55942,-8.453244,-3.59402,3.990032,-0.004734,0.006109,-0.005956,31.06,66.5207686139707
55952,-8.450253,-3.581457,3.994219,-0.004581,0.004887,-0.006109,31.06,66.4813111611413
55962,-8.443673,-3.582056,4.005585,-0.004429,0.003971,-0.00672,31.04,66.4083450153403
55972,-8.456235,-3.582056,3.999005,-0.00504,0.004123,-0.00672,31.04,66.4693147697888
55982,-8.450851,-3.595216,3.998407,-0.004429,0.003818,-0.006567,31.06,66.4728768488913
55992,-8.441879,-3.594618,3.99721,-0.004734,0.001985,-0.006567,31.02,66.4597588883295
56002,-8.460423,-3.591627,3.994219,-0.004581,0.001985,-0.007636,31.02,66.511731804701
56012,-8.459825,-3.595216,3.995416,-0.004429,0.001985,-0.006872,31.05,66.5073988641402
56022,-8.464012,-3.595814,3.999603,-0.004734,0.00168,-0.007025,31.05,66.4947688939699
56032,-8.450253,-3.59043,4.0008,-0.004734,0.000764,-0.007025,31.05,66.4547916633509
56042,-8.451449,-3.582654,3.998407,-0.004887,0,-0.007178,31.05,66.4629176724072
56052,-8.458031,-3.588037,3.996612,-0.005498,0.000764,-0.00733,31.05,66.4909660696015
56062,-8.449057,-3.593421,3.997808,-0.005192,0.000458,-0.007941,31.05,66.4706439794808
56072,-8.452645,-3.589234,3.99721,-0.004887,-0.000305,-0.007941,31.07,66.4775822434189
56082,-8.457432,-3.589234,4.004987,-0.005192,0,-0.008247,31.07,66.4468713185628
56092,-8.46102,-3.59043,4.0008,-0.004734,-0.000916,-0.007178,31.03,66.4774200698362
56102,-8.455039,-3.59043,4.00738,-0.005192,-0.001374,-0.007941,31.03,66.4303655900374
56112,-8.454441,-3.592225,4.005585,-0.004581,0.000305,-0.00733,31.07,66.440118223455
56122,-8.440681,-3.594618,3.996014,-0.004734,-0.000458,-0.007025,31.07,66.4635163871753
56132,-8.455039,-3.589832,3.988835,-0.004581,-0.000458,-0.007941,31.07,66.527082932119
56142,-8.453244,-3.588037,3.99721,-0.004887,-0.000458,-0.007941,31.07,66.4777731195151
56152,-8.446067,-3.589234,3.999603,-0.004734,-0.000764,-0.007178,31.03,66.4511944129985
56166,-8.455637,-3.591029,4.003192,-0.00504,-0.000153,-0.008247,31.04,66.4541070392613
56172,-8.447861,-3.592225,3.989433,-0.00504,0,-0.008399,31.04,66.5110138834216
56182,-8.452048,-3.598207,4.004389,-0.005192,0.000458,-0.008399,31.07,66.4467044011313
56192,-8.455039,-3.581457,4.00379,-0.004581,-0.000305,-0.008552,31.07,66.4411733880335
56202,-8.443673,-3.59043,4.002594,-0.004887,0.000611,-0.008552,31.06,66.431532450881
56212,-8.452645,-3.586243,3.998407,-0.003818,0.000458,-0.008399,31.06,66.4686347391403
56222,-8.451449,-3.591627,3.996014,-0.004887,0.000458,-0.008094,31.04,66.4834790148652
56232,-8.455039,-3.585046,4.000201,-0.004734,0.000458,-0.007636,31.04,66.4631923825166
56242,-8.452645,-3.586841,4.006183,-0.004734,0.001527,-0.007941,31.08,66.4283936307832
56252,-8.449057,-3.582056,4.000201,-0.004429,0.001833,-0.007178,31.08,66.4479374159669
56262,-8.446664,-3.589832,4.001996,-0.005192,0.001833,-0.007941,31.04,66.44043192546
56272,-8.449057,-3.589234,4.00379,-0.004581,0.002749,-0.007636,31.04,66.4355254714351
56282,-8.44128,-3.583252,4.003192,-0.005345,0.002291,-0.008094,31.05,66.4169248263133
56292,-8.447262,-3.595814,4.001996,-0.005345,0.002596,-0.007941,31.05,66.4470442428259
56302,-8.453843,-3.589832,4.004389,-0.005192,0.00336,-0.007483,31.03,66.4429909060931
56312,-8.456833,-3.599404,4.006782,-0.005192,0.003665,-0.007483,31.03,66.4452931508215
56322,-8.448458,-3.588636,4.010969,-0.005192,0.003818,-0.008094,31.04,66.3960919584393
56332,-8.449656,-3.588636,3.992425,-0.004887,0.004887,-0.008247,31.04,66.4958747754881
56342,-8.443673,-3.582654,4.009772,-0.005192,0.004887,-0.007483,31.07,66.3869182878196
56352,-8.446067,-3.59402,3.999603,-0.004734,0.004581,-0.008858,31.02,66.455476403832
56362,-8.449057,-3.585645,4.007978,-0.004581,0.00504,-0.007025,31.02,66.4103566730625
56372,-8.452645,-3.592823,4.00738,-0.005345,0.005651,-0.007636,31.08,66.4274673053401
56382,-8.456235,-3.591029,3.997808,-0.005192,0.005651,-0.008094,31.08,66.4835897101676
56392,-8.452048,-3.582654,3.99721,-0.005192,0.005498,-0.00672,31.05,66.4704578126413
56402,-8.454441,-3.586841,4.001996,-0.005956,0.005192,-0.008094,31.05,66.454123712493
56412,-8.455039,-3.591627,3.996014,-0.005498,0.00504,-0.007636,31.03,66.4910194496596
56422,-8.456833,-3.576672,3.996014,-0.004887,0.00504,-0.007636,31.03,66.4814691693809
56432,-8.462815,-3.59043,4.003192,-0.005192,0.004734,-0.007178,31.03,66.4686558504888
56442,-8.450253,-3.586841,3.99063,-0.005803,0.004734,-0.008552,31.03,66.5049497939146
56452,-8.446067,-3.594618,3.99063,-0.00504,0.004581,-0.007483,31,66.5031004164017
56462,-8.44427,-3.592225,4.003192,-0.005192,0.004887,-0.00672,31,66.4312603473955
56472,-8.455039,-3.589234,4.001996,-0.005498,0.003665,-0.006872,31,66.4575168846612
56482,-8.445468,-3.59043,4.002594,-0.004887,0.003665,-0.007483,31,66.4353123388041
56492,-8.445468,-3.592823,3.991827,-0.005345,0.00336,-0.006872,31.01,66.4939539440611
56502,-8.442476,-3.586243,3.999005,-0.00504,0.003207,-0.007483,31.01,66.4440967935133
56512,-8.44427,-3.592225,3.995416,-0.004734,0.001069,-0.007178,31.02,66.4720616633131
56522,-8.454441,-3.592225,3.985844,-0.005192,0.001069,-0.00672,31.05,66.5436585843375
56532,-8.44128,-3.593421,3.99721,-0.004887,0.000611,-0.007636,31.05,66.457426405921
56542,-8.455039,-3.580859,4.00738,-0.004581,0,-0.007941,31.06,66.4218202426309
56552,-8.447262,-3.588037,3.99721,-0.004734,0.000611,-0.006567,31.06,66.4651951550943
56562,-8.455039,-3.589234,3.999005,-0.004123,0.000764,-0.006567,31.05,66.4731992410413
56572,-8.445468,-3.59043,3.994817,-0.004276,-0.000458,-0.006261,31.05,66.4761196402452
56582,-8.446664,-3.586243,3.991228,-0.004734,-0.001069,-0.006872,31.04,66.4937352801612
56592,-8.451449,-3.593421,3.995416,-0.004276,-0.001222,-0.006872,31.04,66.4882180329553
56602,-8.455637,-3.585046,3.996014,-0.004581,-0.001069,-0.006261,31.08,66.486409022168
56612,-8.444869,-3.585046,4.003192,-0.003665,-0.000458,-0.005956,31.08,66.4260957646955
56622,-8.444869,-3.582654,4.006183,-0.004123,-0.000611,-0.006414,31.05,66.4082654170527
56632,-8.451449,-3.580261,3.994219,-0.004276,-0.000305,-0.005498,31.05,66.4827606600036
56642,-8.443673,-3.595814,4.010969,-0.005803,-0.000764,-0.006414,31.03,66.3924409082787
56652,-8.436494,-3.601198,4.003192,-0.005345,-0.000305,-0.006872,31.03,66.4229374948855
56662,-8.442476,-3.58385,4.004987,-0.00504,0.000153,-0.006567,31.06,66.4105634950273
56672,-8.455637,-3.595216,3.996612,-0.004429,0.000764,-0.006567,31.06,66.492341079686
56682,-8.446664,-3.591627,3.999603,-0.00504,0.001527,-0.006109,31.04,66.4545909924926
56692,-8.44427,-3.586243,4.006782,-0.004581,0.000916,-0.007025,31.05,66.407072811061
56702,-8.441879,-3.579663,4.006183,-0.004887,0.002596,-0.005956,31.05,66.3992811282377
56712,-8.453843,-3.588636,3.99721,-0.004429,0.003207,-0.006567,31.05,66.4795662684766
56722,-8.435897,-3.591627,4.006782,-0.00504,0.003818,-0.006414,31.05,66.3942421145359
56732,-8.442476,-3.59043,4.009772,-0.004734,0.003971,-0.006414,31.05,66.3913618197004
56742,-8.452048,-3.580261,4.00379,-0.004887,0.003818,-0.007483,31.05,66.4338085561911
56752,-8.455637,-3.596412,4.001398,-0.005498,0.004429,-0.00733,31.02,66.4683179615903
56762,-8.458031,-3.59043,3.994817,-0.00504,0.004581,-0.00672,31.02,66.5025111160172
56772,-8.452048,-3.591029,3.999005,-0.004429,0.005651,-0.006872,31.01,66.4685151417348
56782,-8.450851,-3.591029,3.996612,-0.00504,0.005803,-0.006567,31.01,66.4785513922778
56792,-8.446067,-3.592823,3.997808,-0.004887,0.005803,-0.005803,31.02,66.4638227881324
56802,-8.449656,-3.585046,4.000201,-0.005192,0.005651,-0.007025,31.02,66.4518678346038
56812,-8.446067,-3.586841,3.999603,-0.005498,0.006109,-0.007941,30.99,66.4490546797776
56822,-8.455039,-3.586243,3.996612,-0.005498,0.006567,-0.00733,30.99,66.4830823568652
56832,-8.440681,-3.581457,3.993023,-0.004887,0.006109,-0.007941,31.04,66.4674472314634
56842,-8.450851,-3.57727,3.999603,-0.005498,0.006872,-0.00733,31.04,66.4505832682035
56852,-8.459825,-3.576672,4.004389,-0.004887,0.007025,-0.007025,31.05,66.4438451666986
56862,-8.453843,-3.595216,3.996612,-0.004887,0.005803,-0.007941,31.03,66.4885749699541
56872,-8.444869,-3.586243,4.00379,-0.004887,0.006261,-0.007636,31.03,66.4240295323532
56882,-8.456235,-3.589832,3.995416,-0.004581,0.006109,-0.006567,31.01,66.4950665586743
56892,-8.451449,-3.598207,3.999603,-0.005345,0.005192,-0.007178,31.01,66.470535621166
56902,-8.454441,-3.594618,3.997808,-0.004887,0.00504,-0.006872,31.01,66.4830248478161
56912,-8.444869,-3.581457,3.997808,-0.00504,0.004429,-0.007483,31.01,66.4511414124801
56922,-8.454441,-3.591627,3.999005,-0.004734,0.003818,-0.00733,31.04,66.4740780464896
56932,-8.453843,-3.58744,4.00379,-0.005345,0.00336,-0.007789,31.04,66.4439947704624
56942,-8.443673,-3.592823,3.996014,-0.005345,0.003207,-0.006872,31.04,66.4682025270559
56952,-8.443074,-3.588636,4.0008,-0.005651,0.002291,-0.007483,31.04,66.4380774416904
56962,-8.445468,-3.59402,4.000201,-0.005345,0.001833,-0.008399,31.04,66.4510792373347
56972,-8.468798,-3.585046,3.993023,-0.004734,0.001222,-0.008705,31.04,66.5297127915663
56982,-8.455637,-3.579663,4.001398,-0.005192,0.000916,-0.008705,31.02,66.4533755385371
56992,-8.451449,-3.581457,3.998407,-0.005651,0.000611,-0.007636,31.02,66.4618501772719
57002,-8.459227,-3.597609,3.99721,-0.00504,0.000153,-0.007789,31.05,66.4988738137503
57012,-8.462217,-3.599404,3.99721,-0.004887,0.000916,-0.00733,31.05,66.5067441188443
57022,-8.449656,-3.59043,3.993023,-0.005803,0.000305,-0.008552,31.01,66.4943373798374
57032,-8.446664,-3.586243,3.994817,-0.005345,0.000153,-0.009316,31.06,66.4748938689711
57042,-8.447861,-3.592225,4.010371,-0.005956,-0.000153,-0.008094,31.06,66.4011826442637
57052,-8.453843,-3.58744,4.002594,-0.005498,-0.000153,-0.007178,31.06,66.4502651075276
57062,-8.445468,-3.596412,4.001996,-0.005345,0.000458,-0.007941,31.06,66.4438059105945
57072,-8.456833,-3.582654,4.005585,-0.006261,-0.000153,-0.007941,31.02,66.4366072642344
57082,-8.456833,-3.591029,3.999603,-0.005956,-0.000764,-0.009163,31.02,66.4754343825903
57092,-8.449656,-3.586841,4.013362,-0.005803,0.000153,-0.009621,31.05,66.3844698732689
57102,-8.450253,-3.595216,4.005585,-0.005651,0.000305,-0.008094,31.05,66.4339834719614
57112,-8.44427,-3.584448,4.001996,-0.004887,0.000153,-0.008552,31.06,66.4305737666643
57122,-8.438888,-3.591029,3.99721,-0.005956,0.000153,-0.008552,31.06,66.4502487286354
57132,-8.455637,-3.585645,3.994219,-0.004887,0.000153,-0.008705,31.05,66.4963588308495
57142,-8.444869,-3.589234,3.998407,-0.00504,0.000305,-0.007789,31.05,66.454948908006
57152,-8.44427,-3.585046,4.006183,-0.005651,-0.000305,-0.008094,31.05,66.4091429499834
57162,-8.450851,-3.584448,4.006782,-0.006567,-0.000153,-0.008858,31.05,66.419337044384
57172,-8.445468,-3.594618,4.005585,-0.005345,-0.000153,-0.008247,31.07,66.4233767091492
57182,-8.452645,-3.588037,3.996612,-0.005498,0.000153,-0.007941,31.07,66.4796510924685
57192,-8.445468,-3.584448,4.007978,-0.005345,0.000458,-0.007636,31.08,66.4017195389426
57202,-8.446067,-3.576073,4.006183,-0.005651,-0.000458,-0.008399,31.05,66.4049089390446
57212,-8.446067,-3.594618,3.995416,-0.005651,-0.000458,-0.008552,31.05,66.4779801244825
57222,-8.456833,-3.597011,4.005585,-0.005498,0.000305,-0.007636,31.08,66.4494244876804
57232,-8.440084,-3.581457,4.002594,-0.005345,0.000916,-0.00672,31.08,66.4159341552862
57242,-8.453244,-3.58385,4.001398,-0.005651,0.000916,-0.007025,31.05,66.4520726279244
57252,-8.449057,-3.598207,4.012166,-0.005651,0.000458,-0.005803,31.05,66.3996583717338
57262,-8.447861,-3.58744,4.008576,-0.005192,0.000916,-0.006414,31.04,66.4063069094939
57272,-8.445468,-3.585645,4.00379,-0.004887,0.001069,-0.007636,31.04,66.424756652851
57282,-8.448458,-3.57727,4.014558,-0.005192,0.001833,-0.00672,31.09,66.3671100345336
57292,-8.446067,-3.583252,4.004987,-0.005192,0.003207,-0.005651,31.09,66.4175996747346
57302,-8.449656,-3.593421,4.006183,-0.004734,0.003512,-0.005498,31.06,66.4279857714619
57312,-8.44427,-3.59402,4.00738,-0.005803,0.003665,-0.005956,31.06,66.4109053256
57322,-8.452645,-3.592823,4.009772,-0.005498,0.004581,-0.005498,31.05,66.414932948342
57332,-8.440681,-3.597609,4.00379,-0.006261,0.004734,-0.005651,31.05,66.4253936384983
57342,-8.450851,-3.588636,4.001996,-0.005956,0.00504,-0.005956,31.07,66.4481743218896
57352,-8.448458,-3.588636,4.00738,-0.006261,0.005345,-0.005345,31.07,66.4149054816447
57362,-8.448458,-3.597011,3.996612,-0.005651,0.005956,-0.006109,31.07,66.4788695414443
57372,-8.439486,-3.588636,3.993621,-0.006109,0.007178,-0.005192,31.07,66.4682102353077
57382,-8.462217,-3.588037,4.004389,-0.006261,0.00733,-0.006414,31.02,66.4589960778908
57392,-8.443673,-3.586841,3.990032,-0.006567,0.007789,-0.00672,31.03,66.4942618677358
57402,-8.446067,-3.591029,3.996014,-0.006261,0.007789,-0.006567,31.03,66.4716323604923
57412,-8.442476,-3.592823,4.000201,-0.005498,0.008705,-0.005956,31.05,66.4437108998268
57422,-8.450851,-3.593421,3.993023,-0.005803,0.00901,-0.005498,31.05,66.4995172644325
57432,-8.461619,-3.591627,4.0008,-0.005803,0.008247,-0.006109,31.02,66.4797444716562
57442,-8.441879,-3.598805,4.001996,-0.005498,0.00901,-0.005192,31.02,66.4383995398186
57452,-8.461619,-3.585046,3.993621,-0.006109,0.008552,-0.005498,31.05,66.5115213590239
57462,-8.462217,-3.586243,4.002594,-0.006109,0.007636,-0.006414,31.05,66.4668033046976
57472,-8.445468,-3.588037,3.997808,-0.005803,0.008247,-0.005803,31.07,66.4582824896669
57482,-8.451449,-3.588636,3.994817,-0.004887,0.00733,-0.005345,31.07,66.4870894330388
57492,-8.450253,-3.604189,3.99721,-0.004887,0.007025,-0.005651,31.07,66.4859250751008
57502,-8.446067,-3.582056,3.994817,-0.004734,0.00672,-0.005345,31.07,66.4698996993426
57512,-8.447262,-3.588037,3.996612,-0.004734,0.005956,-0.006261,31.05,66.4683332502241
57522,-8.44427,-3.586841,4.000201,-0.004581,0.005345,-0.005956,31.05,66.4421331978595
57532,-8.44128,-3.586243,3.994219,-0.004734,0.004429,-0.005651,31.06,66.4667050138895
57542,-8.454441,-3.588037,3.987041,-0.004887,0.003054,-0.006414,31.06,66.5336461432505
57552,-8.452048,-3.59043,3.991228,-0.00504,0.002138,-0.007025,31.04,66.5087808565433
57562,-8.446067,-3.589832,4.002594,-0.005651,0.001985,-0.006414,31.02,66.4360383122485
57572,-8.453843,-3.595216,3.999005,-0.004887,0.000458,-0.007636,31.02,66.4760264972688
57582,-8.465807,-3.582654,3.993023,-0.005345,-0.000458,-0.007483,31.03,66.5213186068211
57592,-8.450253,-3.585645,3.991827,-0.00504,0,-0.006872,31.03,66.4976000904374
57602,-8.449057,-3.580859,3.989433,-0.005498,-0.000764,-0.007789,31.04,66.5033899835148
57612,-8.453843,-3.589832,3.995416,-0.004887,-0.000764,-0.007636,31.04,66.4900432426983
57622,-8.453843,-3.58385,3.99721,-0.005498,-0.000305,-0.00733,31.03,66.4752987405722
57632,-8.451449,-3.588037,3.993621,-0.005498,-0.000458,-0.006872,31.03,66.4928307550471
57642,-8.448458,-3.588037,3.997808,-0.005803,-0.000153,-0.007636,31.04,66.4645731235571
57652,-8.458031,-3.583252,3.995416,-0.005192,0.000153,-0.00733,31.04,66.49297798093
57662,-8.453244,-3.585046,4.0008,-0.005956,-0.000611,-0.00733,31.05,66.4562757185461
57672,-8.451449,-3.591627,3.999603,-0.006261,0.000458,-0.007483,31.05,66.4646538901717
57682,-8.458031,-3.585645,4.002594,-0.005803,0.000611,-0.007789,31.06,66.4574717944586
57692,-8.441879,-3.589234,4.000201,-0.006109,0.000764,-0.007483,31.06,66.4392394734809
57702,-8.459227,-3.592823,3.99721,-0.005956,0.001985,-0.007483,31.03,66.4946061631167
57712,-8.451449,-3.59043,3.99063,-0.006567,0.001374,-0.007636,31.03,66.5106617653643
57722,-8.444869,-3.589832,4.001996,-0.006109,0.001222,-0.007483,31.04,66.436652843298
57732,-8.460423,-3.584448,4.002594,-0.005956,0.001069,-0.007941,31.05,66.4614342801985
57742,-8.465208,-3.589234,4.001398,-0.005651,0.000458,-0.008247,31.05,66.4820143022074
57752,-8.456235,-3.582654,4.004389,-0.005651,0.001069,-0.008399,31.06,66.4416177967858
57762,-8.446664,-3.593421,3.991228,-0.006261,0.000611,-0.007178,31.06,66.5001452866349
57772,-8.443074,-3.603591,3.999603,-0.005803,0.000916,-0.007636,31.04,66.4577596279469
57782,-8.457432,-3.582056,4.004389,-0.005803,0.000305,-0.008094,31.04,66.4436037660203
57792,-8.455039,-3.579663,4.00738,-0.005956,-0.000305,-0.007636,31.06,66.4207533581282
57802,-8.451449,-3.592225,4.009772,-0.005956,-0.000305,-0.008858,31.06,66.4118796221128
57812,-8.450851,-3.589832,3.995416,-0.005498,-0.000305,-0.007483,31.04,66.4837573519192
57822,-8.455039,-3.588037,3.999603,-0.004887,-0.001069,-0.007941,31.04,66.468995678627
57832,-8.459825,-3.589832,3.996612,-0.005803,-0.000611,-0.007636,31.03,66.4963314126374
57842,-8.444869,-3.589832,4.007978,-0.006414,-0.000305,-0.007789,31.03,66.4052781404362
57852,-8.46102,-3.58744,3.998407,-0.005498,-0.001069,-0.008552,31.05,66.4872996663624
57862,-8.441879,-3.583252,4.001996,-0.004581,-0.000764,-0.007789,31.05,66.424464443443
57872,-8.440681,-3.58385,4.0008,-0.005956,-0.000764,-0.007941,31.09,66.4287514785086
57882,-8.456235,-3.586841,4.004987,-0.005345,-0.000611,-0.008094,31.09,66.4422181190866
57892,-8.449057,-3.585046,4.004389,-0.006109,-0.001222,-0.008552,30.99,66.4286401819621
57902,-8.438888,-3.592225,4.00379,-0.005803,0.000305,-0.00901,31.02,66.4167852180055
57912,-8.452645,-3.598805,4.004389,-0.005345,0.000458,-0.007941,31.02,66.4484944733907
57922,-8.451449,-3.595216,3.996014,-0.005803,0.000305,-0.008247,31.03,66.4866844028423
57932,-8.442476,-3.588037,4.003192,-0.005192,0.001222,-0.007789,31.03,66.4237303236579
57942,-8.453244,-3.588037,4.008576,-0.004734,0.001527,-0.007636,31.06,66.4181811220144
57952,-8.444869,-3.591627,4.010371,-0.005651,0.001985,-0.007178,31.06,66.3943406009115
57962,-8.444869,-3.595814,4.0008,-0.004581,0.001985,-0.007178,31.02,66.4482833906818
57972,-8.441879,-3.592225,4.012764,-0.004276,0.002291,-0.006872,31.02,66.376026333004
57982,-8.442476,-3.595216,4.004987,-0.004276,0.003665,-0.00733,31.02,66.4207481871821
57992,-8.440084,-3.59043,3.999603,-0.004887,0.004581,-0.006567,31.02,66.4396687983712
58002,-8.451449,-3.592225,4.003192,-0.004429,0.004887,-0.006261,31.08,66.4463687563259
58012,-8.435897,-3.59043,3.996014,-0.005192,0.00504,-0.006567,31.08,66.4496934074191
58022,-8.46102,-3.58385,4.010371,-0.005498,0.005651,-0.006872,31.01,66.4214102465387
58032,-8.457432,-3.58744,4.000201,-0.005192,0.005651,-0.00733,31.01,66.4703574233412
58042,-8.449057,-3.588636,3.989433,-0.005498,0.006261,-0.006414,31.02,66.5103225010198
58052,-8.447262,-3.594618,3.996612,-0.00504,0.006872,-0.006872,31.02,66.4742160325471
58062,-8.450253,-3.589832,4.007978,-0.005651,0.007483,-0.005498,31.03,66.4166217406441
58072,-8.448458,-3.594618,4.0008,-0.005498,0.007789,-0.005956,31.05,66.4547615197281
58082,-8.452048,-3.583252,4.000201,-0.006109,0.007789,-0.005651,31.05,66.4553004755205
58092,-8.445468,-3.592823,4.003192,-0.005803,0.007178,-0.006567,31.07,66.4343182228739
58102,-8.446664,-3.588037,4.006183,-0.006109,0.007025,-0.006109,31.07,66.4168660466066
58112,-8.458628,-3.584448,3.998407,-0.006414,0.00733,-0.004887,31.02,66.4796111770871
58122,-8.436494,-3.589234,4.002594,-0.005651,0.007636,-0.004581,31.02,66.4153317615588
58132,-8.455637,-3.586243,4.004987,-0.005651,0.008094,-0.00504,31.02,66.4404262891431
58142,-8.455039,-3.583252,3.996014,-0.005956,0.00733,-0.005956,31.02,66.483554173998
58152,-8.454441,-3.592823,3.991827,-0.006414,0.007025,-0.005345,31.04,66.512794112492
58162,-8.443074,-3.589832,4.006782,-0.005651,0.006261,-0.004887,31.04,66.4077666074823
58172,-8.456833,-3.584448,3.996612,-0.005498,0.005803,-0.005192,31.04,66.4852527860312
58182,-8.451449,-3.591627,3.997808,-0.006261,0.004734,-0.006109,31.04,66.474068401951
58192,-8.440681,-3.582056,3.997808,-0.005651,0.003818,-0.005498,31.05,66.4428537949676
58202,-8.456833,-3.579663,4.004987,-0.005803,0.004123,-0.005956,31.05,66.4370755739387
58212,-8.457432,-3.589234,3.99721,-0.005498,0.003054,-0.006414,31.02,66.4876389393839
58222,-8.452645,-3.596412,4.008576,-0.005651,0.001985,-0.005803,31.02,66.4244116707321
58232,-8.453244,-3.586243,4.001398,-0.005651,0.002138,-0.006567,31.04,66.4542078370014
58242,-8.465208,-3.589234,3.993023,-0.005803,-0.000153,-0.006872,31.07,66.5259069662798
58252,-8.458031,-3.588037,4.001398,-0.005192,-0.001222,-0.006872,31.07,66.4658734672522
58262,-8.449656,-3.582654,3.99721,-0.005345,-0.002291,-0.007178,31.07,66.4654256734228
58272,-8.448458,-3.589234,3.999603,-0.00504,-0.001833,-0.006872,31.07,66.4562254393811
58282,-8.444869,-3.579663,4.002594,-0.005498,-0.001985,-0.007636,31.01,66.4244203723184
58292,-8.447861,-3.584448,3.999005,-0.005803,-0.002749,-0.006567,31.01,66.4538305641301
58302,-8.455039,-3.594618,4.012764,-0.005192,-0.003207,-0.007941,31.04,66.4059056826875
58312,-8.458031,-3.598207,4.000201,-0.005651,-0.003512,-0.007636,31.04,66.4812212955905
58322,-8.448458,-3.582056,4.004987,-0.005192,-0.003512,-0.00733,31.02,66.421569985133
58332,-8.459825,-3.586243,3.989433,-0.005956,-0.003665,-0.007483,31.02,66.5307899095651
58342,-8.452645,-3.591029,4.005585,-0.004734,-0.003971,-0.00733,31.02,66.4352709346071
58352,-8.444869,-3.582056,3.995416,-0.005651,-0.003818,-0.007483,31.02,66.4642333816588
58362,-8.452048,-3.59402,3.993621,-0.00504,-0.003207,-0.007941,31.01,66.4994275441333
58372,-8.452048,-3.589234,3.999603,-0.004581,-0.003207,-0.007941,31.01,66.4637759458748
58382,-8.453843,-3.58385,3.990032,-0.005651,-0.003207,-0.008705,31.01,66.5129638891741
58392,-8.450851,-3.585046,4.005585,-0.005192,-0.001374,-0.007483,31.01,66.4261472260575
58402,-8.447262,-3.585046,4.000201,-0.004429,-0.001069,-0.00733,31.02,66.4468284812704
58412,-8.442476,-3.57727,4.016353,-0.00504,0.000153,-0.008552,31.02,66.3450588080854
58422,-8.440084,-3.588636,4.00379,-0.005192,0.000458,-0.007025,31.02,66.4160877873968
58432,-8.448458,-3.588037,4.005585,-0.00504,0.001069,-0.007789,31.04,66.4237810577107
58442,-8.443673,-3.584448,4.012166,-0.005651,0.00168,-0.007178,31.04,66.3759718858802
58452,-8.441879,-3.586841,4.000201,-0.005345,0.002902,-0.007025,31,66.4370971112553
58462,-8.430512,-3.591029,3.998407,-0.005956,0.004123,-0.007483,31,66.4263141944078
58472,-8.449057,-3.583252,4.009772,-0.006567,0.004887,-0.007941,31.05,66.3988114336554
58482,-8.446067,-3.579663,3.992425,-0.005803,0.005498,-0.007941,31.05,66.4803239891
58492,-8.438888,-3.589234,3.999603,-0.005956,0.006567,-0.006261,31.03,66.4360778296206
58502,-8.446664,-3.588037,4.002594,-0.005803,0.006414,-0.006261,31.03,66.4356893943541
58512,-8.446067,-3.588037,3.996014,-0.006414,0.006109,-0.007025,31.05,66.4689580009989
58522,-8.449057,-3.597011,4.006183,-0.00672,0.006414,-0.007025,31.05,66.4299398191687
58532,-8.447861,-3.584448,3.991228,-0.006872,0.005956,-0.007483,31.02,66.4946499641821
58542,-8.452048,-3.589234,3.994817,-0.007025,0.006261,-0.00733,31.02,66.4888815224412
58552,-8.452048,-3.589234,4.00379,-0.007178,0.00504,-0.007636,31.05,66.4418203564238
58562,-8.458628,-3.588636,3.999603,-0.006567,0.004734,-0.007483,31.05,66.4770714678638
58572,-8.440681,-3.582056,4.006183,-0.006872,0.005498,-0.007025,31.01,66.3988951958853
58582,-8.46102,-3.585046,3.999005,-0.00672,0.004887,-0.007025,31.01,66.4820337182732
58592,-8.44427,-3.597011,3.994219,-0.006414,0.004581,-0.007636,31.07,66.4826269004234
58602,-8.443074,-3.600002,4.001996,-0.007025,0.003665,-0.007483,31.03,66.4419876903547
58612,-8.450851,-3.593421,4.000201,-0.005803,0.003512,-0.006109,31.03,66.4618638482174
58622,-8.452645,-3.58385,3.998407,-0.006567,0.00336,-0.00733,31.04,66.4665002734148
58632,-8.455637,-3.576672,3.997808,-0.007025,0.00336,-0.007178,31.04,66.4695419419754
58642,-8.447262,-3.572484,4.001398,-0.006414,0.001833,-0.007636,31,66.4293333200883
58652,-8.446067,-3.59043,3.995416,-0.005498,0.001985,-0.008094,31,66.4742352797629
58662,-8.455637,-3.582654,3.999005,-0.005498,0.001222,-0.007789,31.05,66.4685900096755
58672,-8.448458,-3.595216,4.002594,-0.005651,0.000916,-0.007941,31.05,66.445888636058
58682,-8.444869,-3.600002,4.003192,-0.005803,0.001069,-0.007483,31.04,66.4394912076388
58692,-8.451449,-3.59043,4.000201,-0.005803,-0.000153,-0.007789,31.04,66.4604483660924
58702,-8.450253,-3.588636,4.002594,-0.005956,-0.000305,-0.007025,31.02,66.4437800112662
58712,-8.452048,-3.591029,4.007978,-0.005803,0,-0.007178,31.02,66.4214721407185
58722,-8.452048,-3.580261,3.995416,-0.005498,-0.000458,-0.007025,31.06,66.477738481349
58732,-8.447861,-3.595814,3.994817,-0.005498,-0.000153,-0.006567,31.06,66.4859624836084
58742,-8.462815,-3.598207,3.992425,-0.005803,-0.000458,-0.007025,31.05,66.5320107163273
58752,-8.443074,-3.59043,3.993023,-0.005956,-0.001222,-0.00733,31.05,66.4805034020573
58762,-8.443673,-3.581457,4.006782,-0.005192,-0.00168,-0.007789,31.03,66.4015295543797
58772,-8.453843,-3.583252,4.0008,-0.006109,-0.001069,-0.007025,31.04,66.4559356931799
58782,-8.453843,-3.589832,4.006782,-0.005803,-0.001222,-0.007941,31.04,66.430448253494
58792,-8.443074,-3.586243,4.003192,-0.005498,0.000153,-0.00672,31.02,66.4233842333926
58802,-8.449656,-3.584448,4.0008,-0.00504,0,-0.006261,31.02,66.4481916198363
58812,-8.439486,-3.586243,4.008576,-0.005651,-0.000611,-0.00672,31.08,66.3875709795254
58822,-8.449057,-3.588037,4.0008,-0.005498,0.000458,-0.006567,31.08,66.4501369644801
58832,-8.448458,-3.588037,3.998407,-0.005803,0.000611,-0.006414,31.07,66.4614303375394
58842,-8.449057,-3.591627,4.000201,-0.005345,0.000916,-0.005651,31.07,66.4564877628111
58852,-8.437093,-3.592823,4.002594,-0.005956,0.000916,-0.006109,31.02,66.4198149009805
58862,-8.456833,-3.595216,4.001996,-0.005803,0.001374,-0.005956,31.02,66.4666276266396
58872,-8.44427,-3.588037,4.009174,-0.005651,0.002291,-0.005192,31.06,66.3961355862127
58882,-8.439486,-3.581457,4.009174,-0.006414,0.001985,-0.005803,31.06,66.3801429978689
58892,-8.446067,-3.585645,4.002594,-0.005956,0.002749,-0.006261,31.04,66.4322927290516
58902,-8.450851,-3.59402,3.999603,-0.006109,0.002291,-0.005345,31.04,66.4655353513292
58912,-8.449656,-3.593421,4.004987,-0.00672,0.002291,-0.004581,31.06,66.434255615106
58922,-8.454441,-3.591029,4.004389,-0.007025,0.002596,-0.005345,31.06,66.4453180233418
58932,-8.456235,-3.588037,4.006183,-0.006261,0.002902,-0.005956,31.01,66.4370174828638
58942,-8.452645,-3.593421,4.00738,-0.006109,0.003512,-0.005192,30.99,66.4280022235197
58952,-8.455039,-3.573681,4.0008,-0.005956,0.004276,-0.005651,30.99,66.44992609458
58962,-8.446067,-3.581457,3.999005,-0.006109,0.003818,-0.006261,31.05,66.4473819362031
58972,-8.455039,-3.588636,4.004987,-0.006567,0.003818,-0.006109,31.05,66.4413042782457
58982,-8.44128,-3.591029,4.001398,-0.00733,0.004581,-0.006109,31.04,66.4333041795048
58992,-8.454441,-3.59043,3.99721,-0.006414,0.004581,-0.006414,31.04,66.4824230866772
59002,-8.44128,-3.58744,3.99721,-0.006414,0.005498,-0.005498,31.01,66.4520716024068
59012,-8.453244,-3.58385,3.986442,-0.006567,0.005498,-0.004581,31.01,66.5305526478296
59022,-8.445468,-3.591029,4.004389,-0.006414,0.006109,-0.006414,31.07,66.426433616481
59032,-8.436494,-3.580859,4.003192,-0.006567,0.006109,-0.005651,31.07,66.4046841588937
59042,-8.451449,-3.583252,4.0008,-0.006872,0.006567,-0.006261,31.04,66.4508979710899
59052,-8.449656,-3.58385,4.003192,-0.006414,0.007025,-0.005498,31.04,66.4351108998795
59062,-8.442476,-3.581457,3.994817,-0.00672,0.00672,-0.00672,31.01,66.4618051248283
59072,-8.438289,-3.585046,3.994219,-0.006567,0.006872,-0.005498,31.01,66.459336882735
59082,-8.432905,-3.59402,4.006782,-0.006109,0.006109,-0.005803,31.05,66.3900799639575
59092,-8.462815,-3.591627,4.004389,-0.006414,0.006567,-0.005803,31.05,66.46345185368
59102,-8.452048,-3.580261,3.997808,-0.005803,0.005651,-0.006414,31.02,66.4651870772999
59112,-8.456833,-3.584448,3.995416,-0.006414,0.005651,-0.005498,31.05,66.4915259746952
59122,-8.446067,-3.586841,4.001996,-0.00672,0.005498,-0.005651,31.05,66.4364994883162
59132,-8.443673,-3.58744,4.003192,-0.006567,0.005498,-0.006109,31.07,66.4257180047894
59142,-8.437093,-3.580859,3.998407,-0.006872,0.004887,-0.005956,31.07,66.4310733914821
59152,-8.44427,-3.585046,3.993621,-0.005956,0.003818,-0.006261,31.06,66.4750673854502
59162,-8.44128,-3.589234,3.996612,-0.005803,0.003818,-0.006261,31.06,66.4568164914969
59172,-8.455637,-3.593421,3.992425,-0.006414,0.004429,-0.007178,31.05,66.5126994435969
59182,-8.447861,-3.586243,3.995416,-0.007483,0.003512,-0.007636,31.05,66.4742675172905
59192,-8.462815,-3.588636,3.996612,-0.006872,0.002749,-0.007025,31.09,66.5015416231002
59202,-8.444869,-3.591029,3.991228,-0.006414,0.001833,-0.006872,31.09,66.4942367367201
59212,-8.454441,-3.592225,3.994219,-0.00672,0.001985,-0.007483,31.04,66.4997123323765
59222,-8.447262,-3.588636,3.994817,-0.007025,0.00168,-0.00733,31.04,66.4782887040156
59232,-8.454441,-3.580859,3.993023,-0.006872,0.000764,-0.007483,31.05,66.4958599877256
59242,-8.440084,-3.586841,3.999005,-0.00733,0.000764,-0.007483,31.05,66.4395933053514
59252,-8.455637,-3.585645,3.994817,-0.006261,-0.001069,-0.007483,31.04,66.4932217151429
59262,-8.443673,-3.585046,3.994817,-0.007025,-0.00168,-0.007789,31.04,66.4675316410216
59272,-8.459227,-3.584448,3.998407,-0.00672,-0.003054,-0.007789,31.04,66.4808697838463
59282,-8.456833,-3.597011,3.999603,-0.007178,-0.00336,-0.007789,31.09,66.4807730606856
59292,-8.447861,-3.580261,3.999005,-0.00733,-0.005192,-0.008552,31.09,66.4500923907515
59302,-8.455039,-3.597609,3.991228,-0.006567,-0.005345,-0.007789,31.08,66.5214594748855
59312,-8.454441,-3.584448,4.007978,-0.006109,-0.005192,-0.007789,31.08,66.4206296478567
59322,-8.444869,-3.588037,3.992425,-0.00672,-0.005803,-0.008094,31.08,66.4852786860714
59332,-8.450253,-3.591029,3.996612,-0.007178,-0.005803,-0.007789,31.08,66.477294630564
59342,-8.44427,-3.589234,4.003192,-0.006109,-0.004734,-0.007789,31.06,66.4285817937925
59352,-8.444869,-3.585046,4.004389,-0.006261,-0.004887,-0.007789,31.06,66.4198162060225
59362,-8.441879,-3.584448,4.001398,-0.006567,-0.004429,-0.007483,31.06,66.4286731416423
59372,-8.450851,-3.588636,4.0008,-0.006567,-0.003665,-0.007483,31.06,66.4544466196538
59382,-8.446067,-3.592225,4.00379,-0.006414,-0.002902,-0.008247,31.03,66.4319073926555
59392,-8.427522,-3.583252,4.01396,-0.005803,-0.000764,-0.006261,31.03,66.3313443277349
59402,-8.446664,-3.59043,4.001398,-0.006567,-0.001069,-0.006261,31.04,66.444103758299
59412,-8.442476,-3.58385,4.001398,-0.007178,-0.000153,-0.006872,31.04,66.4293963060812
59422,-8.445468,-3.58744,4.004987,-0.006872,0.001222,-0.007025,31.05,66.4200841163438
59432,-8.439486,-3.591627,3.99721,-0.006414,0.001527,-0.006872,31.05,66.4520434974997
59442,-8.432905,-3.588636,4.013362,-0.006109,0.002291,-0.00672,31.04,66.3507137851083
59452,-8.435897,-3.592225,4.003192,-0.005956,0.003054,-0.006567,31.03,66.4136185188844
59462,-8.448458,-3.580859,4.009772,-0.006261,0.003971,-0.005803,31.03,66.3954083475347
59472,-8.44128,-3.588636,4.010969,-0.007025,0.005192,-0.006567,31.06,66.3809527038458
59482,-8.439486,-3.592225,4.001398,-0.007178,0.005651,-0.00672,31.06,66.4305973173786
59492,-8.443673,-3.585645,4.004389,-0.006109,0.006567,-0.005498,31.08,66.4178314005237
59502,-8.440084,-3.588636,4.006183,-0.006567,0.006872,-0.005803,31.08,66.4035323248468
59512,-8.442476,-3.593421,3.996612,-0.007025,0.007483,-0.005803,31.02,66.4630814095983
59522,-8.440084,-3.592225,4.000201,-0.007025,0.007483,-0.006261,31.02,66.4381387725709
59532,-8.457432,-3.597609,4.009174,-0.007483,0.007483,-0.006261,31.03,66.4324177737589
59542,-8.443074,-3.585645,4.004389,-0.006872,0.008094,-0.005192,31.03,66.416568732094
59552,-8.445468,-3.59402,4.004389,-0.007025,0.008094,-0.005192,31.1,66.4291126414816
59562,-8.451449,-3.585046,4.00738,-0.007025,0.007636,-0.006261,31.1,66.4179961889768
59572,-8.453843,-3.585645,3.999005,-0.00672,0.008094,-0.005956,31.07,66.4674838376512
59582,-8.449057,-3.592823,4.00379,-0.007025,0.007941,-0.006109,31.07,66.4387359081854
59592,-8.438289,-3.576672,3.993023,-0.007178,0.006872,-0.006261,31.04,66.458132973908
59602,-8.451449,-3.58385,3.995416,-0.007483,0.006261,-0.005651,31.04,66.4796776250796
59612,-8.445468,-3.593421,4.00738,-0.007025,0.006414,-0.005651,31.04,66.4128920609996
59622,-8.456235,-3.58744,3.994219,-0.007025,0.004581,-0.005803,31.04,66.4992136134933
59632,-8.455637,-3.582654,3.996612,-0.007025,0.003512,-0.006261,31.07,66.481141515099
59642,-8.459227,-3.586841,3.997808,-0.006261,0.002596,-0.005651,31.05,66.4861412713208
59652,-8.455637,-3.586243,3.999603,-0.006414,0.001985,-0.005956,31.05,66.4686528334226
59662,-8.449656,-3.592823,4.00738,-0.006872,0.00168,-0.006414,31.05,66.4211759371033
59672,-8.450851,-3.595814,3.99063,-0.006567,0.000458,-0.006109,31.05,66.5142109588922
59682,-8.458031,-3.600002,3.996014,-0.005803,-0.000153,-0.005956,31.07,66.5047702844086
59692,-8.46102,-3.583252,3.99721,-0.006109,-0.000916,-0.005956,31.07,66.489848301505
59702,-8.453843,-3.584448,3.994817,-0.006414,-0.001833,-0.005498,31.05,66.4883859623113
59712,-8.438289,-3.589234,3.995416,-0.005803,-0.001833,-0.005803,31.05,66.4567993667475
59722,-8.444869,-3.59043,3.990032,-0.006414,-0.001527,-0.005956,31.09,66.4999814131987
59732,-8.456235,-3.582056,4.001398,-0.006567,-0.002291,-0.006414,31.09,66.4567659539495
59742,-8.458628,-3.59043,4.000201,-0.006109,-0.001985,-0.00672,31.07,66.4755358890813
59752,-8.447861,-3.58744,4.00738,-0.005803,-0.002138,-0.006261,31.07,66.4125774083213
59762,-8.44427,-3.591627,3.996612,-0.005498,-0.00168,-0.007025,31.06,66.4652494669755
59772,-8.446664,-3.596412,4.005585,-0.006109,-0.001527,-0.00672,31.06,66.4275022137422
59782,-8.444869,-3.589234,4.004389,-0.006567,-0.000611,-0.006414,31.06,66.423564664478
59792,-8.453244,-3.586243,4.004389,-0.005345,0,-0.005803,31.06,66.4385251938009
59802,-8.444869,-3.59402,4.001398,-0.005956,0.000611,-0.006261,31.03,66.4435395903934
59812,-8.438289,-3.592823,4.0008,-0.006261,0.001374,-0.005651,31.09,66.4317504855778
59822,-8.451449,-3.580859,4.000201,-0.006261,0.001833,-0.005803,31.09,66.4519052006556
59832,-8.446067,-3.58744,3.997808,-0.007025,0.001985,-0.006261,31.04,66.4590093208415
59842,-8.444869,-3.592823,4.001398,-0.007483,0.002443,-0.006414,31.04,66.4424676576712
59852,-8.453244,-3.589234,4.001398,-0.006872,0.002749,-0.006261,31.05,66.4568778095514
59862,-8.449057,-3.585046,4.004389,-0.006872,0.004123,-0.006567,31.05,66.4286401819621
59872,-8.448458,-3.58744,4.000201,-0.007178,0.004734,-0.006872,31.06,66.4514851175173
59882,-8.437692,-3.580261,3.994219,-0.006872,0.004581,-0.005651,31.06,66.4537990051506
59892,-8.447262,-3.582654,3.997808,-0.006872,0.005651,-0.006567,31.01,66.4572490760889
59902,-8.447861,-3.586243,4.002594,-0.007178,0.005192,-0.006109,31.01,66.43660575521
59912,-8.445468,-3.580261,3.993621,-0.006872,0.004734,-0.005498,31.06,66.4733165915188
59922,-8.454441,-3.589832,3.99721,-0.00733,0.00504,-0.006414,31.06,66.4818896129237
59932,-8.455637,-3.583252,4.006183,-0.00733,0.004887,-0.006109,31.05,66.4314885881505
59942,-8.457432,-3.595814,3.996612,-0.007789,0.003971,-0.006261,31.05,66.4966417345177
59952,-8.457432,-3.591029,3.998407,-0.007636,0.002749,-0.00672,31.02,66.4829628837781
59962,-8.446067,-3.589234,3.988237,-0.007178,0.002596,-0.00733,31.02,66.5108562374932
59972,-8.446067,-3.586243,4.001398,-0.007789,0.002596,-0.006567,31.05,66.4391020082038
59982,-8.452645,-3.591627,3.993023,-0.007483,0.002291,-0.006567,31.05,66.5016828545725
59992,-8.449656,-3.588636,3.998407,-0.00672,0.001222,-0.006567,31.05,66.4644852665861
60002,-8.448458,-3.57727,3.996014,-0.007178,0.001527,-0.006109,30.99,66.464379779593
60012,-8.449656,-3.585645,3.995416,-0.006872,0.000764,-0.005956,30.99,66.4775085859997
60022,-8.453843,-3.586243,3.99721,-0.006261,0.001222,-0.006109,31.02,66.4774320837552
60032,-8.437692,-3.58385,4.001398,-0.007025,0.001374,-0.00672,31.02,66.4193098854083
60042,-8.450851,-3.585046,4.0008,-0.006567,0.000764,-0.006414,31.03,66.4512406769163
60052,-8.447861,-3.580859,4.011567,-0.006414,0.000764,-0.006567,31.03,66.3847382082135
60062,-8.452645,-3.585046,4.006183,-0.005498,0.000916,-0.007025,31.04,66.426790202619
60072,-8.451449,-3.594618,3.991228,-0.006872,0.000611,-0.005956,31.04,66.5112600479039
60082,-8.438289,-3.584448,3.995416,-0.005956,-0.000153,-0.006109,31.04,66.4525148380356
60092,-8.447262,-3.585046,3.994817,-0.006261,-0.000153,-0.00672,31.04,66.4750829354857
60102,-8.453843,-3.586243,3.993621,-0.005803,-0.001222,-0.007178,31.05,66.4962606599314
60112,-8.452645,-3.586243,4.000201,-0.005956,-0.000916,-0.007178,31.05,66.4592252208428
60122,-8.447262,-3.588636,4.017549,-0.00672,-0.001374,-0.005956,31.07,66.3590894659157
60132,-8.453244,-3.600002,4.002594,-0.006414,-0.001527,-0.005956,31.07,66.4602320299635
60142,-8.451449,-3.583252,4.00738,-0.006414,-0.000305,-0.00672,31.06,66.4163932877752
60152,-8.453843,-3.580859,3.994817,-0.00672,-0.000916,-0.007025,31.05,66.4851889618441
60162,-8.458031,-3.583252,4.004389,-0.006414,-0.000611,-0.007025,31.05,66.4459301323162
60172,-8.451449,-3.589234,4.002594,-0.006872,0.000153,-0.005956,31,66.4468309578914
60182,-8.450253,-3.588636,3.999005,-0.007178,0,-0.00672,31,66.4626038159465
60192,-8.443074,-3.58385,4.005585,-0.007636,0,-0.006872,31.07,66.4086872813688
60202,-8.439486,-3.59043,3.99721,-0.006567,0.000611,-0.005803,31.07,66.4509711980435
60212,-8.440084,-3.585645,4.001398,-0.007483,0.000764,-0.006261,31.04,66.4259612322769
60222,-8.433504,-3.596412,4.002594,-0.007636,0.000153,-0.005803,31.04,66.4154738864756
60232,-8.447861,-3.588636,3.998407,-0.007178,0.000611,-0.005345,31.06,66.4607096756501
60242,-8.443074,-3.592823,4.003192,-0.00733,0.001069,-0.007025,31.06,66.4292776081563
60252,-8.438289,-3.579663,3.994219,-0.00672,0.001222,-0.005498,31.01,66.4545224476688
60263,-8.442476,-3.592225,3.997808,-0.007178,0.001069,-0.005956,31.01,66.4557333320747
60272,-8.450253,-3.586841,4.005585,-0.007025,0.001222,-0.006261,31.09,66.4264919808021
60282,-8.449656,-3.592823,4.002594,-0.007941,0.001833,-0.006872,31.09,66.4462674289581
60292,-8.456833,-3.59402,3.998407,-0.007789,0.001833,-0.006109,31.03,66.484373021075
60302,-8.446067,-3.585046,3.999603,-0.007483,0.002443,-0.006109,31.03,66.4474502093825
60312,-8.445468,-3.59043,3.998407,-0.007789,0.004581,-0.005192,31.02,66.4572791247608
60322,-8.449057,-3.588037,4.00379,-0.007636,0.004581,-0.005651,31.1,66.4344551505926
60332,-8.446664,-3.59043,3.999603,-0.007789,0.005956,-0.005345,31.1,66.4535203244079
60342,-8.445468,-3.577868,4.0008,-0.007789,0.005956,-0.00504,31.05,66.4334941470664
60352,-8.443074,-3.59402,4.004987,-0.007483,0.006414,-0.00504,31.05,66.4209351925481
60362,-8.442476,-3.591029,3.99721,-0.00733,0.007025,-0.004734,31.08,66.4578012740838
60372,-8.453843,-3.58744,3.99063,-0.00733,0.008094,-0.00504,31.08,66.5130223617402
60382,-8.440084,-3.598207,4.001996,-0.007025,0.008094,-0.005345,31.06,66.4340849102987
60392,-8.454441,-3.586243,4.001398,-0.007178,0.007789,-0.005192,31.06,66.4567256422081
60402,-8.446664,-3.595216,4.000201,-0.007025,0.007789,-0.005498,31.07,66.4546656477059
60412,-8.448458,-3.578466,4.004987,-0.00672,0.008094,-0.004734,31.07,66.4183631793769
60422,-8.462217,-3.585046,3.996014,-0.00672,0.008247,-0.004429,31.05,66.5002282053529
60432,-8.457432,-3.585645,3.996014,-0.00672,0.00733,-0.005192,31.05,66.4907136098723
60442,-8.46461,-3.589234,4.00738,-0.007025,0.006414,-0.00504,31.1,66.449424443301
60452,-8.458031,-3.591627,3.994817,-0.006261,0.005803,-0.005192,31.1,66.5035776479355
60462,-8.449057,-3.584448,3.99721,-0.006261,0.004887,-0.005345,31.06,66.4657662543325
60472,-8.452645,-3.589832,4.001996,-0.007178,0.003665,-0.006414,31.06,66.4530165929578
60482,-8.451449,-3.584448,3.996014,-0.007483,0.003207,-0.006872,31.01,66.4770730158442
60492,-8.451449,-3.59043,3.99721,-0.00672,0.00168,-0.006872,31.05,66.476136267219
60502,-8.452048,-3.585645,4.006183,-0.006567,0.001069,-0.006261,31.05,66.4260680837223
60512,-8.447861,-3.582654,3.995416,-0.007025,-0.000305,-0.006414,30.99,66.4710640934115
60522,-8.453843,-3.581457,3.987041,-0.006567,-0.000764,-0.005803,30.99,66.5265361324162
60532,-8.452048,-3.582654,4.000201,-0.006567,-0.001833,-0.007025,31.05,66.4547670177792
60542,-8.451449,-3.589832,3.991827,-0.00733,-0.002291,-0.007941,31.05,66.5038463038487
60552,-8.449656,-3.586841,3.993023,-0.007025,-0.002749,-0.00672,31.03,66.491134601807
60562,-8.456235,-3.59402,3.993023,-0.00672,-0.00336,-0.007178,31.03,66.5113512616486
60572,-8.449057,-3.596412,3.999603,-0.007025,-0.003207,-0.007483,31.07,66.4639037345394
60582,-8.459825,-3.588037,3.993023,-0.00733,-0.00336,-0.00733,31.07,66.5135536903285
60592,-8.447262,-3.591627,3.988835,-0.007178,-0.003207,-0.007025,31.02,66.5123619296886
60602,-8.447262,-3.588037,3.997808,-0.006872,-0.00336,-0.006567,31.02,66.4620572096714
60612,-8.44427,-3.59402,4.00379,-0.00733,-0.002749,-0.006414,31.04,66.4297319257976
60622,-8.449057,-3.585046,4.003192,-0.007636,-0.002749,-0.006872,31.04,66.4349179465521
60632,-8.450851,-3.58385,3.99721,-0.00733,-0.002138,-0.00672,31.01,66.4690066339637
60642,-8.456833,-3.591627,4.0008,-0.00733,-0.002138,-0.007789,31.01,66.4696928017054
60652,-8.445468,-3.593421,3.994219,-0.007025,-0.001222,-0.006872,31.02,66.4819326290756
60662,-8.446664,-3.59043,4.001996,-0.007025,-0.000305,-0.007025,31.06,66.4409669512072
60672,-8.433504,-3.588636,4.005585,-0.00733,0.000305,-0.006261,31.06,66.3927874646186
60682,-8.451449,-3.580859,3.998407,-0.007789,0.001222,-0.006872,31.06,66.4613169546892
60692,-8.453244,-3.595814,3.999005,-0.007636,0.001222,-0.007178,31.06,66.4753025693021
60702,-8.447262,-3.586243,4.00379,-0.007789,0.002443,-0.00733,31.07,66.4290709823683
60712,-8.443074,-3.585046,3.998407,-0.007483,0.002902,-0.006872,31.07,66.4474243989805
60722,-8.452645,-3.588037,4.002594,-0.006872,0.00336,-0.005956,31.08,66.4482779207889
60732,-8.456235,-3.592823,3.996014,-0.007025,0.002596,-0.006567,31.08,66.4945972063087
60742,-8.458031,-3.591627,4.001398,-0.007025,0.002596,-0.006567,31.02,66.4690751326032
60752,-8.450253,-3.59043,4.007978,-0.007178,0.002902,-0.006872,31.02,66.4171567939583
60762,-8.448458,-3.584448,4.001996,-0.00733,0.002749,-0.007025,31.05,66.439395552568
60772,-8.449656,-3.586841,4.004987,-0.00733,0.002596,-0.007025,31.05,66.4283702842509
60782,-8.452645,-3.582056,4.006183,-0.007178,0.002749,-0.006261,31.06,66.4241203652656
60792,-8.448458,-3.6006,4.001398,-0.007483,0.002596,-0.007025,31.06,66.4569808124331
60802,-8.458628,-3.58385,4.001398,-0.007483,0.002138,-0.006567,31.08,66.4633970136777
60812,-8.456235,-3.584448,4.010969,-0.00733,0.001985,-0.005498,31.08,66.4087353187376
60822,-8.452645,-3.584448,4.001398,-0.007636,0.001985,-0.005803,31.04,66.4513457456583
60832,-8.454441,-3.589234,3.99063,-0.007025,0.002138,-0.005803,31.04,66.5158758288648
60842,-8.450851,-3.589234,3.991228,-0.007178,0.001222,-0.006261,31.03,66.5052008749868
60852,-8.445468,-3.592225,4.000201,-0.006414,0.00168,-0.005651,31.04,66.4494724507976
60862,-8.456833,-3.594618,3.99721,-0.007025,0.001833,-0.007025,31.04,66.4911823138592
60872,-8.450851,-3.592823,4.0008,-0.007178,0.002443,-0.00672,31.08,66.4581880881226
60882,-8.447262,-3.594618,3.99721,-0.007483,0.001985,-0.006567,31.08,66.4710785370315
60892,-8.445468,-3.598207,3.992425,-0.00733,0.001985,-0.00504,31.06,66.49562966925
60902,-8.459825,-3.594618,4.005585,-0.008399,0.002138,-0.004276,31.06,66.4535737222187
60912,-8.450851,-3.580859,3.999603,-0.008247,0.002443,-0.00504,31.04,66.453783553633
60922,-8.449656,-3.595216,3.999005,-0.007789,0.002291,-0.005651,31.04,66.4672292681105
60932,-8.446664,-3.591029,4.004987,-0.007483,0.002443,-0.004734,31.06,66.4258161637497
60942,-8.450851,-3.594618,4.0008,-0.007483,0.002443,-0.004581,31.06,66.4597928730979
60952,-8.449656,-3.600002,4.001996,-0.007483,0.002291,-0.005803,31.05,66.4558276742186
60962,-8.443673,-3.588636,4.00738,-0.008247,0.002443,-0.00672,31.05,66.4048212989461
60972,-8.448458,-3.591627,3.999603,-0.007941,0.002749,-0.005956,31.07,66.4583646390551
60982,-8.449656,-3.59402,3.991827,-0.007789,0.003665,-0.005651,31.07,66.5038192571702
60992,-8.458031,-3.598207,3.99721,-0.007789,0.003054,-0.005651,31.05,66.496898610995
61002,-8.458031,-3.58744,4.00738,-0.007789,0.003665,-0.005651,31.05,66.433991010347
61012,-8.456235,-3.593421,4.001398,-0.007178,0.003971,-0.005651,31.07,66.4669029813221
61022,-8.449057,-3.588636,3.991827,-0.007178,0.00336,-0.005345,31.05,66.4977550939131
61032,-8.449057,-3.588636,3.994817,-0.007025,0.003512,-0.005956,31.05,66.4820623253226
61042,-8.450851,-3.589832,4.000201,-0.00733,0.003971,-0.005803,31.08,66.4586566019563
61052,-8.447262,-3.588037,4.000201,-0.00733,0.003207,-0.006109,31.08,66.4495016789374
61062,-8.444869,-3.594618,3.999603,-0.007483,0.003665,-0.006261,31.09,66.4534917626039
61072,-8.447861,-3.594618,3.989433,-0.00733,0.004123,-0.006261,31.09,66.513150765378
61082,-8.447861,-3.591627,3.996612,-0.007025,0.003971,-0.005498,31.07,66.4728009215754
61092,-8.459227,-3.588037,3.992425,-0.00672,0.003207,-0.005651,31.07,66.5154355413314
61102,-8.452048,-3.593421,3.999603,-0.006414,0.003054,-0.006109,31.02,66.4675158164161
61112,-8.447262,-3.589234,3.997808,-0.007636,0.002596,-0.005345,31.02,66.4631269577667
61122,-8.449057,-3.59402,3.991228,-0.006261,0.002902,-0.005651,31.05,66.5057053850556
61132,-8.466404,-3.579065,4.000201,-0.006567,0.001985,-0.006261,31.05,66.4817573866233
61142,-8.452048,-3.592225,4.002594,-0.007025,0.000458,-0.00672,31.04,66.4507638245615
61152,-8.450253,-3.576073,4.014558,-0.007483,-0.000153,-0.006567,31.04,66.3698307399799
61162,-8.453244,-3.591627,3.996014,-0.00733,0.000305,-0.006414,31.07,66.4872497412723
61172,-8.46102,-3.586243,3.994219,-0.007025,0.000916,-0.006567,31.07,66.5081927751636
61182,-8.458031,-3.585046,4.001996,-0.006567,0.000305,-0.006414,31.03,66.4600725892308
61192,-8.443673,-3.580859,4.005585,-0.00672,0.001069,-0.005803,31.05,66.4072740850509
61202,-8.440084,-3.584448,3.995416,-0.007178,0.001222,-0.005498,31.05,66.4562957559518
61212,-8.446664,-3.585645,4.001996,-0.006567,0.000458,-0.005803,31.04,66.4366873240461
61222,-8.44128,-3.58744,3.992425,-0.00733,0.001069,-0.006414,31.04,66.4771965087678
61232,-8.445468,-3.584448,3.991228,-0.006872,0.001374,-0.006109,31.02,66.489618713508
61242,-8.449656,-3.581457,3.995416,-0.007025,0.002291,-0.005956,31.02,66.4737728716544
61252,-8.452645,-3.580859,4.001996,-0.007178,0.000764,-0.005956,31.04,66.4450077312395
61262,-8.452645,-3.598207,3.993023,-0.007025,0.000916,-0.006261,31.04,66.5075561004074
61272,-8.453843,-3.585645,3.999603,-0.00733,0.001527,-0.005956,31.06,66.4643475337938
61282,-8.446664,-3.589832,3.99721,-0.00733,0.001222,-0.005956,31.06,66.4655415051446
61292,-8.459825,-3.574877,3.994817,-0.007789,0.000611,-0.006109,31.02,66.4924437691629
61302,-8.452048,-3.594618,4.002594,-0.008399,0.000153,-0.006414,31.02,66.4529030999759
61312,-8.452048,-3.599404,3.997808,-0.008094,0.000611,-0.005803,31.05,66.4822763520304
61322,-8.452048,-3.595814,4.000201,-0.008247,0,-0.005498,31.05,66.4665188086547
61332,-8.450253,-3.58385,4.010969,-0.007636,0,-0.007178,31.02,66.3955936282291
61342,-8.455039,-3.588037,4.000201,-0.008705,-0.000153,-0.007483,31.02,66.4658599976471
61352,-8.443074,-3.594618,4.005585,-0.008247,0.000458,-0.005956,31.04,66.4183350803887
61362,-8.454441,-3.588636,4.00738,-0.008247,0.000916,-0.005651,31.02,66.4275041958043
61372,-8.456833,-3.591627,4.003192,-0.007941,0.00168,-0.006261,31.02,66.4571550105171
61382,-8.450851,-3.595216,3.999603,-0.007941,0.001985,-0.005651,31.05,66.4666045514146
61392,-8.450253,-3.584448,3.997808,-0.007789,0.001222,-0.005956,31.05,66.465144631812
61402,-8.446664,-3.595216,4.004987,-0.008094,0.002291,-0.006567,31.02,66.4295659839364
61412,-8.449057,-3.581457,3.999603,-0.00733,0.003665,-0.005651,31.02,66.4505403017365
61422,-8.450851,-3.58744,3.998407,-0.007178,0.003818,-0.005956,31.05,66.4659304285706
61432,-8.450253,-3.591029,3.996612,-0.007025,0.003512,-0.006109,31.05,66.477294630564
61442,-8.456235,-3.585046,3.999603,-0.007636,0.00336,-0.006414,31.02,66.4688429323101
61452,-8.440681,-3.591029,3.987639,-0.00733,0.002902,-0.00733,31.02,66.5042848819171
61462,-8.459227,-3.589832,3.999005,-0.00672,0.002596,-0.00733,31.07,66.4825303554161
61472,-8.452048,-3.593421,3.999005,-0.006567,0.003207,-0.006109,31.07,66.4706517975928
61482,-8.448458,-3.592823,3.998407,-0.007178,0.003054,-0.007025,31.05,66.465707865035
61492,-8.460423,-3.593421,4.013362,-0.00672,0.002902,-0.006109,31.05,66.4130345822871
61502,-8.46102,-3.580859,3.99721,-0.00733,0.001833,-0.006109,31.02,66.4877201215659
61512,-8.455637,-3.598207,3.996612,-0.006872,0.001527,-0.00672,31.02,66.4950110931451
61522,-8.468798,-3.581457,3.991827,-0.006261,-0.000611,-0.006872,31.05,66.5327996701229
61532,-8.453244,-3.58744,3.999603,-0.007483,-0.000916,-0.008399,31.04,66.4646893573913
61542,-8.452645,-3.588037,3.992425,-0.007025,-0.00168,-0.00733,31.04,66.5016191157647
61552,-8.451449,-3.585046,4.001398,-0.007025,-0.001833,-0.005803,31.02,66.4493626594053
61562,-8.460423,-3.585046,4.004389,-0.00672,-0.001833,-0.006567,31.02,66.4525599618009
61572,-8.455039,-3.591029,3.993023,-0.007178,-0.00168,-0.006109,31.04,66.5061750805783
61582,-8.44427,-3.59043,4.003192,-0.006567,-0.001374,-0.005651,31.04,66.4296526991737
61592,-8.456833,-3.598207,4.004389,-0.007025,-0.001222,-0.005803,31.03,66.4567597883751
61602,-8.448458,-3.594618,4.0008,-0.007483,-0.001069,-0.00504,31.03,66.4547615197281
61612,-8.450851,-3.586243,3.996612,-0.008399,-0.001069,-0.006109,31.06,66.4742791830325
61622,-8.447262,-3.589234,4.016951,-0.007178,-0.000153,-0.005956,31.06,66.3627586023184
61632,-8.450253,-3.585645,3.995416,-0.007483,-0.000153,-0.006414,31.07,66.4787638743705
61642,-8.443074,-3.588636,3.996612,-0.007636,0.000305,-0.006261,31.07,66.4600573585906
61652,-8.457432,-3.58385,3.997808,-0.007483,0.001833,-0.006109,31.02,66.4797064391091
61662,-8.455039,-3.583252,4.003192,-0.00733,0.001527,-0.005192,31.02,66.4459094028676
61672,-8.455039,-3.595814,4.005585,-0.007025,0.002291,-0.005345,31.09,66.4445837767582
61682,-8.443074,-3.589234,3.998407,-0.007941,0.003207,-0.00504,31.09,66.4511708546701
61692,-8.447861,-3.594618,3.99721,-0.008247,0.003818,-0.004734,31.04,66.4723375785561
61702,-8.447861,-3.588037,4.001996,-0.007178,0.004581,-0.005803,31.01,66.4413463087984
61712,-8.443673,-3.595216,4.010371,-0.007483,0.004581,-0.005956,31.01,66.3950389256761
61722,-8.452645,-3.591627,4.0008,-0.008094,0.00504,-0.005651,31.05,66.4608911296073
61732,-8.449057,-3.597011,4.0008,-0.007941,0.00504,-0.006567,31.05,66.4581622861222
61742,-8.457432,-3.589234,3.999005,-0.008247,0.005803,-0.005498,31.04,66.4782271713621
61752,-8.447861,-3.59043,4.00379,-0.008247,0.00504,-0.005803,31.04,66.434077547694
61762,-8.456235,-3.580261,4.004987,-0.007941,0.005192,-0.005803,31.05,66.4363495496003
61772,-8.449656,-3.59402,4.010969,-0.007483,0.005498,-0.005345,31.05,66.4034385259399
61782,-8.449656,-3.58744,4.003192,-0.007636,0.004887,-0.005956,31.04,66.4383185452728
61792,-8.447861,-3.58744,3.99721,-0.007178,0.004429,-0.005498,31.04,66.4659218293159
61802,-8.447262,-3.591627,3.983452,-0.007483,0.004276,-0.006414,31.04,66.5406313333302
61812,-8.456235,-3.585645,3.995416,-0.00733,0.004276,-0.006414,31.04,66.4913357623873
61822,-8.446664,-3.59043,3.991228,-0.006872,0.003512,-0.005498,31.05,66.4974733833195
61832,-8.450851,-3.589832,4.000201,-0.007483,0.003207,-0.006261,31.05,66.4586566019563
61842,-8.447861,-3.597011,3.997808,-0.008247,0.002138,-0.00672,30.99,66.4713411393823
61852,-8.449656,-3.589234,3.988835,-0.007941,0.001527,-0.006567,30.99,66.5152531565696
61862,-8.454441,-3.578466,3.999603,-0.00733,0.000764,-0.006567,31.04,66.4592065805719
61872,-8.461619,-3.585046,3.992425,-0.006872,-0.000153,-0.006109,31.01,66.5177938804416
61882,-8.460423,-3.59043,3.99721,-0.006567,-0.000458,-0.006567,31.01,66.4949840422718
61892,-8.459825,-3.588636,3.996014,-0.00672,-0.001222,-0.005803,31.02,66.4984017714387
61902,-8.448458,-3.58744,4.008576,-0.006261,-0.001222,-0.006109,31.02,66.4075650922266
61912,-8.453244,-3.586841,4.0008,-0.006872,-0.001527,-0.005498,31.02,66.4578774223548
61922,-8.441879,-3.584448,3.999005,-0.00733,-0.00168,-0.005498,31.02,66.4412333946977
61932,-8.455039,-3.601198,4.001398,-0.00733,-0.001527,-0.005803,31.02,66.4713398689912
61942,-8.441879,-3.595814,3.994219,-0.006414,-0.001374,-0.005651,31.02,66.476529784293
61952,-8.445468,-3.586841,3.992425,-0.006872,-0.001069,-0.005803,31.05,66.4854699217971
61962,-8.447262,-3.596412,3.994219,-0.007025,-0.001222,-0.006414,31.05,66.4883768687383
61972,-8.449057,-3.592225,4.001996,-0.006872,-0.000458,-0.006109,31.04,66.4476083501041
61982,-8.450851,-3.580859,3.997808,-0.006414,0,-0.005651,31.04,66.4632013883163
61992,-8.449656,-3.585046,4.001398,-0.007025,0.000611,-0.005956,31.01,66.445588827462
62002,-8.453843,-3.588037,3.997808,-0.006872,0.000916,-0.006261,31.01,66.4758954392574
62012,-8.440681,-3.595814,3.993621,-0.007025,0.00168,-0.006261,31.05,66.4771504972972
62022,-8.451449,-3.589832,4.001996,-0.007178,0.002596,-0.005956,31.05,66.4505009856689
62032,-8.450851,-3.579663,4.004389,-0.00733,0.002902,-0.005498,31.06,66.4276118755169
62042,-8.447262,-3.594618,3.999603,-0.007025,0.003207,-0.006261,31.06,66.4585248056056
62052,-8.445468,-3.586243,3.995416,-0.00733,0.003054,-0.006414,31.03,66.4692337010016
62062,-8.457432,-3.588636,4.0008,-0.007178,0.003665,-0.00733,31.06,66.4682834826003
62072,-8.440681,-3.584448,3.999603,-0.007025,0.003512,-0.007025,31.06,66.4355699945495
62082,-8.450851,-3.582654,3.989433,-0.006872,0.00336,-0.00672,31.03,66.5087588877853
62092,-8.453843,-3.585046,3.987639,-0.007941,0.003207,-0.006261,31.03,66.5265898529551
62102,-8.457432,-3.586841,4.0008,-0.007483,0.003818,-0.006414,31.02,66.4666831070094
62112,-8.457432,-3.584448,4.004389,-0.007636,0.003971,-0.006109,31.02,66.4457361347537
62122,-8.458628,-3.583252,4.00379,-0.007636,0.002596,-0.006567,31.05,66.4503256404113
62132,-8.448458,-3.585645,4.001398,-0.007941,0.002443,-0.006872,31.05,66.4436019451897
62142,-8.44427,-3.591627,4.003192,-0.007025,0.002291,-0.006567,31.05,66.430724710586
62152,-8.458031,-3.585046,4.002594,-0.00733,0.001985,-0.006414,31.05,66.4569378751414
62162,-8.44427,-3.586243,3.994817,-0.007483,0.001527,-0.006109,31.02,66.4698575555026
62172,-8.449656,-3.591627,3.996014,-0.007941,0.001374,-0.006872,31.02,66.4797114731988
62182,-8.446664,-3.583252,3.996014,-0.007483,0.002138,-0.006567,31.04,66.4659401656499
62192,-8.448458,-3.58744,3.993621,-0.007789,0.001985,-0.006261,31.04,66.4860124358206
62202,-8.449057,-3.58744,3.997808,-0.007941,0.001527,-0.006109,31.05,66.4652998165168
62212,-8.458031,-3.580859,4.001398,-0.007178,0.000916,-0.006567,31.05,66.4594775994699
62222,-8.448458,-3.578466,3.996612,-0.00733,0.00168,-0.006414,31.01,66.4623072086594
62232,-8.456833,-3.581457,4.006183,-0.00733,0.001222,-0.006414,31.04,66.4324056126184
62242,-8.453244,-3.585046,4.006782,-0.007941,0.001527,-0.006109,31.04,66.4249115920196
62252,-8.443673,-3.586841,4.004389,-0.007789,0.001374,-0.005345,31.04,66.41890206343
62262,-8.451449,-3.576073,3.996014,-0.007636,0.000458,-0.005498,31.04,66.4696093784455
62272,-8.455039,-3.593421,3.995416,-0.007941,0.001069,-0.005956,31.05,66.4957561539414
62282,-8.443673,-3.585046,3.997808,-0.008094,0.000916,-0.006414,31.05,66.451829956258
62292,-8.46102,-3.595814,4.000201,-0.007941,0.000611,-0.006261,31.04,66.4853587157402
62302,-8.445468,-3.591627,3.999603,-0.007483,0.001222,-0.005651,31.04,66.4520746624097
62312,-8.454441,-3.59043,4.003192,-0.00672,0.001069,-0.006414,31.09,66.4510574323057
62322,-8.453244,-3.597011,3.996612,-0.006872,0.000611,-0.006414,31.09,66.4889205129371
62332,-8.447262,-3.582654,4.001398,-0.007025,0.002596,-0.006414,31.05,66.4384111175752
62342,-8.450253,-3.592823,4.003192,-0.007636,0.002902,-0.006261,31.05,66.4443877010623
62352,-8.450253,-3.594618,4.00379,-0.007789,0.002749,-0.005651,31.03,66.4428581878025
62362,-8.453244,-3.586841,4.000201,-0.007941,0.002443,-0.005956,31.03,66.4610186907976
62372,-8.459825,-3.598207,3.99721,-0.007636,0.001833,-0.005956,31.01,66.5006614491899
62382,-8.449656,-3.592225,4.00738,-0.007636,0.000764,-0.00672,31.01,66.4206406418715
62392,-8.452048,-3.591029,3.996014,-0.008094,0.000458,-0.006414,31.02,66.4842036242538
62402,-8.446067,-3.592225,4.004987,-0.007941,0.001222,-0.006261,31.02,66.4256299534549
62412,-8.459227,-3.593421,4.000201,-0.00733,0.000764,-0.007178,31.02,66.4794610005749
62422,-8.450851,-3.592823,3.99063,-0.007636,0.000611,-0.007178,31.05,66.5115412868469
62432,-8.443673,-3.586243,3.996612,-0.00733,0.000458,-0.006414,31.05,66.4591781166376
62442,-8.451449,-3.589234,4.000201,-0.007483,-0.000153,-0.006414,31.02,66.4593800686388
62452,-8.453843,-3.585046,3.993023,-0.00733,-0.000305,-0.006261,31.02,66.4983319444468
62462,-8.443673,-3.584448,4.001996,-0.00733,0,-0.006414,31.04,66.4293157669063
62472,-8.446664,-3.592823,4.004987,-0.007941,-0.000305,-0.006109,31.04,66.4274225304063
62482,-8.447262,-3.593421,3.996612,-0.007941,0.000153,-0.005956,31.04,66.4731455567362
62492,-8.444869,-3.597609,3.997808,-0.007178,0.000458,-0.006109,31.04,66.4655877191181
62502,-8.461619,-3.588636,3.998407,-0.007789,0.000611,-0.006109,31.04,66.4896221337682
62512,-8.447861,-3.595216,3.99063,-0.008247,0.000916,-0.005651,31.04,66.5074015785884
62522,-8.449656,-3.589234,4.005585,-0.007483,0.00168,-0.006261,31.07,66.4273745347657
62532,-8.456833,-3.586841,3.999005,-0.007941,0.001222,-0.006414,31.07,66.4748354496765
62542,-8.449057,-3.585645,3.994219,-0.006414,0.001833,-0.006109,31.04,66.4825311311041
62552,-8.463414,-3.59043,4.001996,-0.006872,0.001985,-0.005956,31.04,66.4761798331194
62562,-8.453244,-3.594618,4.00379,-0.007483,0.002443,-0.006261,31.04,66.4491480732435
62572,-8.451449,-3.6006,4.011567,-0.007025,0.002596,-0.005192,31.03,66.4099775701362
62582,-8.437692,-3.595814,3.993621,-0.007483,0.002291,-0.00504,31.03,66.4708646924057
62592,-8.441879,-3.59043,4.001996,-0.00733,0.00336,-0.005651,31.05,66.4308913306584
62602,-8.446664,-3.591627,4.005585,-0.007636,0.00336,-0.004734,31.05,66.4232157673794
62612,-8.447861,-3.595814,3.999005,-0.007483,0.003207,-0.005192,31.06,66.4639911842488
62622,-8.441879,-3.597011,4.000201,-0.007025,0.003207,-0.005651,31.06,66.4462077395264
62632,-8.463414,-3.592225,4.006183,-0.006414,0.002902,-0.005345,31.04,66.4558464210825
62642,-8.449057,-3.584448,3.999603,-0.007025,0.003665,-0.004429,31.04,66.4532103572352
62652,-8.458031,-3.592823,4.006183,-0.00733,0.003207,-0.005192,31.03,66.4450678606038
62662,-8.446664,-3.589234,4.003192,-0.007178,0.003207,-0.005498,31.03,66.4336235698214
62672,-8.46102,-3.597011,4.00379,-0.007483,0.003207,-0.005345,31.05,66.4676226924786
62682,-8.454441,-3.586243,4.004389,-0.007025,0.002596,-0.005345,31.05,66.4410442798783
62692,-8.449057,-3.595216,3.999005,-0.00733,0.002596,-0.006414,31.02,66.4659702673827
62702,-8.446664,-3.588037,3.999603,-0.007789,0.003054,-0.006414,31.02,66.45138051383
62712,-8.454441,-3.586243,4.001398,-0.007178,0.003665,-0.006109,31.07,66.4567256422081
62722,-8.446067,-3.591627,3.999603,-0.007025,0.002902,-0.005192,31.07,66.4533349879843
62732,-8.460423,-3.592225,4.004987,-0.007025,0.003512,-0.005803,31.05,66.4558273297275
62742,-8.453244,-3.580859,3.999603,-0.007483,0.003971,-0.005498,31.05,66.4588199724693
62752,-8.446067,-3.589832,4.006782,-0.007636,0.003665,-0.006109,31.05,66.4140741430606
62762,-8.452645,-3.584448,3.999603,-0.007483,0.00336,-0.006109,31.01,66.4607600999445
62772,-8.449656,-3.592225,3.995416,-0.007941,0.003971,-0.005651,31.01,66.4833831817634
62782,-8.453244,-3.600002,4.000201,-0.007483,0.00336,-0.005651,31.02,66.4727756842494
62792,-8.452645,-3.585645,3.994219,-0.007025,0.003207,-0.006567,31.02,66.4900729187375
62802,-8.459227,-3.582654,3.99721,-0.007025,0.003054,-0.007025,31.02,66.4855496620073
62812,-8.447861,-3.580859,3.999005,-0.007178,0.003054,-0.007178,31.02,66.4506261297719
62822,-8.457432,-3.592823,3.995416,-0.007178,0.002902,-0.007025,31.08,66.5002454638017
62832,-8.455039,-3.592225,3.987041,-0.00733,0.002138,-0.006261,31.08,66.5386295024987
62842,-8.461619,-3.579663,3.996612,-0.007941,0.002749,-0.006109,31.04,66.4910511528186
62852,-8.448458,-3.588636,3.995416,-0.008094,0.001985,-0.00672,31.04,66.4776596822171
62862,-8.459825,-3.588037,3.99063,-0.007789,0.001374,-0.007178,31.05,66.5261056237088
62872,-8.448458,-3.585645,3.999005,-0.00672,0.000916,-0.006567,31.05,66.4561561218954
62882,-8.449057,-3.585645,4.003192,-0.006872,0.000611,-0.00672,31.01,66.4354532095637
62892,-8.449656,-3.589234,3.993023,-0.007025,0.000305,-0.006872,31.01,66.4932698746242
62902,-8.449656,-3.581457,3.99721,-0.00733,-0.000611,-0.007636,31.06,66.4643578811705
62912,-8.446664,-3.586841,3.994817,-0.008247,-0.001374,-0.00733,31.01,66.4754279256933
62922,-8.449656,-3.582654,4.001398,-0.00733,-0.000916,-0.00672,31.01,66.4434528726241
62932,-8.457432,-3.6006,4.003192,-0.007636,-0.000764,-0.007178,31.03,66.4664283261609
62942,-8.459227,-3.588636,4.001398,-0.007483,-0.001374,-0.007025,31.03,66.4689207465899
62952,-8.443074,-3.577868,4.001398,-0.007178,-0.001985,-0.005803,31.08,66.4253081021808
62962,-8.458628,-3.589234,3.993023,-0.007789,-0.002291,-0.006567,31.08,66.5121076427315
62972,-8.447262,-3.589832,4.001996,-0.007483,-0.002138,-0.007025,31.06,66.4416906911881
62982,-8.459825,-3.589234,4.0008,-0.007941,-0.002291,-0.006872,31.06,66.473844406899
62992,-8.455637,-3.582056,3.998407,-0.008552,-0.002596,-0.007178,31.02,66.4711936225551
63002,-8.449656,-3.592225,4.012166,-0.007789,-0.003054,-0.006261,31.02,66.3955583035949
63012,-8.448458,-3.59402,4.0008,-0.006872,-0.002443,-0.00672,31.04,66.4542264930682
63022,-8.446067,-3.598207,4.000201,-0.00733,-0.002138,-0.006414,31.04,66.4560885545925
63032,-8.454441,-3.594618,3.997808,-0.00733,-0.002443,-0.006567,31.03,66.4830248478161
63042,-8.447861,-3.591029,4.004389,-0.006872,-0.002443,-0.007178,31.03,66.4314723704728
63052,-8.454441,-3.588636,4.010371,-0.007025,-0.001527,-0.007178,31.05,66.411831402925
63062,-8.457432,-3.593421,3.994219,-0.007941,-0.000916,-0.007483,31.05,66.5070557494352
63072,-8.446664,-3.591627,4.001996,-0.007636,-0.000458,-0.00672,31.03,66.4420380552773
63082,-8.456235,-3.597609,4.003192,-0.00733,0.000916,-0.006261,31.03,66.4612413799818
63092,-8.446664,-3.589832,4.005585,-0.00672,0.001833,-0.006567,31.05,66.4216086578746
63102,-8.440084,-3.582056,4.00379,-0.006872,0.002596,-0.006872,31.05,66.4101931339817
63112,-8.449656,-3.579663,4.001996,-0.006872,0.002902,-0.00504,31.05,66.4376460781225
63122,-8.447861,-3.589832,4.001996,-0.007025,0.003665,-0.005803,31.02,66.4429514483846
63132,-8.450253,-3.589832,4.007978,-0.007483,0.003971,-0.005956,31.02,66.4166217406441
63142,-8.457432,-3.586243,3.99721,-0.00733,0.004429,-0.006414,31.08,66.4849738719256
63152,-8.449656,-3.59402,3.999603,-0.007941,0.00504,-0.006109,31.08,66.4630233949132
63162,-8.449057,-3.586841,3.998407,-0.007178,0.005192,-0.004734,31.06,66.461622119055
63172,-8.450253,-3.59402,3.996612,-0.007636,0.00504,-0.005345,31.06,66.4799666740672
63182,-8.446067,-3.59402,4.006782,-0.008247,0.004887,-0.006261,31.05,66.4178258671406
63192,-8.453843,-3.589832,4.003192,-0.008247,0.004734,-0.006872,31.05,66.4492657516351
63202,-8.46102,-3.583252,4.002594,-0.007178,0.005192,-0.00672,31.02,66.4616243033197
63212,-8.444869,-3.588636,3.997808,-0.007483,0.004429,-0.005956,31.02,66.4575575577379
63222,-8.455039,-3.583252,4.006183,-0.007483,0.004123,-0.005192,31.03,66.4302295680131
63232,-8.452048,-3.589832,4.006183,-0.007789,0.003818,-0.005498,31.03,66.4298099314678
63242,-8.448458,-3.591627,3.995416,-0.00733,0.003665,-0.005956,31.01,66.4803314200577
63252,-8.447861,-3.591029,4.000201,-0.007636,0.002291,-0.005956,31.01,66.4534372866254
63262,-8.456235,-3.578466,3.999603,-0.007789,0.001833,-0.005803,31.04,66.4629814737991
63272,-8.46102,-3.580261,4.002594,-0.008399,0.000764,-0.006872,31.05,66.4589619917786
63282,-8.452048,-3.594618,4.001398,-0.008094,0.001069,-0.006414,31.05,66.4591734985654
63292,-8.440084,-3.586841,4.0008,-0.00733,0.001069,-0.005803,31.08,66.4301710774313
63302,-8.44427,-3.582056,3.991827,-0.007636,0,-0.005345,31.08,66.4818182342457
63312,-8.455039,-3.595814,4.003192,-0.007636,0,-0.006872,31.05,66.4571244301219
63322,-8.444869,-3.588037,4.002594,-0.00733,-0.000764,-0.005803,31.05,66.4319091529566
63332,-8.450851,-3.579663,3.994817,-0.007025,-0.000764,-0.005651,31.03,66.4778314715416
63342,-8.440084,-3.581457,4.004987,-0.006414,-0.000916,-0.006261,31.03,66.4033748790208
63352,-8.450851,-3.592225,4.001398,-0.007483,-0.000305,-0.005803,31.05,66.4545176653999
63362,-8.453244,-3.591627,3.996612,-0.007178,-0.000153,-0.00504,31.05,66.4841131054012
63372,-8.448458,-3.579663,4.003192,-0.006567,-0.000305,-0.005498,31.04,66.4288478516753
63382,-8.447262,-3.58744,3.999603,-0.006872,-0.000458,-0.005651,31.04,66.4521054073231
63392,-8.4347,-3.589234,4.005585,-0.00672,0.000764,-0.005345,31.06,66.3958487248744
63402,-8.458031,-3.582056,3.99721,-0.006414,0.001222,-0.005956,31.06,66.4825042609045
63412,-8.452048,-3.58744,4.002594,-0.006872,0.002291,-0.005498,31.02,66.4464886890234
63422,-8.446067,-3.598805,4.000201,-0.00672,0.002291,-0.005956,31.02,66.456624237449
63432,-8.446067,-3.597011,3.992425,-0.007178,0.002443,-0.006414,31.06,66.4958177167022
63442,-8.446664,-3.593421,4.010371,-0.007025,0.00336,-0.006567,31.08,66.399732274212
63452,-8.447861,-3.586243,3.999005,-0.007789,0.003207,-0.005803,31.08,66.455433939482
63462,-8.451449,-3.579663,3.996612,-0.007178,0.003665,-0.006109,31.07,66.469669342276
63472,-8.452048,-3.6006,4.00379,-0.006567,0.004429,-0.005345,31.07,66.4519857999784
63482,-8.454441,-3.585046,4.002594,-0.006414,0.003818,-0.005498,31.06,66.4493867157848
63492,-8.452048,-3.583252,3.998407,-0.007636,0.004581,-0.005956,31.06,66.4647111926198
63502,-8.453244,-3.582056,4.002594,-0.00733,0.004887,-0.005498,31.08,66.4442002743417
63512,-8.451449,-3.586841,3.997808,-0.007636,0.004276,-0.005956,31.08,66.469795588222
63522,-8.44427,-3.582654,4.00379,-0.007178,0.004734,-0.005803,31.03,66.4195562137941
63532,-8.453843,-3.591627,3.999005,-0.007178,0.004734,-0.006414,31.03,66.4728215366022
63542,-8.455039,-3.586243,3.996014,-0.007636,0.004276,-0.007025,31.01,66.4862190978633
63552,-8.448458,-3.584448,3.99063,-0.00733,0.004429,-0.007025,31.01,66.4990445286613
63562,-8.460423,-3.584448,3.994817,-0.007789,0.004276,-0.006567,31.03,66.502206996807
63572,-8.461619,-3.591627,4.001398,-0.00733,0.004429,-0.006261,31.03,66.4766108233912
63582,-8.451449,-3.586841,3.994817,-0.007483,0.003971,-0.005651,31.04,66.4854881157984
63592,-8.459825,-3.583252,3.99063,-0.007636,0.003512,-0.005803,31.04,66.5218510463788
63602,-8.452048,-3.595216,3.999005,-0.006872,0.003665,-0.005956,31.02,66.4722557335969
63612,-8.462217,-3.580261,3.997808,-0.00733,0.003054,-0.006261,31.05,66.4865677617466
63622,-8.457432,-3.586841,3.994219,-0.007483,0.002902,-0.006872,31.05,66.5011934634512
63632,-8.453244,-3.582056,4.000201,-0.006567,0.002902,-0.005498,31.05,66.4567504558919
63642,-8.446664,-3.586841,3.991827,-0.00733,0.001833,-0.005956,31.05,66.491124079551
63652,-8.444869,-3.588636,3.995416,-0.007789,0.001069,-0.00672,31.08,66.4701120716029
63662,-8.450851,-3.588037,4.006782,-0.007178,0.000764,-0.006261,31.08,66.4225450375173
63672,-8.457432,-3.589832,4.000201,-0.007789,0.000153,-0.005651,31.05,66.4724901664112
63682,-8.435897,-3.591029,4.007978,-0.007483,-0.000458,-0.006567,31.05,66.3874297342518
63692,-8.447861,-3.581457,3.993023,-0.00733,0,-0.006567,31.02,66.4825583194594
63702,-8.454441,-3.58744,3.991827,-0.007636,-0.001527,-0.007636,31.02,66.5079963674631
63712,-8.449057,-3.576073,3.999005,-0.007636,-0.001222,-0.005956,31.03,66.4488755471801
63722,-8.438289,-3.583252,4.003192,-0.007025,-0.001374,-0.005803,31.03,66.4106160675374
63732,-8.44128,-3.598207,3.983452,-0.007178,-0.001833,-0.006261,31.06,66.5339583386055
63742,-8.447861,-3.588636,4.003192,-0.006567,-0.00168,-0.005956,31.06,66.435608919939
63752,-8.453843,-3.585046,3.994219,-0.00672,-0.001833,-0.005803,31.03,66.4920563862573
63762,-8.452048,-3.597011,3.996014,-0.00733,-0.002138,-0.006872,31.03,66.4895458993926
63772,-8.447262,-3.591029,3.995416,-0.006872,-0.002596,-0.007483,31.07,66.4772831173047
63782,-8.449656,-3.586841,3.996612,-0.007178,-0.002902,-0.007636,31.07,66.4723000663081
63792,-8.443673,-3.597011,4.015156,-0.007025,-0.002749,-0.006872,31.07,66.3715722134711
63802,-8.452048,-3.589832,4.001398,-0.006567,-0.001985,-0.007025,31.04,66.4548966584393
63812,-8.448458,-3.58744,4.003192,-0.006872,-0.00168,-0.006567,31.04,66.4357963966881
63822,-8.446067,-3.577868,4.010371,-0.007483,-0.001527,-0.007178,31.05,66.3845473540279
63832,-8.435298,-3.583252,4.0008,-0.007483,-0.001222,-0.006872,31.05,66.4168637469639
63842,-8.448458,-3.584448,4.00379,-0.007178,0.000458,-0.006567,31.05,66.4299855506479
63852,-8.448458,-3.589234,4.0008,-0.007025,0.000764,-0.006872,31.05,66.4499463812243
63862,-8.445468,-3.585046,4.005585,-0.007025,0.000764,-0.007178,31.03,66.4148051635251
63872,-8.440681,-3.586841,4.007978,-0.006872,0.00168,-0.006567,31.03,66.39376579057
63882,-8.449656,-3.58744,4.005585,-0.007636,0.001833,-0.006261,31.06,66.4257702426722
63892,-8.44427,-3.588636,3.999603,-0.007789,0.001985,-0.00672,31.06,66.4468770141248
63902,-8.432307,-3.582056,3.999603,-0.00733,0.002749,-0.006109,31.07,66.4157665103947
63912,-8.440084,-3.595216,4.004389,-0.008247,0.003665,-0.005651,31.07,66.4188463919081
63922,-8.450253,-3.592225,3.993023,-0.007483,0.003818,-0.005803,31.04,66.4971937571861
63932,-8.449656,-3.591627,4.002594,-0.00733,0.003971,-0.005192,31.04,66.4451977609921
63942,-8.445468,-3.588636,3.993621,-0.007636,0.004123,-0.006872,31.03,66.4807943646246
63952,-8.462815,-3.581457,4.017549,-0.007941,0.004429,-0.00733,31.03,66.3854722806616
63962,-8.453843,-3.581457,4.002594,-0.00733,0.004734,-0.005803,31.03,66.4449269393244
63972,-8.444869,-3.595216,3.999603,-0.007941,0.004887,-0.005345,31.02,66.454027248873
63982,-8.446067,-3.597609,4.0008,-0.008399,0.004734,-0.005192,31.02,66.4524110983861
63992,-8.445468,-3.588636,3.999603,-0.007941,0.00504,-0.005803,31.02,66.4493988678814
64002,-8.450851,-3.59402,4.00379,-0.007636,0.004887,-0.005345,31.02,66.4435810156212
64012,-8.446067,-3.586841,4.0008,-0.00733,0.004581,-0.005498,31.04,66.4427741608483
64022,-8.456235,-3.591029,3.993023,-0.007941,0.004276,-0.005498,31.04,66.5086851437233
64032,-8.463414,-3.586243,4.001398,-0.00733,0.003665,-0.005498,31.05,66.47558528288
64042,-8.452645,-3.594618,4.0008,-0.007483,0.003971,-0.005956,31.05,66.4635636244917
64052,-8.467003,-3.601198,3.996014,-0.007178,0.003665,-0.005803,31.02,66.524635798916
64062,-8.446664,-3.58744,4.0008,-0.007483,0.003054,-0.006567,31.02,66.4445666562633
64072,-8.453244,-3.594618,3.995416,-0.007178,0.002443,-0.005803,31.05,66.493056140597
64082,-8.458628,-3.586243,3.999005,-0.00733,0.002749,-0.005498,31.05,66.4780743812138
64092,-8.440681,-3.592225,4.003192,-0.007636,0.001527,-0.006567,31.02,66.4237010792899
64102,-8.454441,-3.58385,3.999005,-0.007789,0.001527,-0.005956,31.02,66.4671408216689
64112,-8.452645,-3.591029,3.996014,-0.00733,0.001374,-0.006414,31.05,66.4854578177801
64122,-8.449656,-3.592823,4.001398,-0.00672,0.000611,-0.006414,31.05,66.4525391774695
64132,-8.456235,-3.583252,3.998407,-0.00733,0.000153,-0.006414,31.05,66.4735163736674
64142,-8.459227,-3.59402,3.996014,-0.007178,-0.000305,-0.008094,31.03,66.501943331551
64152,-8.445468,-3.59043,3.994817,-0.007025,0,-0.006567,31.03,66.4761196402452
64162,-8.448458,-3.586243,4.003192,-0.005956,-0.000305,-0.006261,31.07,66.4347263283042
64172,-8.455039,-3.57727,3.999603,-0.006414,-0.000458,-0.007178,31.07,66.4593999386526
64182,-8.455637,-3.589832,3.995416,-0.006109,0,-0.006567,31.04,66.4938108991724
64192,-8.4347,-3.597609,4.001398,-0.006414,-0.000916,-0.006567,31.04,66.4253476427127
64202,-8.450851,-3.592225,3.996612,-0.006414,-0.000458,-0.006414,31.08,66.4796195232812
64212,-8.452645,-3.6006,4.001996,-0.006872,-0.000153,-0.006109,31.08,66.4626431921456
64222,-8.443673,-3.592823,4.001398,-0.00733,-0.000458,-0.006261,31.06,66.4399502237115
64232,-8.453244,-3.58744,3.994219,-0.00672,-0.001222,-0.006872,31.06,66.4929316545797
64242,-8.449057,-3.583252,3.996014,-0.007483,-0.000764,-0.007025,31.06,66.470975307263
64252,-8.447861,-3.577868,3.996014,-0.00672,-0.001069,-0.007025,31.06,66.4636560271826
64262,-8.454441,-3.58744,3.996014,-0.007178,-0.000305,-0.006872,31.06,66.4860296138816
64272,-8.450851,-3.588636,4.00379,-0.007025,0.000153,-0.006872,31.06,66.4387669975293
64282,-8.448458,-3.588636,3.999005,-0.006414,0.000458,-0.006261,31.04,66.4588281796332
64292,-8.461619,-3.597011,4.006782,-0.006567,0,-0.00672,31.04,66.4532091478983
64302,-8.454441,-3.597609,3.997808,-0.00672,0.000153,-0.006567,31.06,66.4856960022498
64312,-8.452048,-3.592225,4.001398,-0.006872,0.001069,-0.006109,31.04,66.4570346583893
64322,-8.44427,-3.589234,4.009174,-0.006567,0.000916,-0.00672,31.04,66.3972082644872
64332,-8.446067,-3.588037,4.003192,-0.006567,0.000764,-0.006567,31.06,66.4312953822066
64342,-8.447861,-3.592823,4.0008,-0.006567,0.000611,-0.006872,31.06,66.4518999527436
64352,-8.446067,-3.591627,4.000201,-0.007483,0.000305,-0.00733,31.04,66.4501977125561
64362,-8.451449,-3.595814,4.009174,-0.007178,0.000458,-0.005498,31.04,66.4182261819813
64372,-8.453843,-3.588636,3.996612,-0.00733,0.000305,-0.00672,31.07,66.4827028987183
64382,-8.447262,-3.578466,4.00738,-0.006872,0.000153,-0.006414,31.07,66.4032896301907
64392,-8.452645,-3.58744,3.99721,-0.006261,0.00168,-0.005651,31.02,66.4759815219667
64402,-8.450851,-3.591029,4.002594,-0.006414,0.000764,-0.006414,31.02,66.4471770998374
64412,-8.457432,-3.573082,4.0008,-0.006872,0.000611,-0.005956,31.05,66.454431690479
64422,-8.455039,-3.586841,4.005585,-0.007178,0.000458,-0.005956,31.05,66.4365672891867
64432,-8.452048,-3.586841,4.009174,-0.007178,0.001222,-0.005956,31.05,66.4114590027647
64442,-8.44128,-3.586841,3.999005,-0.00733,0.000611,-0.006261,31.05,66.4421127963198
64452,-8.449656,-3.591627,4.004389,-0.007483,0.001069,-0.007025,31.09,66.4357856910708
64462,-8.450851,-3.588636,4.001996,-0.007483,0.001833,-0.006109,31.09,66.4481743218896
64472,-8.454441,-3.598805,4.006183,-0.00733,0.002291,-0.006261,31.08,66.4428684545709
64482,-8.452048,-3.588037,4.011567,-0.007483,0.002138,-0.005803,31.06,66.3999882896224
64492,-8.443673,-3.586841,4.001398,-0.007636,0.002443,-0.005956,31.06,66.4345946801848
64502,-8.442476,-3.589832,3.998407,-0.00733,0.003971,-0.005956,31.07,66.4504472274602
64512,-8.445468,-3.589234,3.998407,-0.008094,0.003818,-0.006567,31.07,66.4562094352377
64522,-8.448458,-3.591627,4.00379,-0.008247,0.004887,-0.006414,31.07,66.4364051940548
64532,-8.441879,-3.58744,4.007978,-0.007636,0.005498,-0.005498,31.07,66.3968300074404
64542,-8.445468,-3.58744,3.996014,-0.00733,0.005498,-0.006261,31.01,66.4671643797636
64552,-8.449057,-3.59043,3.994817,-0.00733,0.005345,-0.005651,31.01,66.4836642527794
64562,-8.445468,-3.59402,4.006782,-0.007178,0.006109,-0.005498,31.01,66.4165643481038
64572,-8.440084,-3.592225,4.000201,-0.007178,0.006414,-0.005803,31.01,66.4381387725709
64582,-8.449057,-3.59043,3.997808,-0.007483,0.005498,-0.006109,31.02,66.4679707948137
64592,-8.446664,-3.581457,4.006782,-0.006872,0.005803,-0.00504,31.02,66.4078383364135
64602,-8.452048,-3.582056,3.988835,-0.007789,0.004734,-0.006414,31.02,66.5138806259992
64612,-8.452048,-3.594618,3.995416,-0.007025,0.005192,-0.006261,31.02,66.4905449510333
64622,-8.459825,-3.589234,3.994817,-0.006872,0.004276,-0.006109,31.06,66.5052108395462
64632,-8.453843,-3.591029,3.999603,-0.006872,0.004123,-0.005956,31.06,66.4691518943115
64642,-8.445468,-3.582056,3.991827,-0.007483,0.003054,-0.006414,31.03,66.4843386407604
64652,-8.460423,-3.582654,3.988237,-0.007483,0.001985,-0.006567,31.03,66.5351302080534
64662,-8.450253,-3.589832,3.989433,-0.007636,0.001833,-0.006567,31.03,66.5139005446663
64672,-8.446067,-3.597011,3.993023,-0.007789,0.001069,-0.006567,31.09,66.4926791361
64682,-8.449057,-3.588636,3.999005,-0.00672,0.000458,-0.006261,31.09,66.4600882407148
64692,-8.454441,-3.58385,4.000201,-0.00672,0.000305,-0.006109,31.03,66.4608682936291
64702,-8.453843,-3.591029,3.991827,-0.007483,-0.000305,-0.006109,31.03,66.5099396321641
64712,-8.448458,-3.585645,3.999005,-0.006872,-0.000916,-0.006567,31.02,66.4561561218954
64722,-8.455039,-3.589234,3.999005,-0.006872,-0.001069,-0.00733,31.02,66.4731992410413
64732,-8.456833,-3.591627,4.00379,-0.006567,-0.000916,-0.006109,31.06,66.4540209361873
64742,-8.450253,-3.593421,3.996612,-0.007025,-0.001374,-0.006567,31.06,66.4794314456659
64752,-8.449656,-3.589832,4.0008,-0.007025,-0.001374,-0.00672,31.03,66.453001422207
64762,-8.456235,-3.589832,3.99063,-0.007636,-0.001527,-0.007025,31.03,66.5201728896981
64772,-8.450851,-3.585645,3.991827,-0.007636,-0.001069,-0.005803,31.05,66.4988565983273
64782,-8.459825,-3.588636,4.001398,-0.007178,-0.00168,-0.006414,31.05,66.4701771797646
64792,-8.450851,-3.586243,3.99721,-0.00733,-0.00168,-0.006872,31.06,66.4711416939544
64802,-8.446664,-3.580859,3.988835,-0.007483,-0.001222,-0.006414,31.06,66.5014999466272
64812,-8.461619,-3.58385,3.997808,-0.00672,-0.000916,-0.006414,31.03,66.4885029883422
64822,-8.440681,-3.582654,4.000201,-0.00672,-0.001374,-0.00672,31.05,66.4308254797981
64832,-8.445468,-3.57727,3.999603,-0.007483,-0.000611,-0.007178,31.05,66.4392426825334
64842,-8.452645,-3.583252,4.004987,-0.008094,-0.000153,-0.005803,31.02,66.4314585538124
64852,-8.450851,-3.580261,4.006183,-0.007789,0.000305,-0.00733,31.02,66.4187378142945
64862,-8.443673,-3.588636,4.002594,-0.007483,0.000305,-0.00672,31.03,66.4299260771582
64872,-8.447861,-3.588636,3.995416,-0.00733,0.000611,-0.007025,31.03,66.4764044832733
64882,-8.458031,-3.592823,4.00379,-0.007941,0.000458,-0.00672,31.03,66.4576064449932
64892,-8.451449,-3.59043,3.999603,-0.007941,0.001222,-0.005651,31.03,66.463584598092
64902,-8.438888,-3.588636,4.006782,-0.007636,0.000764,-0.005956,31.01,66.3978671424027
64912,-8.454441,-3.585046,3.999603,-0.007789,0.001833,-0.006109,31.01,66.4650708667876
64922,-8.446067,-3.592225,3.996612,-0.007636,0.000611,-0.006567,31.04,66.4695636374831
64932,-8.450253,-3.6006,4.003192,-0.007789,0.001833,-0.00672,31.04,66.4513479338325
64942,-8.442476,-3.585645,4.004389,-0.007483,0.002291,-0.005956,31.07,66.4153080581025
64952,-8.452645,-3.595216,3.998407,-0.007636,0.002138,-0.005651,31.07,66.4766458062525
64962,-8.452048,-3.594618,3.996014,-0.007789,0.002138,-0.006414,31.04,66.4874081819017
64972,-8.453843,-3.59043,4.004389,-0.007025,0.00168,-0.007178,31.04,66.4435251180077
64982,-8.457432,-3.585645,4.001398,-0.007636,0.002291,-0.006414,31.03,66.462481960345
64992,-8.446067,-3.592823,4.0008,-0.007483,0.002291,-0.006414,31.06,66.4481257144127
65002,-8.446664,-3.595216,4.008576,-0.007636,0.001985,-0.006109,31.06,66.410750150537
65012,-8.450253,-3.591029,4.004987,-0.006872,0.002443,-0.006109,31.11,66.4333719714689
65022,-8.440681,-3.583252,4.00379,-0.007789,0.003054,-0.005345,31.11,66.4125233234756
65032,-8.453843,-3.589234,4.00379,-0.00733,0.002902,-0.005192,31.05,66.4455967700546
65042,-8.449057,-3.585645,4.001398,-0.00672,0.002749,-0.005192,31.05,66.4448629499634
65052,-8.436494,-3.588037,4.00379,-0.00733,0.002443,-0.006414,31.02,66.4079803825773
65062,-8.449656,-3.591029,4.002594,-0.00733,0.003512,-0.005651,31.02,66.4446630057748
65072,-8.445468,-3.589832,4.006782,-0.007178,0.004123,-0.005498,31.04,66.412812020134
65082,-8.447861,-3.59402,4.0008,-0.006872,0.003818,-0.005803,31.04,66.4529709149665
65092,-8.453843,-3.585645,4.001398,-0.00672,0.004581,-0.005498,31.05,66.4549342757268
65102,-8.446067,-3.591627,4.000201,-0.00733,0.004123,-0.005803,31.05,66.4501977125561
65112,-8.449656,-3.595216,4.000201,-0.006567,0.004581,-0.005498,31.04,66.4609567580858
65122,-8.453244,-3.591627,3.995416,-0.007025,0.003818,-0.006109,31.04,66.490386526568
65132,-8.451449,-3.598805,4.001398,-0.00733,0.003971,-0.005956,31.06,66.4616592723912
65142,-8.44128,-3.584448,3.997808,-0.006872,0.002596,-0.006872,31.06,66.4462552771877
65152,-8.443074,-3.59402,3.992425,-0.006567,0.003207,-0.005651,31.07,66.4868541358987
65162,-8.450253,-3.581457,3.999603,-0.006567,0.00336,-0.005192,31.07,66.4530581943448
65172,-8.460423,-3.580261,3.993621,-0.007025,0.003665,-0.005803,31.07,66.5047573941467
65182,-8.453244,-3.597011,3.996014,-0.007483,0.003207,-0.005956,31.05,66.4920566584425
65192,-8.447262,-3.586841,3.998407,-0.007636,0.003512,-0.005651,31.05,66.4578454138539
65202,-8.460423,-3.588636,3.991827,-0.007636,0.002749,-0.005956,31.09,66.5216139517215
65212,-8.446664,-3.586243,4.003192,-0.007178,0.001833,-0.006109,31.09,66.4309480550735
65222,-8.437093,-3.582654,4.005585,-0.006872,0.002291,-0.00672,31.05,66.3949959290958
65232,-8.451449,-3.58744,3.995416,-0.00733,0.002443,-0.006261,31.05,66.4828794825494
65242,-8.459227,-3.58744,3.996014,-0.00672,0.003512,-0.005192,31.1,66.4960814988108
65252,-8.454441,-3.589234,4.004389,-0.00733,0.00336,-0.005803,31.1,66.4437147517189
65262,-8.447262,-3.582654,3.993621,-0.007025,0.001985,-0.005651,31.04,66.4792265177552
65272,-8.444869,-3.588037,3.99721,-0.00733,0.000764,-0.006109,31.04,66.4601603769793
65282,-8.458628,-3.584448,3.995416,-0.006872,0.001985,-0.006109,31.05,66.4952963485733
65292,-8.448458,-3.59402,3.994219,-0.007483,0.001985,-0.00672,31.05,66.4887508157555
65302,-8.450253,-3.586841,3.994817,-0.007483,0.002138,-0.005956,31.05,66.4829742731783
65312,-8.450253,-3.592225,3.999603,-0.007483,0.000764,-0.006872,31.05,66.4626738201195
65322,-8.457432,-3.588636,4.000201,-0.007483,0.00168,-0.006567,31.03,66.471423689874
65332,-8.446664,-3.592823,3.99063,-0.007636,0.001527,-0.00672,31.05,66.5027502636862
65342,-8.451449,-3.585645,3.987639,-0.00733,0.001374,-0.005803,31.05,66.5220979639823
65352,-8.449656,-3.598207,3.998407,-0.008094,0.000764,-0.005803,31.05,66.4730408724311
65362,-8.443673,-3.584448,3.998407,-0.007941,0.000153,-0.00672,31.05,66.4481512146892
65372,-8.450851,-3.589234,4.0008,-0.007941,0.001069,-0.006414,31.09,66.4549808298903
65382,-8.448458,-3.578466,4.001398,-0.007483,0.000305,-0.00672,31.09,66.4371912364853
65392,-8.443074,-3.58744,3.99721,-0.00733,-0.000611,-0.006109,31.04,66.4558485754477
65402,-8.453244,-3.589832,3.996014,-0.00733,-0.000153,-0.00672,31.04,66.4856480818714
65412,-8.443074,-3.593421,3.996612,-0.00672,-0.000305,-0.007025,31.05,66.4643392983656
65422,-8.46102,-3.593421,3.993023,-0.007025,-0.000153,-0.007025,31.05,66.5208523146986
65432,-8.456833,-3.588636,4.00379,-0.007178,-0.000458,-0.00733,31.04,66.451351400094
65442,-8.451449,-3.579663,3.998407,-0.00672,-0.000153,-0.00672,31.04,66.4602506676675
65452,-8.445468,-3.59043,4.001996,-0.006414,-0.000153,-0.00672,31.07,66.4384492521116
65462,-8.44427,-3.594618,4.004987,-0.00672,-0.000458,-0.006872,31.07,66.4239900546709
65472,-8.455039,-3.595814,4.003192,-0.007636,-0.000305,-0.006261,31.03,66.4571244301219
65482,-8.44128,-3.582654,3.993023,-0.007178,-0.000764,-0.006567,31.03,66.4697779548247
65492,-8.44128,-3.586841,3.99721,-0.006872,-0.001527,-0.00672,31.05,66.4515356060262
65502,-8.461619,-3.593421,4.002594,-0.007178,-0.000611,-0.007178,31.05,66.4719434079206
65512,-8.445468,-3.58744,3.996014,-0.006567,-0.000611,-0.006414,31.05,66.4671643797636
65522,-8.439486,-3.595216,4.001996,-0.00733,-0.000916,-0.006109,31.03,66.4301419079907
65532,-8.442476,-3.592225,3.996612,-0.007178,-0.000305,-0.007025,31.03,66.4620106611105
65542,-8.447861,-3.58744,4.0008,-0.006872,0,-0.007483,31.07,66.4470863549281
65552,-8.446067,-3.583252,4.009772,-0.006872,0.000153,-0.006109,31.07,66.3925051266976
65562,-8.450851,-3.59043,4.009772,-0.006872,0.000611,-0.006261,31.02,66.4090137294884
65572,-8.447861,-3.592823,3.997808,-0.007636,0.001222,-0.00672,31.02,66.4675951042871
65582,-8.446664,-3.588037,3.999005,-0.007178,0.001374,-0.006261,31.05,66.4545181379421
65592,-8.457432,-3.589832,4.005585,-0.006414,0.00168,-0.006109,31.05,66.4442713567617
65602,-8.451449,-3.589832,4.000201,-0.007636,0.001527,-0.006414,31.05,66.4599141911065
65612,-8.452645,-3.585645,3.999603,-0.007483,0.002596,-0.006261,31.05,66.4618279963071
65622,-8.436494,-3.591029,4.002594,-0.00733,0.00336,-0.006109,31.02,66.4169422945963
65632,-8.446067,-3.58385,4.0008,-0.007789,0.003818,-0.006109,31.02,66.4401003583413
65642,-8.456235,-3.586841,3.991228,-0.007636,0.003818,-0.005956,31.1,66.5143719214342
65652,-8.458628,-3.591029,4.00738,-0.007636,0.004429,-0.005956,31.1,66.4384502173719
65662,-8.450851,-3.593421,3.998407,-0.007941,0.004734,-0.006109,31.02,66.4712725604547
65672,-8.453843,-3.589234,4.010969,-0.007025,0.005803,-0.005803,31.02,66.4079735484549
65682,-8.446664,-3.577868,3.993621,-0.007025,0.006261,-0.006109,31.03,66.4736995729265
65692,-8.459227,-3.577868,3.999603,-0.007789,0.006872,-0.005651,31.07,66.4687429483051
65702,-8.449656,-3.585645,4.00379,-0.007789,0.006414,-0.005192,31.07,66.4335783328846
65712,-8.444869,-3.59043,4.001398,-0.007178,0.00672,-0.005192,31.04,66.4403253185917
65722,-8.459825,-3.580859,4.003192,-0.00733,0.006414,-0.005345,31.04,66.4538464486774
65732,-8.456833,-3.585046,3.999603,-0.007941,0.006414,-0.006872,31.07,66.4701000611692
65742,-8.458628,-3.586243,4.003192,-0.008552,0.006414,-0.006109,31.07,66.4561257020472
65752,-8.455637,-3.588037,4.002594,-0.008399,0.006261,-0.005651,31.08,66.4545710926315
65762,-8.451449,-3.58385,3.992425,-0.00733,0.007025,-0.005192,31.08,66.4953745060956
65772,-8.44427,-3.599404,3.99721,-0.007789,0.006261,-0.005803,31.04,66.4690740295837
65782,-8.446664,-3.586243,3.990032,-0.006414,0.006109,-0.005803,31.04,66.5000151983632
65792,-8.447861,-3.591627,3.990032,-0.006109,0.005192,-0.006414,31.07,66.507335331889
65802,-8.469396,-3.589234,3.998407,-0.006872,0.004887,-0.006872,31.07,66.5064703957996
65812,-8.453244,-3.59043,3.994219,-0.007941,0.003818,-0.006872,31.09,66.495597995778
65822,-8.458031,-3.591627,3.993023,-0.00672,0.003207,-0.006261,31.09,66.5129862709245
65832,-8.455039,-3.592225,4.005585,-0.00733,0.003054,-0.006567,31.05,66.4413759418036
65842,-8.452645,-3.591627,3.993023,-0.007178,0.002596,-0.006261,31.05,66.5016828545725
65852,-8.458031,-3.591029,4.004389,-0.006261,0.001374,-0.00672,31.06,66.4528663381282
65862,-8.462217,-3.595216,3.994817,-0.006414,-0.000611,-0.007025,31.07,66.5155545083395
65872,-8.441879,-3.585645,3.992425,-0.007178,-0.001069,-0.006872,31.07,66.4768522168013
65882,-8.453843,-3.58744,3.99721,-0.006872,-0.002291,-0.006109,31.05,66.4784995169023
65892,-8.460423,-3.586841,3.992425,-0.00672,-0.003054,-0.00733,31.05,66.5168807302897
65902,-8.460423,-3.602395,3.994817,-0.006109,-0.003207,-0.007941,31.06,66.5181938446071
65912,-8.447262,-3.592225,4.000201,-0.006872,-0.003512,-0.007636,31.06,66.4532469023665
65922,-8.449656,-3.588037,3.989433,-0.006872,-0.003971,-0.00672,31.05,66.5110462061619
65932,-8.454441,-3.600002,3.989433,-0.00733,-0.00336,-0.007025,31.05,66.5317578191999
65942,-8.446664,-3.585046,4.00379,-0.007178,-0.003818,-0.006414,31.02,66.4267408343801
65952,-8.452645,-3.588636,3.989433,-0.005956,-0.004429,-0.006109,31.02,66.5178555520435
65962,-8.445468,-3.588037,4.002594,-0.006109,-0.004429,-0.006109,31.04,66.4331707508951
65972,-8.456235,-3.596412,4.003192,-0.00672,-0.003971,-0.005956,31.04,66.4601717598785
65982,-8.447861,-3.588037,3.988835,-0.007178,-0.004123,-0.006261,31.04,66.510416048186
65992,-8.448458,-3.598207,4.001996,-0.007178,-0.004123,-0.006414,31.04,66.4517020956042
66002,-8.452048,-3.588037,3.997808,-0.006261,-0.003512,-0.005651,31.05,66.472122353418
66012,-8.449656,-3.591627,4.001398,-0.007483,-0.003818,-0.005498,31.05,66.451469727079
66022,-8.441879,-3.592823,4.005585,-0.006414,-0.003054,-0.005803,31.05,66.414207832007
66032,-8.461619,-3.597609,4.004987,-0.007178,-0.002291,-0.006872,31.08,66.463144063292
66042,-8.440084,-3.586243,3.999603,-0.007178,-0.002443,-0.005956,31.08,66.4359187231892
66052,-8.450851,-3.598207,3.99721,-0.005956,-0.001374,-0.005651,31.06,66.4818287102604
66062,-8.442476,-3.599404,4.00738,-0.00733,-0.001527,-0.006109,31.06,66.4119574100321
66072,-8.443673,-3.595216,4.00379,-0.00733,-0.000153,-0.005651,31.07,66.4295469455421
66082,-8.456235,-3.588037,3.997808,-0.00733,0,-0.005345,31.07,66.4809218340687
66092,-8.447861,-3.58385,4.009772,-0.00733,0.001222,-0.006414,31.09,66.3968242312948
66102,-8.443673,-3.59402,4.006183,-0.00733,0.002291,-0.005345,31.09,66.4159244884782
66112,-8.453244,-3.592225,4.00379,-0.007025,0.003054,-0.005345,31.05,66.4470090499794
66122,-8.443673,-3.581457,4.009772,-0.007178,0.003818,-0.005803,31.05,66.3858464913298
66132,-8.439486,-3.588636,3.998407,-0.007025,0.004887,-0.005651,31.04,66.4430802714225
66142,-8.439486,-3.582654,4.006782,-0.006872,0.005192,-0.005192,31.04,66.3937657916663
66152,-8.440681,-3.584448,4.00738,-0.007483,0.005651,-0.005345,31.04,66.394757882307
66162,-8.454441,-3.580859,3.999603,-0.00733,0.00672,-0.005498,31.04,66.4613385532619
66173,-8.44427,-3.58385,4.012764,-0.006567,0.007636,-0.004734,31.02,66.3735610734842
66182,-8.44427,-3.595814,4.009772,-0.006261,0.008094,-0.005803,31.02,66.3999737437109
66192,-8.448458,-3.592823,4.002594,-0.006567,0.00901,-0.004887,31.04,66.4437470864358
66202,-8.446067,-3.58385,4.0008,-0.00672,0.009163,-0.005498,31.02,66.4401003583413
66212,-8.457432,-3.585046,3.988835,-0.00672,0.008705,-0.005803,31.02,66.527843638578
66222,-8.458628,-3.588037,3.991827,-0.006872,0.009621,-0.004887,31.09,66.5173155870323
66232,-8.452048,-3.591627,4.000201,-0.007178,0.008858,-0.005803,31.09,66.4627770877104
66242,-8.454441,-3.586243,3.992425,-0.00733,0.008094,-0.00672,31.03,66.5037921705785
66252,-8.458031,-3.585046,4.004389,-0.007178,0.009163,-0.006872,31.03,66.4475293884432
66262,-8.460423,-3.588037,4.0008,-0.00672,0.009316,-0.005803,31.05,66.4740339988719
66272,-8.455637,-3.59402,3.997808,-0.007025,0.008247,-0.005956,31.05,66.4850024346945
66282,-8.452645,-3.579065,3.999005,-0.007178,0.007789,-0.006261,31.04,66.459097454754
66292,-8.458031,-3.586841,3.988835,-0.00733,0.007483,-0.005345,31.04,66.5306967106234
66302,-8.449656,-3.581457,3.987639,-0.007636,0.006414,-0.006567,31.03,66.5146024844002
66312,-8.447861,-3.577868,3.993023,-0.007941,0.005803,-0.006261,31.03,66.4793587321879
66322,-8.458628,-3.580261,3.981657,-0.00733,0.005345,-0.005956,31.02,66.5637820159853
66332,-8.455039,-3.58744,3.992425,-0.008094,0.004276,-0.005498,31.02,66.5061141477947
66342,-8.458628,-3.584448,3.99721,-0.007483,0.003665,-0.005651,31.04,66.4858879437141
66352,-8.456833,-3.586841,3.99063,-0.007636,0.002291,-0.006109,31.04,66.5187646448656
66362,-8.462815,-3.588037,4.007978,-0.007025,0.001985,-0.006414,31.04,66.4414527376964
66372,-8.460423,-3.588037,4.005585,-0.007636,-0.000458,-0.006567,31.06,66.4489591017102
66382,-8.454441,-3.59043,4.008576,-0.008094,-0.000764,-0.007636,31.06,66.4228400857627
66392,-8.455637,-3.589234,3.996612,-0.008094,-0.002138,-0.007025,31.06,66.487004981273
66402,-8.46461,-3.579065,3.999603,-0.007025,-0.002138,-0.00672,31.06,66.4811225892928
66412,-8.450851,-3.589234,3.99721,-0.00733,-0.002596,-0.007789,31.05,66.4738114795536
66422,-8.458628,-3.582654,4.00738,-0.006414,-0.003207,-0.007483,31.05,66.4309784336439
66432,-8.449057,-3.586243,3.989433,-0.006872,-0.003971,-0.007025,31.03,66.508188403891
66442,-8.454441,-3.582654,3.991827,-0.006567,-0.004581,-0.007178,31.03,66.5037342845208
66452,-8.452645,-3.59043,3.99063,-0.005956,-0.004276,-0.007025,31.05,66.5131723297982
66462,-8.449057,-3.592823,3.991228,-0.006109,-0.00504,-0.007025,31.05,66.5046365132361
66472,-8.454441,-3.580261,4.001398,-0.007178,-0.004887,-0.007178,31.01,66.4513913633384
66482,-8.447861,-3.588037,3.999005,-0.007025,-0.00504,-0.007483,31.01,66.4570368952719
66492,-8.459825,-3.585645,4.000201,-0.006414,-0.004276,-0.006414,31.05,66.4737867276568
66502,-8.457432,-3.588636,3.991228,-0.006567,-0.004887,-0.00672,31.05,66.5184818243208
66512,-8.449057,-3.59043,3.993621,-0.006567,-0.004887,-0.006872,31.1,66.4899405845383
66522,-8.449656,-3.589832,4.004987,-0.006872,-0.004887,-0.00733,31.1,66.4310447267904
66532,-8.44128,-3.585645,4.009772,-0.006414,-0.004276,-0.006567,31.04,66.3845477234514
66542,-8.445468,-3.59043,4.000201,-0.00672,-0.003971,-0.006567,31.04,66.4478661373488
66552,-8.451449,-3.582056,3.999005,-0.006567,-0.004276,-0.006414,31.05,66.4592470520296
66562,-8.458031,-3.600002,3.995416,-0.006414,-0.002902,-0.006872,31.03,66.5079052816693
66572,-8.446067,-3.595216,4.004987,-0.00672,-0.003512,-0.007025,31.03,66.4283093448293
66582,-8.445468,-3.59043,3.993621,-0.006567,-0.002291,-0.005803,31.02,66.4823975115734
66592,-8.44427,-3.597011,3.996014,-0.006261,-0.001833,-0.005803,31.02,66.4732065501679
66602,-8.450253,-3.595216,4.009772,-0.006261,-0.000764,-0.006872,31,66.4120394801438
66612,-8.440681,-3.591029,3.997808,-0.007178,-0.000458,-0.006414,31,66.4508843226015
66622,-8.444869,-3.600002,4.009174,-0.00672,0.000611,-0.005651,31.05,66.4081287596107
66632,-8.440681,-3.586243,4.006183,-0.007025,0.001374,-0.005803,31.05,66.402646276526
66642,-8.438289,-3.59402,4.003192,-0.007178,0.002138,-0.006261,31.07,66.4202714147457
66652,-8.455039,-3.586243,4.010969,-0.007025,0.002138,-0.006109,31.07,66.4078192302921
66662,-8.444869,-3.591029,4.008576,-0.007941,0.003207,-0.006414,31.02,66.403215257086
66672,-8.440681,-3.586841,4.001996,-0.007789,0.003665,-0.005803,31.02,66.4251521773835
66682,-8.443673,-3.595814,4.004987,-0.007483,0.004734,-0.005498,31.03,66.4238052278125
66692,-8.448458,-3.59402,4.004987,-0.00672,0.005192,-0.006109,31.03,66.4322706700074
66702,-8.442476,-3.591627,4.009174,-0.008399,0.006261,-0.005803,31.1,66.3955711910798
66712,-8.453843,-3.595216,4.010371,-0.007941,0.007025,-0.005498,31.1,66.4164578588276
66722,-8.449656,-3.58744,4.00379,-0.007483,0.00733,-0.005345,31.02,66.4351825558478
66732,-8.460423,-3.581457,4.006782,-0.006872,0.007941,-0.005651,31.06,66.4368230261196
66742,-8.453843,-3.593421,4.00379,-0.00672,0.008247,-0.005803,31.06,66.4493375015168
66752,-8.443074,-3.586243,3.999005,-0.007025,0.008094,-0.005192,31.02,66.4453562282496
66762,-8.453843,-3.581457,4.002594,-0.007025,0.008552,-0.005651,31.02,66.4449269393244
66772,-8.441879,-3.586243,3.998407,-0.00733,0.008705,-0.005803,31.05,66.4459783144902
66782,-8.449656,-3.588636,4.006782,-0.007483,0.00901,-0.00504,31.05,66.4205640619451
66792,-8.450851,-3.588037,3.996014,-0.007636,0.008552,-0.005651,31.02,66.4790176733142
66802,-8.455039,-3.59402,3.997808,-0.007789,0.008705,-0.005345,31.02,66.4837467500993
66812,-8.460423,-3.595814,4.001398,-0.007483,0.008858,-0.00504,31,66.4778334534251
66822,-8.447861,-3.583252,3.987041,-0.006872,0.008094,-0.004734,31,66.5155710153472
66832,-8.456235,-3.585046,3.987041,-0.006872,0.008247,-0.004887,31.01,66.5347480698358
66842,-8.448458,-3.586841,3.993023,-0.00672,0.007483,-0.005803,31.01,66.488616646297
66852,-8.450851,-3.574877,3.988835,-0.005956,0.007789,-0.005956,31.01,66.5049770264546
66862,-8.458031,-3.591627,3.999005,-0.005803,0.00733,-0.005803,31.01,66.4816189332985
66872,-8.456235,-3.595814,3.986442,-0.006261,0.006109,-0.005956,31.01,66.5474765801601
66882,-8.451449,-3.58744,3.986442,-0.006414,0.005956,-0.005651,31.01,66.5299816926664
66892,-8.442476,-3.582056,3.994817,-0.00733,0.004276,-0.005651,31.02,66.4623402554691
66902,-8.456833,-3.585645,3.990032,-0.007025,0.003665,-0.005956,31.05,66.5208381669099
66912,-8.459227,-3.589832,3.987639,-0.006414,0.003054,-0.006261,31.05,66.542140344683
66922,-8.447861,-3.598207,3.991228,-0.007178,0.002749,-0.005956,31.03,66.5069359088872
66932,-8.446664,-3.592823,3.994817,-0.007178,0.002291,-0.006261,31.03,66.4807731697416
66942,-8.454441,-3.600002,4.013362,-0.007483,0.001833,-0.005956,31.01,66.4063367797971
66952,-8.464012,-3.591627,3.994219,-0.007178,0.000458,-0.006567,31.01,66.5192576637554
66962,-8.452048,-3.588037,3.993621,-0.00733,-0.000305,-0.006109,31.05,66.4940891794074
66972,-8.448458,-3.583252,3.993621,-0.007025,-0.000764,-0.007636,31.05,66.4822755559878
66982,-8.450253,-3.586243,3.989433,-0.00672,-0.00168,-0.007636,31.05,66.5107005595183
66992,-8.46102,-3.596412,3.996014,-0.007025,-0.002443,-0.00672,31.05,66.5078358982794
67002,-8.456833,-3.591029,3.994817,-0.007178,-0.003054,-0.006261,31.07,66.5005304493436
67012,-8.455637,-3.592225,3.982853,-0.007483,-0.002291,-0.006261,31.07,66.5618659733979
67022,-8.453244,-3.588636,4.006782,-0.006872,-0.003054,-0.00733,31.08,66.4281187326198
67032,-8.446664,-3.600002,3.999603,-0.007178,-0.003512,-0.006261,31.08,66.4620879701102
67042,-8.451449,-3.593421,3.994817,-0.007483,-0.003818,-0.006872,31.02,66.4913604351532
67052,-8.455039,-3.597011,3.996014,-0.007025,-0.003512,-0.007636,31.02,66.4958240493286
67062,-8.455039,-3.586841,3.993621,-0.007636,-0.004123,-0.006872,31.03,66.4993055493426
67072,-8.446664,-3.586841,4.0008,-0.007178,-0.004429,-0.007941,31.01,66.4440311082566
67082,-8.456235,-3.592225,4.0008,-0.007025,-0.003971,-0.007636,31.01,66.4689700600074
67092,-8.458031,-3.585645,3.994219,-0.007789,-0.003971,-0.006567,31.02,66.5013863619099
67102,-8.447262,-3.585645,4.008576,-0.00672,-0.003971,-0.006567,31.02,66.4034378382531
67112,-8.441879,-3.583252,4.00379,-0.006567,-0.003818,-0.006872,31.02,66.4150498895054
67122,-8.452048,-3.591029,3.993023,-0.00672,-0.001833,-0.006414,31.02,66.4998958461733
67132,-8.449656,-3.591029,3.996612,-0.007178,-0.002443,-0.006872,31.09,66.4760398576752
67142,-8.44427,-3.592823,3.996014,-0.006872,-0.001985,-0.007178,31.09,66.4694580442728
67152,-8.450253,-3.58385,4.010371,-0.006414,-0.00168,-0.00672,31.03,66.3987280175596
67162,-8.458031,-3.59402,4.006183,-0.006872,-0.001222,-0.006414,31.03,66.4461368793655
67172,-8.443673,-3.585645,3.997808,-0.006414,-0.000916,-0.005956,31.04,66.4523655040448
67182,-8.452048,-3.586243,3.99721,-0.006109,-0.000458,-0.007025,31.04,66.4736586103388
67192,-8.450851,-3.59043,3.998407,-0.007025,-0.000611,-0.006872,31.04,66.4686003915855
67202,-8.442476,-3.592823,3.999005,-0.006414,-0.000153,-0.006414,31.04,66.449986920709
67212,-8.448458,-3.585046,4.00379,-0.007025,0.000458,-0.006567,31.04,66.4305200076955
67222,-8.444869,-3.586841,4.006782,-0.006414,0.000764,-0.007025,31.04,66.4088710819571
67232,-8.446664,-3.597609,3.999603,-0.007025,0.001527,-0.005803,31.04,66.459944799981
67242,-8.437692,-3.588037,4.001996,-0.007025,0.00168,-0.006109,31.07,66.4199230968352
67252,-8.435298,-3.582654,3.999603,-0.00733,0.002443,-0.007025,31.07,66.4226137274301
67262,-8.449656,-3.592225,4.010969,-0.007941,0.003207,-0.005651,31.05,66.4018306091457
67272,-8.442476,-3.589234,3.991228,-0.007941,0.002596,-0.007025,31.05,66.4876021688367
67282,-8.441879,-3.586841,4.001996,-0.00672,0.003818,-0.006261,31.07,66.4276769382784
67292,-8.452048,-3.588037,4.00379,-0.00672,0.004123,-0.006414,31.07,66.4407508955183
67302,-8.458031,-3.591627,3.989433,-0.006414,0.004429,-0.006109,31.06,66.5318180382115
67312,-8.448458,-3.58385,3.997808,-0.006567,0.004887,-0.007025,31.06,66.4608340997501
67322,-8.454441,-3.582654,3.999005,-0.007025,0.005651,-0.006109,31.03,66.4660747568518
67332,-8.461619,-3.591627,3.99721,-0.006872,0.005192,-0.005956,31.03,66.498559977701
67342,-8.458628,-3.586841,4.003192,-0.007483,0.005345,-0.005498,31.03,66.456658803954
67352,-8.436494,-3.58744,3.997808,-0.007636,0.006261,-0.005803,31.03,66.4388501633104
67362,-8.447262,-3.585645,3.993621,-0.006872,0.007178,-0.005498,31.02,66.4818956676037
67372,-8.440084,-3.589832,3.994817,-0.007025,0.006567,-0.005192,31.02,66.4642587075578
67382,-8.449656,-3.586243,3.998407,-0.00672,0.006414,-0.004887,31.05,66.4623482425953
67392,-8.449057,-3.59043,4.00379,-0.00672,0.007789,-0.005192,31.05,66.4365951085516
67402,-8.454441,-3.585645,3.993023,-0.006261,0.007636,-0.005956,31.06,66.5001216791371
67412,-8.464012,-3.589832,3.991827,-0.007178,0.007025,-0.005956,31.06,66.5302023718256
67422,-8.451449,-3.583252,3.993023,-0.00672,0.006872,-0.005803,31.06,66.4917029364296
67432,-8.459227,-3.593421,3.996612,-0.007483,0.006872,-0.00504,31.04,66.4982742552882
67442,-8.451449,-3.588037,3.997808,-0.007025,0.006872,-0.006261,31.04,66.470863029997
67452,-8.455039,-3.59043,3.995416,-0.00672,0.006414,-0.005345,31.07,66.4930883515155
67462,-8.446664,-3.589234,3.998407,-0.007025,0.006872,-0.004887,31.07,66.4587259410752
67472,-8.456235,-3.58744,3.993621,-0.007483,0.006261,-0.005651,31.07,66.5023505871141
67482,-8.453244,-3.589832,3.996014,-0.007636,0.005956,-0.005956,31.07,66.4856480818714
67492,-8.448458,-3.589832,3.99721,-0.007636,0.004734,-0.00672,31.05,66.4693143876521
67502,-8.450851,-3.600002,3.99063,-0.007178,0.004276,-0.006414,31.05,66.5179512325906
67512,-8.458628,-3.579065,3.994219,-0.007941,0.003971,-0.005803,31.04,66.4967869193606
67522,-8.447262,-3.591627,3.999005,-0.006872,0.002902,-0.005498,31.04,66.4589861570312
67532,-8.454441,-3.584448,3.991228,-0.007025,0.002443,-0.005803,31.07,66.5084749798048
67542,-8.459825,-3.585645,3.996014,-0.00733,0.001374,-0.005651,31.07,66.4957392228719
67552,-8.458628,-3.581457,3.991228,-0.007483,0.000611,-0.005803,31.04,66.5146056222233
67562,-8.455637,-3.581457,4.002594,-0.007178,0.000458,-0.006261,31.04,66.4487028084919
67572,-8.456833,-3.585645,4.001996,-0.007178,0.000153,-0.006109,31.08,66.4580874782308
67582,-8.457432,-3.593421,3.99721,-0.007025,-0.001527,-0.006872,31.04,66.4913718812678
67592,-8.453244,-3.595216,4.003192,-0.006567,-0.001833,-0.007636,31.04,66.4528172522165
67602,-8.456833,-3.59043,3.99721,-0.006414,-0.002596,-0.00672,31.04,66.4874471453132
67612,-8.456833,-3.592823,3.995416,-0.006261,-0.003207,-0.006414,31.04,66.4989883600084
67622,-8.451449,-3.591029,3.999603,-0.005956,-0.003665,-0.006872,31.06,66.4641196645012
67632,-8.454441,-3.589234,4.0008,-0.006414,-0.003512,-0.007789,31.06,66.4625301570937
67642,-8.450253,-3.595814,4.001996,-0.00733,-0.004123,-0.007025,31.05,66.4533341767747
67652,-8.447262,-3.591627,4.003192,-0.006414,-0.004734,-0.00672,31.05,66.4370238716829
67662,-8.458628,-3.584448,3.997808,-0.006872,-0.004734,-0.007483,31.07,66.4827521074666
67672,-8.442476,-3.586243,3.985246,-0.00733,-0.004734,-0.007789,31.07,66.516354180673
67682,-8.455039,-3.586243,3.997808,-0.007178,-0.003665,-0.007178,31.02,66.4768093232277
67692,-8.449656,-3.588636,4.004389,-0.006414,-0.003207,-0.00672,31.02,66.4331107306138
67702,-8.447861,-3.586243,3.998407,-0.006872,-0.003971,-0.006567,31.04,66.4585716200991
67712,-8.456235,-3.582056,3.999603,-0.006567,-0.003512,-0.005956,31.04,66.466178652421
67722,-8.455637,-3.59402,4.002594,-0.005956,-0.002902,-0.007178,31.02,66.4599124740615
67732,-8.446067,-3.596412,4.00379,-0.007025,-0.002443,-0.007636,31.02,66.43565778716
67742,-8.440681,-3.589832,3.99721,-0.006414,-0.002138,-0.007483,31.01,66.4529515563461
67752,-8.453843,-3.585046,3.999005,-0.006872,-0.001069,-0.00733,31.01,66.4669496435256
67762,-8.447262,-3.591029,4.008576,-0.007178,-0.000305,-0.007636,31.05,66.40825804651
67772,-8.451449,-3.588037,3.996612,-0.00733,0.000153,-0.00672,31.05,66.4771372758642
67782,-8.441879,-3.586841,4.001996,-0.00672,0.001527,-0.007483,31.05,66.4276769382784
67792,-8.450851,-3.586243,4.006782,-0.00672,0.001374,-0.007483,31.05,66.4209412506878
67802,-8.455637,-3.588636,3.995416,-0.00672,0.00168,-0.006261,31.05,66.4927447781917
67812,-8.453843,-3.592225,4.004389,-0.007178,0.002596,-0.006567,31.02,66.4451289625201
67822,-8.451449,-3.59043,4.01396,-0.006872,0.002443,-0.006261,31.02,66.3883301325607
67832,-8.450851,-3.585645,3.996014,-0.006872,0.002749,-0.006261,31.08,66.4768833096125
67842,-8.446067,-3.59043,4.0008,-0.007941,0.003971,-0.00672,31.08,66.4459842829001
67852,-8.44427,-3.591029,3.997808,-0.007483,0.004581,-0.006872,31.04,66.4584377040353
67862,-8.439486,-3.581457,4.007978,-0.006872,0.004734,-0.00672,31.04,66.3864178639963
67872,-8.450851,-3.589234,4.006183,-0.00672,0.006109,-0.005498,31.04,66.4267554505018
67882,-8.447861,-3.585645,4.005585,-0.006414,0.006261,-0.005956,31.04,66.420384037655
67892,-8.440084,-3.588636,3.995416,-0.007789,0.006261,-0.005803,31.05,66.4600429478398
67902,-8.456833,-3.579065,3.99721,-0.007178,0.006414,-0.005956,31.05,66.4773239686721
67912,-8.447861,-3.588636,3.991228,-0.00733,0.006261,-0.005498,31.03,66.4983866531513
67922,-8.450851,-3.585645,4.000201,-0.007789,0.007178,-0.006261,31.03,66.4549173547705
67932,-8.44427,-3.595216,3.990032,-0.007178,0.006567,-0.006414,31.05,66.5030006552657
67942,-8.456833,-3.594618,4.002594,-0.007636,0.006872,-0.005345,31.02,66.4629595397663
67952,-8.456833,-3.586243,3.994219,-0.006872,0.007789,-0.005498,31.02,66.4994032145077
67962,-8.449656,-3.586841,3.990032,-0.007636,0.00672,-0.005345,31.06,66.5068350389342
67972,-8.455637,-3.59402,3.999603,-0.00672,0.00672,-0.005345,31.06,66.4755912676801
67982,-8.438289,-3.589234,3.994817,-0.007636,0.006109,-0.006261,31.06,66.4599449783503
67992,-8.446664,-3.593421,3.987639,-0.007636,0.005498,-0.005498,31.06,66.5189881565342
68002,-8.455637,-3.58385,3.988835,-0.007178,0.005498,-0.005651,31.04,66.5230129977416
68012,-8.451449,-3.589234,3.987041,-0.007025,0.004734,-0.006414,31.04,66.5284351046065
68022,-8.456235,-3.580261,4.000201,-0.006872,0.00504,-0.006109,31.05,66.461443695032
68032,-8.443074,-3.591029,3.996612,-0.006872,0.004581,-0.005956,31.05,66.4621983556215
68042,-8.456235,-3.586841,3.990032,-0.007025,0.003818,-0.005498,31.02,66.5206476208787
68052,-8.437093,-3.586841,4.003192,-0.006872,0.003665,-0.006109,31.02,66.41130989953
68062,-8.453843,-3.593421,3.997808,-0.007025,0.00336,-0.00504,31.02,66.4807002207687
68072,-8.456235,-3.584448,3.999005,-0.00672,0.002749,-0.005345,31.02,66.4714458713885
68082,-8.460423,-3.59043,4.004389,-0.007636,0.002749,-0.007178,31.07,66.4573592707879
68092,-8.464012,-3.597609,3.996014,-0.00672,0.002138,-0.00672,31.07,66.5151741963949
68102,-8.448458,-3.589234,3.996612,-0.006872,0.001069,-0.006261,31.04,66.4719178376456
68112,-8.452048,-3.592823,4.001398,-0.007025,0.000611,-0.006567,31,66.4575690662717
68122,-8.452645,-3.581457,3.994817,-0.006414,0,-0.006261,31,66.4832028302234
68132,-8.456235,-3.589234,3.999005,-0.005956,-0.000458,-0.006261,31.03,66.4757123818925
68142,-8.453244,-3.59043,3.992425,-0.006414,-0.000611,-0.005651,31.03,66.5050104723787
68152,-8.455039,-3.598207,3.986442,-0.006567,-0.000611,-0.006109,31.02,66.5471036365355
68162,-8.453843,-3.589234,4.003192,-0.006109,-0.001069,-0.007178,31.02,66.4487317009461
68174,-8.460423,-3.594618,3.99721,-0.006567,-0.001374,-0.007636,31.06,66.4987156108243
68182,-8.451449,-3.585645,3.99721,-0.006567,-0.001985,-0.006261,31.06,66.4718656223919
68192,-8.450851,-3.58385,3.998407,-0.005956,-0.002291,-0.00672,30.98,66.4627264231405
68202,-8.440084,-3.576073,3.987041,-0.006109,-0.002443,-0.00672,30.98,66.4928158856366
68212,-8.446067,-3.589234,4.000201,-0.007025,-0.002443,-0.006261,31.04,66.4480569197067
68222,-8.453843,-3.583252,4.001996,-0.00672,-0.002138,-0.006414,31.04,66.4496636984434
68232,-8.452645,-3.58744,3.992425,-0.005956,-0.002902,-0.006261,31.02,66.5010869214259
68242,-8.453244,-3.59043,3.996612,-0.006567,-0.001985,-0.00733,31.02,66.483044873603
68252,-8.453843,-3.59043,4.007978,-0.007025,-0.002138,-0.005803,31.03,66.4247149831619
68262,-8.450253,-3.597011,4.004987,-0.007025,-0.002902,-0.00672,31.03,66.4387249938854
68272,-8.435897,-3.589832,4.005585,-0.006872,-0.001985,-0.00672,31.01,66.3989113481428
68282,-8.454441,-3.586243,4.003192,-0.00672,-0.002443,-0.006567,31.02,66.4473195214714
68292,-8.446664,-3.586243,4.010969,-0.007636,-0.000916,-0.00672,31.02,66.3901664191371
68302,-8.438289,-3.588037,3.996014,-0.007178,-0.000458,-0.00733,31.03,66.4525871515634
68312,-8.443673,-3.593421,4.006183,-0.007178,-0.000458,-0.007025,31.03,66.4153874392318
68322,-8.449656,-3.594618,4.001996,-0.00733,-0.000458,-0.006261,31.04,66.4510088553879
68332,-8.440681,-3.588037,3.996014,-0.007483,0,-0.006414,31.04,66.4576237866173
68342,-8.450851,-3.591029,3.997808,-0.006872,0.000764,-0.006414,31.03,66.472277434731
68352,-8.437093,-3.591627,4.000201,-0.007025,0.001374,-0.006567,31.03,66.431302153733
68362,-8.436494,-3.582056,4.005585,-0.007483,0.003054,-0.006567,31.09,66.3931951897126
68372,-8.449057,-3.596412,4.004987,-0.007025,0.002902,-0.005498,31.09,66.4356728390454
68382,-8.454441,-3.593421,4.007978,-0.007483,0.003207,-0.006414,31.05,66.4286475245758
68392,-8.443673,-3.59402,3.994817,-0.006872,0.003971,-0.006109,31.05,66.4755564576765
68402,-8.44128,-3.58385,4.008576,-0.006872,0.004276,-0.006109,31.05,66.3892120916663
68412,-8.456235,-3.585645,4.007978,-0.007483,0.005192,-0.006109,31.05,66.4254757309986
68422,-8.454441,-3.591627,4.008576,-0.007025,0.006414,-0.005345,31.02,66.4239101494637
68432,-8.462815,-3.588037,4.001996,-0.007941,0.006872,-0.006414,31.02,66.4727906938317
68442,-8.455039,-3.588037,4.002594,-0.00733,0.007941,-0.00504,31.04,66.4533135260387
68452,-8.451449,-3.593421,4.005585,-0.00733,0.00733,-0.005651,31.01,66.4348935289145
68462,-8.453244,-3.6006,3.997808,-0.007789,0.006872,-0.006414,31.01,66.4858563203481
68472,-8.453843,-3.601796,3.997808,-0.007636,0.00733,-0.00733,31.02,66.4881826633058
68482,-8.452048,-3.601796,3.99721,-0.007636,0.007941,-0.005956,31.02,66.4875511704983
68492,-8.454441,-3.588636,3.988835,-0.007483,0.007941,-0.006567,31.04,66.5247631932441
68502,-8.455637,-3.588636,3.988835,-0.007178,0.007941,-0.00672,31.04,66.5272723704484
68512,-8.460423,-3.591627,3.99721,-0.006872,0.008094,-0.006261,31,66.4960503244607
68522,-8.452048,-3.585645,3.993023,-0.00733,0.007178,-0.006109,31,66.4950945579594
68532,-8.449656,-3.585046,3.999005,-0.00733,0.00672,-0.00672,31.03,66.4581421952062
68542,-8.455039,-3.595216,3.991827,-0.007025,0.005803,-0.006567,31.03,66.5161826455611
68552,-8.462815,-3.595216,3.993023,-0.00733,0.005651,-0.005345,31.04,66.5262125956756
68562,-8.450253,-3.59402,3.994817,-0.006872,0.004581,-0.006261,31.04,66.48938354532
68572,-8.448458,-3.597011,3.993621,-0.006872,0.004429,-0.006872,31,66.4945621368479
68582,-8.448458,-3.583252,3.998407,-0.007483,0.003512,-0.006872,31,66.457157069631
68592,-8.452048,-3.596412,3.999005,-0.006872,0.003054,-0.006261,31.03,66.4733246905433
68602,-8.460423,-3.595216,3.993621,-0.007178,0.002291,-0.006109,31.03,66.5180638629124
68612,-8.461619,-3.583252,4.007978,-0.007025,0.001069,-0.005956,31.05,66.4346727878911
68622,-8.459227,-3.600002,3.99063,-0.007025,0.000153,-0.006414,31.04,66.5355064554276
68632,-8.453843,-3.59043,3.996612,-0.006261,-0.000305,-0.006567,31.04,66.4843032565703
68642,-8.451449,-3.582056,3.997808,-0.007025,-0.001527,-0.007178,31.03,66.465527033037
68652,-8.443074,-3.580261,3.992425,-0.00672,-0.001374,-0.006567,31.03,66.4745583093479
68662,-8.453244,-3.59043,3.995416,-0.007025,-0.00168,-0.006872,31,66.4893185126876
68672,-8.456833,-3.586243,3.991228,-0.006414,-0.002902,-0.00733,31,66.5150947260544
68682,-8.455637,-3.588636,3.989433,-0.00672,-0.003512,-0.007178,31.02,66.5241341823308
68692,-8.457432,-3.588037,4.00379,-0.006109,-0.002902,-0.007178,31.02,66.4520765225766
68702,-8.460423,-3.580859,4.000201,-0.007178,-0.003054,-0.007178,31.04,66.4707831639328
68712,-8.444869,-3.591029,3.990032,-0.005956,-0.003665,-0.006872,31.04,66.5005165524477
68722,-8.453843,-3.598805,3.995416,-0.006872,-0.003512,-0.007178,31.03,66.4980523653593
68732,-8.447861,-3.596412,3.994817,-0.006872,-0.00336,-0.006414,31.03,66.4864972079255
68742,-8.439486,-3.602395,4.004389,-0.006567,-0.003054,-0.006414,31.04,66.4240336957503
68752,-8.444869,-3.589832,4.007978,-0.006261,-0.003054,-0.006414,31.04,66.4052781404362
68762,-8.458031,-3.584448,3.996612,-0.006261,-0.003207,-0.006872,31.02,66.4877697958861
68772,-8.444869,-3.582654,4.00738,-0.006109,-0.002902,-0.006414,31.02,66.4019869249852
68782,-8.446067,-3.585046,4.00379,-0.005651,-0.001527,-0.005956,31.04,66.4254829902515
68792,-8.451449,-3.584448,4.004389,-0.006414,-0.000916,-0.00733,31.03,66.4331434698279
68802,-8.448458,-3.588037,4.003192,-0.00672,-0.001222,-0.007178,31.03,66.4363301687612
68812,-8.455637,-3.591627,4.002594,-0.005956,-0.000305,-0.00672,31.04,66.4577754696725
68822,-8.453843,-3.59402,4.002594,-0.005651,-0.000305,-0.006414,31.04,66.4561420096153
68832,-8.450253,-3.59043,3.994219,-0.006567,0.000916,-0.005956,31.04,66.4893153525154
68842,-8.455039,-3.592225,3.993621,-0.006109,0.001527,-0.005651,31.04,66.5041044128873
68852,-8.448458,-3.591627,4.009772,-0.005956,0.001069,-0.007636,31.05,66.4050442945316
68862,-8.446664,-3.586841,4.009174,-0.006414,0.001833,-0.006414,31.05,66.4001122908218
68872,-8.458031,-3.58385,3.999005,-0.006567,0.003054,-0.006414,31.05,66.4746883974885
68882,-8.435897,-3.589832,4.006782,-0.007483,0.002902,-0.00672,31.05,66.3926300196094
68892,-8.449057,-3.591029,4.004389,-0.00733,0.003512,-0.005956,31.02,66.4339900153231
68902,-8.440084,-3.588037,4.01396,-0.00672,0.003971,-0.006261,31.02,66.3622071815233
68912,-8.443074,-3.591627,4.006782,-0.007025,0.004276,-0.005803,31.08,66.4093755950686
68922,-8.456235,-3.600002,3.993621,-0.007178,0.004429,-0.006261,31.08,66.5135514426825
68932,-8.44427,-3.597609,4.006183,-0.00733,0.004429,-0.005956,31.06,66.4204004070444
68942,-8.446664,-3.58744,4.00379,-0.006872,0.004429,-0.005498,31.06,66.4288820100084
68952,-8.453244,-3.589832,4.018147,-0.006872,0.003971,-0.005498,31.04,66.3696494585296
68962,-8.453244,-3.588037,4.0008,-0.006567,0.005803,-0.005345,31.04,66.458944893036
68972,-8.450851,-3.589832,4.0008,-0.007483,0.005345,-0.005192,31.03,66.45551509267
68982,-8.450253,-3.588037,4.009174,-0.00733,0.00504,-0.00672,31.08,66.4087469332909
68992,-8.44427,-3.58744,3.988835,-0.00733,0.004887,-0.006109,31.08,66.5023384511633
69002,-8.441879,-3.592225,3.998407,-0.007483,0.005498,-0.005803,31.06,66.4513331900666
69012,-8.458031,-3.591029,3.999005,-0.007025,0.005345,-0.005192,31.06,66.4810857058051
69022,-8.442476,-3.584448,3.998407,-0.00672,0.005192,-0.004887,31.07,66.4456300924952
69032,-8.43111,-3.59402,3.999005,-0.006567,0.004581,-0.006261,31.07,66.4271211722194
69042,-8.447861,-3.589234,4.009772,-0.006567,0.004581,-0.006414,31.08,66.4016432164832
69052,-8.453843,-3.59402,3.998407,-0.006872,0.003971,-0.006261,31.08,66.4780939569082
69062,-8.440084,-3.589234,3.995416,-0.00672,0.003665,-0.005956,31.05,66.4605782158477
69072,-8.459227,-3.593421,3.994817,-0.006414,0.003512,-0.006261,31.05,66.5076855197105
69082,-8.440084,-3.579663,3.999603,-0.006567,0.004123,-0.00504,31.06,66.4300305844867
69092,-8.456833,-3.592225,4.0008,-0.007636,0.004123,-0.006261,31.06,66.4702264163807
69102,-8.456833,-3.594618,3.99721,-0.006414,0.003665,-0.006567,31.03,66.4911823138592
69112,-8.449656,-3.585046,3.997808,-0.006567,0.003665,-0.005345,31.03,66.464422401446
69122,-8.453244,-3.584448,3.996612,-0.006414,0.00336,-0.006109,31,66.4777095436193
69132,-8.454441,-3.584448,3.997808,-0.00672,0.00336,-0.005803,31,66.4739521958433
69142,-8.455637,-3.575475,4.009174,-0.00672,0.002443,-0.00504,31.02,66.4088757461968
69152,-8.444869,-3.591627,3.99721,-0.00672,0.00168,-0.006261,31.11,66.4633710966841
69162,-8.452048,-3.596412,4.000201,-0.005803,0.001527,-0.005803,31.11,66.467053422202
69172,-8.458031,-3.588037,3.997808,-0.00672,0.000764,-0.00672,31.06,66.4846946439066
69182,-8.462815,-3.584448,3.994219,-0.007178,0.000458,-0.006109,31.06,66.510363592752
69192,-8.457432,-3.581457,4.006183,-0.006261,0.000764,-0.006414,31.08,66.4336666553181
69202,-8.455637,-3.580859,3.999005,-0.005956,0.000153,-0.007636,31.08,66.4669909306361
69212,-8.453843,-3.591029,4.001996,-0.006567,0.000458,-0.006414,31.03,66.4566048881653
69222,-8.452048,-3.597011,3.998407,-0.007025,0.000458,-0.007483,31.03,66.4769959452648
69232,-8.442476,-3.588037,3.992425,-0.007483,0.000305,-0.007025,31.05,66.4802462024033
69242,-8.453244,-3.579663,3.987639,-0.007178,-0.000305,-0.006567,31.05,66.5205429142841
69252,-8.446664,-3.584448,3.995416,-0.006414,0.000153,-0.006567,31.05,66.4701468729594
69262,-8.440681,-3.586841,3.997808,-0.005498,0.000458,-0.007483,31.05,66.4471347308815
69272,-8.445468,-3.591627,3.992425,-0.006567,0.000916,-0.00733,31.07,66.4897456841939
69282,-8.445468,-3.585645,4.001398,-0.00672,0,-0.00733,31.07,66.4373057470696
69292,-8.454441,-3.588037,3.997808,-0.006414,0.000305,-0.006872,31.04,66.4771522075731
69302,-8.460423,-3.589832,4.00379,-0.007636,0.000458,-0.007178,31.04,66.4599645621847
69312,-8.451449,-3.586841,3.999005,-0.007178,-0.000153,-0.007483,31.04,66.4635164776534
69322,-8.450851,-3.588037,3.997808,-0.006567,0.000305,-0.006109,30.97,66.4696056957178
69332,-8.448458,-3.589832,3.996014,-0.007636,0.000764,-0.006414,30.97,66.4755898879326
69342,-8.46102,-3.583252,4.0008,-0.007178,0,-0.007941,31.03,66.4710274631776
69352,-8.444869,-3.585046,4.003192,-0.007178,0.000611,-0.007178,31.03,66.4260957646955
69362,-8.462217,-3.597011,4.004987,-0.007178,0.000916,-0.006872,31.02,66.4638658319677
69372,-8.452645,-3.586841,3.999603,-0.006872,0.000764,-0.006872,31.02,66.4628952110182
69382,-8.444869,-3.581457,4.00379,-0.005956,0.000305,-0.006414,31.02,66.419748592253
69392,-8.458031,-3.591029,3.993621,-0.005803,0.000305,-0.006261,31.02,66.5093171761729
69402,-8.451449,-3.592225,3.990032,-0.006872,0.000916,-0.006414,31.03,66.5154013432212
69412,-8.453843,-3.59402,4.002594,-0.006261,0.001222,-0.00672,31.03,66.4561420096153
69422,-8.448458,-3.58744,3.996612,-0.006567,0.001069,-0.006109,31.05,66.4703154768023
69432,-8.441879,-3.585046,4.006183,-0.006109,0.000916,-0.005803,31.05,66.4041007095916
69442,-8.458031,-3.598805,3.999005,-0.005956,0.000458,-0.006872,31.04,66.4880235330266
69452,-8.443673,-3.599404,3.998407,-0.00672,0.001374,-0.006872,31.04,66.4615387490262
69462,-8.465807,-3.597609,4.004987,-0.006567,0.001527,-0.006567,31.01,66.4719341390926
69472,-8.447861,-3.598805,4.002594,-0.006414,0.00168,-0.006261,31.01,66.4478468126404
69482,-8.436494,-3.59043,4.002594,-0.00672,0.00168,-0.007483,31.06,66.41640479936
69492,-8.454441,-3.589234,3.998407,-0.006872,0.001985,-0.006261,31.05,66.4750785002054
69502,-8.451449,-3.585046,4.003192,-0.005498,0.002749,-0.006261,31.05,66.4399542918119
69512,-8.451449,-3.582654,4.006782,-0.006567,0.002291,-0.006872,31.02,66.4189942340881
69522,-8.452048,-3.576073,3.999603,-0.006261,0.001985,-0.006567,31.02,66.4520371971111
69532,-8.456235,-3.588037,4.002594,-0.006261,0.003207,-0.006567,31.06,66.4558285461205
69542,-8.456235,-3.584448,4.012764,-0.006414,0.003054,-0.006872,31.06,66.3993318045631
69552,-8.450253,-3.595216,4.004389,-0.00672,0.002902,-0.007025,31.05,66.440253033311
69562,-8.447861,-3.585046,3.991827,-0.007025,0.00336,-0.006109,31.05,66.4920385275789
69572,-8.451449,-3.598207,3.993023,-0.00672,0.002902,-0.006109,31.04,66.5050467403211
69582,-8.443074,-3.600002,3.989433,-0.007025,0.002902,-0.006414,31.04,66.5079161445632
69592,-8.453244,-3.589832,3.996014,-0.00672,0.003512,-0.005956,31.02,66.4856480818714
69602,-8.446067,-3.589832,3.992425,-0.00672,0.003512,-0.005803,31.02,66.4894006984681
69612,-8.439486,-3.585645,3.99721,-0.006872,0.004123,-0.005345,31.04,66.4466867924337
69622,-8.456833,-3.586841,3.991228,-0.006567,0.004276,-0.005651,31.04,66.5156269981319
69632,-8.449656,-3.58744,3.986442,-0.00733,0.004887,-0.005803,31,66.5262185101846
69642,-8.453244,-3.591029,3.996014,-0.006261,0.004429,-0.005803,31,66.4867160997551
69652,-8.449057,-3.589832,3.994817,-0.006414,0.003818,-0.006261,31,66.4831302244776
69662,-8.462815,-3.589832,3.995416,-0.005956,0.003818,-0.006109,31.04,66.5088755544844
69672,-8.453244,-3.588636,4.00379,-0.006414,0.004123,-0.005498,31.04,66.4438025378731
69682,-8.457432,-3.591627,3.980461,-0.006567,0.004123,-0.005498,31.02,66.5776512757445
69692,-8.449057,-3.588636,4.000201,-0.007025,0.004429,-0.005956,31.02,66.4538142763705
69702,-8.453843,-3.59402,4.0008,-0.006872,0.003818,-0.005803,31.05,66.4655468431239
69712,-8.453843,-3.583252,3.990032,-0.006872,0.004276,-0.00504,31.05,66.5124315605607
69722,-8.456833,-3.580859,4.00379,-0.006567,0.003818,-0.005345,31.05,66.4444164059615
69732,-8.447262,-3.589832,4.009772,-0.007178,0.004276,-0.005651,31.05,66.4009163014928
69742,-8.453244,-3.584448,3.991228,-0.007025,0.004734,-0.006261,31.05,66.5059610231612
69752,-8.464012,-3.595216,3.996014,-0.005956,0.004429,-0.005498,31.05,66.5130431274278
69762,-8.452645,-3.589832,3.992425,-0.005498,0.003054,-0.005498,31.07,66.5032195794969
69772,-8.456833,-3.582654,4.002594,-0.006414,0.002596,-0.004887,31.07,66.4522861991345
69782,-8.447262,-3.579065,4.001398,-0.007025,0.00336,-0.006261,31.05,66.4352058115988
69792,-8.437692,-3.588636,3.994817,-0.007178,0.002138,-0.00672,31.05,66.4581525130855
69802,-8.448458,-3.59043,3.995416,-0.00672,0.002291,-0.00504,30.97,66.4792620313951
69812,-8.449656,-3.582654,3.991827,-0.00672,0.002291,-0.005803,30.97,66.493678956243
69822,-8.453244,-3.597011,3.996612,-0.007025,0.001985,-0.006872,31.03,66.4889205129371
69832,-8.452645,-3.585645,3.994219,-0.006567,0.001374,-0.00672,31.02,66.4900729187375
69842,-8.445468,-3.586841,3.985844,-0.006414,0.001069,-0.006261,31.02,66.5200315702223
69852,-8.446664,-3.584448,4.001398,-0.006261,0.001222,-0.005803,31.05,66.4387546245752
69862,-8.449656,-3.589234,3.999005,-0.006872,0.000458,-0.006109,31.05,66.4618824068164
69872,-8.454441,-3.589234,3.994219,-0.006567,0.000764,-0.00672,31.04,66.4970451705101
69882,-8.464012,-3.586841,3.996612,-0.006567,0.000458,-0.006872,31.04,66.5024566615079
69892,-8.463414,-3.575475,3.996014,-0.005803,0.000305,-0.006872,31.02,66.4942385579009
69902,-8.450253,-3.585645,3.995416,-0.006109,0.000305,-0.005956,31.02,66.4787638743705
69912,-8.446067,-3.604787,3.995416,-0.006414,0.000305,-0.006567,31.07,66.487083772509
69922,-8.443673,-3.596412,3.996612,-0.006872,-0.000764,-0.007025,31.07,66.4682770002755
69932,-8.450253,-3.588037,4.008576,-0.007025,0.000153,-0.00733,31.05,66.4118813927648
69942,-8.452645,-3.586841,3.998407,-0.005803,-0.000764,-0.007789,31.05,66.4691682640957
69952,-8.443673,-3.58744,4.000201,-0.005956,-0.000611,-0.00733,31.05,66.4414118499376
69962,-8.452048,-3.589832,4.001398,-0.005956,-0.000764,-0.007789,31.05,66.4548966584393
69972,-8.450253,-3.58744,3.991827,-0.005956,-0.000153,-0.00672,31.07,66.4992007899948
69982,-8.454441,-3.588037,3.992425,-0.005651,0.000611,-0.00672,31.07,66.5053904983724
69992,-8.446067,-3.586841,4.00379,-0.006567,0.000305,-0.007483,31,66.4270886032788
70002,-8.449656,-3.588636,4.00379,-0.005651,0.000458,-0.00672,31.02,66.4362517052562
70012,-8.446664,-3.59043,4.0008,-0.00672,0.000611,-0.007483,31.02,66.4472407151395
70022,-8.442476,-3.580859,3.985844,-0.005803,-0.000153,-0.007483,31.04,66.508408072349
70032,-8.448458,-3.586841,3.994219,-0.006261,0.000611,-0.007789,31.04,66.4823391043391
70042,-8.450253,-3.584448,4.001996,-0.006261,0.000764,-0.00733,31.07,66.4431749167876
70052,-8.455039,-3.59043,3.996014,-0.006261,0.000916,-0.00672,31.07,66.4899518419024
70062,-8.453843,-3.597609,3.996612,-0.006414,0.000916,-0.007025,31.04,66.4907120841882
70072,-8.454441,-3.594618,3.99721,-0.006109,0.001069,-0.007178,31.04,66.4861606562556
70082,-8.447861,-3.58385,3.99063,-0.006261,0.000916,-0.00672,31.04,66.4972564619806
70092,-8.445468,-3.595216,3.993023,-0.006567,0.001374,-0.007025,31.04,66.489815390429
70102,-8.442476,-3.592823,4.001398,-0.006567,0.001374,-0.007483,31.01,66.4374302315676
70112,-8.445468,-3.588636,3.992425,-0.007025,0.000916,-0.008094,31.01,66.4870731619559
70122,-8.44128,-3.585046,3.994817,-0.006872,0.001069,-0.007178,31.06,66.462494474905
70132,-8.443074,-3.592823,3.999603,-0.006872,0.000611,-0.007025,31.06,66.4481074511059
70142,-8.448458,-3.598207,4.006183,-0.006261,0.001374,-0.00672,31.03,66.4297510359571
70152,-8.453843,-3.586841,3.99721,-0.005956,0.000764,-0.007025,31.03,66.4779653281372
70162,-8.455039,-3.585645,4.002594,-0.007178,0.001222,-0.007025,31.03,66.4511791731181
70175,-8.450253,-3.58385,4.00379,-0.00672,0.001833,-0.006567,31.05,66.4332319209621
70182,-8.445468,-3.582056,4.001398,-0.006872,0.00168,-0.006414,31.05,66.4340973104053
70192,-8.445468,-3.580859,3.999005,-0.007025,0.001985,-0.006109,31.06,66.4455861390197
70202,-8.445468,-3.58385,4.003192,-0.006261,0.002138,-0.006261,31.06,66.4262883094682
70212,-8.444869,-3.585645,4.004389,-0.006567,0.002902,-0.005956,31.06,66.4203521810344
70222,-8.447262,-3.594618,4.00379,-0.006414,0.002291,-0.006567,31.06,66.4365654747126
70232,-8.454441,-3.58744,4.006183,-0.007025,0.002596,-0.005803,31.04,66.4327092956443
70242,-8.452048,-3.59043,3.998407,-0.006872,0.00336,-0.006109,31.04,66.4711166187548
70252,-8.454441,-3.596412,3.995416,-0.007178,0.004123,-0.006414,31.05,66.4971703238639
70262,-8.450851,-3.599404,3.999603,-0.007636,0.004429,-0.006414,31.05,66.4703501906091
70272,-8.435298,-3.580859,4.001996,-0.00733,0.004429,-0.006261,31.03,66.408439106388
70282,-8.449656,-3.586243,4.00379,-0.007483,0.004276,-0.006109,31.03,66.4341127232723
70292,-8.459227,-3.580261,3.99721,-0.007483,0.004429,-0.00672,31.04,66.4834206667178
70302,-8.453244,-3.588037,3.991228,-0.007178,0.004276,-0.006261,31.04,66.5091584718639
70312,-8.449656,-3.584448,3.99721,-0.00672,0.004429,-0.006414,31.05,66.4670264188252
70322,-8.459227,-3.58744,4.0008,-0.006109,0.004734,-0.005803,31.05,66.4709893167297
70332,-8.456235,-3.598207,3.999603,-0.006872,0.004887,-0.006414,31,66.4805858248953
70342,-8.449656,-3.577868,3.998407,-0.006567,0.004734,-0.006109,31,66.4548757430922
70352,-8.456833,-3.594618,4.00379,-0.006872,0.003665,-0.005651,31.02,66.4566917850089
70362,-8.449656,-3.591627,3.997808,-0.006261,0.003054,-0.005345,31.05,66.4702997078141
70372,-8.452645,-3.579065,3.999005,-0.006872,0.002138,-0.006109,31.05,66.459097454754
70382,-8.44128,-3.588636,4.000201,-0.006414,0.002749,-0.006414,31.04,66.4374423482674
70392,-8.446664,-3.588636,3.998407,-0.006872,0.002138,-0.006872,31.04,66.4581913470784
70402,-8.444869,-3.588636,3.994219,-0.006261,0.002443,-0.005803,31.05,66.4763954766628
70412,-8.454441,-3.595814,3.99721,-0.006261,0.001374,-0.006567,31.05,66.4872284948535
70422,-8.447262,-3.580859,3.996014,-0.006261,0.001374,-0.006567,31.02,66.4650629629184
70432,-8.441879,-3.589832,4.004987,-0.006872,0.001222,-0.005956,31.02,66.4146631897597
70442,-8.451449,-3.593421,3.998407,-0.00672,0.000611,-0.006109,31.05,66.4725292502465
70452,-8.443673,-3.592225,3.991827,-0.005651,0.000611,-0.006872,31.05,66.4896472771757
70462,-8.447262,-3.585046,4.000201,-0.006567,0.000764,-0.007178,31.07,66.4468284812704
70472,-8.448458,-3.585645,4.005585,-0.006414,0.000611,-0.006567,31.07,66.4216418397048
70482,-8.453244,-3.586841,3.997808,-0.006567,0.000305,-0.006872,31.07,66.473569529085
70492,-8.456235,-3.591627,3.998407,-0.00672,0.000458,-0.00672,31.07,66.4809822957638
70502,-8.449656,-3.588636,4.001996,-0.00672,0.001069,-0.005956,31.05,66.445659796647
70512,-8.458628,-3.591029,4.003192,-0.00672,0.000305,-0.007178,31.05,66.4603937726411
70522,-8.454441,-3.578466,3.999603,-0.006567,0.000611,-0.00672,31.07,66.4592065805719
70532,-8.451449,-3.592225,4.002594,-0.006414,0.001374,-0.006109,31.03,66.4495040770317
70542,-8.452645,-3.588037,3.999603,-0.006109,0.001222,-0.006567,31.03,66.4639626360212
70552,-8.460423,-3.584448,3.998407,-0.006872,0.001374,-0.00733,30.97,66.4833824555307
70562,-8.44128,-3.591029,4.000201,-0.006109,0.001527,-0.005956,30.97,66.4395856876482
70572,-8.455637,-3.58385,4.010371,-0.006567,0.001527,-0.006567,31.07,66.4100747763142
70582,-8.444869,-3.589234,3.99721,-0.00672,0.00168,-0.006567,31.07,66.4612307045735
70592,-8.453843,-3.582056,4.00738,-0.007025,0.001374,-0.006567,31.05,66.4203689955977
70602,-8.452048,-3.588636,4.001996,-0.006872,0.001833,-0.007025,31.05,66.4506926024739
70612,-8.448458,-3.588636,3.99721,-0.007025,0.002443,-0.006109,31.02,66.4682458806029
70622,-8.450851,-3.59402,3.993621,-0.00733,0.002443,-0.006261,31.02,66.4969144010004
70632,-8.455039,-3.591627,3.993621,-0.007636,0.002596,-0.006109,31.05,66.5035711941664
70642,-8.444869,-3.585645,4.008576,-0.006567,0.002749,-0.005651,31.05,66.3983919479438
70652,-8.453244,-3.585645,4.002594,-0.006872,0.00336,-0.005498,31.04,66.4474026612282
70662,-8.451449,-3.580859,3.997808,-0.00733,0.003665,-0.004887,31.04,66.4644597522755
70672,-8.455039,-3.588636,4.00738,-0.00672,0.003818,-0.005498,31.05,66.4287628126798
70682,-8.450851,-3.583252,3.999005,-0.007178,0.00336,-0.006109,31.05,66.459055592162
70692,-8.436494,-3.584448,3.996014,-0.00733,0.004123,-0.005651,31.05,66.4455918658176
70702,-8.446664,-3.580261,3.991228,-0.00672,0.003512,-0.005803,31.05,66.4883990927019
70712,-8.443673,-3.589234,3.991228,-0.007483,0.002902,-0.005498,31.05,66.4901188298602
70722,-8.450851,-3.58744,3.996612,-0.00733,0.003054,-0.005498,31.03,66.475347366187
70732,-8.449656,-3.59043,3.999603,-0.007025,0.003512,-0.005651,31.03,66.459814236063
70742,-8.458031,-3.59402,3.99721,-0.007025,0.002596,-0.006567,31.07,66.4931633364915
70752,-8.450851,-3.580261,3.998407,-0.00672,0.003207,-0.005956,31.07,66.4595252066964
70762,-8.454441,-3.586841,4.003192,-0.006872,0.00336,-0.004581,31,66.447853223431
70772,-8.462217,-3.589832,3.996612,-0.007178,0.001985,-0.006567,31,66.5013512340599
70782,-8.456833,-3.596412,3.997808,-0.006414,0.003207,-0.005803,31.08,66.4896479883842
70792,-8.440084,-3.589832,3.994219,-0.006872,0.002138,-0.006414,31.08,66.4673987780181
70802,-8.448458,-3.585046,3.996612,-0.006414,0.002902,-0.006261,31.02,66.4681779461718
70812,-8.440681,-3.58385,4.000201,-0.006872,0.002596,-0.006109,31.02,66.4318957148973
70822,-8.452645,-3.59043,3.994817,-0.006872,0.002291,-0.006567,31.04,66.491202691358
70832,-8.455039,-3.58385,3.993621,-0.00733,0.002443,-0.005803,31.04,66.4966414508587
70842,-8.453843,-3.585645,3.99063,-0.00672,0.001985,-0.006261,31.02,66.5114235338694
70852,-8.459825,-3.588037,4.00379,-0.006567,0.002291,-0.006261,31.02,66.4571074253779
70862,-8.442476,-3.589234,4.001398,-0.006872,0.001985,-0.005803,31.03,66.434215418592
70872,-8.446067,-3.585046,3.994817,-0.006872,0.002749,-0.006109,31.04,66.4725690959092
70882,-8.456235,-3.58385,4.001996,-0.006567,0.002138,-0.00672,31.04,66.4552294961993
70892,-8.456235,-3.594618,3.994219,-0.007178,0.001222,-0.00672,31.03,66.5056116742851
70902,-8.447262,-3.59043,3.996612,-0.006414,0.001527,-0.007025,31.03,66.4704716271136
70912,-8.443673,-3.591627,4.012764,-0.006872,0.002596,-0.005956,31.04,66.37927428705
70922,-8.455637,-3.586243,3.992425,-0.007025,0.002291,-0.00672,31.04,66.506303574071
70932,-8.449057,-3.58744,3.993023,-0.007025,0.001374,-0.007483,31.01,66.4904101754664
70942,-8.456235,-3.58744,4.002594,-0.007941,0.001985,-0.007483,31.01,66.4552959425655
70952,-8.453843,-3.585046,4.002594,-0.007178,0.001527,-0.007483,31.05,66.4481284939914
70962,-8.447861,-3.59043,3.996612,-0.006872,0.001833,-0.007025,31.05,66.4717311431306
70972,-8.457432,-3.585046,3.999603,-0.006567,0.001985,-0.006261,31.05,66.4713591788281
70982,-8.438888,-3.594618,3.999005,-0.006567,0.001833,-0.00672,31.05,66.4440430788239
70992,-8.456833,-3.592225,4.004987,-0.007025,0.002291,-0.006567,31.06,66.4482819903314
71002,-8.458628,-3.589832,4.007978,-0.007025,0.001833,-0.006414,31.06,66.4342488708503
71012,-8.450253,-3.585645,4.0008,-0.006872,0.001985,-0.006872,31.02,66.4505170326327
71022,-8.451449,-3.580859,3.997808,-0.006872,0.001985,-0.00733,31.02,66.4644597522755
71032,-8.447262,-3.597011,3.999603,-0.005956,0.001833,-0.006261,31.01,66.4606665833464
71042,-8.44128,-3.589234,3.996612,-0.006109,0.000916,-0.006567,31.07,66.4568164914969
71052,-8.446067,-3.584448,3.996014,-0.006261,0.000611,-0.00672,31.07,66.4657517567507
71062,-8.458031,-3.591029,3.990032,-0.007025,0.001069,-0.006109,31.03,66.5281431284724
71072,-8.442476,-3.595216,3.999603,-0.006567,0.000305,-0.006109,31.03,66.4489927393632
71082,-8.44427,-3.593421,3.991228,-0.00672,0.000458,-0.006109,31.05,66.4951161859446
71092,-8.450253,-3.591627,3.997808,-0.006872,0.000305,-0.00672,31.05,66.4715546507989
71102,-8.456833,-3.581457,4.00379,-0.00672,0.000458,-0.006567,31.06,66.4449493451647
71112,-8.458031,-3.582654,4.006183,-0.00672,-0.000764,-0.007178,31.06,66.4359946026214
71122,-8.449656,-3.588636,4.002594,-0.006872,-0.001222,-0.006414,31.04,66.4425236164949
71132,-8.452048,-3.588037,4.008576,-0.007025,-0.001222,-0.006414,31.04,66.4156624126868
71142,-8.452645,-3.59043,4.002594,-0.007025,-0.001069,-0.005651,31,66.4504153818614
71152,-8.451449,-3.586841,4.0008,-0.00733,-0.001222,-0.006414,31,66.4541015580564
71162,-8.44427,-3.59043,3.991228,-0.00672,-0.001222,-0.007178,31.05,66.4924425619661
71172,-8.456833,-3.58385,4.0008,-0.006872,-0.000916,-0.006261,31.05,66.4627579148072
71182,-8.450253,-3.589832,4.00379,-0.006109,-0.001069,-0.006261,31.04,66.4385775437349
71192,-8.443074,-3.593421,3.992425,-0.006414,-0.001222,-0.006414,31.04,66.4863182565925
71202,-8.458628,-3.588037,4.005585,-0.005803,-0.000764,-0.005803,31.02,66.4451847565254
71212,-8.458628,-3.591627,4.00379,-0.005956,0,-0.006414,31.02,66.457793604221
71222,-8.456235,-3.59402,3.991228,-0.005803,0.000153,-0.005956,31.04,66.5207669748034
71232,-8.451449,-3.592823,4.009174,-0.006872,0.001374,-0.006261,31,66.4155484968838
71242,-8.44427,-3.589234,4.001398,-0.007178,0.000916,-0.005956,31,66.4379936294898
71252,-8.446664,-3.592225,3.997808,-0.006872,0.001069,-0.006261,31.05,66.4645433825174
71262,-8.441879,-3.589832,4.00738,-0.006261,0.000611,-0.006414,31.05,66.402110900908
71272,-8.454441,-3.594618,3.999005,-0.006414,0.001222,-0.005803,31.05,66.4767484358284
71282,-8.450851,-3.594618,4.000201,-0.006567,0.001985,-0.005345,31.05,66.4629339462417
71292,-8.454441,-3.593421,4.003192,-0.007178,0.001985,-0.006414,31.03,66.453729200344
71302,-8.452645,-3.592823,3.996014,-0.007178,0.002443,-0.006109,31.03,66.4870591573091
71312,-8.450851,-3.595216,4.008576,-0.006414,0.002902,-0.005651,31.04,66.4195656653918
71322,-8.459825,-3.586243,3.996612,-0.00672,0.003207,-0.006261,31.04,66.4931357340726
71332,-8.452645,-3.59402,3.997808,-0.00672,0.003512,-0.007025,31.05,66.4787186812728
71342,-8.444869,-3.586841,4.005585,-0.00672,0.003818,-0.005803,31.05,66.4151491132602
71352,-8.456235,-3.573681,4.003192,-0.006567,0.004123,-0.005956,31.03,66.4398996480871
71362,-8.440681,-3.593421,4.005585,-0.006567,0.004429,-0.005803,31.03,66.41221973597
71372,-8.448458,-3.59402,4.000201,-0.006567,0.003971,-0.005651,31.03,66.4573681337203
71382,-8.449656,-3.580261,3.99721,-0.006567,0.005345,-0.006109,31.03,66.4632911918491
71392,-8.449656,-3.584448,4.017549,-0.006872,0.004734,-0.006109,31.04,66.3603899687865
71402,-8.449656,-3.595216,3.994219,-0.006109,0.004887,-0.006109,31,66.4923357827392
71412,-8.452048,-3.58385,4.0008,-0.006567,0.004581,-0.006261,31,66.4526921888721
71423,-8.455039,-3.584448,4.002594,-0.006872,0.004887,-0.006567,31.02,66.4501114203567
71432,-8.463414,-3.59043,3.991827,-0.007789,0.003971,-0.007483,31.02,66.5294806498993
71442,-8.445468,-3.57727,4.009772,-0.007178,0.004581,-0.006567,31.02,66.385889291068
71452,-8.452048,-3.584448,3.996014,-0.007025,0.004276,-0.00733,31.02,66.478332469742
71462,-8.447262,-3.595814,3.992425,-0.006109,0.003971,-0.006109,31.02,66.4972569651358
71472,-8.453843,-3.586243,4.005585,-0.007025,0.003818,-0.006414,31.02,66.4335161895034
71482,-8.443673,-3.579663,4.000201,-0.007636,0.004276,-0.007025,31.07,66.4344578944716
71492,-8.448458,-3.578466,4.00379,-0.007178,0.003818,-0.006872,31.07,66.4246420957069
71502,-8.452048,-3.586841,4.00379,-0.007789,0.00336,-0.007025,31.06,66.4396825385297
71512,-8.446067,-3.581457,3.995416,-0.007178,0.00336,-0.007025,31.06,66.4662204359169
71522,-8.460423,-3.589832,3.993621,-0.006872,0.003207,-0.006109,31,66.5132695799226
71532,-8.456833,-3.594618,4.001996,-0.00672,0.002902,-0.006872,31,66.4660936411621
71542,-8.451449,-3.58744,4.001398,-0.00733,0.001833,-0.007025,31.01,66.4515002132391
71552,-8.454441,-3.59043,4.005585,-0.006414,0.001985,-0.00733,31.01,66.438514310618
71562,-8.44128,-3.58385,3.996612,-0.007483,0.001069,-0.007789,31.07,66.4519997531409
71572,-8.456833,-3.58744,4.001996,-0.007178,0.00168,-0.00733,31.08,66.4596881217305
71582,-8.446664,-3.589832,3.999005,-0.007025,0.001222,-0.007483,31.08,66.4561229771641
71592,-8.449656,-3.586841,4.001398,-0.007483,0.000611,-0.006567,31.06,66.4471922399382
71602,-8.452048,-3.585645,3.993023,-0.007025,0.00168,-0.006109,31.06,66.4950945579594
71612,-8.447262,-3.591627,3.993621,-0.006567,0.001222,-0.007178,31.03,66.4872379114772
71622,-8.455039,-3.593421,3.993621,-0.00672,0.001069,-0.007483,31.03,66.5051710074073
71632,-8.450851,-3.58744,3.996014,-0.006414,0.000764,-0.00733,31.07,66.4784848959545
71642,-8.449057,-3.588636,3.996612,-0.006567,0.000305,-0.006109,31.07,66.4726432122824
71652,-8.456235,-3.592823,4.0008,-0.00733,-0.000153,-0.008094,31.05,66.4695038128325
71662,-8.44427,-3.585645,4.00379,-0.006567,0.000153,-0.007636,31.05,66.4222321409884
71672,-8.449057,-3.589234,3.993621,-0.006872,-0.000611,-0.006261,31.06,66.4888727983785
71682,-8.451449,-3.585046,4.001996,-0.006872,-0.000764,-0.00672,31.06,66.4462263872032
71692,-8.440681,-3.583252,3.998407,-0.006872,-0.000611,-0.005956,31.05,66.4407785966191
71702,-8.453843,-3.58744,3.987041,-0.007178,-0.000611,-0.00733,31.05,66.5318601515262
71712,-8.456833,-3.59043,3.994817,-0.00733,-0.00168,-0.00733,31.07,66.4999965923021
71722,-8.443673,-3.58744,3.989433,-0.00733,-0.00168,-0.00672,31.07,66.4979428327471
71732,-8.448458,-3.586841,4.006183,-0.006567,-0.001833,-0.007789,31.03,66.4195756425867
71742,-8.463414,-3.592823,3.994817,-0.00672,-0.002291,-0.006261,31.05,66.5159333907722
71752,-8.456833,-3.593421,4.0008,-0.006872,-0.001374,-0.006261,31.05,66.4712938030011
71762,-8.441879,-3.591029,4.001398,-0.00672,-0.00168,-0.00672,31.02,66.4345657705804
71772,-8.446664,-3.59043,3.991228,-0.007025,-0.002291,-0.00672,31.02,66.4974733833195
71782,-8.446067,-3.597609,3.982853,-0.007178,-0.001833,-0.00672,31.08,66.5466103426961
71792,-8.454441,-3.598207,4.002594,-0.007025,-0.001222,-0.00672,31.08,66.4611412520794
71802,-8.453843,-3.59402,3.995416,-0.007483,-0.000764,-0.006414,31.05,66.4937799021373
71812,-8.455637,-3.58385,4.004987,-0.007025,-0.000611,-0.005803,31.05,66.4382911503128
71822,-8.459825,-3.601796,3.993621,-0.006414,-0.001222,-0.005803,31.07,66.5226761249943
71832,-8.440084,-3.588636,4.005585,-0.007178,-0.000916,-0.005803,31.07,66.4066696535818
71842,-8.449656,-3.597609,4.010371,-0.007025,0,-0.006567,31.08,66.4097881518125
71852,-8.445468,-3.597011,4.00738,-0.007025,0.000916,-0.006261,31.08,66.4161106601996
71862,-8.458031,-3.594618,4.001996,-0.007025,0.000764,-0.005803,31.04,66.4686100412789
71872,-8.447861,-3.591029,4.00738,-0.00672,0.001527,-0.005651,31.04,66.4157898877386
71882,-8.445468,-3.578466,4.007978,-0.00733,0.001833,-0.006109,31.04,66.39636798407
71892,-8.452645,-3.589234,4.000201,-0.007178,0.002902,-0.006567,31.04,66.461895079259
71902,-8.446664,-3.588636,3.996014,-0.006261,0.003665,-0.00504,31.05,66.4707489698636
71912,-8.44427,-3.585645,4.006782,-0.006872,0.004429,-0.005651,31.04,66.4065373744818
71922,-8.456833,-3.586243,4.006782,-0.006414,0.00504,-0.00504,31.04,66.4335354865068
71932,-8.451449,-3.585645,3.994219,-0.006261,0.005345,-0.006261,31.07,66.4875594422559
71942,-8.443673,-3.59043,4.003192,-0.00672,0.006414,-0.005498,31.07,66.4283953032306
71952,-8.443673,-3.592823,4.005585,-0.006872,0.007483,-0.00504,31.04,66.4179875194331
71962,-8.453244,-3.585645,3.995416,-0.006261,0.006872,-0.005651,31.04,66.4850512337192
71972,-8.450851,-3.591627,4.00379,-0.007178,0.007483,-0.005345,31.05,66.441440827044
71982,-8.442476,-3.593421,3.994817,-0.006414,0.007789,-0.005192,31.05,66.4725034486791
71992,-8.449057,-3.593421,3.991228,-0.007483,0.008552,-0.004581,31.02,66.5051704764451
72002,-8.452048,-3.585046,3.996612,-0.00672,0.007941,-0.00504,31.02,66.475728213989
72012,-8.455637,-3.585046,3.990032,-0.007636,0.008399,-0.004887,31.05,66.5177949521769
72022,-8.446067,-3.582654,4.001398,-0.006567,0.008247,-0.004581,31.05,66.4358937720347
72032,-8.452645,-3.589832,4.002594,-0.00672,0.008094,-0.004734,31.05,66.4498811610364
72042,-8.445468,-3.584448,3.990032,-0.007025,0.007025,-0.005498,31.05,66.4958994728717
72052,-8.457432,-3.589832,3.993023,-0.007025,0.00733,-0.005498,31.05,66.5101305814022
72062,-8.454441,-3.592823,3.994817,-0.006414,0.007178,-0.005651,31.05,66.497109024743
72072,-8.450253,-3.588636,3.996014,-0.007025,0.007178,-0.006567,31.04,66.4782953111365
72082,-8.46102,-3.586243,3.994817,-0.006261,0.005651,-0.005803,31.08,66.5050568677808
72092,-8.444869,-3.583252,3.993023,-0.00733,0.005651,-0.005651,31.08,66.4778655589117
72102,-8.451449,-3.589832,3.99063,-0.006872,0.005651,-0.005651,31.01,66.510128461881
72112,-8.454441,-3.586243,3.99063,-0.007178,0.005192,-0.005956,31.01,66.5132116132097
72122,-8.443673,-3.58744,3.994817,-0.008247,0.004734,-0.005956,31.07,66.4696712694978
72132,-8.446067,-3.594618,4.0008,-0.007483,0.004276,-0.005956,31.07,66.4497325635795
72142,-8.456833,-3.582056,3.988835,-0.007789,0.003207,-0.005803,31.05,66.5239278747409
72152,-8.460423,-3.589234,3.993621,-0.006567,0.003207,-0.005651,31.05,66.512737341494
72162,-8.456235,-3.582056,3.993023,-0.006872,0.002749,-0.006261,31.04,66.5006946587368
72176,-8.458628,-3.586841,3.989433,-0.007178,0.002138,-0.005956,31.04,66.5288111275956
72182,-8.458628,-3.586841,3.989433,-0.006872,0.001527,-0.007178,31.04,66.5288111275956
72192,-8.462815,-3.588636,3.997808,-0.006567,0.001374,-0.006414,31.04,66.4952723551152
72202,-8.461619,-3.6006,3.99063,-0.006414,0,-0.006261,31.03,66.5410485177758
72212,-8.449057,-3.586841,3.985844,-0.006414,-0.000305,-0.007025,31.03,66.5275677102601
72222,-8.456833,-3.591627,3.988237,-0.006414,-0.00168,-0.007636,31,66.5355816375407
72232,-8.459227,-3.588037,4.000201,-0.00733,-0.002138,-0.007636,31,66.4746612068873
72242,-8.458628,-3.582654,3.996014,-0.00672,-0.002443,-0.007941,31.05,66.4905635012866
72252,-8.457432,-3.589832,3.994817,-0.007025,-0.002596,-0.008247,31.03,66.5007210832373
72262,-8.454441,-3.591029,4.004987,-0.006872,-0.003207,-0.007636,31.03,66.4421836825737
72272,-8.456235,-3.586841,3.998407,-0.005803,-0.003054,-0.007025,31.02,66.4767145384199
72282,-8.443673,-3.593421,3.999005,-0.007025,-0.003971,-0.007483,31.02,66.453041333475
72292,-8.437692,-3.583252,4.007978,-0.00672,-0.004276,-0.007483,31.02,66.3842387680134
72302,-8.449057,-3.598805,3.99721,-0.006109,-0.004581,-0.008094,31.02,66.478595774405
72312,-8.448458,-3.588636,3.993023,-0.006261,-0.004887,-0.007483,31.02,66.4902187612575
72322,-8.44427,-3.592823,4.01396,-0.00672,-0.004734,-0.00733,31.02,66.3753382633897
72332,-8.463414,-3.585645,3.999603,-0.006261,-0.004429,-0.00672,31.04,66.4844601904065
72342,-8.453843,-3.595216,4.006183,-0.005651,-0.004429,-0.007636,31.04,66.438400675058
72352,-8.445468,-3.586841,4.00738,-0.006261,-0.004581,-0.007483,31.04,66.4069977096418
72362,-8.439486,-3.589832,3.996014,-0.006567,-0.00336,-0.00733,31.04,66.4567149226408
72372,-8.447861,-3.596412,4.000201,-0.007178,-0.003665,-0.007025,31.04,66.4582532299136
72382,-8.446664,-3.592225,4.00738,-0.007178,-0.003207,-0.00672,31.04,66.41433969819
72392,-8.444869,-3.586243,3.999603,-0.006414,-0.002138,-0.006872,31.08,66.4459977857759
72402,-8.447262,-3.574279,4.006183,-0.006109,-0.000458,-0.006109,31.08,66.4058282206656
72412,-8.446067,-3.578466,4.008576,-0.007025,0.000458,-0.006109,31,66.3944956292987
72422,-8.446067,-3.586243,4.006782,-0.007178,0.000916,-0.006414,31,66.4108610731732
72432,-8.435897,-3.591627,4.009174,-0.00733,0.002291,-0.007025,31.05,66.381692409222
72442,-8.458031,-3.589234,3.999005,-0.00672,0.003207,-0.006872,31.05,66.4794854465691
72452,-8.443074,-3.593421,4.00379,-0.006872,0.003818,-0.006261,31.05,66.426676668598
72462,-8.448458,-3.591627,4.002594,-0.00672,0.004887,-0.006567,31.03,66.4426770740935
72472,-8.456235,-3.588636,4.008576,-0.006567,0.004734,-0.006261,31.03,66.4250130031239
72482,-8.456235,-3.592823,4.010371,-0.007483,0.005498,-0.005651,31.05,66.4193509703227
72492,-8.436494,-3.591029,3.993621,-0.00733,0.005803,-0.006109,31.05,66.4640555104462
72502,-8.443074,-3.581457,4.000201,-0.006872,0.00672,-0.006261,31.05,66.4347988693393
72512,-8.446067,-3.583252,3.999603,-0.007178,0.007025,-0.005956,31.05,66.44584710696
72522,-8.455637,-3.58385,3.999603,-0.00733,0.006567,-0.005651,31.01,66.4665196491522
72532,-8.444869,-3.608377,4.000201,-0.006567,0.007025,-0.006261,31.01,66.4626896710817
72542,-8.449057,-3.591029,4.003192,-0.00672,0.007789,-0.005345,31.06,66.4402666918999
72552,-8.441879,-3.596412,4.005585,-0.006261,0.007941,-0.005956,31.06,66.4174273424684
72562,-8.44128,-3.577868,4.001398,-0.006414,0.007636,-0.006109,31.04,66.4215243038404
72572,-8.449656,-3.58744,4.001996,-0.006567,0.007636,-0.005956,31.04,66.4445909732505
72582,-8.447861,-3.592225,3.993023,-0.006414,0.007789,-0.005956,31.05,66.4921693444093
72592,-8.455039,-3.593421,3.99721,-0.006109,0.007178,-0.005956,31.05,66.4863478898287
72602,-8.440084,-3.58385,3.996014,-0.006414,0.00672,-0.005345,31.09,66.4526205932835
72612,-8.447861,-3.583252,3.997808,-0.006567,0.006567,-0.005803,31.04,66.4590438088777
72622,-8.444869,-3.589234,3.994219,-0.006414,0.006261,-0.005345,31.04,66.4769299470941
72632,-8.451449,-3.582654,4.0008,-0.00672,0.005498,-0.006109,31.05,66.4503643730373
72642,-8.448458,-3.595216,3.991827,-0.006567,0.004734,-0.00672,31.05,66.5023723497005
72652,-8.450851,-3.593421,3.994219,-0.006261,0.003971,-0.005651,31.04,66.4932419483231
72662,-8.443074,-3.595216,3.995416,-0.006414,0.004123,-0.005498,31.04,66.4722235777142
72672,-8.447861,-3.58744,3.996612,-0.006261,0.003971,-0.005956,31.04,66.4690598503927
72682,-8.452645,-3.585645,3.99721,-0.006567,0.002902,-0.006261,31.04,66.4743803814442
72692,-8.462217,-3.589832,3.998407,-0.007025,0.002443,-0.005651,31.02,66.491942256142
72702,-8.449057,-3.572484,3.997808,-0.005803,0.001985,-0.005345,31.02,66.4519593274532
72712,-8.460423,-3.581457,3.992425,-0.006109,0.002138,-0.006109,31.03,66.5120940346936
72722,-8.452048,-3.599404,3.99063,-0.006414,0.001527,-0.005345,31.03,66.5199273191109
72732,-8.455637,-3.58744,3.992425,-0.006261,0.000458,-0.00504,31.03,66.5073696216086
72742,-8.452645,-3.59043,3.994219,-0.00672,0.000153,-0.006567,31.03,66.4943400131457
72752,-8.461619,-3.588037,3.993621,-0.006414,0,-0.007178,31.06,66.5141812744455
72762,-8.451449,-3.585046,4.00379,-0.006567,-0.000458,-0.006261,31.06,66.4368184686388
72772,-8.453244,-3.593421,3.996014,-0.006414,-0.002138,-0.006872,31,66.4888509802719
72782,-8.456833,-3.592225,3.99721,-0.005651,-0.002138,-0.006872,31.04,66.4890477446292
72792,-8.454441,-3.59402,4.006183,-0.006567,-0.002291,-0.007483,31.04,66.4385888390971
72802,-8.454441,-3.588037,3.999603,-0.007483,-0.002291,-0.007941,31.04,66.4677386390036
72812,-8.44128,-3.588037,3.994817,-0.00672,-0.001374,-0.006414,31.04,66.4651695227607
72822,-8.446067,-3.591627,3.988835,-0.006872,-0.001527,-0.007025,31.03,66.5098525448888
72832,-8.446067,-3.595814,3.996612,-0.00672,-0.002443,-0.006872,31.03,66.4727743072701
72842,-8.442476,-3.58744,4.002594,-0.006567,-0.002138,-0.007025,31.02,66.4263333684319
72852,-8.456235,-3.583252,4.00379,-0.007483,-0.001374,-0.005803,31.02,66.4452910885931
72862,-8.455039,-3.589832,3.998407,-0.007025,-0.001374,-0.005651,31.05,66.476868556564
72872,-8.450851,-3.591627,3.996014,-0.00672,-0.001527,-0.006109,31.05,66.4822225801684
72882,-8.458031,-3.58744,3.999005,-0.006567,-0.001374,-0.007025,31.04,66.4778865512013
72892,-8.456833,-3.601198,4.00379,-0.006261,-0.001069,-0.006414,31.04,66.4625720857367
72902,-8.458628,-3.591627,4.006183,-0.006414,-0.000305,-0.006414,31.06,66.4452550959752
72912,-8.445468,-3.588636,3.999603,-0.00672,0.000153,-0.00672,31.06,66.4493988678814
72922,-8.446067,-3.586243,3.993023,-0.005803,0.000458,-0.007025,31.04,66.4830559071214
72932,-8.452048,-3.589832,3.996612,-0.006567,0.000458,-0.006872,31.04,66.4799982074863
72942,-8.436494,-3.595814,4.001398,-0.006414,0.001833,-0.007025,31.03,66.4275147071185
72952,-8.44427,-3.589234,4.010371,-0.00672,0.002138,-0.006567,31.09,66.3909322133096
72962,-8.456235,-3.585645,3.999603,-0.006414,0.002902,-0.006261,31.09,66.4693768374795
72972,-8.443673,-3.585645,4.000201,-0.00672,0.002902,-0.006414,31.05,66.4398060245232
72982,-8.452048,-3.58744,4.0008,-0.006567,0.003512,-0.006261,31.05,66.4558964686893
72992,-8.443074,-3.58744,4.002594,-0.00672,0.00336,-0.00672,31.05,66.427593399737
73002,-8.440084,-3.586841,3.997808,-0.00733,0.003665,-0.007178,31.05,66.4458772915121
73012,-8.449656,-3.592823,4.010371,-0.006567,0.003512,-0.007178,31.07,66.4054999334466
73022,-8.455039,-3.59043,3.992425,-0.00672,0.003665,-0.00672,31.07,66.5087783863572
73032,-8.453244,-3.588636,4.000201,-0.006567,0.003971,-0.007025,31.03,66.4626207050095
73042,-8.46102,-3.583252,3.996014,-0.00672,0.004123,-0.007483,31.03,66.4961196141502
73052,-8.455039,-3.586243,3.997808,-0.006567,0.004429,-0.006567,31.04,66.4768093232277
73062,-8.44128,-3.605984,3.988237,-0.006109,0.004581,-0.006872,31.04,66.5157887098687
73072,-8.455039,-3.586841,3.995416,-0.006414,0.00504,-0.00733,31.03,66.4898888981996
73082,-8.438888,-3.593421,4.004389,-0.006414,0.004734,-0.007025,31.03,66.4147154632802
73092,-8.447861,-3.592823,3.995416,-0.007178,0.004276,-0.006872,31.02,66.4801455266322
73102,-8.443673,-3.589234,3.994219,-0.00733,0.003971,-0.006872,31.02,66.4744145575317
73112,-8.448458,-3.582056,3.994219,-0.006567,0.003971,-0.006872,31.02,66.4780697276921
73122,-8.449057,-3.589234,3.991827,-0.00672,0.003207,-0.007178,31,66.4982887447683
73132,-8.442476,-3.596412,3.990032,-0.00672,0.003054,-0.00733,31,66.5003024085795
73142,-8.459227,-3.595216,4.001398,-0.007025,0.002902,-0.006872,31.07,66.4747891154558
73152,-8.462217,-3.589832,3.99721,-0.007483,0.002596,-0.006567,31.07,66.498216506066
73162,-8.459227,-3.586841,4.004987,-0.007025,0.002596,-0.006872,31.04,66.4485113111328
73172,-8.449057,-3.589832,4.004389,-0.005803,0.001985,-0.006872,31.04,66.4329192695786
73182,-8.451449,-3.588037,3.992425,-0.005651,0.001069,-0.006261,31.05,66.4991070948349
73192,-8.448458,-3.591029,4.006782,-0.007025,0.001222,-0.00733,31.05,66.4201823206846
73202,-8.452645,-3.589832,3.991228,-0.006872,0.000611,-0.006414,31.02,66.5095009247075
73212,-8.451449,-3.594618,4.001996,-0.00672,0.000153,-0.007789,31.02,66.4547789493443
73222,-8.450851,-3.595216,4.000201,-0.005956,0.000764,-0.006567,31.07,66.4634686269282
73232,-8.453843,-3.592225,3.99063,-0.006567,0.000305,-0.007178,31.07,66.5172867263036
73242,-8.455039,-3.585645,3.997808,-0.006414,0,-0.006567,31.03,66.4762762484487
73252,-8.440084,-3.591029,4.000201,-0.006261,-0.000305,-0.005803,31.03,66.4370668905341
73262,-8.452645,-3.580859,3.995416,-0.006109,-0.000458,-0.007636,31.05,66.479526814867
73272,-8.452048,-3.582654,3.999005,-0.006414,0,-0.00672,31.05,66.4610407881533
73282,-8.453244,-3.582654,3.99721,-0.006261,0.000305,-0.006414,31.05,66.4729732025503
73292,-8.455039,-3.58744,3.999603,-0.006414,0.000916,-0.006261,31.08,66.4684631750538
73302,-8.451449,-3.588037,3.992425,-0.005956,0.000764,-0.007025,31.08,66.4991070948349
73312,-8.452645,-3.594618,4.004389,-0.006567,0.001069,-0.006261,31.02,66.4447488502046
73322,-8.452048,-3.595814,4.003192,-0.006261,0.001527,-0.006567,31.02,66.4508377391459
73332,-8.456833,-3.589234,3.996014,-0.006414,0.001069,-0.006109,31.05,66.4926529557867
73342,-8.449057,-3.592225,3.996014,-0.006109,0.001069,-0.005956,31.05,66.4789868926582
73352,-8.446664,-3.600002,3.998407,-0.006261,0.001985,-0.006109,31.05,66.4683611876105
73362,-8.455637,-3.583252,3.996612,-0.007025,0.002443,-0.005651,31.05,66.4816741325702
73372,-8.447861,-3.593421,3.990032,-0.006109,0.002443,-0.005498,31.03,66.5089372519848
73382,-8.444869,-3.586841,4.004389,-0.006872,0.002902,-0.005192,31.03,66.4214224997011
73392,-8.449656,-3.59043,3.991228,-0.006872,0.00336,-0.005498,31.02,66.5037583109814
73402,-8.452645,-3.59043,3.993621,-0.006567,0.002749,-0.005498,31.02,66.497477484373
73412,-8.456235,-3.582654,4.0008,-0.006261,0.003207,-0.005803,31.07,66.460434481811
73422,-8.451449,-3.584448,3.998407,-0.00672,0.002749,-0.006109,31.07,66.4645179725012
73432,-8.452048,-3.588636,4.001398,-0.00733,0.00336,-0.006261,31.03,66.4538284203746
73442,-8.447861,-3.594618,4.008576,-0.006872,0.003971,-0.005651,31.03,66.4127350665658
73452,-8.450253,-3.580859,3.999603,-0.00672,0.003054,-0.006567,31.06,66.4525246915903
73462,-8.447861,-3.586243,4.0008,-0.007178,0.003971,-0.006109,31.04,66.4460165500041
73472,-8.452048,-3.596412,4.00738,-0.006261,0.00336,-0.005498,31.04,66.429422647515
73482,-8.447861,-3.591029,4.010969,-0.00672,0.003207,-0.005803,31.05,66.396976902743
73492,-8.452645,-3.586841,3.994219,-0.007025,0.003054,-0.004887,31.05,66.4911391543331
73502,-8.460423,-3.603591,3.993023,-0.007025,0.002138,-0.006567,31.07,66.5286647071023
73512,-8.455039,-3.591029,3.99721,-0.006567,0.002443,-0.006567,31.07,66.4842136033875
73522,-8.458628,-3.589832,3.993023,-0.006567,0.002291,-0.006261,31.07,66.5126400835219
73532,-8.445468,-3.592823,4.001996,-0.007025,0.002291,-0.006261,31.07,66.4405914641267
73542,-8.452645,-3.586841,3.991228,-0.007483,0.002443,-0.006414,31.1,66.5068348873501
73552,-8.449057,-3.595216,3.997808,-0.006414,0.002291,-0.005956,31.1,66.4722488776163
73562,-8.461619,-3.588636,4.001996,-0.006872,0.002596,-0.006261,31.05,66.4708120309398
73572,-8.450851,-3.591627,3.991827,-0.005956,0.002138,-0.006261,31.05,66.5041920541885
73582,-8.455039,-3.589832,3.991827,-0.006567,0.002443,-0.007636,31.03,66.511382894233
73592,-8.443673,-3.578466,4.001996,-0.005803,0.002902,-0.006872,31.03,66.4239670612482
73602,-8.447861,-3.592823,3.994817,-0.006109,0.002138,-0.007025,31.01,66.4832887537945
73612,-8.442476,-3.595216,3.998407,-0.006414,0.002443,-0.00733,31.01,66.4552686234689
73622,-8.455637,-3.59043,3.999005,-0.006109,0.002596,-0.007483,31.04,66.4755227465722
73632,-8.445468,-3.585645,4.0008,-0.006109,0.002443,-0.006872,31.04,66.4404433953026
73642,-8.440084,-3.584448,3.999005,-0.006261,0.002749,-0.006872,31.06,66.4374511879698
73652,-8.44128,-3.588037,3.998407,-0.007178,0.002291,-0.00672,31.05,66.446322306792
73662,-8.449656,-3.59043,3.999005,-0.006414,0.002291,-0.007789,31.05,66.4629510015573
73672,-8.449057,-3.594618,4.0008,-0.006261,0.002291,-0.007483,31.04,66.4560211047786
73682,-8.447861,-3.584448,3.992425,-0.006567,0.001985,-0.007025,31.04,66.4883655816733
73692,-8.453843,-3.589234,3.998407,-0.006109,0.002138,-0.007483,31.07,66.4738217752048
73702,-8.446067,-3.59043,3.991827,-0.006414,0.002596,-0.007178,31.07,66.4930742690944
73712,-8.449057,-3.592823,3.996612,-0.00672,0.002138,-0.007636,31.03,66.4763838158259
73722,-8.44128,-3.592823,4.001996,-0.006414,0.00168,-0.00733,31.03,66.4317741499069
73732,-8.451449,-3.59043,3.993621,-0.00672,0.001374,-0.00733,31.04,66.4949656365921
73742,-8.453244,-3.592225,4.00379,-0.007178,0.001374,-0.007789,31.04,66.4470090499794
73752,-8.449057,-3.591029,3.998407,-0.007636,0.002138,-0.008552,31.05,66.4653636569611
73762,-8.444869,-3.579663,3.999005,-0.008094,0.001222,-0.00733,31.05,66.4432559925676
73772,-8.450253,-3.57727,3.997808,-0.006414,0.001527,-0.007789,31.04,66.4587430888986
73782,-8.453843,-3.586243,4.004389,-0.006567,0.001374,-0.007483,31.04,66.4397858457867
73792,-8.447861,-3.59402,3.993023,-0.00733,0.001374,-0.007789,31.03,66.4937731341791
73802,-8.46102,-3.594618,3.997808,-0.006872,0.002291,-0.00672,31.03,66.4968335680539
73812,-8.458031,-3.592225,4.000201,-0.007483,0.001985,-0.007025,31.05,66.4758827436003
73822,-8.455039,-3.591029,3.99721,-0.007178,0.001833,-0.007789,31.04,66.4842136033875
73832,-8.454441,-3.591627,3.996612,-0.00672,0.001527,-0.007025,31.04,66.4866273138711
73842,-8.450253,-3.591029,3.995416,-0.006567,0.001527,-0.006414,31.02,66.4835694425402
73852,-8.444869,-3.597011,3.99721,-0.006414,0.00168,-0.007025,31.02,66.4681898271258
73862,-8.455039,-3.583252,3.997808,-0.006414,0.001833,-0.007178,31,66.4741435840762
73872,-8.455637,-3.586841,4.000201,-0.006414,0.001527,-0.006567,31,66.4660503765303
73882,-8.454441,-3.597011,4.001398,-0.006414,0.001985,-0.00672,31.05,66.4663409544714
73892,-8.441879,-3.580859,4.000201,-0.005956,0.001527,-0.006567,31.05,66.4317453441137
73902,-8.457432,-3.572484,4.00379,-0.006414,0.001374,-0.006261,31.05,66.4382199470065
73912,-8.457432,-3.589234,3.991228,-0.006261,0.000764,-0.00672,31.05,66.5190142204842
73922,-8.453244,-3.588037,3.994219,-0.006261,0.000764,-0.006872,31.02,66.4934639262615
73932,-8.455039,-3.597609,4.001398,-0.006872,0.001527,-0.006567,31.02,66.4681314889647
73942,-8.450851,-3.59402,3.994219,-0.006567,0.001374,-0.007025,31.06,66.493776872281
73952,-8.456833,-3.591627,3.993023,-0.005956,0.001222,-0.006109,31.06,66.5104728608457
73962,-8.459227,-3.57727,4.000201,-0.005498,0.001222,-0.00733,31.02,66.4650752866325
73972,-8.453244,-3.591627,3.994817,-0.006414,0.000458,-0.007178,31.02,66.4935287071157
73982,-8.449057,-3.595216,4.002594,-0.006567,0.000458,-0.00733,31.06,66.4471485194466
73992,-8.458031,-3.589832,4.00379,-0.005803,0.001069,-0.006261,30.99,66.454937242676
74002,-8.447861,-3.583252,3.993023,-0.006109,0.001374,-0.006414,30.99,66.4841592706711
74012,-8.447262,-3.580859,4.001398,-0.006872,0.001527,-0.007025,31.03,66.4368077804258
74022,-8.450253,-3.591627,4.004987,-0.006567,0.001222,-0.006872,31.03,66.4339068584069
74032,-8.449656,-3.579065,3.999603,-0.006261,0.001069,-0.007178,31.01,66.4496673727803
74042,-8.448458,-3.584448,3.999005,-0.005651,0.001527,-0.00672,31.01,66.4550871315508
74052,-8.459825,-3.579663,4.001398,-0.006872,0.000916,-0.006261,31.02,66.4621861474337
74062,-8.438289,-3.595216,3.991827,-0.006567,0.000764,-0.006567,31.02,66.4810056969278
74072,-8.456235,-3.579663,4.0008,-0.005956,0.001222,-0.006261,31.04,66.4577698214806
74082,-8.44427,-3.589234,3.999603,-0.006261,0.00168,-0.006567,31.04,66.4474120612653
74092,-8.447262,-3.581457,4.00379,-0.005803,0.00168,-0.006414,31.04,66.4247927960729
74102,-8.442476,-3.589234,3.996612,-0.006261,0.001222,-0.006261,31.04,66.4593338139757
74112,-8.449656,-3.589234,3.997808,-0.006261,0.001222,-0.005956,31.01,66.4681618505514
74122,-8.452048,-3.592225,4.011567,-0.00672,0.001527,-0.005956,31.01,66.4037359250636
74132,-8.456833,-3.598207,4.004389,-0.006261,0.00336,-0.004887,31.07,66.4567597883751
74142,-8.462217,-3.586243,4.004389,-0.006261,0.002749,-0.006109,31.07,66.4573978302688
74152,-8.448458,-3.59043,3.99721,-0.005803,0.003054,-0.00672,31.02,66.4698487199465
74162,-8.447262,-3.59043,3.989433,-0.006109,0.003818,-0.006261,31.05,66.5081535759651
74172,-8.446067,-3.582056,4.00738,-0.005651,0.004429,-0.005345,31.05,66.4039786944191
74182,-8.456235,-3.580859,3.999005,-0.006261,0.004276,-0.005956,31,66.4682486442666
74192,-8.446664,-3.584448,3.998407,-0.00672,0.004123,-0.005803,31,66.4544488750348
74202,-8.44427,-3.58385,4.00738,-0.006109,0.005192,-0.005345,31.05,66.4017939182982
74212,-8.447262,-3.592823,3.984648,-0.005651,0.006261,-0.006261,31.05,66.5354164464379
74222,-8.452048,-3.581457,3.994817,-0.005803,0.007025,-0.004734,31.04,66.4819475228332
74232,-8.452048,-3.58744,4.001996,-0.006109,0.005651,-0.006414,31.04,66.4496244659703
74242,-8.461619,-3.58385,3.990032,-0.006414,0.005956,-0.006261,31.04,66.5292833683587
74252,-8.437692,-3.588037,3.995416,-0.00672,0.006414,-0.00504,31.04,66.454470262964
74262,-8.458628,-3.59043,3.994817,-0.006261,0.006261,-0.005192,31.05,66.50376401081
74272,-8.468199,-3.586243,3.993621,-0.006109,0.006414,-0.00504,31.05,66.5263849236235
74282,-8.453244,-3.588037,3.99721,-0.005803,0.005956,-0.00504,31.02,66.4777731195151
74292,-8.457432,-3.584448,3.996612,-0.006261,0.006567,-0.005498,31.02,66.4865113477063
74302,-8.458628,-3.588037,3.999005,-0.007178,0.005651,-0.006261,31.04,66.4796727048834
74312,-8.461619,-3.593421,3.993621,-0.007636,0.004887,-0.005956,31.04,66.5189726033027
74322,-8.452048,-3.591627,4.00379,-0.007025,0.004276,-0.005956,30.99,66.4439590160822
74332,-8.455039,-3.586243,3.997808,-0.006872,0.003818,-0.005803,31.04,66.4768093232277
74342,-8.447262,-3.59043,3.994817,-0.007178,0.003207,-0.006872,31.04,66.4798914047802
74352,-8.453244,-3.591029,3.988835,-0.007178,0.003207,-0.007178,31.03,66.5243837821747
74362,-8.455039,-3.592225,3.999603,-0.00733,0.003512,-0.005803,31.03,66.4727327023047
74372,-8.454441,-3.589832,3.99063,-0.007483,0.002596,-0.006414,31.06,66.5164086511667
74382,-8.455039,-3.582654,3.990032,-0.007025,0.001833,-0.00672,31.06,66.5144109145473
74392,-8.455039,-3.591029,3.997808,-0.00733,0.001222,-0.006414,31.05,66.4810775964169
74402,-8.454441,-3.588037,3.993023,-0.007025,0.000458,-0.006414,31.05,66.5022528955922
74412,-8.454441,-3.584448,4.00379,-0.00733,0.001069,-0.00733,31.05,66.4425826018476
74422,-8.467602,-3.591029,3.992425,-0.007025,0.000305,-0.00672,31.05,66.5356532129263
74432,-8.453843,-3.58744,3.999603,-0.006872,0.000305,-0.006567,31.04,66.4659488115288
74442,-8.443074,-3.584448,4.001398,-0.006261,-0.000916,-0.006872,31.04,66.4311915590854
74452,-8.447861,-3.58744,3.994219,-0.005956,-0.001222,-0.00672,31.07,66.4816186801373
74462,-8.447861,-3.586841,3.991827,-0.006261,-0.001069,-0.007178,31.07,66.4936400992949
74472,-8.449057,-3.597609,4.002594,-0.00672,-0.001527,-0.006872,31.03,66.4492905641251
74482,-8.446664,-3.588037,3.996612,-0.00672,-0.001374,-0.007789,31.03,66.4670753798238
74492,-8.459825,-3.588636,3.996612,-0.006872,-0.001527,-0.007483,31,66.4952662733493
74502,-8.455637,-3.589832,3.990032,-0.006414,-0.002291,-0.008094,31.01,66.5220560367865
74512,-8.450253,-3.589234,3.995416,-0.006414,-0.001985,-0.007178,31.01,66.4819668160332
74522,-8.448458,-3.595216,3.993023,-0.005956,-0.002138,-0.007483,31,66.4960957368377
74532,-8.44427,-3.594618,4.004987,-0.00672,-0.001833,-0.007789,31,66.4239900546709
74542,-8.446067,-3.593421,3.998407,-0.006261,-0.002443,-0.007941,31.05,66.4612149730286
74552,-8.454441,-3.582654,3.992425,-0.006109,-0.002443,-0.008399,31.05,66.5005960424937
74562,-8.456833,-3.592225,4.00738,-0.006414,-0.001985,-0.008552,31.01,66.4357433613448
74572,-8.450253,-3.580859,3.999005,-0.006261,-0.001985,-0.008552,31.01,66.4556621992323
74582,-8.450253,-3.585645,3.994219,-0.006261,-0.001527,-0.007178,31.03,66.4850455130752
74592,-8.453843,-3.588037,4.008576,-0.005956,-0.002596,-0.008552,31.03,66.4194424124321
74602,-8.444869,-3.59043,4.001996,-0.006414,-0.001833,-0.007941,31.02,66.4371881272551
74612,-8.452645,-3.585046,4.007978,-0.006261,-0.001374,-0.00733,31.02,66.4173809540463
74622,-8.455637,-3.589832,3.999005,-0.006109,-0.001222,-0.007483,31.06,66.474989281042
74632,-8.451449,-3.585645,4.001398,-0.006414,-0.000458,-0.007636,31.06,66.4498974151973
74642,-8.442476,-3.589832,3.994219,-0.006109,0.000458,-0.008094,31.06,66.4724314784275
74652,-8.44128,-3.598805,3.995416,-0.006414,0.000764,-0.007636,31.06,66.4716668386128
74662,-8.451449,-3.58385,4.008576,-0.00672,0.00168,-0.00733,30.98,66.4106579190745
74672,-8.445468,-3.588037,4.000201,-0.00672,0.001985,-0.007178,31.04,66.4457254207903
74682,-8.443673,-3.588636,3.996612,-0.006414,0.002443,-0.006414,31.04,66.4613179270568
74692,-8.447861,-3.588636,4.003192,-0.006567,0.003207,-0.007178,31.02,66.435608919939
74702,-8.455039,-3.591029,4.002594,-0.006414,0.004123,-0.007025,31.02,66.4559844354678
74712,-8.453244,-3.585645,3.999603,-0.006872,0.004123,-0.007025,31.08,66.4630878218349
74722,-8.457432,-3.586841,4.00379,-0.006872,0.004887,-0.006872,31.08,66.4510097099353
74732,-8.444869,-3.576672,3.999603,-0.007025,0.005345,-0.005803,31.02,66.4374462697777
74742,-8.438289,-3.588636,3.996612,-0.006567,0.005345,-0.006414,31.02,66.4499834609453
74752,-8.440681,-3.584448,4.015156,-0.00733,0.006109,-0.006872,31.01,66.3539764048401
74762,-8.449656,-3.582654,4.003192,-0.006261,0.006414,-0.005651,31.01,66.4340427020748
74772,-8.449656,-3.581457,3.999603,-0.00672,0.006261,-0.006109,31.03,66.4518014099906
74782,-8.451449,-3.584448,4.003192,-0.006261,0.00672,-0.005651,31.03,66.4394203185839
74792,-8.451449,-3.593421,3.991827,-0.006414,0.00672,-0.006261,31.02,66.5070484578772
74802,-8.452048,-3.589832,3.998407,-0.00672,0.006567,-0.005651,31.02,66.4705826929073
74812,-8.455637,-3.58744,4.001398,-0.005956,0.005498,-0.005956,31.02,66.4603085710949
74822,-8.453843,-3.576672,4.004389,-0.006109,0.005498,-0.005651,31.02,66.4312479974027
74832,-8.451449,-3.588037,3.993621,-0.005803,0.004887,-0.005345,31.04,66.4928307550471
74842,-8.452645,-3.594618,3.995416,-0.005651,0.004581,-0.005498,31.04,66.4917985026123
74852,-8.458628,-3.586243,3.994219,-0.00672,0.003665,-0.005345,31.04,66.5031720471261
74862,-8.454441,-3.591627,3.996014,-0.00672,0.004581,-0.005498,31.03,66.4897636932987
74872,-8.448458,-3.58744,3.995416,-0.005956,0.003665,-0.005803,31.03,66.4765917119946
74882,-8.446664,-3.585645,3.998407,-0.005803,0.003054,-0.004734,31.05,66.4555182723355
74892,-8.452048,-3.592823,3.998407,-0.005956,0.002902,-0.005651,31.05,66.4732537400542
74902,-8.453244,-3.586243,3.991827,-0.005956,0.002596,-0.005956,31.04,66.5044163866798
74912,-8.446664,-3.588037,3.999005,-0.006109,0.001985,-0.006109,31.04,66.4545181379421
74922,-8.450253,-3.588636,3.987639,-0.006109,0.001527,-0.005192,31.03,66.5222524513542
74932,-8.453843,-3.57727,3.989433,-0.006261,0.001527,-0.005498,31.03,66.5102540965703
74942,-8.457432,-3.600002,4.0008,-0.00672,0.001069,-0.006261,31.02,66.4784280807984
74952,-8.455637,-3.58744,4.002594,-0.00733,-0.000305,-0.006261,31.02,66.4540384034986
74962,-8.447861,-3.595814,3.996612,-0.006414,-0.000153,-0.006414,31.03,66.4765445647359
74972,-8.447262,-3.596412,3.993621,-0.006567,-0.000153,-0.006261,31.03,66.4915149486935
74982,-8.453244,-3.57069,4.002594,-0.00672,0,-0.007178,31.06,66.4340711814356
74992,-8.455039,-3.591029,4.000201,-0.006261,-0.000305,-0.006414,31.06,66.4685298195269
75002,-8.458031,-3.591029,4.0008,-0.007636,-0.000611,-0.007025,31.02,66.4716761576396
75012,-8.449057,-3.58744,4.010969,-0.006872,-0.000611,-0.005192,31.02,66.3962839576914
75022,-8.453244,-3.580859,4.000201,-0.005498,-0.000458,-0.006109,31.01,66.4556832553723
75032,-8.453244,-3.59043,3.991228,-0.006261,-0.000611,-0.006261,31.03,66.5112914512792
75042,-8.454441,-3.59043,4.0008,-0.005803,-0.000458,-0.006109,31.03,66.4635977048655
75052,-8.449656,-3.584448,3.995416,-0.006261,-0.000764,-0.00672,31.03,66.4764405933442
75062,-8.446067,-3.591029,4.001398,-0.006261,-0.000153,-0.006109,31.03,66.443383202877
75072,-8.446067,-3.577868,3.997808,-0.006261,0.000611,-0.006109,31.04,66.4504605909056
75082,-8.453244,-3.586841,3.99721,-0.005956,0.000916,-0.006872,31.04,66.4767063014013
75092,-8.455039,-3.595814,3.991827,-0.006414,0.000916,-0.007178,31.03,66.5167160148046
75102,-8.452048,-3.582654,4.0008,-0.006261,0.001222,-0.006109,31.03,66.4516251119496
75112,-8.440681,-3.588037,3.999603,-0.006567,0.001069,-0.006414,31.02,66.4387828500521
75122,-8.448458,-3.592823,4.00379,-0.006109,0.001222,-0.006414,31.02,66.43747542395
75132,-8.459227,-3.582056,3.996612,-0.006261,0.001374,-0.006109,31.05,66.4881536310017
75142,-8.443673,-3.586243,3.987639,-0.00672,0.00168,-0.007636,31.05,66.5062972740733
75152,-8.451449,-3.589832,4.001996,-0.006872,0.002138,-0.006872,31.04,66.4505009856689
75162,-8.438289,-3.589832,4.002594,-0.006872,0.002138,-0.00733,31.04,66.4196524843161
75172,-8.445468,-3.595216,3.989433,-0.007025,0.003207,-0.008094,31.04,66.5086613730277
75182,-8.453244,-3.585046,4.001996,-0.006872,0.003971,-0.007025,31.04,66.4500037930074
75192,-8.450851,-3.594618,3.994817,-0.007178,0.004429,-0.007178,31.05,66.4911736308605
75202,-8.446067,-3.589832,4.004389,-0.00672,0.004887,-0.007025,31.04,66.4266234478521
75212,-8.445468,-3.586243,3.996014,-0.00672,0.005651,-0.006109,31.04,66.4660947583263
75222,-8.450253,-3.586841,4.0008,-0.007025,0.00504,-0.00733,31.06,66.4515851513781
75232,-8.449057,-3.589234,3.999005,-0.007178,0.005803,-0.007178,31.06,66.4606225453166
75242,-8.445468,-3.597011,3.993621,-0.006872,0.00504,-0.006109,31.07,66.4882824391174
75252,-8.453843,-3.592823,3.999603,-0.006567,0.005192,-0.00733,31.07,66.4707536980732
75262,-8.450851,-3.58385,4.00379,-0.007178,0.00504,-0.007178,31.02,66.4344912503043
75272,-8.443074,-3.584448,3.993023,-0.00733,0.004581,-0.008094,31.02,66.4751567352912
75282,-8.446664,-3.586841,3.994817,-0.007178,0.004734,-0.007789,31.05,66.4754279256933
75292,-8.458628,-3.576672,3.993023,-0.006261,0.004429,-0.007025,31.05,66.5009349583824
75302,-8.456235,-3.59402,3.99721,-0.007483,0.003665,-0.007941,31.02,66.4893934851717
75312,-8.451449,-3.588636,3.999603,-0.007025,0.002291,-0.008858,31.02,66.4619823938365
75322,-8.449656,-3.586841,3.99721,-0.007025,0.002596,-0.007941,31.04,66.4691623754893
75332,-8.446664,-3.583252,4.001398,-0.006261,0.002138,-0.00733,31.04,66.4376857875649
75342,-8.458628,-3.584448,4.004389,-0.006414,0.001833,-0.007483,31.04,66.4482520457071
75352,-8.460423,-3.593421,3.994817,-0.00672,0.001527,-0.007636,31.04,66.5101940860069
75362,-8.455039,-3.59043,3.996612,-0.00733,0,-0.006872,31.04,66.4868154816685
75372,-8.452645,-3.592823,3.99063,-0.006261,-0.000611,-0.007789,31.05,66.5153062736231
75382,-8.446067,-3.588037,4.00379,-0.006567,-0.001527,-0.00733,31.05,66.4281586790867
75392,-8.450851,-3.591029,4.001996,-0.006872,-0.001833,-0.007483,31.07,66.4503128067743
75402,-8.459227,-3.59402,3.988237,-0.005803,-0.002138,-0.007025,31.07,66.5427294185556
75412,-8.453244,-3.588636,3.996612,-0.007025,-0.002443,-0.007025,31.05,66.4814442580982
75422,-8.452645,-3.580859,4.001996,-0.006567,-0.002749,-0.007025,31.05,66.4450077312395
75432,-8.446664,-3.588037,3.995416,-0.00672,-0.003054,-0.007025,31.07,66.4733522756227
75442,-8.453843,-3.589234,4.009174,-0.006567,-0.002443,-0.006414,31.07,66.4173786425461
75452,-8.459227,-3.596412,4.009772,-0.006261,-0.002749,-0.005803,31.02,66.4319894949853
75462,-8.453843,-3.588636,3.994817,-0.00672,-0.002749,-0.006567,31.02,66.4921189322266
75472,-8.449057,-3.58744,4.00379,-0.006261,-0.002443,-0.006567,31.02,66.4339214102122
75482,-8.44427,-3.584448,3.999603,-0.007483,-0.002291,-0.00672,31.02,66.4431313694279
75492,-8.458031,-3.591627,4.002594,-0.006567,-0.002138,-0.006261,31.04,66.4628067493795
75502,-8.458031,-3.588037,4.001996,-0.005498,-0.001222,-0.006872,31.04,66.4627388750728
75512,-8.452048,-3.595814,4.001996,-0.005956,-0.000611,-0.006414,31.04,66.4571076211517
75522,-8.456833,-3.586243,4.008576,-0.006414,-0.000153,-0.006872,31.04,66.4241349390745
75532,-8.447861,-3.586243,3.994817,-0.006261,0.000611,-0.005956,31,66.477411344995
75542,-8.446664,-3.578466,3.997808,-0.005956,0.00168,-0.005956,30.99,66.4522517760733
75552,-8.443074,-3.580261,4.004987,-0.006872,0.001985,-0.005803,30.99,66.4086130454993
75562,-8.450851,-3.573681,4.006183,-0.00672,0.003054,-0.005345,31.04,66.4128659473212
75572,-8.438289,-3.586243,4.005585,-0.005803,0.003665,-0.005345,31.04,66.4007378229873
75582,-8.44128,-3.588636,4.000201,-0.005803,0.003512,-0.005803,31,66.4374423482674
75592,-8.447861,-3.580859,4.004987,-0.006567,0.003512,-0.005192,31,66.4192421796583
75602,-8.451449,-3.586841,4.00379,-0.005803,0.004123,-0.005345,31.06,66.4384217604307
75612,-8.437093,-3.589832,4.0008,-0.006261,0.004581,-0.005345,31.06,66.4265479161595
75622,-8.447861,-3.576672,3.996014,-0.006567,0.00504,-0.005803,31.07,66.4625896733732
75632,-8.440681,-3.579663,4.001996,-0.007025,0.004734,-0.00504,31.07,66.4187270179311
75642,-8.449057,-3.592823,3.996014,-0.006109,0.00504,-0.005956,31.05,66.4795212399155
75652,-8.455637,-3.578466,3.999005,-0.006109,0.005345,-0.005956,31.05,66.4648598605087
75662,-8.448458,-3.589832,4.001996,-0.005956,0.005498,-0.005498,31.03,66.444207883035
75672,-8.447861,-3.586243,3.997808,-0.007025,0.005345,-0.005956,31.03,66.4617146977784
75682,-8.452048,-3.586243,4.003192,-0.007178,0.005498,-0.005651,31.02,66.4422840253313
75692,-8.457432,-3.580859,3.996612,-0.006414,0.006261,-0.005345,31.02,66.4833164526451
75702,-8.455039,-3.596412,4.00738,-0.006872,0.006414,-0.00504,31.02,66.4357133839615
75712,-8.451449,-3.588037,3.995416,-0.007178,0.006567,-0.005803,31.04,66.4834121199329
75722,-8.447262,-3.586841,3.991827,-0.006567,0.005651,-0.005345,31.04,66.4923810951479
75732,-8.452048,-3.592823,4.000201,-0.00672,0.006567,-0.004734,31.04,66.4638456332742
75742,-8.453244,-3.592225,3.988835,-0.007025,0.00672,-0.004276,31.04,66.5254498092153
75752,-8.447262,-3.589234,3.991228,-0.006567,0.006261,-0.005345,31.05,66.4976618898106
75762,-8.455637,-3.583252,4.002594,-0.007025,0.006414,-0.005956,31.05,66.4503030227954
75772,-8.446067,-3.58385,4.001398,-0.007025,0.006261,-0.005651,31.05,66.4369626752208
75782,-8.459825,-3.578466,3.99721,-0.007178,0.006567,-0.005803,31.05,66.4830812426518
75792,-8.461619,-3.592823,3.997808,-0.006567,0.005498,-0.005803,31.02,66.496490801337
75802,-8.454441,-3.588636,3.996612,-0.007025,0.00504,-0.005803,31.02,66.4839593249413
75812,-8.447861,-3.577868,3.993023,-0.007178,0.004734,-0.005803,31.05,66.4793587321879
75822,-8.445468,-3.592225,4.000201,-0.007636,0.004429,-0.006109,31.05,66.4494724507976
75832,-8.450851,-3.585046,3.988835,-0.00672,0.003054,-0.005803,31.04,66.5140293465013
75842,-8.452048,-3.588636,3.994219,-0.006872,0.003818,-0.00733,31.04,66.4914856414027
75852,-8.458628,-3.578466,3.990032,-0.007025,0.003665,-0.006261,31.04,66.518223742106
75862,-8.457432,-3.583252,3.992425,-0.006872,0.003207,-0.006567,31.04,66.5074103518234
75872,-8.449656,-3.579065,3.991827,-0.00672,0.002443,-0.006261,31.03,66.4904809343393
75882,-8.447262,-3.580859,3.994219,-0.006872,0.00168,-0.007636,31.03,66.4744858057135
75892,-8.453244,-3.580859,4.001398,-0.006567,0.001222,-0.007025,30.99,66.4494050253959
75902,-8.447262,-3.585046,3.994817,-0.006109,0.000305,-0.006567,31.01,66.4750829354857
75912,-8.462815,-3.589832,3.988237,-0.006567,-0.000764,-0.00672,31.01,66.5465216969811
75922,-8.46102,-3.58744,3.997808,-0.006872,-0.000916,-0.006261,31.06,66.4904398116312
75932,-8.453244,-3.59402,4.0008,-0.006261,-0.001985,-0.007636,31.06,66.4642880778881
75942,-8.456235,-3.591627,4.004389,-0.005345,-0.002443,-0.006872,31.02,66.4496245611972
75952,-8.464012,-3.589832,3.995416,-0.006109,-0.002902,-0.00733,31.02,66.5113861471935
75962,-8.455637,-3.580859,3.991228,-0.00672,-0.003054,-0.007636,31.05,66.5077928831558
75972,-8.446664,-3.586841,3.999005,-0.006414,-0.003665,-0.007483,31.05,66.4534491041504
75982,-8.446664,-3.58385,3.996014,-0.006567,-0.003665,-0.007636,31.02,66.4664740681917
75992,-8.439486,-3.585046,3.990032,-0.007025,-0.003971,-0.007789,31.02,66.4838515247633
76002,-8.455039,-3.588037,4.006183,-0.007178,-0.003818,-0.007483,31.02,66.4345009281601
76012,-8.452645,-3.585046,3.99721,-0.00672,-0.004123,-0.008399,31.02,66.4738461786657
76022,-8.44427,-3.586243,3.994219,-0.00672,-0.003818,-0.008399,31.02,66.4729970550287
76032,-8.449656,-3.585645,3.994817,-0.006261,-0.003512,-0.007789,31.02,66.4806520825883
76042,-8.453843,-3.585046,3.997808,-0.006261,-0.002749,-0.007483,31.03,66.4732280540486
76052,-8.450851,-3.591627,4.009174,-0.00733,-0.003207,-0.007789,31.03,66.4132188990164
76062,-8.445468,-3.591627,3.993023,-0.006567,-0.001985,-0.007941,31.04,66.486606483539
76072,-8.459825,-3.586841,3.998407,-0.006261,-0.001222,-0.007636,31.05,66.4842567370343
76082,-8.455637,-3.589234,3.996612,-0.007025,-0.001069,-0.008094,31.05,66.487004981273
76092,-8.451449,-3.591627,4.002594,-0.006414,-0.00168,-0.007941,31.01,66.4489695268724
76102,-8.459227,-3.58385,3.996014,-0.007025,-0.000305,-0.008247,31.01,66.4928860029797
76112,-8.447861,-3.586841,3.997808,-0.007483,0.000458,-0.007178,31.09,66.4622488548755
76122,-8.447861,-3.588037,3.993621,-0.005956,0.000916,-0.006414,31.09,66.4852904380428
76132,-8.449656,-3.594618,4.00379,-0.007483,0.00168,-0.006414,31.05,66.4416023957605
76142,-8.457432,-3.591029,4.003192,-0.008247,0.001527,-0.00733,31.05,66.457880259214
76152,-8.455637,-3.580859,3.999005,-0.00733,0.001833,-0.006567,31.04,66.4669909306361
76162,-8.445468,-3.589832,4.001996,-0.007178,0.00168,-0.006872,31.04,66.4379140543375
76172,-8.453244,-3.586243,4.000201,-0.007025,0.001985,-0.006261,30.98,66.460485088731
76182,-8.447262,-3.596412,3.999005,-0.00733,0.002596,-0.007025,30.98,66.4632671222221
76192,-8.450253,-3.588037,4.001996,-0.007178,0.003054,-0.006261,31.03,66.4463808178923
76202,-8.443074,-3.589832,3.999005,-0.006872,0.003512,-0.005956,31.03,66.4485676378699
76212,-8.456833,-3.592823,4.005585,-0.006872,0.003054,-0.005956,31.03,66.4456825203871
76222,-8.452645,-3.594618,4.003192,-0.007483,0.003207,-0.005956,31.03,66.451023338059
76232,-8.452048,-3.58385,4.002594,-0.007025,0.003971,-0.005651,31.07,66.4432834312096
76242,-8.449656,-3.588636,4.006782,-0.007178,0.003971,-0.00504,31.03,66.4205640619451
76252,-8.453244,-3.595814,4.004987,-0.007789,0.003207,-0.006261,31.03,66.4439437379346
76262,-8.46102,-3.588037,4.006782,-0.007025,0.003054,-0.006261,31.03,66.4439432833255
76272,-8.448458,-3.582056,3.998407,-0.006872,0.003665,-0.006261,31.03,66.4560895024866
76282,-8.455637,-3.592225,4.008576,-0.007483,0.004429,-0.006109,31.04,66.4269614144704
76292,-8.450253,-3.595814,3.996612,-0.00733,0.003665,-0.005803,31.04,66.481569993077
76302,-8.445468,-3.592225,4.001398,-0.006567,0.003818,-0.005345,31.06,66.4431929557955
76312,-8.468199,-3.582654,4.004389,-0.007178,0.00336,-0.005345,31.06,66.4667746098349
76322,-8.446067,-3.593421,4.004987,-0.006872,0.003665,-0.00504,31.04,66.426701194027
76332,-8.449656,-3.597609,3.995416,-0.006414,0.003665,-0.005956,31.04,66.4881947161823
76343,-8.453244,-3.585046,3.996014,-0.006872,0.003512,-0.006109,31.07,66.481379896265
76352,-8.444869,-3.58744,3.994817,-0.006567,0.003665,-0.006109,31.07,66.4721874315033
76362,-8.448458,-3.59043,3.996612,-0.006414,0.004123,-0.005345,31.04,66.4729863408118
76372,-8.452048,-3.58744,4.0008,-0.00672,0.00336,-0.005956,31.04,66.4558964686893
76382,-8.450253,-3.582654,4.000201,-0.006567,0.003818,-0.006414,31.03,66.450989055468
76392,-8.447861,-3.58385,3.999603,-0.00672,0.00504,-0.005956,31.03,66.4501587602978
76402,-8.455637,-3.585645,3.998407,-0.006261,0.003971,-0.005803,31.05,66.4743916700972
76412,-8.439486,-3.591627,3.996612,-0.00672,0.003512,-0.006872,31.05,66.4551829325231
76422,-8.443673,-3.589234,4.0008,-0.00672,0.002902,-0.005956,31.05,66.439874151205
76432,-8.450851,-3.584448,4.000201,-0.005803,0.00336,-0.005803,31.02,66.453848834482
76442,-8.450851,-3.592225,4.010969,-0.005651,0.003512,-0.005803,31.02,66.4043479357188
76452,-8.456235,-3.585046,3.996612,-0.005803,0.003512,-0.005345,31.01,66.4845289018377
76462,-8.457432,-3.581457,4.006782,-0.005651,0.002902,-0.005498,31.01,66.4305272938813
76472,-8.452645,-3.58744,4.000201,-0.006872,0.003054,-0.005345,31.03,66.4602935419738
76482,-8.444869,-3.586841,4.005585,-0.007178,0.002138,-0.005192,31.03,66.4151491132602
76492,-8.450253,-3.588636,3.994219,-0.006261,0.002138,-0.004734,31.04,66.4877141034689
76502,-8.458628,-3.602395,3.999603,-0.006414,0.002138,-0.005498,31.04,66.4893478726215
76512,-8.458628,-3.589234,4.006183,-0.00672,0.002138,-0.006109,31,66.4431193444375
76522,-8.448458,-3.588636,3.986442,-0.00672,0.00168,-0.006109,31,66.5247698921251
76532,-8.443074,-3.588037,3.999005,-0.006567,0.001527,-0.005956,31.05,66.4469612487836
76542,-8.449057,-3.594618,3.999005,-0.005803,0.001833,-0.00504,31.05,66.4654354378652
76552,-8.447262,-3.589234,3.998407,-0.00672,0.001222,-0.005498,31.04,66.4599840241844
76562,-8.457432,-3.579663,3.991228,-0.006109,0.000916,-0.005651,31.04,66.5104995114591
76572,-8.439486,-3.596412,3.996014,-0.006261,0.000916,-0.005956,31.06,66.4626102554045
76582,-8.437692,-3.585046,4.002594,-0.00672,0.001222,-0.005651,30.99,66.4141031235903
76592,-8.440084,-3.580859,4.001398,-0.007178,0.000916,-0.006109,30.99,66.4216769427821
76602,-8.446664,-3.58385,3.989433,-0.007636,0.001069,-0.007483,31.02,66.5010260030154
76612,-8.44427,-3.585645,4.000201,-0.007636,0.001069,-0.006414,31.02,66.441063468493
76622,-8.454441,-3.582654,3.994817,-0.00672,0.001222,-0.006414,31.05,66.4880445691496
76632,-8.462217,-3.580261,3.999603,-0.00733,0.000916,-0.007636,31.05,66.4771570736844
76642,-8.460423,-3.597609,3.999005,-0.007483,0.001985,-0.007178,31.06,66.4919746448088
76652,-8.449656,-3.595216,3.996014,-0.007178,0.001985,-0.005803,31.06,66.4829184060239
76662,-8.453843,-3.598207,4.004987,-0.007178,0.002138,-0.006261,31.08,66.4473435152792
76672,-8.455039,-3.591029,3.991827,-0.00672,0.002902,-0.005803,31.08,66.5124496340677
76682,-8.453843,-3.59043,3.99721,-0.007789,0.003054,-0.007025,31.02,66.4811667895229
76692,-8.447262,-3.582056,4.001398,-0.00733,0.002749,-0.007178,31.02,66.4378769168055
76702,-8.446664,-3.588636,3.997808,-0.007025,0.002902,-0.007483,31.05,66.4613344635528
76712,-8.453244,-3.586841,3.995416,-0.007025,0.003971,-0.00672,31.05,66.486117515395
76722,-8.456833,-3.588037,3.996612,-0.00672,0.003818,-0.00733,31.05,66.4884500890211
76732,-8.437692,-3.581457,4.001996,-0.007025,0.00504,-0.006872,31.05,66.4140270276178
76742,-8.450851,-3.588037,3.990032,-0.00733,0.00504,-0.00733,31.04,66.5104111508387
76752,-8.450253,-3.582654,4.0008,-0.007178,0.004887,-0.006261,31.04,66.4478467645302
76762,-8.445468,-3.589234,4.003192,-0.007025,0.005192,-0.00672,31.04,66.4311050147288
76772,-8.438888,-3.586841,3.992425,-0.00672,0.004429,-0.006872,31.07,66.4716271613687
76782,-8.450253,-3.58744,3.999005,-0.006567,0.004581,-0.006567,31.07,66.4615357078703
76792,-8.452048,-3.584448,3.988237,-0.00733,0.004734,-0.007636,31.07,66.5191499174596
76802,-8.444869,-3.58744,3.995416,-0.007636,0.004734,-0.00733,31.07,66.4690430701405
76812,-8.455039,-3.588636,3.996014,-0.006872,0.004276,-0.007025,31.08,66.4883521615275
76822,-8.449057,-3.583252,3.998407,-0.006872,0.002902,-0.006872,31.08,66.4584177767854
76832,-8.452645,-3.584448,3.991228,-0.007178,0.003054,-0.00733,31.06,66.5047028245443
76842,-8.449057,-3.585645,3.990032,-0.008094,0.002749,-0.006872,31.06,66.5045102592722
76852,-8.442476,-3.58385,3.995416,-0.007636,0.002443,-0.007636,31.01,66.4607980802681
76862,-8.467003,-3.580261,3.996612,-0.007789,0.00168,-0.007178,31.01,66.5028881628718
76872,-8.453244,-3.582654,3.996612,-0.007483,0.001222,-0.007636,31.06,66.4761105049398
76882,-8.454441,-3.588636,3.996612,-0.007025,0.001222,-0.007483,31.06,66.4839593249413
76892,-8.453843,-3.591029,3.998407,-0.00672,0.000764,-0.006109,31.05,66.4754236728281
76902,-8.447262,-3.592225,4.0008,-0.006414,0.000611,-0.00672,31.05,66.4501048415767
76912,-8.443673,-3.589832,4.001398,-0.006567,-0.000764,-0.006414,31.02,66.4372717941381
76922,-8.453244,-3.589832,3.999005,-0.00733,-0.000458,-0.007025,31.01,66.4699603359884
76932,-8.452645,-3.59043,3.984648,-0.007483,-0.001222,-0.006872,31.01,66.5445732314142
76942,-8.448458,-3.592225,3.999603,-0.007483,-0.001985,-0.007789,31.06,66.4588993467975
76952,-8.456833,-3.59043,3.999603,-0.007025,-0.001527,-0.007025,31.06,66.474900089634
76962,-8.452048,-3.584448,3.992425,-0.006872,-0.001833,-0.005956,31.07,66.497166130751
76972,-8.459227,-3.589832,3.998407,-0.007025,-0.002291,-0.006261,31.07,66.485665275611
76982,-8.46461,-3.586841,3.999005,-0.006414,-0.002138,-0.006872,31.04,66.4911691285653
76992,-8.44427,-3.589234,4.004987,-0.005803,-0.002596,-0.006567,31.04,66.4191660618212
77002,-8.443673,-3.591029,4.005585,-0.00672,-0.001985,-0.006567,31.1,66.4163796978852
77012,-8.438289,-3.591029,4.010371,-0.007178,-0.002749,-0.006872,31.1,66.3799247863156
77022,-8.453244,-3.589832,3.997808,-0.007025,-0.002749,-0.006567,31.01,66.4762381325368
77032,-8.453843,-3.586243,3.997808,-0.007025,-0.00168,-0.007025,31.01,66.4742953854207
77042,-8.449656,-3.58385,4.000201,-0.006261,-0.001527,-0.006414,31.05,66.4507999693083
77052,-8.446664,-3.588037,4.002594,-0.006567,-0.001833,-0.006109,31.05,66.4356893943541
77062,-8.44427,-3.588636,4.011567,-0.007178,-0.001985,-0.006261,31.04,66.384125870721
77072,-8.44128,-3.591627,3.985246,-0.006109,-0.002291,-0.006109,31.04,66.5186501691858
77082,-8.450851,-3.586243,4.012166,-0.006109,-0.001527,-0.005803,31.07,66.3927216686752
77092,-8.451449,-3.579663,4.004987,-0.006872,-0.001222,-0.006109,31.07,66.4257358089686
77102,-8.443074,-3.591627,4.001996,-0.005803,0,-0.005498,31.05,66.4344804212092
77112,-8.44427,-3.582654,4.003192,-0.006261,0.000153,-0.005345,31.03,66.4226937907522
77122,-8.444869,-3.594618,3.994817,-0.005956,0.000611,-0.005956,31.03,66.4786057245544
77132,-8.456833,-3.6006,3.998407,-0.006567,0.001069,-0.00504,31.04,66.4902473589141
77142,-8.443074,-3.597011,4.003192,-0.00672,0.002291,-0.004734,31.04,66.4330319031331
77152,-8.431709,-3.589832,3.999603,-0.006872,0.002902,-0.004429,31.05,66.4214818191758
77162,-8.447861,-3.588037,4.001398,-0.006414,0.003207,-0.004581,31.05,66.4444830773127
77172,-8.449057,-3.589234,4.007978,-0.006414,0.003512,-0.005498,31.02,66.4135674974635
77182,-8.442476,-3.588037,4.006782,-0.007025,0.00504,-0.005498,31.02,66.4048972528197
77192,-8.461619,-3.58744,4.006782,-0.006567,0.005498,-0.005498,31.03,66.4446705039544
77202,-8.440084,-3.579663,3.994219,-0.006261,0.006109,-0.00504,31.03,66.4583046614668
77212,-8.445468,-3.594618,4.001996,-0.007025,0.007483,-0.005192,31.04,66.4421988989344
77222,-8.444869,-3.59043,4.004389,-0.007178,0.007789,-0.004581,31.04,66.4246356151827
77232,-8.441879,-3.593421,3.999603,-0.006872,0.007636,-0.004429,31.04,66.4461279706276
77242,-8.450253,-3.593421,3.996612,-0.007178,0.007178,-0.004887,31.04,66.4794314456659
77252,-8.452048,-3.588037,3.987041,-0.006872,0.008247,-0.005345,31.02,66.5286255327691
77263,-8.455039,-3.597011,3.995416,-0.007483,0.008705,-0.00672,30.99,66.4989599597317
77272,-8.456833,-3.578466,3.996612,-0.007178,0.008552,-0.005345,30.99,66.4799278602045
77282,-8.453843,-3.580859,3.988237,-0.007483,0.00901,-0.00504,31.03,66.5197249759309
77292,-8.445468,-3.586841,4.0008,-0.006567,0.008858,-0.005498,31.03,66.4415128890675
77302,-8.440681,-3.58744,3.99721,-0.007025,0.008552,-0.004581,31.01,66.4508102789077
77312,-8.454441,-3.585046,3.987639,-0.006872,0.008247,-0.00504,31.01,66.5278448681191
77322,-8.452645,-3.581457,3.991228,-0.00733,0.007941,-0.005803,31.04,66.5020391518422
77332,-8.443074,-3.588037,3.995416,-0.007025,0.007941,-0.005498,31.04,66.4658000056079
77342,-8.449057,-3.586243,3.992425,-0.006872,0.007483,-0.006109,31.05,66.4924810524236
77352,-8.453244,-3.585046,3.996014,-0.006872,0.006414,-0.006872,31.05,66.481379896265
77362,-8.458628,-3.588037,3.992425,-0.007025,0.005956,-0.005803,31.06,66.5141787330051
77372,-8.448458,-3.59043,3.987041,-0.006567,0.00504,-0.006261,31.06,66.5232243704427
77382,-8.450851,-3.589832,3.990032,-0.006872,0.004123,-0.006261,31.05,66.5120117319614
77392,-8.452048,-3.57727,3.988237,-0.006872,0.003207,-0.005803,31.05,66.5127619117767
77402,-8.443074,-3.597011,3.990032,-0.00672,0.002596,-0.006261,31.01,66.5020943778733
77412,-8.44427,-3.588037,3.989433,-0.007483,0.00168,-0.00672,31.01,66.4997308342885
77422,-8.458628,-3.588636,3.992425,-0.006414,0.001527,-0.005956,31.03,66.5147119046402
77432,-8.458628,-3.591029,3.991827,-0.00733,0.000764,-0.00672,31.03,66.5199790271285
77442,-8.457432,-3.585046,3.996612,-0.006872,0.000153,-0.00733,31.06,66.4870438659396
77452,-8.453843,-3.586243,4.003192,-0.006567,-0.000458,-0.008399,31.03,66.4460613433993
77462,-8.447262,-3.59402,3.985844,-0.00672,-0.001527,-0.008399,31.03,66.5302036967926
77472,-8.460423,-3.589832,3.991228,-0.005803,-0.001222,-0.007483,31.04,66.525819749813
77482,-8.450253,-3.58385,4.003192,-0.006567,-0.002138,-0.007636,31.04,66.4363681086097
77492,-8.441879,-3.583252,3.993023,-0.006567,-0.001985,-0.007941,31.03,66.4715732192936
77502,-8.446664,-3.592225,3.991228,-0.007178,-0.002443,-0.007636,31.03,66.4990767253292
77512,-8.458031,-3.582654,4.001996,-0.006414,-0.002749,-0.008247,31.04,66.4579412206002
77522,-8.453843,-3.58385,3.990032,-0.00672,-0.002749,-0.007941,31.04,66.5129638891741
77532,-8.457432,-3.599404,3.995416,-0.007636,-0.003054,-0.009163,31.04,66.5061156019581
77542,-8.450851,-3.586841,3.994817,-0.007178,-0.003054,-0.008552,31.04,66.4842312510673
77552,-8.452645,-3.575475,3.996014,-0.00672,-0.00336,-0.008552,31.04,66.4715940096872
77562,-8.450851,-3.58385,4.000201,-0.007483,-0.002902,-0.007941,31.04,66.4533150996812
77572,-8.440681,-3.585645,3.992425,-0.006872,-0.004123,-0.008247,31.01,66.4743312233206
77582,-8.457432,-3.597609,3.991228,-0.006872,-0.003971,-0.008247,31.01,66.5264759360897
77592,-8.450851,-3.592225,4.000201,-0.006567,-0.002902,-0.008094,31.04,66.460794854017
77602,-8.444869,-3.601198,3.994219,-0.007636,-0.002443,-0.007636,31.04,66.487633947862
77612,-8.443074,-3.584448,3.998407,-0.007483,-0.002902,-0.00733,31.03,66.4468896572903
77622,-8.452048,-3.57727,4.002594,-0.007025,-0.002443,-0.008552,31.04,66.4374135444845
77632,-8.439486,-3.58385,4.001398,-0.00672,-0.003054,-0.00733,31.04,66.4230931445049
77642,-8.445468,-3.586243,4.009174,-0.007178,-0.002902,-0.007483,31.02,66.3970549547757
77652,-8.452645,-3.58744,3.996014,-0.00733,-0.002902,-0.007789,31.02,66.4822556629216
77662,-8.452048,-3.582654,4.001996,-0.007178,-0.002902,-0.008094,31.07,66.4453522400527
77672,-8.449656,-3.589832,3.999005,-0.00733,-0.002138,-0.007636,31.07,66.4624166779275
77682,-8.44128,-3.592225,3.998407,-0.00733,-0.001527,-0.006872,31.03,66.4500724133252
77692,-8.438289,-3.579663,4.001398,-0.00733,-0.001833,-0.007025,31.03,66.4168200083575
77702,-8.44427,-3.591627,4.003192,-0.007178,-0.001833,-0.007789,31.05,66.430724710586
77712,-8.446067,-3.588037,4.001996,-0.006567,-0.001222,-0.007789,31.05,66.437569237929
77722,-8.453843,-3.59043,4.004987,-0.006109,-0.000305,-0.00672,31.02,66.4403905950328
77732,-8.449656,-3.586841,4.0008,-0.007178,-0.000611,-0.007178,31.02,66.450328882606
77742,-8.447262,-3.597011,4.004389,-0.006414,0.000458,-0.005651,31.04,66.4355680538337
77752,-8.437692,-3.583252,4.004389,-0.005956,0.000153,-0.006109,31.04,66.4030735456265
77762,-8.443074,-3.58385,3.99721,-0.00672,0.000764,-0.005956,31.02,66.4526385165218
77772,-8.44427,-3.592225,4.008576,-0.00672,0.000611,-0.006567,31.02,66.4030248957575
77782,-8.458031,-3.59402,3.996014,-0.006261,0.002291,-0.006567,31.04,66.4994339727746
77792,-8.449057,-3.588037,4.005585,-0.005498,0.00336,-0.005498,31.03,66.4250426156062
77802,-8.450253,-3.600002,3.994219,-0.005803,0.003818,-0.00504,31.03,66.4978668867316
77812,-8.44128,-3.59043,4.008576,-0.006109,0.004734,-0.004887,31.03,66.3951113767915
77822,-8.450253,-3.586841,3.999603,-0.006261,0.00504,-0.005345,31.03,66.4578638757098
77832,-8.452048,-3.589234,4.005585,-0.006109,0.005345,-0.005345,30.98,66.4324100676225
77842,-8.450851,-3.588037,3.999603,-0.006109,0.006567,-0.005192,30.98,66.4601898191729
77852,-8.456235,-3.59043,4.003192,-0.00672,0.006567,-0.005651,31.03,66.4548294863134
77862,-8.457432,-3.589832,3.994219,-0.006261,0.00733,-0.005345,31.03,66.5038574333492
77872,-8.443074,-3.595814,4.001398,-0.007025,0.007483,-0.005803,31.05,66.4413694065739
77882,-8.446067,-3.591029,3.993023,-0.007178,0.007636,-0.005651,31.05,66.4873309970464
77892,-8.442476,-3.582056,3.999005,-0.00672,0.008705,-0.004276,31.02,66.4403520928416
77902,-8.455039,-3.583252,3.99063,-0.006261,0.009163,-0.005498,31.02,66.5118045116122
77912,-8.455637,-3.586841,3.995416,-0.00672,0.009468,-0.005498,30.99,66.4911450991751
77922,-8.448458,-3.592823,3.993621,-0.007178,0.009621,-0.00504,30.99,66.4908193765367
77932,-8.443673,-3.586243,3.999005,-0.00733,0.009621,-0.004734,31.02,66.4466176554179
77942,-8.461619,-3.583252,3.993023,-0.007178,0.009621,-0.005345,31.02,66.5130629222237
77952,-8.451449,-3.592225,3.997808,-0.007178,0.009927,-0.004734,31.05,66.474602516735
77962,-8.446067,-3.588636,3.995416,-0.007483,0.008399,-0.005192,31.05,66.4726319001325
77972,-8.440681,-3.582056,3.988835,-0.007178,0.008247,-0.004887,31.05,66.4899838243105
77982,-8.46461,-3.592823,4.0008,-0.007178,0.008858,-0.004734,31.02,66.4870876242601
77992,-8.456833,-3.585645,3.988835,-0.006872,0.007941,-0.005192,31.02,66.527119672559
78002,-8.455637,-3.58385,3.990032,-0.00672,0.007483,-0.005192,31.07,66.516730650974
78012,-8.449656,-3.595814,3.990032,-0.00672,0.006872,-0.00504,31.07,66.514841878099
78022,-8.467003,-3.579663,3.992425,-0.007178,0.005956,-0.006109,31.02,66.5243092288006
78032,-8.452048,-3.588037,3.985246,-0.006261,0.005192,-0.005803,31.02,66.5380500647012
78042,-8.455039,-3.58744,4.001996,-0.006414,0.004429,-0.005803,31,66.4559158882996
78052,-8.453843,-3.582056,3.98405,-0.007025,0.003665,-0.005803,31,66.5427745180983
78062,-8.443673,-3.58385,3.987639,-0.00672,0.002749,-0.006414,31.02,66.5041615804098
78072,-8.455039,-3.584448,4.0008,-0.00672,0.001222,-0.006261,31.02,66.4595180945038
78082,-8.460423,-3.595216,3.998407,-0.005956,0.000764,-0.005956,31.02,66.4929746077211
78092,-8.455637,-3.584448,3.993023,-0.006261,-0.000916,-0.006261,31.02,66.5015676694576
78102,-8.452048,-3.578466,3.992425,-0.006872,-0.001833,-0.00733,31.04,66.4918381566268
78112,-8.449057,-3.59043,3.983452,-0.006261,-0.002291,-0.006567,31.04,66.5433293083977
78122,-8.450851,-3.575475,3.99063,-0.006261,-0.002902,-0.006414,31.07,66.4960828919532
78132,-8.458031,-3.582056,3.991827,-0.006414,-0.004123,-0.00733,31.07,66.5107418617013
78142,-8.4347,-3.575475,3.988835,-0.006261,-0.00504,-0.007636,31.01,66.4715108432545
78152,-8.454441,-3.582056,3.998407,-0.006414,-0.006261,-0.008247,31.05,66.4686784546292
78162,-8.449057,-3.584448,3.99063,-0.006414,-0.00672,-0.008247,31.05,66.5003033924994
78172,-8.463414,-3.592823,4.001398,-0.005803,-0.006872,-0.007941,31.01,66.4814447497572
78182,-8.450253,-3.578466,3.989433,-0.005956,-0.007636,-0.008552,31.01,66.5037730073847
78192,-8.452645,-3.580261,3.998407,-0.007025,-0.007941,-0.00901,31.02,66.4633006009694
78202,-8.446664,-3.59402,3.984648,-0.006414,-0.007483,-0.007789,31.02,66.5352301880223
78212,-8.444869,-3.589832,4.011567,-0.007025,-0.007941,-0.008705,31,66.3864615671194
78222,-8.452048,-3.577868,4.01396,-0.006109,-0.006872,-0.008552,31,66.3783579827259
78232,-8.453244,-3.584448,4.00379,-0.00672,-0.00672,-0.008247,31.03,66.4400632568358
78242,-8.449057,-3.575475,3.997808,-0.00733,-0.006414,-0.008399,31.03,66.454624605988
78252,-8.447861,-3.591029,4.00379,-0.00672,-0.005345,-0.008399,31.04,66.4346135118461
78262,-8.438888,-3.59402,3.994219,-0.006414,-0.004429,-0.008094,31.04,66.4686326956751
78272,-8.447861,-3.582056,3.993621,-0.007025,-0.003818,-0.007941,31.03,66.4799531020573
78282,-8.440681,-3.593421,3.99721,-0.007636,-0.002902,-0.007636,31.03,66.4561659451172
78292,-8.460423,-3.595814,4.004389,-0.007483,-0.002291,-0.007483,31.06,66.4621628339358
78302,-8.42812,-3.582654,4.000201,-0.007483,0.000305,-0.00733,31.06,66.4043213917611
78312,-8.442476,-3.594618,4.001996,-0.007636,0.001069,-0.007178,31.03,66.4359014737482
78322,-8.439486,-3.592225,4.004389,-0.007636,0.002138,-0.007483,31.01,66.4149026688138
78332,-8.443074,-3.586243,4.001398,-0.007941,0.003054,-0.007178,31.01,66.4327976536201
78342,-8.447861,-3.58385,4.001398,-0.00733,0.003207,-0.007483,31.05,66.4407411674025
78352,-8.452048,-3.592823,4.00738,-0.007941,0.004276,-0.007025,31.05,66.4262109413694
78362,-8.446067,-3.588037,4.007978,-0.008094,0.005803,-0.007483,31.03,66.4061954662842
78372,-8.451449,-3.586841,3.998407,-0.00733,0.006261,-0.006414,31.03,66.4666533351631
78382,-8.442476,-3.586841,4.006183,-0.007178,0.006872,-0.00672,31.04,66.4069676749824
78392,-8.443074,-3.589832,3.998407,-0.006872,0.007941,-0.006414,31.04,66.4517060175395
78402,-8.443673,-3.589832,4.00738,-0.007789,0.007483,-0.007025,31.05,66.4058930325704
78412,-8.440681,-3.598805,4.010969,-0.006872,0.008247,-0.00733,31.05,66.3888206230525
78422,-8.454441,-3.578466,4.010969,-0.00672,0.008705,-0.00672,31.04,66.3996143366517
78432,-8.446067,-3.586841,4.001996,-0.006567,0.008399,-0.005498,31.04,66.4364994883162
78442,-8.459825,-3.582654,4.009174,-0.007178,0.008552,-0.005803,31.04,66.4240986325626
78452,-8.450253,-3.584448,3.997808,-0.007025,0.007941,-0.005498,31.04,66.465144631812
78462,-8.452048,-3.581457,3.997808,-0.006872,0.007636,-0.006261,31.01,66.4662531891872
78472,-8.442476,-3.591627,3.988835,-0.006567,0.007178,-0.006109,31.01,66.5023090739129
78482,-8.440681,-3.592225,3.99721,-0.006872,0.007025,-0.005498,31.02,66.4550945705667
78492,-8.44128,-3.591029,3.997808,-0.00672,0.006109,-0.005345,31.04,66.4521452568905
78502,-8.452048,-3.585645,3.996014,-0.006109,0.005651,-0.005803,31.04,66.4793998845189
78512,-8.455637,-3.592225,4.004987,-0.006872,0.004887,-0.005651,31.03,66.4457673742461
78522,-8.454441,-3.597011,3.996014,-0.007789,0.004429,-0.005651,31.03,66.4945690648849
78532,-8.456235,-3.583252,4.0008,-0.007178,0.004734,-0.005803,31.01,66.4609673937699
78542,-8.456235,-3.589234,3.994219,-0.00733,0.004429,-0.005498,31.01,66.5008119753072
78552,-8.450253,-3.582056,3.985246,-0.007636,0.00336,-0.005803,31.04,66.5289577831095
78562,-8.447262,-3.585046,3.990032,-0.007483,0.002596,-0.005192,31.04,66.5002041104721
78572,-8.460423,-3.583252,4.001398,-0.00672,0.002902,-0.005345,31.04,66.4666380515647
78582,-8.446067,-3.594618,3.999603,-0.007178,0.00336,-0.005651,31.04,66.4560116652904
78592,-8.458031,-3.580859,3.998407,-0.006414,0.003054,-0.004887,31.04,66.4751613014185
78602,-8.447262,-3.579065,3.996612,-0.006872,0.001985,-0.005345,31.04,66.4603234005352
78612,-8.450851,-3.58744,3.997808,-0.00672,0.001527,-0.006261,31,66.4690727554017
78622,-8.446664,-3.592225,3.991827,-0.006872,0.002291,-0.004581,31,66.4959322870659
78632,-8.449656,-3.58385,3.988835,-0.00672,0.00168,-0.005651,31.05,66.5104536349185
78642,-8.450253,-3.601796,3.995416,-0.007025,0.001985,-0.005803,31.05,66.4931924282995
78652,-8.451449,-3.579065,3.992425,-0.006414,0.001527,-0.006109,31.03,66.4911119738866
78662,-8.445468,-3.58744,3.989433,-0.007025,0.001374,-0.00504,31.03,66.5017155395036
78672,-8.450851,-3.589234,3.992425,-0.006261,0.001527,-0.00504,31.03,66.4989186501622
78682,-8.454441,-3.589234,3.994219,-0.006872,0.001222,-0.005651,31.03,66.4970451705101
78692,-8.447262,-3.588037,3.999005,-0.007178,0.000305,-0.006567,31.03,66.4557765212045
78702,-8.448458,-3.582654,3.994219,-0.007025,-0.000458,-0.006414,31.04,66.4786031040394
78712,-8.448458,-3.584448,4.001996,-0.006261,-0.000305,-0.006567,31.04,66.439395552568
78722,-8.453244,-3.583252,3.988835,-0.005956,-0.000764,-0.006567,31.05,66.5174570456564
78732,-8.462815,-3.584448,3.998407,-0.006872,-0.000916,-0.005803,31.05,66.4884064420796
78742,-8.453244,-3.586841,3.997808,-0.006109,-0.001985,-0.006109,31.09,66.473569529085
78752,-8.448458,-3.595814,3.999005,-0.005956,-0.001985,-0.006109,31.09,66.4652461212885
78762,-8.449057,-3.586243,3.994219,-0.006109,-0.001985,-0.005803,31.04,66.4830647372305
78772,-8.44427,-3.595814,3.994817,-0.005803,-0.002596,-0.005956,31.04,66.4784169544192
78782,-8.447262,-3.586243,3.99063,-0.005956,-0.002138,-0.006109,31.03,66.4981320088395
78792,-8.450253,-3.585645,3.994219,-0.005956,-0.002749,-0.006261,31.03,66.4850455130752
78802,-8.449656,-3.581457,4.0008,-0.006567,-0.003512,-0.006567,31.02,66.4455214505578
78812,-8.446664,-3.588037,3.994219,-0.005803,-0.00336,-0.006109,31.02,66.4796350192284
78822,-8.44427,-3.596412,3.995416,-0.006414,-0.002749,-0.006872,31.02,66.4758085247961
78832,-8.449656,-3.592225,3.996612,-0.00672,-0.003207,-0.006109,31.05,66.4771083317916
78842,-8.449057,-3.584448,4.001996,-0.00672,-0.002596,-0.00672,31.05,66.4406568578163
78852,-8.448458,-3.591627,4.0008,-0.006109,-0.002138,-0.007178,31.02,66.452086016756
78862,-8.447861,-3.582654,3.998407,-0.00672,-0.000916,-0.006872,31.02,66.4553665630642
78872,-8.443673,-3.585645,4.001996,-0.006109,-0.000764,-0.00733,31.02,66.4303866784412
78882,-8.451449,-3.581457,4.004389,-0.006567,0.000764,-0.00672,31.02,66.4304729585568
78892,-8.443074,-3.584448,4.003192,-0.00672,0.001374,-0.006414,31.03,66.4217776491368
78902,-8.448458,-3.575475,4.001398,-0.006872,0.002138,-0.007178,31.03,66.4345225762436
78912,-8.432905,-3.580859,4.004389,-0.006872,0.003207,-0.007178,31.06,66.3908207506782
78922,-8.445468,-3.580859,3.998407,-0.007178,0.004276,-0.005956,31.06,66.448724822177
78932,-8.451449,-3.585645,4.00738,-0.007941,0.004581,-0.006109,31.02,66.4185314885115
78942,-8.450253,-3.59043,4.00379,-0.007025,0.005651,-0.005803,31.02,66.4391122167207
78952,-8.452645,-3.577868,3.996014,-0.007178,0.00672,-0.005803,30.97,66.4737246528778
78962,-8.450851,-3.580859,3.996612,-0.007483,0.007636,-0.00672,30.97,66.4694771957111
78972,-8.440681,-3.577868,3.99721,-0.007025,0.007636,-0.005345,31.05,66.4422500235627
78982,-8.432905,-3.589234,3.995416,-0.007178,0.008399,-0.006109,31.05,66.445458798514
78992,-8.443673,-3.579065,4.002594,-0.007941,0.008552,-0.006872,31.04,66.4213640781889
79002,-8.448458,-3.588636,3.992425,-0.007941,0.008552,-0.007178,31.02,66.4933575930951
79012,-8.448458,-3.586841,3.999005,-0.007483,0.008552,-0.00672,31.02,66.4572244297756
79022,-8.452645,-3.58744,4.0008,-0.007789,0.008399,-0.005803,31.03,66.457152199591
79032,-8.455637,-3.591627,3.987639,-0.007789,0.008247,-0.006414,31.03,66.5362122390727
79042,-8.455637,-3.591029,3.994219,-0.008247,0.008247,-0.006414,31.04,66.5011564688495
79052,-8.466404,-3.585645,3.995416,-0.008094,0.007483,-0.006567,31.04,66.5126811666077
79062,-8.463414,-3.582654,3.989433,-0.007483,0.00672,-0.006567,31.04,66.5351281078835
79072,-8.460423,-3.580261,3.998407,-0.00733,0.006414,-0.005803,31.04,66.47965726592
79082,-8.450253,-3.585645,3.992425,-0.007483,0.005345,-0.005803,31,66.494461221731
79092,-8.450253,-3.593421,3.99721,-0.007789,0.004123,-0.007483,31,66.4762944818523
79102,-8.452645,-3.59043,3.998407,-0.00733,0.002902,-0.007025,31.01,66.4723714098515
79112,-8.468798,-3.591029,3.988835,-0.006872,0.002902,-0.005498,31.01,66.5569774089784
79122,-8.454441,-3.585645,3.992425,-0.006872,0.001222,-0.006567,31.03,66.5032594996207
79132,-8.443673,-3.594618,3.996612,-0.007178,0.000153,-0.006872,31.03,66.4666706862173
79142,-8.458628,-3.591029,3.996014,-0.006872,0.000305,-0.00672,31,66.4980208447997
79152,-8.451449,-3.595814,3.993023,-0.006872,-0.000153,-0.006414,31,66.5029093516668
79162,-8.453843,-3.588037,3.991827,-0.006567,-0.000916,-0.007025,31.03,66.5072727644582
79172,-8.447861,-3.582056,3.985246,-0.007025,-0.002443,-0.007178,31.08,66.5239342185416
79182,-8.464012,-3.586243,3.990032,-0.00733,-0.00336,-0.007025,31.08,66.5364266210804
79192,-8.462815,-3.582056,3.995416,-0.007178,-0.003512,-0.006872,31.04,66.5019610929896
79202,-8.454441,-3.586841,3.998407,-0.006872,-0.004581,-0.007025,31.04,66.4729440129018
79212,-8.450253,-3.580859,3.993621,-0.007178,-0.00504,-0.00672,31.03,66.4839170031218
79222,-8.444869,-3.59043,3.996612,-0.006567,-0.005192,-0.007025,31.03,66.4654387383888
79232,-8.455039,-3.581457,4.0008,-0.006261,-0.005192,-0.006872,31.04,66.4568517868069
79242,-8.449057,-3.585645,3.986442,-0.006109,-0.004887,-0.006414,31.04,66.5233613505623
79252,-8.446067,-3.589234,3.99721,-0.006567,-0.00504,-0.007789,31,66.4637511314929
79262,-8.438289,-3.59043,3.996014,-0.006109,-0.005192,-0.006567,31,66.4547304766761
79272,-8.447262,-3.588636,4.006183,-0.005651,-0.005192,-0.006414,31.03,66.4186620235969
79282,-8.454441,-3.586243,3.99721,-0.005803,-0.004581,-0.007178,31.03,66.4786889811003
79292,-8.452048,-3.595814,4.00379,-0.006872,-0.003971,-0.006414,31.01,66.4477030223908
79302,-8.447262,-3.582654,4.001398,-0.006872,-0.003665,-0.00733,31.01,66.4384111175752
79312,-8.458628,-3.583252,4.004389,-0.007483,-0.00336,-0.007483,31.04,66.4471860985987
79322,-8.44128,-3.586243,4.008576,-0.00672,-0.002902,-0.006414,31.04,66.3913567917056
79332,-8.450851,-3.597011,4.011567,-0.006872,-0.002291,-0.006414,31.03,66.4055018740479
79342,-8.449057,-3.577868,3.997808,-0.00672,-0.000916,-0.006567,31.03,66.4567579591415
79352,-8.435897,-3.585046,4.004389,-0.006109,0,-0.005651,31.04,66.4008937744453
79362,-8.446664,-3.600002,4.001398,-0.005956,0.001222,-0.005651,31.05,66.4526740215667
79372,-8.440681,-3.586841,4.00379,-0.006109,0.001527,-0.00672,31.05,66.4157378330578
79382,-8.451449,-3.597609,4.012166,-0.00672,0.002596,-0.00672,31.02,66.4041588727747
79392,-8.451449,-3.59043,4.007978,-0.00672,0.00336,-0.006109,31.02,66.4196752398029
79402,-8.455637,-3.59402,3.999005,-0.007483,0.003971,-0.006567,31.03,66.4787264262214
79412,-8.449057,-3.59402,4.001996,-0.007483,0.004887,-0.006414,31.03,66.4492140780006
79422,-8.439486,-3.583252,3.994219,-0.007789,0.005651,-0.005651,31.04,66.4602531524226
79432,-8.451449,-3.586243,3.99721,-0.00672,0.006414,-0.005192,31.04,66.4723991574903
79442,-8.455039,-3.589832,4.007978,-0.00672,0.005956,-0.005345,31.07,66.4266977046239
79452,-8.460423,-3.588037,4.001996,-0.00672,0.007789,-0.005192,31.07,66.4677656885105
79462,-8.459227,-3.591029,4.007978,-0.006414,0.008552,-0.005498,31.04,66.4365772311583
79472,-8.445468,-3.584448,4.005585,-0.006567,0.007789,-0.005803,31.04,66.41427011361
79482,-8.446664,-3.589832,4.002594,-0.007025,0.008399,-0.005345,31.05,66.4372952137273
79492,-8.452048,-3.58744,4.00379,-0.006872,0.008552,-0.003665,31.05,66.4402175839949
79502,-8.443074,-3.595216,3.994219,-0.007178,0.008552,-0.004887,31.01,66.478506551741
79512,-8.449057,-3.589234,3.996014,-0.00733,0.008705,-0.004887,31.01,66.4763150500997
79522,-8.438289,-3.585046,3.996014,-0.006109,0.008247,-0.005192,31.04,66.449909403857
79532,-8.459227,-3.598207,3.997808,-0.006872,0.007483,-0.005192,31.01,66.4962728251298
79542,-8.456833,-3.59043,4.004987,-0.007025,0.007025,-0.005956,31.01,66.4466792703922
79552,-8.458031,-3.594618,3.987639,-0.007483,0.006414,-0.006872,31.08,66.5438933303397
79562,-8.451449,-3.59402,3.99063,-0.007483,0.005803,-0.005345,31.08,66.5138644709559
79572,-8.451449,-3.580859,4.0008,-0.007025,0.00504,-0.005345,31.01,66.4487630031005
79582,-8.451449,-3.591029,3.99063,-0.007025,0.004581,-0.005956,31.01,66.5111960131919
79592,-8.447861,-3.58744,3.996612,-0.007483,0.003971,-0.005956,31.02,66.4690598503927
79602,-8.445468,-3.588037,4.006183,-0.007178,0.003512,-0.006109,31.02,66.414345867479
79612,-8.450253,-3.605386,3.994219,-0.006872,0.002138,-0.005803,31.11,66.5026827847861
79622,-8.458628,-3.582056,3.995416,-0.007789,0.002443,-0.005498,31.11,66.4931679202732
79632,-8.44427,-3.580261,3.996612,-0.007025,0.002443,-0.005803,31.03,66.455090174349
79642,-8.453244,-3.592225,3.995416,-0.007025,0.00168,-0.005651,31.03,66.4909201660545
79652,-8.455039,-3.586841,3.994817,-0.007483,0.001222,-0.005803,31.06,66.4930311296135
79662,-8.451449,-3.592225,3.987639,-0.007483,0.001222,-0.006567,31.06,66.5279619302584
79672,-8.447262,-3.584448,4.004987,-0.007789,0.000611,-0.00672,31.05,66.4211877010134
79682,-8.454441,-3.583252,4.000201,-0.007636,0.000305,-0.006872,31.05,66.4603351263277
79692,-8.450851,-3.571886,3.993621,-0.007636,-0.001374,-0.006872,31.02,66.4771851403001
79702,-8.460423,-3.592225,3.995416,-0.00733,-0.000916,-0.00672,31.03,66.5059882302183
79712,-8.462217,-3.591029,3.999005,-0.007789,-0.000458,-0.00672,31.03,66.4898739658247
79722,-8.452048,-3.592823,3.994817,-0.007483,-0.000458,-0.007025,31.03,66.4920844815592
79732,-8.446664,-3.585645,4.0008,-0.007483,-0.000458,-0.007178,31.03,66.442961958379
79742,-8.455637,-3.579663,3.993621,-0.00733,-0.000764,-0.007636,31.05,66.4941711220904
79752,-8.46102,-3.586841,3.999005,-0.00733,-0.000458,-0.007178,31.05,66.4836315900943
79762,-8.446067,-3.583252,3.999603,-0.007025,-0.000764,-0.007636,31.04,66.44584710696
79772,-8.453244,-3.580859,4.000201,-0.007178,-0.000611,-0.007178,31.04,66.4556832553723
79782,-8.454441,-3.589832,3.996612,-0.007025,-0.000764,-0.007483,31.07,66.4850260062664
79792,-8.443074,-3.58744,3.995416,-0.007178,-0.001222,-0.007025,31.07,66.4652661672964
79802,-8.445468,-3.598805,3.99063,-0.007483,-0.001222,-0.008399,31.03,66.5055865104508
79812,-8.450851,-3.597609,3.99721,-0.00672,-0.001222,-0.007483,31.03,66.4812940401987
79822,-8.452645,-3.591029,4.00379,-0.007483,-0.001069,-0.007789,31.05,66.444680351021
79832,-8.448458,-3.588636,3.996014,-0.007483,-0.000916,-0.00733,31.05,66.4745215987037
79842,-8.448458,-3.581457,4.00379,-0.00733,-0.001527,-0.007636,31.07,66.4273131630283
79852,-8.444869,-3.584448,3.999005,-0.00733,-0.001069,-0.007178,31.07,66.4475312917462
79862,-8.447861,-3.59043,4.004987,-0.00733,-0.002291,-0.007636,31.05,66.4278005497926
79872,-8.446664,-3.580261,3.99721,-0.007025,-0.002138,-0.00733,31.01,66.4569925392343
79882,-8.446067,-3.592225,4.0008,-0.00672,-0.002596,-0.008399,31.01,66.4475905014317
79892,-8.453843,-3.593421,4.006183,-0.007178,-0.002596,-0.007636,31.03,66.4367955535346
79902,-8.446067,-3.592225,4.001996,-0.00733,-0.003054,-0.008247,31.03,66.4413168086603
79912,-8.443074,-3.594618,4.001996,-0.00733,-0.002443,-0.008094,31.02,66.4371603433508
79922,-8.44128,-3.592823,4.00379,-0.006872,-0.001527,-0.00733,31.02,66.4223618241453
79932,-8.440084,-3.583252,3.991228,-0.006872,-0.001985,-0.00672,31.03,66.4772234141284
79942,-8.448458,-3.588037,3.999603,-0.007178,-0.002138,-0.006872,31.03,66.4551557082468
79952,-8.443074,-3.591627,3.998407,-0.00733,-0.002291,-0.00733,31.04,66.4533127166913
79962,-8.450253,-3.595814,4.000201,-0.007636,-0.000916,-0.006261,31.04,66.4627465169021
79972,-8.447861,-3.586243,3.996014,-0.006872,-0.001374,-0.007025,31.04,66.4711290878597
79982,-8.446664,-3.585046,4.004987,-0.005956,-0.000611,-0.006109,31.04,66.4204623447095
79992,-8.438888,-3.588636,3.996612,-0.00672,0,-0.007178,31.04,66.4512449376083
80002,-8.454441,-3.58385,4.003192,-0.006567,0.000305,-0.00672,31.04,66.4451843478124
80012,-8.448458,-3.598207,4.003192,-0.006567,0.000916,-0.006414,31.02,66.4454311139306
80022,-8.444869,-3.591029,4.002594,-0.00672,0.001833,-0.00504,31.02,66.4345873720383
80032,-8.435298,-3.588636,3.995416,-0.006414,0.002749,-0.005345,31,66.4499644621366
80042,-8.447262,-3.601198,4.011567,-0.006414,0.003818,-0.005345,31.04,66.4017005587572
80052,-8.447861,-3.601198,4.000201,-0.007025,0.004734,-0.00504,31.04,66.4625386278544
80062,-8.440084,-3.59043,3.997808,-0.00672,0.004276,-0.006109,31.04,66.4490909457076
80072,-8.446664,-3.589234,4.00379,-0.007178,0.005651,-0.006261,31.04,66.4304871032714
80082,-8.446067,-3.585645,3.997808,-0.007025,0.005803,-0.005651,31.06,66.4574051825034
80092,-8.459227,-3.589234,3.998407,-0.00733,0.005803,-0.005345,31.06,66.4851324310889
80102,-8.447861,-3.58744,4.00379,-0.006414,0.005956,-0.005345,31.02,66.4314029898057
80112,-8.446067,-3.593421,3.994817,-0.007178,0.005956,-0.004734,31.02,66.4800530809294
80122,-8.457432,-3.579065,3.989433,-0.007789,0.006414,-0.005956,31.06,66.5193883283199
80132,-8.453843,-3.584448,3.987639,-0.007636,0.005345,-0.005803,31.06,66.5260576372565
80142,-8.441879,-3.595216,3.989433,-0.006872,0.006109,-0.005498,31.02,66.5011237504725
80152,-8.453843,-3.586243,3.988237,-0.006567,0.005803,-0.004581,31.02,66.524516241864
80162,-8.446664,-3.586841,3.99721,-0.006872,0.006109,-0.004887,31.02,66.4628684494813
80172,-8.450253,-3.586841,4.000201,-0.007178,0.005498,-0.004734,31.02,66.454727061281
80182,-8.443074,-3.588037,4.001996,-0.007178,0.004887,-0.004429,31.02,66.4312655341783
80192,-8.447262,-3.589234,3.989433,-0.00733,0.004581,-0.005345,31.02,66.5070860384002
80202,-8.453244,-3.577868,3.993621,-0.007483,0.004581,-0.005192,31.07,66.4875431156591
80212,-8.448458,-3.586243,4.006782,-0.00733,0.003207,-0.005498,31.04,66.4158999615081
80222,-8.446664,-3.589832,3.988835,-0.00733,0.003207,-0.00504,31.04,66.5095037148385
80232,-8.451449,-3.585046,3.999603,-0.007789,0.002902,-0.004887,31.05,66.4587776194187
80242,-8.453843,-3.59043,3.992425,-0.007178,0.002138,-0.004887,31.05,66.5062679562778
80252,-8.450253,-3.591029,3.996612,-0.00733,0.003054,-0.005192,31.04,66.477294630564
80262,-8.442476,-3.589234,4.006183,-0.00733,0.003512,-0.006567,31.04,66.4091118711111
80272,-8.459825,-3.586841,3.989433,-0.007178,0.003054,-0.005345,31.03,66.5313215904222
80282,-8.444869,-3.59043,3.993023,-0.007025,0.003207,-0.004887,31.03,66.4842774732359
80292,-8.458031,-3.588636,3.995416,-0.007636,0.003665,-0.005651,31.05,66.497771622234
80302,-8.453843,-3.589832,4.001996,-0.007636,0.00336,-0.005345,31.05,66.4555359533947
80312,-8.446067,-3.586243,3.99063,-0.00733,0.003665,-0.005192,31.03,66.4956203088337
80322,-8.44427,-3.588037,4.006782,-0.007636,0.003054,-0.005345,31.03,66.4086794371089
80332,-8.450253,-3.59402,3.993023,-0.00733,0.00336,-0.005956,31.02,66.4987965160846
80342,-8.451449,-3.591029,3.996014,-0.006414,0.003818,-0.006109,31.02,66.4829451158581
80352,-8.447861,-3.578466,3.987041,-0.006567,0.00336,-0.005192,31.07,66.5113078218661
80362,-8.456235,-3.576073,4.000201,-0.007178,0.003054,-0.005498,31.07,66.4577148635904
80372,-8.445468,-3.582056,4.006183,-0.007025,0.003207,-0.005498,31.03,66.408993666902
80382,-8.443673,-3.58385,3.988835,-0.007178,0.002443,-0.006567,31.04,66.4978787418475
80392,-8.455039,-3.59043,3.991228,-0.007025,0.002902,-0.005803,31.04,66.5150585944864
80402,-8.452048,-3.58385,3.988237,-0.006872,0.002291,-0.006872,31.02,66.5186174427426
80412,-8.451449,-3.580859,3.989433,-0.00733,0.002138,-0.007025,31.02,66.5084169291018
80422,-8.44427,-3.588636,3.98405,-0.00733,0.00168,-0.007025,31.07,66.5285421020688
80432,-8.443074,-3.58744,3.991827,-0.007636,0.001222,-0.007636,31.07,66.4841106478318
80442,-8.457432,-3.591029,3.995416,-0.007636,0.000611,-0.007483,31.04,66.498646345825
80452,-8.449057,-3.588636,3.999603,-0.007483,0.000611,-0.007178,31.04,66.4569511837093
80462,-8.444869,-3.586841,3.991827,-0.007789,0,-0.006872,31.03,66.4873502507583
80472,-8.456833,-3.588037,3.993023,-0.007636,-0.000764,-0.007636,31.03,66.5072747359389
80482,-8.458031,-3.586243,3.999005,-0.008094,-0.000916,-0.008399,31.04,66.476819992553
80492,-8.448458,-3.59043,3.994219,-0.007941,-0.00168,-0.007483,31.04,66.4855435683785
80502,-8.450253,-3.595216,3.999005,-0.007941,-0.002902,-0.007941,31.02,66.468483952371
80512,-8.446664,-3.58744,4.000201,-0.00733,-0.002749,-0.007636,31.02,66.4477092814818
80522,-8.454441,-3.585046,4.002594,-0.006872,-0.003207,-0.006872,31.04,66.4493867157848
80532,-8.456833,-3.591029,3.995416,-0.007636,-0.003207,-0.007941,31.04,66.4973889846676
80542,-8.448458,-3.588636,3.999603,-0.007941,-0.004123,-0.008705,31.05,66.4556909943272
80552,-8.450851,-3.59402,4.002594,-0.00733,-0.004429,-0.007636,31.05,66.4498514368148
80562,-8.451449,-3.584448,3.997808,-0.007789,-0.00504,-0.007483,31.03,66.4676604434669
80572,-8.448458,-3.588636,3.999005,-0.007483,-0.005345,-0.008858,31.05,66.4588281796332
80582,-8.449656,-3.591029,4.000201,-0.007025,-0.00504,-0.008247,31.05,66.4572129989808
80592,-8.450851,-3.580859,4.002594,-0.007636,-0.004734,-0.007941,31.05,66.4380936570595
80602,-8.452645,-3.58744,4.004987,-0.006567,-0.004581,-0.007483,31.05,66.4351984600476
80612,-8.443074,-3.588037,3.999005,-0.006872,-0.004429,-0.007178,31.03,66.4469612487836
80622,-8.456235,-3.584448,4.000201,-0.00733,-0.003971,-0.007483,31.03,66.4651742202873
80632,-8.447861,-3.588636,4.001398,-0.007178,-0.002902,-0.007636,31.02,66.4450186128517
80642,-8.442476,-3.578466,4.006183,-0.006567,-0.002749,-0.007483,31.02,66.39947009016
80652,-8.439486,-3.595814,3.999005,-0.00672,-0.002443,-0.007941,31.04,66.4463744536007
80662,-8.437692,-3.58385,4.010969,-0.006414,-0.001527,-0.006872,31.04,66.3690829336893
80672,-8.451449,-3.585046,3.998407,-0.007025,-0.000458,-0.006414,31,66.4650515111355
80682,-8.449057,-3.59402,4.004389,-0.007025,0.000305,-0.005956,31,66.436666458077
80692,-8.44128,-3.584448,3.997808,-0.006872,0.00168,-0.005345,31,66.4462552771877
80702,-8.440681,-3.585645,3.998407,-0.007025,0.003054,-0.005956,31,66.4429197303188
80712,-8.448458,-3.591029,4.00738,-0.00733,0.004123,-0.005803,31.04,66.4170473000092
80722,-8.443673,-3.595814,3.99721,-0.00733,0.004734,-0.005956,31.04,66.4646033544176
80732,-8.449057,-3.593421,3.999603,-0.007178,0.00733,-0.004734,31.05,66.461228420439
80742,-8.440084,-3.592225,3.993023,-0.008094,0.007789,-0.005651,31.02,66.4758211975819
80752,-8.451449,-3.586243,3.994817,-0.007789,0.008399,-0.00504,31.02,66.4849547458373
80762,-8.448458,-3.595216,4.007978,-0.008247,0.009468,-0.00504,31.04,66.4176623456167
80772,-8.449057,-3.585046,3.993621,-0.008247,0.009316,-0.003971,31.04,66.4851354164668
80782,-8.438289,-3.585645,3.997808,-0.008552,0.009927,-0.004123,31.05,66.4410248520044
80792,-8.44427,-3.588636,3.998407,-0.008552,0.009621,-0.004734,31.05,66.4531533289364
80802,-8.448458,-3.586243,4.001996,-0.008399,0.009774,-0.004429,31.05,66.4409994865938
80812,-8.456833,-3.586841,3.99063,-0.008399,0.009621,-0.003971,31.05,66.5187646448656
80822,-8.444869,-3.588037,4.0008,-0.007941,0.009163,-0.004887,31.08,66.4413213802181
80832,-8.449057,-3.59402,3.99721,-0.008094,0.008399,-0.004429,31.08,66.4743165049969
80842,-8.447861,-3.584448,3.997808,-0.008094,0.008552,-0.004123,31.06,66.4601116492355
80852,-8.443074,-3.598207,3.999005,-0.007789,0.007789,-0.003971,31.06,66.4560688829087
80862,-8.462815,-3.589832,3.994219,-0.007941,0.007025,-0.004123,31.02,66.515151041113
80872,-8.452645,-3.582056,3.999603,-0.007789,0.007178,-0.004887,31.02,66.4586267233467
80882,-8.453244,-3.582654,3.99063,-0.007941,0.00672,-0.005651,31,66.5075022516174
80892,-8.455039,-3.597609,4.000201,-0.007636,0.00504,-0.00504,31,66.4744059036989
80902,-8.452048,-3.592823,4.001996,-0.007941,0.003512,-0.005192,31.03,66.4544336289651
80912,-8.452048,-3.579663,3.993023,-0.007636,0.00336,-0.005345,31.02,66.4897649861154
80922,-8.446067,-3.59043,3.985246,-0.007636,0.002138,-0.004887,31.02,66.527632542096
80932,-8.46461,-3.595216,3.99721,-0.006567,0.002291,-0.005345,31.02,66.5080289622016
80942,-8.462815,-3.586243,3.99063,-0.006109,0.000764,-0.00504,31.02,66.5307807457567
80952,-8.458031,-3.58385,3.994219,-0.006872,0.000305,-0.005345,31.06,66.4997888264696
80962,-8.454441,-3.584448,3.994817,-0.00733,-0.000764,-0.005345,31.06,66.4896426038941
80972,-8.457432,-3.583252,3.999603,-0.006872,-0.001374,-0.005803,31.04,66.4697609672747
80982,-8.452048,-3.591029,3.981059,-0.005956,-0.001833,-0.005192,31.04,66.5627021074566
80992,-8.447262,-3.592225,3.987639,-0.006567,-0.002291,-0.005345,31.03,66.5191755940003
81002,-8.455039,-3.58385,3.990032,-0.005498,-0.00336,-0.00672,31.03,66.5154751768296
81012,-8.452645,-3.588037,3.993023,-0.005498,-0.003665,-0.006567,31.04,66.4984811277108
81022,-8.448458,-3.597609,3.988237,-0.005956,-0.003207,-0.006872,31.04,66.5233534236335
81032,-8.453244,-3.57727,4.003192,-0.005956,-0.003665,-0.006261,31.04,66.436796491214
81042,-8.446067,-3.576672,3.99721,-0.006261,-0.003512,-0.006872,31.04,66.4525326313294
81052,-8.456833,-3.589832,3.995416,-0.006414,-0.004276,-0.006261,31.01,66.4963221052003
81062,-8.450253,-3.575475,3.993023,-0.007025,-0.003207,-0.00672,31.01,66.4822604569237
81072,-8.44128,-3.582056,4.002594,-0.006109,-0.003054,-0.006261,31.04,66.4189927468637
81082,-8.446664,-3.582654,3.995416,-0.00672,-0.003207,-0.007636,31.05,66.4685453286259
81092,-8.437093,-3.588636,3.99721,-0.006872,-0.002291,-0.006872,31.05,66.444324158109
81102,-8.453843,-3.588037,3.99721,-0.007025,-0.00168,-0.00672,31.02,66.4790319745017
81112,-8.464012,-3.585046,3.996612,-0.006872,-0.001222,-0.006872,31.02,66.5008607250532
81122,-8.456235,-3.591029,3.994817,-0.006872,-0.001222,-0.007483,31.03,66.4992752026144
81132,-8.447262,-3.591029,4.003192,-0.007025,-0.000764,-0.007178,31.03,66.4364887179403
81142,-8.449057,-3.597609,3.996014,-0.006872,-0.000764,-0.00733,31.02,66.4837996925425
81152,-8.444869,-3.593421,3.997808,-0.007636,0.000458,-0.007025,31.02,66.4618383035729
81162,-8.455039,-3.57727,4.004389,-0.007636,0.000916,-0.007941,31.04,66.434300377672
81172,-8.446067,-3.585645,4.000201,-0.008094,0.000764,-0.00733,31.04,66.4448477561684
81182,-8.448458,-3.589832,3.996612,-0.007789,0.001985,-0.007483,31.02,66.4724520629777
81192,-8.444869,-3.58744,3.999005,-0.007636,0.002291,-0.007025,31.02,66.4502062966892
81202,-8.446664,-3.584448,3.996612,-0.008094,0.002596,-0.007483,31.07,66.4638693235733
81212,-8.447861,-3.595216,3.996612,-0.00733,0.002902,-0.007636,31.07,66.4760097290467
81222,-8.446664,-3.577868,4.0008,-0.007789,0.002749,-0.007178,31.04,66.4360149453861
81232,-8.450253,-3.586243,3.993621,-0.008094,0.002902,-0.00672,31.04,66.4887173131276
81242,-8.447262,-3.585046,4.009772,-0.008094,0.002902,-0.00672,31.02,66.3966312375908
81252,-8.447262,-3.581457,4.0008,-0.008705,0.002902,-0.006567,31.04,66.4404795201607
81262,-8.433504,-3.589832,3.994219,-0.008247,0.002596,-0.00672,31.04,66.4535452918491
81272,-8.440681,-3.585046,4.00379,-0.007789,0.002749,-0.005803,31.07,66.4141298929268
81282,-8.445468,-3.589832,3.999603,-0.008094,0.001985,-0.007025,31.07,66.4504686701025
81292,-8.445468,-3.593421,4.010371,-0.008094,0.001985,-0.00733,31.01,66.3972118554981
81302,-8.440681,-3.588037,4.004987,-0.007636,0.001527,-0.006872,31.01,66.4105289512534
81312,-8.455039,-3.586841,3.998407,-0.008094,0.001069,-0.006109,31.05,66.4742009678482
81322,-8.448458,-3.58744,3.996014,-0.008247,0.001374,-0.007178,31.05,66.4734535195698
81332,-8.452048,-3.580859,4.004389,-0.007941,0.001069,-0.005956,31.06,66.4312009595894
81342,-8.435298,-3.598207,3.999005,-0.007483,0.000611,-0.006261,31.06,66.4397055918681
81352,-8.447861,-3.586243,4.000201,-0.007636,0.001985,-0.005803,31.05,66.4491590274669
81362,-8.452048,-3.586841,3.987639,-0.007636,0.001985,-0.006261,31.05,66.5244206533587
81372,-8.443673,-3.586243,3.993621,-0.007789,0.002291,-0.007025,31.04,66.4748807549703
81382,-8.44427,-3.592225,4.0008,-0.00733,0.00168,-0.005803,31.04,66.4438086723414
81392,-8.44427,-3.586841,3.988835,-0.007178,0.002138,-0.005803,31.03,66.5018036506488
81402,-8.443074,-3.585046,4.00379,-0.00733,0.002138,-0.006414,31.03,66.419175210458
81412,-8.445468,-3.595216,3.996612,-0.007636,0.002749,-0.006414,31.04,66.470980046953
81422,-8.450253,-3.583252,4.004389,-0.00733,0.002596,-0.006109,31.01,66.4295564908171
81432,-8.456235,-3.581457,3.99721,-0.006872,0.00336,-0.005956,31.01,66.478195892805
81442,-8.445468,-3.589832,3.996612,-0.007789,0.003054,-0.006414,31.03,66.4661640004874
81452,-8.443673,-3.579663,3.993621,-0.007178,0.002443,-0.006414,31.03,66.4690042910013
81462,-8.447861,-3.58744,3.994219,-0.007636,0.003054,-0.005956,31.04,66.4816186801373
81472,-8.449057,-3.58744,4.0008,-0.007178,0.003665,-0.00504,31.04,66.4496034953815
81482,-8.449057,-3.578466,4.001398,-0.007025,0.003207,-0.006567,31.03,66.438453273849
81492,-8.450253,-3.577868,4.009174,-0.007178,0.002596,-0.005956,31.03,66.3996572579819
81502,-8.446067,-3.586841,3.991228,-0.007178,0.002443,-0.005651,31.04,66.4930141117117
81512,-8.446067,-3.596412,4.0008,-0.007025,0.002902,-0.006567,31.04,66.4513389897687
81522,-8.446664,-3.580859,4.001398,-0.007636,0.002291,-0.005345,31.05,66.4355478530877
81532,-8.447262,-3.601198,3.996014,-0.007941,0.002596,-0.005498,31.05,66.4832413102218
81542,-8.447861,-3.579065,4.006183,-0.007483,0.00168,-0.00672,31.01,66.4113662741412
81552,-8.453244,-3.589832,3.989433,-0.007789,0.001222,-0.006872,31.01,66.5201784806134
81562,-8.443074,-3.58385,4.0008,-0.00733,0.001833,-0.005651,31.01,66.4337949222761
81572,-8.453244,-3.591029,3.998407,-0.007025,0.001985,-0.004887,31.01,66.474164990797
81582,-8.432905,-3.585046,3.992425,-0.008094,0.001985,-0.005651,31.06,66.4574202390614
81592,-8.450851,-3.585645,3.994817,-0.007483,0.00168,-0.005498,31.06,66.4831643921586
81602,-8.450851,-3.58744,3.993023,-0.007025,0.001833,-0.005651,31.02,66.4941800362965
81612,-8.448458,-3.592225,4.001398,-0.00733,0.00168,-0.005345,31.05,66.4494844239754
81622,-8.455637,-3.585645,4.001996,-0.008247,0.002138,-0.004734,31.05,66.4555722545832
81632,-8.457432,-3.597011,4.000201,-0.008247,0.001985,-0.005345,31.05,66.4788961079701
81642,-8.449057,-3.580261,4.004987,-0.00733,0.002138,-0.005651,31.05,66.4212288932593
81652,-8.445468,-3.589234,3.990032,-0.007483,0.002596,-0.005803,31.04,66.5001718063866
81662,-8.447262,-3.58385,4.0008,-0.008247,0.002291,-0.005803,31.04,66.4426171044481
81672,-8.445468,-3.581457,3.992425,-0.007789,0.002291,-0.005498,31.04,66.4806639359441
81682,-8.444869,-3.593421,3.988835,-0.007789,0.002596,-0.005651,31.04,66.5089392885551
81692,-8.446664,-3.583252,3.994219,-0.00733,0.00336,-0.005803,31.02,66.4753627399927
81702,-8.447861,-3.589832,3.995416,-0.007178,0.002902,-0.005803,31.02,66.477472835036
81712,-8.458628,-3.586243,4.0008,-0.00733,0.003054,-0.006261,31.07,66.4686639121459
81722,-8.447262,-3.586841,4.0008,-0.006872,0.002902,-0.006261,31.07,66.4452900479068
81732,-8.439486,-3.585046,3.999603,-0.00733,0.00336,-0.005651,31.04,66.4335868055683
81742,-8.453843,-3.588636,3.995416,-0.007025,0.002291,-0.006414,31.04,66.4889766075635
81752,-8.454441,-3.582654,3.996014,-0.007178,0.002443,-0.005192,31.03,66.4817644831789
81762,-8.44128,-3.580261,3.996014,-0.007941,0.002291,-0.006872,31.03,66.4519315007072
81772,-8.455637,-3.585645,4.001996,-0.007636,0.001833,-0.00672,31.03,66.4555722545832
81782,-8.449057,-3.592225,4.003192,-0.007025,0.001374,-0.006567,31.02,66.4413365357719
81792,-8.455039,-3.589832,3.99721,-0.007178,0.002138,-0.005345,31.02,66.4831458827861
81802,-8.458031,-3.59043,3.995416,-0.00733,0.001833,-0.005651,31.04,66.4993698538824
81812,-8.453843,-3.586841,3.996612,-0.007483,0.001527,-0.005345,31.04,66.4811021216064
81822,-8.447262,-3.59402,4.006183,-0.007025,0.001833,-0.005345,31.05,66.4234826449732
81832,-8.454441,-3.589832,3.994817,-0.007636,0.002291,-0.005345,31.05,66.494441328446
81842,-8.447262,-3.586841,3.988835,-0.007636,0.002138,-0.006109,31.02,66.5080908510555
81852,-8.451449,-3.581457,3.996014,-0.007483,0.000916,-0.006414,31.02,66.4744063083821
81862,-8.450253,-3.58385,3.995416,-0.007483,0.000916,-0.006109,31.03,66.4771626675422
81872,-8.440084,-3.583252,4.001398,-0.007636,0.001069,-0.006261,31.03,66.4238186649994
81882,-8.444869,-3.58385,3.999603,-0.007483,0.001374,-0.005956,31.04,66.4438584167655
81892,-8.453244,-3.58744,3.990032,-0.007636,0.001527,-0.005803,31.04,66.5149033463738
81902,-8.453843,-3.580261,3.995416,-0.007178,0.001222,-0.005803,31.02,66.4815133737492
81912,-8.444869,-3.586841,3.994219,-0.00733,0.001069,-0.006261,31.02,66.4747914871578
81922,-8.450851,-3.584448,3.998407,-0.008705,0.000764,-0.007025,31.04,66.4632599949361
81932,-8.455039,-3.588636,3.99721,-0.007941,0.001069,-0.006567,31.04,66.4820792641053
81942,-8.443074,-3.58744,3.993621,-0.007636,0.001374,-0.00733,31.06,66.4746903583281
81952,-8.447262,-3.592225,3.994817,-0.008094,0.001833,-0.007025,31.03,66.4814954716054
81962,-8.448458,-3.589832,3.991827,-0.008247,0.001374,-0.00733,31.03,66.4975641006306
81972,-8.449057,-3.58744,3.991827,-0.007025,0.001833,-0.00672,31.03,66.4966879496389
81982,-8.455637,-3.591029,3.994219,-0.007025,0.001833,-0.006261,31.03,66.5011564688495
81992,-8.460423,-3.569493,3.991228,-0.00733,0.001985,-0.006109,31.03,66.5077542995588
82002,-8.437692,-3.589234,3.994219,-0.007178,0.002596,-0.006872,31.03,66.4618287093787
82012,-8.453843,-3.58385,3.996612,-0.007789,0.002902,-0.00733,31.04,66.4784358058975
82022,-8.458031,-3.594618,3.999005,-0.007025,0.002596,-0.006261,31.04,66.4842867488553
82032,-8.449656,-3.591627,4.004389,-0.007178,0.001833,-0.007789,31.04,66.4357856910708
82042,-8.452048,-3.59043,4.001398,-0.007178,0.002596,-0.006872,31.04,66.4554308562685
82052,-8.463414,-3.589234,3.993023,-0.00672,0.002443,-0.006414,31.03,66.5221460131107
82062,-8.446067,-3.601198,4.005585,-0.00733,0.002291,-0.00672,31.03,66.4305370087741
82072,-8.462217,-3.585645,3.993621,-0.007025,0.002291,-0.00733,31.04,66.5133086921238
82082,-8.454441,-3.586841,4.004389,-0.007025,0.002138,-0.007483,31.04,66.4415780904415
82092,-8.445468,-3.58744,3.996014,-0.007178,0.002138,-0.007636,31.03,66.4671643797636
82102,-8.453244,-3.584448,3.998407,-0.007483,0.001833,-0.007941,31.03,66.4682933287373
82112,-8.455039,-3.585046,3.998407,-0.007025,0.001374,-0.007483,31.05,66.4726006888769
82122,-8.455039,-3.591627,3.993621,-0.007941,0.001069,-0.006872,31.05,66.5035711941664
82132,-8.440084,-3.591627,3.994219,-0.007941,0.000764,-0.007025,31.05,66.4690056225224
82142,-8.460423,-3.576672,4.004389,-0.008399,0.000305,-0.00733,31.04,66.445103838587
82152,-8.46102,-3.601796,3.992425,-0.007636,-0.000153,-0.007178,31.04,66.5314491911022
82162,-8.453843,-3.589832,3.990032,-0.007636,0,-0.007789,31.07,66.5182918444018
82172,-8.457432,-3.583252,4.001398,-0.007636,0.000305,-0.006414,31.07,66.4603493636808
82183,-8.450253,-3.586243,3.99063,-0.00733,-0.000153,-0.006567,31.11,66.5044166337544
82192,-8.449057,-3.58744,3.996014,-0.007941,0,-0.006872,31.11,66.4747131106218
82202,-8.446664,-3.589832,4.001996,-0.007941,-0.000458,-0.006567,31.04,66.44043192546
82212,-8.450253,-3.58744,3.996612,-0.00733,-0.000153,-0.006261,31.04,66.4740900893882
82222,-8.457432,-3.58744,4.004389,-0.00733,-0.000458,-0.006414,31.02,66.4484045642151
82232,-8.443673,-3.597609,4.001996,-0.008094,-0.001069,-0.00672,31.02,66.4411020083232
82242,-8.447861,-3.602395,3.996612,-0.006414,-0.00168,-0.006109,31.08,66.4824338965017
82252,-8.44427,-3.58744,3.99721,-0.00672,-0.001069,-0.005803,31.08,66.4583659909008
82262,-8.440084,-3.59043,3.978068,-0.00733,-0.000458,-0.005956,31.06,66.5527973891101
82272,-8.452645,-3.592225,4.00738,-0.007483,-0.00168,-0.005803,31.06,66.4269324396766
82282,-8.448458,-3.58385,4.001996,-0.007483,-0.000611,-0.006261,31.08,66.4388613111438
82292,-8.441879,-3.593421,3.998407,-0.00672,-0.000611,-0.00672,31.06,66.4524044379165
82302,-8.445468,-3.588037,4.006183,-0.006567,-0.001069,-0.006567,31.06,66.414345867479
82312,-8.455039,-3.594618,3.997808,-0.006414,-0.000764,-0.006261,31.06,66.4842805595578
82322,-8.442476,-3.586243,4.0008,-0.006109,-0.001069,-0.00672,31.06,66.4346759408679
82332,-8.445468,-3.595216,4.003192,-0.006872,-0.001527,-0.007025,31.05,66.4364617115452
82342,-8.452048,-3.593421,3.99721,-0.007178,-0.001374,-0.006109,31.05,66.4800658829649
82352,-8.452048,-3.586841,3.999005,-0.007025,-0.001527,-0.005803,31.03,66.4647762297997
82362,-8.438888,-3.591029,4.005585,-0.00672,-0.001527,-0.005651,31.03,66.406294088807
82372,-8.447262,-3.592225,3.997808,-0.006872,-0.001527,-0.006414,31.05,66.4658009073837
82382,-8.455039,-3.588636,4.005585,-0.006567,-0.001222,-0.005651,31.05,66.4381699976419
82392,-8.449057,-3.589234,4.003192,-0.006261,-0.00168,-0.005498,31.08,66.4386614260116
82402,-8.449057,-3.59402,4.001996,-0.006109,-0.001222,-0.005345,31.08,66.4492140780006
82412,-8.444869,-3.591029,4.000201,-0.006261,-0.001069,-0.004429,31.06,66.447141465559
82422,-8.452645,-3.58744,4.00379,-0.006109,-0.000305,-0.005192,31.06,66.4414739536258
82432,-8.443673,-3.58744,4.000201,-0.007025,0.000458,-0.005345,31.05,66.4414118499376
82442,-8.4347,-3.592225,4.003192,-0.007483,-0.000305,-0.005803,31.05,66.4110946366559
82452,-8.440681,-3.58744,4.004389,-0.007483,0.002291,-0.004887,31.08,66.4131315088296
82462,-8.449656,-3.579663,3.997808,-0.00672,0.003207,-0.004429,31.05,66.4596197325313
82472,-8.449057,-3.586243,3.994219,-0.007178,0.004276,-0.005192,31.05,66.4830647372305
82482,-8.437093,-3.591627,4.006183,-0.008094,0.004734,-0.005498,31.04,66.3999079365163
82492,-8.453843,-3.58744,3.993621,-0.007483,0.005956,-0.004734,31.04,66.4973274396511
82502,-8.445468,-3.588636,4.009772,-0.007178,0.00672,-0.005498,31.07,66.396063025569
82512,-8.448458,-3.593421,4.000201,-0.007483,0.007941,-0.004887,31.07,66.4568323195742
82522,-8.449656,-3.588636,4.008576,-0.007178,0.008705,-0.004276,31.02,66.4111595653884
82532,-8.444869,-3.585046,4.001996,-0.007483,0.009163,-0.004123,31.02,66.4323706772096
82542,-8.452048,-3.595216,3.996014,-0.007941,0.009316,-0.005345,31.05,66.4879423094013
82552,-8.462815,-3.592225,3.991228,-0.008094,0.009774,-0.005498,31.05,66.5329626330958
82562,-8.455039,-3.586841,3.987639,-0.008399,0.010537,-0.00504,31,66.5306971085527
82572,-8.452048,-3.588636,3.998407,-0.007941,0.011148,-0.004734,31,66.4695149987094
82582,-8.451449,-3.591029,3.994817,-0.008094,0.011606,-0.005345,31.05,66.4892249607549
82592,-8.449057,-3.58744,3.98405,-0.007941,0.010996,-0.005498,31.05,66.5375238202244
82602,-8.447262,-3.588037,3.993621,-0.008552,0.009774,-0.006567,31.04,66.4840312202198
82612,-8.453843,-3.586841,3.985844,-0.008247,0.009927,-0.005956,31.04,66.5376109582405
82622,-8.469396,-3.581457,3.996014,-0.007941,0.010232,-0.006414,31,66.5121051605965
82632,-8.452645,-3.585046,3.987041,-0.008247,0.008094,-0.006261,31.05,66.5272148910599
82642,-8.452645,-3.591627,3.993023,-0.007941,0.007178,-0.00672,31.05,66.5016828545725
82652,-8.46102,-3.589234,3.991228,-0.007483,0.006261,-0.007178,31.02,66.5265395757249
82662,-8.459227,-3.588037,3.988835,-0.007025,0.00504,-0.006414,31.02,66.5342686261424
82672,-8.46461,-3.582056,3.993621,-0.00672,0.004123,-0.00672,31.03,66.5151408947848
82682,-8.457432,-3.586841,3.985844,-0.00733,0.00168,-0.007483,31.03,66.5451375949099
82692,-8.462815,-3.585645,3.988237,-0.007178,0.000458,-0.007025,31.02,66.5428020607111
82702,-8.467602,-3.586841,3.988237,-0.007178,-0.001069,-0.007941,31.02,66.5538929580227
82712,-8.453244,-3.58385,3.987041,-0.006872,-0.002596,-0.007636,31.06,66.527407661607
82722,-8.451449,-3.583252,3.985246,-0.006414,-0.00336,-0.00733,31.06,66.5325331991954
82732,-8.453244,-3.582056,3.992425,-0.00672,-0.004581,-0.007789,31.08,66.4975485302955
82742,-8.461619,-3.585046,3.988237,-0.007178,-0.005803,-0.007789,31.08,66.5397628972525
82752,-8.46461,-3.583252,3.996014,-0.00672,-0.006872,-0.008094,31.04,66.5036563863662
82762,-8.454441,-3.583252,4.000201,-0.006872,-0.006872,-0.007789,31.04,66.4603351263277
82772,-8.452645,-3.586243,3.981657,-0.007178,-0.008247,-0.008094,31.02,66.5565533034366
82782,-8.461619,-3.59402,3.996014,-0.007178,-0.008705,-0.008705,31.02,66.5069606955252
82792,-8.444869,-3.58385,3.996612,-0.006872,-0.009468,-0.008552,31.07,66.4595571131982
82802,-8.449656,-3.578466,4.009174,-0.007025,-0.00901,-0.008705,31.07,66.3989321063254
82812,-8.452645,-3.59402,3.996612,-0.007025,-0.009163,-0.007941,31.02,66.4849913256053
82822,-8.453244,-3.586243,3.994817,-0.00672,-0.008858,-0.007789,31.08,66.4887270196614
82832,-8.453843,-3.588636,4.002594,-0.006567,-0.007941,-0.008247,31.08,66.4513328375334
82842,-8.448458,-3.589832,3.99721,-0.00733,-0.00733,-0.008247,31.03,66.4693143876521
82852,-8.450253,-3.594618,3.994817,-0.007941,-0.00733,-0.008247,31.03,66.4899177690131
82862,-8.446664,-3.593421,4.010371,-0.007483,-0.006261,-0.007636,31.04,66.399732274212
82872,-8.44128,-3.59402,3.994219,-0.007636,-0.00504,-0.00733,31.04,66.4736638897478
82882,-8.438289,-3.595814,4.006782,-0.00733,-0.004123,-0.007789,31.03,66.4030475019624
82892,-8.453244,-3.579663,4.003192,-0.007483,-0.003971,-0.00733,31.03,66.4389300302156
82902,-8.448458,-3.592225,3.997808,-0.007941,-0.002291,-0.007178,31.03,66.4683156178259
82912,-8.432905,-3.585645,4.0008,-0.007483,-0.001833,-0.007636,31.03,66.4139605416915
82922,-8.443673,-3.59043,4.001398,-0.007941,-0.000916,-0.007636,31.06,66.4378071957868
82932,-8.444869,-3.592823,4.000201,-0.007789,0.000764,-0.006567,31.06,66.4487473003538
82942,-8.448458,-3.588636,3.995416,-0.008094,0.001374,-0.006414,31.03,66.4776596822171
82952,-8.447262,-3.591627,4.004987,-0.008247,0.002138,-0.006567,31.03,66.4276107141808
82962,-8.443673,-3.588636,3.999005,-0.007941,0.003207,-0.006414,31.05,66.4487583380415
82972,-8.44427,-3.586243,4.005585,-0.008399,0.005498,-0.006261,31.05,66.413351207545
82982,-8.439486,-3.588636,3.997808,-0.008247,0.006414,-0.006414,31.04,66.4462249290674
82992,-8.443074,-3.58744,4.004987,-0.007789,0.007025,-0.00672,31.07,66.415038861911
83002,-8.446067,-3.591029,3.999005,-0.008094,0.00672,-0.006261,31.07,66.4559374686402
83012,-8.444869,-3.589832,4.001398,-0.007941,0.007789,-0.005498,31.03,66.4397900890599
83022,-8.436494,-3.585046,4.004987,-0.007789,0.008247,-0.005498,31.03,66.3990149492263
83032,-8.444869,-3.58385,4.004389,-0.008552,0.008705,-0.004887,31.04,66.4187462038441
83042,-8.453244,-3.585046,3.999005,-0.007178,0.009316,-0.004887,31.04,66.4656899738332
83052,-8.445468,-3.589234,4.003192,-0.007789,0.009774,-0.004581,31.02,66.4311050147288
83062,-8.440681,-3.592823,4.006183,-0.007636,0.009621,-0.004734,31.02,66.4085464390529
83072,-8.44427,-3.6006,4.006782,-0.008094,0.010232,-0.004123,31.04,66.4199435625089
83082,-8.441879,-3.58744,3.994817,-0.008552,0.010537,-0.004887,31.04,66.4658961768788
83092,-8.447861,-3.591627,3.994817,-0.007636,0.010079,-0.005192,31.05,66.4822199863457
83102,-8.452645,-3.59402,3.995416,-0.007483,0.009468,-0.005192,31.05,66.4912645676099
83112,-8.430512,-3.58385,3.993621,-0.007636,0.00901,-0.005651,31.04,66.4450188981772
83122,-8.456833,-3.592225,3.994219,-0.007025,0.00901,-0.004429,31.04,66.5047327989053
83132,-8.456235,-3.594618,3.988237,-0.006567,0.008552,-0.004734,31.03,66.5369920855314
83142,-8.451449,-3.58744,3.992425,-0.00733,0.008399,-0.005651,31.03,66.4985747293298
83152,-8.459825,-3.58385,3.994817,-0.007025,0.006872,-0.006261,30.99,66.5004195263341
83162,-8.447861,-3.591627,3.995416,-0.007178,0.006109,-0.005803,31.08,66.4790766499689
83172,-8.453843,-3.584448,3.993621,-0.007178,0.005498,-0.005803,31.08,66.4946613303271
83182,-8.455637,-3.591627,3.990032,-0.006872,0.004887,-0.005803,31.05,66.5236550315804
83192,-8.450851,-3.591029,3.989433,-0.006414,0.003665,-0.004734,31.05,66.5162234426127
83202,-8.452048,-3.586841,4.001398,-0.006567,0.003054,-0.005498,31.05,66.4522255646484
83212,-8.453244,-3.58385,3.985844,-0.00733,0.002138,-0.006261,31.05,66.5336925331938
83222,-8.450851,-3.589832,3.999603,-0.007025,0.001527,-0.006261,31.04,66.461793016371
83232,-8.454441,-3.589832,3.991827,-0.00733,0.001374,-0.006261,31.04,66.5101277782809
83242,-8.452645,-3.581457,3.996612,-0.006567,0.000153,-0.006414,31.03,66.47378406637
83252,-8.450253,-3.585645,3.996014,-0.005498,0,-0.005956,31.03,66.4756259034671
83262,-8.449656,-3.591627,3.989433,-0.006109,-0.000916,-0.006872,31.05,66.5142485415377
83272,-8.459227,-3.58744,3.995416,-0.007483,-0.000764,-0.006109,31.05,66.4992173829402
83282,-8.455637,-3.588636,3.996612,-0.00672,-0.001222,-0.005803,31.04,66.4864718382339
83292,-8.456235,-3.586841,3.99063,-0.006872,-0.001985,-0.006414,31.04,66.5175096964978
83302,-8.456833,-3.582056,3.995416,-0.007483,-0.003054,-0.006261,31.04,66.4893965190746
83312,-8.459227,-3.583252,3.993621,-0.00733,-0.002902,-0.006109,31.04,66.5049051004818
83322,-8.453843,-3.588636,3.987041,-0.006872,-0.003818,-0.006567,31.05,66.5329250511193
83332,-8.46102,-3.579065,4.006183,-0.007483,-0.004429,-0.005956,31.04,66.4390879915377
83342,-8.450253,-3.593421,3.999603,-0.007941,-0.004734,-0.00672,31.04,66.4637428772439
83352,-8.450851,-3.58385,3.996014,-0.007483,-0.004581,-0.006567,31.05,66.4752821969821
83362,-8.446664,-3.585645,3.999603,-0.007636,-0.004581,-0.00672,31.05,66.4492424390644
83372,-8.452645,-3.58744,3.99721,-0.00672,-0.004123,-0.00672,31.05,66.4759815219667
83382,-8.443074,-3.588037,3.998407,-0.007025,-0.003971,-0.00672,31.05,66.4500997919722
83392,-8.447262,-3.586243,4.000201,-0.007025,-0.004276,-0.006872,31.03,66.4478981385648
83402,-8.446067,-3.582056,3.997808,-0.00733,-0.004581,-0.007178,31.03,66.4541992218544
83412,-8.452048,-3.588636,4.002594,-0.007483,-0.003207,-0.007025,30.96,66.4475569341662
83422,-8.44128,-3.581457,3.99721,-0.007636,-0.003512,-0.007178,30.96,66.4467202745848
83432,-8.445468,-3.59402,4.001398,-0.007941,-0.002443,-0.007636,31.04,66.4448000695769
83442,-8.443673,-3.59402,3.998407,-0.008247,-0.002291,-0.00733,31.04,66.4567155975079
83452,-8.456235,-3.585046,3.994817,-0.007483,-0.001527,-0.006261,31.05,66.4939443762344
83462,-8.445468,-3.588636,4.004389,-0.007483,0,-0.006109,31.05,66.4242911644458
83472,-8.440084,-3.594618,3.991228,-0.007636,0.000764,-0.007178,31,66.487389816373
83482,-8.453244,-3.592225,4.003192,-0.00733,0.001069,-0.007025,31,66.4501438372905
83492,-8.431709,-3.595216,4.003192,-0.008247,0.002596,-0.006414,31.04,66.4074750408325
83502,-8.453244,-3.597011,3.996612,-0.007636,0.003054,-0.005651,31.01,66.4889205129371
83512,-8.443074,-3.588636,4.001996,-0.007636,0.003207,-0.006109,31.01,66.4318018139023
83522,-8.447861,-3.591029,4.007978,-0.007483,0.003054,-0.00672,31.04,66.4126548892634
83532,-8.457432,-3.59043,3.990032,-0.007483,0.003665,-0.006414,31.04,66.5263537021031
83542,-8.458628,-3.58744,3.999603,-0.008094,0.004276,-0.006414,31.04,66.4760056524645
83552,-8.450253,-3.596412,3.999005,-0.008552,0.004276,-0.006567,31.04,66.469553424889
83562,-8.462815,-3.59402,3.993621,-0.007483,0.005192,-0.005956,31.02,66.5220129079511
83572,-8.44128,-3.588636,4.003192,-0.007789,0.004887,-0.006414,31.02,66.4217464843482
83582,-8.452048,-3.59402,3.999603,-0.008247,0.005956,-0.005803,31.05,66.4680510594874
83592,-8.444869,-3.578466,3.993023,-0.008247,0.005803,-0.005956,31.05,66.47359456714
83602,-8.449656,-3.586841,3.993023,-0.008094,0.005345,-0.006109,31.05,66.491134601807
83612,-8.44427,-3.588037,4.001398,-0.007025,0.005651,-0.005803,31.05,66.4369223661517
83622,-8.449057,-3.578466,3.990032,-0.007483,0.005956,-0.006109,31.03,66.4981129924829
83632,-8.458628,-3.586841,3.993023,-0.007483,0.006109,-0.007025,31.03,66.5099775137436
83642,-8.452645,-3.591029,3.998407,-0.00733,0.006109,-0.006261,31.03,66.4729061953613
83652,-8.455637,-3.593421,4.001398,-0.007178,0.005956,-0.005803,31.03,66.4656465555658
83662,-8.450851,-3.589832,3.994219,-0.006872,0.006109,-0.006567,31.05,66.490037970893
83672,-8.449057,-3.592225,3.999005,-0.007178,0.005498,-0.005956,31.07,66.4632957500736
83682,-8.447262,-3.575475,3.99063,-0.007789,0.004429,-0.006261,31.07,66.4885328358546
83692,-8.447262,-3.592225,3.994817,-0.007025,0.004123,-0.006261,31.04,66.4814954716054
83702,-8.462217,-3.582654,3.994817,-0.007483,0.003512,-0.00672,31.04,66.5043781512705
83712,-8.462815,-3.59043,3.994219,-0.007636,0.002443,-0.006567,31.01,66.515683044335
83722,-8.452048,-3.598207,4.000201,-0.006567,0.001833,-0.006261,31.01,66.4686584712506
83732,-8.46102,-3.58744,3.993621,-0.007636,0.001222,-0.006261,31.05,66.5123935555609
83742,-8.445468,-3.578466,3.991827,-0.007178,0.000305,-0.00672,31.05,66.4811364372352
83752,-8.447861,-3.591029,4.003192,-0.008399,0.000458,-0.007636,31.08,66.4377495590985
83762,-8.450253,-3.591029,4.001398,-0.006567,0.000305,-0.006109,31.08,66.4521908767228
83772,-8.449656,-3.585046,3.990032,-0.007178,-0.000305,-0.005345,31.07,66.5052347312625
83782,-8.447861,-3.581457,3.987639,-0.006872,-0.000764,-0.006109,31.07,66.5108307385759
83792,-8.451449,-3.589234,3.993023,-0.00733,-0.001833,-0.006109,31.04,66.4970365229948
83802,-8.453244,-3.583252,3.996014,-0.00672,-0.001374,-0.005651,31.04,66.4797808628319
83812,-8.458628,-3.594618,4.000201,-0.007178,-0.001833,-0.006109,31.04,66.4792711610301
83822,-8.448458,-3.586841,3.984648,-0.006872,-0.002443,-0.005498,31.04,66.532591952012
83832,-8.441879,-3.58385,3.996612,-0.007178,-0.002443,-0.005803,31.04,66.4532613519138
83842,-8.455637,-3.595814,3.996014,-0.007483,-0.001833,-0.006109,31.04,66.4960105413042
83852,-8.450851,-3.591627,4.00379,-0.008094,-0.001222,-0.005651,31.04,66.441440827044
83862,-8.457432,-3.584448,4.004987,-0.007636,-0.001833,-0.005803,31.04,66.4426018364785
83872,-8.449656,-3.582654,3.999005,-0.007789,-0.002138,-0.006109,31.04,66.4560071100224
83882,-8.443074,-3.6006,3.995416,-0.007178,-0.000916,-0.005345,31.04,66.477045990305
83892,-8.450851,-3.585046,3.988237,-0.00733,-0.000458,-0.005498,31.04,66.5171690390857
83902,-8.440681,-3.58744,3.993621,-0.007025,-0.000611,-0.005651,31.04,66.4696551431267
83912,-8.450851,-3.586841,3.99063,-0.007789,-0.000305,-0.005651,31.04,66.5062058733378
83922,-8.446664,-3.580261,4.000201,-0.00733,0,-0.00504,31.02,66.441294884947
83932,-8.445468,-3.579065,3.996014,-0.007483,0.000611,-0.00504,31.02,66.4596850294286
83942,-8.450253,-3.586841,4.0008,-0.00733,0.000611,-0.005651,30.99,66.4515851513781
83952,-8.442476,-3.588636,4.000201,-0.007941,0.000764,-0.005956,30.99,66.4399613814841
83962,-8.450851,-3.589832,3.996014,-0.007178,0.002291,-0.005651,31.04,66.480619890329
83972,-8.450253,-3.597011,3.999603,-0.007941,0.002443,-0.005956,31.04,66.4669530955862
83982,-8.446067,-3.591029,3.99721,-0.007483,0.002443,-0.00504,31.04,66.4653560533296
83992,-8.451449,-3.591627,3.999603,-0.008247,0.002749,-0.005498,31.04,66.4646538901717
84002,-8.453244,-3.58744,3.996612,-0.007483,0.003207,-0.007025,31.01,66.480377443542
84012,-8.445468,-3.583252,4.0008,-0.00733,0.003818,-0.006109,31.01,66.4383041461211
84022,-8.447861,-3.588037,4.00738,-0.007789,0.004581,-0.005345,31.03,66.4131116458028
84032,-8.453843,-3.582654,3.994219,-0.007636,0.004276,-0.006414,31.04,66.4899254429597
84042,-8.448458,-3.586841,3.993023,-0.007636,0.003971,-0.005803,31.04,66.488616646297
84052,-8.44427,-3.58744,4.001996,-0.007789,0.004276,-0.006261,31.05,66.4332505640555
84062,-8.446664,-3.584448,3.992425,-0.007178,0.004429,-0.006414,31.05,66.4858486173339
84072,-8.459825,-3.59043,3.998407,-0.008094,0.004276,-0.005803,31.06,66.4874537089324
84082,-8.452645,-3.586243,3.998407,-0.007789,0.003054,-0.00672,31.06,66.4686347391403
84092,-8.454441,-3.583252,3.994817,-0.007636,0.003512,-0.006109,31.07,66.4885771948103
84102,-8.46102,-3.589234,3.993621,-0.008247,0.003512,-0.005956,31.07,66.5139897003641
84112,-8.448458,-3.582654,3.994219,-0.008552,0.00336,-0.005956,31.05,66.4786031040394
84122,-8.448458,-3.589234,3.996612,-0.00733,0.00336,-0.00672,31.05,66.4719178376456
84132,-8.455637,-3.586841,4.0008,-0.007483,0.003054,-0.007178,31.05,66.4629096211996
84142,-8.452645,-3.593421,3.989433,-0.007789,0.003054,-0.00672,31.05,66.5221212552757
84152,-8.448458,-3.588636,3.996612,-0.007483,0.002902,-0.006567,31.01,66.4713836648296
84162,-8.451449,-3.580261,3.997808,-0.007178,0.002749,-0.007025,31.01,66.4639266368016
84172,-8.442476,-3.584448,3.993023,-0.007025,0.002902,-0.007025,31.04,66.4738983257315
84184,-8.446067,-3.579663,3.995416,-0.007789,0.002902,-0.00672,31.03,66.4646194249713
84192,-8.443673,-3.577868,3.995416,-0.008094,0.002596,-0.006261,31.03,66.4579758988458
84202,-8.447262,-3.589832,3.984648,-0.007636,0.002749,-0.006872,31.05,66.5327482409189
84212,-8.451449,-3.584448,3.993621,-0.008399,0.002902,-0.00672,31.05,66.4896304547282
84222,-8.453244,-3.58744,3.991827,-0.008705,0.002443,-0.007636,31.02,66.5054830113062
84232,-8.451449,-3.58744,4.006183,-0.007941,0.002749,-0.00672,31.02,66.4264107229651
84242,-8.445468,-3.591627,3.991228,-0.008094,0.001985,-0.00672,31.03,66.496029784575
84252,-8.443673,-3.592823,3.99063,-0.007636,0.002138,-0.006567,31.03,66.4964669688232
84262,-8.449656,-3.592225,3.996612,-0.007636,0.001985,-0.00672,31.04,66.4771083317916
84272,-8.455637,-3.57727,3.996612,-0.008399,0.003207,-0.00672,31.04,66.4763485476259
84282,-8.450253,-3.59043,3.997808,-0.008399,0.002749,-0.005803,31.08,66.4704853419954
84292,-8.443673,-3.578466,3.998407,-0.007636,0.002596,-0.006567,31.08,66.4428057730248
84302,-8.453244,-3.582056,3.994817,-0.007789,0.00168,-0.006567,31,66.4849958121655
84312,-8.459825,-3.601796,3.994817,-0.007941,0.001833,-0.007178,31,66.5164064797229
84322,-8.442476,-3.589234,3.996612,-0.008399,0.001222,-0.00733,31.02,66.4593338139757
84332,-8.458031,-3.595216,3.998407,-0.007941,0.001222,-0.00672,31.02,66.4879549774888
84342,-8.453244,-3.586841,3.998407,-0.00733,0.001527,-0.007178,31.08,66.4704276612263
84352,-8.450253,-3.588037,3.993621,-0.007941,0.000305,-0.006567,31.08,66.4903177685727
84362,-8.441879,-3.586841,3.994817,-0.00733,-0.000305,-0.00672,31.03,66.4653604853501
84372,-8.449057,-3.595814,4.006183,-0.007483,-0.000611,-0.006567,31.02,66.4288676956143
84382,-8.444869,-3.586841,3.99063,-0.008094,-0.000764,-0.007025,31.02,66.4936357823319
84392,-8.451449,-3.585046,3.994219,-0.007941,-0.000611,-0.006567,31.03,66.4870253401994
84402,-8.455637,-3.595814,3.990032,-0.007789,-0.001374,-0.005498,31.03,66.527386663815
84412,-8.449656,-3.599404,3.993621,-0.008094,-0.00168,-0.007025,31.03,66.499216480094
84422,-8.449656,-3.601796,3.993023,-0.007025,-0.002443,-0.006567,31.03,66.5044927025589
84432,-8.449656,-3.589832,3.993621,-0.007636,-0.002443,-0.006414,31.04,66.4906652847692
84442,-8.443673,-3.58385,3.991827,-0.007941,-0.002902,-0.00672,31.04,66.4821637633817
84452,-8.444869,-3.588037,3.995416,-0.007178,-0.002443,-0.00672,31.03,66.4695766507786
84462,-8.447262,-3.593421,4.001398,-0.007636,-0.002443,-0.006567,31.03,66.4480384197189
84472,-8.450253,-3.591627,4.00379,-0.007025,-0.002749,-0.006414,31.09,66.4401826146551
84482,-8.447262,-3.586243,4.009174,-0.00672,-0.003207,-0.006261,31.09,66.4008377459078
84492,-8.442476,-3.589832,4.002594,-0.007483,-0.003512,-0.006261,31.03,66.4284755736495
84502,-8.454441,-3.594618,4.004987,-0.006109,-0.002749,-0.005498,31.03,66.4453910769663
84512,-8.446664,-3.59043,3.993023,-0.006261,-0.002749,-0.005956,31.1,66.4880505248997
84522,-8.448458,-3.586243,4.006183,-0.007178,-0.002902,-0.006109,31.1,66.4190408101263
84532,-8.443673,-3.585645,3.999005,-0.00672,-0.002291,-0.006414,31.03,66.4460828400319
84542,-8.437692,-3.582056,3.997808,-0.00672,-0.001527,-0.005956,31.03,66.4365535949242
84552,-8.457432,-3.586841,4.007978,-0.005956,-0.000916,-0.005956,31.03,66.4290627521845
84562,-8.454441,-3.579663,3.998407,-0.006109,-0.000305,-0.005956,31.02,66.466546494016
84572,-8.455039,-3.581457,3.999603,-0.006567,0.000153,-0.005651,31.02,66.4631294381617
84582,-8.451449,-3.595814,3.999603,-0.006261,0.000611,-0.005498,31.05,66.4683958322361
84592,-8.450851,-3.586243,4.001398,-0.00672,0.000764,-0.005498,31.05,66.4491729703275
84602,-8.443673,-3.589234,4.011567,-0.006872,0.00168,-0.005651,31.03,66.3834026502315
84612,-8.438888,-3.589234,4.009174,-0.006872,0.002138,-0.006109,31.03,66.3858556000754
84622,-8.450253,-3.580859,3.992425,-0.007025,0.003512,-0.006109,31.06,66.4901951629914
84632,-8.446664,-3.593421,4.001996,-0.006872,0.004581,-0.005956,31.06,66.4436437632277
84642,-8.440681,-3.58385,4.000201,-0.007025,0.005345,-0.005651,31.02,66.4318957148973
84652,-8.435897,-3.594618,3.993023,-0.007025,0.006567,-0.00504,31.02,66.4691568001099
84662,-8.443673,-3.586243,4.012764,-0.007025,0.007483,-0.005651,31.07,66.3744455296256
84672,-8.444869,-3.581457,3.999603,-0.00733,0.007636,-0.00504,31.07,66.4417198916973
84682,-8.456833,-3.595814,3.997808,-0.007941,0.008247,-0.004734,31.04,66.4891142791131
84692,-8.440681,-3.58385,3.994817,-0.007636,0.008858,-0.00504,31.04,66.4601638553129
84702,-8.445468,-3.591029,4.003192,-0.00733,0.009163,-0.004734,31.02,66.4327118297638
84712,-8.446067,-3.588636,4.000201,-0.007941,0.008705,-0.005498,31.07,66.4475220765865
84722,-8.449656,-3.589234,3.993621,-0.007178,0.008858,-0.005192,31.07,66.4901315038943
84732,-8.453244,-3.584448,3.997808,-0.008399,0.009774,-0.005651,31.01,66.4714354144284
84742,-8.449057,-3.581457,4.004389,-0.007483,0.00901,-0.004734,31.01,66.4254335274539
84752,-8.447262,-3.585046,3.996612,-0.007941,0.008858,-0.00504,31.04,66.465661685901
84762,-8.435298,-3.583252,3.99063,-0.007789,0.008705,-0.005651,31.04,66.4702885200051
84772,-8.446067,-3.59043,3.997808,-0.007941,0.008094,-0.005803,31.04,66.4616824471051
84782,-8.449656,-3.59043,3.988835,-0.007636,0.007789,-0.005651,31.04,66.5163198979319
84792,-8.455637,-3.578466,3.999603,-0.00733,0.00733,-0.005498,31.02,66.4617232894084
84802,-8.46102,-3.58385,3.988237,-0.007636,0.007483,-0.005498,31.02,66.537444578017
84812,-8.455039,-3.585645,3.994817,-0.007483,0.006109,-0.005956,31.01,66.4919654712813
84822,-8.444869,-3.586243,3.999005,-0.007789,0.005803,-0.005956,31.01,66.449135957749
84832,-8.449057,-3.579663,3.987639,-0.007789,0.005192,-0.006109,31.07,66.5117463486017
84842,-8.456833,-3.592823,3.99721,-0.00733,0.003818,-0.006109,31.07,66.4895810853427
84852,-8.457432,-3.59043,3.996612,-0.007178,0.002749,-0.005651,31.03,66.4918406756229
84862,-8.452645,-3.592823,3.994219,-0.00733,0.001833,-0.00672,31.03,66.4964752658953
84872,-8.453843,-3.591029,3.99063,-0.007025,0.002138,-0.005956,31.05,66.5162205435476
84882,-8.465807,-3.592823,3.988237,-0.007025,-0.000611,-0.007178,31.04,66.5554451537737
84892,-8.455039,-3.586841,3.996612,-0.007636,-0.001833,-0.00672,31.04,66.4836153754955
84902,-8.443074,-3.583252,3.991228,-0.007178,-0.002138,-0.006567,31.05,66.4835155277282
84912,-8.456833,-3.585645,3.990032,-0.00672,-0.003207,-0.006872,31.05,66.5208381669099
84922,-8.454441,-3.589832,3.994817,-0.006567,-0.00336,-0.006414,31.05,66.494441328446
84932,-8.454441,-3.589832,3.997808,-0.006872,-0.004123,-0.006567,31.05,66.4787533690067
84942,-8.458031,-3.600002,3.995416,-0.007941,-0.005192,-0.00733,31.05,66.5079052816693
84952,-8.451449,-3.579663,3.99063,-0.007483,-0.005956,-0.007636,31.05,66.5010676628059
84962,-8.456235,-3.59402,3.991228,-0.00733,-0.00672,-0.007636,31.07,66.5207669748034
84972,-8.447262,-3.594618,3.991228,-0.00672,-0.006261,-0.007789,31.07,66.5024707212425
84982,-8.450253,-3.589234,3.996612,-0.006872,-0.006109,-0.007789,31.05,66.4756916771436
84992,-8.455637,-3.589234,3.987639,-0.006872,-0.006414,-0.00733,31.05,66.534081520627
85002,-8.459227,-3.589234,4.007978,-0.00672,-0.00672,-0.007789,31.09,66.434975042524
85012,-8.450851,-3.595814,4.001398,-0.006567,-0.00672,-0.008705,31.09,66.457726825148
85022,-8.447262,-3.576672,4.00738,-0.007178,-0.006567,-0.008094,31.07,66.4016866682289
85032,-8.446664,-3.596412,4.008576,-0.00733,-0.006109,-0.008399,31.07,66.4118223973363
85042,-8.452645,-3.589234,4.004987,-0.008247,-0.006261,-0.007789,31.03,66.4368013013712
85052,-8.457432,-3.598207,4.009772,-0.007483,-0.00504,-0.007178,31.03,66.4298207322776
85062,-8.438888,-3.588636,4.002594,-0.007941,-0.004581,-0.00733,31.02,66.4198428306139
85072,-8.443673,-3.591029,4.003192,-0.007789,-0.003818,-0.008552,31.08,66.4289318164853
85082,-8.4347,-3.584448,4.002594,-0.007789,-0.003665,-0.007178,31.08,66.4072544516576
85092,-8.449656,-3.595216,3.999603,-0.007483,-0.002443,-0.006261,31.04,66.464092938325
85102,-8.451449,-3.597011,3.987639,-0.006872,-0.002138,-0.007025,31.04,66.5322311000579
85112,-8.445468,-3.58744,4.001996,-0.00672,-0.000764,-0.006872,31.02,66.4357737892074
85122,-8.448458,-3.586243,4.0008,-0.006567,-0.000764,-0.00672,31.02,66.4472732439085
85132,-8.437692,-3.598207,4.000201,-0.007483,-0.000305,-0.00733,31.07,66.4384683142141
85142,-8.439486,-3.586243,4.0008,-0.00733,0.000153,-0.00672,31.07,66.4283751428789
85152,-8.456235,-3.591029,4.004389,-0.008094,0.001222,-0.007789,31.01,66.4490905873156
85162,-8.447861,-3.599404,4.009772,-0.007789,0.002291,-0.00672,31.01,66.4107575820808
85172,-8.443074,-3.592225,4.006782,-0.007636,0.003207,-0.006414,31.04,66.4099117307557
85182,-8.447861,-3.585046,4.007978,-0.007178,0.003207,-0.006872,31.04,66.4073000751563
85192,-8.440681,-3.586841,4.006782,-0.007483,0.004887,-0.006567,31.02,66.4000397681353
85202,-8.457432,-3.588037,4.010371,-0.007178,0.005345,-0.005498,31.02,66.417593679301
85212,-8.449057,-3.585645,4.003192,-0.00733,0.005803,-0.005803,31.03,66.4354532095637
85222,-8.440084,-3.583252,4.0008,-0.00733,0.007636,-0.004734,31.03,66.4269576844147
85232,-8.457432,-3.593421,4.006782,-0.007789,0.008247,-0.005345,31.04,66.4412044103202
85242,-8.44427,-3.591029,3.998407,-0.007178,0.008858,-0.00504,31.02,66.455294292024
85252,-8.449057,-3.583252,4.001398,-0.007178,0.009468,-0.004734,31.02,66.4427255469889
85262,-8.449656,-3.598207,4.001398,-0.007483,0.009163,-0.005498,31.02,66.4573560902045
85272,-8.445468,-3.595216,3.997808,-0.007178,0.009468,-0.00504,31.02,66.4647045458829
85282,-8.450253,-3.585645,3.999005,-0.007025,0.008705,-0.00504,31.07,66.4599330473552
85292,-8.452048,-3.59043,4.011567,-0.00672,0.009927,-0.00336,31.07,66.4021293516861
85302,-8.451449,-3.579663,3.994219,-0.007025,0.009316,-0.004123,31.09,66.482227923337
85312,-8.449656,-3.586841,3.997808,-0.00733,0.009774,-0.004123,31.09,66.4660248343106
85322,-8.451449,-3.589832,3.990032,-0.008094,0.008705,-0.004734,31.06,66.5132671410629
85332,-8.444869,-3.591627,3.993621,-0.008247,0.009316,-0.004887,31.06,66.4822082778317
85342,-8.456833,-3.595814,3.993023,-0.007789,0.00901,-0.004276,31.04,66.5142052023573
85352,-8.466404,-3.58385,3.995416,-0.008552,0.007941,-0.00504,31.04,66.5110868958964
85362,-8.460423,-3.586841,3.985246,-0.008552,0.006872,-0.004276,31.04,66.554545252639
85372,-8.459825,-3.585645,3.994817,-0.007789,0.006567,-0.003512,31.04,66.5020164546516
85382,-8.462815,-3.575475,3.990032,-0.00733,0.006567,-0.004734,31.06,66.5243591924993
85392,-8.446664,-3.596412,3.99063,-0.007483,0.005651,-0.004887,31.06,66.5059574562541
85402,-8.455039,-3.586243,3.995416,-0.007636,0.004581,-0.004887,31.04,66.4893559883034
85412,-8.453244,-3.57727,3.98405,-0.008094,0.002596,-0.005803,31.02,66.5372636351493
85422,-8.459825,-3.589234,3.983452,-0.007941,0.002749,-0.006414,31.02,66.5648340327039
85432,-8.46102,-3.592823,3.99063,-0.007636,0.001833,-0.005192,30.99,66.5328690671607
85442,-8.457432,-3.580261,3.989433,-0.007636,0.001069,-0.005345,30.99,66.5204511661235
85452,-8.450851,-3.586243,3.996612,-0.007789,0.000458,-0.006109,31,66.4742791830325
85462,-8.456235,-3.591627,3.997808,-0.008247,-0.000458,-0.00672,31,66.4841230861481
85472,-8.449656,-3.588636,3.985246,-0.00733,-0.000611,-0.004887,31.06,66.5335650899278
85482,-8.446664,-3.58385,4.00379,-0.007025,-0.001527,-0.005956,31.06,66.4256714573121
85492,-8.447861,-3.586243,3.985844,-0.007483,-0.00168,-0.005803,31.03,66.5245237496116
85502,-8.450851,-3.59402,3.981657,-0.007025,-0.002902,-0.005651,31.03,66.5597173544076
85512,-8.450253,-3.594618,4.004389,-0.00672,-0.003971,-0.005651,31.02,66.4397178856541
85522,-8.452048,-3.588636,3.994219,-0.00733,-0.004276,-0.006261,31.02,66.4914856414027
85532,-8.443673,-3.589234,4.007978,-0.006261,-0.003971,-0.007025,31.05,66.402221082845
85542,-8.452048,-3.585046,4.001996,-0.00672,-0.003971,-0.007025,31.05,66.4474870388448
85552,-8.449656,-3.589832,3.994817,-0.007789,-0.004429,-0.007483,31.05,66.4843891009472
85562,-8.453843,-3.588037,3.988835,-0.006872,-0.003971,-0.007636,31.05,66.5229749049582
85572,-8.449656,-3.593421,3.995416,-0.00733,-0.003818,-0.006261,31.07,66.4844516476652
85582,-8.447262,-3.584448,4.000201,-0.00733,-0.003818,-0.00672,31.04,66.4462941784614
85592,-8.442476,-3.592823,3.997808,-0.007025,-0.003665,-0.007178,31.04,66.4562687891673
85602,-8.447861,-3.592823,3.996014,-0.006261,-0.002749,-0.007025,31.04,66.4770076966418
85612,-8.442476,-3.586243,3.994219,-0.006567,-0.001833,-0.00672,31.04,66.469222170321
85622,-8.44128,-3.589832,3.99721,-0.00733,-0.00168,-0.006872,31.05,66.4542125348788
85632,-8.440681,-3.581457,3.990032,-0.006567,-0.000611,-0.006872,31.05,66.4831597650279
85642,-8.449057,-3.58385,4.000201,-0.007636,-0.001069,-0.006261,31,66.4495390768035
85652,-8.448458,-3.591627,4.001398,-0.006872,-0.000764,-0.007178,31,66.4489495528653
85662,-8.446664,-3.586841,3.996014,-0.00733,0.000764,-0.007941,31.04,66.4691452636656
85672,-8.433504,-3.588636,3.998407,-0.007483,0.000916,-0.00733,31.04,66.4304745303207
85682,-8.446067,-3.58744,3.987639,-0.007178,0.001222,-0.008094,31.06,66.5123957892018
85692,-8.453244,-3.595216,4.001996,-0.007025,0.002749,-0.007789,31.06,66.4590867315481
85702,-8.456235,-3.588636,3.997808,-0.007789,0.002902,-0.007483,31.05,66.4814558391302
85712,-8.452048,-3.59043,3.992425,-0.008247,0.003207,-0.006872,31.05,66.5024993640264
85722,-8.441879,-3.59043,3.99721,-0.007636,0.002902,-0.00733,31.04,66.4560086780791
85732,-8.450851,-3.574877,4.001996,-0.007789,0.003971,-0.006872,31.04,66.435895066757
85742,-8.453843,-3.58744,4.0008,-0.008399,0.005192,-0.006109,31.05,66.4596717347719
85752,-8.450851,-3.577868,3.990032,-0.008399,0.005192,-0.006414,31.06,66.5013525031445
85762,-8.44128,-3.585645,3.998407,-0.008094,0.00504,-0.006261,31.06,66.4441815697661
85772,-8.447262,-3.583252,4.003192,-0.008094,0.004581,-0.005956,31.02,66.4295338256497
85782,-8.46102,-3.595814,3.988835,-0.007941,0.004581,-0.00672,31.02,66.5449453883658
85792,-8.456235,-3.582654,3.999005,-0.008552,0.004734,-0.006261,31.07,66.4698474662462
85802,-8.444869,-3.584448,3.989433,-0.007941,0.004429,-0.007178,31.07,66.497786042016
85812,-8.446664,-3.592823,3.994219,-0.007789,0.004429,-0.00672,31.03,66.4839115558193
85822,-8.454441,-3.591627,3.993621,-0.007636,0.004581,-0.005956,31.03,66.5023159506569
85832,-8.452048,-3.59043,3.993621,-0.007789,0.004123,-0.005956,31.04,66.4962237172006
85842,-8.440084,-3.592823,3.98405,-0.008399,0.004276,-0.006261,31.04,66.5234917584681
85852,-8.456833,-3.592225,3.987041,-0.007483,0.00336,-0.006109,31.03,66.542390063294
85862,-8.450851,-3.583252,3.987639,-0.007636,0.002749,-0.006414,31.03,66.518711106086
85872,-8.450253,-3.578466,3.991827,-0.00733,0.00336,-0.006414,31.04,66.4912029200298
85882,-8.450253,-3.594618,3.999005,-0.00733,0.001985,-0.005956,31.04,66.4679492946865
85892,-8.460423,-3.592225,3.992425,-0.007483,0.001069,-0.006261,31.04,66.5216716764316
85902,-8.459227,-3.586243,3.996014,-0.00672,0.000611,-0.00672,31.04,66.4950158265351
85912,-8.460423,-3.582056,3.989433,-0.006872,0.000458,-0.005956,30.99,66.5283234206953
85922,-8.449057,-3.595216,3.995416,-0.006261,0.000458,-0.006261,31.01,66.4847974024607
85932,-8.449656,-3.591029,3.99721,-0.006109,-0.000458,-0.00672,31.01,66.4729025480835
85942,-8.453244,-3.585046,3.995416,-0.006567,-0.000458,-0.007178,31.03,66.4845172803375
85952,-8.460423,-3.585046,4.0008,-0.007178,-0.000916,-0.00672,31.03,66.4713699683465
85962,-8.446664,-3.582056,4.003192,-0.007025,-0.000916,-0.005956,31.08,66.4272049059573
85972,-8.440681,-3.580261,3.994219,-0.006261,-0.000916,-0.006414,31.08,66.4600966458478
85982,-8.455637,-3.575475,4.00379,-0.00733,-0.000611,-0.005803,31.02,66.4371016416799
85992,-8.457432,-3.589234,3.999005,-0.007483,-0.001222,-0.006414,31.02,66.4782271713621
86002,-8.455039,-3.591627,3.996014,-0.006567,-0.000764,-0.006414,31.05,66.4910194496596
86012,-8.44427,-3.580859,4.001398,-0.007178,-0.000153,-0.006414,31.05,66.430502793427
86022,-8.435298,-3.589832,3.990032,-0.00733,-0.000458,-0.005956,31.05,66.4793208671109
86032,-8.449057,-3.591627,3.994219,-0.006872,0.000305,-0.006109,31.05,66.4878713420099
86042,-8.435897,-3.588636,4.001398,-0.007941,0.000458,-0.006261,31.04,66.4198147260086
86052,-8.438888,-3.582056,3.996612,-0.008094,0.000153,-0.006109,31.04,66.4453555802259
86062,-8.443673,-3.595814,3.996014,-0.007483,0.001222,-0.005651,31.06,66.4708798149999
86072,-8.453244,-3.592225,3.989433,-0.006872,0.001833,-0.006109,31.06,66.5223114345831
86082,-8.449057,-3.59402,3.995416,-0.007483,0.002749,-0.005803,31,66.4837284499932
86092,-8.439486,-3.580261,3.995416,-0.00733,0.00336,-0.005956,31,66.4512919487253
86102,-8.446067,-3.592225,4.001398,-0.007025,0.003512,-0.005803,31,66.4444535801746
86112,-8.455039,-3.588636,3.996612,-0.00672,0.003512,-0.005498,31.05,66.4852156381093
86122,-8.445468,-3.586243,4.005585,-0.00672,0.003971,-0.005803,31.05,66.4158763164964
86132,-8.457432,-3.59402,4.00379,-0.007178,0.004276,-0.004887,31.04,66.4574164156123
86142,-8.450851,-3.588037,4.002594,-0.008094,0.004429,-0.005651,31.04,66.4445031832759
86152,-8.449057,-3.579065,3.994219,-0.007483,0.004429,-0.006414,31.04,66.4766631538323
86162,-8.453843,-3.592823,3.99721,-0.007025,0.00504,-0.005345,31.04,66.4833024445081
86172,-8.443673,-3.582654,3.99721,-0.006414,0.00504,-0.005803,31.05,66.4528310732331
86185,-8.454441,-3.586243,3.986442,-0.007483,0.005345,-0.006567,31.05,66.5351937968698
86192,-8.459227,-3.595216,3.996014,-0.00733,0.005345,-0.005345,31.05,66.503009476209
86202,-8.454441,-3.588636,3.991827,-0.007178,0.005192,-0.005956,31.05,66.509061968005
86212,-8.450851,-3.581457,3.985246,-0.007178,0.005956,-0.00504,31.07,66.5296803379172
86222,-8.447262,-3.583252,3.989433,-0.00672,0.005651,-0.005651,31.07,66.5017497164397
86232,-8.449656,-3.58385,3.993023,-0.007483,0.005192,-0.00733,31.04,66.488466916605
86242,-8.452048,-3.586841,3.988835,-0.007636,0.006109,-0.004887,31.04,66.5181419603139
86252,-8.442476,-3.586243,3.988237,-0.00672,0.004887,-0.004887,31.09,66.5006397631694
86262,-8.454441,-3.59043,3.993621,-0.00733,0.004581,-0.00504,31.09,66.5012486073949
86273,-8.450851,-3.58385,3.994817,-0.006567,0.003665,-0.006261,31.06,66.4815636063832
86282,-8.450253,-3.585645,3.994817,-0.006109,0.003054,-0.006414,31.03,66.4819072427048
86292,-8.450851,-3.594618,3.988237,-0.007025,0.002138,-0.006567,31.03,66.5257029189792
86302,-8.446664,-3.593421,3.984648,-0.007636,0.001527,-0.006872,31.05,66.534695537551
86312,-8.446067,-3.601198,3.989433,-0.007178,0.001069,-0.00672,31.05,66.5152675194104
86322,-8.448458,-3.59043,3.995416,-0.007025,0.000916,-0.007178,31.04,66.4792620313951
86332,-8.453244,-3.580859,3.99721,-0.007178,-0.000305,-0.00672,31.04,66.4713735836001
86342,-8.452048,-3.58385,3.995416,-0.006414,-0.000611,-0.006872,31.06,66.4809370364159
86352,-8.449656,-3.592823,3.996014,-0.007025,-0.000458,-0.006567,31.06,66.4807799432438
86362,-8.454441,-3.585645,3.995416,-0.00733,-0.001222,-0.006872,31.03,66.4875666455327
86372,-8.450851,-3.586243,4.000201,-0.007025,-0.00168,-0.007636,31.03,66.4554512475649
86382,-8.443673,-3.582056,3.99721,-0.007178,-0.001985,-0.008399,31,66.4522967374369
86392,-8.44427,-3.592823,3.985246,-0.007178,-0.001985,-0.00733,31,66.5259967521966
86402,-8.449057,-3.58385,3.994219,-0.006872,-0.001527,-0.006567,31.04,66.4809297361926
86412,-8.453843,-3.59043,4.009174,-0.007178,-0.001985,-0.00733,31.04,66.4184478820603
86422,-8.450253,-3.59402,3.998407,-0.007025,-0.001374,-0.007789,31.04,66.470551149839
86432,-8.460423,-3.58385,3.996612,-0.006109,-0.001374,-0.007941,31.04,66.4922620158384
86442,-8.444869,-3.589832,4.001996,-0.007789,-0.000764,-0.007789,31.04,66.436652843298
86452,-8.448458,-3.583252,3.993023,-0.007636,-0.000305,-0.006872,31.05,66.4854147286316
86462,-8.452645,-3.588037,3.999005,-0.008094,0.000305,-0.006872,31.05,66.4670989790767
86472,-8.445468,-3.597011,3.989433,-0.007178,0.000458,-0.00672,31.05,66.5102659965728
86482,-8.437692,-3.580261,3.995416,-0.006414,0.000764,-0.007178,31.05,66.447510988549
86492,-8.446067,-3.582654,3.988237,-0.00672,0.001069,-0.006261,31.05,66.5049860641994
86502,-8.436494,-3.580859,3.999005,-0.007789,0.001069,-0.006261,31.05,66.4266694574926
86512,-8.443074,-3.585645,3.992425,-0.006872,0.000916,-0.00672,31.05,66.4793664441021
86522,-8.449057,-3.59402,3.999005,-0.007178,0.001222,-0.006872,31.05,66.4649006607584
86532,-8.453244,-3.59043,3.999005,-0.007483,0.001527,-0.006414,31.06,66.4704941446408
86542,-8.455039,-3.582654,3.999005,-0.007025,0.001833,-0.005803,31.06,66.4673324398812
86552,-8.452048,-3.597011,3.99721,-0.006872,0.002138,-0.007025,31.05,66.4832732454963
86562,-8.446664,-3.59402,4.001398,-0.007025,0.002749,-0.005956,31.05,66.4473164798051
86572,-8.455637,-3.581457,4.004987,-0.007636,0.002443,-0.006414,31.07,66.4361568550448
86582,-8.446664,-3.594618,3.997808,-0.007941,0.001985,-0.005956,31.07,66.4666840102789
86592,-8.455039,-3.596412,3.996014,-0.007178,0.002443,-0.005956,31.06,66.4952893011526
86602,-8.441879,-3.586243,3.988835,-0.007483,0.002749,-0.005956,31.06,66.4962431175097
86612,-8.447262,-3.588037,3.995416,-0.00733,0.002749,-0.005803,31.03,66.4746098895719
86622,-8.459825,-3.577868,3.996014,-0.006872,0.00336,-0.005498,31.08,66.4888223930003
86632,-8.446664,-3.584448,3.985844,-0.007025,0.002749,-0.005956,31.08,66.520409839876
86642,-8.452048,-3.583252,4.002594,-0.006872,0.003207,-0.00672,31.05,66.44274970357
86652,-8.442476,-3.591627,4.00379,-0.00733,0.003207,-0.005345,31.05,66.4238092361972
86662,-8.443074,-3.588636,3.988835,-0.007178,0.00336,-0.005803,31.04,66.5008929480018
86672,-8.447262,-3.586243,3.998407,-0.006872,0.003512,-0.005192,31.04,66.4573111162056
86682,-8.454441,-3.58744,3.991228,-0.00733,0.002902,-0.005803,31.04,66.5111395709154
86692,-8.446664,-3.58385,3.991228,-0.007178,0.003512,-0.005498,31.04,66.4915999950377
86702,-8.456833,-3.589832,3.991827,-0.007025,0.003054,-0.005651,31.02,66.5151475643419
86712,-8.447262,-3.584448,3.99063,-0.006414,0.002902,-0.006261,31.02,66.4965306643041
86722,-8.450851,-3.595814,4.000201,-0.007483,0.003207,-0.005956,31.08,66.4640033600108
86732,-8.447262,-3.589832,3.998407,-0.006872,0.003054,-0.006567,31.08,66.4605185847838
86742,-8.442476,-3.589234,3.999603,-0.00672,0.002138,-0.006567,31.05,66.4436350037921
86752,-8.447861,-3.584448,3.997808,-0.007178,0.002596,-0.007178,31.05,66.4601116492355
86762,-8.454441,-3.592225,3.991827,-0.007025,0.002902,-0.006414,31.03,66.5122609191698
86772,-8.454441,-3.586243,3.997808,-0.005956,0.002596,-0.005956,31.03,66.475552410891
86782,-8.438888,-3.58744,3.984648,-0.006414,0.001833,-0.006567,31.05,66.5130254147316
86792,-8.438888,-3.59402,3.993621,-0.006872,0.001833,-0.006414,31.02,66.4717727901791
86802,-8.455039,-3.584448,3.997808,-0.00733,0.001222,-0.006872,31.02,66.4752093653863
86812,-8.450253,-3.589832,3.985246,-0.006567,0.000611,-0.006414,31.03,66.5358835800645
86822,-8.446067,-3.591627,3.99721,-0.006872,0.00168,-0.006261,31.03,66.4658908342987
86832,-8.443673,-3.585046,3.985246,-0.006567,0.001527,-0.006567,31.04,66.5178011674998
86842,-8.446067,-3.583252,3.990032,-0.006872,0.001069,-0.006567,31.04,66.4960918358882
86852,-8.452645,-3.582654,4.000201,-0.006872,0.001069,-0.006567,31.05,66.4560233060211
86862,-8.442476,-3.586243,3.99721,-0.006567,0.000764,-0.007025,31.05,66.4535189970167
86872,-8.438888,-3.575475,3.99721,-0.006567,-0.000458,-0.00672,31.06,66.4363306818508
86882,-8.446067,-3.59402,3.995416,-0.006567,0,-0.006109,31.06,66.4774452447631
86892,-8.454441,-3.592225,3.998407,-0.006414,0.000916,-0.006414,31.02,66.4777475681033
86902,-8.46102,-3.59043,3.988237,-0.006567,0.000916,-0.005956,31.02,66.5432923449793
86912,-8.446664,-3.582056,3.999005,-0.006872,0.000764,-0.006261,31.04,66.4491741815331
86922,-8.446067,-3.589832,3.990032,-0.00672,0.001527,-0.005651,31.04,66.5019643891602
86932,-8.447861,-3.592823,3.991228,-0.005956,0.000611,-0.006261,31.05,66.5021250227734
86942,-8.455039,-3.586243,4.001398,-0.00672,0.00168,-0.005651,31.05,66.4579833232464
86952,-8.44128,-3.591029,3.996014,-0.007025,0.001833,-0.006109,31,66.4615625716427
86962,-8.452645,-3.58744,3.99721,-0.006261,0.002291,-0.005956,31.03,66.4759815219667
86972,-8.446664,-3.595216,3.99063,-0.006872,0.001985,-0.006872,31.03,66.5048884805148
86982,-8.456235,-3.583252,3.995416,-0.007025,0.00168,-0.007178,31.06,66.4892046530788
86992,-8.448458,-3.583252,3.993023,-0.006567,0.001985,-0.006567,31.06,66.4854147286316
87002,-8.450851,-3.586841,3.993621,-0.007483,0.002138,-0.005956,31.06,66.4905074671058
87012,-8.446664,-3.586841,3.99063,-0.007025,0.003054,-0.007025,31.06,66.4974088395378
87022,-8.449057,-3.58385,3.996014,-0.007178,0.003207,-0.006414,31.02,66.4715088662575
87032,-8.450851,-3.585645,3.996014,-0.00733,0.003054,-0.005803,31.02,66.4768833096125
87042,-8.446067,-3.592225,4.001398,-0.00733,0.003512,-0.005956,31.01,66.4444535801746
87052,-8.447262,-3.588636,3.99063,-0.00733,0.00336,-0.005345,31.01,66.5002675735421
87062,-8.457432,-3.586243,3.990032,-0.007636,0.003665,-0.006109,31.04,66.5226271684631
87072,-8.447262,-3.58385,3.994817,-0.00733,0.004123,-0.005498,31.04,66.4740153621506
87082,-8.448458,-3.573681,3.993621,-0.007483,0.004429,-0.004887,31.03,66.4737452157843
87092,-8.452645,-3.583252,4.0008,-0.007636,0.003818,-0.006109,31.03,66.4534149547627
87102,-8.452645,-3.576672,3.992425,-0.008094,0.003971,-0.006567,31.07,66.491496805152
87112,-8.449057,-3.59043,3.996014,-0.00733,0.004581,-0.005956,31.07,66.4773832723008
87122,-8.444869,-3.586841,3.996612,-0.007178,0.004123,-0.006414,31.05,66.4622298710482
87132,-8.450851,-3.582056,3.987639,-0.00672,0.003665,-0.006109,31.04,66.5176461853807
87142,-8.452645,-3.581457,3.993621,-0.006567,0.003512,-0.006872,31.04,66.4894792561537
87152,-8.450253,-3.596412,3.988237,-0.006872,0.003665,-0.006109,31.05,66.5260496521284
87162,-8.457432,-3.586841,4.000201,-0.006872,0.002902,-0.006414,31.05,66.4698234775101
87172,-8.452645,-3.594618,3.988237,-0.00672,0.002443,-0.006872,31.07,66.5294655926729
87182,-8.460423,-3.592823,3.981059,-0.00733,0.002749,-0.006414,31.07,66.5818351889267
87192,-8.453244,-3.586841,3.994219,-0.007178,0.002138,-0.006261,31.08,66.4923976523274
87202,-8.453843,-3.576672,3.994219,-0.006567,0.001985,-0.00672,31.08,66.4845999893666
87212,-8.46461,-3.58744,3.988835,-0.00672,0.001222,-0.007025,31.02,66.5450209399416
87222,-8.453244,-3.588636,3.993023,-0.00672,0.000611,-0.006109,31.02,66.5002731953867
87232,-8.462217,-3.585046,3.995416,-0.006109,-0.000153,-0.007483,31.07,66.5033636662619
87242,-8.454441,-3.592225,3.992425,-0.006261,-0.000611,-0.007789,31.07,66.5091235484766
87252,-8.450851,-3.58385,3.992425,-0.006414,-0.000611,-0.007483,31.05,66.4941177256886
87262,-8.452645,-3.585645,3.993621,-0.005803,-0.001833,-0.007941,31.05,66.4932108255708
87272,-8.456235,-3.59043,3.994219,-0.005803,-0.001833,-0.008247,31.02,66.5018778120319
87282,-8.451449,-3.593421,4.000201,-0.005956,-0.001527,-0.008399,31.02,66.4631209220539
87292,-8.448458,-3.598805,3.982853,-0.006872,-0.001833,-0.008094,31.06,66.5526896424699
87302,-8.440681,-3.588037,3.99721,-0.006414,-0.002749,-0.00733,31.04,66.4513446242725
87312,-8.446664,-3.584448,3.993621,-0.006261,-0.001985,-0.00733,31.04,66.4795695699909
87322,-8.449656,-3.582056,3.992425,-0.005803,-0.002138,-0.008399,31.04,66.4900066457948
87332,-8.452048,-3.595814,4.00379,-0.005956,-0.001833,-0.007941,31.04,66.4477030223908
87342,-8.452645,-3.586243,3.993023,-0.00672,-0.001985,-0.007789,31.06,66.4968818645982
87352,-8.437692,-3.593421,4.006782,-0.005803,-0.001222,-0.008094,31.06,66.3996394907089
87362,-8.445468,-3.588037,3.999603,-0.005956,-0.000916,-0.007025,31.05,66.4488631513337
87372,-8.448458,-3.591029,3.987041,-0.006261,-0.000153,-0.006872,31.05,66.5237587199112
87382,-8.447861,-3.586243,3.994817,-0.006567,0.000153,-0.007941,31.03,66.477411344995
87392,-8.444869,-3.584448,3.999603,-0.006567,0.000458,-0.006872,31.03,66.444392956453
87402,-8.447262,-3.59043,3.986442,-0.006567,0.001069,-0.006414,31.03,66.5238594377061
87412,-8.446067,-3.59043,3.996612,-0.006414,0.001833,-0.006567,31.03,66.4679585640238
87422,-8.446664,-3.595216,3.996014,-0.005803,0.002596,-0.006109,31,66.4766317820276
87432,-8.458628,-3.600002,4.001996,-0.005956,0.002902,-0.006567,31,66.4746710950427
87442,-8.437093,-3.592823,4.002594,-0.00672,0.003818,-0.007025,31.02,66.4198149009805
87452,-8.449656,-3.592225,3.99721,-0.006567,0.004276,-0.006567,31.02,66.4739711311279
87462,-8.454441,-3.592225,4.000201,-0.00672,0.004429,-0.00672,31.03,66.4683408348241
87472,-8.456833,-3.594618,3.986442,-0.006872,0.005498,-0.005651,31.03,66.5476641554499
87482,-8.444869,-3.591029,4.001398,-0.006872,0.005803,-0.005651,31.04,66.4408614958546
87492,-8.44427,-3.589832,4.0008,-0.006261,0.007025,-0.005956,31.04,66.4416664164762
87502,-8.453244,-3.580261,3.989433,-0.006872,0.006414,-0.006261,31.04,66.5116559526717
87512,-8.453843,-3.584448,4.003192,-0.007636,0.00672,-0.006414,31.04,66.4444594036553
87522,-8.442476,-3.58385,3.993023,-0.006567,0.006567,-0.005651,31.04,66.4733640411685
87532,-8.450851,-3.595814,3.99063,-0.007025,0.006872,-0.005498,31.06,66.5142109588922
87542,-8.452645,-3.585046,3.995416,-0.006414,0.00672,-0.005956,31.06,66.48325826752
87552,-8.450851,-3.591627,3.999005,-0.007025,0.005498,-0.006109,31.04,66.4665330874332
87562,-8.447262,-3.595216,4.0008,-0.006872,0.006109,-0.005498,31.04,66.4527814670081
87572,-8.455039,-3.591029,3.999603,-0.006567,0.005803,-0.005651,31.07,66.4716652286208
87582,-8.459227,-3.589832,3.987639,-0.00672,0.005345,-0.005803,31.07,66.542140344683
87592,-8.453843,-3.585645,3.985246,-0.006109,0.004123,-0.006414,31.04,66.5396863339434
87602,-8.454441,-3.59043,3.996612,-0.006414,0.004734,-0.005498,31.04,66.4855594256214
87612,-8.447262,-3.595216,3.992425,-0.006109,0.00336,-0.005956,31.06,66.4967224254052
87622,-8.456235,-3.593421,3.99063,-0.005192,0.00336,-0.006261,31.06,66.5233702728203
87632,-8.453244,-3.580261,3.997808,-0.00672,0.003054,-0.005956,31.04,66.4677034095882
87642,-8.450851,-3.591029,3.999603,-0.006567,0.001985,-0.007178,31.04,66.4628623752184
87652,-8.456235,-3.579663,3.996612,-0.00672,0.001374,-0.00672,31.02,66.4797356990966
87662,-8.458628,-3.579663,3.992425,-0.006109,0.000153,-0.006261,31.05,66.5067305252381
87672,-8.452645,-3.58385,3.998407,-0.005345,0,-0.00733,31.05,66.4665002734148
87682,-8.444869,-3.59043,3.99721,-0.006261,-0.000153,-0.006261,31.05,66.4623003482788
87692,-8.44427,-3.582654,3.986442,-0.005956,0,-0.006872,31.05,66.5106383294574
87702,-8.454441,-3.589832,3.987639,-0.005956,-0.000611,-0.007178,31.05,66.5321055779728
87712,-8.442476,-3.57727,3.990032,-0.006109,-0.001527,-0.00733,31.05,66.4832011165066
87722,-8.453843,-3.580261,3.99721,-0.005803,-0.000916,-0.00672,31.02,66.4721007510457
87732,-8.450253,-3.580859,3.997808,-0.005345,-0.000611,-0.00672,31.02,66.4619429110019
87742,-8.449656,-3.600002,3.999005,-0.005498,-0.000458,-0.006872,31.01,66.4715108905642
87752,-8.451449,-3.598805,3.994817,-0.006109,-0.000458,-0.007025,31.01,66.496170102606
87762,-8.448458,-3.589832,3.999005,-0.005956,-0.000458,-0.007636,31,66.4598970134601
87772,-8.445468,-3.594618,3.995416,-0.006261,0.000153,-0.006872,31,66.4767211283921
87782,-8.454441,-3.588636,4.004389,-0.006414,0,-0.007789,31.04,66.4431807307084
87792,-8.44427,-3.582654,3.993621,-0.006261,0,-0.00733,31.04,66.4729311659645
87802,-8.438888,-3.591029,3.997808,-0.005803,0.000611,-0.007789,31.01,66.4471092607709
87812,-8.446664,-3.592823,3.99063,-0.006261,0.001833,-0.006872,31.01,66.5027502636862
87822,-8.449656,-3.581457,3.998407,-0.005192,0.002138,-0.007025,31.03,66.4580767222721
87832,-8.440681,-3.582654,3.994219,-0.005345,0.003207,-0.006872,31,66.4622351977688
87842,-8.448458,-3.589832,3.996014,-0.005956,0.004123,-0.006567,31,66.4755898879326
87852,-8.437093,-3.588037,3.987041,-0.006109,0.004581,-0.006109,31.02,66.4972083099032
87862,-8.439486,-3.586243,3.986442,-0.006414,0.004429,-0.007178,31.02,66.5037846802472
87872,-8.448458,-3.598207,3.993023,-0.006872,0.004276,-0.007636,31.03,66.4987692665224
87882,-8.448458,-3.589832,3.994219,-0.006872,0.005192,-0.006872,31.03,66.4850095085667
87892,-8.457432,-3.583252,3.99721,-0.00672,0.00504,-0.007636,31.06,66.482310118472
87902,-8.458628,-3.589832,4.0008,-0.006567,0.005498,-0.00672,31.06,66.4718629012438
87912,-8.441879,-3.589234,3.992425,-0.006567,0.006261,-0.006414,31.03,66.4800607425808
87922,-8.44427,-3.586243,3.987041,-0.005803,0.005956,-0.005803,31.03,66.5106932376311
87932,-8.452645,-3.586243,3.985844,-0.005956,0.005956,-0.007178,31.05,66.5345652969733
87942,-8.457432,-3.586243,3.996014,-0.005956,0.006414,-0.006414,31.05,66.4912461789414
87952,-8.449057,-3.577868,3.991228,-0.006872,0.005345,-0.00672,31.06,66.4913000361756
87962,-8.457432,-3.580859,3.986442,-0.006567,0.004887,-0.006414,31.06,66.5366819596554
87972,-8.456833,-3.599404,3.999603,-0.00672,0.004734,-0.007178,31.02,66.4829101768153
87982,-8.453843,-3.601796,3.99721,-0.007178,0.004429,-0.00672,31.02,66.4913179458126
87992,-8.458031,-3.58744,3.988835,-0.006567,0.002749,-0.00733,31.07,66.5312295354996
88002,-8.460423,-3.591627,3.985844,-0.006414,0.002596,-0.006872,31.05,66.5556608452689
88012,-8.460423,-3.591029,3.993621,-0.006261,0.002902,-0.006109,31.05,66.5143351041547
88022,-8.449656,-3.588037,3.991827,-0.006414,0.001374,-0.007178,31,66.4984790952573
88032,-8.444869,-3.57727,3.988237,-0.00672,0.000305,-0.007178,31,66.4976675978894
88042,-8.449057,-3.588636,4.002594,-0.007025,-0.000153,-0.007789,31.05,66.4412628993057
88052,-8.450851,-3.599404,3.996612,-0.005956,-0.001069,-0.007789,31.05,66.4860353919703
88062,-8.451449,-3.585046,3.988237,-0.005803,-0.001222,-0.007483,31.01,66.5184247486726
88072,-8.453843,-3.586243,3.993023,-0.007025,-0.00168,-0.006414,31.01,66.4993984048497
88082,-8.452048,-3.592225,3.991228,-0.006414,-0.001985,-0.006414,31.02,66.5103818793269
88092,-8.450851,-3.58744,3.996014,-0.005803,-0.002749,-0.006109,31.02,66.4784848959545
88102,-8.450851,-3.582654,3.99063,-0.006109,-0.003512,-0.005651,31.03,66.5024745646208
88112,-8.457432,-3.586841,3.987639,-0.006261,-0.003818,-0.006567,31.03,66.5357166565159
88122,-8.462815,-3.586841,3.994219,-0.005803,-0.003207,-0.006872,31.02,66.5124909216497
88132,-8.449057,-3.592823,4.005585,-0.005498,-0.003054,-0.007178,31.02,66.4293246786365
88142,-8.445468,-3.584448,3.994817,-0.005498,-0.004429,-0.007483,31.02,66.4707747797979
88152,-8.460423,-3.585046,4.001398,-0.006109,-0.004123,-0.007636,31.02,66.4682354672501
88162,-8.447861,-3.582654,3.988237,-0.005498,-0.003054,-0.00672,31.05,66.5087565993742
88172,-8.454441,-3.592225,4.003192,-0.006109,-0.003512,-0.007178,31.06,66.4526606929198
88186,-8.46461,-3.589832,3.999005,-0.005803,-0.003207,-0.00672,31.06,66.4938301383746
88192,-8.450253,-3.59043,3.998407,-0.005498,-0.002138,-0.006109,31.04,66.4673431593344
88202,-8.443673,-3.58385,4.005585,-0.005498,-0.001985,-0.006872,31.04,66.4099504649911
88212,-8.457432,-3.58744,4.006782,-0.005651,-0.000916,-0.00733,31.04,66.4358641127796
88222,-8.446664,-3.589832,3.999005,-0.005651,-0.000458,-0.006872,31.04,66.4561229771641
88232,-8.462217,-3.59043,4.00379,-0.006567,0.000305,-0.006414,31.04,66.4642668231098
88242,-8.441879,-3.594618,3.997808,-0.005803,0.000764,-0.006567,31.04,66.4566203890702
88252,-8.449656,-3.588037,4.006183,-0.005651,0.001374,-0.006872,31.05,66.4231687238162
88262,-8.444869,-3.586841,4.009174,-0.005956,0.002902,-0.006261,31.05,66.3963273087953
88272,-8.459227,-3.600002,3.991827,-0.005651,0.004276,-0.006261,31.02,66.5292294924759
88282,-8.44128,-3.588037,4.001996,-0.005803,0.00504,-0.006567,31.02,66.4274857421811
88292,-8.447861,-3.585046,4.001996,-0.005803,0.006109,-0.006109,31.05,66.4386727254224
88302,-8.450253,-3.591627,3.994219,-0.005956,0.006567,-0.006109,31.05,66.4903840070115
88312,-8.452645,-3.584448,4.006782,-0.006109,0.007483,-0.005345,31.04,66.4231160146657
88322,-8.455039,-3.592225,4.003192,-0.006414,0.007178,-0.006414,31.04,66.4539178997962
88332,-8.446067,-3.589234,4.006183,-0.005956,0.008705,-0.005803,31.04,66.4166797375411
88342,-8.453244,-3.581457,3.99063,-0.005956,0.010385,-0.005803,31.04,66.5064366866994
88352,-8.451449,-3.591627,3.999005,-0.006261,0.010079,-0.005651,31.04,66.4677901628292
88362,-8.453843,-3.589832,4.007978,-0.006109,0.011301,-0.005651,31.07,66.4241804455651
88372,-8.450851,-3.588636,3.995416,-0.006109,0.010843,-0.005956,31.07,66.4826898586083
88382,-8.445468,-3.585046,3.985844,-0.005956,0.010996,-0.005651,31.05,66.5184306059523
88392,-8.467602,-3.586243,3.998407,-0.006109,0.010385,-0.004734,31.05,66.5000500148191
88402,-8.449656,-3.59043,3.985844,-0.005498,0.010079,-0.004581,31.02,66.5320239347256
88412,-8.450253,-3.59402,3.991827,-0.005803,0.009621,-0.004581,31.02,66.5050725772105
88422,-8.458031,-3.598805,4.0008,-0.005651,0.009468,-0.005803,31.07,66.4786161069348
88432,-8.463414,-3.59043,3.996014,-0.006261,0.008705,-0.006567,31.07,66.5075292668597
88442,-8.450851,-3.57727,4.001996,-0.006567,0.008247,-0.006872,31.03,66.4380286990976
88452,-8.461619,-3.593421,3.994219,-0.006414,0.007636,-0.006872,31.03,66.5158373276864
88462,-8.469396,-3.594618,3.991228,-0.005803,0.007483,-0.005956,31.03,66.5488716345137
88472,-8.458031,-3.576672,3.996612,-0.005956,0.005956,-0.006872,31.03,66.4808511827138
88482,-8.449057,-3.578466,3.994817,-0.005192,0.004734,-0.005956,31.02,66.4729901084
88492,-8.448458,-3.585645,3.981059,-0.006261,0.004123,-0.006414,31.02,66.5503809533887
88502,-8.443673,-3.586243,3.994219,-0.006261,0.002749,-0.006414,30.99,66.4717409775134
88512,-8.455637,-3.577868,3.982255,-0.005345,0.001527,-0.007483,30.99,66.552245173045
88522,-8.453244,-3.584448,3.994817,-0.005498,0.000153,-0.008399,31.03,66.4871271058687
88532,-8.46102,-3.586841,3.985844,-0.005498,-0.000764,-0.007789,31.07,66.5526580677049
88542,-8.461619,-3.574877,3.996612,-0.005651,-0.001985,-0.007789,31.07,66.4867992839268
88552,-8.456833,-3.583252,3.995416,-0.005345,-0.001985,-0.008094,31.05,66.490461141724
88562,-8.458031,-3.594618,3.996612,-0.00504,-0.003207,-0.008552,31.05,66.4968318518655
88572,-8.447262,-3.589234,3.986442,-0.005345,-0.003818,-0.007178,30.99,66.5227924463704
88582,-8.446664,-3.591029,3.993023,-0.005345,-0.004276,-0.007941,30.99,66.4885856792458
88592,-8.454441,-3.585645,3.985844,-0.005192,-0.005498,-0.008399,31.01,66.5378011352824
88602,-8.446664,-3.58385,3.994219,-0.005651,-0.006261,-0.008094,31.01,66.4758964791388
88612,-8.441879,-3.583252,4.004389,-0.005651,-0.006567,-0.009316,31,66.4119067577941
88622,-8.456235,-3.584448,3.988835,-0.005192,-0.006872,-0.00901,31,66.5248000315648
88632,-8.452645,-3.585645,4.002594,-0.005803,-0.007178,-0.009927,31.09,66.4461421943395
88642,-8.453843,-3.586243,3.991827,-0.005651,-0.00733,-0.008858,31.09,66.5056743430094
88652,-8.453244,-3.591029,3.987041,-0.005345,-0.007789,-0.007941,31.1,66.5338001293167
88662,-8.451449,-3.586243,4.00379,-0.004581,-0.00672,-0.007789,31.1,66.4378875748764
88672,-8.448458,-3.591029,3.999603,-0.00504,-0.00733,-0.007941,31.07,66.4578299838046
88682,-8.452048,-3.589234,4.00379,-0.004887,-0.006567,-0.008094,31.07,66.4418203564238
88692,-8.450253,-3.591627,4.002594,-0.005803,-0.005803,-0.007941,31.04,66.4464537267929
88702,-8.440084,-3.591627,4.003192,-0.005651,-0.005956,-0.008552,31.02,66.4219070229504
88712,-8.447861,-3.592823,4.00738,-0.005345,-0.004734,-0.008552,31.02,66.4173963902467
88722,-8.459825,-3.597609,4.001398,-0.005803,-0.003818,-0.00901,31.01,66.4781800315811
88732,-8.44128,-3.597609,4.005585,-0.005651,-0.002596,-0.00733,31.01,66.41723999282
88742,-8.435897,-3.584448,3.996014,-0.005651,-0.001527,-0.00733,31.02,66.444333673519
88752,-8.450851,-3.585046,4.001398,-0.005956,-0.000764,-0.007636,31.02,66.4481041270162
88762,-8.435897,-3.58744,4.007978,-0.006109,0.000764,-0.007636,31.07,66.384206580109
88772,-8.455039,-3.589234,3.998407,-0.005651,0.001222,-0.006872,31.07,66.4763351121515
88782,-8.445468,-3.585046,4.009772,-0.005651,0.002596,-0.007483,31.07,66.3928475464042
88792,-8.443074,-3.593421,4.002594,-0.006109,0.004429,-0.006872,31.07,66.4329505258185
88802,-8.438289,-3.586243,3.996612,-0.006567,0.005345,-0.006261,31.04,66.4478405491122
88812,-8.437692,-3.593421,4.001398,-0.006261,0.006414,-0.005803,31.04,66.4278906805062
88822,-8.444869,-3.592823,4.001398,-0.006109,0.008094,-0.005956,31.04,66.4424676576712
88832,-8.44128,-3.580859,4.001398,-0.005498,0.009468,-0.005345,31.04,66.4241991821937
88842,-8.4347,-3.585645,3.996014,-0.006414,0.010079,-0.006261,31.03,66.442883033581
88852,-8.447262,-3.588636,4.0008,-0.007178,0.010537,-0.005956,31.03,66.4468948036951
88862,-8.449656,-3.59043,3.995416,-0.005956,0.012065,-0.005192,30.98,66.4817799831094
88872,-8.446067,-3.586841,3.997808,-0.006261,0.012065,-0.006261,31.02,66.4584739595859
88882,-8.445468,-3.594618,3.99063,-0.00672,0.013439,-0.005803,31.02,66.5018424486522
88892,-8.459227,-3.591627,3.992425,-0.006261,0.013592,-0.005803,31.03,66.5186312828492
88902,-8.459227,-3.600002,3.994219,-0.006109,0.012675,-0.006261,31.03,66.5166878433259
88912,-8.449057,-3.596412,4.001398,-0.006414,0.01237,-0.005956,31.01,66.4544903408518
88922,-8.453244,-3.591627,3.995416,-0.006109,0.012523,-0.006414,31.01,66.490386526568
88932,-8.450253,-3.594618,3.979264,-0.006567,0.011912,-0.005498,31.03,66.5715663636068
88942,-8.449057,-3.601198,3.992425,-0.006414,0.011606,-0.006414,31.03,66.505838630147
88952,-8.445468,-3.594618,3.996014,-0.006109,0.01069,-0.006414,31.02,66.4735829491649
88962,-8.462217,-3.597609,3.989433,-0.005651,0.009774,-0.00672,31.02,66.5459135761715
88972,-8.448458,-3.59402,3.986442,-0.005498,0.009468,-0.005498,31.04,66.5295727716983
88982,-8.459227,-3.594618,3.990032,-0.005956,0.008094,-0.005956,31.04,66.5338458937103
88992,-8.464012,-3.600002,3.996014,-0.005956,0.00672,-0.005956,31.06,66.5173061012065
89002,-8.463414,-3.588636,3.992425,-0.005803,0.004887,-0.006567,31.06,66.5247499331258
89012,-8.471789,-3.593421,3.99063,-0.006567,0.004123,-0.007025,31.04,66.5559503584047
89022,-8.450851,-3.592823,3.994817,-0.005498,0.003054,-0.007483,31.04,66.4895704814356
89032,-8.451449,-3.578466,4.0008,-0.00504,0.001527,-0.006109,30.97,66.4466288795872
89042,-8.462815,-3.591029,3.991827,-0.004734,0.000153,-0.00733,31.09,66.5287578317293
89052,-8.46102,-3.57727,3.993023,-0.004887,-0.000916,-0.00733,31.09,66.5064911275476
89062,-8.456833,-3.584448,3.986442,-0.005345,-0.002138,-0.007789,31.03,66.53861492989
89072,-8.450851,-3.57727,3.986442,-0.004276,-0.002291,-0.007483,31.03,66.5196736293205
89082,-8.447861,-3.586841,3.991228,-0.004429,-0.002596,-0.007941,31.04,66.4967847721106
89092,-8.449656,-3.588636,3.990032,-0.004734,-0.004123,-0.00733,31.04,66.5084358195641
89102,-8.44427,-3.585645,3.99721,-0.004887,-0.004276,-0.007636,31.05,66.4567612405772
89112,-8.454441,-3.581457,4.001398,-0.004276,-0.004276,-0.00733,31.05,66.4524574408305
89122,-8.446664,-3.592823,3.993023,-0.005803,-0.00504,-0.008399,31.04,66.4901887768127
89132,-8.445468,-3.589234,3.997808,-0.005345,-0.005498,-0.008552,31.04,66.4593527538961
89142,-8.456833,-3.589832,3.994817,-0.00504,-0.004429,-0.008094,31.05,66.4994636789571
89152,-8.450851,-3.59043,3.997808,-0.004581,-0.004581,-0.007789,31.05,66.4717424459385
89162,-8.452645,-3.589234,4.009772,-0.004581,-0.004581,-0.007636,31.02,66.4117223462595
89172,-8.446067,-3.586243,3.998407,-0.005192,-0.00504,-0.007025,31.02,66.454796081904
89182,-8.450851,-3.579663,3.999603,-0.005803,-0.004581,-0.007941,31.05,66.4527168779066
89192,-8.455039,-3.584448,4.006782,-0.00504,-0.00336,-0.00733,31.05,66.4281572663621
89202,-8.441879,-3.591029,3.99721,-0.005345,-0.001833,-0.007025,31.02,66.4565449041928
89212,-8.446664,-3.588037,3.995416,-0.005651,-0.00168,-0.007636,31.03,66.4733522756227
89222,-8.446067,-3.582654,3.999005,-0.005803,-0.001527,-0.007483,31.03,66.4484510865611
89232,-8.440084,-3.595216,4.00379,-0.005956,-0.000153,-0.008094,31.05,66.4219888178436
89242,-8.446067,-3.586243,4.004987,-0.005345,0.001069,-0.006109,31.05,66.4202751166432
89252,-8.446067,-3.596412,3.996014,-0.005498,0.001833,-0.007178,31.05,66.4764471908006
89262,-8.448458,-3.594618,4.004389,-0.005956,0.002443,-0.007178,31.05,66.4359413712138
89272,-8.458031,-3.591627,4.005585,-0.006567,0.003054,-0.007636,31.03,66.4471331653672
89282,-8.46102,-3.593421,3.991228,-0.005956,0.003818,-0.007178,31.03,66.53026511253
89292,-8.446067,-3.586243,4.00379,-0.005651,0.005192,-0.007178,31,66.4265536443696
89302,-8.448458,-3.588037,3.99721,-0.006567,0.005192,-0.007483,31,66.4677108126514
89312,-8.448458,-3.594618,3.994219,-0.00672,0.006109,-0.006567,31.02,66.4892852426822
89322,-8.455039,-3.585645,3.998407,-0.005956,0.006109,-0.007025,31.02,66.4731346568942
89332,-8.457432,-3.588037,3.992425,-0.006261,0.006414,-0.006261,31.04,66.5116689736468
89342,-8.451449,-3.58385,4.003192,-0.006414,0.007025,-0.006872,31.04,66.438886398033
89352,-8.451449,-3.58744,4.004389,-0.005803,0.007941,-0.007025,31.02,66.4358161927377
89362,-8.450851,-3.592823,3.998407,-0.005803,0.008705,-0.005956,31.02,66.4707382004235
89372,-8.456235,-3.591029,4.004389,-0.005498,0.008247,-0.006872,31.05,66.4490905873156
89382,-8.452048,-3.585645,3.996612,-0.005956,0.008094,-0.006414,31.07,66.4762624480542
89392,-8.452645,-3.58744,3.994219,-0.005345,0.007941,-0.00672,31.07,66.4916732425875
89402,-8.452048,-3.59043,3.996612,-0.00672,0.007178,-0.007178,31.08,66.4805319700003
89412,-8.452645,-3.598207,3.985246,-0.006872,0.007025,-0.007636,31.08,66.548365283226
89422,-8.450851,-3.588037,4.000201,-0.005498,0.007025,-0.007025,31.05,66.4570532415343
89432,-8.462815,-3.584448,3.997808,-0.005192,0.006872,-0.007483,31.05,66.4915464743112
89442,-8.462815,-3.589234,3.992425,-0.00504,0.007025,-0.005498,31,66.5240257377819
89452,-8.462217,-3.583252,4.00379,-0.00504,0.006261,-0.007025,31,66.4578730185487
89462,-8.462815,-3.586243,3.992425,-0.005956,0.005956,-0.00733,31.07,66.5213666958285
89472,-8.462217,-3.584448,3.988237,-0.005956,0.005803,-0.007483,31.07,66.5404854983544
89482,-8.466404,-3.586841,3.994219,-0.005651,0.006109,-0.007025,31.05,66.52001817538
89492,-8.460423,-3.589832,3.986442,-0.005192,0.004581,-0.00733,31.05,66.5509272534224
89502,-8.463414,-3.585046,3.991228,-0.004734,0.003665,-0.00672,31.04,66.5278369502126
89512,-8.46102,-3.589234,4.0008,-0.00504,0.002749,-0.007025,31.04,66.4763544070402
89522,-8.454441,-3.59402,3.980461,-0.005192,0.002749,-0.008094,31.08,66.5735178425596
89532,-8.446664,-3.595216,3.985844,-0.005498,0.002291,-0.007178,31.08,66.5300168886193
89542,-8.447861,-3.58385,3.985246,-0.005956,0.001374,-0.007483,31.06,66.5255323093426
89552,-8.458031,-3.591627,3.999005,-0.004429,0.000611,-0.00672,31.06,66.4816189332985
89562,-8.455039,-3.589234,3.985844,-0.004887,-0.000458,-0.007178,31.06,66.5422491576992
89572,-8.459227,-3.591029,3.991827,-0.004429,-0.001222,-0.007636,31,66.5212352782915
89582,-8.450851,-3.583252,3.994219,-0.005192,-0.001527,-0.007178,31,66.4841687734602
89592,-8.451449,-3.594618,3.991228,-0.005345,-0.00168,-0.007636,31.04,66.5112600479039
89602,-8.447262,-3.589234,3.997808,-0.004581,-0.001985,-0.007941,31.04,66.4631269577667
89612,-8.449656,-3.58744,3.998407,-0.004581,-0.001833,-0.00733,31.07,66.4634170958812
89622,-8.450253,-3.588636,3.993621,-0.005192,-0.001833,-0.006872,31.07,66.4908522510719
89632,-8.453244,-3.602993,3.993023,-0.005651,-0.002443,-0.006872,31.04,66.5130879335426
89642,-8.443074,-3.588037,3.992425,-0.005498,-0.002596,-0.006872,31.04,66.4815039675282
89652,-8.456235,-3.586243,3.987041,-0.005651,-0.002902,-0.007636,31.04,66.5358127546388
89662,-8.445468,-3.592823,3.994219,-0.005192,-0.002443,-0.007636,31.04,66.481397877356
89672,-8.452048,-3.589832,3.999603,-0.004581,-0.003054,-0.007636,31.04,66.4643099279984
89682,-8.446067,-3.584448,3.995416,-0.004429,-0.002596,-0.007025,31.04,66.4688907343911
89692,-8.451449,-3.584448,3.992425,-0.005498,-0.002902,-0.007636,31.01,66.495907448049
89702,-8.449656,-3.588037,3.99721,-0.005498,-0.001985,-0.00733,31.01,66.4702302230918
89712,-8.452645,-3.588636,3.993023,-0.005345,-0.001985,-0.007483,31.05,66.4990152120522
89722,-8.455039,-3.585645,3.994219,-0.00504,-0.00168,-0.007483,31.05,66.4951027152141
89732,-8.455637,-3.593421,3.996612,-0.004276,-0.001069,-0.006872,31.05,66.4907393428978
89742,-8.443074,-3.593421,3.996014,-0.004887,-0.000611,-0.007789,31.04,66.4674779502776
89752,-8.444869,-3.58385,4.001398,-0.00504,0.000611,-0.006567,31.04,66.4344388997859
89762,-8.455637,-3.592823,4.001996,-0.004887,0.000611,-0.007636,31.06,66.4619779406021
89772,-8.441879,-3.589234,4.000201,-0.00504,0.001069,-0.00672,31.06,66.4392394734809
89782,-8.453843,-3.588636,4.001398,-0.004123,0.001527,-0.006261,31.04,66.4576035555983
89792,-8.447262,-3.585046,4.003192,-0.004734,0.001833,-0.006261,31.04,66.431137391347
89802,-8.443673,-3.583252,4.002594,-0.004581,0.002443,-0.006414,31.05,66.4251080105944
89812,-8.447262,-3.589832,3.993621,-0.00504,0.003054,-0.007025,31.05,66.4856343294306
89822,-8.460423,-3.576073,4.003192,-0.004581,0.003207,-0.006872,31.04,66.4508454156
89832,-8.452645,-3.58744,4.00379,-0.005192,0.003971,-0.006414,31.04,66.4414739536258
89842,-8.453244,-3.592823,4.001996,-0.00504,0.004276,-0.007025,31.07,66.4569481510137
89852,-8.441879,-3.588636,4.001996,-0.004734,0.005345,-0.00672,31.07,66.4292843452778
89862,-8.449057,-3.59402,3.995416,-0.00504,0.005803,-0.006414,31.04,66.4837284499932
89872,-8.443074,-3.592823,3.99721,-0.004734,0.006261,-0.006261,31.04,66.4606654272634
89882,-8.450253,-3.593421,3.99721,-0.00504,0.006567,-0.005345,31.05,66.4762944818523
89892,-8.445468,-3.59043,3.996612,-0.005345,0.007178,-0.00672,31.05,66.4666987079831
89902,-8.450851,-3.58744,3.99721,-0.004581,0.00672,-0.006261,31.04,66.472209986
89912,-8.452645,-3.578466,3.992425,-0.00504,0.007483,-0.006414,31.05,66.4930933792818
89922,-8.443074,-3.57727,3.997808,-0.005345,0.007789,-0.007025,31.05,66.443620007809
89932,-8.461619,-3.59402,3.996014,-0.005192,0.008399,-0.006414,31.04,66.5069606955252
89942,-8.445468,-3.579663,3.999005,-0.005192,0.007941,-0.005956,31.04,66.4445180263227
89952,-8.456235,-3.594618,3.999005,-0.005498,0.008094,-0.006567,31.07,66.4805160010283
89962,-8.454441,-3.59402,3.996612,-0.005345,0.008552,-0.007178,31.07,66.4887628277127
89972,-8.453244,-3.591029,3.996612,-0.006109,0.008399,-0.007025,31.06,66.4835794094514
89982,-8.447861,-3.589234,3.998407,-0.005192,0.008094,-0.007025,31.06,66.4612440976364
89992,-8.449656,-3.589832,3.98405,-0.005192,0.007789,-0.00733,31.04,66.5409120402053
90002,-8.455039,-3.584448,4.000201,-0.005803,0.007636,-0.007636,31.04,66.4626591956648
90012,-8.450851,-3.588037,4.004987,-0.005803,0.006872,-0.007483,31.02,66.4319555214605
90022,-8.447861,-3.589832,3.984648,-0.006261,0.006567,-0.007636,31.02,66.5340052699926
90032,-8.461619,-3.58744,3.986442,-0.005345,0.005956,-0.007941,31.05,66.5513074598426
90042,-8.457432,-3.59043,3.996612,-0.004581,0.005803,-0.007483,31.05,66.4918406756229
90052,-8.459227,-3.588037,3.988835,-0.00504,0.005651,-0.007178,31.05,66.5342686261424
90062,-8.460423,-3.585645,3.989433,-0.005345,0.004887,-0.00733,31.05,66.5315124653021
90072,-8.446664,-3.585645,3.991228,-0.00504,0.00336,-0.007941,30.98,66.4932016030645
90082,-8.455039,-3.575475,3.993621,-0.005803,0.003054,-0.008247,31.05,66.4891887980998
90092,-8.470592,-3.586243,3.99063,-0.00504,0.001833,-0.008705,31.05,66.5470775082827
90102,-8.457432,-3.582056,3.99721,-0.00504,0.001374,-0.007941,31.05,66.4812453414826
90112,-8.464012,-3.591627,4.005585,-0.004734,0.000764,-0.008399,31.05,66.4597014405333
90122,-8.459227,-3.581457,3.988835,-0.004887,0.000153,-0.008858,31.04,66.5284197495155
90132,-8.460423,-3.586243,3.988237,-0.004276,-0.000153,-0.00733,31.04,66.5383189146145
90142,-8.459227,-3.589832,3.996612,-0.004581,-0.000611,-0.008399,31.05,66.4950761750141
90152,-8.440084,-3.58385,3.988237,-0.00504,-0.002138,-0.009621,31.05,66.4934721608756
90162,-8.462815,-3.593421,3.989433,-0.004581,-0.002138,-0.008094,31.04,66.5434395519239
90172,-8.450253,-3.592823,3.993621,-0.004276,-0.00168,-0.008399,31.04,66.4945897445599
90182,-8.458628,-3.589234,3.996014,-0.004429,-0.002749,-0.008094,31.05,66.4964216581003
90192,-8.453843,-3.589234,3.997808,-0.004581,-0.003054,-0.007483,31.05,66.4769632966204
90202,-8.456235,-3.588037,3.991827,-0.004887,-0.003207,-0.008247,31.03,66.5122940306646
90212,-8.448458,-3.595814,3.996612,-0.004276,-0.003971,-0.007789,31.03,66.4777989901364
90222,-8.456833,-3.588636,3.989433,-0.004734,-0.003818,-0.007178,31.01,66.5266431644492
90232,-8.442476,-3.588037,4.001996,-0.005192,-0.004429,-0.007483,31.01,66.4300057168656
90242,-8.437692,-3.58744,3.994219,-0.004887,-0.003665,-0.008399,31.03,66.4602223572509
90252,-8.456235,-3.579663,3.993621,-0.004887,-0.003512,-0.008247,31.02,66.4954278525763
90262,-8.446067,-3.589234,3.997808,-0.00504,-0.00336,-0.008858,31.02,66.4606130389446
90272,-8.445468,-3.583252,3.991827,-0.004887,-0.003665,-0.007483,31.04,66.4854058688579
90282,-8.463414,-3.588636,3.996014,-0.00504,-0.003665,-0.008094,31.04,66.5059331818681
90292,-8.441879,-3.585645,3.999005,-0.004887,-0.002596,-0.00733,31.06,66.4423042782465
90302,-8.446664,-3.59043,3.995416,-0.004581,-0.002596,-0.00733,31.06,66.4754905603145
90312,-8.455637,-3.593421,4.001398,-0.004581,-0.002596,-0.007025,31.07,66.4656465555658
90322,-8.449057,-3.582654,4.004389,-0.004276,-0.001833,-0.008247,31.07,66.4265027967948
90332,-8.456235,-3.593421,3.992425,-0.004429,-0.001222,-0.007483,31.07,66.5139539478754
90342,-8.443673,-3.596412,3.992425,-0.004734,-0.000458,-0.007789,31.07,66.4902531469882
90352,-8.441879,-3.596412,4.002594,-0.005345,-0.000153,-0.007178,31.04,66.4331160221266
90362,-8.459227,-3.595814,4.000201,-0.004581,0.001069,-0.00672,31.04,66.481595704732
90372,-8.447262,-3.592225,3.996014,-0.00504,0.001985,-0.007483,31.07,66.4752140482927
90382,-8.447262,-3.59043,3.999005,-0.004734,0.002749,-0.00733,31.07,66.4579157700139
90392,-8.454441,-3.585645,4.0008,-0.004887,0.00336,-0.00733,31.04,66.4593278826304
90402,-8.443074,-3.58744,4.00738,-0.005498,0.003512,-0.007178,31.04,66.4024867256054
90412,-8.456235,-3.588037,3.996014,-0.005345,0.004887,-0.007025,31.02,66.4903303507794
90422,-8.446664,-3.594618,3.994817,-0.005498,0.005803,-0.006872,31.04,66.4823781242863
90432,-8.446664,-3.588636,4.001996,-0.004734,0.006109,-0.006872,31.04,66.4393620317004
90442,-8.445468,-3.585645,3.988835,-0.004276,0.006872,-0.006414,31.09,66.5032540789681
90452,-8.445468,-3.59043,3.997808,-0.003971,0.006872,-0.006109,31.09,66.4604223342971
90462,-8.448458,-3.588037,3.99721,-0.004429,0.007941,-0.006109,31.04,66.4677108126514
90472,-8.449057,-3.581457,3.994817,-0.00504,0.007483,-0.006109,31.04,66.4756566696141
90482,-8.453244,-3.585046,4.002594,-0.004429,0.007636,-0.007178,31.08,66.446868054641
90492,-8.455637,-3.585645,3.994219,-0.004123,0.007636,-0.00733,31.08,66.4963588308495
90502,-8.447861,-3.592823,3.998407,-0.003971,0.008247,-0.006872,31.05,66.4644526266534
90512,-8.451449,-3.580261,3.997808,-0.004734,0.008094,-0.007025,31.05,66.4639266368016
90522,-8.450851,-3.592225,3.990032,-0.004734,0.008094,-0.007025,31.08,66.5141462772707
90532,-8.448458,-3.580261,3.99063,-0.004276,0.007789,-0.005956,31.08,66.4953122906302
90542,-8.445468,-3.586243,3.999005,-0.003971,0.008094,-0.005498,31.01,66.4503970441426
90552,-8.449057,-3.58385,3.991228,-0.004276,0.008094,-0.006261,31.01,66.4966306826109
90562,-8.452048,-3.581457,3.996014,-0.00504,0.007636,-0.006414,31.04,66.4756661918199
90572,-8.457432,-3.588636,3.988237,-0.00504,0.007636,-0.006109,31.04,66.5341753383022
90582,-8.456235,-3.591029,3.99063,-0.005498,0.00733,-0.006109,31.05,66.5212390684532
90592,-8.459227,-3.589234,3.995416,-0.005498,0.006567,-0.005651,31.03,66.5008147865077
90602,-8.449656,-3.595216,3.987041,-0.004734,0.006414,-0.006109,31.03,66.5300082553437
90612,-8.456833,-3.598207,3.993621,-0.00504,0.006414,-0.006414,31.06,66.5132034875905
90622,-8.446664,-3.589234,3.992425,-0.005192,0.006414,-0.006109,31.06,66.4901213228236
90632,-8.449656,-3.588636,3.987639,-0.006109,0.005498,-0.006567,31.03,66.5209992578853
90642,-8.459227,-3.585046,3.992425,-0.005956,0.004734,-0.007941,31.03,66.5127744593561
90652,-8.458031,-3.579065,3.995416,-0.005498,0.004123,-0.00672,31.04,66.489253032984
90662,-8.453244,-3.58385,3.992425,-0.005345,0.005192,-0.007178,31.04,66.4991462690839
90672,-8.455637,-3.588037,3.987639,-0.005345,0.00504,-0.006414,31.03,66.5330160307799
90682,-8.456833,-3.584448,3.985246,-0.005651,0.004123,-0.007178,31.03,66.5448931979826
90692,-8.452645,-3.584448,3.986442,-0.006109,0.004123,-0.00733,31.06,66.529827618936
90702,-8.462815,-3.589234,3.99063,-0.005192,0.003818,-0.00733,31.06,66.5334389714807
90712,-8.455039,-3.59402,3.987639,-0.005498,0.003207,-0.008094,31.05,66.5370902906663
90722,-8.453244,-3.580261,3.985844,-0.00504,0.003665,-0.007941,31.05,66.5305002345596
90732,-8.459227,-3.593421,3.996612,-0.005803,0.003054,-0.007789,31.08,66.4982742552882
90742,-8.459227,-3.597011,3.991228,-0.004887,0.002902,-0.007483,31.08,66.5297047498653
90752,-8.455039,-3.586841,3.99721,-0.004581,0.003054,-0.007483,31.02,66.4804788383012
90762,-8.449057,-3.584448,3.991228,-0.003665,0.001527,-0.008094,31.02,66.4971638585424
90772,-8.455039,-3.595216,3.996612,-0.004276,0.000305,-0.008247,31.02,66.4910858226361
90782,-8.456235,-3.592225,3.994817,-0.004429,0,-0.007941,31.03,66.5003414627581
90792,-8.450851,-3.58744,3.985246,-0.004581,-0.000458,-0.008705,31.03,66.5350070060857
90802,-8.455039,-3.589234,3.99721,-0.004734,-0.000764,-0.00901,31.1,66.4826125472093
90812,-8.462217,-3.592225,3.987041,-0.004429,-0.002596,-0.008094,31.1,66.5536698430876
90822,-8.458628,-3.59043,3.992425,-0.004581,-0.003054,-0.008858,31.04,66.5163090637629
90832,-8.453244,-3.589234,3.991827,-0.004581,-0.003512,-0.007941,31.04,66.5070820052495
90842,-8.455039,-3.579065,3.992425,-0.004429,-0.004581,-0.007636,31.07,66.4986585942645
90852,-8.456833,-3.583252,3.99063,-0.003971,-0.004581,-0.007178,31.07,66.5155712365965
90862,-8.452048,-3.580859,4.001398,-0.004429,-0.005192,-0.007789,31.04,66.4468873262289
90872,-8.454441,-3.59043,3.987041,-0.004581,-0.005498,-0.00901,31.04,66.5357769092511
90882,-8.457432,-3.593421,3.99721,-0.004581,-0.005498,-0.008247,31.02,66.4913718812678
90892,-8.458628,-3.598805,3.997808,-0.004429,-0.005498,-0.008858,31.02,66.4955499812277
90902,-8.446067,-3.585645,4.004389,-0.004887,-0.005803,-0.007789,31.05,66.4228767221849
90912,-8.449057,-3.593421,3.994219,-0.004887,-0.005192,-0.008094,31.05,66.4894738929326
90922,-8.449057,-3.583252,3.999603,-0.00504,-0.004429,-0.008094,31.04,66.4521425339583
90932,-8.444869,-3.589832,4.0008,-0.005498,-0.003207,-0.008552,31.04,66.4429274846431
90942,-8.458628,-3.592225,4.009174,-0.004887,-0.002749,-0.007941,31.04,66.4301207510937
90952,-8.452048,-3.589234,3.995416,-0.004734,-0.002138,-0.007636,31.02,66.48573886686
90962,-8.455039,-3.591029,4.00379,-0.005192,-0.000611,-0.008247,31.02,66.4497152616787
90972,-8.446067,-3.586841,3.996612,-0.00504,0.000153,-0.006872,30.98,66.4647507302594
90982,-8.445468,-3.591029,4.012166,-0.005498,0.001527,-0.00733,30.98,66.3856582102179
90992,-8.445468,-3.58744,4.003192,-0.005498,0.003207,-0.006567,31.02,66.429499568473
91002,-8.453843,-3.577868,4.001398,-0.005498,0.003971,-0.00733,31.02,66.4479999556709
91012,-8.441879,-3.600002,4.006782,-0.005192,0.005651,-0.00672,31.01,66.4143727276539
91022,-8.446067,-3.592225,4.004987,-0.005651,0.006872,-0.00733,31.01,66.4256299534549
91032,-8.452048,-3.580261,3.994219,-0.005498,0.008399,-0.006414,31.04,66.4840203294282
91042,-8.447861,-3.581457,3.999005,-0.005803,0.008858,-0.00672,31.04,66.4511599215359
91052,-8.443074,-3.598207,4.00379,-0.005498,0.010079,-0.006872,31.03,66.4309681012949
91062,-8.442476,-3.591627,3.99721,-0.005345,0.011301,-0.00733,31.03,66.4583365716292
91072,-8.452048,-3.59402,3.996014,-0.005498,0.012217,-0.006414,31.03,66.4868741067581
91082,-8.46102,-3.588636,4.000201,-0.00504,0.012675,-0.006567,31.03,66.4789610926367
91092,-8.454441,-3.591029,4.003192,-0.005345,0.013286,-0.006567,31.05,66.4515923953819
91102,-8.456235,-3.595216,3.98405,-0.005498,0.013286,-0.006109,31.05,66.5594975917885
91112,-8.44128,-3.595216,3.996612,-0.005345,0.012828,-0.006414,31.04,66.4621732213415
91122,-8.445468,-3.592823,3.98405,-0.004581,0.013286,-0.006109,31,66.5347934505584
91132,-8.459227,-3.59043,3.988237,-0.004887,0.012981,-0.006261,31,66.5395347095802
91142,-8.458031,-3.595814,3.996612,-0.004887,0.011606,-0.006567,31.01,66.4978985524971
91152,-8.455039,-3.58744,3.986442,-0.005192,0.011454,-0.006414,31.01,66.5375133985455
91162,-8.455637,-3.591029,3.989433,-0.004581,0.010537,-0.006109,31.08,66.5262653456887
91172,-8.463414,-3.595814,3.985246,-0.004734,0.009927,-0.006261,31.08,66.5687819728099
91182,-8.445468,-3.58744,3.988835,-0.004276,0.008705,-0.007178,31.04,66.5048560207503
91192,-8.460423,-3.584448,3.988237,-0.004734,0.007483,-0.007789,31.04,66.5367238809542
91202,-8.465807,-3.591029,3.99063,-0.003818,0.005956,-0.006109,31.05,66.5413034903248
91212,-8.456833,-3.59043,3.983452,-0.004887,0.004429,-0.006414,31.05,66.5596299192086
91222,-8.464012,-3.592225,3.99063,-0.003971,0.004429,-0.006109,31.04,66.5386063620814
91232,-8.455039,-3.59043,3.990032,-0.004123,0.002902,-0.006567,31.04,66.5213341534981
91242,-8.455039,-3.584448,3.991228,-0.004123,0.001833,-0.006261,31.06,66.5097307382332
91252,-8.447861,-3.58385,3.987041,-0.004123,0.000305,-0.006261,31.06,66.5161039285882
91262,-8.460423,-3.578466,3.992425,-0.004429,-0.001222,-0.007025,31.02,66.5094366984706
91272,-8.46102,-3.593421,3.988835,-0.004581,-0.002291,-0.00733,31.02,66.5428158503121
91282,-8.458628,-3.581457,3.994219,-0.004734,-0.003971,-0.007178,31.01,66.4989138606672
91292,-8.460423,-3.584448,3.982853,-0.00504,-0.004276,-0.007025,31.02,66.5649803110091
91302,-8.459825,-3.585046,3.996612,-0.004429,-0.004887,-0.007636,31.02,66.4920703346595
91312,-8.455637,-3.602395,3.996014,-0.004581,-0.005651,-0.007789,31.04,66.5018869861478
91322,-8.447861,-3.597011,3.996014,-0.004581,-0.005498,-0.007483,31.04,66.4807525863124
91332,-8.451449,-3.601198,3.99721,-0.00504,-0.005803,-0.008858,31.05,66.4857590559279
91342,-8.459825,-3.58385,3.999603,-0.00504,-0.005651,-0.007636,31.05,66.4753233690072
91352,-8.450851,-3.574279,4.006183,-0.004276,-0.005651,-0.007941,31.02,66.4133993265152
91362,-8.447262,-3.589234,3.995416,-0.004276,-0.005803,-0.007789,31.02,66.4756792016146
91372,-8.444869,-3.588037,4.001996,-0.004887,-0.004429,-0.007636,31.04,66.4350464121899
91382,-8.455637,-3.588636,3.994219,-0.004429,-0.004581,-0.008094,31.04,66.4990235613395
91393,-8.455039,-3.586243,3.989433,-0.004581,-0.003054,-0.007789,31.04,66.5207488550083
91402,-8.453843,-3.592823,3.993023,-0.003818,-0.002749,-0.006567,31.04,66.505264572593
91412,-8.446664,-3.597609,3.994219,-0.003971,-0.001833,-0.007789,31.01,66.488191450053
91422,-8.452645,-3.58385,3.99721,-0.004123,-0.001222,-0.007483,31.01,66.4727797146273
91432,-8.444869,-3.59043,3.99721,-0.004276,-0.000764,-0.008094,31.1,66.4623003482788
91442,-8.453244,-3.599404,3.99721,-0.004276,-0.000611,-0.008094,31.1,66.4879228210838
91452,-8.44128,-3.585046,3.991827,-0.004276,0.001833,-0.007178,31.04,66.4781972257638
91462,-8.449057,-3.597609,4.007978,-0.003818,0.002138,-0.008094,31.02,66.4210673860786
91472,-8.446664,-3.589832,3.997808,-0.004429,0.003512,-0.007483,31.02,66.462403595011
91482,-8.439486,-3.589234,3.996612,-0.003512,0.004123,-0.008094,31.04,66.4530396580851
91492,-8.450253,-3.586841,3.997808,-0.003512,0.005192,-0.00733,31.04,66.4672804632568
91502,-8.449057,-3.58744,3.998407,-0.003971,0.005345,-0.008094,31.02,66.4621571046527
91512,-8.450851,-3.598805,4.0008,-0.004123,0.005651,-0.007025,31.02,66.4635380143069
91522,-8.455637,-3.59043,4.0008,-0.004887,0.005956,-0.006261,31.01,66.4661114972627
91532,-8.449057,-3.582056,3.994817,-0.004429,0.006414,-0.006109,31.01,66.476190853514
91542,-8.449656,-3.592823,3.99721,-0.005192,0.006872,-0.007178,31.01,66.4745055013219
91552,-8.447861,-3.586841,3.998407,-0.004734,0.006109,-0.007636,31.01,66.4591058316969
91562,-8.448458,-3.588037,3.996612,-0.003818,0.006872,-0.00672,31.01,66.4708486514101
91572,-8.456833,-3.589832,3.99063,-0.004123,0.00733,-0.00733,31.01,66.5214274099969
91582,-8.455637,-3.585645,3.994817,-0.004429,0.008094,-0.007941,31.04,66.4932217151429
91592,-8.462217,-3.586243,3.997808,-0.004734,0.008552,-0.006872,31.04,66.4918876499818
91602,-8.450851,-3.58744,4.000201,-0.00504,0.008094,-0.00733,31.03,66.4565200839781
91612,-8.445468,-3.595216,3.995416,-0.00504,0.00733,-0.007483,31.03,66.4772561466396
91622,-8.450851,-3.580859,3.999603,-0.004581,0.007941,-0.007178,31.04,66.453783553633
91632,-8.452645,-3.586243,3.992425,-0.005498,0.006872,-0.007025,31.07,66.5000200159952
91642,-8.449656,-3.585645,3.996612,-0.00504,0.005803,-0.007483,31.07,66.4712325377968
91652,-8.453843,-3.589234,3.99721,-0.005345,0.006109,-0.00733,31.05,66.4800997230147
91662,-8.456235,-3.588636,3.982255,-0.004887,0.005345,-0.007178,31.05,66.5630657973885
91672,-8.451449,-3.588037,3.994817,-0.005651,0.005803,-0.007483,31.06,66.486555013298
91682,-8.453244,-3.588636,3.991827,-0.006109,0.005651,-0.007941,31.06,66.5065489548212
91692,-8.456235,-3.591029,3.994219,-0.005956,0.004734,-0.007025,31.05,66.50241170035
91702,-8.459227,-3.595814,3.992425,-0.004887,0.004581,-0.007178,31.05,66.5223608435143
91712,-8.447861,-3.591029,3.987041,-0.004887,0.004276,-0.00733,31.07,66.5225056586543
91722,-8.464012,-3.592225,3.994817,-0.00504,0.003818,-0.007483,31.07,66.5166549302874
91732,-8.462815,-3.598805,4.004987,-0.00504,0.002749,-0.008858,31.03,66.4667222538695
91742,-8.455039,-3.591627,3.992425,-0.00504,0.002443,-0.007636,31.03,66.509845340078
91752,-8.453244,-3.591627,3.988835,-0.00504,0.00168,-0.008094,31.07,66.524916769525
91762,-8.457432,-3.59402,3.999603,-0.004734,0.001374,-0.007178,31.07,66.4793608964248
91772,-8.455637,-3.591627,3.993621,-0.004581,0.001527,-0.006567,31.08,66.5048263247448
91782,-8.450851,-3.58744,3.999603,-0.004581,0.000611,-0.008247,31.08,66.4596567158906
91792,-8.444869,-3.588636,3.987041,-0.004734,-0.000458,-0.00901,31.05,66.5140874939157
91802,-8.454441,-3.581457,3.993621,-0.004734,-0.000764,-0.008247,31.04,66.4932542404941
91812,-8.450253,-3.595216,3.996014,-0.005192,-0.001833,-0.009316,31.04,66.4841724507872
91822,-8.460423,-3.589234,3.996612,-0.004429,-0.001374,-0.008399,31.02,66.4970540270374
91832,-8.451449,-3.596412,3.992425,-0.003971,-0.00168,-0.008399,31.02,66.5065808782384
91842,-8.455039,-3.586841,3.993621,-0.003054,-0.002138,-0.007941,31.01,66.4993055493426
91852,-8.449656,-3.58385,3.994817,-0.003665,-0.002443,-0.008399,31.01,66.4790507822791
91862,-8.446067,-3.595814,3.992425,-0.003512,-0.002291,-0.008399,31.02,66.494747242404
91872,-8.458628,-3.576073,3.995416,-0.003971,-0.002291,-0.007789,31.02,66.4878478668603
91882,-8.458628,-3.580261,3.99063,-0.004123,-0.001985,-0.008094,31.07,66.5166804495423
91892,-8.439486,-3.582056,3.995416,-0.004429,-0.00168,-0.008094,31.07,66.4528968504003
91902,-8.449057,-3.579663,3.993621,-0.004123,-0.002291,-0.008399,31.05,66.480335401669
91912,-8.446664,-3.589832,4.001398,-0.003818,-0.001374,-0.008094,31.05,66.4435687869585
91922,-8.450253,-3.597011,4.0008,-0.003818,-0.000611,-0.008094,31.06,66.4606762235206
91932,-8.449057,-3.58385,3.997808,-0.003665,-0.000305,-0.008247,31.06,66.4620945923036
91942,-8.450253,-3.586243,3.998407,-0.004429,0,-0.008247,31.02,66.4636040853726
91952,-8.449057,-3.584448,3.991827,-0.00504,0,-0.008552,31.02,66.4940192245199
91962,-8.437093,-3.59043,4.002594,-0.004887,0.001527,-0.008399,31.05,66.417667642056
91972,-8.447262,-3.594618,3.99063,-0.00504,0.001985,-0.007789,31.05,66.5056097128882
91982,-8.452645,-3.597011,3.996014,-0.004581,0.003207,-0.007178,31.05,66.4907992360435
91992,-8.453843,-3.6006,4.001398,-0.004276,0.003818,-0.006872,31.06,66.4682938015645
92002,-8.452048,-3.584448,3.997808,-0.005192,0.004581,-0.00733,31.06,66.4689202825685
92012,-8.453843,-3.583252,3.992425,-0.004887,0.004734,-0.007483,31.04,66.4998721509402
92022,-8.440681,-3.586841,4.00379,-0.004887,0.004887,-0.007941,31.04,66.4157378330578
92032,-8.457432,-3.581457,4.001398,-0.004276,0.005345,-0.007178,31.05,66.4587502466341
92042,-8.455637,-3.58385,4.001996,-0.004887,0.005498,-0.007636,31.05,66.4539715705775
92052,-8.455039,-3.58744,4.002594,-0.004429,0.005651,-0.006872,31.01,66.452780751311
92062,-8.443673,-3.594618,4.001996,-0.004734,0.005651,-0.006872,31.01,66.4384212046521
92072,-8.447262,-3.592823,3.996612,-0.004734,0.00672,-0.007636,31.07,66.4726108446568
92082,-8.452645,-3.582654,4.013362,-0.004429,0.006567,-0.00672,31.07,66.387027965735
92092,-8.443673,-3.596412,4.002594,-0.004734,0.007025,-0.006567,31.01,66.436892238913
92102,-8.450253,-3.600002,4.00379,-0.004734,0.007025,-0.006414,31.01,66.4476777041542
92112,-8.444869,-3.59043,4.001398,-0.004429,0.006567,-0.006261,31.03,66.4403253185917
92122,-8.452645,-3.581457,3.994219,-0.004581,0.00672,-0.006872,31.03,66.4863409684014
92132,-8.453244,-3.59402,4.00379,-0.004429,0.007178,-0.006872,31.04,66.448613462169
92142,-8.450851,-3.592823,3.994817,-0.004123,0.006872,-0.006567,31.04,66.4895704814356
92152,-8.440084,-3.591029,4.006183,-0.004429,0.00672,-0.006872,31.04,66.4056785332774
92162,-8.447861,-3.586243,3.996612,-0.004276,0.006109,-0.006872,31.06,66.4679908081253
92172,-8.446664,-3.591029,4.006782,-0.004887,0.005345,-0.007636,31.06,66.4164038086823
92182,-8.460423,-3.596412,3.996014,-0.004123,0.005498,-0.00672,31.03,66.5065840527785
92192,-8.458031,-3.598207,3.990032,-0.004123,0.005498,-0.006872,31.03,66.5345372937945
92202,-8.453244,-3.581457,3.993621,-0.00504,0.004581,-0.00672,31.04,66.4907383984295
92212,-8.458031,-3.580859,3.994817,-0.00504,0.004429,-0.007483,31.04,66.4939908754017
92222,-8.46102,-3.582654,4.0008,-0.004429,0.003971,-0.007025,31,66.4704952360835
92232,-8.452645,-3.595814,3.999603,-0.004429,0.00336,-0.007941,31,66.4709086978158
92242,-8.453244,-3.580261,3.991228,-0.005192,0.003971,-0.007483,31.05,66.5022332065383
92252,-8.455637,-3.585046,4.001398,-0.004276,0.002291,-0.00733,31.05,66.4581734218507
92262,-8.449656,-3.595216,3.994219,-0.004581,0.002443,-0.007483,31,66.4923357827392
92272,-8.452048,-3.58385,3.989433,-0.00504,0.001833,-0.007789,31,66.5123385034598
92282,-8.455039,-3.595814,3.997808,-0.004734,0.001222,-0.008247,31.07,66.48534833552
92292,-8.448458,-3.58744,3.995416,-0.004276,0.00168,-0.008247,31.07,66.4765917119946
92302,-8.449656,-3.585046,3.996014,-0.004429,0.001222,-0.008399,31.06,66.4738359637918
92313,-8.444869,-3.589234,4.003192,-0.004734,0.000305,-0.007941,31.06,66.4298434610904
92322,-8.459825,-3.589832,3.993621,-0.005956,-0.000153,-0.008247,31.01,66.5120150960204
92332,-8.452048,-3.595216,3.999603,-0.005345,-0.000153,-0.008858,31.04,66.4691199158078
92342,-8.447262,-3.582056,3.989433,-0.005345,-0.000458,-0.008247,31.04,66.500683439659
92352,-8.454441,-3.582654,3.997808,-0.004734,0.000305,-0.007789,31.05,66.4723533457786
92362,-8.451449,-3.589234,3.998407,-0.004734,-0.000153,-0.007789,31.05,66.4687895396349
92372,-8.448458,-3.586243,3.985844,-0.004734,-0.000305,-0.007178,30.98,66.5257772393795
92382,-8.446067,-3.586841,3.995416,-0.00504,-0.000305,-0.007178,30.98,66.4710280999696
92392,-8.440084,-3.592823,4.0008,-0.004734,-0.000153,-0.007636,31.01,66.4355312465996
92402,-8.446067,-3.586243,3.991228,-0.004429,0.000916,-0.007483,31.01,66.4924802963501
92412,-8.446067,-3.58385,3.997808,-0.00504,0.001222,-0.007636,31.04,66.4558015183775
92422,-8.447861,-3.59043,3.99721,-0.005345,0.001833,-0.008705,31.04,66.4685933943216
92432,-8.451449,-3.586841,3.990032,-0.004581,0.001527,-0.007941,31.06,66.5106007914598
92442,-8.446664,-3.59043,4.001398,-0.005192,0.002596,-0.007636,31.06,66.444103758299
92452,-8.451449,-3.59043,4.003192,-0.00504,0.002596,-0.007941,31.02,66.4447642065425
92462,-8.444869,-3.576672,3.991228,-0.005192,0.002749,-0.008247,31.02,66.4814222633495
92472,-8.447861,-3.59043,4.0008,-0.005498,0.003818,-0.007636,31.03,66.4497595535046
92482,-8.449057,-3.588037,4.003192,-0.00504,0.003512,-0.007941,31.03,66.4375912139379
92492,-8.446664,-3.586243,3.991827,-0.005345,0.00336,-0.007178,31.06,66.4905902952999
92502,-8.458031,-3.589832,4.000201,-0.005345,0.003818,-0.008399,31.04,66.4737486122184
92512,-8.450253,-3.589234,3.994817,-0.004734,0.004123,-0.007483,31.04,66.4851098570919
92522,-8.453843,-3.583252,4.000201,-0.005192,0.004429,-0.007178,31.04,66.4590771595868
92532,-8.452048,-3.585046,3.999005,-0.004887,0.004276,-0.007025,31.04,66.463174500552
92542,-8.453843,-3.580261,4.00738,-0.005803,0.003665,-0.007636,31.07,66.4187670241575
92552,-8.453244,-3.581457,4.002594,-0.005803,0.003665,-0.008094,31.07,66.4436659844395
92562,-8.456833,-3.59402,3.997808,-0.005192,0.003818,-0.007483,31.05,66.487513465225
92572,-8.458628,-3.594618,3.988237,-0.00504,0.00336,-0.007483,31.05,66.5420067908943
92582,-8.446664,-3.588037,4.0008,-0.005345,0.003207,-0.007025,31.05,66.4451004686588
92592,-8.457432,-3.589832,3.992425,-0.005651,0.003054,-0.007941,31.05,66.513267379327
92602,-8.452048,-3.593421,4.006183,-0.00504,0.00336,-0.00733,31.02,66.433019409028
92612,-8.452645,-3.582654,3.994219,-0.004581,0.003054,-0.007789,31.02,66.4874073585241
92622,-8.450851,-3.59043,3.996612,-0.004734,0.003054,-0.007941,31.02,66.4780165125423
92632,-8.450851,-3.589832,3.993621,-0.004734,0.002749,-0.008247,31.02,66.4931758812938
92642,-8.456833,-3.584448,4.003192,-0.00504,0.002443,-0.008552,31.06,66.4507504489096
92652,-8.452048,-3.59402,4.005585,-0.004429,0.002443,-0.007178,31.06,66.4366895328095
92662,-8.44427,-3.592823,4.0008,-0.00504,0.001527,-0.007636,31.02,66.4443441438881
92672,-8.452048,-3.595814,4.001398,-0.004734,0.002138,-0.008094,31.03,66.4602427863863
92682,-8.456235,-3.593421,3.999005,-0.004429,0.002291,-0.008552,31.03,66.4794476671879
92692,-8.458031,-3.58744,3.996014,-0.004429,0.001527,-0.008399,31.07,66.4935702562711
92702,-8.452645,-3.583252,3.994817,-0.004276,0.001985,-0.007025,31.07,66.4848022121339
92712,-8.455637,-3.591029,3.997808,-0.003818,0.00168,-0.00733,31.03,66.4823337097799
92722,-8.452048,-3.582056,3.994219,-0.003512,0.002443,-0.006872,31.03,66.4856194889313
92732,-8.445468,-3.585645,4.0008,-0.00336,0.002138,-0.00733,31.04,66.4404433953026
92742,-8.448458,-3.589832,3.994219,-0.004123,0.002443,-0.007636,31.04,66.4850095085667
92752,-8.462815,-3.595216,4.004987,-0.004429,0.002443,-0.007025,31.03,66.4635198622091
92762,-8.450253,-3.588037,3.999005,-0.003818,0.002749,-0.006109,31.03,66.4620688425633
92772,-8.448458,-3.592225,3.999005,-0.004123,0.002291,-0.007025,31.07,66.4620362054477
92782,-8.451449,-3.586841,3.996612,-0.004429,0.002443,-0.008247,31.07,66.4760700516727
92792,-8.443673,-3.57727,4.004987,-0.004734,0.002596,-0.007178,31,66.407202096338
92802,-8.452645,-3.595814,3.999005,-0.004429,0.00336,-0.00672,31,66.4740443333945
92812,-8.460423,-3.602993,4.004389,-0.004276,0.003818,-0.00733,31.05,66.4685744825814
92822,-8.456833,-3.598207,3.99063,-0.004734,0.003512,-0.006414,31.05,66.5288902955859
92832,-8.452048,-3.586841,4.00379,-0.00504,0.003665,-0.007941,31.07,66.4396825385297
92842,-8.462217,-3.582654,3.987041,-0.004734,0.00336,-0.00672,30.99,66.545167979349
92852,-8.449656,-3.605984,3.983452,-0.00504,0.003971,-0.007178,30.99,66.5584648820339
92862,-8.456833,-3.591627,4.001996,-0.00504,0.003665,-0.00733,31,66.4634236073536
92872,-8.453843,-3.595216,3.99721,-0.004429,0.003207,-0.007789,31,66.4854389385573
92882,-8.449656,-3.591627,3.991827,-0.00504,0.003818,-0.006109,31.04,66.501682741399
92892,-8.446664,-3.588636,3.999005,-0.004887,0.003971,-0.00733,31.04,66.4550536277373
92902,-8.456833,-3.58744,3.994219,-0.004429,0.004429,-0.006872,31.07,66.5004692459808
92912,-8.457432,-3.585046,3.993023,-0.004429,0.003818,-0.007178,31.07,66.5058693741186
92922,-8.456833,-3.588636,3.996014,-0.004429,0.003512,-0.007025,31.02,66.4921200384376
92932,-8.456235,-3.588636,3.994817,-0.004887,0.003207,-0.006109,31.02,66.4971424201086
92942,-8.442476,-3.592823,4.006183,-0.005651,0.002902,-0.00672,31.05,66.4123292979055
92952,-8.446067,-3.595216,4.001996,-0.005803,0.002596,-0.006567,31.05,66.4439948385132
92962,-8.460423,-3.591627,3.992425,-0.004581,0.002443,-0.006872,31.03,66.5211393373089
92972,-8.447861,-3.59402,3.995416,-0.004734,0.002596,-0.007025,31.03,66.4812155069611
92982,-8.454441,-3.598207,3.998407,-0.004887,0.002291,-0.00733,31.03,66.4830896362811
92992,-8.452645,-3.597609,3.998407,-0.005192,0.002443,-0.007025,31.03,66.4787842626741
93002,-8.455039,-3.580261,4.003192,-0.004887,0.002596,-0.008247,31.04,66.4432425372022
93012,-8.445468,-3.581457,3.999603,-0.003512,0.002902,-0.00733,31.05,66.4429817956219
93022,-8.452645,-3.582654,3.998407,-0.004123,0.002291,-0.007178,31.05,66.4654338023473
93032,-8.452048,-3.585046,3.999005,-0.003512,0.00336,-0.007483,31.03,66.463174500552
93042,-8.452645,-3.58744,3.994817,-0.004734,0.003207,-0.007636,31.03,66.4885356485994
93052,-8.458031,-3.594618,3.996612,-0.004581,0.002749,-0.007941,31.04,66.4968318518655
93062,-8.450851,-3.594618,3.99721,-0.003971,0.003054,-0.007789,31.04,66.4786205811702
93072,-8.447861,-3.588037,4.0008,-0.003818,0.003054,-0.00733,31.04,66.4476199955694
93082,-8.466404,-3.589234,3.993023,-0.004276,0.002749,-0.007789,31.04,66.5284137043746
93092,-8.448458,-3.592823,3.992425,-0.004429,0.002596,-0.007636,31.05,66.4970961270771
93102,-8.446664,-3.592823,3.998407,-0.003971,0.002902,-0.008399,31.05,66.4619355026318
93112,-8.450253,-3.584448,4.000201,-0.004276,0.002291,-0.008552,31.04,66.4525903593189
93122,-8.449057,-3.589832,3.999005,-0.004123,0.002291,-0.007941,31.04,66.4611569024558
93132,-8.452645,-3.582056,4.001398,-0.004734,0.002443,-0.008705,31.04,66.4492117172304
93142,-8.448458,-3.586841,3.996612,-0.004734,0.002291,-0.008247,31.04,66.4697805686611
93152,-8.455039,-3.59043,3.994817,-0.004734,0.002443,-0.008094,31.05,66.4962302558739
93162,-8.451449,-3.59402,3.996014,-0.00504,0.002749,-0.008399,31.05,66.4856160282644
93172,-8.454441,-3.583252,3.994817,-0.005345,0.001069,-0.009163,31.08,66.4885771948103
93182,-8.461619,-3.588037,3.996014,-0.005345,0.001374,-0.009316,31.08,66.5016338658339
93192,-8.452048,-3.588037,3.994817,-0.004734,0.001527,-0.00733,31.05,66.4878136945776
93202,-8.44128,-3.589234,3.993621,-0.005192,0.000611,-0.007941,31.03,66.4725203337969
93212,-8.450851,-3.591029,3.998407,-0.005651,0.000764,-0.00901,31.03,66.4691354349841
93222,-8.445468,-3.597609,3.984648,-0.005192,0.000458,-0.00901,31.04,66.535926533085
93232,-8.458628,-3.586243,3.996014,-0.00504,0.000305,-0.007789,31.04,66.4937579905125
93242,-8.446067,-3.585645,3.993023,-0.005498,0.000764,-0.008552,31.03,66.4825219806791
93252,-8.46102,-3.592225,3.994219,-0.005192,0.000305,-0.008094,31.03,66.5135163668324
93262,-8.453244,-3.591029,4.004389,-0.004734,0.000305,-0.008094,31.05,66.4428003118805
93272,-8.44128,-3.589832,4.001398,-0.004276,0.000764,-0.007941,31.05,66.4322317384209
93282,-8.44427,-3.58385,3.990032,-0.004734,0.001069,-0.007941,31.02,66.4928467731094
93292,-8.449057,-3.596412,4.002594,-0.004581,0.000764,-0.007789,31.02,66.4482189893194
93302,-8.450851,-3.589234,3.999005,-0.004429,0.001222,-0.007636,31.04,66.4643954808344
93312,-8.455039,-3.59043,3.999005,-0.00504,0.001527,-0.007789,31.04,66.4742662910621
93322,-8.451449,-3.591029,4.005585,-0.004887,0.001374,-0.007483,31.07,66.4327541360891
93332,-8.449057,-3.585645,4.00738,-0.004581,0.001527,-0.007483,31.07,66.4134919046381
93342,-8.452048,-3.582056,3.996612,-0.004887,0.002138,-0.008247,31.04,66.4730622923584
93352,-8.456235,-3.579663,3.985844,-0.004734,0.002138,-0.007178,31.04,66.5362470484186
93362,-8.453843,-3.597011,4.001996,-0.004276,0.00336,-0.007178,31.06,66.4619500325815
93372,-8.445468,-3.588037,3.99063,-0.004429,0.003971,-0.007025,31.05,66.495962834065
93382,-8.44427,-3.589832,3.996612,-0.005651,0.004276,-0.006261,31.05,66.4636437754623
93392,-8.450851,-3.596412,3.999603,-0.004734,0.004887,-0.00672,31.02,66.4676739610584
93402,-8.450851,-3.596412,3.996612,-0.004123,0.004887,-0.007483,31.02,66.4833605263161
93412,-8.444869,-3.592225,3.992425,-0.003818,0.005803,-0.00733,31.07,66.4890213557852
93422,-8.447262,-3.596412,3.99721,-0.004734,0.005803,-0.007636,31.07,66.4726834659754
93432,-8.453843,-3.592225,3.995416,-0.00504,0.006414,-0.007178,31.02,66.4921780345126
93442,-8.441879,-3.6006,3.996014,-0.004429,0.006872,-0.007483,31.02,66.4713963791523
93452,-8.455039,-3.592823,4.006183,-0.003971,0.007941,-0.006872,31.05,66.4387765496725
93462,-8.449656,-3.58744,3.999005,-0.005345,0.006567,-0.006414,31.05,66.4602799087367
93472,-8.445468,-3.589234,3.994817,-0.004887,0.007025,-0.00733,31.03,66.4750506049966
93482,-8.444869,-3.594618,3.994219,-0.004734,0.007178,-0.007178,31.03,66.4817443317589
93492,-8.442476,-3.588037,3.996014,-0.004887,0.00672,-0.007636,31,66.4614021775851
93502,-8.457432,-3.585046,4.007978,-0.004734,0.006872,-0.006567,31,66.4274608968668
93512,-8.457432,-3.58744,3.991228,-0.004581,0.007025,-0.006567,31.02,66.5174171892215
93522,-8.462217,-3.584448,3.996612,-0.004429,0.006261,-0.00672,31.02,66.4965610597738
93532,-8.447861,-3.58385,3.993023,-0.004429,0.004887,-0.006414,31.03,66.4846927290849
93542,-8.454441,-3.580859,3.990032,-0.004734,0.004581,-0.007178,31.02,66.511558010455
93552,-8.452048,-3.589234,3.993621,-0.003818,0.003818,-0.005956,31.02,66.4951567892988
93562,-8.444869,-3.593421,3.992425,-0.00504,0.002749,-0.007178,31.02,66.4900906515579
93572,-8.452645,-3.585645,3.993023,-0.004429,0.001833,-0.007636,31.02,66.4963488819075
93582,-8.448458,-3.582654,3.997808,-0.004429,0.001833,-0.007178,31.04,66.4597665361571
93592,-8.456235,-3.586243,3.981059,-0.004734,0.000764,-0.007636,31.04,66.5672187219901
93602,-8.455039,-3.591627,3.992425,-0.004734,0.001374,-0.007178,31.03,66.509845340078
93612,-8.455637,-3.585046,3.998407,-0.00504,0,-0.007025,31.03,66.4738577879001
93622,-8.465208,-3.58744,3.992425,-0.004887,-0.001222,-0.007636,31.01,66.5274481276738
93632,-8.446664,-3.597609,3.993621,-0.004429,-0.000611,-0.007025,31.01,66.4913295489339
93642,-8.454441,-3.586841,3.999603,-0.004276,-0.001069,-0.007178,31.05,66.4666717291102
93652,-8.44427,-3.585645,3.995416,-0.004581,-0.001374,-0.007178,31.05,66.4661785534564
93662,-8.452645,-3.586243,3.998407,-0.004887,-0.002291,-0.007483,31.07,66.4686347391403
93672,-8.453843,-3.591029,4.000201,-0.004429,-0.001527,-0.00733,31.07,66.466016229241
93682,-8.447262,-3.585046,3.996612,-0.004887,-0.001833,-0.007636,31.03,66.465661685901
93692,-8.46102,-3.58744,3.988237,-0.004887,-0.001527,-0.007941,31.03,66.5406342909063
93702,-8.446067,-3.588037,3.993023,-0.004581,-0.000305,-0.007789,31.03,66.4846580017867
93712,-8.440681,-3.591627,3.996014,-0.004429,0.000153,-0.007789,31.09,66.4608374695253
93722,-8.449057,-3.593421,3.989433,-0.004887,0.000611,-0.007636,31.09,66.5145923213126
93732,-8.452645,-3.596412,3.994817,-0.004581,0.00168,-0.006414,31.06,66.4965424940698
93742,-8.44427,-3.597609,4.001398,-0.003665,0.002749,-0.007636,31.06,66.4454947823927
93752,-8.440084,-3.586243,3.994817,-0.004581,0.002749,-0.007789,31.03,66.4610470061355
93762,-8.445468,-3.586841,4.001398,-0.003818,0.00336,-0.007636,31.03,66.4383753496068
93772,-8.450253,-3.588636,3.999005,-0.004429,0.003665,-0.007789,31.07,66.4626038159465
93782,-8.457432,-3.59043,4.006183,-0.004581,0.004581,-0.00733,31.07,66.4416717053928
93792,-8.450851,-3.58744,3.990032,-0.004429,0.004734,-0.008094,31.04,66.5098789174324
93802,-8.455637,-3.59402,4.001996,-0.004734,0.005498,-0.007483,31.04,66.463046885508
93812,-8.446664,-3.592225,4.0008,-0.003818,0.006414,-0.006872,31.03,66.4488466759541
93822,-8.449057,-3.595216,3.996014,-0.004429,0.005651,-0.00733,31.03,66.4816600469632
93832,-8.452645,-3.586243,3.997808,-0.004581,0.005345,-0.00733,31.05,66.4717767899879
93842,-8.440681,-3.592823,3.999603,-0.004276,0.006261,-0.007483,31.05,66.4430702035175
93852,-8.455039,-3.595814,3.997808,-0.004123,0.006261,-0.007636,31.04,66.48534833552
93862,-8.449057,-3.586841,3.993023,-0.004581,0.005651,-0.008399,31.04,66.4898756808291
93872,-8.443074,-3.588037,3.994817,-0.005192,0.005956,-0.007941,31.07,66.4689446981853
93882,-8.461619,-3.589234,3.989433,-0.00504,0.005498,-0.007636,31.03,66.5372104024583
93892,-8.452048,-3.586243,3.991228,-0.004581,0.004581,-0.007789,31.03,66.5050481617719
93902,-8.452645,-3.583252,3.994817,-0.00504,0.004887,-0.007941,31.06,66.4848022121339
93912,-8.457432,-3.592225,3.991827,-0.005498,0.003971,-0.007636,31.06,66.5185357534107
93922,-8.450851,-3.594618,3.999603,-0.005345,0.003665,-0.00733,31.03,66.46606992517
93932,-8.46102,-3.591029,3.99721,-0.005345,0.003054,-0.00733,31.03,66.4967704726121
93942,-8.453843,-3.591627,3.98405,-0.005345,0.001985,-0.007636,31.03,66.5512903391253
93952,-8.454441,-3.594618,4.003192,-0.005498,0.001222,-0.008094,31.03,66.4547988112059
93962,-8.455039,-3.593421,3.999603,-0.004734,0.000611,-0.007941,31.04,66.4738003857025
93972,-8.449057,-3.585046,3.992425,-0.005192,0.000305,-0.007483,31.04,66.4914133275868
93982,-8.458031,-3.576672,3.992425,-0.004887,0,-0.007483,31,66.5028183486997
93992,-8.447262,-3.592225,3.982853,-0.004734,-0.000153,-0.007636,31,66.5443111461328
94002,-8.457432,-3.588636,3.99721,-0.005498,-0.001374,-0.007941,31.04,66.4871059990882
94012,-8.452048,-3.59402,4.005585,-0.005498,-0.00168,-0.008247,31.04,66.4366895328095
94022,-8.444869,-3.586841,3.996612,-0.00504,-0.001374,-0.008247,31.03,66.4622298710482
94032,-8.455039,-3.591029,3.99721,-0.004429,-0.001222,-0.00733,31.03,66.4842136033875
94042,-8.442476,-3.593421,3.994817,-0.004734,-0.000916,-0.008247,31.05,66.4725034486791
94052,-8.443673,-3.586243,3.99063,-0.004581,-0.000458,-0.007941,31.04,66.490587141122
94062,-8.446067,-3.592225,4.002594,-0.004429,0.000153,-0.007178,31.04,66.438180186897
94072,-8.447861,-3.589832,4.002594,-0.004429,0.000305,-0.00733,31.05,66.4398149928291
94082,-8.453843,-3.592225,3.995416,-0.004429,0.000764,-0.00901,31.05,66.4921780345126
94092,-8.444869,-3.589832,4.004389,-0.003971,0.001222,-0.009163,31.06,66.4241001135239
94102,-8.451449,-3.59043,3.997808,-0.005192,0.002138,-0.00901,31.06,66.4729994367984
94112,-8.446664,-3.596412,3.998407,-0.004734,0.002443,-0.007789,31.03,66.4651469539609
94122,-8.445468,-3.596412,4.001398,-0.004123,0.002902,-0.007025,31.03,66.4469424289745
94132,-8.44128,-3.597011,4.001996,-0.004276,0.002596,-0.007941,31.04,66.435529492003
94142,-8.449656,-3.592823,4.001996,-0.004581,0.00336,-0.007941,31.04,66.4494032284064
94152,-8.461619,-3.589832,4.006782,-0.004276,0.003512,-0.00733,31.04,66.4468032359164
94162,-8.452645,-3.594618,3.999603,-0.004276,0.003971,-0.007941,31.04,66.4698399081298
94172,-8.444869,-3.589234,3.994817,-0.004429,0.004429,-0.007941,31.04,66.4737908487315
94182,-8.444869,-3.593421,3.999603,-0.004429,0.00504,-0.008399,31.04,66.4524200521827
94192,-8.462815,-3.599404,4.004987,-0.004734,0.004887,-0.007789,31.03,66.4672569128127
94202,-8.458031,-3.591029,3.994817,-0.004581,0.005345,-0.00733,31.03,66.5030448012433
94212,-8.436494,-3.596412,3.995416,-0.004734,0.005956,-0.00733,31.04,66.4594548117811
94222,-8.452048,-3.593421,3.997808,-0.004581,0.006261,-0.006872,31.03,66.4769294531207
94232,-8.445468,-3.592225,3.994219,-0.004887,0.006109,-0.006567,31.03,66.4808631780647
94242,-8.449057,-3.591029,4.002594,-0.004429,0.006109,-0.00672,31,66.4434026329996
94252,-8.459227,-3.589832,3.988835,-0.004734,0.006414,-0.006567,31,66.5358652801093
94262,-8.446067,-3.589234,3.997808,-0.005651,0.006872,-0.007025,31.05,66.4606130389446
94272,-8.451449,-3.581457,3.998407,-0.00504,0.006109,-0.005956,31.05,66.4618501772719
94282,-8.462217,-3.578466,3.988237,-0.00504,0.005803,-0.005803,31.02,66.5351758800116
94292,-8.452048,-3.58744,3.999603,-0.005803,0.005345,-0.007178,31.02,66.4621743146878
94302,-8.446067,-3.591029,3.995416,-0.005345,0.005651,-0.006414,31.05,66.4747707386097
94312,-8.455039,-3.595814,3.993023,-0.005498,0.005498,-0.005651,31.05,66.5104423334181
94322,-8.448458,-3.594618,3.994817,-0.004887,0.004734,-0.006414,31.02,66.4861474049713
94332,-8.438888,-3.586243,3.998407,-0.005192,0.004581,-0.006567,31.02,66.439677407846
94342,-8.457432,-3.589832,4.004987,-0.00504,0.004734,-0.007025,31.05,66.4474050174628
94352,-8.450253,-3.600002,4.006183,-0.004429,0.004581,-0.005803,31.05,66.4351350811353
94362,-8.450253,-3.591029,3.994817,-0.004887,0.004429,-0.00672,31.04,66.4867123198282
94372,-8.466404,-3.589832,4.002594,-0.00504,0.004581,-0.006414,31.04,66.4787915863724
94382,-8.453843,-3.589832,3.987041,-0.004123,0.004734,-0.006567,31.02,66.5339901602581
94392,-8.453843,-3.584448,4.0008,-0.004887,0.004276,-0.006567,31.02,66.4570023606024
94402,-8.455637,-3.578466,3.993621,-0.004887,0.00336,-0.005651,31.05,66.4931062254116
94412,-8.443673,-3.591627,3.999005,-0.00504,0.002749,-0.006872,31.04,66.4514351517318
94422,-8.454441,-3.580859,3.996014,-0.004429,0.002291,-0.007941,31.04,66.4801657050814
94432,-8.456833,-3.589832,3.999005,-0.003818,0.002596,-0.008094,31,66.4775020244518
94442,-8.451449,-3.580859,3.994219,-0.004429,0.002138,-0.007025,31,66.4832934493488
94452,-8.44128,-3.589234,3.998407,-0.004123,0.002138,-0.00733,31.01,66.4473938863771
94462,-8.459227,-3.588636,3.988835,-0.004123,0.002443,-0.007483,31.01,66.5348013846838
94472,-8.456235,-3.591029,3.994817,-0.004734,0.002443,-0.007483,31,66.4992752026144
94482,-8.453843,-3.598207,3.988835,-0.004581,0.001833,-0.00733,31,66.532040462167
94492,-8.465807,-3.584448,3.984648,-0.004581,0.001833,-0.00733,31.04,66.5668374609872
94502,-8.44427,-3.597011,4.000201,-0.004276,0.00168,-0.007178,31.04,66.4512379719109
94512,-8.457432,-3.588037,3.993621,-0.003818,0.001374,-0.007483,31.03,66.5053952004001
94522,-8.446067,-3.600002,3.994817,-0.004734,0.001374,-0.00733,31.03,66.4859411446794
94532,-8.447262,-3.589234,4.000201,-0.004734,0.000916,-0.007789,31.06,66.4505718629789
94542,-8.453244,-3.594618,4.00379,-0.003818,0.000916,-0.008247,31.06,66.4491480732435
94552,-8.461619,-3.588636,3.992425,-0.004276,0.001222,-0.007789,31,66.5209859955089
94562,-8.449057,-3.591029,4.005585,-0.004429,0.001527,-0.007178,31,66.4277191814509
94572,-8.458031,-3.588636,3.985246,-0.004123,0.001069,-0.007789,31.02,66.5511279902188
94582,-8.451449,-3.58744,3.999603,-0.004581,0.001069,-0.007789,31.06,66.4609145203419
94592,-8.440681,-3.597011,3.996612,-0.004276,0.000764,-0.007636,31.06,66.4625218080589
94602,-8.443673,-3.585046,3.982255,-0.005192,0.000916,-0.007178,31.04,66.533518589602
94612,-8.456833,-3.591627,4.000201,-0.004581,0.001222,-0.008247,31.04,66.4728328652303
94622,-8.452048,-3.589234,3.995416,-0.004734,0.000458,-0.008858,31.04,66.48573886686
94632,-8.467602,-3.592823,3.988835,-0.005192,0.001069,-0.008247,31.04,66.5560668428335
94642,-8.462217,-3.591627,3.999603,-0.004734,0.00168,-0.007789,31.06,66.4872726260331
94652,-8.453843,-3.589832,3.991228,-0.00504,0.001222,-0.007941,31.06,66.5120156631017
94662,-8.446067,-3.591029,3.996612,-0.004581,0.001222,-0.008705,31.04,66.4684941320629
94672,-8.44128,-3.585645,3.996014,-0.00504,0.000916,-0.007636,31.04,66.4567449023297
94682,-8.447262,-3.591627,3.988835,-0.006109,0.000916,-0.008858,31.01,66.5123619296886
94692,-8.453843,-3.598207,4.00379,-0.005803,0.000611,-0.00901,31.01,66.453616538322
94702,-8.452645,-3.588636,4.0008,-0.004276,0.001069,-0.008399,31.05,66.4582199474353
94712,-8.450851,-3.58744,3.99063,-0.004887,0.002138,-0.007636,31.05,66.506739891807
94722,-8.456833,-3.596412,4.005585,-0.004429,0.002596,-0.00672,31.04,66.4488891251919
94732,-8.458031,-3.588636,4.001398,-0.004276,0.001833,-0.00733,31.04,66.4664075412063
94742,-8.448458,-3.582654,3.999603,-0.004581,0.002596,-0.008094,31.01,66.4503476514503
94752,-8.454441,-3.586841,4.006782,-0.004429,0.002443,-0.008094,31.03,66.4290348634731
94762,-8.46102,-3.585645,3.999005,-0.004734,0.002443,-0.008094,31.03,66.482566883052
94772,-8.456833,-3.585645,4.001996,-0.00504,0.001833,-0.007789,31.03,66.4580874782308
94782,-8.450253,-3.585046,3.988835,-0.004887,0.001527,-0.007483,31.03,66.5127733952779
94792,-8.460423,-3.596412,3.998407,-0.005192,0.002291,-0.008399,31.04,66.4940410544445
94802,-8.456235,-3.597011,4.003192,-0.004581,0.002291,-0.007789,31.04,66.4607069905055
94812,-8.449057,-3.604787,3.996014,-0.004276,0.002291,-0.007941,31.03,66.4902227561104
94822,-8.450851,-3.579663,3.996014,-0.004123,0.002291,-0.007941,31.03,66.4715493001742
94832,-8.445468,-3.585645,3.993023,-0.004429,0.002443,-0.00733,31.02,66.481262207065
94842,-8.452645,-3.586243,3.999603,-0.004429,0.002596,-0.00672,31.02,66.4623615773692
94852,-8.448458,-3.593421,4.003192,-0.004734,0.002291,-0.007941,31.03,66.4411463196808
94862,-8.447262,-3.588037,3.99721,-0.004887,0.002291,-0.007636,31.03,66.4651951550943
94872,-8.452048,-3.586243,3.994817,-0.004887,0.002443,-0.007636,31.05,66.4862136848128
94882,-8.44128,-3.593421,3.999603,-0.005192,0.003054,-0.00733,31.05,66.4448671097685
94892,-8.458628,-3.582056,4.002594,-0.00504,0.00336,-0.007789,31.05,66.4555292788462
94902,-8.443074,-3.583252,4.004389,-0.005345,0.004276,-0.007483,31.05,66.4144267992728
94912,-8.454441,-3.59043,4.001398,-0.005192,0.003818,-0.007178,31.07,66.4604624125075
94922,-8.449057,-3.58385,4.000201,-0.004429,0.005498,-0.006261,31.05,66.4495390768035
94932,-8.436494,-3.591627,4.0008,-0.004734,0.005651,-0.006872,31.05,66.4268955720879
94942,-8.446664,-3.588037,3.996612,-0.004429,0.005956,-0.007636,31.05,66.4670753798238
94952,-8.456833,-3.59402,4.0008,-0.005192,0.005956,-0.007636,31.05,66.471828467557
94962,-8.46102,-3.602993,3.996612,-0.00504,0.006109,-0.007178,31.07,66.5105704944116
94972,-8.437692,-3.585046,3.997808,-0.004887,0.007025,-0.007025,31.07,66.4392303774633
94982,-8.445468,-3.579065,3.993621,-0.004734,0.006261,-0.006261,31.05,66.4722495637216
94992,-8.452645,-3.585645,4.0008,-0.004887,0.005192,-0.007483,31.05,66.4555500797345
95002,-8.458628,-3.582654,3.996612,-0.004123,0.006109,-0.007178,31.07,66.487427203451
95012,-8.453843,-3.592823,3.990032,-0.004734,0.006109,-0.00672,31.07,66.5209577888555
95022,-8.46461,-3.591029,4.005585,-0.004123,0.005651,-0.006261,31.03,66.4604245539778
95032,-8.457432,-3.582654,3.991827,-0.004887,0.005498,-0.007178,31.03,66.5100159718183
95042,-8.450851,-3.57727,3.994219,-0.005498,0.005192,-0.00733,31.05,66.4788385047224
95052,-8.450851,-3.579065,3.994219,-0.004887,0.004734,-0.007025,31.05,66.4804373880515
95062,-8.450851,-3.589234,3.99063,-0.004887,0.003512,-0.008094,31.06,66.5083395875945
95072,-8.450851,-3.591029,3.985844,-0.005345,0.00336,-0.006872,31.06,66.5350649192949
95082,-8.454441,-3.583252,3.995416,-0.005192,0.002138,-0.007636,31.05,66.4854345081237
95092,-8.455637,-3.59402,3.992425,-0.004581,0.002291,-0.007941,31.05,66.5132335163624
95102,-8.447262,-3.58385,3.989433,-0.004734,0.001527,-0.008552,31.05,66.5022829337196
95112,-8.458031,-3.586243,4.001996,-0.004276,0.001374,-0.007941,31,66.4611394805954
95122,-8.447262,-3.585046,3.994817,-0.004887,0.000764,-0.007178,31,66.4750829354857
95132,-8.458628,-3.601796,3.999603,-0.004429,0.000916,-0.007483,31.07,66.4888128414487
95142,-8.450851,-3.592225,4.0008,-0.004276,0,-0.007025,31.07,66.4576535627504
95152,-8.448458,-3.583252,3.999005,-0.004429,0.000611,-0.006261,31.07,66.4540192449703
95162,-8.447262,-3.592225,4.003192,-0.003971,0.000458,-0.007483,31.07,66.4375590779651
95172,-8.452048,-3.586841,3.993621,-0.004429,-0.000305,-0.008247,31.05,66.4930226714481
95182,-8.447262,-3.589832,3.993621,-0.004123,0.000305,-0.007789,31.05,66.4856343294306
95192,-8.444869,-3.59043,3.989433,-0.004734,0.000153,-0.008399,31.07,66.5031268515177
95202,-8.44427,-3.591029,3.996014,-0.004734,0,-0.007941,31.07,66.4678530957697
95212,-8.453843,-3.586841,3.999603,-0.004887,0.000916,-0.007941,31.05,66.4654144049094
95222,-8.446067,-3.59043,4.000201,-0.004429,0.000916,-0.007941,31.05,66.4491267636512
95232,-8.449057,-3.580859,3.996014,-0.005192,0.001527,-0.007636,31.06,66.4688407060419
95242,-8.453843,-3.582654,4.001996,-0.005192,0.00168,-0.006872,31.06,66.4491303351972
95252,-8.446664,-3.588636,3.99721,-0.004887,0.002749,-0.007178,31.05,66.4644724826067
95262,-8.449057,-3.586243,3.989433,-0.004734,0.003207,-0.007789,31.05,66.508188403891
95272,-8.448458,-3.59043,3.993023,-0.004581,0.00336,-0.007636,31.05,66.4918204562297
95282,-8.452048,-3.598207,3.989433,-0.005192,0.003818,-0.008094,31.02,66.5251394432668
95292,-8.461619,-3.588037,3.986442,-0.005345,0.00336,-0.009163,31.02,66.551837828553
95302,-8.451449,-3.586841,4.006782,-0.004734,0.003207,-0.008399,31.08,66.4227352200382
95312,-8.451449,-3.591627,3.991228,-0.004887,0.003818,-0.008094,31.08,66.5085910554793
95322,-8.444869,-3.59043,3.997808,-0.005498,0.004123,-0.008552,31.04,66.4591621079244
95332,-8.456833,-3.595216,3.991228,-0.005498,0.004123,-0.008094,31.04,66.5230869822769
95342,-8.450851,-3.58385,3.995416,-0.005192,0.003971,-0.008247,31.04,66.478420202935
95352,-8.449057,-3.59402,3.999005,-0.004123,0.003665,-0.007941,31.04,66.4649006607584
95362,-8.455039,-3.589234,3.995416,-0.004734,0.003665,-0.007483,31.03,66.4920219542908
95372,-8.446067,-3.585645,4.0008,-0.00504,0.003512,-0.008705,31.03,66.4417048393316
95382,-8.449656,-3.588636,3.994219,-0.005192,0.003207,-0.008399,31.03,66.4864594998396
95392,-8.451449,-3.59043,3.99721,-0.005192,0.003512,-0.008094,31.03,66.476136267219
95402,-8.447861,-3.582654,3.996014,-0.004581,0.003207,-0.007483,31.05,66.4679253373506
95412,-8.462815,-3.592225,4.001398,-0.004581,0.003207,-0.007636,31.05,66.4796546295953
95422,-8.449057,-3.580859,3.993621,-0.004734,0.002596,-0.008247,31.05,66.4814015048105
95432,-8.460423,-3.591627,4.004987,-0.004429,0.002291,-0.00733,31.02,66.4552938493325
95442,-8.447262,-3.582056,3.998407,-0.004887,0.002749,-0.00672,31.02,66.4535716138591
95452,-8.452048,-3.591627,3.999005,-0.004887,0.002902,-0.007025,31.03,66.4690492270255
95462,-8.452048,-3.594618,4.004389,-0.004581,0.002138,-0.007941,31.03,66.4434933816379
95472,-8.448458,-3.600002,3.997808,-0.004734,0.002138,-0.007941,31.04,66.4752721474617
95482,-8.449057,-3.589234,3.997808,-0.004581,0.002443,-0.007789,31.04,66.4669022459074
95492,-8.449057,-3.592225,3.998407,-0.004429,0.00168,-0.006567,31.11,66.466432630065
95502,-8.448458,-3.581457,3.994219,-0.004887,0.001527,-0.007636,31.11,66.4775355122025
95512,-8.452048,-3.585046,3.991827,-0.004581,0.002138,-0.008399,31.04,66.500837577387
95522,-8.437692,-3.597011,4.003192,-0.004887,0.002291,-0.007025,31.04,66.4216988038137
95532,-8.437093,-3.589234,3.992425,-0.004581,0.002596,-0.007178,31.04,66.4699908072281
95542,-8.456833,-3.581457,3.999005,-0.00504,0.001833,-0.007178,31.04,66.4700387500685
95552,-8.456833,-3.589234,4.0008,-0.004581,0.002443,-0.006872,31.01,66.4675579756258
95562,-8.436494,-3.575475,3.982255,-0.00504,0.002443,-0.007941,31.01,66.5098902894344
95572,-8.455637,-3.583252,3.99721,-0.00504,0.002902,-0.008247,31.06,66.4785373974265
95582,-8.456235,-3.596412,3.998407,-0.005192,0.002902,-0.008399,31.06,66.4852525180674
95592,-8.446067,-3.592225,4.000201,-0.00504,0.003665,-0.007178,31.04,66.4507328184871
95602,-8.442476,-3.588037,3.985844,-0.005345,0.003665,-0.007025,31.04,66.5148137248359
95612,-8.448458,-3.593421,3.991827,-0.004734,0.004123,-0.00733,31.05,66.5007688305077
95622,-8.443673,-3.591627,3.99721,-0.005192,0.004276,-0.007636,31.07,66.4608551126342
95632,-8.447861,-3.592823,3.995416,-0.005345,0.003512,-0.008094,31.07,66.4801455266322
95642,-8.454441,-3.589234,3.996612,-0.005345,0.003665,-0.00672,31,66.4844926393683
95652,-8.456235,-3.600002,4.002594,-0.005192,0.004581,-0.00672,31,66.4665139454789
95662,-8.446664,-3.602395,4.0008,-0.005345,0.004429,-0.007789,31.04,66.4579545512106
95672,-8.439486,-3.592225,3.996014,-0.005345,0.004123,-0.007636,31.04,66.4588581889812
95682,-8.457432,-3.582056,4.001398,-0.005345,0.004734,-0.007941,31.01,66.4592838268132
95692,-8.456235,-3.596412,3.998407,-0.00504,0.004581,-0.007789,31.01,66.4852525180674
95702,-8.455039,-3.596412,3.99721,-0.004276,0.004887,-0.007941,31.01,66.4890178190784
95712,-8.452048,-3.586841,3.996612,-0.004123,0.004276,-0.00733,31.01,66.4773292902257
95722,-8.453843,-3.588037,3.997808,-0.003818,0.003971,-0.00733,31.05,66.4758954392574
95732,-8.452645,-3.595814,3.995416,-0.004276,0.004276,-0.007941,31.05,66.4928665296386
95742,-8.449057,-3.595216,3.987639,-0.004581,0.003971,-0.00733,31.1,66.525612375811
95752,-8.452645,-3.592225,3.997808,-0.004276,0.003818,-0.007483,31.1,66.477115644108
95762,-8.448458,-3.580261,3.985246,-0.004276,0.003512,-0.007636,31.03,66.5235899279548
95772,-8.446664,-3.588636,3.988237,-0.004581,0.002443,-0.008247,31.03,66.5115764843619
95782,-8.451449,-3.58744,4.000201,-0.004123,0.002443,-0.007789,30.99,66.457778016485
95792,-8.452048,-3.594618,3.99721,-0.004123,0.001374,-0.00733,31.04,66.4811350919127
95802,-8.459227,-3.592823,3.985844,-0.004123,0.001222,-0.007483,31.04,66.5542194884171
95812,-8.458628,-3.596412,3.98405,-0.004276,0.001069,-0.00733,31.05,66.5655727008492
95822,-8.443673,-3.594618,3.988835,-0.004123,0.001222,-0.007636,31.05,66.5074975016955
95832,-8.443074,-3.583252,3.988835,-0.005192,0.000916,-0.007483,31.02,66.4960853927625
95842,-8.450851,-3.586243,3.996014,-0.004734,-0.000153,-0.00733,31.02,66.4774168217091
95852,-8.447262,-3.588636,3.993023,-0.004887,-0.000305,-0.006872,31.03,66.487705071617
95862,-8.448458,-3.59043,4.002594,-0.004887,0,-0.007025,31.03,66.4416063774523
95872,-8.451449,-3.588636,3.991827,-0.005345,-0.000764,-0.00733,31.04,66.5027796359385
95882,-8.443673,-3.582654,3.991228,-0.004734,-0.001069,-0.007178,31.04,66.4842418703999
95892,-8.446067,-3.591627,3.996612,-0.004123,-0.000611,-0.007025,31.05,66.4690288585341
95902,-8.451449,-3.58744,3.997808,-0.004276,-0.001527,-0.007941,31.05,66.4703301753451
95912,-8.453244,-3.593421,4.001398,-0.004581,-0.000916,-0.007636,31.07,66.4606176211278
95922,-8.452645,-3.591029,3.993621,-0.004887,-0.000458,-0.006872,31.07,66.4980118334769
95932,-8.452048,-3.592225,3.994219,-0.00504,-0.000153,-0.00733,31.05,66.4946879589604
95942,-8.447861,-3.581457,3.996612,-0.00504,0.000153,-0.007789,31.05,66.4637185319612
95952,-8.443074,-3.589832,3.999603,-0.004429,0.000458,-0.007789,31.04,66.4454294080531
95962,-8.444869,-3.585645,3.997808,-0.004123,0.00168,-0.008094,31.02,66.4548834651911
95972,-8.441879,-3.591029,3.997808,-0.004581,0.00168,-0.007178,31.02,66.453406077552
95982,-8.44427,-3.591627,3.991827,-0.004581,0.002596,-0.007025,31.01,66.4903673828067
95992,-8.443074,-3.586841,3.999603,-0.004887,0.003054,-0.006567,31.01,66.4427526802495
96002,-8.445468,-3.591029,3.994219,-0.004429,0.003512,-0.00733,31.06,66.4797939368232
96012,-8.447861,-3.588636,3.994817,-0.004734,0.004276,-0.00733,31.06,66.4795480926644
96022,-8.446664,-3.592225,4.001996,-0.004123,0.005192,-0.006261,31.03,66.4425732387483
96032,-8.447861,-3.586841,4.004987,-0.005498,0.005345,-0.006872,31.03,66.4245896912181
96042,-8.437692,-3.592823,3.996612,-0.005345,0.005651,-0.007178,31.04,66.4524781355397
96052,-8.439486,-3.585645,4.000201,-0.005345,0.005956,-0.006567,31.04,66.4309838905791
96062,-8.44427,-3.589832,3.994817,-0.004581,0.00672,-0.006414,31.04,66.4730656424805
96072,-8.449656,-3.583252,3.996612,-0.004734,0.007483,-0.006872,31.04,66.4690972198422
96082,-8.448458,-3.586841,3.993023,-0.005498,0.007789,-0.007025,31,66.488616646297
96092,-8.447861,-3.59043,3.99721,-0.004887,0.007636,-0.006872,31,66.4685933943216
96102,-8.455637,-3.591627,3.994219,-0.004734,0.007789,-0.007025,31.03,66.5016896039635
96112,-8.460423,-3.586243,3.993023,-0.004887,0.007483,-0.007941,31.03,66.5132123797741
96122,-8.443673,-3.584448,3.995416,-0.004429,0.007483,-0.006261,31.04,66.4638524209419
96132,-8.456235,-3.585645,3.991228,-0.004734,0.007178,-0.00672,31.06,66.5133072585931
96142,-8.456235,-3.596412,4.001398,-0.004887,0.006567,-0.007789,31.06,66.4695739583886
96152,-8.465807,-3.592823,3.997808,-0.004734,0.006261,-0.008247,31.03,66.505274926501
96162,-8.451449,-3.583252,3.988835,-0.004734,0.005498,-0.007636,31.03,66.5136873395387
96172,-8.452645,-3.598207,3.999603,-0.004429,0.00504,-0.007789,31.06,66.4730477994955
96182,-8.453244,-3.59043,3.990032,-0.004734,0.004429,-0.007789,31.06,66.5175677806723
96192,-8.455039,-3.578466,3.985246,-0.004734,0.003207,-0.008094,31.04,66.5358133021565
96202,-8.452048,-3.595814,3.997808,-0.004887,0.002902,-0.008094,31.04,66.4790674052801
96212,-8.460423,-3.576073,3.995416,-0.004734,0.001985,-0.008247,31.03,66.4916208156755
96222,-8.447262,-3.586243,3.989433,-0.004429,0.001374,-0.007025,31.03,66.5044172205053
96232,-8.459825,-3.602395,3.997808,-0.004429,0.001374,-0.008552,31.04,66.5012644295452
96242,-8.449057,-3.592823,3.999603,-0.005345,0.000305,-0.008858,31.04,66.4606936938332
96252,-8.443673,-3.584448,3.986442,-0.005192,0.000153,-0.008399,31.05,66.5109837841368
96262,-8.449656,-3.588037,4.001996,-0.004887,0.000153,-0.008705,31.05,66.4451244649872
96272,-8.451449,-3.579663,3.993621,-0.004887,-0.000611,-0.00901,31.02,66.4853666308448
96282,-8.443673,-3.58385,3.998407,-0.004734,-0.000305,-0.007941,31.02,66.4476166118396
96292,-8.449656,-3.584448,3.991228,-0.004581,-0.001833,-0.007636,31.05,66.498422737416
96302,-8.441879,-3.597609,3.998407,-0.004429,-0.001069,-0.007941,31.07,66.4561572507543
96312,-8.459227,-3.592225,4.003192,-0.004123,-0.000458,-0.007789,31.07,66.4627193863837
96322,-8.450851,-3.591627,3.986442,-0.004429,-0.000611,-0.007789,31.04,66.532458286439
96332,-8.446067,-3.592823,3.996612,-0.004887,-0.000305,-0.007941,31.04,66.4700984688958
96342,-8.444869,-3.578466,4.00379,-0.004429,-0.000305,-0.008399,31.03,66.4170749452143
96352,-8.447262,-3.593421,3.996014,-0.004734,-0.000611,-0.008552,31.03,66.4762833109896
96362,-8.455039,-3.595814,4.000201,-0.00504,-0.000305,-0.008247,31.02,66.472802300399
96372,-8.443673,-3.58744,3.995416,-0.005192,0.000153,-0.008399,31.02,66.4665266511294
96382,-8.449057,-3.585645,3.987639,-0.004581,0.000458,-0.007789,31.02,66.5170753041645
96392,-8.454441,-3.585645,3.99721,-0.003665,0.001069,-0.007483,31.02,66.4781558749735
96402,-8.449656,-3.591627,3.996014,-0.00336,0.000611,-0.006567,31.07,66.4797114731988
96412,-8.446664,-3.586243,3.995416,-0.004429,0.001374,-0.00672,31.07,66.4717497840763
96422,-8.455039,-3.586841,4.00738,-0.003971,0.001985,-0.007483,31.04,66.4271596156758
96432,-8.454441,-3.580261,3.991228,-0.004276,0.002138,-0.008247,31.04,66.5047483631849
96442,-8.446067,-3.595216,4.009174,-0.003818,0.002749,-0.007483,31.04,66.4063580441846
96452,-8.447861,-3.595814,3.997808,-0.004581,0.002291,-0.007483,31.04,66.4702701980269
96462,-8.445468,-3.586841,4.001996,-0.004123,0.002749,-0.007941,31.04,66.4352379599914
96472,-8.445468,-3.583252,4.004389,-0.004734,0.00336,-0.007636,31.04,66.4194739541373
96482,-8.445468,-3.592225,3.999603,-0.004276,0.00336,-0.007483,31.04,66.452609800036
96492,-8.442476,-3.576073,4.002594,-0.004581,0.002902,-0.00733,31.04,66.4161649484484
96502,-8.452645,-3.591627,4.002594,-0.004429,0.004276,-0.00733,31.04,66.4514848746252
96512,-8.455637,-3.596412,4.000201,-0.004581,0.004123,-0.007178,31.04,66.47459233832
96522,-8.44427,-3.602395,4.000201,-0.00504,0.004123,-0.007941,31.04,66.4560641812814
96532,-8.453843,-3.597011,3.999603,-0.004734,0.003818,-0.007636,31.03,66.4744948615719
96542,-8.435897,-3.589832,3.987041,-0.004734,0.004123,-0.007636,31.03,66.4962989262588
96552,-8.449656,-3.6006,4.004987,-0.004581,0.004276,-0.007636,31.11,66.4406839576743
96562,-8.460423,-3.591029,3.990032,-0.004276,0.004276,-0.00672,31.11,66.5331579780803
96572,-8.447861,-3.589832,3.996612,-0.004581,0.005192,-0.006872,31.05,66.4711967795418
96582,-8.443074,-3.594618,4.002594,-0.004581,0.005192,-0.006567,31.05,66.4340232990101
96592,-8.455039,-3.595216,4.001398,-0.00504,0.005498,-0.007483,31.04,66.465993317992
96602,-8.451449,-3.591627,4.001996,-0.00504,0.005192,-0.007178,31.04,66.4521050515143
96612,-8.445468,-3.58744,4.005585,-0.005192,0.005192,-0.006872,31.04,66.4169476806437
96622,-8.459227,-3.583252,3.99721,-0.004276,0.004887,-0.006414,31.04,66.4860818199786
96632,-8.450851,-3.59043,3.996612,-0.004734,0.005651,-0.00733,31.03,66.4780165125423
96642,-8.453244,-3.58744,3.993621,-0.004581,0.005803,-0.006414,31.03,66.4960692695868
96652,-8.446664,-3.586243,3.99721,-0.004581,0.005192,-0.006872,31.05,66.4623341748534
96662,-8.444869,-3.593421,3.987639,-0.004429,0.006109,-0.007178,31.07,66.5152198647028
96672,-8.450253,-3.593421,4.0008,-0.00504,0.005803,-0.007483,31.07,66.4574653509048
96682,-8.453244,-3.582654,3.991228,-0.004429,0.004887,-0.006567,31.03,66.5043634534172
96692,-8.444869,-3.594618,3.989433,-0.005345,0.005651,-0.005651,31.03,66.5068690774467
96702,-8.449057,-3.59402,3.985246,-0.005192,0.005192,-0.006414,31.05,66.537109222286
96712,-8.456235,-3.586243,3.996612,-0.004734,0.00504,-0.006109,31.05,66.4855953296948
96722,-8.451449,-3.58744,3.991228,-0.004276,0.004581,-0.006261,31.08,66.504857024486
96732,-8.446664,-3.591029,3.994817,-0.00504,0.004429,-0.00733,31.08,66.4791695812854
96742,-8.451449,-3.597609,3.992425,-0.004887,0.004276,-0.007636,31.04,66.5076499099474
96752,-8.453244,-3.591627,3.995416,-0.004276,0.003665,-0.00733,31.04,66.490386526568
96762,-8.447861,-3.585046,3.995416,-0.004887,0.003512,-0.007941,31.06,66.4731989036474
96772,-8.447861,-3.580859,3.990032,-0.004429,0.002902,-0.00733,31.06,66.4977301620725
96782,-8.455039,-3.596412,4.006183,-0.004581,0.003054,-0.00733,31.07,66.4419850253009
96792,-8.449656,-3.591627,4.001996,-0.004887,0.002749,-0.008247,31.07,66.4483336692192
96802,-8.454441,-3.588636,3.994817,-0.004429,0.002443,-0.007636,31.06,66.4933749737432
96812,-8.456235,-3.591029,3.99721,-0.004429,0.001374,-0.007789,31.06,66.486725461014
96822,-8.450253,-3.588037,3.997808,-0.004734,0.001833,-0.008247,31.07,66.4683482482874
96832,-8.456833,-3.580859,3.988237,-0.004276,0.001985,-0.007941,30.99,66.5260025585451
96842,-8.455637,-3.588037,3.99721,-0.004734,0.001527,-0.007941,30.99,66.4828015559081
96852,-8.453843,-3.586841,3.99063,-0.004429,0.001527,-0.007483,31.06,66.512488772749
96862,-8.449057,-3.597011,4.002594,-0.003818,0.001222,-0.007636,31.06,66.4487551980905
96872,-8.458031,-3.591627,3.994817,-0.003971,0.000611,-0.007483,31.07,66.5035776479355
96882,-8.453843,-3.58744,3.985844,-0.003971,0.000916,-0.007789,31.07,66.5381441102982
96892,-8.449057,-3.584448,3.998407,-0.004276,0.000611,-0.007789,31.06,66.4594853826428
96902,-8.458628,-3.588037,3.988835,-0.005192,0.000305,-0.008094,31.06,66.5330125893686
96912,-8.453843,-3.597609,3.993023,-0.004276,-0.000153,-0.007789,31.06,66.50953534562
96922,-8.458628,-3.592225,4.0008,-0.004429,-0.000611,-0.008247,31.06,66.4739969081395
96932,-8.456235,-3.582654,3.989433,-0.004581,-0.000458,-0.00672,31.07,66.5200657951589
96942,-8.445468,-3.586841,4.003192,-0.004123,-0.000458,-0.00672,31.07,66.4289636303286
96952,-8.452048,-3.58385,3.999603,-0.004123,-0.000458,-0.007483,31.07,66.4589706876836
96962,-8.453244,-3.588037,3.993621,-0.004734,-0.000916,-0.007483,31.07,66.4966014869297
96972,-8.444869,-3.586841,3.994817,-0.004581,0,-0.007025,31.05,66.4716521706604
96982,-8.445468,-3.592823,4.00379,-0.004887,0.000153,-0.00733,31.05,66.4311818269124
96992,-8.444869,-3.584448,4.0008,-0.004581,0.000305,-0.007789,31.03,66.4381114880841
97002,-8.455039,-3.580261,3.999005,-0.004276,0.000305,-0.00733,31.04,66.4652003940825
97012,-8.455039,-3.585645,3.995416,-0.004276,0.000611,-0.007636,31.04,66.488823130931
97022,-8.449656,-3.59043,3.999005,-0.004276,0.000611,-0.007789,31.05,66.4629510015573
97032,-8.452048,-3.580261,3.997808,-0.004429,0.000916,-0.00733,31.05,66.4651870772999
97042,-8.458628,-3.591029,3.991228,-0.004123,0.001985,-0.007025,31.05,66.5231210035519
97052,-8.447861,-3.581457,3.999603,-0.00504,0.002443,-0.007941,31.05,66.4480219555725
97062,-8.453843,-3.586841,4.000201,-0.00504,0.002138,-0.007789,31.07,66.4622783592297
97072,-8.44128,-3.586841,4.004987,-0.00504,0.002596,-0.007025,31.07,66.4107201856874
97082,-8.454441,-3.593421,3.998407,-0.005498,0.002749,-0.007789,31.06,66.4788152054427
97092,-8.455039,-3.585046,3.99063,-0.005651,0.002902,-0.008399,31.06,66.513401304671
97102,-8.453843,-3.586243,3.995416,-0.005192,0.002902,-0.007941,31.02,66.48684307573
97112,-8.453244,-3.588636,4.001996,-0.004887,0.003512,-0.007483,31.02,66.4532083264431
97122,-8.456833,-3.588636,3.996014,-0.005192,0.003512,-0.00733,31.02,66.4921200384376
97132,-8.44427,-3.589234,4.001398,-0.004887,0.003512,-0.008399,31.02,66.4379936294898
97142,-8.452048,-3.59043,4.006782,-0.004734,0.003512,-0.008552,31.05,66.4272048646407
97152,-8.445468,-3.586243,3.995416,-0.004581,0.003665,-0.008247,31.05,66.4692337010016
97162,-8.458031,-3.589832,3.995416,-0.004429,0.004887,-0.007636,31.09,66.4988370575779
97172,-8.439486,-3.589832,3.996014,-0.004276,0.005345,-0.007636,31.07,66.4567149226408
97182,-8.440084,-3.586243,3.999603,-0.004581,0.005345,-0.007789,31.07,66.4359187231892
97192,-8.454441,-3.591627,3.993023,-0.004581,0.005651,-0.007025,31.02,66.5054530771647
97202,-8.446067,-3.588636,3.995416,-0.00336,0.005803,-0.007483,31.02,66.4726319001325
97212,-8.455637,-3.585046,3.994219,-0.004276,0.005498,-0.007483,31.02,66.495825329875
97222,-8.440681,-3.585645,3.99721,-0.004429,0.005192,-0.007941,31.02,66.4492039785831
97232,-8.452048,-3.59402,3.999603,-0.004734,0.005651,-0.008094,31.09,66.4680510594874
97242,-8.448458,-3.59043,3.997808,-0.004429,0.005498,-0.007789,31.09,66.4667112487097
97252,-8.459825,-3.59402,3.996014,-0.003971,0.005651,-0.007636,31.02,66.5031978417248
97262,-8.460423,-3.585046,3.997808,-0.003971,0.005651,-0.007483,31.02,66.487055199712
97272,-8.459227,-3.593421,3.995416,-0.004581,0.005651,-0.007789,31.04,66.5045447867766
97282,-8.452048,-3.592823,3.987041,-0.004276,0.004123,-0.007789,31.04,66.5328906462216
97292,-8.459825,-3.586841,3.992425,-0.003818,0.003818,-0.008094,31.05,66.5156260751173
97302,-8.452048,-3.585645,3.989433,-0.004276,0.003665,-0.007941,31.05,66.5139373028773
97312,-8.450253,-3.597609,3.996612,-0.003512,0.003818,-0.007789,31.04,66.4831746773233
97322,-8.447262,-3.592225,3.991228,-0.004581,0.003818,-0.006567,31.04,66.500332839179
97332,-8.461619,-3.594618,3.991827,-0.003971,0.002596,-0.00733,31.04,66.5294448080922
97342,-8.455637,-3.594618,3.999603,-0.004734,0.002902,-0.006414,31.02,66.4761251547037
97352,-8.458628,-3.58744,3.994817,-0.00504,0.002596,-0.00672,31.02,66.501101253125
97362,-8.462815,-3.594618,3.999603,-0.005345,0.002749,-0.00733,31.06,66.4911923447552
97372,-8.457432,-3.595814,3.999603,-0.005498,0.003207,-0.006261,31.06,66.480961942608
97382,-8.449656,-3.578466,3.997808,-0.004581,0.002596,-0.007025,31.05,66.4585523593422
97392,-8.459227,-3.602395,3.988835,-0.004734,0.002443,-0.006872,31.05,66.5470532574397
97402,-8.443673,-3.584448,3.994817,-0.004581,0.002749,-0.00672,31.03,66.466997312407
97412,-8.462217,-3.592823,3.99721,-0.003971,0.002596,-0.006567,31.03,66.500879722761
97422,-8.448458,-3.585046,4.006782,-0.004429,0.002443,-0.006872,31.05,66.4148294517138
97432,-8.461619,-3.597011,3.996612,-0.00504,0.00168,-0.007483,31.05,66.5064912763065
97442,-8.453244,-3.59402,3.987639,-0.004734,0.002443,-0.00672,31.02,66.5333270034504
97452,-8.453244,-3.585046,3.993023,-0.004581,0.002749,-0.006872,31.02,66.4970735592877
97462,-8.460423,-3.586243,3.994817,-0.005345,0.002291,-0.006872,31.03,66.5038038260841
97472,-8.452048,-3.584448,3.999005,-0.005345,0.002596,-0.007178,31.03,66.4626409934972
97482,-8.447861,-3.584448,4.000201,-0.004887,0.002749,-0.007483,31.01,66.4475553256872
97492,-8.458031,-3.589832,3.994817,-0.004581,0.002902,-0.00672,31.01,66.5019783741919
97502,-8.445468,-3.593421,4.000201,-0.004887,0.002596,-0.007636,31.05,66.4505429924874
97512,-8.451449,-3.589234,3.986442,-0.004429,0.002291,-0.006567,31.04,66.5315799854373
97522,-8.447262,-3.58385,3.993621,-0.004429,0.002596,-0.007025,31.04,66.4802936628045
97532,-8.451449,-3.591627,3.994817,-0.004581,0.002443,-0.007789,31.04,66.4897587507415
97542,-8.450253,-3.595814,4.001398,-0.004887,0.001833,-0.007636,31.04,66.4564697259398
97552,-8.446067,-3.577868,3.993621,-0.004734,0.001985,-0.007789,31.06,66.4724428758296
97562,-8.454441,-3.592225,3.994817,-0.003971,0.001985,-0.007941,31.06,66.4965755590302
97572,-8.453843,-3.589234,3.991228,-0.00504,0.002138,-0.007941,31.07,66.5114827006497
97582,-8.462217,-3.57727,4.001996,-0.004734,0.00168,-0.008552,31.07,66.461953462986
97592,-8.452645,-3.589832,3.99721,-0.004429,0.001374,-0.007636,31.04,66.4781159222371
97602,-8.454441,-3.597011,4.004987,-0.003971,0.00168,-0.008094,31.04,66.4475306874548
97612,-8.459227,-3.585046,3.994817,-0.004276,0.001069,-0.007789,31.05,66.5002279618232
97622,-8.453843,-3.578466,3.997808,-0.004276,0.001527,-0.008552,31.05,66.4673646179186
97632,-8.448458,-3.59043,3.999005,-0.003818,0.001985,-0.007178,31.06,66.4604315091722
97642,-8.443673,-3.589832,4.004389,-0.004429,0.001527,-0.007789,31.06,66.4215805382981
97652,-8.448458,-3.58385,3.998407,-0.004429,0.001985,-0.009163,31.06,66.4576909322246
97662,-8.443074,-3.591627,4.005585,-0.004276,0.001222,-0.007483,31.06,66.415653523914
97672,-8.446664,-3.591627,3.997808,-0.004123,0.001069,-0.007178,31.05,66.4640085804001
97682,-8.449656,-3.591029,3.996612,-0.004276,0.002291,-0.007636,31.03,66.4760398576752
97692,-8.454441,-3.596412,3.993621,-0.00504,0.001527,-0.007178,31.03,66.5065847439812
97702,-8.457432,-3.588037,3.988835,-0.004734,0.000764,-0.007636,31.02,66.5305043706392
97712,-8.452048,-3.580859,3.999005,-0.004276,0.001527,-0.007941,31.02,66.4594401652551
97722,-8.446067,-3.591029,3.995416,-0.004276,0.002291,-0.00733,31.02,66.4747707386097
97732,-8.441879,-3.585046,4.003192,-0.004123,0.002291,-0.007941,31.02,66.4197938128577
97742,-8.449656,-3.589832,4.007978,-0.004734,0.001985,-0.007789,31.09,66.415364368228
97752,-8.4347,-3.58744,3.992425,-0.004887,0.001985,-0.007483,31.09,66.4633459634552
97762,-8.457432,-3.591627,4.001996,-0.004734,0.002443,-0.007483,31.02,66.4646822935086
97772,-8.447861,-3.596412,4.007978,-0.005345,0.002291,-0.007636,31.02,66.4174772006315
97782,-8.443673,-3.583252,3.999603,-0.004887,0.002138,-0.007941,31.04,66.4408045108652
97792,-8.455039,-3.576672,4.000201,-0.004429,0.002596,-0.007025,31.04,66.4557307790472
97802,-8.447861,-3.583252,4.00379,-0.004429,0.002749,-0.007483,31.02,66.4276590327158
97812,-8.439486,-3.580261,3.993621,-0.004429,0.002749,-0.007483,31.02,66.4607204157995
97822,-8.448458,-3.585046,3.991827,-0.003971,0.003207,-0.008247,31.02,66.4932934722056
97832,-8.449057,-3.585046,3.995416,-0.004429,0.003054,-0.008094,31.02,66.4757144240151
97843,-8.455039,-3.592823,4.003192,-0.004887,0.003054,-0.00733,31.03,66.4544520414822
97852,-8.447262,-3.586243,3.999005,-0.004887,0.002902,-0.008094,31.03,66.4541733072311
97862,-8.445468,-3.589234,4.00738,-0.005192,0.002902,-0.007636,31.03,66.4091406169928
97872,-8.455039,-3.591627,4.006782,-0.004887,0.004429,-0.007483,31.03,66.4345688252225
97882,-8.442476,-3.592225,4.000201,-0.00504,0.004581,-0.006567,31.03,66.4431752245776
97892,-8.452645,-3.580859,3.985246,-0.005192,0.004429,-0.007025,31.01,66.5329148863
97902,-8.445468,-3.588037,3.991827,-0.004429,0.004734,-0.006414,31.01,66.4896777783585
97912,-8.457432,-3.584448,3.996014,-0.004429,0.004734,-0.007025,31.04,66.4896477389626
97922,-8.453843,-3.597609,4.010371,-0.005192,0.00504,-0.00672,31.04,66.4185999793053
97932,-8.456235,-3.592823,3.994219,-0.004581,0.004429,-0.007636,31.07,66.5040110058192
97942,-8.455039,-3.589832,3.995416,-0.005498,0.004887,-0.007178,31.07,66.4925551266834
97952,-8.454441,-3.592225,3.991827,-0.005192,0.004887,-0.007789,31.07,66.5122609191698
97962,-8.44427,-3.588636,3.991228,-0.004123,0.004734,-0.006872,31.07,66.4908395534682
97972,-8.457432,-3.58744,3.999603,-0.004734,0.004581,-0.007483,31.04,66.473492646302
97982,-8.456235,-3.588037,3.988835,-0.005498,0.00336,-0.006872,31.04,66.527993602398
97992,-8.453843,-3.582056,3.997808,-0.004887,0.002443,-0.007483,31.03,66.4705628755324
98002,-8.443074,-3.592823,3.998407,-0.00504,0.002902,-0.006872,31.03,66.4543835154371
98012,-8.444869,-3.584448,3.99721,-0.005498,0.002443,-0.007483,31.04,66.4569524457445
98022,-8.447861,-3.592225,3.990032,-0.004429,0.000153,-0.00733,31.04,66.5078692528797
98032,-8.453244,-3.584448,3.999005,-0.004581,0.000764,-0.00733,31.04,66.4651566382883
98042,-8.452048,-3.593421,3.994219,-0.005192,0.001069,-0.006567,31.02,66.4957555201082
98052,-8.441879,-3.601198,3.994219,-0.004887,-0.000153,-0.00733,31.02,66.4813532324214
98062,-8.443074,-3.583252,3.994219,-0.004581,-0.000458,-0.006872,31.02,66.4678078836111
98072,-8.447262,-3.58385,3.991228,-0.004581,0,-0.007025,31.02,66.4928573113687
98082,-8.449057,-3.588037,3.995416,-0.004276,-0.000764,-0.007483,31.08,66.4783841546496
98092,-8.449057,-3.586841,3.996612,-0.003971,0.000764,-0.006872,31.08,66.4710403742783
98102,-8.458628,-3.582056,3.990032,-0.005192,0,-0.006567,31.04,66.5214136490948
98112,-8.450851,-3.593421,4.001398,-0.004734,0.000305,-0.007178,31.04,66.4555868774061
98122,-8.450851,-3.592225,3.989433,-0.004276,-0.000153,-0.007025,31.01,66.5172902648253
98132,-8.446664,-3.586841,4.006782,-0.004429,0,-0.007178,31.01,66.4126545292356
98142,-8.456235,-3.582654,4.006183,-0.004581,0.000305,-0.007483,31.08,66.4322140951315
98152,-8.447262,-3.592225,3.993621,-0.00504,0.000305,-0.007483,31.08,66.4877722459749
98162,-8.450851,-3.592823,3.997808,-0.004276,0.000764,-0.008094,31.02,66.4738800365867
98172,-8.452048,-3.580859,3.994817,-0.004734,0.000305,-0.00733,31.02,66.481414712308
98182,-8.451449,-3.580261,3.999603,-0.005345,0.001222,-0.007789,31.07,66.4545090238419
98193,-8.447262,-3.59043,3.996612,-0.005192,0.00168,-0.007636,31.02,66.4704716271136
98202,-8.440681,-3.582056,3.995416,-0.004429,0.002138,-0.007483,31.02,66.4554142996216
98212,-8.450253,-3.589832,4.006782,-0.004429,0.003665,-0.007636,31.04,66.4228910825219
98222,-8.453843,-3.589234,4.000201,-0.003818,0.004734,-0.007178,31.04,66.4644138420272
98232,-8.441879,-3.59043,4.007978,-0.00504,0.004276,-0.008399,31.04,66.3995107738297
98242,-8.447861,-3.585645,4.00379,-0.00504,0.00504,-0.007483,31.04,66.4297979926253
98252,-8.451449,-3.586243,3.99721,-0.005345,0.005803,-0.006414,31.03,66.4723991574903
98262,-8.453843,-3.589832,3.994817,-0.004581,0.005956,-0.007025,31.03,66.4931854583356
98272,-8.459825,-3.59402,4.002594,-0.005192,0.006872,-0.007636,31.03,66.4687104724738
98282,-8.443673,-3.588636,3.995416,-0.005345,0.007483,-0.007025,31.03,66.4675959965149
98292,-8.459825,-3.586243,4.001398,-0.004581,0.008247,-0.007178,31.03,66.4680449019969
98302,-8.456235,-3.588636,3.994817,-0.005803,0.007789,-0.007941,31.03,66.4971424201086
98312,-8.458628,-3.588636,3.993023,-0.005498,0.008094,-0.007178,31.05,66.5115752543419
98322,-8.445468,-3.59043,4.002594,-0.004887,0.008705,-0.00733,31.05,66.4353123388041
98332,-8.446664,-3.594618,3.994219,-0.005192,0.007789,-0.007941,31.04,66.4855163466121
98342,-8.450253,-3.597011,3.990032,-0.005345,0.00733,-0.007483,31.04,66.517163389964
98352,-8.452048,-3.591029,3.996014,-0.005803,0.008094,-0.006567,30.98,66.4842036242538
98362,-8.455039,-3.584448,3.990032,-0.00504,0.00672,-0.00733,30.98,66.5160073867606
98372,-8.457432,-3.593421,4.006183,-0.005498,0.006414,-0.00733,31.03,66.4443426856829
98382,-8.451449,-3.59402,3.99721,-0.005345,0.006261,-0.007178,31.04,66.4793425727045
98392,-8.453244,-3.592225,4.003192,-0.004734,0.005498,-0.006872,31.04,66.4501438372905
98402,-8.458628,-3.586841,3.991228,-0.005956,0.005192,-0.006872,31.04,66.5193936483366
98412,-8.461619,-3.584448,3.99063,-0.005498,0.004123,-0.007483,31.04,66.5266776509608
98422,-8.446067,-3.583252,3.990032,-0.005651,0.004123,-0.006872,31.03,66.4960918358882
98432,-8.448458,-3.578466,3.994219,-0.006109,0.003971,-0.006261,31.03,66.4748687932224
98442,-8.455637,-3.588037,3.993621,-0.005345,0.003054,-0.00733,31.04,66.5016268449062
98452,-8.447861,-3.583252,3.99721,-0.005803,0.002902,-0.008399,31.04,66.4621820612828
98462,-8.452048,-3.59402,3.996014,-0.004887,0.002291,-0.007483,31.03,66.4868741067581
98472,-8.445468,-3.588037,3.990032,-0.005345,0.001527,-0.006872,31.03,66.4991029612325
98482,-8.451449,-3.589832,4.000201,-0.004887,0.000611,-0.008399,30.98,66.4599141911065
98492,-8.446664,-3.591029,3.991827,-0.005651,0.000153,-0.007941,30.98,66.4948638260302
98502,-8.452048,-3.586841,3.99721,-0.00504,-0.000458,-0.007789,31.04,66.4741921120886
98512,-8.443673,-3.585046,4.002594,-0.004734,-0.001374,-0.007483,31.04,66.4267129616154
98522,-8.453843,-3.589832,3.993621,-0.004734,-0.001222,-0.008247,31.03,66.4994598465565
98532,-8.449057,-3.582056,3.996612,-0.005498,-0.001833,-0.008552,31.03,66.4667699430499
98542,-8.458628,-3.595216,4.000201,-0.004887,-0.002291,-0.007941,31.04,66.4798047260874
98552,-8.456833,-3.592823,4.006183,-0.004581,-0.002138,-0.007025,31.04,66.4425491524908
98562,-8.448458,-3.584448,4.006782,-0.004887,-0.001833,-0.007789,31.04,66.4142947231038
98572,-8.455637,-3.598207,3.996014,-0.005345,-0.001527,-0.007636,31.04,66.4981466172718
98582,-8.446664,-3.594618,4.006782,-0.004581,-0.001222,-0.007636,31.04,66.4196188901434
98592,-8.438289,-3.595814,4.001398,-0.004734,-0.001069,-0.008094,31.06,66.4312955778295
98602,-8.448458,-3.606582,3.996014,-0.004276,-0.000611,-0.007941,31.06,66.4905733086077
98612,-8.465807,-3.582654,3.997808,-0.004887,-0.000916,-0.007941,31.02,66.4962334971496
98622,-8.449057,-3.59043,4.004987,-0.004581,-0.000764,-0.007941,31.02,66.430318622639
98632,-8.461619,-3.591029,4.002594,-0.003971,-0.000611,-0.008094,31.02,66.4698109348236
98642,-8.437692,-3.586243,4.005585,-0.003971,0.000305,-0.00733,31.02,66.3994781812427
98652,-8.44128,-3.592225,3.996014,-0.004123,0.000611,-0.007025,31,66.462633345402
98662,-8.440084,-3.601198,3.994219,-0.004581,0.001069,-0.006567,31,66.4775813466619
98672,-8.442476,-3.596412,4.004389,-0.004581,0.001374,-0.008247,31.04,66.4249573967214
98682,-8.437093,-3.597609,3.999603,-0.005345,0.002291,-0.00733,31.04,66.4398089506137
98692,-8.447262,-3.594618,4.006782,-0.005345,0.001833,-0.007789,31.04,66.4208779908675
98702,-8.455637,-3.59043,3.995416,-0.004734,0.003207,-0.007483,31.04,66.4943440383224
98712,-8.433504,-3.586841,4.003192,-0.005192,0.00336,-0.007178,31.03,66.4037378050009
98722,-8.449057,-3.585046,4.001398,-0.004429,0.004581,-0.006872,31.06,66.4443278501887
98732,-8.452048,-3.593421,3.999603,-0.004887,0.004429,-0.006872,31.06,66.4675158164161
98742,-8.456235,-3.597011,4.003192,-0.005345,0.005192,-0.00733,31.02,66.4607069905055
98752,-8.442476,-3.588037,4.002594,-0.005192,0.005651,-0.007178,31.02,66.4268679452869
98762,-8.447262,-3.58385,4.001398,-0.004887,0.005803,-0.00672,31.07,66.4394796772957
98772,-8.449057,-3.597609,3.997808,-0.005192,0.006414,-0.007483,31.07,66.4743891777293
98782,-8.453843,-3.592225,3.996014,-0.00504,0.006872,-0.00733,31.05,66.4890414320116
98792,-8.446067,-3.589234,3.99721,-0.004887,0.007025,-0.006567,31.05,66.4637511314929
98802,-8.46102,-3.586243,3.994817,-0.004581,0.007789,-0.006872,31.06,66.5050568677808
98812,-8.450253,-3.586841,3.987639,-0.004734,0.007636,-0.007025,31.06,66.5206525828085
98822,-8.462815,-3.588636,4.000201,-0.004581,0.007941,-0.007178,31,66.4827303684621
98832,-8.452645,-3.580859,3.996014,-0.004581,0.007636,-0.007636,31,66.4763889217741
98842,-8.451449,-3.588037,3.991228,-0.004581,0.007483,-0.006872,31.05,66.5053892811223
98852,-8.456235,-3.593421,3.999005,-0.004887,0.00733,-0.006872,31.05,66.4794476671879
98862,-8.451449,-3.600002,3.999603,-0.004887,0.007483,-0.006567,31.02,66.4721412363341
98872,-8.458628,-3.586841,3.994817,-0.004887,0.008094,-0.006261,31.02,66.5005679686711
98882,-8.445468,-3.596412,3.987639,-0.004581,0.007636,-0.00672,31.02,66.5191499072339
98892,-8.464012,-3.594618,3.991827,-0.005498,0.005956,-0.00733,31.07,66.5344585334008
98902,-8.455637,-3.593421,3.992425,-0.004734,0.006567,-0.006567,31.07,66.5126994435969
98912,-8.459825,-3.58744,3.989433,-0.004887,0.005803,-0.006872,31.05,66.5318542129184
98922,-8.453244,-3.588037,3.993023,-0.00504,0.005192,-0.007483,31.05,66.499739197044
98932,-8.456833,-3.598805,3.994219,-0.005192,0.004734,-0.007025,31.06,66.5106012140268
98942,-8.456235,-3.59402,3.998407,-0.00504,0.004429,-0.00672,31.06,66.4831174340335
98952,-8.447861,-3.597011,4.0008,-0.005498,0.00336,-0.007941,31.07,66.4556478968929
98962,-8.445468,-3.588636,3.994219,-0.00504,0.002902,-0.007483,31.07,66.477655190524
98972,-8.459227,-3.589234,3.988237,-0.005192,0.002596,-0.006567,31,66.5384708184089
98982,-8.460423,-3.591627,3.998407,-0.005651,0.002138,-0.006414,31,66.4897756322569
98992,-8.443074,-3.586841,3.992425,-0.005345,0.000916,-0.008094,31.07,66.4804351006794
99002,-8.461619,-3.588037,3.986442,-0.005192,0,-0.007636,31.07,66.551837828553
99012,-8.451449,-3.589832,4.004987,-0.004734,0.000305,-0.007178,31.02,66.4348188003085
99022,-8.465807,-3.588037,3.993621,-0.004887,-0.000153,-0.007178,31.02,66.5229639098144
99032,-8.455637,-3.583252,3.98405,-0.005192,-0.000916,-0.008247,31.04,66.5476010895159
99042,-8.455637,-3.591627,3.996014,-0.003971,-0.000764,-0.00733,31.04,66.4922750930675
99052,-8.449656,-3.583252,3.994219,-0.004581,-0.001222,-0.00733,30.98,66.4816560343396
99062,-8.450253,-3.576073,3.997808,-0.004429,-0.00168,-0.007789,31.02,66.45767630991
99072,-8.446664,-3.588037,3.994817,-0.004581,-0.00168,-0.008247,31.02,66.4764961968234
99082,-8.457432,-3.580261,3.99721,-0.003971,-0.00168,-0.008705,31.02,66.4796476807784
99092,-8.455637,-3.592225,3.998407,-0.003971,-0.001222,-0.008399,31.02,66.4802598214055
99102,-8.452048,-3.592823,3.993621,-0.004581,-0.001222,-0.007941,31.04,66.498359094555
99112,-8.459825,-3.589832,4.002594,-0.004887,-0.001222,-0.008247,31.04,66.4649752464033
99122,-8.440681,-3.586841,3.987639,-0.004429,-0.001985,-0.008705,30.98,66.5005417915636
99132,-8.445468,-3.589234,3.994817,-0.003818,-0.001374,-0.008247,30.98,66.4750506049966
99142,-8.438289,-3.577868,3.997808,-0.004123,-0.001374,-0.008094,31.04,66.4340657103395
99152,-8.444869,-3.580859,3.991827,-0.00504,-0.001069,-0.008552,31.04,66.4820104126753
99162,-8.448458,-3.589832,3.997808,-0.004429,0,-0.007941,30.98,66.4661768619641
99172,-8.447262,-3.594618,4.00379,-0.004429,-0.000305,-0.007483,30.98,66.4365654747126
99182,-8.442476,-3.579663,4.00379,-0.004123,0.000305,-0.008094,30.98,66.4130977274923
99192,-8.442476,-3.588037,4.002594,-0.003818,0.001374,-0.007941,30.98,66.4268679452869
99202,-8.449057,-3.585645,4.002594,-0.004429,0.001374,-0.008094,31.03,66.4385896399476
99212,-8.456235,-3.592225,3.992425,-0.004429,0.00168,-0.007178,31.03,66.5128879139255
99222,-8.445468,-3.589832,4.00379,-0.004123,0.001833,-0.007483,31.03,66.4285036006417
99232,-8.449656,-3.595814,4.000201,-0.003971,0.002596,-0.008247,31.03,66.4614916628573
99242,-8.440084,-3.581457,4.001996,-0.00504,0.003665,-0.007941,31.03,66.4190730377481
99252,-8.447262,-3.591029,3.989433,-0.004887,0.003818,-0.007636,31.04,66.5086883161491
99262,-8.446067,-3.585645,3.995416,-0.004581,0.00336,-0.007636,31.04,66.4699597584679
99272,-8.453244,-3.594618,3.99721,-0.003665,0.004123,-0.008705,31.02,66.4836470500446
99282,-8.454441,-3.585046,4.006782,-0.004734,0.003971,-0.008094,31.02,66.4274320459213
99292,-8.446664,-3.583252,4.002594,-0.005192,0.004734,-0.00733,31.05,66.4314110179724
99302,-8.433504,-3.586841,3.995416,-0.004276,0.005345,-0.007483,31.05,66.4445755078159
99312,-8.439486,-3.582654,4.00379,-0.00504,0.00504,-0.00733,31.04,66.4094670407165
99322,-8.449656,-3.580859,4.000201,-0.004734,0.00504,-0.007025,31.04,66.4481303357486
99332,-8.441879,-3.594618,4.002594,-0.004887,0.005498,-0.007941,31.03,66.4315072963227
99342,-8.459227,-3.594618,3.999005,-0.005345,0.005803,-0.007025,31.03,66.4867972167811
99352,-8.447861,-3.58744,3.991827,-0.005498,0.006109,-0.007025,31.07,66.4941746566936
99362,-8.451449,-3.583252,3.997808,-0.004887,0.005956,-0.007025,31.07,66.4665936329578
99372,-8.453843,-3.59402,3.988237,-0.004734,0.005956,-0.007025,31.04,66.5314445623994
99382,-8.442476,-3.59402,4.015755,-0.005345,0.005803,-0.007178,31.04,66.3632209867801
99392,-8.453244,-3.589832,3.996014,-0.005498,0.005345,-0.006567,31.05,66.4856480818714
99402,-8.449057,-3.585046,4.0008,-0.00504,0.005956,-0.006261,31.05,66.447464784235
99412,-8.452048,-3.585046,3.993621,-0.003971,0.005345,-0.006567,30.99,66.4914224120145
99422,-8.462217,-3.586243,3.996014,-0.004887,0.005345,-0.006261,31.04,66.5012928115483
99432,-8.462217,-3.59043,3.993621,-0.004734,0.00504,-0.00672,31.04,66.5175643887232
99442,-8.456833,-3.588037,4.0008,-0.004276,0.004581,-0.007483,31.01,66.4664904319007
99452,-8.455637,-3.593421,3.996014,-0.003665,0.004581,-0.006261,31.01,66.4938753028557
99462,-8.454441,-3.601198,3.997808,-0.004581,0.004276,-0.007025,31.01,66.4889029352893
99472,-8.455637,-3.592823,3.996612,-0.004581,0.003665,-0.007178,31.01,66.4902058328318
99482,-8.46461,-3.592225,3.988237,-0.004276,0.003818,-0.007178,31.01,66.5524077617367
99492,-8.447262,-3.585645,4.001996,-0.004123,0.00336,-0.007025,31.01,66.4379466917074
99502,-8.454441,-3.58744,3.993023,-0.004276,0.002596,-0.007178,31.03,66.5017209038173
99512,-8.437692,-3.59043,3.994219,-0.003665,0.001985,-0.007636,31.03,66.4628998736774
99522,-8.448458,-3.58744,4.001398,-0.004276,0.001833,-0.008094,31.04,66.4452060324257
99532,-8.447861,-3.58385,3.984648,-0.004581,0.001527,-0.006872,31.04,66.5286736513745
99542,-8.449057,-3.601198,3.999005,-0.004123,0.001222,-0.007025,31.01,66.4713232326153
99552,-8.456833,-3.585645,4.000201,-0.004276,0.001069,-0.00672,31.01,66.4674983664031
99562,-8.458031,-3.588636,3.999005,-0.004429,0.000305,-0.007789,31.05,66.4789524289581
99572,-8.455039,-3.589832,3.991228,-0.004429,0,-0.007483,31.05,66.5145257509594
99582,-8.458031,-3.58744,3.996612,-0.004429,0,-0.007789,31.03,66.4904342651898
99592,-8.462815,-3.58385,4.000201,-0.003971,-0.000305,-0.00733,31.06,66.4784709461744
99602,-8.447861,-3.601796,3.993023,-0.004276,0.000305,-0.007483,31.06,66.5007262497104
99612,-8.447262,-3.598207,3.998407,-0.004123,0,-0.007636,31,66.4680106280141
99622,-8.450851,-3.589832,3.998407,-0.003818,0,-0.007789,31,66.4680662939477
99632,-8.458628,-3.582654,3.995416,-0.003818,0.000916,-0.00733,31.03,66.493699948491
99642,-8.452645,-3.589832,3.99721,-0.004123,0.000916,-0.007178,31.03,66.4781159222371
99652,-8.441879,-3.586243,3.999005,-0.004734,0.000305,-0.008399,31.03,66.4428393517665
99662,-8.456235,-3.59043,3.988835,-0.004581,0.000916,-0.00672,31.03,66.5301239952391
99672,-8.449656,-3.59402,3.995416,-0.005192,0.00168,-0.006567,31.02,66.4849868527582
99682,-8.445468,-3.597609,3.993023,-0.004734,0.002443,-0.008094,31.02,66.4919560078781
99692,-8.447861,-3.582056,3.994219,-0.004734,0.002902,-0.008094,31.04,66.4768138421158
99702,-8.443673,-3.59043,4.005585,-0.004734,0.002291,-0.007941,31.04,66.4158429665618
99712,-8.452645,-3.585046,4.000201,-0.005345,0.003207,-0.00672,31.04,66.4581571104377
99722,-8.44128,-3.58744,4.0008,-0.004887,0.003971,-0.006872,31.04,66.4332276617066
99732,-8.449656,-3.591627,3.997808,-0.004734,0.003207,-0.008552,31.03,66.4702997078141
99742,-8.447262,-3.592225,4.006782,-0.004581,0.004581,-0.007941,31.03,66.418734438689
99752,-8.451449,-3.58744,3.999603,-0.00504,0.004887,-0.007941,31.05,66.4609145203419
99762,-8.450253,-3.58744,3.988835,-0.00504,0.005803,-0.007636,31.01,66.5149070589247
99772,-8.459227,-3.593421,3.998407,-0.005803,0.005651,-0.008094,31.01,66.4888643351125
99782,-8.460423,-3.597609,4.001398,-0.005956,0.005498,-0.007636,31.03,66.4794350668681
99792,-8.449656,-3.588636,3.99721,-0.004581,0.005956,-0.007636,31.03,66.4707651187376
99802,-8.459825,-3.574877,4.001996,-0.004581,0.005956,-0.007483,31.02,66.4547933563495
99812,-8.455637,-3.584448,3.996014,-0.004123,0.005956,-0.007636,31.02,66.4858763012688
99822,-8.452645,-3.586243,3.994219,-0.004581,0.006261,-0.007636,31.05,66.4906060102708
99832,-8.448458,-3.582056,4.001996,-0.005345,0.006414,-0.008552,31.05,66.4372589031329
99842,-8.455039,-3.586243,3.995416,-0.004429,0.005345,-0.008399,31.03,66.4893559883034
99852,-8.450851,-3.594618,3.997808,-0.004581,0.005651,-0.007789,31.03,66.4754840039882
99862,-8.447262,-3.592225,4.00379,-0.004123,0.004887,-0.007636,31.03,66.4344230113538
99872,-8.462217,-3.583252,3.991827,-0.00504,0.004734,-0.007483,31.03,66.5205907687434
99882,-8.463414,-3.589832,3.989433,-0.004123,0.003818,-0.007483,31.02,66.5415035875906
99892,-8.456833,-3.597011,4.003192,-0.003971,0.003512,-0.008552,31.02,66.4619631720256
99902,-8.449057,-3.59402,3.990032,-0.003665,0.003054,-0.007941,31.05,66.5119828566005
99912,-8.455637,-3.592225,3.999005,-0.003971,0.002749,-0.007789,31.05,66.4771243502548
99922,-8.458628,-3.583252,3.993621,-0.00504,0.002596,-0.008552,30.98,66.5036473497723
99932,-8.46102,-3.59402,3.99721,-0.004123,0.000153,-0.007941,31.05,66.4994350698883
99942,-8.455637,-3.592225,3.994817,-0.004123,0.000305,-0.007483,31.05,66.4990862744331
99952,-8.447861,-3.584448,3.996612,-0.003665,0.000153,-0.007483,31.02,66.4663880862265
99962,-8.452048,-3.580859,3.997808,-0.003512,0,-0.007178,31.02,66.4657201068941
99972,-8.461619,-3.59043,3.998407,-0.003512,0.000153,-0.007636,31.02,66.4912196405465
99982,-8.446067,-3.59043,3.993621,-0.003818,-0.000916,-0.008399,31.02,66.483656725109
99992,-8.448458,-3.592225,3.998407,-0.004123,-0.001222,-0.007789,31.02,66.4651732137236
100002,-8.451449,-3.592225,3.984648,-0.003971,-0.001527,-0.006872,31.02,66.5436647148581
100012,-8.44427,-3.585046,3.996612,-0.004429,-0.00168,-0.007483,31.05,66.4593648423157
100022,-8.455039,-3.598805,4.000201,-0.004276,-0.001374,-0.007941,31.05,66.4754746386376
100032,-8.458628,-3.589234,3.991228,-0.00504,-0.00168,-0.007483,31.04,66.5215231238347
100042,-8.450253,-3.59402,3.999603,-0.004429,-0.001374,-0.008399,31.04,66.4642783785035
100052,-8.453843,-3.607778,4.000201,-0.004887,-0.000611,-0.008552,31.03,66.4809907110699
100062,-8.44427,-3.598805,3.991827,-0.004429,-0.001374,-0.00733,31.03,66.4967878390269
100072,-8.44427,-3.58385,3.993023,-0.004429,-0.000458,-0.007483,31.02,66.4771391876424
100082,-8.446067,-3.594618,3.996014,-0.003818,-0.000611,-0.006567,31.02,66.4748420736487
100092,-8.44128,-3.582056,3.995416,-0.005345,-0.000611,-0.007789,31.06,66.4566760136793
100102,-8.441879,-3.597011,3.994817,-0.005651,0.000611,-0.007178,31.06,66.4744627628176
100112,-8.453244,-3.589832,4.0008,-0.005345,0.001222,-0.008094,31.02,66.4605473860577
100122,-8.458031,-3.584448,4.008576,-0.004581,0.001833,-0.00733,31.04,66.4250549589856
100132,-8.446664,-3.586243,3.998407,-0.004581,0.002443,-0.007789,31.04,66.4560526032883
100142,-8.452048,-3.58385,3.988237,-0.004581,0.003207,-0.00672,31.02,66.5186174427426
100152,-8.447262,-3.591627,4.00379,-0.005345,0.003512,-0.005956,31.02,66.4338877506788
100162,-8.447861,-3.591029,3.996612,-0.005345,0.004429,-0.006261,31.03,66.4722664529281
100172,-8.446067,-3.588037,3.990032,-0.004429,0.005192,-0.006414,31.03,66.5003617473871
100182,-8.442476,-3.58385,4.001398,-0.004276,0.005651,-0.00733,31.02,66.4293963060812
100194,-8.440681,-3.588636,3.994817,-0.004276,0.00672,-0.007636,31.02,66.464444769115
100202,-8.452048,-3.584448,4.0008,-0.00504,0.006109,-0.007636,31.04,66.4532258063315
100212,-8.44427,-3.591627,4.005585,-0.004276,0.007025,-0.007789,31.04,66.4181733207495
100222,-8.444869,-3.592823,4.0008,-0.004581,0.008247,-0.007025,31.04,66.4456047809277
100232,-8.453244,-3.58385,4.010371,-0.004276,0.008705,-0.006567,31.04,66.4050326725392
100242,-8.458628,-3.589832,3.992425,-0.004887,0.008552,-0.007025,31.05,66.5157766250036
100252,-8.450851,-3.593421,3.991827,-0.004734,0.008399,-0.006872,31.05,66.5057931783088
100262,-8.454441,-3.585046,3.994219,-0.004276,0.008705,-0.007178,31.02,66.4933128139274
100272,-8.450253,-3.589234,4.00379,-0.004276,0.008399,-0.007025,31.02,66.4380429233149
100282,-8.446664,-3.582056,3.990032,-0.004734,0.008247,-0.007636,31.04,66.4962804342972
100292,-8.450851,-3.584448,3.994817,-0.003971,0.008399,-0.007025,31,66.4820968517437
100302,-8.447861,-3.59402,3.986442,-0.003971,0.008094,-0.00733,31,66.5283202674326
100312,-8.456235,-3.586841,3.99721,-0.003818,0.007636,-0.007636,31.04,66.4829918960658
100322,-8.451449,-3.585645,4.0008,-0.005345,0.007025,-0.007178,31.04,66.453033782654
100332,-8.446664,-3.59043,3.999603,-0.004887,0.006567,-0.00733,31.03,66.4535203244079
100342,-8.447262,-3.581457,3.991827,-0.004429,0.006567,-0.007025,31.03,66.4875779189024
100352,-8.453244,-3.600002,3.991827,-0.004581,0.005803,-0.00672,31.04,66.5166894366599
100362,-8.453244,-3.584448,3.985246,-0.004123,0.004276,-0.007789,31.04,66.5373645988131
100372,-8.444869,-3.59402,3.988237,-0.004429,0.003971,-0.007789,31.05,66.5126147392923
100382,-8.450253,-3.585645,4.0008,-0.004123,0.002902,-0.007789,31.05,66.4505170326327
100392,-8.445468,-3.591029,3.999005,-0.004276,0.002749,-0.007636,31.04,66.4546771852186
100402,-8.446067,-3.585046,3.981059,-0.004887,0.00168,-0.008247,31.04,66.5448301183164
100412,-8.446664,-3.586841,3.982255,-0.004734,0.001527,-0.007636,31.06,66.5413979286299
100422,-8.452048,-3.586243,3.999005,-0.005192,0,-0.008094,31.06,66.4642425648594
100432,-8.457432,-3.588636,3.990032,-0.004123,-0.000153,-0.007941,31.05,66.5247566831872
100442,-8.455637,-3.593421,3.989433,-0.004276,-0.001069,-0.00733,31.05,66.5283964561211
100452,-8.456833,-3.586841,3.990032,-0.004734,-0.001985,-0.007636,31.04,66.5219024408955
100462,-8.450253,-3.582056,4.00738,-0.003971,-0.002596,-0.007941,31.04,66.4128043544904
100472,-8.458628,-3.58385,4.0008,-0.004276,-0.002291,-0.008705,31.04,66.4665320073338
100482,-8.467602,-3.586243,3.996014,-0.003818,-0.002138,-0.007636,31.07,66.5125905599495
100492,-8.446067,-3.593421,4.000201,-0.004276,-0.003207,-0.008247,31.07,66.4518031878418
100502,-8.459227,-3.593421,4.004987,-0.004429,-0.003207,-0.007636,31.03,66.4543815307452
100512,-8.440681,-3.598805,3.993621,-0.003971,-0.003818,-0.008552,31.03,66.4798301571278
100522,-8.445468,-3.582654,4.004987,-0.003971,-0.003207,-0.008094,31.05,66.4158021507734
100532,-8.447861,-3.593421,3.993621,-0.00336,-0.003207,-0.007941,31.05,66.4900995154671
100542,-8.443673,-3.591029,4.0008,-0.004123,-0.003054,-0.008247,31.05,66.4414810881584
100552,-8.441879,-3.584448,4.006183,-0.004581,-0.002596,-0.007941,31.05,66.4035650887302
100562,-8.438888,-3.59402,3.996612,-0.004581,-0.002596,-0.008094,31,66.4560685666058
100572,-8.454441,-3.591627,4.007978,-0.004887,-0.002443,-0.008552,31,66.4270435385438
100582,-8.453843,-3.591029,3.997808,-0.004581,-0.001527,-0.008094,31.03,66.4785650307199
100592,-8.438888,-3.589234,4.000201,-0.00504,-0.000458,-0.007483,31.03,66.4329387982903
100602,-8.444869,-3.592225,3.993621,-0.004429,0.000305,-0.008247,31.05,66.4827429562346
100612,-8.44128,-3.58744,3.996014,-0.004581,0.001069,-0.008247,31.05,66.4583506166483
100622,-8.450253,-3.578466,4.006782,-0.003971,0.002443,-0.007941,31.07,66.4127335706724
100632,-8.446067,-3.585645,4.001996,-0.005345,0.002902,-0.008552,31.04,66.4354299492975
100642,-8.446664,-3.595216,3.999005,-0.004581,0.003818,-0.007483,31.04,66.4609394387184
100652,-8.443673,-3.592225,4.003192,-0.003665,0.003971,-0.008094,31.06,66.4300032094475
100662,-8.443074,-3.593421,3.99721,-0.004734,0.004887,-0.00733,31.06,66.4612007962198
100672,-8.447861,-3.589234,4.001398,-0.005345,0.005498,-0.008705,31.08,66.4455533069716
100682,-8.456235,-3.583252,4.0008,-0.004581,0.006567,-0.006414,31.08,66.4609673937699
100692,-8.447262,-3.588037,3.997808,-0.004276,0.006567,-0.008094,31.04,66.4620572096714
100702,-8.440681,-3.588636,4.004987,-0.004734,0.006872,-0.008399,31.04,66.4110658488311
100712,-8.448458,-3.592225,4.000201,-0.00504,0.007636,-0.00733,31.02,66.4557626377812
100722,-8.446067,-3.586841,3.996612,-0.005803,0.007483,-0.00733,31.02,66.4647507302594
100732,-8.447861,-3.588037,3.999005,-0.004734,0.008399,-0.006109,31.01,66.4570368952719
100742,-8.450851,-3.581457,3.997808,-0.005498,0.008705,-0.007025,31.01,66.4637346422513
100752,-8.447861,-3.591029,4.000201,-0.005498,0.00901,-0.007178,31,66.4534372866254
100762,-8.447262,-3.591029,4.002594,-0.005345,0.008858,-0.00733,31,66.4396250430735
100772,-8.459825,-3.589234,4.002594,-0.005498,0.008247,-0.007025,31.02,66.4644421074025
100782,-8.462217,-3.59043,4.004389,-0.004429,0.008552,-0.006567,31.02,66.4611287013591
100792,-8.445468,-3.591627,3.994219,-0.004734,0.008705,-0.006109,31.01,66.4803285312157
100802,-8.445468,-3.59402,3.993023,-0.005192,0.00733,-0.006872,31.02,66.4887458431566
100812,-8.439486,-3.582056,3.99721,-0.005345,0.00733,-0.007025,31.02,66.4434754774755
100822,-8.452645,-3.597011,3.992425,-0.005192,0.006414,-0.007483,31.05,66.509625261371
100832,-8.462815,-3.59043,3.991827,-0.005192,0.007025,-0.00672,31.05,66.5282251042543
100842,-8.461619,-3.592225,3.993023,-0.004887,0.006261,-0.00733,31.07,66.5210434260346
100852,-8.453244,-3.586841,3.988835,-0.004734,0.005192,-0.007483,31.07,66.5206525561723
100862,-8.449656,-3.586243,3.994817,-0.005345,0.004123,-0.007789,31.03,66.481185657202
100872,-8.46461,-3.592225,3.991827,-0.004734,0.003818,-0.007636,31.03,66.5335830016147
100882,-8.454441,-3.586841,3.991228,-0.003818,0.003665,-0.006567,31.03,66.5106060131643
100892,-8.458628,-3.592225,3.995416,-0.00504,0.001833,-0.007941,31.03,66.5022222148167
100902,-8.455637,-3.59043,3.991827,-0.004581,0.00168,-0.007789,31.03,66.5131707096658
100912,-8.459825,-3.58744,3.984648,-0.004887,0.000305,-0.008094,31.03,66.5569628213394
100922,-8.451449,-3.589832,4.001996,-0.004123,0.000458,-0.007941,31.05,66.4505009856689
100932,-8.450253,-3.591029,3.999005,-0.004734,-0.000458,-0.007941,31.05,66.4647415560014
100942,-8.458031,-3.586841,3.990032,-0.00504,-0.000305,-0.008094,31.01,66.5244159377193
100952,-8.459227,-3.600002,3.990032,-0.004123,-0.001069,-0.007941,31.01,66.5386425385972
100962,-8.449057,-3.59402,3.994817,-0.003818,-0.001374,-0.008247,31.02,66.4868713110318
100972,-8.466404,-3.59043,4.000201,-0.004123,-0.001222,-0.008247,31.04,66.4918597128276
100982,-8.458628,-3.592225,3.996014,-0.00336,-0.002443,-0.008858,31.04,66.4990866373906
100992,-8.453244,-3.588037,3.992425,-0.003512,-0.001833,-0.008247,31.03,66.5028770565963
101002,-8.454441,-3.59043,3.997808,-0.004276,-0.001833,-0.008552,31.03,66.4792868971495
101012,-8.462217,-3.592225,3.992425,-0.003818,-0.001985,-0.007789,31.04,66.5254326555311
101022,-8.440084,-3.582654,3.993621,-0.003971,-0.000764,-0.008705,31.04,66.4641188007388
101032,-8.455637,-3.589832,3.99063,-0.004276,-0.001374,-0.009316,31.03,66.5189182564678
101042,-8.458031,-3.588636,3.987639,-0.003971,-0.000764,-0.008094,31.03,66.5385693594839
101052,-8.441879,-3.591029,3.993023,-0.004276,-0.000916,-0.007941,31.04,66.4785261368545
101062,-8.453843,-3.592225,4.002594,-0.004123,-0.001069,-0.008858,31.04,66.4545381817619
101072,-8.451449,-3.591029,4.001398,-0.004123,0.000458,-0.007941,31.05,66.4547063367993
101082,-8.449057,-3.580261,4.008576,-0.003971,0.001374,-0.007178,31.05,66.4024079813285
101092,-8.456235,-3.597609,3.992425,-0.004276,0.001374,-0.00733,31.05,66.5176884979275
101102,-8.450253,-3.57727,3.995416,-0.004276,0.001222,-0.007483,31.05,66.4712971195957
101112,-8.450253,-3.598207,4.004987,-0.003818,0.002138,-0.007483,31.04,66.4397958699691
101122,-8.448458,-3.591627,4.000201,-0.004581,0.002291,-0.007483,31.04,66.4552278756042
101132,-8.453244,-3.592823,4.00738,-0.005345,0.002749,-0.006567,31.04,66.4287277649777
101142,-8.454441,-3.594618,3.997808,-0.00504,0.003512,-0.007025,31.04,66.4830248478161
101152,-8.453843,-3.597011,4.00379,-0.005651,0.003512,-0.008247,31.04,66.4525469116497
101162,-8.450851,-3.579663,3.998407,-0.004123,0.004123,-0.006872,31.06,66.4589920037926
101172,-8.444869,-3.588636,3.99721,-0.004734,0.004276,-0.007178,31.06,66.4606959615382
101182,-8.449656,-3.594618,3.995416,-0.004887,0.004734,-0.00733,31.02,66.485521216779
101192,-8.447861,-3.594618,3.989433,-0.005651,0.004887,-0.007025,31.02,66.513150765378
101202,-8.453843,-3.6006,4.002594,-0.005345,0.00504,-0.006567,31.02,66.4620252592825
101212,-8.450253,-3.6006,4.006183,-0.005345,0.004581,-0.007025,31.02,66.435670863745
101222,-8.460423,-3.58385,3.993621,-0.005192,0.005956,-0.006567,31,66.5079477766412
101232,-8.452048,-3.582654,4.001398,-0.004429,0.005803,-0.007178,31,66.4484886011637
101242,-8.451449,-3.594618,3.99721,-0.005345,0.005192,-0.008094,31.04,66.479876842771
101252,-8.443074,-3.589832,3.991827,-0.004887,0.005345,-0.00733,31.04,66.4862485838816
101262,-8.455637,-3.584448,4.001398,-0.004887,0.006414,-0.006414,31.02,66.4576402120597
101272,-8.456833,-3.584448,4.000201,-0.005345,0.006261,-0.007636,31.02,66.4664315628343
101282,-8.457432,-3.592823,3.989433,-0.00504,0.005803,-0.007483,31.06,66.5316272024014
101292,-8.440084,-3.591029,3.999603,-0.005345,0.005803,-0.007636,31.06,66.4402055019806
101302,-8.453244,-3.6006,3.997808,-0.004887,0.005498,-0.006567,31.04,66.4858563203481
101312,-8.446067,-3.596412,4.0008,-0.00504,0.005651,-0.007789,31.04,66.4513389897687
101322,-8.453244,-3.591029,3.988835,-0.00504,0.005498,-0.008094,31,66.5243837821747
101332,-8.453244,-3.584448,3.99063,-0.004581,0.00504,-0.008094,31.03,66.5090996580722
101342,-8.452048,-3.581457,3.994219,-0.004887,0.004887,-0.007789,31.03,66.4850857890938
101352,-8.456235,-3.589832,3.997808,-0.004734,0.004581,-0.007025,31.05,66.4825222237916
101362,-8.462815,-3.582056,3.993023,-0.004123,0.004887,-0.007483,31.05,66.5145102460529
101372,-8.457432,-3.588636,3.994219,-0.004429,0.003512,-0.00901,31.03,66.5027920442428
101382,-8.452048,-3.593421,3.990032,-0.004123,0.003665,-0.008705,31.03,66.5177251923392
101392,-8.455039,-3.59043,3.99063,-0.004123,0.00336,-0.007789,31.01,66.5181962993394
101402,-8.463414,-3.593421,4.000201,-0.00336,0.00336,-0.008247,31.01,66.4882491733209
101412,-8.457432,-3.588636,4.004389,-0.00336,0.002291,-0.009621,31.03,66.4494715908097
101422,-8.448458,-3.599404,3.99063,-0.003971,0.002596,-0.008858,31.03,66.5123971230004
101432,-8.449656,-3.592225,3.99063,-0.004123,0.002596,-0.008247,31.04,66.5084990599451
101442,-8.452645,-3.589832,3.99721,-0.004276,0.002443,-0.008399,31.04,66.4781159222371
101452,-8.452048,-3.59043,3.995416,-0.004123,0.00168,-0.008705,31.01,66.4868061216793
101462,-8.44427,-3.586841,3.991228,-0.003971,0.000916,-0.008705,31.01,66.4892361243596
101472,-8.460423,-3.592225,4.00379,-0.003818,0.001222,-0.007941,31.04,66.4620986263322
101482,-8.454441,-3.592225,3.994219,-0.003818,0.001069,-0.008094,31.04,66.4997123323765
101492,-8.452645,-3.608377,3.985246,-0.003818,0.001222,-0.007789,31.02,66.5574432710888
101502,-8.459227,-3.588636,3.998407,-0.004276,0.001374,-0.008094,31.02,66.484599639021
101512,-8.454441,-3.576672,3.98405,-0.004581,0.000153,-0.008399,31.02,66.539245439732
101522,-8.457432,-3.583252,3.99721,-0.004734,-0.000153,-0.008399,31.04,66.482310118472
101532,-8.447861,-3.586243,4.001996,-0.004276,0.000153,-0.008247,31.04,66.4397425370333
101542,-8.447262,-3.59402,3.992425,-0.005192,-0.000611,-0.008094,31,66.4956535029757
101552,-8.451449,-3.589832,3.992425,-0.004734,0,-0.008247,31,66.500708073267
101562,-8.453843,-3.583252,3.988237,-0.004123,-0.000458,-0.008552,31,66.5218540007308
101572,-8.453244,-3.586243,4.001398,-0.004276,0.000764,-0.008247,31,66.4542078370014
101582,-8.449057,-3.592823,3.994817,-0.003818,0.000305,-0.007025,31.04,66.4858017839055
101592,-8.452048,-3.595216,3.991228,-0.004276,-0.000153,-0.008094,31.04,66.5130507038267
101602,-8.445468,-3.59043,4.002594,-0.004887,-0.000153,-0.007941,31.05,66.4353123388041
101612,-8.452645,-3.592823,3.994219,-0.005498,-0.000611,-0.007636,31.05,66.4964752658953
101622,-8.458031,-3.595814,3.999603,-0.005345,-0.000153,-0.007636,31.02,66.4822194017329
101632,-8.447262,-3.589234,4.012764,-0.004887,0.000305,-0.008399,31.02,66.3846982743964
101642,-8.453843,-3.593421,4.00379,-0.004887,0,-0.007636,30.99,66.4493375015168
101652,-8.453244,-3.59043,4.000201,-0.004734,0.000458,-0.007178,30.99,66.4642222996606
101662,-8.451449,-3.584448,3.992425,-0.004581,0.000916,-0.006872,31.03,66.495907448049
101672,-8.445468,-3.58744,3.997808,-0.004887,0.000611,-0.007178,31.04,66.4577487774661
101682,-8.450851,-3.595814,3.996014,-0.004429,0.001527,-0.008094,31.04,66.4859628349435
101692,-8.452645,-3.601198,4.003192,-0.003971,0.002138,-0.008399,31.04,66.4569096553362
101702,-8.448458,-3.597011,3.988237,-0.004123,0.002749,-0.008399,31.04,66.5228192813563
101712,-8.462217,-3.59043,3.998407,-0.004429,0.003207,-0.007789,31.04,66.4924747253016
101722,-8.444869,-3.589234,4.008576,-0.004734,0.003971,-0.006872,31.04,66.4016067141804
101732,-8.449057,-3.585046,3.999603,-0.004581,0.003971,-0.007178,31.06,66.4537443478653
101742,-8.443673,-3.588636,4.009772,-0.004276,0.003971,-0.007941,31.06,66.3922777551469
101752,-8.451449,-3.594618,3.996014,-0.004123,0.004429,-0.008094,31.05,66.486150189373
101762,-8.453244,-3.59402,4.005585,-0.004429,0.004429,-0.007789,31.05,66.4392052456298
101772,-8.437093,-3.578466,4.007978,-0.004581,0.004734,-0.007483,31.02,66.3786830132828
101782,-8.443673,-3.592823,4.001398,-0.004581,0.004734,-0.007025,31.02,66.4399502237115
101792,-8.451449,-3.584448,4.004987,-0.004276,0.004734,-0.006872,31.02,66.4300078920437
101802,-8.451449,-3.591627,4.004389,-0.00504,0.004734,-0.007636,31.02,66.4395586079667
101812,-8.449656,-3.588636,4.0008,-0.004734,0.006109,-0.00733,31.02,66.4519326059767
101822,-8.458628,-3.591029,3.99721,-0.004887,0.006261,-0.006872,31.02,66.4917499201289
101832,-8.458031,-3.58744,3.995416,-0.00504,0.006414,-0.007789,31.03,66.4967063966705
101842,-8.454441,-3.59043,3.994219,-0.005192,0.005803,-0.00733,31.04,66.4981115212399
101852,-8.449656,-3.602395,4.006782,-0.005345,0.006109,-0.007178,31.04,66.4328851141992
101862,-8.446067,-3.592823,3.991228,-0.004734,0.006414,-0.006567,31.03,66.4983569394634
101872,-8.44128,-3.586841,3.999005,-0.004429,0.005651,-0.007483,31.03,66.4421127963198
